uid,pid,season_t,u_1,u_2,u_3,u_4,u_noise,hard_t,season_t1,u_1_t1,u_2_t1,u_3_t1,u_4_t1,u_noise_t1,hard_t1,delta_u_1,delta_u_2,delta_u_3,delta_u_4,delta_u_noise,transition_norm,dominant,entropy_t,entropy_t1,delta_entropy
alan eduardo schons_1993,alan eduardo schons_1993,1718,0.011091734780447343,0.0013217666394918285,0.02782641115244434,0.9473995676079521,0.012360519819664536,4,1819,0.12094289733129157,0.0020770100872230858,0.21068351341887528,0.6459479443510564,0.020348634811553783,4,0.10985116255084423,0.0007552434477312573,0.18285710226643095,-0.3014516232568957,0.007988114991889247,0.3692934460830989,4,0.2638544997100014,0.957987088867878,0.6941325891578766
andre almeida pinto_1989,andre almeida pinto_1989,1718,0.9919336432869182,0.00041901167018617186,0.0008732239377805047,0.00505655987942001,0.0017175612256952997,1,1819,0.999413249251919,1.2484387076264791e-05,0.00019782962349183282,0.0003115082698544743,6.492846765841012e-05,1,0.007479605965000746,-0.00040652728310990705,-0.0006753943142886719,-0.004745051609565536,-0.0016526327580368896,0.00889277471213577,1,0.055112875203040264,0.005555850867651237,-0.04955702433538903
carlos ponck_1995,carlos ponck_1995,1718,0.9994007610485769,1.500198627469864e-05,6.135185726127693e-05,0.00043225158030505236,9.063352758213564e-05,1,1819,0.9964870734436034,6.567407939737444e-05,0.0013628620422305301,0.001567740854828119,0.000516649579940445,1,-0.0029136876049734584,5.06720931226758e-05,0.001301510184969253,0.0011354892745230668,0.0004260160523583094,0.0033875371251888917,1,0.005552853117002518,0.02716637382388958,0.02161352070688706
diederrick joel_1993,diederrick joel_1993,1718,0.011869451611395512,0.3329224394922761,0.22945570694315698,0.02844416723231224,0.39730823472085913,5,1819,0.0029385562666206567,0.9447023880465987,0.03212989835932604,0.003868634647639963,0.016360522679814787,2,-0.008930895344774856,0.6117799485543225,-0.19732580858383095,-0.02457553258467228,-0.38094771204104433,0.643347416160096,2,1.224547567750048,0.2701112171959472,-0.9544363505541007
eliseu cassama_1994,eliseu cassama_1994,1718,0.5454292416007951,0.003536220018033584,0.1309581315918106,0.294576340437063,0.02550006635229766,1,1819,0.8384006333642606,0.0020555536515229895,0.012587082726420923,0.13903476893426991,0.00792196132352561,1,0.29297139176346554,-0.0014806663665105943,-0.11837104886538968,-0.15554157150279307,-0.01757810502877205,0.3521921555625024,1,1.0704101125710508,0.5282108360587885,-0.5421992765122623
paulinho_1994,paulinho_1994,1718,0.003591597807546807,0.018939547151613924,0.9618187799439969,0.01173411595747866,0.00391595913936368,3,1819,1.567882141870286e-05,1.3885040354691687e-05,0.9999142592455323,4.858636851372991e-05,7.590524180559e-06,3,-0.003575918986128104,-0.018925662111259234,0.03809547930153545,-0.01168552958896493,-0.003908368615183121,0.044258163404429646,3,0.2066504058471874,0.000986544682921954,-0.20566386116426547
paulo sergio mota_1991,paulo sergio mota_1991,1718,0.9830572025815861,0.0005105209232010638,0.0038996859762977514,0.008953974499136394,0.0035786160197786004,1,1819,0.8251216481137675,0.0017370514253166375,0.10365374556149924,0.06101687735830808,0.008470677541108461,1,-0.1579355544678186,0.0012265305021155737,0.09975405958520149,0.052062902859171686,0.004892061521329861,0.19392411402396914,1,0.10468068187127215,0.6156552937844929,0.5109746119132208
pedrao_1992,pedrao_1992,1718,0.9930570729713706,0.0002697065856005194,0.0006802874909365252,0.004392564184497066,0.0016003687675952168,1,1819,0.9973596493644804,7.013285683909762e-05,0.00138681184690198,0.0009608265004776134,0.00022257943130078668,1,0.004302576393109825,-0.00019957372876142177,0.0007065243559654547,-0.0034317376840194524,-0.0013777893362944302,0.005552296235725295,1,0.04824115120176017,0.02098144374924924,-0.027259707452510926
pedro rodrigues_1997,pedro rodrigues_1997,1718,0.16795618148616656,0.01751281955100024,0.3805765171810317,0.41279437164786725,0.021160110133934085,4,1819,0.09857172763186732,0.006116620131575518,0.21696196995793432,0.6629437072969816,0.015405974981641304,4,-0.06938445385429924,-0.011396199419424723,-0.16361454722309737,0.25014933564911435,-0.005754135152292781,0.3070643026901354,4,1.1849701586491401,0.9278899810819918,-0.2570801775671483
tm102427,sebastian coates_1990,1718,0.9980288131588586,3.513540628034978e-05,0.00013166564043223252,0.0016371950230512453,0.00016719077137762774,1,1819,0.9898528990026089,0.00010019586849427056,0.002077327780744695,0.007388268638134137,0.0005813087100179947,1,-0.008175914156249742,6.506046221392079e-05,0.0019456621403124625,0.0057510736150828915,0.00041411793864036696,0.010183823154614198,1,0.015462251391963003,0.06444054502232321,0.048978293630360215
tm103381,tiquinho soares_1991,1718,0.005987941755267739,0.38363669639501435,0.08368886152784658,0.01652275688731865,0.5101637434345527,5,1819,0.0008042136872160408,0.9793065899478752,0.004478527837600144,0.0007275718418599045,0.014683096685448606,2,-0.005183728068051698,0.5956698935528608,-0.07921033369024644,-0.015795185045458744,-0.49548064674910414,0.6011432923653898,2,1.0169411048670245,0.11766578806933359,-0.8992753167976909
tm104127,aymen tahar_1989,1718,0.06217678138648027,0.0015599104246117078,0.026625183607635113,0.8710899747823864,0.03854814979888648,4,1819,0.009033163623944905,0.0002800942862116006,0.006694897834514705,0.9827670937059014,0.0012247505494273985,4,-0.053143617762535365,-0.0012798161384001074,-0.019930285773120407,0.11167711892351506,-0.037323399249459085,0.12527919707714344,4,0.5250611348953562,0.10362198332386073,-0.4214391515714955
tm104466,stefan ristovski_1992,1718,0.8475096707670319,0.006783966598609523,0.024781529794150915,0.04540211053204459,0.0755227223081632,1,1819,0.9463828229473381,0.0016669350793280943,0.013733831917263609,0.025369588003217664,0.012846822052852539,1,0.09887315218030623,-0.005117031519281429,-0.011047697876887306,-0.020032522528826927,-0.06267590025531067,0.10161416151740985,1,0.6012220314897022,0.2708621468092254,-0.33035988468047683
tm107444,antonio briseno_1994,1718,0.9586689733983697,0.00413636153151611,0.004617021399594371,0.017163853445943417,0.015413790224576633,1,1819,0.9998328365729376,2.985413451275703e-06,7.194711294929398e-05,8.028605506680649e-05,1.194484559491058e-05,1,0.041163863174567994,-0.004133376118064834,-0.004545074286645077,-0.01708356739087661,-0.015401845378981724,0.044989492158255005,1,0.22207947545368792,0.0017839623760337105,-0.22029551307765421
tm109256,haris seferovic_1992,1718,0.00627636285612577,0.25626746584810356,0.08053366676831422,0.009733837869713437,0.6471886666577429,5,1819,0.0023472145148141594,0.03422130145606525,0.004820054711105424,0.0013566613198771362,0.9572547679981379,5,-0.00392914834131161,-0.2220461643920383,-0.07571361205720879,-0.008377176549836302,0.31006610134039503,0.23478216598711404,2,0.910306357426554,0.20619584600128213,-0.7041105114252718
tm111200,fabio pacheco_1988,1718,0.032268850465251374,0.0007449514008580678,0.014815235973081098,0.9433515583935681,0.008819403767241205,4,1819,0.03827598143238294,0.00046650757582396296,0.009615336793664367,0.9426528415110871,0.008989332687041498,4,0.006007130967131569,-0.0002784438250341048,-0.005199899179416731,-0.0006987168824810208,0.00016992891980029297,0.007980620914310706,1,0.27530413420952143,0.2711532375041572,-0.0041508967053642265
tm111811,florent hanin_1990,1718,0.9275454682877926,0.0010428691728779516,0.022879332096596955,0.04250937334561142,0.006022957097121109,1,1819,0.9323458726461241,0.0021512630789354142,0.03279056314888425,0.009729063090989322,0.022983238035066772,1,0.0048004043583315115,0.0011083939060574626,0.009911231052287292,-0.032780310254622094,0.016960280937945663,0.03459846326667674,4,0.32838750873152583,0.3223768284275513,-0.006010680303974558
tm111828,fransergio_1990,1718,0.025254851313405147,0.045557709465351655,0.28843317209605734,0.6287332513243931,0.012021015800792775,4,1819,0.015300325977206533,0.07416781097815887,0.7644422311900229,0.12968146395360666,0.016408167901005067,3,-0.009954525336198615,0.02861010151280722,0.4760090590939655,-0.49905178737078637,0.004387152100212292,0.6903295888926833,4,0.937138734099785,0.7945656166723969,-0.1425731174273881
tm112465,sergio oliveira_1992,1718,0.025335863249011815,0.012802524427745812,0.37067043841592373,0.4797438801057835,0.11144729380153522,4,1819,0.07179646045271396,0.05499319947832526,0.21565276391461666,0.5434269181272584,0.11413065802708577,4,0.046460597203702145,0.04219067505057945,-0.15501767450130707,0.0636830380214749,0.002683364225550558,0.17895432068878933,3,1.1136978773704762,1.2585711038642469,0.14487322649377066
tm114130,fabio espinho_1985,1718,2.388909012483887e-41,1.1281121625462047e-40,1.0,5.8747067453686125e-40,1.8723740510819308e-41,3,1819,0.018824325270868688,0.00813711265181293,0.8521981608855117,0.10609486264384957,0.014745538547957123,3,0.018824325270868688,0.00813711265181293,-0.1478018391144883,0.10609486264384957,0.014745538547957123,0.183090336580755,3,1.1052408446371418e-10,0.5504239153323509,0.5504239152218269
tm119183,jose adolfo valencia_1991,1718,0.0045037341258553154,0.8975272682019221,0.05178409894021111,0.0072245475953726795,0.038960351136638746,2,1819,0.06831233420326141,0.3841994614141406,0.24494546884045185,0.061887669139349115,0.24065506640279713,2,0.06380860007740609,-0.5133278067877816,0.19316136990024074,0.054663121543976435,0.2016947152661584,0.5548660616257418,2,0.4367355266510876,1.4104049026854444,0.9736693760343568
tm122043,hector herrera_1990,1718,0.0035607055359563695,0.000561461006592868,0.05188996366822445,0.9420866918261187,0.0019011779631075746,4,1819,0.014123900366815016,0.010207016186791651,0.19646939268871882,0.7729170692049746,0.0062826215526999825,4,0.010563194830858647,0.009645555180198783,0.14457942902049437,-0.1691696226211441,0.004381443589592408,0.22299370021021092,4,0.24591465202442697,0.6576100579580443,0.4116954059336173
tm122115,vincent sasso_1991,1718,0.9977598662644236,8.63909749316718e-05,0.0002449103467684738,0.0015714520148785453,0.0003373803989978192,1,1819,0.9800085502410862,0.000858107695687038,0.007636303812784021,0.0042130451704478844,0.007283993079994779,1,-0.01775131602333735,0.0007717167207553662,0.007391393466015548,0.002641593155569339,0.00694661268099696,0.019424610138339838,1,0.017924316505005203,0.1219708691884713,0.1040465526834661
tm122946,jardel_1986,1718,0.956932211706279,0.0017926643000070706,0.011878613861417538,0.024426510658104358,0.004969999474192129,1,1819,0.9987687554640486,4.835182011554576e-05,0.0007466269752143772,0.0003236530506024485,0.00011261269001894881,1,0.041836543757769684,-0.001744312479891525,-0.011131986886203161,-0.024102857607501908,-0.00485738678417318,0.049580317632155146,1,0.22315760565775394,0.010711279878760058,-0.2124463257789939
tm124384,joao silva_1990,1718,0.0023606711023333718,0.9306509385179704,0.0575253117399051,0.005364882688646355,0.004098195951144636,2,1819,0.0038735489786720935,0.9442605635927953,0.0326309134669114,0.003302828783453388,0.015932145178167764,2,0.0015128778763387218,0.013609625074824883,-0.024894398272993695,-0.002062053905192967,0.011833949227023128,0.028486730697438244,3,0.296006937137022,0.27216628919646196,-0.02384064794056001
tm124548,bebeto_1990,1718,0.5950180862725463,0.007536843878932438,0.08957987377570839,0.18888953978890857,0.11897565628390447,1,1819,0.8178439069871899,0.0012824672858869676,0.020260376085719616,0.11907720603286588,0.04153604360833757,1,0.22282582071464363,-0.00625437659304547,-0.06931949768998877,-0.06981233375604269,-0.0774396126755669,0.243658404961084,1,1.1299556627014342,0.6375205464474699,-0.4924351162539643
tm125165,jesus corona_1993,1718,0.015078679928010588,0.014411756962676185,0.47686102922138096,0.4557347824640806,0.0379137514238517,3,1819,0.059480359736287354,0.02476871399122168,0.732178093507329,0.08137030693148956,0.10220252583367231,3,0.044401679808276764,0.010356957028545494,0.255317064285948,-0.37436447553259106,0.06428877440982061,0.455427644730834,4,0.9596858782526754,0.9249427973223416,-0.034743080930333736
tm125735,luis farina_1991,1718,0.014928295699179505,0.08770516314448823,0.474697194305818,0.13962377801873668,0.28304556883177745,3,1819,0.02213346177098768,0.06711843862801038,0.256448456989605,0.6143049702618291,0.03999467234956793,4,0.007205166071808175,-0.020586724516477847,-0.21824873731621303,0.47468119224309235,-0.2430508964822095,0.5229057976862416,4,1.2620441185374718,1.0427039103152245,-0.2193402082222473
tm126956,edgar costa_1987,1718,0.005256157500263079,0.003907574644256526,0.5527190923109226,0.41631653167647753,0.021800643868080356,3,1819,0.014734563119215052,0.18010965153491326,0.6980614161975119,0.02437732170784034,0.0827170474405194,3,0.009478405618951972,0.17620207689065673,0.1453423238865893,-0.3919392099686372,0.06091640357243905,0.4537375315061032,4,0.8251905157588553,0.9185008721206771,0.09331035636182183
tm126964,david bruno_1992,1718,0.9644068340622092,0.0003719731036678559,0.006120693797785456,0.024858502308598554,0.004241996727738559,1,1819,0.9925658241142624,0.0001111049893346276,0.00422839772810142,0.002082409512525016,0.0010122636557766012,1,0.028158990052053245,-0.00026086811433322836,-0.0018922960696840354,-0.022776092796073538,-0.003229733071961958,0.036267450425904,1,0.1840949376390577,0.051367629134019765,-0.13272730850503794
tm127031,pierre sagna_1990,1718,0.914860353919414,0.0010304336234050226,0.01008535132283237,0.05298036354645033,0.021043497587898318,1,1819,0.7575473003893738,0.0004252809301887122,0.05124664949220086,0.18658303655694233,0.00419773263129437,1,-0.15731305353004021,-0.0006051526932163104,0.04116129816936849,0.133602673010492,-0.016845764956603948,0.21045590921440888,1,0.37175382512301475,0.70213356083954,0.3303797357165253
tm130622,tiago mesquita_1990,1718,0.9062868868844214,0.003092528032738936,0.030429377908011996,0.03392819276349632,0.02626301441133114,1,1819,0.8383342978030925,0.0018753107733390075,0.06463084955219615,0.07888104346930043,0.01627849840207172,1,-0.06795258908132884,-0.0012172172593999284,0.03420147164418416,0.04495285070580411,-0.009984516009259422,0.08837157591623429,1,0.42370204009156553,0.6040101105483632,0.18030807045679764
tm130635,vitor bruno_1990,1718,0.11496739819616109,0.0073653500712911974,0.14922946553100072,0.6891445832507037,0.039293202950843265,4,1819,0.6865599651852943,0.0020866035303300154,0.22218211598940815,0.07687820417786935,0.012293111117098335,1,0.5715925669891332,-0.005278746540961182,0.07295265045840743,-0.6122663790728343,-0.02700009183374493,0.8407961322188255,4,0.9524843734385087,0.8565945534573249,-0.09588981998118373
tm130940,idrissa mandiang_1984,1718,0.1389835396014164,0.0011102478070147638,0.0068296424687868465,0.8460213575109731,0.007055212611808942,4,1819,0.060548005600101665,0.00018525419949566455,0.004236356686189675,0.9326232838146349,0.0024070996995779405,4,-0.07843553400131474,-0.0009249936075190993,-0.002593285782597172,0.08660192630366181,-0.004648112912231002,0.11687432300509999,4,0.4922944323952151,0.27410295577221105,-0.21819147662300403
tm131753,diego galo_1984,1718,0.9987822368769812,6.474052368032845e-05,0.0001463244747289816,0.0006084624041237289,0.0003982357204856267,1,1819,0.9984752881671086,3.4527097829050684e-05,0.0007084933394999239,0.0006114753447620423,0.00017021605080057143,1,-0.0003069487098725787,-3.0213425851277768e-05,0.0005621688647709423,3.012940638313379e-06,-0.00022801966968505528,0.0006412279406913357,3,0.01075643129792751,0.013018433023635154,0.0022620017257076446
tm131933,diego lopes_1994,1718,0.011447077079679279,0.2282606466757943,0.45515752236870316,0.2117143624199457,0.09342039145587755,3,1819,0.044478089865631815,0.07439419612776621,0.7174648988052509,0.11213340935055416,0.051529405850796996,3,0.03303101278595254,-0.15386645054802808,0.2623073764365477,-0.09958095306939155,-0.041890985605080554,0.32169466634861643,3,1.2967872843049826,0.9681455583465874,-0.32864172595839514
tm132060,jorge fellipe_1988,1718,0.8294209154009672,0.018987194056854118,0.03245649492850815,0.07279126168508378,0.046344133928586904,1,1819,0.9175651576617557,0.008005652786491489,0.030668779680771717,0.03150530893276897,0.012255100938211912,1,0.08814424226078854,-0.010981541270362629,-0.0017877152477364308,-0.04128595275231481,-0.034089032990374996,0.097967992287658,1,0.6747238919771854,0.38733089166447043,-0.287393000312715
tm132214,joao carlos teixeira_1993,1718,0.01020498018737916,0.006265333793547938,0.3900104350045043,0.5855289695113444,0.007990281503224282,4,1819,0.0019082316084857909,0.00022701880095735936,0.01342065434584534,0.9837337411418037,0.0007103541029079585,4,-0.008296748578893369,-0.006038314992590579,-0.37658978065865895,0.3982047716304593,-0.007279927400316324,0.5481716887351391,4,0.79778523124907,0.09299237472764134,-0.7047928565214286
tm13222,tiago gomes_1986,1718,0.9814998514839111,0.0001975009088143353,0.0010951209429034602,0.01575831875921089,0.0014492079051602806,1,1819,0.9501560206587131,0.00023555480621749848,0.006528890052475653,0.03858772807819686,0.0044918064043969405,1,-0.03134383082519798,3.80538974031632e-05,0.005433769109572193,0.02282940931898597,0.00304259849923666,0.03915539497294956,1,0.10235412391928544,0.2332751597200287,0.13092103580074327
tm134608,helder tavares_1989,1718,0.0039125254187285735,0.00012317411546853226,0.004508811945292697,0.990870469296019,0.0005850192244914643,4,1819,0.0004566576814931585,1.0090236013170934e-05,0.0006960515287905839,0.9988016625093068,3.553804439631451e-05,4,-0.003455867737235415,-0.00011308387945536133,-0.0038127604165021133,0.007931193213287835,-0.0005494811800951497,0.009454986914914568,4,0.06059605032577344,0.010250553211715373,-0.05034549711405807
tm137192,zainadine junior_1988,1718,0.9996988743541333,1.1484500953370348e-05,3.5784860039287523e-05,0.00021065986247890433,4.319642239518392e-05,1,1819,0.9330197387833995,0.0017939670099018684,0.022484822412844715,0.03536251953104958,0.007338952262804246,1,-0.0666791355707338,0.001782482508948498,0.022449037552805428,0.03515185966857068,0.007295755840409063,0.07866954232459444,1,0.0030154808722052517,0.3156099657145809,0.3125944848423756
tm138651,joaozinho_1989,1718,0.9440266586417954,0.000749729375361393,0.003927556176860041,0.03928989707386987,0.012006158732113378,1,1819,0.6799634884836769,0.0014691585444854714,0.07147021986941199,0.23021887937792235,0.016878253724503307,1,-0.2640631701581184,0.0007194291691240784,0.06754266369255195,0.19092898230405247,0.004872094992389929,0.3327848601042889,1,0.26179761733293977,0.8674493139958466,0.6056516966629069
tm139393,tomane_1992,1718,0.0005337954598350104,0.9581918048155015,0.023005895016043245,0.0017494728533710016,0.01651903185524939,2,1819,0.00022074258645154077,0.9916911410391134,0.002044961385742903,0.0003475409134950227,0.005695614075197193,2,-0.0003130528733834697,0.0334993362236119,-0.02096093363030034,-0.001401931939875979,-0.010823417780052195,0.03954275763451545,2,0.21061056458142516,0.05499904229350304,-0.15561152228792213
tm139395,ricardo esgaio_1993,1718,0.037633449270528606,0.011399874665112568,0.1965059662801274,0.6641115639132315,0.09034914587099999,4,1819,0.3347535595087145,0.011706473090483274,0.15936337789537022,0.43950050957937237,0.054676079926059704,4,0.2971201102381859,0.0003065984253707056,-0.037142588384757175,-0.22461105433385908,-0.03567306594494028,0.37431290588414595,1,0.9831950631134103,1.2313159710944825,0.24812090798107223
tm140032,andreas samaris_1989,1718,0.005663828020868283,0.00039557369649894313,0.0077464242022123354,0.9843777959296994,0.0018163781507209362,4,1819,0.011151908801800602,0.0006320987979426206,0.008527125592916062,0.9771788653022764,0.002510001505064258,4,0.005488080780932319,0.00023652510144367748,0.0007807013907037263,-0.00719893062742305,0.000693623354343322,0.009088953274252652,4,0.09701630000944364,0.13301173553472442,0.03599543552528078
tm141050,danilo pereira_1991,1718,0.013389257023225371,0.0002622816143869767,0.00404146128400524,0.9817340279540966,0.0005729721242859001,4,1819,0.03975397585050578,0.004531047143674752,0.5515168085068493,0.39781673223722447,0.006381436261745709,3,0.02636471882728041,0.004268765529287775,0.547475347222844,-0.5839172957168721,0.005808464137459809,0.8008757611590354,4,0.104562984506554,0.8798069723685339,0.7752439878619799
tm144927,edu machado_1990,1718,0.9758218432255477,0.00032448701173948236,0.0037455972800292336,0.018463135559941033,0.0016449369227424595,1,1819,0.7695429590049895,0.0022479900396946556,0.09637900860022283,0.10006517296432388,0.03176486939076913,1,-0.20627888422055818,0.0019235030279551734,0.09263341132019359,0.08160203740438285,0.030119932468026675,0.24040490706418507,1,0.1316660616717771,0.7806843683947184,0.6490183067229414
tm145692,rafael crivellaro_1989,1718,0.028823974873220227,0.07705407613557652,0.7713493886205369,0.10058641831139434,0.022186142059271836,3,1819,0.004014530374103919,0.00261654261883379,0.9109662374897608,0.08065209072204034,0.001750598795261005,3,-0.024809444499116307,-0.07443753351674273,0.13961684886922388,-0.019934327589353998,-0.02043554326401083,0.16138989075224727,3,0.8154991357155876,0.33681931595274145,-0.4786798197628462
tm147487,vincent aboubakar_1992,1718,0.009102251165945707,0.6987075574278808,0.0495536285744758,0.007734645041050727,0.23490191779064726,2,1819,0.027525294497734054,0.3990939728484429,0.07922883938567463,0.009661129830895572,0.484490763437253,5,0.018423043331788347,-0.29961358457943793,0.029675210811198824,0.001926484789844845,0.24958884564660574,0.3016488655216186,2,0.8200522230333982,1.062271626185665,0.24221940315226687
tm149928,jubal_1993,1718,0.9913853588962268,0.00036634344610547796,0.0015795824447773685,0.0059659341906033725,0.0007027810222870242,1,1819,0.990151252186419,7.659370077526256e-05,0.000528086130599526,0.008518213041980844,0.000725854940225129,1,-0.0012341067098078362,-0.0002897497453302154,-0.0010514963141778425,0.002552278851377472,2.307391793810484e-05,0.0030375559451687375,4,0.057323341785991556,0.060351592617257005,0.0030282508312654485
tm153207,william_1991,1718,0.01456059441817994,0.5887603796193573,0.10426720158918369,0.016354748868153118,0.276057075505126,2,1819,0.012777944966027617,0.6246963262815003,0.3454681753487311,0.007998463553661997,0.009059089850078902,2,-0.0017826494521523233,0.03593594666214295,0.2412009737595474,-0.00835628531449112,-0.26699798565504707,0.24401292455192758,3,1.031794975252979,0.7980423801988874,-0.23375259505409152
tm156501,felipe_1989,1718,0.9890036450790936,0.0006421737872114846,0.0033381699821976966,0.005585710613431058,0.0014303005380664805,1,1819,0.9884255492267415,0.0002989262974728935,0.005035517897073759,0.004966651311267931,0.001273355267443942,1,-0.000578095852352023,-0.00034324748973859107,0.0016973479148760622,-0.0006190593021631278,-0.0001569452706225384,0.0019277546569642287,3,0.07303582424926652,0.07541366123960225,0.0023778369903357244
tm157036,dyego sousa_1989,1718,0.0011071737999417271,0.018927151517722052,0.0054913326313704046,0.0024004858947992117,0.9720738561561666,5,1819,0.0014619033955254816,0.945749467964972,0.009601995788019662,0.0010417676205735054,0.04214486523090924,2,0.00035472959558375443,0.9268223164472499,0.0041106631566492574,-0.0013587182742257062,-0.9299289909252574,0.9268324960663973,2,0.15321492459620156,0.24751511079748484,0.09430018620128328
tm158382,rafael costa_1991,1718,0.026925260337928077,0.07517178382153662,0.5869390828501809,0.17888777015503862,0.1320761028353157,3,1819,0.036101004358697314,0.03459452260800682,0.6257000524684938,0.2488633420074095,0.05474107855739264,3,0.009175744020769237,-0.0405772612135298,0.03876096961831288,0.06997557185237088,-0.07733502427792308,0.09016485916222465,4,1.179847820314257,1.0348284851113092,-0.14501933520294785
tm158427,nildo petrolina_1986,1718,0.038439780096210005,0.03566698550746616,0.5555273352879592,0.21468975699751228,0.15567614211085232,3,1819,0.02182433507969405,0.20766013302723152,0.23496195653969962,0.10805676069998255,0.42749681465339234,5,-0.016615445016515955,0.17199314751976535,-0.3205653787482595,-0.10663299629752973,0.27182067254254005,0.37946076708700294,3,1.1905864653902944,1.3539134765754308,0.16332701118513637
tm159570,bruno nascimento_1991,1718,0.9302962027931743,0.0008489505092752952,0.007858133675865808,0.052505331375744486,0.00849138164594012,1,1819,0.9992638424033237,6.595794155511005e-06,9.834313680698899e-05,0.0005690734572506589,6.214520846332613e-05,1,0.0689676396101494,-0.0008423547151197843,-0.007759790539058818,-0.05193625791849383,-0.008429236437476794,0.08668814284922657,1,0.30651920965732093,0.0065757588379476,-0.29994345081937335
tm164705,raul silva_1989,1718,0.22623006017938457,0.0538181396616057,0.21531571024110469,0.2373120009768071,0.26732408894109794,5,1819,0.9796463916496204,0.00024237376197235126,0.0046103857749241976,0.014663223376665844,0.0008376254368172283,1,0.7534163314702358,-0.05357576589963335,-0.21070532446618048,-0.22264877760014126,-0.26648646350428074,0.8151538156342251,1,1.5181613698340257,0.11481284014757742,-1.4033485296864483
tm168536,alhassan wakaso_1992,1718,0.060373725454616396,0.0014679684586515048,0.014966070470317346,0.9039760569248736,0.01921617869154115,4,1819,0.0007797363760094542,9.978809633982021e-06,0.0003679895827802838,0.998779461766273,6.283346530338337e-05,4,-0.05959398907860694,-0.001457989649017523,-0.014598080887537062,0.09480340484139937,-0.019153345226237767,0.11293519736220019,4,0.4091459635069812,0.010432702153414214,-0.398713261353567
tm175597,ruben ferreira_1990,1718,0.42944974007256426,0.0028908713578691364,0.0560703029405927,0.3847900604654538,0.12679902516352015,1,1819,0.9364645774317046,0.0004782302354324197,0.01668632385794443,0.03612192822789803,0.01024894024702046,1,0.5070148373591403,-0.0024126411224367167,-0.03938397908264828,-0.3486681322375558,-0.1165500849164997,0.6165958403897235,1,1.1707959768265428,0.30033084293292334,-0.8704651338936195
tm175600,arsenio nunes_1989,1718,0.012513289603423213,0.03191864363332233,0.8899920454949987,0.06341919887770738,0.0021568223905485567,3,1819,0.01222375210463893,0.017989019459396287,0.9280065429414648,0.024458482950085094,0.017322202544414907,3,-0.0002895374987842824,-0.013929624173926042,0.03801449744646612,-0.03896071592762228,0.015165380153866351,0.05618859015218558,4,0.4566386583958427,0.35646995281303956,-0.10016870558280316
tm177964,yusupha njie_1994,1718,0.004601470960654036,0.8345576590531621,0.08410240292621883,0.015566408150875111,0.06117205890909002,2,1819,0.000528646331620244,0.9858756814903897,0.0030850729728121133,0.0004532783438620171,0.010057320861316043,2,-0.004072824629033792,0.15131802243722758,-0.08101732995340671,-0.015113129807013095,-0.05111473804777398,0.172354130383101,2,0.6196249468003706,0.08559617812974385,-0.5340287686706268
tm182462,welthon_1992,1718,0.000778977911118961,0.9593637004508485,0.03389265338875142,0.0028803778627645026,0.003084290386516477,2,1819,0.010770231743000968,0.7800195769064058,0.14294285328915207,0.02141626795272423,0.044851070108716855,2,0.009991253831882006,-0.17934412354444274,0.10905019990040066,0.018535890089959726,0.04176677972220038,0.21094943736071411,2,0.19476775384903836,0.7422046253994251,0.5474368715503868
tm182710,joao teixeira_1994,1718,0.0036950262475276994,0.003912215519038426,0.6648389350669505,0.32443512909524314,0.0031186940712402723,3,1819,0.056154328550271075,0.017751350266150625,0.4836254963748693,0.34003971352201545,0.10242911128669353,3,0.05245930230274338,0.013839134747112198,-0.18121343869208117,0.015604584426772317,0.09931041721545326,0.18980335472899384,3,0.6969798708679533,1.1847846351131817,0.48780476424522834
tm182936,filipe ferreira_1990,1718,0.9715424008442869,0.00047582023532867995,0.00438837012512454,0.020703117279977496,0.00289029151528263,1,1819,0.9817988536602732,0.0002130963103513629,0.005619543966384991,0.009954614252598548,0.002413891810392093,1,0.010256452815986306,-0.00026272392497731704,0.0012311738412604514,-0.010748503027378948,-0.0004763997048905372,0.014910062192502328,4,0.15268613708560452,0.10938898203049363,-0.04329715505511089
tm183945,eber bessa_1992,1718,0.015601886209746046,0.06639949750561344,0.37981014564361404,0.24403347113380477,0.2941549995072217,3,1819,0.02130749812731856,0.030203878123926418,0.28374702101150623,0.3279356321806115,0.33680597055663725,5,0.005705611917572514,-0.03619561938168703,-0.09606312463210781,0.08390216104680673,0.042650971049415565,0.13270408212329443,3,1.3168166481270207,1.277297793326879,-0.03951885480014172
tm184992,juan delgado_1993,1718,0.018230834539221454,0.03950350581438512,0.27189975503578406,0.10063648746555032,0.569729417145059,5,1819,0.02668456577963012,0.18857896023282547,0.2090220345955829,0.23091652905049462,0.3447979103414668,5,0.008453731240408668,0.14907545441844033,-0.06287772044020115,0.1302800415849443,-0.2249315068035922,0.20789769995139543,2,1.10637098116338,1.4440700206965449,0.33769903953316494
tm187697,jean cleber_1990,1718,0.0073407677281784305,0.0010343356440767606,0.09183576470205186,0.8979205689120335,0.001868563013659433,4,1819,0.16333768539525445,0.0009614110018229778,0.030967028026091466,0.8030207698799426,0.0017131056968884288,4,0.15599691766707602,-7.292464225378285e-05,-0.06086873667596039,-0.09489979903209089,-0.00015545731677100408,0.19247342310171187,1,0.37088781428973905,0.5973155872269441,0.22642777293720506
tm187896,luis martins_1992,1718,0.8563915329074304,0.001759852545575553,0.01588780600988061,0.07759190665155687,0.048368901885556564,1,1819,0.9086029019164179,0.0005702175668555751,0.03287610708362004,0.04609245610537116,0.011858317327735155,1,0.052211369008987485,-0.0011896349787199779,0.016988301073739432,-0.031499450546185706,-0.03651058455782141,0.06331082090179267,1,0.5545888265568767,0.39803818130567614,-0.15655064525120055
tm188911,shoya nakajima_1994,1718,0.00531408624329122,0.6886803454527667,0.1481884623579878,0.008941560543389066,0.1488755454025652,2,1819,0.005646183738213277,0.6178245549324904,0.1280468487039392,0.006167812718413724,0.24231459990694337,2,0.0003320974949220573,-0.07085579052027624,-0.020141613654048596,-0.0027737478249753415,0.09343905450437817,0.07371588442516927,2,0.8933592150550247,0.9647949272636216,0.0714357122085969
tm189516,derley_1987,1718,0.0005059195368040134,0.9910973228558085,0.004805444883930596,0.0005558051568307648,0.003035507566626076,2,1819,0.00048600807979069506,0.9903154476900266,0.005741221087806143,0.0009006722495151437,0.0025566508928616194,2,-1.9911457013318363e-05,-0.0007818751657819867,0.0009357762038755468,0.00034486709268437895,-0.0004788566737644567,0.001267412977818717,3,0.06011770459182326,0.0645472201023281,0.004429515510504849
tm18981,rodrigo defendi_1986,1718,0.9544087675821961,0.0030356975397693438,0.009881826230093167,0.0169551909170896,0.01571851773085175,1,1819,0.9842584194828126,0.0010836802340927875,0.005867241251001561,0.006898307115164224,0.0018923519169287049,1,0.029849651900616503,-0.0019520173056765562,-0.004014584979091605,-0.010056883801925376,-0.013826165813923043,0.031813045979745734,1,0.24216671108788734,0.09935800281571758,-0.14280870827216977
tm190543,dener_1992,1718,0.0021812522452369027,0.0004535012995177112,0.030945251512306964,0.9655557257705688,0.0008642691723696248,4,1819,0.050727029421194655,0.03492124893278613,0.677601536909629,0.21915537195221418,0.017594812784176104,3,0.048545777175957754,0.03446774763326842,0.646656285397322,-0.7464003538183546,0.016730543611806478,0.9893546167742667,4,0.16434938360375426,0.9358588709276179,0.7715094873238636
tm193082,alex grimaldo_1995,1718,0.8795184049945108,0.001382285910204692,0.01806229965331298,0.08391179921062056,0.01712521023135103,1,1819,0.5068331800428624,0.007940188824984996,0.3213220701679324,0.056520556956610894,0.10738400400760933,1,-0.37268522495164846,0.0065579029147803045,0.30325977051461944,-0.027391242254009664,0.09025879377625831,0.4813045309912405,1,0.4720992732554651,1.1496309689315178,0.6775316956760528
tm193303,nuno sequeira_1990,1718,0.6661594103122533,0.0038551561174733134,0.05401595471244726,0.19644979237567106,0.07951968648215503,1,1819,0.5248134452666166,0.007593189506537228,0.07620262539102161,0.2576194713117847,0.13377126852403987,1,-0.1413459650456368,0.0037380333890639147,0.022186670678574355,0.061169678936113636,0.054251582041884835,0.15564906907928125,1,0.970700273275976,1.1900847556126726,0.2193844823366966
tm194214,goncalo silva_1991,1718,0.9964301099965479,0.00013390945356940465,0.0003260651401388996,0.001953513822317856,0.0011564015874258424,1,1819,0.9551472936222639,0.0005295162599987553,0.008082757055389857,0.026661159654110485,0.009579273408236954,1,-0.04128281637428399,0.00039560680642935066,0.007756691915250957,0.024707645831792628,0.008422871820811112,0.048734602332999116,1,0.027381910406361266,0.22792934443744348,0.20054743403108222
tm194641,fabio sturgeon_1994,1718,0.060315852380465225,0.027880631606790076,0.13332436006512038,0.7646383255764535,0.013840830371170837,4,1819,0.002276461737776851,0.0013753843051826347,0.9878277602090288,0.007649810080979255,0.0008705836670323303,3,-0.05803939064268837,-0.026505247301607443,0.8545034001439085,-0.7569885154954743,-0.012970246704138507,1.1433629224573605,3,0.8022620042310065,0.0784253939204806,-0.7238366103105258
tm195308,luis machado_1992,1718,0.00017997757433882002,0.018654620628115088,0.9784720858752178,0.0019839458750203725,0.0007093700473078697,3,1819,0.01747045491672216,0.007401238682105258,0.2397838065753583,0.7265676742110679,0.008776825614746433,4,0.01729047734238334,-0.01125338194600983,-0.7386882792998595,0.7245837283360476,0.008067455567438563,1.0349432605492461,3,0.11461195171523057,0.7230807483082385,0.608468796593008
tm197613,alexandre guedes_1994,1718,5.784032050411491e-42,1.0,1.1281121625462047e-40,9.2763145918026e-42,1.8723740510819308e-41,2,1819,0.0011189365430749826,0.9760736835184642,0.012497790062238109,0.0006224441357427767,0.009687145740479856,2,0.0011189365430749826,-0.02392631648153576,0.012497790062238109,0.0006224441357427767,0.009687145740479856,0.027024115758039827,2,1.1052408446371418e-10,0.13552288211572455,0.13552288200520046
tm198006,rafa soares_1995,1718,0.9407539283856173,0.0012229219618910105,0.01524488726847972,0.026985165905037307,0.015793096478974592,1,1819,0.8260103399424787,0.002556125817861129,0.07941043203847455,0.055268706329466004,0.036754395871719546,1,-0.11474358844313859,0.0013332038559701184,0.06416554476999482,0.028283540424428696,0.020961299392744954,0.13448064662210857,1,0.29242968651862544,0.6557562612807394,0.36332657476211394
tm198007,francisco ramos_1995,1718,0.0464332929119392,0.0020053403104982803,0.022261690738594936,0.9240925262637671,0.005207149775200603,4,1819,0.1361402149553886,0.005965966628761632,0.13604996947314357,0.7052306676973021,0.01661318124540404,4,0.0897069220434494,0.0039606263182633515,0.11378827873454864,-0.218861858566465,0.011406031470203436,0.26250962636802694,4,0.3400268213735496,0.887773709758577,0.5477468883850274
tm198053,lazar rosic_1993,1718,0.9857474562868295,0.0009640974542055417,0.0016009707226045374,0.009725950693480449,0.001961524842879831,1,1819,0.971639808269734,0.0007431526757644319,0.011292380094813675,0.013294316968520356,0.003030341991167566,1,-0.01410764801709552,-0.0002209447784411098,0.009691409372209138,0.0035683662750399074,0.001068817148287735,0.017485170936023614,1,0.08843929896766269,0.1589493407031374,0.07051004173547472
tm203330,tyler boyd_1994,1718,0.004049906722307499,0.01333178917555696,0.8988987505167241,0.07714203186367063,0.006577521721740661,3,1819,0.008165377833995131,0.00118292488208421,0.5236720523374546,0.4625138126743328,0.004465832272133279,3,0.004115471111687632,-0.01214886429347275,-0.37522669817926946,0.38537178081066215,-0.0021116894496073825,0.5380251076648653,4,0.40637382916417913,0.7667891732479716,0.36041534408379244
tm203654,toze_1993,1718,0.00219013567584519,0.23074644570547612,0.7391977426010387,0.015607521006889048,0.012258155010750966,3,1819,0.008384673564622256,0.3454179274352892,0.5765396869137694,0.014214727101623845,0.05544298498469517,3,0.006194537888777066,0.11467148172981309,-0.1626580556872692,-0.0013927939052652029,0.04318482997394421,0.19911680987950683,3,0.694047189109188,0.9456014980836672,0.2515543089744793
tm205116,talocha_1989,1718,0.9949033526689817,0.00012266748956775715,0.00160964289052705,0.0029044722719300886,0.00045986467899357034,1,1819,0.9715485252079078,0.0003666203407998028,0.013887860300405497,0.01037704510900101,0.0038199490418861365,1,-0.023354827461073868,0.00024395285123204562,0.012278217409878448,0.007472572837070921,0.003360084362892566,0.027424468022182794,1,0.03704154533479326,0.1590096375387296,0.12196809220393634
tm206843,andrija zivkovic_1996,1718,0.003204469211242445,0.0104911529298591,0.8630772890637942,0.10236888796155955,0.020858200833544702,3,1819,0.042492191896011,0.03142373942358252,0.28568532905640953,0.23320118448731944,0.4071975551366775,5,0.03928772268476856,0.020932586493723423,-0.5773919600073847,0.1308322965257599,0.38633935430313276,0.5937004830943344,3,0.5073412355058998,1.3062221775152307,0.7988809420093309
tm209993,mohamed abarhoun_1989,1718,0.9953554211368705,0.0001920415228084127,0.00044954220629677663,0.002178931087499695,0.0018240640465245737,1,1819,0.9877393869873005,0.00038545727478643294,0.006063247333845817,0.004331252313308502,0.0014806560907588352,1,-0.007616034149570017,0.00019341575197802025,0.005613705127549041,0.0021523212258088074,-0.00034340795576573847,0.009705027446569505,1,0.03460027633694655,0.07938833152631261,0.04478805518936606
tm211072,paulinho_1992,1718,0.0023298564266621526,0.8162666361950424,0.10831478744589397,0.006980277226709016,0.06610844270569251,2,1819,0.0017480039082423025,0.9418433520004327,0.019599118600059067,0.003919914269991906,0.03288961122127376,2,-0.0005818525184198501,0.12557671580539032,-0.0887156688458349,-0.0030603629567171105,-0.033218831484418745,0.153784543517909,2,0.6348255640255307,0.27862713368787384,-0.35619843033765686
tm211107,joao afonso_1990,1718,0.9087023114434247,0.0068844140413460335,0.014323393706678246,0.02589802052979183,0.04419186027875911,1,1819,0.9886423023060928,0.00026503875020797283,0.0026543968219284804,0.003976190706082763,0.004462071415687804,1,0.07993999086266812,-0.006619375291138061,-0.011668996884749766,-0.021921829823709067,-0.03972978886307131,0.08396993735548665,1,0.41455087366846577,0.07534785571089321,-0.3392030179575726
tm212899,filipe augusto_1993,1718,0.06444182627683558,0.0014082901216207274,0.020508803510464302,0.8654857539320255,0.0481553261590538,4,1819,1.3640297295651928e-40,3.053672023932228e-42,1.938983014396395e-40,1.0,1.855708778429716e-41,4,-0.06444182627683558,-0.0014082901216207274,-0.020508803510464302,0.13451424606797446,-0.0481553261590538,0.15056369307248985,4,0.5367631781498134,1.1052408446371418e-10,-0.5367631780392894
tm214070,ewerton_1992,1718,0.009905581344321004,0.0019296829687536305,0.016253548784218353,0.9701053396512299,0.0018058472514771108,4,1819,0.009591929906587268,0.0011225265203521327,0.03225736061680104,0.9534663155176838,0.003561867438575724,4,-0.00031365143773373627,-0.0008071564484014979,0.016003811832582687,-0.01663902413354612,0.0017560201870986134,0.023102575528413112,4,0.16557806875310085,0.2284822788560803,0.06290421010297945
tm214775,oliver torres_1994,1718,0.06541380304003627,0.014527991540783566,0.4241738315761383,0.3809672804015849,0.11491709344145691,3,1819,0.03321703801849197,0.019056083083619724,0.4492495686698524,0.4727405019533875,0.02573680827464844,4,-0.0321967650215443,0.004528091542836158,0.02507573709371408,0.09177322155180262,-0.08918028516680847,0.10053980343954408,4,1.219916770618929,0.9964156588867676,-0.22350111173216125
tm220722,eduardo teixeira_1993,1718,0.11563807094201665,0.048713960131688515,0.48395087227462963,0.28884341593471874,0.06285368071694637,3,1819,0.11174658226139957,0.009190962833036468,0.3256383722650627,0.21088690892523673,0.3425371737152646,5,-0.003891488680617089,-0.039522997298652045,-0.15831250000956693,-0.077956507009482,0.27968349299831824,0.1808791741578316,3,1.2805249926180804,1.3485693544635582,0.0680443618454778
tm223029,fabio martins_1993,1718,0.0037429007963481853,0.08554615148302332,0.07788883498845153,0.024649085373814526,0.8081730273583624,5,1819,0.01778278706397578,0.07886290958038086,0.1760265808408287,0.5087000455796324,0.21862767693518217,4,0.014039886267627595,-0.006683241902642453,0.09813774585237717,0.4840509602058179,-0.5895453504231802,0.49414383874120826,4,0.6934562252595442,1.2539777584160539,0.5605215331565097
tm224852,patrick_1991,1718,0.5291455020109254,0.018356094150837384,0.11124796508424636,0.2693180258799341,0.07193241287405683,1,1819,0.5965458430602115,0.008451296740616471,0.1385896166292288,0.18601223937084163,0.0704010041991016,1,0.06740034104928616,-0.009904797410220913,0.027341651544982443,-0.08330578650909246,-0.0015314086749552286,0.11103301743356946,4,1.1971168167365112,1.122077272603388,-0.07503954413312308
tm226138,mattheus oliveira_1994,1718,0.010567202422126457,0.0014584317228702227,0.06417450843290137,0.9158716897063416,0.00792816771576032,4,1819,0.009924443873757271,0.027422535899882878,0.8678728287792363,0.07041895266019556,0.024361238786927853,3,-0.0006427585483691853,0.025964104177012656,0.8036983203463349,-0.845452737046146,0.01643307107116753,1.166788699187049,4,0.352674760835955,0.544725799753327,0.19205103891737202
tm226896,dankler_1992,1718,0.9991723988340849,2.236156767772385e-05,7.602681114460944e-05,0.0004769546222117892,0.0002522581648810389,1,1819,0.9963028221484037,7.849577917506704e-05,0.0012659187550751222,0.0017535703060249771,0.0005991930113210456,1,-0.002869576685681219,5.6134211497343186e-05,0.0011898919439305127,0.001276615683813188,0.0003469348464400067,0.003359049247494622,1,0.007525545461878067,0.028452772418838066,0.020927226956959998
tm227676,amilton_1989,1718,0.006614770074892793,0.15163018082818952,0.8063616252325242,0.02273978454446837,0.012653639319925176,3,1819,0.00947123287716792,0.12957367071656348,0.8269899233420558,0.01337088267207032,0.020594290392142525,3,0.0028564628022751263,-0.022056510111626043,0.020628298109531595,-0.009368901872398049,0.007940651072217348,0.03174826016076112,2,0.6340982244851051,0.6036663291677766,-0.030431895317328483
tm228940,joao novais_1993,1718,0.017017190239113706,0.33909058840691086,0.39022577288527216,0.03571911996528818,0.21794732850341503,3,1819,0.013219365487090223,0.03633273608689231,0.8802219413410278,0.03777084222477623,0.03245511486021329,3,-0.0037978247520234834,-0.30275785232001856,0.48999616845575567,0.002051722259488048,-0.18549221364320173,0.5760010375683612,3,1.2543182733935219,0.5249303398938939,-0.7293879334996279
tm229854,leandrinho_1993,1718,0.07005716191248677,0.0034704420164710786,0.01350091773898965,0.8969141078880417,0.016057370444010757,4,1819,0.03927915963022053,0.0022850713061572715,0.04222909366746058,0.9101772156301772,0.006029459765984482,4,-0.030778002282266244,-0.0011853707103138072,0.028728175928470934,0.01326310774213546,-0.010027910678026275,0.04415776995461531,1,0.42794155676585427,0.39116486464145317,-0.0367766921244011
tm231289,otavio_1995,1718,0.0063458840792319,0.00939448005254555,0.09622243472633131,0.8715871373892564,0.016450063752634834,4,1819,0.016951353084529462,0.007008854491727179,0.08277723384378231,0.8611223481393765,0.03214021044058445,4,0.010605469005297562,-0.0023856255608183706,-0.013445200882548997,-0.010464789249879924,0.01569014668794962,0.020210205910758453,3,0.4885833379299289,0.5493740960802957,0.06079075815036683
tm236886,costinha_1992,1718,0.027958606704379402,0.04892759077866132,0.42672630490221064,0.4870353036438152,0.009352193970933469,4,1819,0.005015481755994405,0.03240083727068409,0.9098008494950992,0.049192120323595635,0.0035907111546267323,3,-0.022943124948384998,-0.016526753507977235,0.48307454459288857,-0.43784318332021954,-0.005761482816306737,0.6525850054801449,3,1.0051260883533368,0.3920634530981231,-0.6130626352552138
tm236997,tiago silva_1993,1718,0.021533084298269927,0.008707082549086741,0.27305288345264356,0.6317702718055098,0.06493667789448987,4,1819,0.017772531539888194,0.004794470552650943,0.19230653813127987,0.7572366211605092,0.027889838615671878,4,-0.0037605527583817328,-0.003912611996435798,-0.08074634532136368,0.12546634935499934,-0.037046839278817995,0.14930246948028314,4,0.946084403018937,0.7246814170943031,-0.22140298592463392
tm238055,rafa silva_1993,1718,0.0017530043143973728,0.03637156927909054,0.9421333551600656,0.014419718883079666,0.005322352363366927,3,1819,0.02477180588982221,0.30481424307892574,0.06901470883412776,0.03280253152465219,0.5685967106724722,5,0.023018801575424838,0.2684426737998352,-0.8731186463259378,0.018382812641572526,0.5632743583091052,0.9139285708989663,3,0.276813089426097,1.071364094930328,0.7945510055042311
tm240306,bruno fernandes_1994,1718,0.014674648459543768,0.24215097634008065,0.38350845404832623,0.07272260051381386,0.2869433206382354,3,1819,0.010683702247538925,0.18944804569556078,0.08333471959231795,0.017778134444864074,0.6987553980197183,5,-0.003990946212004843,-0.05270293064451986,-0.30017373445600826,-0.05494446606894979,0.4118120773814829,0.30970420042204194,3,1.321773801437164,0.892858867714521,-0.428914933722643
tm240578,luiz phellype_1993,1718,0.0038656934043718254,0.6618826251456031,0.032858869715709824,0.008814236301791184,0.2925785754325239,2,1819,0.009948802476931128,0.6340004693483752,0.037660449672634266,0.009144851149676397,0.3092454273523831,2,0.006083109072559302,-0.02788215579722797,0.004801579956924443,0.00033061484788521334,0.01666685191985917,0.028941031497683824,2,0.8081330928856506,0.8641463440515261,0.05601325116587552
tm240773,edson rodrigues farias_1992,1718,0.01974070125464502,0.014487881019071887,0.3471931979020464,0.5906962312624108,0.027881988561825857,4,1819,0.21834409921992018,0.003545905929100111,0.07777073567359617,0.655803117627277,0.04453614155010644,4,0.19860339796527515,-0.010941975089971776,-0.26942246222845023,0.06510688636486628,0.016654152988280584,0.3411603820897018,3,0.9169036674547285,0.9661340612788645,0.049230393824135965
tm24202,vasco fernandes_1986,1718,0.8862178911845597,0.005114162689717571,0.022436377900756945,0.0768461692471549,0.00938539897781074,1,1819,0.9986615960012678,2.4603538104302322e-05,0.0003302294048569271,0.0008778374578316995,0.00010573359793916239,1,0.11244370481670807,-0.005089559151613268,-0.022106148495900018,-0.0759683317893232,-0.009279665379871578,0.13758400925049474,1,0.46022202505809995,0.011391854022585468,-0.4488301710355145
tm243783,antonio xavier_1992,1718,0.06934596968330882,0.0930986419610886,0.5450779165477031,0.12020855820301549,0.17226891360488392,3,1819,0.019437384708576377,0.07818425455323545,0.6010823343142574,0.025185954656373067,0.2761100717675577,3,-0.04990858497473244,-0.014914387407853141,0.05600441776655429,-0.09502260354664242,0.10384115816267378,0.12197989916410301,4,1.2944869306164244,1.0298889962506266,-0.2645979343657978
tm248901,platiny_1990,1718,0.006168675995760931,0.7368435529681105,0.10853728534736815,0.015713566711196864,0.13273691897756362,2,1819,0.011624152831462382,0.8020922790545553,0.054803286541151845,0.015344301828109091,0.1161359797447215,2,0.005455476835701451,0.06524872608644472,-0.0537339988062163,-0.0003692648830877724,-0.01660093923284213,0.08470323174276825,2,0.8307386876115359,0.7019508310691167,-0.1287878565424192
tm248903,marcelo goiano_1987,1718,0.9197167949795496,0.0010797057551957913,0.00694649396784751,0.06260349214510771,0.009653513152299458,1,1819,0.9080537560678682,0.0008144220738470023,0.008306241342597357,0.07521659759108422,0.007608982924603187,1,-0.011663038911681411,-0.0002652836813487891,0.0013597473747498472,0.012613105445976505,-0.0020445302276962717,0.01723473800211207,4,0.33713354100357995,0.36490347912984433,0.027769938126264382
tm24946,cris_1984,1718,0.340782226803106,0.0019059212620133575,0.020388086658502846,0.6210004041696766,0.015923361106701305,4,1819,0.14116564576080173,0.0013354505898520571,0.05529418676722919,0.7979479243556514,0.004256792526465564,4,-0.19961658104230426,-0.0005704706721613004,0.03490610010872634,0.17694752018597482,-0.01166656858023574,0.2690278156410095,1,0.8199406733251615,0.6486425008842975,-0.17129817244086398
tm255755,alex telles_1992,1718,0.44518437308127523,0.006735092438792034,0.05819038358442591,0.1001817649523851,0.38970838594312185,1,1819,0.5447510208623141,0.006540299925225486,0.17768691903905293,0.0538563420892352,0.21716541808417247,1,0.09956664778103885,-0.00019479251356654785,0.11949653545462702,-0.0463254228631499,-0.17254296785894938,0.16229301304611168,3,1.1571860870074704,1.159758024514555,0.0025719375070845096
tm256696,perdigao_1991,1718,0.12747816802595405,0.0576298500276843,0.41342214365689695,0.3726856428876513,0.028784195401813418,3,1819,0.015731888313987447,0.011345882151000778,0.8807217069959214,0.08566002822404771,0.0065404943150424435,3,-0.1117462797119666,-0.04628396787668353,0.4672995633390245,-0.2870256146636036,-0.022243701086770973,0.5615888372125442,3,1.2621824485820146,0.47139582797985846,-0.7907866206021561
tm257388,wilson manafa_1994,1718,0.029088760077602957,0.023426259132927566,0.35323633130470766,0.354015844701923,0.24023280478283882,4,1819,0.7722401216260537,0.00942551537424674,0.0803095152829936,0.049951284770327224,0.0880735629463785,1,0.7431513615484507,-0.014000743758680826,-0.2729268160217141,-0.30406455993159576,-0.15215924183646032,0.8481829227868586,1,1.268644645474649,0.8097580574401995,-0.4588865880344495
tm258004,ruben dias_1997,1718,0.9101161814117178,0.0047760859211901435,0.011942232440086279,0.062281696823780916,0.010883803403224803,1,1819,0.9995662344144588,1.979185675613083e-05,0.00019732163015164937,0.00018267097029524474,3.3981128338242376e-05,1,0.089450053002741,-0.004756294064434012,-0.011744910809934629,-0.06209902585348567,-0.010849822274886562,0.10962739738453042,1,0.38621730614215916,0.004253364210293903,-0.3819639419318652
tm258475,nikola maras_1995,1718,0.9963293893067814,0.0001773954771756897,0.0005771222384194238,0.0024134114767634376,0.0005026815008602442,1,1819,0.98046709055359,0.001483717758776626,0.009138220821214026,0.004488335307410833,0.004422635559008432,1,-0.01586229875319134,0.0013063222816009363,0.008561098582794602,0.0020749238306473957,0.0039199540581481875,0.01819111644419382,1,0.027863002396738168,0.12015159899288222,0.09228859659614405
tm261927,ricardo horta_1994,1718,0.014419511108846924,0.2449780925953534,0.4899266216281805,0.022610038299190522,0.2280657363684286,3,1819,0.00891900784640727,0.0924232120795486,0.8640279722496476,0.008320834675457372,0.026308973148939183,3,-0.005500503262439654,-0.15255488051580482,0.37410135062146704,-0.01428920362373315,-0.20175676321948943,0.404300938636479,3,1.1780585956214755,0.524022603188549,-0.6540359924329265
tm262999,cristian arango_1995,1718,0.012365931041369824,0.20938346525366805,0.4015409290902184,0.06386036166394461,0.312849312950799,3,1819,0.00782112675395275,0.7873777834023333,0.0800621303635096,0.031024286643904397,0.09371467283629999,2,-0.004544804287417074,0.5779943181486653,-0.32147879872670876,-0.03283607502004021,-0.219134640114499,0.6622121358836917,2,1.287319869472475,0.7579295779134829,-0.5293902915589921
tm265648,pablo santos_1992,1718,0.9899622398617586,0.0002084972782841575,0.0012497055731729742,0.007126784782048731,0.0014527725047355949,1,1819,0.997137894645815,8.04767316473471e-05,0.0007479441855670577,0.001649906979327744,0.00038377745764278144,1,0.007175654784056462,-0.0001280205466368104,-0.0005017613876059165,-0.005476877802720987,-0.0010689950470928135,0.009041812085878785,1,0.06483534039565608,0.02259013749367571,-0.042245202901980375
tm269467,cesar_1992,1718,0.9988099666147938,5.270609023570752e-05,0.0002080754731578785,0.0006035545506152635,0.00032569727119739246,1,1819,0.9994798215456964,1.3115558425466359e-05,0.0002164735989985095,0.00019047171696237722,0.00010011757991730068,1,0.000669854930902547,-3.9590531810241154e-05,8.398125840631003e-06,-0.0004130828336528863,-0.00022557969128009177,0.0007880234734066029,1,0.01056165693336297,0.005047679142298088,-0.005513977791064882
tm271256,jhonder cadiz_1995,1718,0.002042670304060173,0.9412915013591616,0.035877678221885444,0.003649032858229167,0.01713911725666365,2,1819,0.0004434191075732629,0.9788814614654304,0.003603464548157923,0.0007038656025734211,0.016367789276264793,2,-0.0015992511964869104,0.037589960106268805,-0.03227421367372752,-0.002945167255655746,-0.000771327980398858,0.04965744237877694,2,0.27916713018218176,0.11701103446636651,-0.16215609571581524
tm27178,ruben fernandes_1986,1718,0.8195155901685267,0.013832670161311884,0.03942349003927698,0.052854144279875996,0.07437410535100837,1,1819,0.9626763336701043,0.0005771082780351347,0.011210153428457211,0.01982211187053373,0.005714292752869564,1,0.1431607435015776,-0.01325556188327675,-0.028213336610819772,-0.03303203240934227,-0.0686598125981388,0.15019259611769525,1,0.6984782219756804,0.1985008997366221,-0.49997732223905833
tm278985,flavio ramos_1994,1718,1.0,5.784032050411491e-42,2.388909012483887e-41,1.5951446766926564e-40,1.8723740510819308e-41,1,1819,0.9940837148237436,0.00018514461435917642,0.0038906744585440163,0.0015040869728546688,0.00033637913049865354,1,-0.0059162851762564195,0.00018514461435917642,0.0038906744585440163,0.0015040869728546688,0.00033637913049865354,0.00724129368133178,1,1.1052408446371418e-10,0.04154600867576471,0.04154600856524063
tm282513,fabricio baiano_1992,1718,0.008487541236036681,0.00012622462258777645,0.002486693756367634,0.9876734499866356,0.0012260903983723483,4,1819,6.800282608601519e-05,1.3064729469364864e-06,5.124371490026509e-05,0.999870247873541,9.199112525813621e-06,4,-0.008419538409950666,-0.00012491814964083996,-0.002435450041467369,0.012196797886905308,-0.0012168912858465347,0.015019904366514637,4,0.07699367249063388,0.0014129055824684117,-0.07558076690816547
tm283130,moussa marega_1991,1718,0.005317777354596819,0.3375121612612703,0.05985746050223331,0.01036605869612051,0.5869465421857791,5,1819,0.0018652435178772764,0.9163318491483332,0.01888018402670545,0.0016163266889355982,0.061306396618148275,2,-0.0034525338367195424,0.5788196878870628,-0.04097727647552786,-0.008749732007184912,-0.5256401455676308,0.5803445925250962,2,0.9230862320771935,0.34828415598825346,-0.5748020760889401
tm288498,indio_1996,1718,0.1428083206570427,0.0652800754424933,0.48314010367553134,0.2561273111601543,0.05264418906477845,3,1819,0.03413802512959242,0.0028486387186543397,0.623482137794193,0.3356550243308451,0.0038761740267151726,3,-0.10867029552745026,-0.06243143672383896,0.1403420341186617,0.0795277131706908,-0.04876801503806327,0.20427300635215942,3,1.3114154020223197,0.8144953554642272,-0.4969200465580924
tm289216,stephane sparagna_1995,1718,0.76870125432343,0.00045291168844052574,0.005572116315694839,0.21887961413487422,0.006394103537560441,1,1819,0.5606463135141757,0.0008041271538530735,0.01524813611385463,0.41382728863125895,0.009474134586857585,1,-0.20805494080925424,0.00035121546541254774,0.00967601979815979,0.19494767449638473,0.003080031049297144,0.28528091926753213,1,0.5994502381337896,0.8032082517714435,0.2037580136376539
tm290336,rochinha_1995,1718,0.015049783215756955,0.15700713615925924,0.7326750799259681,0.07879497076338905,0.016473029935626497,3,1819,0.01887103009102075,0.21155837977493863,0.6286784478123068,0.08995156423282284,0.050940578088911156,3,0.003821246875263796,0.054551243615679396,-0.10399663211366139,0.01115659346943379,0.03446754815328466,0.11802630713754182,3,0.849597984178234,1.0636181149035162,0.21402013072528225
tm290391,nuno santos_1995,1718,0.011882275323460265,0.025266697050994772,0.8338006314657015,0.1167079688657163,0.012342427294127371,3,1819,0.017961246067564572,0.27448128033612407,0.40227512353531186,0.017938265914257855,0.2873440841467417,3,0.006078970744104307,0.2492145832851293,-0.43152550793038963,-0.09876970295145844,0.2750016568526143,0.50804978163856,3,0.6021002631298159,1.2238506448675877,0.6217503817377718
tm290530,bilel aouacheria_1994,1718,0.0026104798056882346,0.015983178810152657,0.9244462961834229,0.051294646954038535,0.005665398246697776,3,1819,0.012860550800979177,0.20303975445234282,0.6591487131926791,0.06879753827843417,0.05615344327556479,3,0.010250070995290943,0.18705657564219016,-0.2652975829907438,0.017502891324395635,0.050488045028867015,0.3252451155541542,3,0.335925437822746,1.0002897738764835,0.6643643360537376
tm291402,pite_1994,1718,0.9609021859322424,0.0003914964364050706,0.003506506188384531,0.03019093359176653,0.005008877851201624,1,1819,0.058288137072693466,0.11061477969562258,0.39047316336333593,0.19397732226762493,0.24664659760072316,3,-0.902614048859549,0.11022328325921751,0.3869666571749514,0.1637863886758584,0.24163771974952153,1.0017137656295363,1,0.1934220414925672,1.4397969513999684,1.2463749099074013
tm291941,carraca_1993,1718,0.6215352718892262,0.00602433255144647,0.04659716449455226,0.3034746564470773,0.022368574617697742,1,1819,0.6318607430463374,0.0026630150608321582,0.13971898882135833,0.21264561311812277,0.013111639953349437,1,0.010325471157111243,-0.003361317490614312,0.09312182432680607,-0.0908290433289545,-0.009256934664348305,0.13053544762973263,3,0.9161352832769231,0.9668816305729494,0.05074634729602634
tm291968,neto_1991,1718,0.0005718927977224993,1.8180241949367102e-05,0.0005310874275401812,0.9988068662068866,7.197332590138704e-05,4,1819,0.0022314575341648214,8.959328107112904e-05,0.003347265599514765,0.9932098345446918,0.0011218490405573557,4,0.0016595647364423221,7.141303912176194e-05,0.002816178171974584,-0.005597031662194829,0.0010498757146559688,0.00648204272282411,4,0.010352211903400963,0.04792394591482528,0.037571734011424315
tm291981,djavan da silva ferreira_1987,1718,0.7785550956811539,0.00511124403731177,0.04087778037966923,0.15147580579071526,0.023980074111149777,1,1819,0.7233441549694402,0.002217081884386162,0.03909767614006384,0.19608873818953368,0.039252348816575876,1,-0.05521094071171373,-0.002894162152925608,-0.0017801042396053887,0.04461293239881842,0.015272274705426098,0.07106410245099279,1,0.7278892712847719,0.8211165288833386,0.09322725759856676
tm292733,icaro do carmo silva_1989,1718,0.9958185696842287,8.11991389738621e-05,0.0003283974523096083,0.003186163331367306,0.0005856703931205608,1,1819,0.9998992059444156,2.666837100656241e-06,4.634547581002972e-05,4.165331721296031e-05,1.0128425460962194e-05,1,0.004080636260186954,-7.853230187320586e-05,-0.0002820519764995786,-0.0031445100141543458,-0.0005755419676595986,0.005159966681767853,1,0.030247683613430894,0.001134115557074899,-0.029113568056355996
tm292775,ricardo valente_1991,1718,0.015464383019929345,0.36123920343745636,0.5345489566078911,0.05863921122603845,0.030108245708684762,3,1819,0.015180610270213057,0.5309361342441808,0.35728862114715704,0.03424410254150634,0.06235053179694259,2,-0.00028377274971628716,0.1696969308067245,-0.1772603354607341,-0.02439510868453211,0.03224228608825783,0.24660388623778384,3,1.038887884836066,1.056010278680898,0.01712239384483194
tm29366,edinho_1982,1718,0.0004412811917665319,0.985726369846039,0.00697651528368271,0.0009623097549727866,0.0058935239235389635,2,1819,0.0007960842778065888,0.9770899367235695,0.020214792062990816,0.0005675802709760408,0.0013316066646571405,2,0.00035480308604005686,-0.008636433122469533,0.013238276779308106,-0.0003947294839967458,-0.004561917258881823,0.015815234609700135,3,0.08916151062833455,0.12025032014250472,0.031088809514170174
tm294576,bruno gomes_1996,1718,0.0018348872604705285,0.9320623796858067,0.06168316068084568,0.0024145152336758208,0.002005057139201376,2,1819,0.03815229285800772,0.41505792583823303,0.31762284117890555,0.11899577783474001,0.11017116229011377,2,0.03631740559753719,-0.5170044538475738,0.2559396804980599,0.11658126260106419,0.10816610515091239,0.5896684408128616,2,0.27597653786512194,1.3501755479379527,1.0741990100728307
tm299400,pedro sa_1993,1718,0.08441022144697508,0.00207803038175532,0.01365823004421986,0.8638867700494811,0.03596674807756869,4,1819,0.0013930663065535866,3.2398010529477894e-05,0.0005308056672443838,0.9976648685577718,0.00037886145790085686,4,-0.08301715514042149,-0.002045632371225842,-0.013127424376975477,0.1337780985082907,-0.03558788661966783,0.15800297962593668,4,0.5261363045729768,0.018816129744162906,-0.5073201748288139
tm311867,jefferson de jesus santos_1993,1718,0.24120795369708076,0.0014634271057460315,0.016092407375096613,0.7175000333926367,0.023736178429440098,4,1819,0.0522012128794977,0.0008633133025094762,0.009608485962584954,0.9240852391695161,0.013241748685891772,4,-0.18900674081758306,-0.0006001138032365553,-0.006483921412511659,0.20658520577687944,-0.010494429743548327,0.28007748337526367,4,0.7460132151573653,0.33507457335885926,-0.41093864179850603
tm312123,lucas possignolo_1994,1718,0.9982056448620638,5.307823325871519e-05,0.0002855621015641382,0.0011590472687299477,0.0002966675343832837,1,1819,0.9984502733614612,2.3891886382455063e-05,0.000572449141065186,0.0008172698076562913,0.0001361158034347732,1,0.0002446284993974368,-2.9186346876260125e-05,0.00028688703950104777,-0.0003417774610736564,-0.00016055173094851047,0.0005097165407293092,4,0.014890861409343124,0.013098567572372665,-0.0017922938369704586
tm325223,mama samba balde_1995,1718,0.12085999993345428,0.14205940520205676,0.44371660219031517,0.14107698012595712,0.15228701254821658,3,1819,0.014270110147886272,0.9065680165868125,0.04298094581887294,0.014252137614173328,0.021928789832255113,2,-0.106589889785568,0.7645086113847558,-0.4007356563714422,-0.1268248425117838,-0.13035822271596148,0.878924586327824,2,1.4560672951360754,0.42917827103559647,-1.0268890241004789
tm332220,iago santos_1992,1718,0.9941443414323714,0.00011591020844333222,0.0005364009166982552,0.00465436704365238,0.000548980398834356,1,1819,0.9904029445061218,5.689868963248722e-05,0.0014112769826788653,0.0076377438205911625,0.0004911360009757799,1,-0.0037413969262496405,-5.9011518810845e-05,0.0008748760659806101,0.0029833767769387827,-5.784439785857609e-05,0.004864923272067708,1,0.04004353259272367,0.06034278816078713,0.02029925556806346
tm332615,nelson monte_1995,1718,0.994756424607221,0.00032755840092777995,0.0005901304771656103,0.0020838061002680535,0.0022420804144175827,1,1819,0.9831416719909282,0.00047562384647906495,0.005141930097231654,0.008244723733605307,0.0029960503317558278,1,-0.011614752616292856,0.000148065445551285,0.004551799620066043,0.006160917633337254,0.000753969917338245,0.013914028445416064,1,0.03878777794179107,0.1044221308699488,0.06563435292815772
tm335380,pedro nuno_1995,1718,0.009932499950048534,0.2977893591880248,0.6292094455886309,0.0381438927533854,0.02492480251991032,3,1819,0.002903705464792726,0.8347679374694177,0.13618404167191042,0.00420119366059477,0.02194312173328437,2,-0.007028794485255807,0.536978578281393,-0.49302540391672045,-0.03394269909279063,-0.002981680786625949,0.7298092581037672,2,0.9146605151660849,0.5460377478046283,-0.3686227673614566
tm33648,fabio coentrao_1988,1718,0.9296750035163606,0.0008011898118983075,0.011629590164801239,0.05336229836331152,0.004531918143628448,1,1819,0.20556576575328264,0.009788106209166115,0.36699581196777437,0.37517178234146137,0.04247853372831547,4,-0.7241092377630779,0.008986916397267806,0.3553662218029731,0.32180948397814985,0.037946615584687024,0.8684822672092737,1,0.30614791924705087,1.2403537205955733,0.9342058013485224
tm33710,jose semedo_1985,1718,0.717591882376246,0.0020080742726561124,0.022933839772825402,0.2227379084067276,0.03472829517154483,1,1819,0.061380465107047096,0.0003781471071158816,0.013416808743228946,0.9229293366333359,0.0018952424092720421,4,-0.656211417269199,-0.0016299271655402308,-0.009517031029596456,0.7001914282266083,-0.03283305276227279,0.9596742628927023,4,0.7883785418992485,0.31801678560056695,-0.47036175629868154
tm34077,tarantini_1983,1718,0.13907910577399,0.004412137600746646,0.10392797440947184,0.7435235464229365,0.009057235792854935,4,1819,0.09545036043241865,0.0028371397134808038,0.4222473446697196,0.47417189640594287,0.005293258778438066,4,-0.04362874534157134,-0.0015749978872658423,0.31831937026024776,-0.2693516500169936,-0.0037639770144168687,0.4192654062621698,3,0.7965444964980264,0.9864770891892344,0.189932592691208
tm341110,franco cervi_1994,1718,0.0223378024312661,0.03008274635955897,0.6816993445687756,0.19579541625715133,0.07008469038324809,3,1819,0.03560872284248855,0.26520688775624074,0.33763121357980247,0.08907952134713776,0.27247365447433053,3,0.013270920411222447,0.23512414139668178,-0.3440681309889731,-0.10671589491001357,0.20238896409108242,0.43038429360837277,3,0.9570943352071393,1.4070440938417024,0.4499497586345631
tm344395,jorge fernandes_1997,1718,0.9958674602613328,7.248748840012702e-05,0.0002871922444279529,0.0032884363750483804,0.0004844236307908495,1,1819,0.9695836889720209,0.00022141999801953506,0.0037567148574618125,0.023106002303726874,0.003332173868770865,1,-0.02628377128931192,0.00014893250961940804,0.0034695226130338594,0.019817565928678494,0.0028477502379800155,0.03310033716718232,1,0.029655609475756222,0.15885338819358488,0.12919777871782867
tm345345,xadas_1997,1718,0.005710309283974835,0.10957236109996846,0.8564285084587848,0.01591506297097025,0.01237375818630162,3,1819,0.021585820259212907,0.1680928191424201,0.2925000221313072,0.03820297248644717,0.4796183659806128,5,0.015875510975238073,0.05852045804245165,-0.5639284863274776,0.02228790951547692,0.4672446077943112,0.5676167408211226,3,0.5247566059293128,1.2192475520206552,0.6944909460913423
tm352811,aylton boa morte_1993,1718,0.015471884315945228,0.03773037384798616,0.9049400699609536,0.030982556637922556,0.010875115237192477,3,1819,0.03222649314567774,0.5397457424475477,0.23059778371461584,0.0812625973279163,0.11616738336424229,2,0.016754608829732516,0.5020153685995615,-0.6743422862463377,0.05028004068999374,0.10529226812704981,0.8423572571889649,3,0.43535591592493733,1.2358914041448232,0.8005354882198858
tm358165,yordan osorio_1994,1718,0.9937636826544493,0.00021012131245554697,0.0008243079720191187,0.004275685645741386,0.0009262024153344758,1,1819,0.9888893063231258,0.00039635377827256814,0.006772037469145055,0.0025574973060526686,0.0013848051234039002,1,-0.004874376331323482,0.00018623246581702117,0.0059477294971259365,-0.0017181883396887175,0.0004586027080694244,0.00788174374693285,3,0.043641525599547794,0.07235953007261564,0.028718004473067847
tm358177,andre pereira_1995,1718,0.000876107448539195,0.9447345379873906,0.037468214212509815,0.005355142124933915,0.011565998226626508,2,1819,0.014146371584641357,0.1863123169180503,0.03192371042774668,0.03074557808384743,0.7368720229857142,5,0.013270264136102163,-0.7584222210693403,-0.005544503784763136,0.025390435958913517,0.7253060247590877,0.7589833865654743,2,0.2625191423561557,0.815317681177443,0.5527985388212873
tm35871,fernando tissone_1986,1718,0.06034723370621938,0.0008632431661446925,0.009912217346282533,0.9078793393765802,0.020997966404773128,4,1819,0.3600052052159347,0.0022404368664530327,0.19896813355312268,0.4305774647478549,0.008208759616634588,4,0.29965797150971535,0.0013771937003083403,0.18905591620684015,-0.47730187462872525,-0.01278920678813854,0.5944375623467183,4,0.39012115362464017,1.104959361360802,0.7148382077361618
tm364406,joao gamboa_1996,1718,0.006586638016076675,0.00016394373578075964,0.0036167334951608464,0.989171352546935,0.0004613322060467419,4,1819,0.03430735047138666,0.0006425301802361805,0.0655188947086568,0.8977351163563841,0.0017961082833362378,4,0.027720712455309986,0.00047858644445542085,0.06190216121349595,-0.09143623619055086,0.0013347760772894957,0.11384695777933918,4,0.06915913848109954,0.4071900105237963,0.3380308720426967
tm364857,falaye sacko_1995,1718,0.9827776024613919,0.0008187494486623974,0.0019309923936900338,0.005930887272782322,0.00854176842347335,1,1819,0.9316435856429122,0.0005986130989020642,0.017862962859201012,0.042919934908609826,0.006974903490374972,1,-0.05113401681847973,-0.00022013634976033323,0.015931970465510977,0.036989047635827506,-0.0015668649330983784,0.06509034846983448,1,0.10605458243658375,0.31206949082571683,0.20601490838913308
tm366278,rodrigo pinho_1991,1718,0.0003850119547417409,0.9876861043372965,0.009695682278358217,0.0006225042215289351,0.0016106972080747232,2,1819,0.00020348412673100493,0.996349801781893,0.0024299307353714415,0.00022344271194007774,0.0007933406440644519,2,-0.00018152782801073597,0.008663697444596496,-0.007265751542986776,-0.00039906150958885736,-0.0008173565640102713,0.01131560874795078,2,0.07516844053470981,0.027543251618236595,-0.047625188916473216
tm375039,emmanuel hackman_1995,1718,0.8929165190362536,0.0007422843160771978,0.011987467044645482,0.07989447021206315,0.014459259390960658,1,1819,0.6096565216062018,0.0008722207884510639,0.022889359167806232,0.3626471778470605,0.003934720590480593,1,-0.2832599974300518,0.00012993647237386614,0.01090189212316075,0.2827527076349974,-0.010524538800480064,0.4003800543912585,1,0.42266640361208857,0.7839259065623578,0.36125950295026926
tm375770,gabriel airton de souza_1996,1718,0.05522851247878656,0.2668506851702156,0.29281616163138624,0.19968342389442936,0.1854212168251822,3,1819,0.04933363973713451,0.2390182483005113,0.5576046299683597,0.0988598681374942,0.055183613856500266,3,-0.005894872741652048,-0.027832436869704297,0.26478846833697345,-0.10082355575693516,-0.13023760296868192,0.28475904977095734,3,1.5062765693505515,1.2048773053788475,-0.301399263971704
tm376306,wellington_1992,1718,0.0011184146498491407,0.5625928468105087,0.42291750666625894,0.006225722467646655,0.007145509405736675,2,1819,0.0009777930991452452,0.9550336636824649,0.040518910904204,0.0011811563335427573,0.002288475980643145,2,-0.00014062155070389552,0.3924408168719562,-0.3823985957620549,-0.0050445661341038985,-0.00485703342509353,0.5479634551772787,2,0.762085782543779,0.2024953595718575,-0.5595904229719215
tm377605,hamdou elhouni_1994,1718,0.012392149011970572,0.41199374670005273,0.4774993011264478,0.07670762369937524,0.02140717946215358,3,1819,0.02777587776200533,0.012851046938446527,0.5853373454230224,0.3494219472318606,0.024613782644665114,3,0.01538372875003476,-0.3991426997616062,0.10783804429657462,0.27271432353248537,0.0032066031825115325,0.49553375257466514,2,1.051964454658091,0.9275712753843448,-0.12439317927374627
tm37947,mateus galiano da costa_1984,1718,0.007786477740574845,0.11310484966961377,0.5755966163095525,0.28224007928396494,0.02127197699629403,3,1819,0.023874831720281906,0.18190086607680642,0.6444406437718191,0.1278476082144551,0.02193605021663734,3,0.01608835397970706,0.06879601640719264,0.06884402746226659,-0.15439247106950985,0.0006640732203433072,0.18321643552762898,4,1.0411789715421471,1.0290921091843492,-0.012086862357797878
tm38780,vitor gomes_1987,1718,1.5951446766926564e-40,9.2763145918026e-42,5.8747067453686125e-40,1.0,1.8723740510819308e-41,4,1819,0.09432667529465948,0.009498059689382738,0.7565991032977043,0.13284756305451917,0.0067285986637342764,3,0.09432667529465948,0.009498059689382738,0.7565991032977043,-0.8671524369454808,0.0067285986637342764,1.1547221686714877,4,1.1052408446371418e-10,0.7797778863922108,0.7797778862816868
tm388236,rodrigo alves soares_1992,1718,0.991284221704545,0.00023098997969587585,0.0022141883362104173,0.004847665614249736,0.0014229343652990395,1,1819,0.33179908583424444,0.0064218593951363605,0.29242954242881214,0.1982121033571786,0.17113740898462831,1,-0.6594851358703006,0.006190869415440485,0.29021535409260174,0.19336443774292886,0.1697144746193293,0.7460386912437726,1,0.059308683774839256,1.3809153087509767,1.3216066249761373
tm397090,davidson da luz pereira_1991,1718,0.010251057889566336,0.2904135193526179,0.609429569625629,0.07348625729107282,0.016419595841113972,3,1819,0.0077090840899652555,0.7969610509734864,0.12869852507873847,0.021726249886736274,0.044905089971073654,2,-0.002541973799601081,0.5065475316208685,-0.48073104454689053,-0.05176000740433655,0.028485494129959682,0.7002701614231711,2,0.9671643907560329,0.7047902333781347,-0.26237415737789815
tm40858,nuno andre coelho_1986,1718,0.9989617297094714,5.097378833199539e-05,0.00014100777319706048,0.0005779637215692174,0.0002683250074303156,1,1819,0.967655190028154,0.0007018054886164628,0.011031751768670458,0.01568224186924435,0.004929010845314506,1,-0.03130653968131736,0.0006508317002844675,0.010890743995473398,0.015104278147675133,0.00466068583788419,0.036431724250401185,1,0.009307656502888631,0.17798146193231676,0.16867380542942811
tm411838,bruno viana_1995,1718,0.6145137497761506,0.022805864306144875,0.10734532692267179,0.09028121345141292,0.16505384554361974,1,1819,0.9961107072411256,7.965617638295097e-05,0.0012388094698949313,0.002079103794913048,0.0004917233176836374,1,0.381596957464975,-0.022726208129761925,-0.10610651745277686,-0.08820210965649987,-0.1645621222259361,0.4064122582751373,1,1.1394598738687605,0.029511514710223678,-1.1099483591585368
tm419458,diga_1998,1718,0.9528417701128399,0.00099322035200881,0.011090088873706357,0.030456440037366462,0.004618480624078545,1,1819,0.8696171891771838,0.00040010498701753517,0.00618106573649939,0.11190924749793871,0.01189239260136063,1,-0.0832245809356561,-0.0005931153649912749,-0.004909023137206967,0.08145280746057225,0.007273911977282084,0.11655617104693534,1,0.2339944786629736,0.4538504133299124,0.21985593466693878
tm435497,fabio china_1992,1718,0.8344306061859049,0.001158139226560676,0.014547437943854174,0.13619963803917162,0.013664178604508725,1,1819,0.9509953431210918,0.0004682075217008917,0.011682319907643818,0.03261774118253359,0.004236388267030039,1,0.11656473693518687,-0.0006899317048597842,-0.0028651180362103557,-0.10358189685663803,-0.009427790337478686,0.15596548387482184,1,0.5505995962771508,0.23815099320559302,-0.3124486030715578
tm437566,claudio falcao_1994,1718,0.07735368854190361,0.0009232281467445134,0.011424040866804942,0.8913776694075124,0.018921373037034672,4,1819,0.01757904520538584,0.00029462997409348667,0.008814968072101822,0.969868090903762,0.003443265844656822,4,-0.059774643336517774,-0.0006285981726510267,-0.0026090727947031198,0.07849042149624963,-0.015478107192377851,0.09869628488032138,4,0.43308313023284345,0.1643405617899479,-0.26874256844289557
tm438202,bruno tabata_1997,1718,0.008256997604132591,0.039110592112996646,0.8748419644806709,0.05022595049440991,0.02756449530779005,3,1819,0.007667397972426124,0.09313684754672705,0.8436417388370457,0.027805343043306778,0.02774867260049439,3,-0.0005895996317064672,0.0540262554337304,-0.031200225643625124,-0.02242060745110313,0.00018417729270434058,0.06629722183173271,2,0.5325821582347241,0.6009463184618399,0.06836416022711578
tm439022,marcao_1996,1718,0.9917122950511488,0.0001235294191863656,0.000875408545913674,0.0062965308963934714,0.0009922360873576277,1,1819,0.915530214695776,0.0006974913957584814,0.008090091693715164,0.0699354752850585,0.00574672692969208,1,-0.07618208035537277,0.0005739619765721158,0.00721468314780149,0.06363894438866503,0.004754490842334452,0.09952891889018889,1,0.05429964845673645,0.34052676839608775,0.2862271199393513
tm442424,murilo oliveira de freitas_1996,1718,0.004170081931853801,0.13180955238748426,0.8011643531853704,0.03827585037729039,0.02458016211800127,3,1819,0.038022228639586396,0.04670032967972838,0.12382416571300772,0.5213417052216929,0.27011157074598463,4,0.033852146707732594,-0.08510922270775588,-0.6773401874723627,0.4830658548444025,0.24553140862798337,0.8369778356135179,3,0.6835404636573214,1.2191924737020798,0.5356520100447585
tm454121,galeno_1997,1718,0.026332410148628593,0.09810629349281888,0.11993356224478344,0.05971681070604616,0.695910923407723,5,1819,0.010273002191299944,0.2905130490646421,0.3943063574592281,0.016672808859192062,0.28823478242563794,3,-0.016059407957328648,0.1924067555718232,0.2743727952144447,-0.0430440018468541,-0.40767614098208504,0.3382476622571024,3,0.9984822482461497,1.1999059277388726,0.20142367949272288
tm46110,ljubomir fejsa_1988,1718,0.17292840836999132,0.0010895479753616688,0.010649655913608681,0.7858452911159143,0.029487096625124092,4,1819,0.02617564909600095,0.00018754621964704317,0.0038947910000972593,0.9665086926068873,0.003233321077367409,4,-0.14675275927399037,-0.0009020017557146256,-0.006754864913511422,0.18066340149097304,-0.026253775547756684,0.23285634799160057,4,0.6525659949704286,0.17003888222366248,-0.4825271127467661
tm48206,nuno pinto_1986,1718,0.6728156987063117,0.007998864762849785,0.051589365691784184,0.12865450088546987,0.13894156995358445,1,1819,0.5904857175663388,0.006283481808902991,0.16894380265150358,0.13081734656046665,0.10346965141278779,1,-0.08232998113997292,-0.0017153829539467936,0.1173544369597194,0.0021628456749967773,-0.03547191854079666,0.14338029888633094,3,0.9962330456422759,1.1441387903694,0.14790574472712414
tm48703,mano_1987,1718,0.9922584894791917,0.00012792938434260528,0.0008746561611035391,0.0057326103428338125,0.0010063146325281103,1,1819,0.9538504503347831,0.00036734983077792697,0.010215471720312314,0.03298818882093682,0.0025785392931899644,1,-0.0384080391444086,0.0002394204464353217,0.009340815559208775,0.027255578478103008,0.001572224660661854,0.048014083210614185,1,0.05155167125479793,0.22271169934972476,0.17116002809492684
tm50143,jonas_1984,1718,0.0030502395095133466,0.09215582469595222,0.018230791756985523,0.004475270782710469,0.8820878732548385,5,1819,0.0038889303762372506,0.2863179981225899,0.013593018256002159,0.003244842868526798,0.6929552103766439,5,0.000838690866723904,0.19416217342663766,-0.004637773500983364,-0.0012304279141836711,-0.18913266287819464,0.19422326299396803,2,0.44527871104452366,0.7108559877004752,0.26557727665595154
tm51058,lica_1988,1718,0.008903902347301873,0.6293427407121545,0.2739553874745367,0.034490668176397135,0.05330730128960967,2,1819,0.006121032477621544,0.8253596073942259,0.06849642503155434,0.0056721687501161576,0.094350766346482,2,-0.002782869869680329,0.1960168666820714,-0.20545896244298234,-0.028818499426280977,0.04104346505687233,0.28543694145274523,3,0.9606003913597164,0.6253210900215495,-0.33527930133816697
tm512913,stephen eustaquio_1996,1718,0.06303245477800795,0.002690496580459592,0.022089876928380707,0.9028783717914854,0.009308799921666434,4,1819,0.07174880277420359,0.0004262389545118891,0.0460532605914426,0.879697054203006,0.0020746434768359047,4,0.00871634799619564,-0.002264257625947703,0.023963383663061895,-0.02318131758847941,-0.007234156444830529,0.034535761562596134,3,0.4101515622657173,0.45966064097335,0.049509078707632714
tm5404,jeremy mathieu_1983,1718,0.9868737435676964,0.0004906612436690866,0.0023935975275361896,0.009067821316479312,0.0011741763446188923,1,1819,0.9876031001754569,0.0003644269756934372,0.008192306644061698,0.002532233713178305,0.0013079324916095406,1,0.0007293566077605229,-0.00012623426797564945,0.005798709116525509,-0.006535587603301007,0.00013375614699064823,0.008768513493756689,4,0.08179227047782045,0.07838851537534397,-0.00340375510247648
tm55734,gevorg ghazaryan_1988,1718,0.03063207988464938,0.07465940072235647,0.1615626528041942,0.6309883942612471,0.10215747232755286,4,1819,0.013017444844434125,0.04279405992491094,0.8291592732404603,0.05600118942000843,0.05902803257018613,3,-0.017614635040215258,-0.031865340797445525,0.6675966204362661,-0.5749872048412387,-0.04312943975736673,0.88182833287483,3,1.1186040883688562,0.6751622860301816,-0.4434418023386746
tm56183,bruno moreira_1987,1718,0.0006431711652230172,0.982263302346918,0.01187557372442959,0.0008618222930332694,0.0043561304703962946,2,1819,0.0034195521317896905,0.8780903748647739,0.022650071920720393,0.002696286697942817,0.09314371438477323,2,0.0027763809665666732,-0.10417292748214413,0.010774498196290803,0.0018344644049095474,0.08878758391437694,0.10478149732899567,2,0.10471492352093431,0.4564010134838363,0.351686089962902
tm56331,bas dost_1989,1718,0.009210505712331804,0.13893678102324752,0.032684737875650294,0.008413621291559637,0.8107543540972107,5,1819,0.006049460073126,0.9057448489654122,0.027733645241496088,0.002041897386928163,0.05843014833303759,2,-0.003161045639205804,0.7668080679421647,-0.0049510926341542055,-0.006371723904631474,-0.7523242057641731,0.7668570384723071,2,0.6394952304488928,0.3985784860901851,-0.2409167443587077
tm57834,maxi pereira_1984,1718,0.7836156151988621,0.001170473678561817,0.019805476980666016,0.17686007094640627,0.01854836319550371,1,1819,0.8868425180911655,0.0009217347654748171,0.018000024800544773,0.08292833447953923,0.011307387863275831,1,0.10322690289230341,-0.00024873891308699987,-0.0018054521801212434,-0.09393173646686703,-0.007240975332227877,0.13957896018039245,1,0.6569993871421564,0.4424105090360375,-0.21458887810611893
tm58181,nelson lenho_1984,1718,0.9007501240068665,0.0015915223854764422,0.01685261544529309,0.07098207275487739,0.009823665407486616,1,1819,0.8144214729522411,0.004717870805111138,0.09442538669775406,0.05084185974636342,0.0355934097985302,1,-0.0863286510546254,0.003126348419634696,0.07757277125246098,-0.02014021300851397,0.025769744391043584,0.11783706151787382,1,0.40640605549029907,0.6854766396178923,0.2790705841275932
tm58965,ruben lima_1989,1718,0.889247540724522,0.0016688148701549301,0.013629442473597713,0.05908731053342083,0.03636689139830454,1,1819,0.8054999329195345,0.0013731025516108175,0.052790882361369494,0.12128966347842056,0.01904641868906448,1,-0.08374760780498747,-0.0002957123185441126,0.03916143988777178,0.06220235294499973,-0.01732047270924006,0.1114293513613501,1,0.4612642474634735,0.6698629786741402,0.20859873121066674
tm60410,marcos acuna_1991,1718,0.007613655156111791,0.010135120142983397,0.5483940203396545,0.38030966621577206,0.053547538145478454,3,1819,0.07534985007164731,0.002474314550716341,0.066221692466332,0.7930805823513664,0.06287356055993804,4,0.06773619491553552,-0.007660805592267056,-0.4821723278733224,0.4127709161355943,0.009326022414459581,0.6383704747387323,3,0.9375451116079949,0.747259127089912,-0.19028598451808287
tm60517,yacine brahimi_1990,1718,0.01687031410017214,0.5042401819639362,0.38358755494605773,0.0418515873352552,0.053450361654578685,2,1819,0.006970222172977212,0.8487859319527746,0.11917851434403968,0.006157376088473266,0.018907955441735236,2,-0.009900091927194926,0.34454574998883847,-0.26440904060201803,-0.03569421124678193,-0.03454240621284345,0.43588530959892147,2,1.071048772738993,0.5336521019257034,-0.5373966708132896
tm60799,wilson eduardo_1990,1718,0.009380685338773684,0.681515610427418,0.10980829046098126,0.014418962694138433,0.18487645107868858,2,1819,0.017742135805852474,0.5834576096655845,0.22123888315726706,0.009544018543135887,0.1680173528281601,2,0.00836145046707879,-0.09805800076183357,0.1114305926962858,-0.004874944151002546,-0.016859098250528476,0.1487475291776038,3,0.9208946676856709,1.0637196481452347,0.14282498045956382
tm63837,andre andre_1989,1718,0.07124942600016312,0.06810841039256767,0.2043323486653341,0.435560183859232,0.22074963108270307,4,1819,0.07623895434703623,0.07481127458127478,0.33026700282450133,0.4707349913290205,0.047947776918167206,4,0.004989528346873107,0.006702864188707108,0.12593465415916724,0.035174807469788516,-0.17280185416453586,0.13102147907950915,3,1.3911713170864557,1.2564155808338235,-0.13475573625263215
tm64339,pizzi_1989,1718,0.008342258385163915,0.01385042899904147,0.9298788240429503,0.03139154378975451,0.01653694478308985,3,1819,0.013316686846008823,0.20687910279179864,0.17579515571610388,0.017751241019671633,0.5862578136264172,5,0.004974428460844909,0.19302867379275718,-0.7540836683268464,-0.01364030277008288,0.5697208688433273,0.7785326265106912,3,0.3432948510853053,1.0737025575508898,0.7304077064655845
tm66008,renan bardini bressan_1988,1718,0.00541912841039756,0.0043467236151088435,0.798916107585887,0.1853550613873453,0.0059629790012613905,3,1819,0.017162370933259233,0.007110323454697048,0.7086188352731918,0.22191200513430714,0.04519646520454499,3,0.011743242522861673,0.0027635998395882048,-0.09029727231269524,0.036556943746961834,0.039233486203283596,0.0981608310491292,3,0.5742272131081713,0.8230540663049862,0.24882685319681497
tm67815,rafik halliche_1986,1718,0.7901157999067027,0.004056274149566041,0.025027111641687378,0.13552899374036784,0.04527182056167589,1,1819,0.9990645766452254,8.516213573177055e-06,0.00016940602546218055,0.0007066152693568615,5.088584638222396e-05,1,0.20894877673852275,-0.004047757935992864,-0.024857705616225197,-0.13482237847101097,-0.04522093471529367,0.249941903069327,1,0.7117505091763603,0.008134953114571642,-0.7036155560617886
tm70359,david simao_1990,1718,0.04678510645656736,0.0042948828744931895,0.19802192035494331,0.6978545516501888,0.053043538663807364,4,1819,0.013068742289881335,0.0007940271726004196,0.03122676933911111,0.9495703674245569,0.0053400937738501,4,-0.033716364166686025,-0.00350085570189277,-0.1667951510158322,0.2517158157743681,-0.047703444889957265,0.3038593811561788,4,0.8941649721130488,0.2476793561572639,-0.6464856159557849
tm72855,diogo viana_1990,1718,0.039840886927404874,0.06802135440312379,0.5847692422088819,0.2451987540138687,0.06216976244672066,3,1819,0.33994452290443883,0.011990912410792686,0.179108477872297,0.3545949077222808,0.11436117909019061,4,0.30010363597703393,-0.056030441992331106,-0.40566076433658493,0.1093961537084121,0.052191416643469955,0.5193551549034908,3,1.142362487596472,1.3434749199105027,0.20111243231403075
tm73852,fredy montero_1987,1718,0.004686534687124838,0.8717095931985187,0.03928884184901615,0.009893807687190486,0.07442122257814955,2,1819,0.00050761878405774,0.9839204266923024,0.005577085127145623,0.00041095573777626105,0.009583913658717882,2,-0.004178915903067098,0.11221083349378369,-0.033711756721870524,-0.009482851949414225,-0.06483730891943167,0.11762287836073239,2,0.5110053676817835,0.09648736690431947,-0.41451800077746404
tm74550,jefferson nascimento_1988,1718,0.8667946931808949,0.004010652534713894,0.03798930033021873,0.04545571258782653,0.04574964136634587,1,1819,0.8439092868942902,0.0027474658923633457,0.05492307729468242,0.04531501539742529,0.05310515452123868,1,-0.022885406286604626,-0.001263186642350548,0.016933776964463687,-0.0001406971904012455,0.007355513154892808,0.028497544795612888,1,0.5519095475261112,0.6148982039520228,0.06298865642591156
tm75116,lionn_1989,1718,0.14135249842198003,0.019161550207426038,0.12803914163741176,0.07173686348552635,0.6397099462476559,5,1819,0.7361955568638371,0.0026484970942299846,0.08500016813042974,0.11095610574977739,0.06519967216172562,1,0.594843058441857,-0.016513053113196053,-0.04303897350698202,0.03921924226425104,-0.5745102740859303,0.5979142474501661,1,1.0903041472692785,0.8726816196401908,-0.21762252762908774
tm75296,radosav petrovic_1989,1718,0.4300115662581628,0.002925656980587768,0.03166942118034308,0.5121027840897115,0.02329057149119479,4,1819,0.35299290952630397,0.00040364295398658765,0.005322415872402588,0.6328619169959324,0.008419114651374394,4,-0.07701865673185881,-0.0025220140266011804,-0.02634700530794049,0.12075913290622087,-0.014871456839820395,0.1456542718511518,4,0.9195901499259902,0.728352271607821,-0.19123787831816919
tm79128,bruno braga_1983,1718,0.013503546501165713,0.016896657285050617,0.4038070789573694,0.5474356632528556,0.018357054003558568,4,1819,0.0005409527452349422,2.7142739945362146e-05,0.0009231594016195875,0.9982097116391935,0.000299033474006712,4,-0.01296259375593077,-0.016869514545105255,-0.4028839195557498,0.45077404838633783,-0.018058020529551855,0.6049506630239206,4,0.8964812165018282,0.015020629790263716,-0.8814605867115645
tm80462,babanco_1985,1718,0.01880408782395542,0.0013496988154558047,0.031671801617385774,0.9408224162821288,0.0073519954610742795,4,1819,0.10242652690212392,0.005768664707598349,0.03509771254166168,0.8383212481961089,0.018385847652507163,4,0.0836224390781685,0.004418965892142544,0.003425910924275903,-0.10250116808601994,0.011033852191432884,0.1324026657646949,4,0.2864913032499722,0.6020075896356774,0.31551628638570517
tm83466,andre almeida_1990,1718,0.8810347089716933,0.0020219284900322727,0.039569299900486445,0.06825670560208218,0.009117357035705752,1,1819,0.7886612834863702,0.002753287547641393,0.08313225444160975,0.09264280876135768,0.032810365763020946,1,-0.09237342548532312,0.0007313590576091202,0.04356295454112331,0.024386103159275502,0.023693008727315196,0.10500379830087335,1,0.47799400597998554,0.7427608878583956,0.26476688187841
tm83485,nuno reis_1991,1718,0.9518411479160492,0.0002576010139864841,0.0012416430670366856,0.04277291790894486,0.003886690093982645,1,1819,0.9954003173770757,4.3407283151205377e-05,0.00036665220390992575,0.0034405365458383256,0.00074908659002485,1,0.04355916946102645,-0.00021419373083527874,-0.0008749908631267599,-0.03933238136310653,-0.003137603503957795,0.05869624311480381,1,0.2138029324712615,0.03283181164299787,-0.18097112082826364
tm84491,ruben micael_1986,1718,0.08274610747439631,0.08494590185932967,0.26434827585746873,0.554449494780077,0.013510220028728299,4,1819,0.02839883797929332,0.005110748839368206,0.06641964152282964,0.8805025129885296,0.019568258669979383,4,-0.05434726949510299,-0.07983515301996146,-0.1979286343346391,0.32605301820845256,0.0060580386412510834,0.3934635845052383,4,1.1525233687623788,0.49725398916476377,-0.655269379597615
tm84535,eduardo salvio_1990,1718,0.011181719823913824,0.37352576723292613,0.41995099473753617,0.033910995076273445,0.1614305231293503,3,1819,0.0152271221261179,0.25327311350473103,0.4091602543523398,0.022027697656486628,0.30031181236032456,3,0.004045402302204076,-0.1202526537281951,-0.01079074038519634,-0.011883297419786817,0.13888128923097426,0.12138665018892189,2,1.191590871967716,1.2224835910370355,0.030892719069319563
tm84711,joao aurelio_1988,1718,0.3410387244765474,0.00800249191763643,0.10320825729896729,0.4758743945279236,0.07187613177892535,4,1819,0.8740684205655386,0.003137365895195682,0.038675356278961015,0.056518431564621795,0.027600425695683065,1,0.5330296960889912,-0.004865126022440749,-0.06453290102000628,-0.41935596296330185,-0.044275706083242286,0.6812989397840515,1,1.1825194594645492,0.5229967722800601,-0.659522687184489
tm85588,bruno monteiro_1984,1718,0.006210761072467098,7.106701424109238e-05,0.001878466332299753,0.9915426431151662,0.00029706246582579543,4,1819,0.03180040022979849,0.00025399650425150957,0.00807832356948593,0.9589121987754033,0.0009550809210607272,4,0.025589639157331395,0.0001829294900104172,0.006199857237186178,-0.03263044433976281,0.0006580184552349318,0.04192907371946812,4,0.05486443279915487,0.1975584292410185,0.14269399644186362
tm86536,erdem sen_1989,1718,0.5014022260334727,0.0027718839087254843,0.0186348315773989,0.4511617601144718,0.026029298365931066,1,1819,0.2882623794921079,0.0010048839682250434,0.014545341407546677,0.6720893189936649,0.024098076138455566,4,-0.2131398465413648,-0.001766999940500441,-0.004089490169852224,0.22092755887919308,-0.0019312222274755,0.30701372391903736,4,0.8907418224761641,0.7838799249320881,-0.10686189754407593
tm86804,andre claro_1991,1718,0.0592782736479637,0.18967397873950284,0.49259246104115306,0.2337598226619767,0.024695463909403702,3,1819,0.03262116626303927,0.15548341518456785,0.6268035716448723,0.15241273551895215,0.032679111388568424,3,-0.026657107384924432,-0.034190563554934994,0.13421111060371926,-0.08134708714302455,0.007983647479164722,0.162817587521969,3,1.2627682749655649,1.092346641705656,-0.1704216332599089
tm87854,fredy_1990,1718,0.010460355406817752,0.035616241645671516,0.6216643003209786,0.27561885712894646,0.056640245497585714,3,1819,0.01705176977381159,0.2344006300138395,0.578067160876983,0.10661051761763396,0.06386992171773209,3,0.006591414366993837,0.198784388368168,-0.04359713944399568,-0.1690083395113125,0.007229676220146378,0.26461898872593087,2,0.979806881045835,1.1406509551376292,0.16084407409179413
tm89297,rodrigo battaglia_1991,1718,0.0026122818243682344,0.0003372375903723466,0.007526135305518464,0.9881835415961394,0.0013408036836017516,4,1819,0.0036536813973114036,0.00043767617706157896,0.0060231670454556335,0.9882332461372652,0.0016522292429061133,4,0.0010413995729431692,0.00010043858668923236,-0.0015029682600628301,4.970454112573908e-05,0.00031142555930436166,0.0018319348002554996,3,0.07564593074413334,0.07696164144641121,0.0013157107022778725
tm96140,jorge correa_1993,1718,0.05363821664210182,0.17622747259418922,0.494996487535617,0.24210476759578994,0.03303305563230218,3,1819,5.835553253587611e-41,4.2151809723278664e-41,1.0,1.938983014396395e-40,1.855708778429716e-41,3,-0.05363821664210182,-0.17622747259418922,0.505003512464383,-0.24210476759578994,-0.03303305563230218,0.5895561436160737,3,1.2669779406496608,1.1052408446371418e-10,-1.2669779405391368
tm9819,ricardo costa_1981,1718,0.9999178228533568,2.404468105399719e-06,9.968250261871575e-06,6.061093850055294e-05,9.193489775662149e-06,1,1819,0.9948703095556352,0.00014084149842498063,0.002357115512017134,0.0021956291089709435,0.0004361043249519232,1,-0.005047513297721684,0.0001384370303195809,0.0023471472617552624,0.0021350181704703907,0.00042691083517626107,0.005963552478065813,1,0.0009232906315329444,0.037441259797452664,0.03651796916591972
carlos_1995,carlos_1995,1819,0.19847693950455275,0.0998850801682397,0.09615292983303216,0.4373966310119916,0.16808841948218384,4,1920,0.008913296790858534,0.3564940608269242,0.580435044263609,0.028592021246174965,0.025565576872433434,3,-0.18956364271369422,0.2566089806586845,0.4842821144305769,-0.4088046097658167,-0.1425228426097504,0.7095300690715696,3,1.4376707107788538,0.9208879827686409,-0.5167827280102129
diederrick joel_1993,diederrick joel_1993,1819,0.0029385562666206567,0.9447023880465987,0.03212989835932604,0.003868634647639963,0.016360522679814787,2,1920,0.0009901370399150807,0.9820120655737568,0.009667946568605564,0.002126994451072063,0.005202856366650404,2,-0.001948419226705576,0.03730967752715808,-0.022461951790720476,-0.0017416401965679,-0.011157666313164383,0.04362775450887282,2,0.2701112171959472,0.10997058956792109,-0.1601406276280261
francisco reis ferreira_1997,francisco reis ferreira_1997,1819,0.9607156501300902,0.0012201359698683285,0.007947314066709083,0.012966118765698345,0.017150781067633812,1,1920,0.9891353046507428,0.00011308684048735628,0.0004390564039393202,0.00950058392510137,0.0008119681797290383,1,0.02841965452065265,-0.0011070491293809722,-0.007508257662769763,-0.003465534840596975,-0.016338812887904775,0.029619017298182733,1,0.21118599286630962,0.06524395721707003,-0.14594203564923958
hildeberto pereira_1996,hildeberto pereira_1996,1819,0.009972933134795933,0.6697542903972696,0.2878291687188495,0.012869537415601146,0.01957407033348363,2,1920,0.011781283423025625,0.261203612943493,0.6443167090084962,0.04007284455921255,0.042625550065772566,3,0.001808350288229692,-0.40855067745377666,0.35648754028964674,0.027203307143611404,0.023051479732288938,0.5428999101860461,2,0.8058956345232501,0.9496097157926554,0.14371408126940532
mamadu cande_1990,mamadu cande_1990,1819,0.8073828067153578,0.0007188208201446607,0.0919711268255509,0.09703657257938053,0.0028906730595661297,1,1920,0.9862592158067127,0.0002757367330530525,0.0018942759364816333,0.010684215118735045,0.0008865564050175677,1,0.17887640909135494,-0.00044308408709160823,-0.09007685088906928,-0.08635235746064548,-0.002004116654548562,0.21809982750572895,1,0.6406708515807468,0.08250734981667389,-0.5581635017640729
pedrao_1992,pedrao_1992,1819,0.9973596493644804,7.013285683909762e-05,0.00138681184690198,0.0009608265004776134,0.00022257943130078668,1,1920,0.98950655318678,0.0001331250705338106,0.00042242151909587406,0.009189166697216495,0.0007487335263737914,1,-0.007853096177700358,6.299221369471296e-05,-0.0009643903278061059,0.008228340196738881,0.0005261540950730046,0.011415372034797332,4,0.02098144374924924,0.06339168304197473,0.04241023929272549
pedro rodrigues_1997,pedro rodrigues_1997,1819,0.09857172763186732,0.006116620131575518,0.21696196995793432,0.6629437072969816,0.015405974981641304,4,1920,0.032703214357471,0.006462526732816819,0.5297728224026761,0.4036384099903119,0.02742302651672419,3,-0.06586851327439633,0.00034590660124130066,0.31281085244474177,-0.2593052973066697,0.012017051535082887,0.4116171125097479,3,0.9278899810819918,0.9458235798239473,0.017933598741955437
tm102427,sebastian coates_1990,1819,0.9898528990026089,0.00010019586849427056,0.002077327780744695,0.007388268638134137,0.0005813087100179947,1,1920,0.6951198815688552,0.006319267128277597,0.029443159439130655,0.2513338545926337,0.017783837271102984,1,-0.2947330174337537,0.006219071259783326,0.02736583165838596,0.24394558595449956,0.01720252856108499,0.3836203410430407,1,0.06444054502232321,0.8073370787362297,0.7428965337139065
tm103381,tiquinho soares_1991,1819,0.0008042136872160408,0.9793065899478752,0.004478527837600144,0.0007275718418599045,0.014683096685448606,2,1920,0.004640258955488939,0.7769850775306624,0.10690904870734873,0.009648043964721074,0.10181757084177889,2,0.0038360452682728984,-0.20232151241721286,0.10243052086974859,0.00892047212286117,0.08713447415633029,0.22698082751331972,2,0.11766578806933359,0.7374028758619015,0.6197370877925679
tm104466,stefan ristovski_1992,1819,0.9463828229473381,0.0016669350793280943,0.013733831917263609,0.025369588003217664,0.012846822052852539,1,1920,0.5940823027285177,0.017341099389526823,0.07721006370845693,0.25894180549209367,0.05242472868140497,1,-0.3523005202188204,0.01567416431019873,0.06347623179119331,0.233572217488876,0.03957790662855243,0.42772251373800124,1,0.2708621468092254,1.081863379391487,0.8110012325822615
tm109256,haris seferovic_1992,1819,0.0023472145148141594,0.03422130145606525,0.004820054711105424,0.0013566613198771362,0.9572547679981379,5,1920,0.0061816229675092605,0.6616956640892525,0.06400715158875324,0.008407170458506544,0.2597083908959785,2,0.003834408452695101,0.6274743626331872,0.05918709687764782,0.007050509138629407,-0.6975463771021594,0.6303107174767256,2,0.20619584600128213,0.8709409380640667,0.6647450920627845
tm111200,fabio pacheco_1988,1819,0.03827598143238294,0.00046650757582396296,0.009615336793664367,0.9426528415110871,0.008989332687041498,4,1920,0.03302409952818566,0.00039939094227757493,0.003010530347681991,0.9591570528437302,0.00440892633812448,4,-0.0052518819041972795,-6.711663354638803e-05,-0.006604806445982376,0.016504211332643126,-0.004580406348917017,0.018536429755472587,4,0.2711532375041572,0.19714463441110414,-0.07400860309305307
tm111811,florent hanin_1990,1819,0.9323458726461241,0.0021512630789354142,0.03279056314888425,0.009729063090989322,0.022983238035066772,1,1920,0.7133066155449725,0.00428623422494209,0.10991715437321257,0.13767810601221847,0.03481188984465436,1,-0.21903925710115157,0.0021349711460066758,0.07712659122432833,0.12794904292122916,0.011828651809587587,0.26514566357299124,1,0.3223768284275513,0.8969409878770035,0.5745641594494522
tm111828,fransergio_1990,1819,0.015300325977206533,0.07416781097815887,0.7644422311900229,0.12968146395360666,0.016408167901005067,3,1920,0.017006268523764526,0.05174485261572231,0.7010333000751479,0.21355336755865642,0.01666221122670901,3,0.0017059425465579935,-0.022422958362436567,-0.063408931114875,0.08387190360504976,0.0002540433257039419,0.10752157021342947,4,0.7945656166723969,0.8694558192421951,0.07489020256979817
tm112465,sergio oliveira_1992,1819,0.07179646045271396,0.05499319947832526,0.21565276391461666,0.5434269181272584,0.11413065802708577,4,1920,0.046583962830863156,0.02047489725412786,0.4995138760977041,0.17617232589602455,0.25725493792128035,3,-0.0252124976218508,-0.0345183022241974,0.2838611121830874,-0.36725459223123386,0.14312427989419457,0.4661332961176685,4,1.2585711038642469,1.2243485528603377,-0.03422255100390914
tm113025,ze manuel_1990,1819,0.02257727244721433,0.610781195565476,0.270442541650504,0.01901210888240058,0.07718688145440514,2,1920,0.007639055231957653,0.18447190090424098,0.7611124397030069,0.02879770758446498,0.017978896576329447,3,-0.014938217215256677,-0.42630929466123507,0.4906698980525029,0.0097855987020644,-0.05920798487807569,0.6502426253675941,3,1.013422988082548,0.7312135204188005,-0.28220946766374755
tm118323,ricardo alves_1991,1819,0.9966678358713278,4.685204409537162e-05,0.0011148407630745686,0.0018798546451208517,0.0002906166763814546,1,1920,0.8290458954897063,0.005644965998155562,0.007395886954544081,0.14270603983845076,0.01520721171914326,1,-0.16762194038162148,0.00559811395406019,0.006281046191469512,0.1408261851933299,0.014916595042761806,0.21908883986754762,1,0.025539163200389438,0.5624449581275522,0.5369057949271628
tm122946,jardel_1986,1819,0.9987687554640486,4.835182011554576e-05,0.0007466269752143772,0.0003236530506024485,0.00011261269001894881,1,1920,0.9992339158928257,2.680901425114899e-05,3.589582342583783e-05,0.0006440772685854592,5.930200091163123e-05,1,0.0004651604287770894,-2.1542805864396767e-05,-0.0007107311517885393,0.0003204242179830107,-5.331068910731758e-05,0.0009081017380102763,3,0.010711279878760058,0.0067250525900435796,-0.003986227288716479
tm124548,bebeto_1990,1819,0.8178439069871899,0.0012824672858869676,0.020260376085719616,0.11907720603286588,0.04153604360833757,1,1920,0.5459803331122296,0.003765745481044827,0.03518010301181281,0.15218113892812601,0.2628926794667866,1,-0.2718635738749603,0.0024832781951578593,0.014919726926093196,0.03310393289526013,0.22135663585844906,0.2742889682348592,1,0.6375205464474699,1.106925374828712,0.4694048283812421
tm124550,ola john_1992,1819,0.0024265611806065547,0.004068351911189367,0.983278405272693,0.006022587700219242,0.004204093935291958,3,1920,0.056019812539430364,0.05157161624047718,0.5820915167171571,0.07497755571116833,0.235339498791767,3,0.05359325135882381,0.047503264329287816,-0.40118688855553586,0.0689549680109491,0.23113540485647505,0.41332130827651653,3,0.10737875049093754,1.164042515422192,1.0566637649312545
tm125165,jesus corona_1993,1819,0.059480359736287354,0.02476871399122168,0.732178093507329,0.08137030693148956,0.10220252583367231,3,1920,0.14899699952676956,0.021442997907347983,0.44869774859680195,0.21454132781598523,0.16632092615309518,3,0.08951663979048222,-0.0033257160838736956,-0.28348034491052704,0.13317102088449567,0.06411840031942287,0.32576051930959904,3,0.9249427973223416,1.3542312863174024,0.4292884889950608
tm126956,edgar costa_1987,1819,0.014734563119215052,0.18010965153491326,0.6980614161975119,0.02437732170784034,0.0827170474405194,3,1920,0.017079269990970803,0.024618215058302407,0.8867097798674167,0.05047446578028569,0.02111826930302419,3,0.002344706871755751,-0.15549143647661084,0.18864836366990478,0.026097144072445354,-0.06159877813749521,0.2458705970870551,3,0.9185008721206771,0.49951650127035463,-0.4189843708503225
tm127031,pierre sagna_1990,1819,0.7575473003893738,0.0004252809301887122,0.05124664949220086,0.18658303655694233,0.00419773263129437,1,1920,0.9917474292843512,7.958385003273754e-05,0.0005787099938127842,0.007033593489264152,0.0005606833825390761,1,0.23420012889497743,-0.00034569708015597464,-0.050667939498388076,-0.17954944306767817,-0.003637049248755294,0.2994245522328137,1,0.70213356083954,0.05234710889583517,-0.6497864519437049
tm127769,nwankwo obiora_1991,1819,0.33829946265303823,0.016706708974248526,0.11148881226228702,0.49107089179463864,0.04243412431578753,4,1920,0.008443514828147671,0.00023585121791901685,0.0005830564430352515,0.9902064824958016,0.000531095015096576,4,-0.3298559478248906,-0.016470857756329508,-0.11090575581925177,0.4991355907011629,-0.04190302930069095,0.6086975111244702,4,1.1629243082030691,0.0603745692072219,-1.1025497389958472
tm130940,idrissa mandiang_1984,1819,0.060548005600101665,0.00018525419949566455,0.004236356686189675,0.9326232838146349,0.0024070996995779405,4,1920,0.47682574816160767,0.0010435799564926954,0.005339273338235007,0.5031963341891814,0.013595064354483152,4,0.416277742561506,0.0008583257569970309,0.0011029166520453325,-0.42942694962545347,0.011187964654905212,0.5980774340877373,4,0.27410295577221105,0.7922568821676482,0.5181539263954371
tm131933,diego lopes_1994,1819,0.044478089865631815,0.07439419612776621,0.7174648988052509,0.11213340935055416,0.051529405850796996,3,1920,0.0012695349983710578,0.012852229804366908,0.974848375306108,0.007086995329010314,0.003942864562143631,3,-0.04320855486726076,-0.061541966323399304,0.25738347650085713,-0.10504641402154384,-0.04758654128865336,0.2879850619513456,3,0.9681455583465874,0.14616510299225385,-0.8219804553543336
tm132214,joao carlos teixeira_1993,1819,0.0019082316084857909,0.00022701880095735936,0.01342065434584534,0.9837337411418037,0.0007103541029079585,4,1920,0.006890322392217413,0.11428693865099208,0.702304556838788,0.02718584105382753,0.14933234106417484,3,0.004982090783731622,0.11405991985003472,0.6888839024929426,-0.9565479000879762,0.14862198696126688,1.1843054516556937,4,0.09299237472764134,0.9123510016384296,0.8193586269107883
tm137192,zainadine junior_1988,1819,0.9330197387833995,0.0017939670099018684,0.022484822412844715,0.03536251953104958,0.007338952262804246,1,1920,0.9726256176832877,0.0005105649810068375,0.001502252575879302,0.02396118614527422,0.0014003786145518468,1,0.0396058788998882,-0.0012834020288950308,-0.020982569836965413,-0.011401333385775363,-0.0059385736482524,0.04626587731943606,1,0.3156099657145809,0.13924090286824858,-0.1763690628463323
tm137313,jonathan buatu_1993,1819,0.9724670388128159,0.00047348916966007354,0.010664867483522314,0.014784286769665587,0.0016103177643359207,1,1920,0.9787342478123496,0.00026648002792592875,0.0010290898873025818,0.018666989432092634,0.001303192840329082,1,0.006267208999533702,-0.0002070091417341448,-0.009635777596219731,0.0038827026624270473,-0.0003071249240068387,0.01213442834571229,3,0.1518624499305147,0.11328068281540413,-0.03858176711511058
tm139395,ricardo esgaio_1993,1819,0.3347535595087145,0.011706473090483274,0.15936337789537022,0.43950050957937237,0.054676079926059704,4,1920,0.22202481434861077,0.004052436381811052,0.17649107331425803,0.5200424864075829,0.07738918954773734,4,-0.11272874516010373,-0.007654036708672222,0.01712769541888781,0.08054197682821052,0.022713109621677635,0.1398095928220503,1,1.2313159710944825,1.2006424191603964,-0.030673551934086163
tm140032,andreas samaris_1989,1819,0.011151908801800602,0.0006320987979426206,0.008527125592916062,0.9771788653022764,0.002510001505064258,4,1920,0.036982205669497385,0.009159121907675602,0.07386599798884604,0.8673757057023712,0.012616968731609685,4,0.025830296867696785,0.008527023109732981,0.06533887239592998,-0.10980315959990516,0.010106967226545426,0.130636198901687,4,0.13301173553472442,0.535967211802791,0.4029554762680666
tm141050,danilo pereira_1991,1819,0.03975397585050578,0.004531047143674752,0.5515168085068493,0.39781673223722447,0.006381436261745709,3,1920,0.022952630995467065,0.002008173095825503,0.03433211390626285,0.9383644646144657,0.002342617387978928,4,-0.016801344855038716,-0.0025228740478492485,-0.5171846946005864,0.5405477323772412,-0.004038818873766781,0.7483050911157018,4,0.8798069723685339,0.2887429767776502,-0.5910639955908836
tm14132,pepe_1983,1819,0.9658576753258775,0.0022605038365136657,0.01890055723312325,0.007971048114732066,0.0050102154897535695,1,1920,0.9338177584578488,0.0017714717435231193,0.004554550479498123,0.055632652894029605,0.004223566425100468,1,-0.03203991686802876,-0.0004890320929905464,-0.014346006753625129,0.04766160477929754,-0.0007866490646531018,0.05919655315312864,4,0.18738326975297362,0.28353506244709964,0.09615179269412602
tm148489,mikel agu_1993,1819,0.07991951621479439,0.002055050605090612,0.022067677666451454,0.8901979606589218,0.005759794854741868,4,1920,0.1204949460088659,0.004587162415743,0.024372502234556673,0.7335403098850751,0.11700507945575925,4,0.04057542979407151,0.0025321118106523877,0.0023048245681052196,-0.15665765077384664,0.11124528460101737,0.16186324121141743,4,0.432051794799893,0.8485543731824955,0.4165025783826025
tm149928,jubal_1993,1819,0.990151252186419,7.659370077526256e-05,0.000528086130599526,0.008518213041980844,0.000725854940225129,1,1920,0.8872202004593249,0.003085010387846074,0.007703358364053013,0.09320083617774795,0.008790594611028112,1,-0.10293105172709405,0.003008416687070811,0.007175272233453487,0.0846826231357671,0.008064739670802984,0.1335158536406343,1,0.060351592617257005,0.42426774445752846,0.3639161518402715
tm154990,rene santos_1992,1819,0.0034922806418149657,3.230702583768578e-05,0.0007388245011537421,0.9954393061550174,0.0002972816761761324,4,1920,0.24663241680683934,0.0003467620105895446,0.0029546071556424878,0.7488007032137773,0.0012655108131512814,4,0.24314013616502436,0.00031445498475185887,0.0022157826544887457,-0.24663860294124007,0.000968229136975149,0.34634193342687025,4,0.03238230231730571,0.5902800370736645,0.5578977347563587
tm155025,fabio cardoso_1994,1819,0.9930908921841678,0.0006129950842974811,0.003368165799124286,0.00164553147503801,0.001282415457372499,1,1920,0.9815036823698821,0.00036932721354452416,0.0008576235144479938,0.016559335952317417,0.00071003094980811,1,-0.011587209814285737,-0.00024366787075295692,-0.0025105422846762922,0.014913804477279408,-0.0005723845075643891,0.019053797308179386,4,0.04968284175215935,0.10035374995810704,0.0506709082059477
tm157036,dyego sousa_1989,1819,0.0014619033955254816,0.945749467964972,0.009601995788019662,0.0010417676205735054,0.04214486523090924,2,1920,0.010086817130927564,0.023143055373513684,0.022085324539027708,0.010403850227042837,0.9342809527294883,5,0.008624913735402083,-0.9226064125914583,0.012483328751008046,0.009362082606469332,0.8921360874985791,0.9227786645665684,2,0.24751511079748484,0.328740544509508,0.08122543371202318
tm157387,anthony d alberto_1994,1819,0.9329333054973024,0.00043342741907209176,0.013603827734768906,0.04756796764157584,0.005461471707280842,1,1920,0.9855704333193805,0.0001801643753012273,0.0010729389208301242,0.009804912349346478,0.0033715510351414956,1,0.05263712782207819,-0.0002532630437708645,-0.012530888813938781,-0.037763055292229356,-0.0020899206721393467,0.06598335310514619,1,0.29991047070300375,0.08775295156899823,-0.21215751913400552
tm158382,rafael costa_1991,1819,0.036101004358697314,0.03459452260800682,0.6257000524684938,0.2488633420074095,0.05474107855739264,3,1920,0.026775253183717398,0.005829825977769957,0.37893934237593646,0.5805855152603895,0.007870063202186686,4,-0.009325751174979916,-0.028764696630236862,-0.24676071009255734,0.33172217325298,-0.04687101535520595,0.41454170559820686,4,1.0348284851113092,0.8484446794991741,-0.18638380561213508
tm164705,raul silva_1989,1819,0.9796463916496204,0.00024237376197235126,0.0046103857749241976,0.014663223376665844,0.0008376254368172283,1,1920,0.7968946414084424,0.004546795318584164,0.017732124284301244,0.16890806323272728,0.01191837575594481,1,-0.18275175024117807,0.004304421556611812,0.013121738509377047,0.15424483985606144,0.011080750319127582,0.23954202325454602,1,0.11481284014757742,0.6301269585243695,0.5153141183767921
tm166230,josip vukovic_1992,1819,0.060156451619324355,0.0008847449829047094,0.020616267615657605,0.9099723065031906,0.008370229278922642,4,1920,0.00794928804846048,4.940542204691271e-05,0.0004929385763473329,0.9912366564169969,0.0002717115361482572,4,-0.05220716357086388,-0.0008353395608577967,-0.020123329039310273,0.08126434991380627,-0.008098517742774385,0.09866675559090186,4,0.38121696689745443,0.05363166758216468,-0.32758529931528974
tm167291,gabriel_1993,1819,0.016993336576921023,0.00040226633994411255,0.005169104424587021,0.9702763574289979,0.007158935229550015,4,1920,0.043483701869300576,0.00494276397156624,0.1128760347460346,0.8266669599778597,0.012030539435238982,4,0.026490365292379553,0.004540497631622127,0.10770693032144757,-0.1436093974511382,0.004871604205688967,0.1815125269715967,4,0.16424567956722635,0.6193553454863934,0.455109665919167
tm169681,frederico venancio_1993,1819,0.889441758086479,0.004500374354364133,0.047899162274598325,0.041937596770758735,0.016221108513799862,1,1920,0.982513285331409,0.0003338980578913215,0.0006447153069279284,0.01492824122501216,0.001579860078759586,1,0.09307152724493006,-0.004166476296472812,-0.047254446967670394,-0.027009355545746575,-0.014641248435040275,0.10789882647021586,1,0.47393793272224194,0.0976987562301538,-0.37623917649208816
tm175597,ruben ferreira_1990,1819,0.9364645774317046,0.0004782302354324197,0.01668632385794443,0.03612192822789803,0.01024894024702046,1,1920,0.9070245967040003,0.0009431670943928688,0.013772390269874257,0.04558095155596385,0.03267889437576843,1,-0.029439980727704373,0.0004649368589604491,-0.002913933588070173,0.009459023328065821,0.022429954128747973,0.031062723042370285,1,0.30033084293292334,0.40666033384711175,0.10632949091418842
tm176997,anderson carvalho_1990,1819,0.010468692906759565,0.00015266338054980484,0.0017355580866260404,0.9854203906649004,0.0022226949611642496,4,1920,0.0033166788385019484,9.30751041885692e-05,0.0004702464338594249,0.9954134436666976,0.0007065559567521738,4,-0.0071520140682576165,-5.958827636123564e-05,-0.0012653116527666156,0.009993053001797203,-0.0015161390044120759,0.012353824422849373,4,0.08815537325367329,0.033103469548500145,-0.05505190370517314
tm177184,nuno valente_1991,1819,7.450471021218884e-05,3.8251050907028034e-05,0.9997782914848005,8.804005348086972e-05,2.0912700599581983e-05,3,1920,0.09529693550282925,0.02016352919066048,0.5870711746712444,0.2368729038393618,0.06059545679590407,3,0.09522243079261707,0.020125278139753452,-0.4127071168135561,0.23678486378588093,0.06057454409530449,0.48566096624385374,3,0.002366320243132476,1.1264488451315156,1.124082524888383
tm177859,tiago ilori_1993,1819,0.9955407880849458,7.48734053420279e-05,0.000698843562912899,0.002498891429619502,0.0011866035171798485,1,1920,0.976332264972636,0.0006162175723955943,0.0013102068261796674,0.01993318736734808,0.0018081232614405977,1,-0.019208523112309805,0.0005413441670535664,0.0006113632632667684,0.017434295937728578,0.0006215197442607492,0.02595359037873786,1,0.03320525883842762,0.1261019621911252,0.09289670335269759
tm177964,yusupha njie_1994,1819,0.000528646331620244,0.9858756814903897,0.0030850729728121133,0.0004532783438620171,0.010057320861316043,2,1920,0.0016440074128719767,0.9358733276908292,0.042836658124399185,0.005162897629232268,0.014483109142667426,2,0.0011153610812517328,-0.05000235379956053,0.03975158515158707,0.004709619285370252,0.004425788281351383,0.0640612866848224,2,0.08559617812974385,0.296036999366477,0.21044082123673313
tm178078,mato milos_1993,1819,0.5120400799827699,0.0013247351666525065,0.13248002839286438,0.34122583885325003,0.012929317604463213,1,1920,0.9823424321039824,0.00021213291331622746,0.0024858246981899613,0.013025598293751686,0.0019340119907598182,1,0.4703023521212125,-0.0011126022533362791,-0.12999420369467443,-0.32820024055949837,-0.010995305613703394,0.5880471334782988,1,1.0424083287685717,0.1028289318981229,-0.9395793968704488
tm181686,matija ljujic_1993,1819,0.013829214011325005,0.0014459344060091777,0.8746694035066668,0.10789613053460013,0.002159317541398902,3,1920,0.07243698108225369,0.02590130317954212,0.4938646018882857,0.27262678157239684,0.1351703322775217,3,0.058607767070928685,0.024455368773532944,-0.3808048016183811,0.16473065103779672,0.1330110147361228,0.41973970475741346,3,0.4392776534876889,1.2580230604064933,0.8187454069188044
tm182462,welthon_1992,1819,0.010770231743000968,0.7800195769064058,0.14294285328915207,0.02141626795272423,0.044851070108716855,2,1920,0.0017819034636726793,0.9727740540775156,0.012241683307219716,0.002243451341761649,0.010958907809830417,2,-0.008988328279328288,0.19275447717110983,-0.13070116998193235,-0.01917281661096258,-0.03389216229888644,0.23384924897507892,2,0.7422046253994251,0.15517912517465837,-0.5870255002247667
tm182936,filipe ferreira_1990,1819,0.9817988536602732,0.0002130963103513629,0.005619543966384991,0.009954614252598548,0.002413891810392093,1,1920,0.9873333307145931,0.00018119233254322307,0.0016541695606751142,0.009211814030341162,0.001619493361847379,1,0.005534477054319864,-3.190397780813983e-05,-0.003965374405709877,-0.0007428002222573862,-0.0007943984485447139,0.006848897756299012,1,0.10938898203049363,0.0783258369766725,-0.03106314505382113
tm183945,eber bessa_1992,1819,0.02130749812731856,0.030203878123926418,0.28374702101150623,0.3279356321806115,0.33680597055663725,5,1920,0.011133134313424492,0.021737642855326398,0.8252752171948472,0.05469060137215292,0.08716340426424898,3,-0.010174363813894067,-0.00846623526860002,0.5415281961833409,-0.2732450308084586,-0.24964256629238826,0.6067048944435336,3,1.277297793326879,0.6633970684952907,-0.6139007248315883
tm188911,shoya nakajima_1994,1819,0.005646183738213277,0.6178245549324904,0.1280468487039392,0.006167812718413724,0.24231459990694337,2,1920,0.05025229075637264,0.024978696360433376,0.751606946426031,0.12545101466248873,0.04771105179467448,3,0.04460610701815937,-0.5928458585720571,0.6235600977220918,0.119283201944075,-0.19460354811226888,0.8697767498309957,3,0.9647949272636216,0.8626508534103061,-0.10214407385331548
tm190543,dener_1992,1819,0.050727029421194655,0.03492124893278613,0.677601536909629,0.21915537195221418,0.017594812784176104,3,1920,0.030961712953867414,0.04573950204914487,0.614280510409797,0.2775280476689184,0.031490226918272204,3,-0.01976531646732724,0.010818253116358742,-0.06332102649983196,0.058372675716704236,0.0138954141340961,0.08902035723846055,3,0.9358588709276179,1.0126704201234535,0.07681154919583566
tm193082,alex grimaldo_1995,1819,0.5068331800428624,0.007940188824984996,0.3213220701679324,0.056520556956610894,0.10738400400760933,1,1920,0.31159252267538223,0.012303807506392627,0.18628174374398082,0.16619603307426234,0.32362589299998196,5,-0.19524065736748014,0.004363618681407631,-0.13504032642395158,0.10967547611765144,0.21624188899237262,0.26153882174469517,1,1.1496309689315178,1.3938484130840303,0.24421744415251245
tm193303,nuno sequeira_1990,1819,0.5248134452666166,0.007593189506537228,0.07620262539102161,0.2576194713117847,0.13377126852403987,1,1920,0.3744702843586988,0.0075631751641241024,0.1594176065792144,0.18393843015322145,0.2746105037447413,1,-0.15034316090791777,-3.0014342413125714e-05,0.08321498118819277,-0.07368104115856325,0.1408392352207014,0.1869670983168054,1,1.1900847556126726,1.3638330532952925,0.1737482976826199
tm194214,goncalo silva_1991,1819,0.9551472936222639,0.0005295162599987553,0.008082757055389857,0.026661159654110485,0.009579273408236954,1,1920,0.9934800116650558,6.620366178984485e-05,0.0004401346093191372,0.004917516831381213,0.0010961332324539348,1,0.038332718042791925,-0.0004633125982089105,-0.00764262244607072,-0.02174364282272927,-0.008483140175783018,0.04473038801717971,1,0.22792934443744348,0.04414487059595734,-0.18378447384148613
tm195308,luis machado_1992,1819,0.01747045491672216,0.007401238682105258,0.2397838065753583,0.7265676742110679,0.008776825614746433,4,1920,0.005656673254917517,0.006305550602089019,0.9554601691319029,0.0295736056178474,0.003004001393243134,3,-0.011813781661804643,-0.0010956880800162385,0.7156763625565445,-0.6969940685932206,-0.005772824221503299,0.9990666411935788,3,0.7230807483082385,0.22632324521238967,-0.4967575030958489
tm197734,alhassane keita_1992,1819,0.003486896359738558,0.8863400023715393,0.09239731639039589,0.002544855265658131,0.015230929612668084,2,1920,0.011091749464903069,0.9431432379494682,0.020504702725203938,0.010428146314975715,0.014832163545449096,2,0.007604853105164511,0.05680323557792888,-0.07189261366519195,0.007883291049317584,-0.00039876606721898737,0.09227749205658772,3,0.4256661120840118,0.294886649649038,-0.1307794624349738
tm198006,rafa soares_1995,1819,0.8260103399424787,0.002556125817861129,0.07941043203847455,0.055268706329466004,0.036754395871719546,1,1920,0.1313037334078464,0.03542156746035371,0.37757799962540717,0.10262426278397756,0.3530724367224151,3,-0.6947066065346323,0.03286544164249258,0.29816756758693264,0.04735555645451155,0.3163180408506956,0.7581845774645148,1,0.6557562612807394,1.3538745625313888,0.6981183012506494
tm198007,francisco ramos_1995,1819,0.1361402149553886,0.005965966628761632,0.13604996947314357,0.7052306676973021,0.01661318124540404,4,1920,0.05933721048546628,0.002375085335179914,0.015932445276006707,0.9179713617447716,0.004383897158575646,4,-0.07680300446992233,-0.0035908812935817177,-0.12011752419713687,0.21274069404746943,-0.012229284086828392,0.2561218820154191,4,0.887773709758577,0.3502738553090527,-0.5374998544495242
tm198053,lazar rosic_1993,1819,0.971639808269734,0.0007431526757644319,0.011292380094813675,0.013294316968520356,0.003030341991167566,1,1920,0.6193350473219641,0.020676498525114714,0.031563550433317496,0.2593654925399533,0.06905941117965032,1,-0.35230476094776986,0.019933345849350283,0.02027117033850382,0.24607117557143293,0.06602906918848275,0.4306714834502218,1,0.1589493407031374,1.0206031841869676,0.8616538434838302
tm210146,douglas grolli_1989,1819,0.9996490695417953,5.832301668058644e-06,0.00013016322744624547,0.0001817628647271978,3.3172064363154814e-05,1,1920,0.9730391914856764,0.0002125269999081759,0.0007466643840271173,0.024092480156329445,0.001909136974058936,1,-0.02660987805611892,0.00020669469824011725,0.0006165011565808717,0.023910717291602247,0.0018759649096957813,0.035780313133548625,1,0.0034933131837538967,0.13548558720669288,0.13199227402293898
tm211072,paulinho_1992,1819,0.0017480039082423025,0.9418433520004327,0.019599118600059067,0.003919914269991906,0.03288961122127376,2,1920,0.006157078666521351,0.428315324521787,0.051504952306005734,0.008225881553841295,0.5057967629518446,5,0.004409074758279049,-0.5135280274786457,0.03190583370594667,0.004305967283849389,0.47290715173057085,0.5145551462429016,2,0.27862713368787384,0.9315242876593763,0.6528971539715025
tm211107,joao afonso_1990,1819,0.9886423023060928,0.00026503875020797283,0.0026543968219284804,0.003976190706082763,0.004462071415687804,1,1920,0.9491680318449466,0.0011033436969726826,0.0026224203218186476,0.04296286213596727,0.004143342000294696,1,-0.039474270461146266,0.0008383049467647098,-3.197650010983285e-05,0.038986671429884504,-0.00031872941539310817,0.05548767750863093,1,0.07534785571089321,0.23057100529860863,0.15522314958771544
tm212899,filipe augusto_1993,1819,1.3640297295651928e-40,3.053672023932228e-42,1.938983014396395e-40,1.0,1.855708778429716e-41,4,1920,0.037948098687285325,0.0020213588921731917,0.03857947030431535,0.9010131194461584,0.020437952670067597,4,0.037948098687285325,0.0020213588921731917,0.03857947030431535,-0.09898688055384164,0.020437952670067597,0.1128313880819206,4,1.1052408446371418e-10,0.43569511862851323,0.43569511851798914
tm216118,eduardo henrique_1995,1819,0.07226421382736502,0.016078779465645655,0.27607865758377,0.6149490850466796,0.02062926407653976,4,1920,0.05051370480841439,0.006350882231113826,0.06866619306505316,0.8688401625550657,0.005629057340352971,4,-0.021750509018950627,-0.009727897234531829,-0.2074124645187168,0.25389107750838613,-0.015000206736186787,0.32870705240880727,4,0.9906718168616715,0.5181746284680293,-0.4724971883936422
tm223029,fabio martins_1993,1819,0.01778278706397578,0.07886290958038086,0.1760265808408287,0.5087000455796324,0.21862767693518217,4,1920,0.005692532844095873,0.04672059533424475,0.8156420598557799,0.0250935753421492,0.10685123662373015,3,-0.012090254219879908,-0.03214231424613612,0.6396154790149512,-0.48360647023748327,-0.11177644031145202,0.802597334697345,3,1.2539777584160539,0.6701922589789013,-0.5837854994371525
tm224852,patrick_1991,1819,0.5965458430602115,0.008451296740616471,0.1385896166292288,0.18601223937084163,0.0704010041991016,1,1920,0.7427787691256135,0.0018377459527727322,0.03890022789479276,0.20230894879422268,0.014174308232598451,1,0.14623292606540195,-0.006613550787843739,-0.09968938873443604,0.016296709423381045,-0.05622669596650315,0.1778520865324563,1,1.122077272603388,0.7423582820218213,-0.3797189905815668
tm225119,ruben macedo_1996,1819,0.010393153281440616,0.03197054502748469,0.8759310887062063,0.05654563304851958,0.025159579936348927,3,1920,0.022777135012860755,0.07730128935441868,0.7019893812289553,0.15500702775622568,0.04292516664753962,3,0.012383981731420139,0.04533074432693399,-0.17394170747725102,0.0984613947077061,0.017765586711190693,0.20532560296428273,3,0.5286564705741451,0.9565460729886625,0.42788960241451734
tm228940,joao novais_1993,1819,0.013219365487090223,0.03633273608689231,0.8802219413410278,0.03777084222477623,0.03245511486021329,3,1920,0.04487143825722561,0.0762203212259404,0.550498356877249,0.11468500366008039,0.21372487997950454,3,0.03165207277013539,0.03988758513904809,-0.3297235844637788,0.07691416143530416,0.18126976511929124,0.3423832699473055,3,0.5249303398938939,1.2422388519816412,0.7173085120877473
tm229854,leandrinho_1993,1819,0.03927915963022053,0.0022850713061572715,0.04222909366746058,0.9101772156301772,0.006029459765984482,4,1920,0.0009419369144142658,1.5006985555755037e-05,0.00010197722206386642,0.9988883887548917,5.269012307443503e-05,4,-0.038337222715806266,-0.0022700643206015163,-0.04212711644539672,0.08871117312471455,-0.005976769642910046,0.10544791138162998,4,0.39116486464145317,0.009296992232703367,-0.3818678724087498
tm231289,otavio_1995,1819,0.016951353084529462,0.007008854491727179,0.08277723384378231,0.8611223481393765,0.03214021044058445,4,1920,0.03750754948677674,0.014317244238475359,0.2379959888498835,0.6385139185039296,0.07166529892093473,4,0.020556196402247276,0.00730838974674818,0.15521875500610116,-0.2226084296354469,0.03952508848035028,0.272256027704846,4,0.5493740960802957,1.0009206389132514,0.4515465428329557
tm232577,jonatan lucca_1994,1819,0.011716609322864483,0.0014599828137101965,0.16451737821538054,0.8205057076636602,0.0018003219843847043,4,1920,0.13755031996145584,0.0013783757554598458,0.015485327078973586,0.8311916741747464,0.014394303029364428,4,0.12583371063859136,-8.160705825035076e-05,-0.14903205113640694,0.01068596651108622,0.012593981044979724,0.1953429587648077,3,0.5322463789307558,0.5612156320486062,0.02896925311785048
tm235568,joao pedro_1993,1819,0.01674754521906534,0.0017322204547686908,0.06750128801386747,0.9124268331027805,0.001592113209518064,4,1920,0.028506816934587086,0.015403001867909338,0.7382979485884432,0.21099063872707197,0.0068015938819883754,3,0.011759271715521744,0.013670781413140647,0.6707966605745758,-0.7014361943757086,0.005209480672470311,0.9707245053845116,4,0.3553392898026149,0.7519343735580625,0.39659508375544755
tm236886,costinha_1992,1819,0.005015481755994405,0.03240083727068409,0.9098008494950992,0.049192120323595635,0.0035907111546267323,3,1920,0.11278100184928859,0.01066397264638758,0.47225440138374997,0.3374129507411133,0.06688767337946071,3,0.10776552009329418,-0.02173686462429651,-0.43754644811134924,0.28822083041751767,0.06329696222483397,0.5353541257393037,3,0.3920634530981231,1.1963449546522757,0.8042815015541527
tm237000,afonso figueiredo_1993,1819,0.6440662653451575,0.0016015694038898712,0.11831819343103024,0.21237339273196584,0.02364057908795647,1,1920,0.8467514164712191,0.0010339351019347728,0.023815737865900632,0.12073425452500824,0.007664656035937367,1,0.20268515112606156,-0.0005676343019550983,-0.09450245556512961,-0.0916391382069576,-0.015975923052019104,0.24168168829029713,1,0.9637862856220174,0.529559833008542,-0.43422645261347537
tm238055,rafa silva_1993,1819,0.02477180588982221,0.30481424307892574,0.06901470883412776,0.03280253152465219,0.5685967106724722,5,1920,0.01650639486543222,0.0815099180659559,0.6673620769599603,0.05594822176695978,0.1786733883416918,3,-0.00826541102438999,-0.22330432501296985,0.5983473681258326,0.023145690242307587,-0.3899233223307804,0.6391309994897788,3,1.071364094930328,1.011014153036542,-0.06034994189378606
tm240306,bruno fernandes_1994,1819,0.010683702247538925,0.18944804569556078,0.08333471959231795,0.017778134444864074,0.6987553980197183,5,1920,0.006812933549062176,0.046636340943065076,0.3330104721172798,0.01521894850880653,0.5983213048817865,5,-0.003870768698476749,-0.14281170475249572,0.24967575252496185,-0.0025591859360575443,-0.10043409313793183,0.2876711606960149,3,0.892858867714521,0.9141280047810072,0.021269137066486143
tm240578,luiz phellype_1993,1819,0.009948802476931128,0.6340004693483752,0.037660449672634266,0.009144851149676397,0.3092454273523831,2,1920,0.006592445279661778,0.7444332697904147,0.12155637779150572,0.013167657680818462,0.11425024945759951,2,-0.00335635719726935,0.11043280044203951,0.08389592811887145,0.004022806531142065,-0.19499517789478357,0.1387853676524324,2,0.8641463440515261,0.8138436327145908,-0.05030271133693531
tm243783,antonio xavier_1992,1819,0.019437384708576377,0.07818425455323545,0.6010823343142574,0.025185954656373067,0.2761100717675577,3,1920,0.017398502556583303,0.05105130292427126,0.8450346635824608,0.04228413890521472,0.04423139203147002,3,-0.002038882151993073,-0.027132951628964196,0.24395232926820343,0.017098184248841655,-0.23187867973608767,0.24605983208260285,3,1.0298889962506266,0.6363333842549163,-0.3935556119957103
tm255755,alex telles_1992,1819,0.5447510208623141,0.006540299925225486,0.17768691903905293,0.0538563420892352,0.21716541808417247,1,1920,0.24602225126364294,0.02260153432770993,0.17119605457103254,0.09957407620309883,0.46060608363451583,5,-0.2987287695986711,0.016061234402484446,-0.006490864468020385,0.04571773411386363,0.24344066555034335,0.30270296260610935,1,1.159758024514555,1.3195810448347796,0.15982302032022466
tm257388,wilson manafa_1994,1819,0.7722401216260537,0.00942551537424674,0.0803095152829936,0.049951284770327224,0.0880735629463785,1,1920,0.9504194132185885,0.0002807609234748654,0.00406223628212526,0.04254292590328667,0.0026946636725248135,1,0.17817929159253476,-0.009144754450771874,-0.07624727900086833,-0.007408358867040554,-0.08537889927385368,0.19416492428479856,1,0.8097580574401995,0.22325469082115545,-0.586503366619044
tm257455,joao palhinha_1995,1819,0.23500327797437517,0.003847955467852138,0.015395247538552344,0.7334085237519581,0.012344995267262066,4,1920,0.007293171625675386,0.001573506168815526,0.009735687308417092,0.9779850518818944,0.0034125830151975098,4,-0.2277101063486998,-0.002274449299036612,-0.005659560230135252,0.24457652812993635,-0.008932412252064556,0.33422563394665306,4,0.7076171181326717,0.13229502959501518,-0.5753220885376565
tm258004,ruben dias_1997,1819,0.9995662344144588,1.979185675613083e-05,0.00019732163015164937,0.00018267097029524474,3.3981128338242376e-05,1,1920,0.9473340287707447,0.0007115589666027499,0.003840041840407715,0.04575400515571992,0.0023603652665249485,1,-0.052232205643714114,0.0006917671098466191,0.0036427202102560655,0.04557133418542468,0.002326384138186706,0.06941684059442184,1,0.004253364210293903,0.23317571770273168,0.22892235349243778
tm261927,ricardo horta_1994,1819,0.00891900784640727,0.0924232120795486,0.8640279722496476,0.008320834675457372,0.026308973148939183,3,1920,0.013039572302014284,0.0877630930760599,0.6190644249339777,0.02677123908376619,0.2533616706041818,3,0.004120564455607014,-0.0046601190034887,-0.24496354731566983,0.01845040440830882,0.22705269745524262,0.24573614446569728,3,0.524022603188549,1.0117691601279761,0.48774655693942714
tm265589,fahd moufi_1996,1819,0.91358176121187,0.0018968453541562743,0.02258390201897318,0.04910888916687462,0.012828602248126032,1,1920,0.986583958829596,0.00048395307356394093,0.00370265434858968,0.007702745717220911,0.0015266880310293432,1,0.07300219761772608,-0.0014128922805923335,-0.0188812476703835,-0.04140614344965371,-0.011301914217096688,0.08603654659839476,1,0.38394759850246696,0.08513295782109742,-0.29881464068136954
tm265648,pablo santos_1992,1819,0.997137894645815,8.04767316473471e-05,0.0007479441855670577,0.001649906979327744,0.00038377745764278144,1,1920,0.9954566293317997,0.00013544847517574587,0.0003616379972595139,0.0036655254525199844,0.00038075874324492836,1,-0.0016812653140153566,5.4971743528398775e-05,-0.00038630618830754376,0.0020156184731922404,-3.01871439785308e-06,0.0026536060840479376,4,0.02259013749367571,0.032162379280695895,0.009572241787020184
tm269467,cesar_1992,1819,0.9994798215456964,1.3115558425466359e-05,0.0002164735989985095,0.00019047171696237722,0.00010011757991730068,1,1920,0.9404412521538963,0.0006425400094232627,0.0027517020232077946,0.05142164864955273,0.004742857163919718,1,-0.05903856939180008,0.0006294244509977964,0.002535228424209285,0.051231176932590355,0.004642739584002417,0.07821131455250707,1,0.005047679142298088,0.2566777037213074,0.2516300245790093
tm27178,ruben fernandes_1986,1819,0.9626763336701043,0.0005771082780351347,0.011210153428457211,0.01982211187053373,0.005714292752869564,1,1920,0.8380731231017148,0.006754187406049641,0.01174490491614311,0.10516651086148698,0.038261273714605304,1,-0.12460321056838952,0.006177079128014506,0.0005347514876858986,0.08534439899095325,0.03254698096173574,0.15115577656439325,1,0.1985008997366221,0.5957143027393235,0.39721340300270136
tm275287,ruben oliveira_1994,1819,0.08725451559796005,0.008634488083062247,0.2331215919280776,0.627993287477193,0.042996116913707104,4,1920,0.00824380831685014,8.033003545386311e-05,0.0007757209947957384,0.9905480998293694,0.0003520408235308612,4,-0.07901070728110991,-0.008554158047608383,-0.23234587093328188,0.36255481235217646,-0.042644076090176244,0.43788864016372003,4,1.0207610506527085,0.05807559766382211,-0.9626854529888864
tm276030,artur jorge_1994,1819,0.9988552114251007,1.545423366457602e-05,0.0002970347922187758,0.0007285672457189539,0.00010373230329711795,1,1920,0.9992417758247769,1.0805251098149886e-05,2.8091162919565587e-05,0.000663307673816057,5.6020087389168624e-05,1,0.0003865643996762147,-4.6489825664261325e-06,-0.00026894362929921024,-6.525957190289691e-05,-4.771221590794932e-05,0.00047543993900546006,1,0.009942837513607874,0.006578587996176946,-0.0033642495174309285
tm283130,moussa marega_1991,1819,0.0018652435178772764,0.9163318491483332,0.01888018402670545,0.0016163266889355982,0.061306396618148275,2,1920,0.010199689882150299,0.30874062939638636,0.25217699126374604,0.020682873834285825,0.4081998156234315,5,0.008334446364273022,-0.6075912197519469,0.2332968072370406,0.019066547145350228,0.3468934190052832,0.6511739297629322,2,0.34828415598825346,1.202987207062511,0.8547030510742575
tm290336,rochinha_1995,1819,0.01887103009102075,0.21155837977493863,0.6286784478123068,0.08995156423282284,0.050940578088911156,3,1920,0.03512214172007546,0.06296639181958576,0.7395881914888612,0.05477479017843533,0.10754848479304221,3,0.01625111162905471,-0.1485919879553529,0.11090974367655448,-0.03517677405438751,0.05660790670413106,0.18942559011119955,2,1.0636181149035162,0.9137464361669492,-0.14987167873656704
tm290391,nuno santos_1995,1819,0.017961246067564572,0.27448128033612407,0.40227512353531186,0.017938265914257855,0.2873440841467417,3,1920,0.04118426787704545,0.01817794872311747,0.6780052888346958,0.12411192598250927,0.13852056858263206,3,0.023223021809480875,-0.2563033316130066,0.27573016529938393,0.10617366006825141,-0.1488235155641096,0.3918299078505936,3,1.2238506448675877,1.0004744304577786,-0.22337621440980904
tm290530,bilel aouacheria_1994,1819,0.012860550800979177,0.20303975445234282,0.6591487131926791,0.06879753827843417,0.05615344327556479,3,1920,0.016570187739925586,0.0568384529155344,0.8438335191376904,0.040130497078705,0.04262734312814448,3,0.003709636938946409,-0.1462013015368084,0.18468480594501135,-0.028667041199729168,-0.013526100147420311,0.23731594715772691,3,1.0002897738764835,0.6377545992223828,-0.3625351746541008
tm291399,nanu_1994,1819,0.9477215116659212,0.0006966607724148926,0.02254810019602688,0.02235553916920017,0.006678188196436938,1,1920,0.15873229636625022,0.009473661483939171,0.5306604369963024,0.28413327726476184,0.01700032788874632,3,-0.788989215299671,0.008777000711524279,0.5081123368002755,0.26177773809556165,0.010322139692309381,0.9743134755158351,1,0.25987314886277524,1.0993330210610894,0.8394598721983142
tm291402,pite_1994,1819,0.058288137072693466,0.11061477969562258,0.39047316336333593,0.19397732226762493,0.24664659760072316,3,1920,0.0012915874894547956,0.0001356983401235231,0.002473038283490959,0.9959245816609741,0.00017509422595690305,4,-0.05699654958323867,-0.11047908135549907,-0.388000125079845,0.8019472593933492,-0.24647150337476625,0.8995097208991288,4,1.4397969513999684,0.030225530385577886,-1.4095714210143906
tm291941,carraca_1993,1819,0.6318607430463374,0.0026630150608321582,0.13971898882135833,0.21264561311812277,0.013111639953349437,1,1920,0.11761657191445404,0.007517237711691627,0.5826859505434168,0.26643259987827234,0.02574763995216507,3,-0.5142441711318834,0.004854222650859469,0.4429669617220584,0.05378698676014956,0.012635999998815635,0.6808695911425843,1,0.9668816305729494,1.049827956018358,0.0829463254454087
tm291981,djavan da silva ferreira_1987,1819,0.7233441549694402,0.002217081884386162,0.03909767614006384,0.19608873818953368,0.039252348816575876,1,1920,0.9943013775050249,4.914614057597697e-05,0.00030798093260119794,0.004811367107385302,0.0005301283144125483,1,0.27095722253558474,-0.002167935743810185,-0.03878969520746264,-0.19127737108214837,-0.038722220502163326,0.3339374036132721,1,0.8211165288833386,0.03833570477872728,-0.7827808241046114
tm292775,ricardo valente_1991,1819,0.015180610270213057,0.5309361342441808,0.35728862114715704,0.03424410254150634,0.06235053179694259,2,1920,0.03358722808571985,0.05662088164749387,0.6788309922355296,0.07671169837703481,0.15424919965422176,3,0.018406617815506794,-0.474315252596687,0.3215423710883725,0.04246759583552848,0.09189866785727918,0.5748971695237746,2,1.056010278680898,1.0248226250851404,-0.031187653595757592
tm299400,pedro sa_1993,1819,0.0013930663065535866,3.2398010529477894e-05,0.0005308056672443838,0.9976648685577718,0.00037886145790085686,4,1920,0.02359538089320534,0.0005067884221820424,0.002901867645129782,0.9710848946643865,0.001911068375096296,4,0.022202314586651752,0.00047439041165256446,0.002371061977885398,-0.02657997389338529,0.001532206917195439,0.03471721138489286,4,0.018816129744162906,0.1496604446332951,0.13084431488913217
tm308560,jhon murillo_1995,1819,0.044839825171815895,0.24726604529361557,0.5431792237269788,0.051182786492445585,0.11353211931514408,3,1920,0.010916803558317664,0.0017189674955234442,0.018373586023533717,0.9677324434819612,0.0012581994406640367,4,-0.03392302161349823,-0.24554707779809212,-0.5248056377034451,0.9165496569895156,-0.11227391987448004,1.084863295490953,4,1.215367394280851,0.17383905911500316,-1.0415283351658478
tm312123,lucas possignolo_1994,1819,0.9984502733614612,2.3891886382455063e-05,0.000572449141065186,0.0008172698076562913,0.0001361158034347732,1,1920,0.9970051840728352,7.801367600152846e-05,0.0001338742137615587,0.002492976255663652,0.0002899517817378561,1,-0.001445089288625967,5.41217896190734e-05,-0.0004385749273036273,0.001675706448007361,0.00015383597830308286,0.0022564468278614283,4,0.013098567572372665,0.022227681848810597,0.009129114276437932
tm332220,iago santos_1992,1819,0.9904029445061218,5.689868963248722e-05,0.0014112769826788653,0.0076377438205911625,0.0004911360009757799,1,1920,0.9630265496474286,0.0008127414155385765,0.0023679433573572284,0.031335894806254753,0.0024568707734207293,1,-0.027376394858693143,0.0007558427259060893,0.0009566663746783631,0.02369815098566359,0.0019657347724449494,0.036229212858922756,1,0.06034278816078713,0.1796589700690542,0.11931618190826708
tm332615,nelson monte_1995,1819,0.9831416719909282,0.00047562384647906495,0.005141930097231654,0.008244723733605307,0.0029960503317558278,1,1920,0.9984719483442086,2.447109946992821e-05,0.0001271596425704124,0.0012441899509080768,0.0001322309628429768,1,0.015330276353280436,-0.00045115274700913675,-0.005014770454661241,-0.007000533782697231,-0.002863819368912851,0.017589096276520624,1,0.1044221308699488,0.01243102146305355,-0.09199110940689524
tm333166,ronan_1995,1819,0.007605151816057037,0.7300538246629444,0.026606761317447533,0.007555179810186608,0.2281790823933643,2,1920,0.004724530489568359,0.8645607811082359,0.06682801480905906,0.010128240471107164,0.0537584331220295,2,-0.002880621326488678,0.13450695644529143,0.04022125349161153,0.0025730606609205555,-0.1744206492713348,0.14044496852861407,2,0.7373727680861459,0.5355973832564072,-0.20177538482973878
tm334557,chiquinho_1995,1819,0.006530373916529293,0.15268979196603832,0.8074795602289369,0.006641396533731215,0.026658877354764278,3,1920,0.04544516284630013,0.11638446574469843,0.5837497132346702,0.09102987667863637,0.1633907814956949,3,0.038914788929770835,-0.03630532622133989,-0.22372984699426668,0.08438848014490515,0.13673190414093062,0.24496713560543495,3,0.6224142288189722,1.2191907870701542,0.5967765582511819
tm335062,nikola jambor_1995,1819,0.017815814854577932,0.0015653920682789889,0.5655948261595171,0.41043041402901836,0.0045935528886076075,3,1920,0.006024238584698348,9.968445569754565e-05,0.0007577646994435552,0.9924157170852592,0.0007025951749011721,4,-0.011791576269879584,-0.0014657076125814432,-0.5648370614600735,0.5819853030562409,-0.0038909577137064355,0.8111035621559366,4,0.7944236029108258,0.04981558125560659,-0.7446080216552192
tm335380,pedro nuno_1995,1819,0.002903705464792726,0.8347679374694177,0.13618404167191042,0.00420119366059477,0.02194312173328437,2,1920,0.0100145077901054,0.04525822167327884,0.8146491222498075,0.02447612573380585,0.1056020225530025,3,0.007110802325312674,-0.7895097157961388,0.678465080577897,0.020274932073211082,0.08365890081971812,1.0412022345732626,2,0.5460377478046283,0.6814056241135147,0.13536787630888636
tm336158,gustavo sauer_1993,1819,0.05568233400033758,0.0156451979003866,0.21407818084778799,0.5887990337990978,0.12579525345238998,4,1920,0.06885961770082417,0.04136092809817996,0.3902569301112071,0.39602798417335594,0.1034945399164328,4,0.013177283700486597,0.02571573019779336,0.17617874926341912,-0.19277104962574187,-0.02230071353595718,0.26274430317546704,4,1.128500655286131,1.2847898708187468,0.15628921553261588
tm336697,philipe sampaio_1994,1819,0.9814169454236791,0.0018694165491923251,0.004871679619108752,0.006721054473125124,0.005120903934894792,1,1920,0.6862586037160936,0.034864783349493715,0.03678907382954551,0.2235918813173837,0.01849565778748353,1,-0.2951583417075855,0.03299536680030139,0.03191739421043675,0.21687082684425857,0.013374753852588735,0.3691325188860432,1,0.11672355386408999,0.9056180556898396,0.7888945018257496
tm33710,jose semedo_1985,1819,0.061380465107047096,0.0003781471071158816,0.013416808743228946,0.9229293366333359,0.0018952424092720421,4,1920,0.14320822207785666,0.00025334947564978864,0.0016361647518794318,0.8543231662366365,0.000579097457977438,4,0.08182775697080957,-0.00012479763146609296,-0.011780643991349513,-0.06860617039669936,-0.0013161449512946043,0.10743085019990561,1,0.31801678560056695,0.4297395560062409,0.11172277040567397
tm337800,gedson fernandes_1999,1819,0.020537959852361915,0.01623968172336292,0.11002782976895495,0.8074925857250769,0.04570194293024339,4,1920,0.19707245491936026,0.013421488408340388,0.2454905338470314,0.48638948535563586,0.05762603746963212,4,0.17653449506699834,-0.0028181933150225325,0.13546270407807645,-0.321103100369441,0.011924094539388731,0.39067853207609543,4,0.7032237724235307,1.2377463989706676,0.5345226265471369
tm34077,tarantini_1983,1819,0.09545036043241865,0.0028371397134808038,0.4222473446697196,0.47417189640594287,0.005293258778438066,4,1920,0.004127766639139798,0.00035618214533827914,0.004170707532331875,0.9909816201869968,0.00036372349619341203,4,-0.09132259379327885,-0.0024809575681425246,-0.4180766371373877,0.5168097237810538,-0.004929535282244654,0.6709890732361766,4,0.9864770891892344,0.0602016863684144,-0.92627540282082
tm341110,franco cervi_1994,1819,0.03560872284248855,0.26520688775624074,0.33763121357980247,0.08907952134713776,0.27247365447433053,3,1920,0.03661029125579847,0.0036182142906668944,0.7599211114086116,0.1856392855697639,0.014211097475159157,3,0.0010015684133099223,-0.26158867346557385,0.42228989782880916,0.09655976422262613,-0.2582625569991714,0.5060456334163554,3,1.4070440938417024,0.7231132899399225,-0.6839308039017798
tm345061,murilo costa_1994,1819,0.05208602121776225,0.09463348219880302,0.6053704207025244,0.05180739552989815,0.19610268035101208,3,1920,0.04706284905983957,0.03272596642399032,0.7813152177245641,0.09251459156502645,0.046381375226579515,3,-0.005023172157922681,-0.0619075157748127,0.1759447970220397,0.0407071960351283,-0.14972130512443257,0.19097492028040206,3,1.1537082862356847,0.811207714914457,-0.3425005713212277
tm345345,xadas_1997,1819,0.021585820259212907,0.1680928191424201,0.2925000221313072,0.03820297248644717,0.4796183659806128,5,1920,0.0012841004269653366,0.021912096717309412,0.9699835918063041,0.0038158566272944654,0.003004354422126738,3,-0.02030171983224757,-0.1461807224251107,0.6774835696749969,-0.0343871158591527,-0.47661401155848604,0.6942243328734319,3,1.2192475520206552,0.16052770721009554,-1.0587198448105597
tm347905,joao paulo lazaro lucas_1996,1819,0.9683726758859055,0.000274255619457901,0.012688344599217425,0.014060888536498745,0.004603835358920668,1,1920,0.5311159044559102,0.005108634040848896,0.03955247469591375,0.38213714054228587,0.04208584626504141,1,-0.4372567714299953,0.004834378421390995,0.026864130096696325,0.36807625200578714,0.037482010906120744,0.5722050892403739,1,0.173515308202772,0.9917302031229228,0.8182148949201509
tm349513,neris_1992,1819,0.9985117728692353,3.0141802002949994e-05,0.00023117946262965863,0.0009270135057214226,0.00029989236041050435,1,1920,0.9592349856426415,0.00034454801647205665,0.0014157359423743123,0.03682684169946694,0.0021778886990451623,1,-0.03927678722659378,0.0003144062144691067,0.0011845564797446535,0.03589982819374552,0.001877996338634658,0.05322561135867739,1,0.012642981819144038,0.18689115901193384,0.17424817719278982
tm349903,bruno lamas_1994,1819,0.0004431421541387763,0.0006628792767046898,0.9969745135723578,0.0015896997830541029,0.0003297652137444651,3,1920,0.05228822485122189,0.06029156278095737,0.6206266161301511,0.08008282893338378,0.18671076730428587,3,0.051845082697083114,0.059628683504252676,-0.37634789744220665,0.07849312915032967,0.1863810020905414,0.3924823610422483,3,0.024182369028849498,1.1352108035929518,1.1110284345641024
tm352811,aylton boa morte_1993,1819,0.03222649314567774,0.5397457424475477,0.23059778371461584,0.0812625973279163,0.11616738336424229,2,1920,0.001034546209302585,0.008420171687450866,0.980191056525917,0.009286051646205619,0.0010681739311239813,3,-0.031191946936375156,-0.5313255707600968,0.7495932728113012,-0.07197654568171068,-0.11509920943311831,0.9221445100793332,3,1.2358914041448232,0.1177068256215966,-1.1181845785232267
tm356099,cristian borja_1993,1819,0.8655662813478956,0.0010624240278734151,0.024462588100721563,0.07829236823780862,0.030616338285700772,1,1920,0.8215340660301952,0.004373049203327411,0.041308104370933546,0.1201530537175614,0.01263172667798233,1,-0.04403221531770041,0.0033106251754539957,0.016845516270211983,0.041860685479752774,-0.017984611607718443,0.06313386280025515,1,0.5291786050699996,0.626713924799259,0.09753531972925944
tm357156,diogo leite_1999,1819,0.9558219657319559,0.005626634623415498,0.017297873331117132,0.008686427907957083,0.012567098405554488,1,1920,0.9948335415436589,0.0001062593558072121,0.00021022524572744048,0.004331185665541706,0.0005187881892648026,1,0.039011575811703,-0.005520375267608286,-0.017087648085389692,-0.0043552422424153765,-0.012048310216289685,0.04316634617949165,1,0.23874308180298667,0.03539943081855891,-0.20334365098442775
tm357162,florentino luis_1999,1819,0.5950923644581845,0.004180574406809907,0.03944016782063115,0.23996277817922312,0.12132411513515126,1,1920,0.13299512855160173,0.0009234784882306359,0.003379830228211575,0.8431259749744666,0.019575587757489493,4,-0.46209723590658275,-0.0032570959185792715,-0.03606033759241958,0.6031631967952436,-0.10174852737766177,0.7606909057047178,4,1.0576828529200952,0.5148638497294324,-0.5428190031906628
tm358177,andre pereira_1995,1819,0.014146371584641357,0.1863123169180503,0.03192371042774668,0.03074557808384743,0.7368720229857142,5,1920,0.0030728510066136113,0.2444889344903859,0.712846428808436,0.027383064886329495,0.012208720808235173,3,-0.011073520578027747,0.05817661757233558,0.6809227183806893,-0.003362513197517937,-0.724663302177479,0.6835014239868858,3,0.815317681177443,0.7557576961187024,-0.059559985058740605
tm364237,mamadou loum_1996,1819,0.6105531470839066,0.005282100617143541,0.06900871454010586,0.30490150813997446,0.010254529618869601,1,1920,0.08646950236331442,0.1452868634867032,0.23938310182776593,0.42849357195199017,0.10036696037022631,4,-0.5240836447205922,0.14000476286955965,0.17037438728766008,0.1235920638120157,0.0901124307513567,0.581865474461873,1,0.9225513623387268,1.4280581157663532,0.5055067534276264
tm364857,falaye sacko_1995,1819,0.9316435856429122,0.0005986130989020642,0.017862962859201012,0.042919934908609826,0.006974903490374972,1,1920,0.8306437765352914,0.0018345330884413304,0.0320690539867467,0.09034986013298382,0.04510277625653659,1,-0.10099980910762074,0.0012359199895392663,0.014206091127545686,0.047429925224373996,0.038127872766161613,0.11248955404796578,1,0.31206949082571683,0.6329739947929155,0.32090450396719866
tm366278,rodrigo pinho_1991,1819,0.00020348412673100493,0.996349801781893,0.0024299307353714415,0.00022344271194007774,0.0007933406440644519,2,1920,0.0065311877747205645,0.6429913902193269,0.0923096833298771,0.018827085359668545,0.23934065331640691,2,0.006327703647989559,-0.3533584115625661,0.08987975259450566,0.018603642647728468,0.23854731267234247,0.36513925056297436,2,0.027543251618236595,0.9537727346048466,0.92622948298661
tm371245,guilherme schettine_1995,1819,0.001454957194642556,0.9699790020324006,0.007213319732647429,0.001504093053999866,0.01984862798630942,2,1920,0.00045175401995383005,0.9801943190325992,0.01047650270965837,0.0009315216253196658,0.007945902612468895,2,-0.001003203174688726,0.01021531700019862,0.0032631829770109417,-0.0005725714286802002,-0.011902725373840526,0.010785885184195472,2,0.16222057861265538,0.11576624364303967,-0.04645433496961571
tm372459,andre martins sousa_1998,1819,0.9295500041215652,0.00042164337643218135,0.0145855661656216,0.04543762899471553,0.010005157341665771,1,1920,0.9981111779083482,1.6598771446806283e-05,9.348659801755021e-05,0.0015555316097700925,0.0002232051124174093,1,0.06856117378678306,-0.0004050446049853751,-0.014492079567604049,-0.04388209738494544,-0.009781952229248362,0.08268287279267152,1,0.31938529197116944,0.014871615966398695,-0.30451367600477075
tm375025,lucas marques_1995,1819,0.04307532698603677,0.00015322328579391256,0.004959602877119548,0.9502557753910447,0.001556071460005199,4,1920,0.1327320041101403,0.002212929956978302,0.0077835823483072475,0.8486592314714295,0.008612252113144616,4,0.08965667712410352,0.0020597066711843894,0.0028239794711877,-0.10159654391961515,0.007056180653139417,0.1355448071339181,4,0.22167399832963697,0.4995761890912925,0.2779021907616555
tm375039,emmanuel hackman_1995,1819,0.6096565216062018,0.0008722207884510639,0.022889359167806232,0.3626471778470605,0.003934720590480593,1,1920,0.7113901976058405,0.0013258464454433793,0.03351382598087517,0.2454514134421579,0.008318716525683124,1,0.10173367599963878,0.0004536256569923154,0.010624466813068938,-0.11719576440490262,0.004383995935202531,0.15555601273543754,4,0.7839259065623578,0.7494587689783092,-0.034467137584048624
tm375770,gabriel airton de souza_1996,1819,0.04933363973713451,0.2390182483005113,0.5576046299683597,0.0988598681374942,0.055183613856500266,3,1920,0.03075271234263561,0.030683633642130698,0.6150676363551356,0.30279479175810436,0.02070122590199379,3,-0.018580927394498903,-0.2083346146583806,0.05746300638677593,0.20393492362061016,-0.03448238795450648,0.2977247263880619,2,1.2048773053788475,0.9549329238667805,-0.249944381512067
tm375820,henrique_1995,1819,0.6362446941537531,0.00420763352746743,0.2335323609515545,0.11689241091172704,0.009122900455497868,1,1920,0.6039717946762254,0.003713243481766758,0.05099876154339686,0.2888960516067593,0.05242014869185173,1,-0.03227289947752765,-0.0004943900457006715,-0.18253359940815764,0.17200364069503227,0.043297248236353864,0.25287457718688805,3,0.9441286538319302,0.9903658661192013,0.04623721228727107
tm376175,thiago santana_1993,1819,0.002220193741881132,0.9299814040177872,0.015223668883410053,0.00420908285960559,0.048365650497316046,2,1920,0.0002745108785240174,0.9909162605028843,0.005155516308794071,0.0004700475858313996,0.0031836647239661163,2,-0.0019456828633571148,0.06093485648509711,-0.010068152574615982,-0.0037390352737741907,-0.04518198577334993,0.06190468881844425,2,0.3143070374318263,0.06035815090323281,-0.2539488865285935
tm379249,matheus reis_1995,1819,0.6128400231621856,0.0032807670209282994,0.05836324490050971,0.29251368357774044,0.033002281338636065,1,1920,0.7694351397789387,0.0019036762617532512,0.02342477248092847,0.19131041153743872,0.013925999940940983,1,0.15659511661675318,-0.0013770907591750482,-0.03493847241958124,-0.10120327204030172,-0.019076281397695082,0.18970167646557762,1,0.9568041961928972,0.6774480829796088,-0.27935611321328846
tm37947,mateus galiano da costa_1984,1819,0.023874831720281906,0.18190086607680642,0.6444406437718191,0.1278476082144551,0.02193605021663734,3,1920,0.003944037436416015,0.0111809542005986,0.9518712443471904,0.029228969513956322,0.0037747945018389343,3,-0.01993079428386589,-0.17071991187620783,0.3074306005753713,-0.09861863870049878,-0.018161255714798406,0.3657618555031114,3,1.0290921091843492,0.24334128131777846,-0.7857508278665708
tm380409,joao jaquite_1996,1819,0.007678566840195875,0.00035843075427655053,0.0030912571890715245,0.9840083972501134,0.004863347966342576,4,1920,0.017137746096304175,0.0008619329617696978,0.0036502025517085855,0.975616635735771,0.002733482654446639,4,0.0094591792561083,0.0005035022074931473,0.0005589453626370609,-0.0083917615143424,-0.002129865311895937,0.012667425464716647,1,0.09986342827868314,0.13647788281127984,0.03661445453259671
tm383807,kikas_1998,1819,0.007606335588914555,0.7087642288747047,0.039110264837376535,0.0071042271979581215,0.23741494350104617,2,1920,0.00022723812295001114,0.9877659722939718,0.010878629243958398,0.00045995309236235006,0.0006682072467575847,2,-0.007379097465964543,0.2790017434192671,-0.02823163559341814,-0.006644274105595771,-0.23674673625428858,0.28060220158985316,2,0.7843949258433709,0.07166675717835777,-0.7127281686650131
tm387378,luther singh_1997,1819,0.012655435583978953,0.4025643964138758,0.4007097721605529,0.13535241452412833,0.04871798131746404,2,1920,0.001905625828167391,0.0274066205212787,0.9473385255123128,0.007557928067101702,0.015791300071139186,3,-0.010749809755811562,-0.37515777589259713,0.5466287533517599,-0.12779448645702662,-0.032926681246324856,0.6752727893097578,3,1.2059488993088807,0.2641941593111338,-0.9417547399977468
tm388588,jadson_1991,1819,0.9729724214532245,0.0013816531980202671,0.010746531964589938,0.005727759242086192,0.009171634142078918,1,1920,0.6773639306122493,0.0078061882387039415,0.028445545943341203,0.20839002492063188,0.07799431028507352,1,-0.2956084908409752,0.006424535040683675,0.017699013978751267,0.2026622656785457,0.0688226761429946,0.35890235933126624,1,0.15707150284776328,0.9288064085178067,0.7717349056700434
tm396342,toni borevkovic_1997,1819,0.9994479088504031,1.152201810024334e-05,0.0002191397059620341,0.0002560689391388402,6.536048639583966e-05,1,1920,0.9991724418635242,9.271378847515182e-06,2.4838476097121042e-05,0.0007353138368181671,5.8134444713155396e-05,1,-0.0002754669868789694,-2.2506392527281584e-06,-0.00019430122986491304,0.0004792448976793269,-7.226041682684263e-06,0.0005859315370552353,4,0.005276879554229952,0.007070439883809781,0.0017935603295798292
tm397090,davidson da luz pereira_1991,1819,0.0077090840899652555,0.7969610509734864,0.12869852507873847,0.021726249886736274,0.044905089971073654,2,1920,0.005396738246306732,0.03526282037934824,0.8445007285346515,0.020273785485767866,0.09456592735392567,3,-0.0023123458436585236,-0.7616982305941381,0.715802203455913,-0.0014524644009684083,0.04966083738285202,1.0452580760552477,2,0.7047902333781347,0.5909275172388909,-0.11386271613924381
tm401539,messias_1994,1819,0.9987261850401976,3.376443730375401e-05,0.00034359521093630584,0.0006540019126675796,0.0002424533988945411,1,1920,0.9933454651395712,4.48670571847161e-05,0.00016658099679932304,0.00599270178247752,0.0004503850239672269,1,-0.005380719900626385,1.1102619880962088e-05,-0.0001770142141369828,0.00533869986980994,0.0002079316250726858,0.007581907428152908,1,0.011174932601398435,0.04266713518825762,0.03149220258685918
tm407907,gelson_1996,1819,0.00031785858191782335,0.9892230828275576,0.0039710255395398195,0.00032682465454211037,0.0061612083964425165,2,1920,0.004469150226909188,0.23499243001703188,0.05363107151404635,0.008128875996008249,0.6987784722460043,5,0.004151291644991365,-0.7542306528105257,0.04966004597450653,0.007802051341466138,0.6926172638495618,0.7559154073258716,2,0.06921385498120144,0.8109776768902465,0.741763821909045
tm411295,raphinha_1996,1819,0.006084397548461436,0.8466210730143676,0.09561870672990168,0.018697634596785567,0.03297818811048376,2,1920,0.010701492219398272,0.3085177138282373,0.3102805482720306,0.0498376575106112,0.3206625881697227,5,0.004617094670936836,-0.5381033591861304,0.21466184154212892,0.031140022913825633,0.28768440005923895,0.580194751761794,2,0.5833841668655166,1.2886537374705398,0.7052695706050232
tm411838,bruno viana_1995,1819,0.9961107072411256,7.965617638295097e-05,0.0012388094698949313,0.002079103794913048,0.0004917233176836374,1,1920,0.9885125616752685,0.00028894095315817566,0.0005535649380753895,0.008861830836920015,0.0017831015965780125,1,-0.0075981455658571395,0.0002092847767752247,-0.0006852445318195419,0.006782727042006968,0.0012913782788943752,0.010210316466814608,1,0.029511514710223678,0.0710941172421292,0.04158260253190553
tm430579,idrissa doumbia_1998,1819,0.436644957905815,0.0045921456324343355,0.047496094305722304,0.472947497865424,0.03831930429060431,4,1920,0.005231101820256113,4.53389903153297e-05,0.00045746907530595495,0.9940934799424956,0.0001726101716271356,4,-0.4314138560855589,-0.004546806642119006,-0.047038625230416346,0.5211459820770716,-0.03814669411897718,0.6781919754552506,4,1.0103856338415118,0.03883559112091256,-0.9715500427205992
tm430761,lucas fernandes_1997,1819,0.023607557815754267,0.021837085984333534,0.7165491594467966,0.22101907114106448,0.016987125612051145,3,1920,0.0011511907579510468,0.004764266208352814,0.9865416273083749,0.006938536404251258,0.0006043793210700158,3,-0.022456367057803222,-0.01707281977598072,0.26999246786157827,-0.2140805347368132,-0.016382746290981128,0.3457197964417473,3,0.8136357272444017,0.08559851910336522,-0.7280372081410365
tm435497,fabio china_1992,1819,0.9509953431210918,0.0004682075217008917,0.011682319907643818,0.03261774118253359,0.004236388267030039,1,1920,0.752756568226513,0.0002800426975096367,0.0030869380158020997,0.24132206474329285,0.002554386316882538,1,-0.19823877489457875,-0.000188164824191255,-0.008595381891841718,0.20870432356075924,-0.0016820019501475013,0.2879757325548894,4,0.23815099320559302,0.5922466364052885,0.3540956431996955
tm437566,claudio falcao_1994,1819,0.01757904520538584,0.00029462997409348667,0.008814968072101822,0.969868090903762,0.003443265844656822,4,1920,0.727194718269386,0.0005533486248826479,0.002605409510156461,0.26391830287002693,0.005728220725548042,1,0.7096156730640001,0.0002587186507891612,-0.006209558561945361,-0.7059497880337351,0.00228495488089122,1.0009785873013586,1,0.1643405617899479,0.6324491362652211,0.4681085744752732
tm438202,bruno tabata_1997,1819,0.007667397972426124,0.09313684754672705,0.8436417388370457,0.027805343043306778,0.02774867260049439,3,1920,0.019543865939073042,0.01908987674881503,0.7847955777693532,0.03627688752259543,0.14029379202016312,3,0.011876467966646917,-0.07404697079791202,-0.05884616106769258,0.008471544479288655,0.11254511941966873,0.09570079474058202,2,0.6009463184618399,0.7385114891059738,0.13756517064413387
tm442424,murilo oliveira de freitas_1996,1819,0.038022228639586396,0.04670032967972838,0.12382416571300772,0.5213417052216929,0.27011157074598463,4,1920,0.008802964233945164,0.00913799569163803,0.905998506136008,0.0684766288242891,0.007583905114119705,3,-0.02921926440564123,-0.037562333988090356,0.7821743404230003,-0.45286507639740375,-0.2625276656318649,0.9050680474879341,3,1.2191924737020798,0.39463166569081365,-0.8245608080112662
tm445517,heriberto tavares_1997,1819,0.0041274978509531456,0.5409777087546651,0.42367989611803314,0.010325916702725202,0.020888980573623307,2,1920,0.0011086075242060524,0.39779140219126974,0.5919835752401046,0.004142620913015629,0.004973794131403999,3,-0.003018890326747093,-0.14318630656339537,0.16830367912207145,-0.006183295789709573,-0.015915186442219308,0.22107870462556947,3,0.8469024161794424,0.7337088247377698,-0.11319359144167263
tm446043,getterson_1991,1819,0.04367374450421395,0.14563597469190592,0.6230269031910434,0.13773197396536438,0.049931403647472485,3,1920,0.000692385675236884,0.9781244454440917,0.01865147433662712,0.0009860157203126017,0.0015456788237316426,2,-0.042981358828977065,0.8324884707521858,-0.6043754288544162,-0.13674595824505179,-0.048385724823740844,1.0386787603688714,2,1.134822397956862,0.11776800852113596,-1.017054389435726
tm448466,jovane cabral_1998,1819,0.010861038301818424,0.4077572905030557,0.062027253785742135,0.02662212181850754,0.49273229559087617,5,1920,0.005518956675306282,0.0945101785203606,0.6942188679743462,0.013825118853852599,0.19192687797613434,3,-0.005342081626512143,-0.3132471119826951,0.632191614188604,-0.012797002964654943,-0.30080541761474183,0.7056786034285535,3,1.0326418403755409,0.8810092551388644,-0.15163258523667644
tm45335,alberto bueno_1988,1819,0.03408357275004773,0.05188522603410273,0.7627248713607394,0.050518835182971955,0.10078749467213813,3,1920,0.007059332463671545,0.048421559955458486,0.9002695342018322,0.01563203063053698,0.02861754274850092,3,-0.027024240286376185,-0.003463666078644241,0.1375446628410928,-0.03488680455243498,-0.0721699519236372,0.14449197193515576,3,0.8573708966533844,0.44286623710757006,-0.41450465954581434
tm454121,galeno_1997,1819,0.010273002191299944,0.2905130490646421,0.3943063574592281,0.016672808859192062,0.28823478242563794,3,1920,0.0085324070755144,0.07046656688157704,0.6954589246760222,0.028939934590286164,0.19660216677660025,3,-0.0017405951157855436,-0.22004648218306505,0.3011525672167941,0.012267125731094102,-0.09163261564903769,0.37318471982044926,3,1.1999059277388726,0.9024557433832401,-0.29745018435563253
tm45717,nene_1983,1819,0.005928294576524807,0.8630888418610879,0.06478188244734225,0.012948090285285412,0.05325289082975976,2,1920,0.00425483214172406,0.8005011119929035,0.11403842322500457,0.013279144121026194,0.06792648851934165,2,-0.0016734624348007472,-0.0625877298681844,0.049256540777662325,0.0003310538357407817,0.014673597689581888,0.07966392416016914,2,0.5472278244166721,0.6890213017012206,0.1417934772845485
tm46110,ljubomir fejsa_1988,1819,0.02617564909600095,0.00018754621964704317,0.0038947910000972593,0.9665086926068873,0.003233321077367409,4,1920,0.08520939837261837,0.00471628459222666,0.012970501897580354,0.7961343723971147,0.10096944274045984,4,0.05903374927661742,0.004528738372579617,0.009075710897483096,-0.1703743202097726,0.09773612166309242,0.18059698375149744,4,0.17003888222366248,0.7044872247105705,0.534448342486908
tm46717,nuno miguel prata coelho_1987,1819,0.9741405503158224,0.00043168510725717836,0.012593091062687889,0.011700477452888065,0.0011341960613445235,1,1920,0.9998804899989784,2.469138267030851e-06,6.407657430802467e-06,0.0001013340629597556,9.299142363967747e-06,1,0.02573993968315602,-0.0004292159689901475,-0.012586683405257086,-0.01159914338992831,-0.0011248969189805557,0.03091429196609293,1,0.14369373364139065,0.001267720687013986,-0.14242601295437668
tm48206,nuno pinto_1986,1819,0.5904857175663388,0.006283481808902991,0.16894380265150358,0.13081734656046665,0.10346965141278779,1,1920,0.9500327856891251,0.0010530733613305348,0.013413681738691167,0.028251605550549428,0.007248853660303546,1,0.35954706812278625,-0.005230408447572456,-0.1555301209128124,-0.10256574100991722,-0.09622079775248424,0.40498247012468014,1,1.1441387903694,0.2502270430961185,-0.8939117472732816
tm48703,mano_1987,1819,0.9538504503347831,0.00036734983077792697,0.010215471720312314,0.03298818882093682,0.0025785392931899644,1,1920,0.9902413010983866,6.367225590977919e-05,0.0002773800079583198,0.00857773743913281,0.0008399091986124385,1,0.03639085076360349,-0.0003036775748681478,-0.009938091712353993,-0.02441045138180401,-0.001738630094577526,0.04493352916158395,1,0.22271169934972476,0.05936420204488919,-0.16334749730483558
tm499721,wendel_1997,1819,0.02516986978405228,0.03149578079929376,0.5769190256832413,0.3543184062996427,0.012096917433770026,3,1920,0.026742755896084665,0.008862668351206896,0.33441695942138777,0.6238494571794855,0.006128159151835108,4,0.0015728861120323859,-0.022633112448086863,-0.2425020662618535,0.2695310508798428,-0.0059687582819349175,0.36327533811073653,4,0.9399556220849049,0.8306251231018364,-0.10933049898306846
tm51058,lica_1988,1819,0.006121032477621544,0.8253596073942259,0.06849642503155434,0.0056721687501161576,0.094350766346482,2,1920,0.01122295525394226,0.5306364505964392,0.30360050442874137,0.027532447761313163,0.1270076419595641,2,0.005101922776320715,-0.2947231567977867,0.23510407939718703,0.021860279011197005,0.0326568756130821,0.3776765398016066,2,0.6253210900215495,1.109534783411042,0.4842136933894926
tm512913,stephen eustaquio_1996,1819,0.07174880277420359,0.0004262389545118891,0.0460532605914426,0.879697054203006,0.0020746434768359047,4,1920,0.04879892113066745,0.0011958194650780632,0.004167081512929188,0.9436803065876316,0.002157871303693685,4,-0.02294988164353614,0.0007695805105661742,-0.041886179078513414,0.06398325238462554,8.322782685778012e-05,0.07984734125270888,4,0.45966064097335,0.24620894930903492,-0.2134516916643151
tm517300,vitor tormena_1996,1819,0.9603856801536824,0.0003531960673393285,0.009886067841163443,0.026397165526564403,0.0029778904112504525,1,1920,0.9779634058824569,0.0001366313526075037,0.0005109027334341578,0.020133174938287455,0.001255885093214049,1,0.017577725728774474,-0.0002165647147318248,-0.009375165107729285,-0.0062639905882769485,-0.0017220053180364034,0.020884315668915125,1,0.20052826267307686,0.11389709389835748,-0.08663116877471938
tm520469,junio_1997,1819,0.9640752204025956,0.0004989940513540189,0.009005821039011857,0.02482043990809918,0.0015995245989392508,1,1920,0.9837000516969479,0.0006923253510005483,0.001789371536950241,0.01226184339616442,0.0015564080189370297,1,0.01962483129435222,0.00019333129964652941,-0.007216449502061616,-0.012558596511934758,-4.311658000222111e-05,0.024391942728872466,1,0.18351814108271355,0.096553085661535,-0.08696505542117855
tm525287,carlos vinicius_1995,1819,0.0033834514413107067,0.9233258396265026,0.011324310839175728,0.002376441280224898,0.059589956812785956,2,1920,0.0029932063082253025,0.045271010853499334,0.013455633832715407,0.004053906538999667,0.9342262424665602,5,-0.00039024513308540424,-0.8780548287730032,0.002131322993539679,0.0016774652587747694,0.8746362856537742,0.8780591045312662,2,0.3260650188347155,0.30137504223020933,-0.02468997660450617
tm5404,jeremy mathieu_1983,1819,0.9876031001754569,0.0003644269756934372,0.008192306644061698,0.002532233713178305,0.0013079324916095406,1,1920,0.9042678637884418,0.0015317397029755504,0.007222450421844099,0.07763660280430983,0.009341343282428789,1,-0.08333523638701512,0.0011673127272821132,-0.0009698562222175992,0.07510436909113152,0.008033410790819248,0.11219505835976756,1,0.07838851537534397,0.3786067142899006,0.30021819891455664
tm544792,miguel tavares_1998,1819,0.015283279813028468,0.0058064834769611575,0.12276970431860548,0.8378619505516275,0.01827858183977756,4,1920,0.07022083898620544,0.03091074209346058,0.6830420671439326,0.19043568080047796,0.025390670975923322,3,0.05493755917317698,0.025104258616499425,0.5602723628253271,-0.6474262697511495,0.007112089136145763,0.8583206012431215,4,0.5726690813367175,0.9634507136539066,0.3907816323171891
tm55994,ukra_1988,1819,0.040156771627679534,0.009331129460359204,0.643172978232505,0.2071560401771724,0.10018308050228387,3,1920,0.057751520392626224,0.02204045422755268,0.2926187944767485,0.5854074713534326,0.042181759549640034,4,0.01759474876494669,0.012709324767193475,-0.3505541837557565,0.37825143117626026,-0.05800132095264384,0.5161719510547754,4,1.0131980236732065,1.0553532667441896,0.04215524307098306
tm56183,bruno moreira_1987,1819,0.0034195521317896905,0.8780903748647739,0.022650071920720393,0.002696286697942817,0.09314371438477323,2,1920,0.002463317256639647,0.8960412484461372,0.03769586773461121,0.0033810561816428617,0.06041851038096905,2,-0.0009562348751500434,0.01795087358136327,0.01504579581389082,0.0006847694837000449,-0.03272520400380418,0.02345193229543443,2,0.4564010134838363,0.4255263292306263,-0.03087468425321005
tm58175,zequinha_1987,1819,0.009765336357496998,0.07779222209127293,0.8324500774838587,0.0188338892557957,0.061158474811575575,3,1920,0.00044215923756797193,0.0018902616884184861,0.9955348627053575,0.0013794038091213916,0.0007533125595347008,3,-0.009323177119929027,-0.07590196040285443,0.16308478522149883,-0.017454485446674307,-0.06040516225204087,0.18096777463834998,3,0.6422227429701459,0.03422621803744476,-0.6079965249327012
tm58965,ruben lima_1989,1819,0.8054999329195345,0.0013731025516108175,0.052790882361369494,0.12128966347842056,0.01904641868906448,1,1920,0.9269042422526365,0.00025926937364668517,0.005121132062000839,0.06387967295854023,0.0038356833531759484,1,0.12140430933310198,-0.0011138331779641324,-0.04766975029936865,-0.05740999051988033,-0.015210735335888534,0.14250810171387712,1,0.6698629786741402,0.2965651726597201,-0.37329780601442014
tm595012,ibrahima camara_1999,1819,0.05901581951750164,0.0077645888902622496,0.22376883623354335,0.6777253404250754,0.03172541493361734,4,1920,0.1504154066452755,0.011074411351590116,0.0358840275487462,0.7459359778679145,0.05669017658647345,4,0.09139958712777385,0.003309822461327866,-0.18788480868479715,0.06821063744283917,0.02496476165285611,0.21981408473238087,3,0.9128642360512347,0.8355672043962663,-0.07729703165496837
tm60410,marcos acuna_1991,1819,0.07534985007164731,0.002474314550716341,0.066221692466332,0.7930805823513664,0.06287356055993804,4,1920,0.07889659928814399,0.0023891546279306117,0.09026547261833699,0.8076467057480656,0.020802067717522625,4,0.0035467492164966835,-8.515992278572936e-05,0.024043780152004993,0.014566123396699271,-0.04207149284241541,0.028334819516329865,3,0.747259127089912,0.6849767746060177,-0.062282352483894354
tm606050,pedro pelagio_2000,1819,0.010091441964221784,0.0013130295651572295,0.01889656212437655,0.9675080735353274,0.0021908928109168634,4,1920,0.01711879659560804,0.0011830942414898745,0.0119113281816579,0.9665265718363297,0.003260209144914397,4,0.007027354631386257,-0.00012993532366735493,-0.00698523394271865,-0.0009815016989976888,0.0010693163339975335,0.009957782640891822,1,0.1754637237288932,0.1819506719992167,0.006486948270323478
tm60799,wilson eduardo_1990,1819,0.017742135805852474,0.5834576096655845,0.22123888315726706,0.009544018543135887,0.1680173528281601,2,1920,0.019088942962651623,0.091379237657125,0.29897206421089007,0.03913786930380668,0.5514218858655267,5,0.0013468071567991485,-0.4920783720084595,0.07773318105362301,0.029593850760670795,0.38340453303736655,0.4990602984886432,2,1.0637196481452347,1.1102626547055017,0.046543006560267
tm61743,andre santos_1989,1819,0.0024853218945101244,0.00010532740258853726,0.004613168537259878,0.9925849410387168,0.0002112411269246203,4,1920,0.026305078215155386,0.007340475087224891,0.4484232677741216,0.5107439094112192,0.00718726951227883,4,0.02381975632064526,0.0072351476846363545,0.4438100992368617,-0.4818410316274976,0.00697602838535421,0.65555923614703,4,0.04985861376714499,0.870049314584857,0.8201907008177121
tm63837,andre andre_1989,1819,0.07623895434703623,0.07481127458127478,0.33026700282450133,0.4707349913290205,0.047947776918167206,4,1920,0.014189478577901498,0.027680038839340063,0.7334046287625087,0.20006935076361212,0.02465650305663752,3,-0.062049475769134735,-0.047131235741934716,0.40313762593800734,-0.2706656405654084,-0.023291273861529686,0.4917838196356219,3,1.2564155808338235,0.8002929436385146,-0.456122637195309
tm64339,pizzi_1989,1819,0.013316686846008823,0.20687910279179864,0.17579515571610388,0.017751241019671633,0.5862578136264172,5,1920,0.005768326632304144,0.042790028669165904,0.15552621166522523,0.010965782986527658,0.784949650046777,5,-0.0075483602137046794,-0.16408907412263274,-0.020268944050878646,-0.006785458033143975,0.1986918364203598,0.16564744043297472,2,1.0737025575508898,0.6935662692971458,-0.380136288253744
tm67815,rafik halliche_1986,1819,0.9990645766452254,8.516213573177055e-06,0.00016940602546218055,0.0007066152693568615,5.088584638222396e-05,1,1920,0.994390352954481,0.00010043759892703781,0.00025142398049380157,0.004454581804800638,0.0008032036612976368,1,-0.004674223690744439,9.192138535386075e-05,8.201795503162102e-05,0.0037479665354437763,0.0007523178149154129,0.005992561785076223,1,0.008134953114571642,0.0384430717091129,0.03030811859454126
tm68275,claudemir de souza_1988,1819,0.4240172447224779,0.00782994444236319,0.15813366242239194,0.379153316577651,0.030865831835115858,1,1920,0.022546973125822514,0.0011820108397305718,0.002954251268813335,0.9713083707522712,0.0020083940133624094,4,-0.40147027159665544,-0.006647933602632617,-0.1551794111535786,0.5921550541746201,-0.02885743782175345,0.7320866286359804,4,1.1684837472649103,0.15142506043069678,-1.0170586868342135
tm72855,diogo viana_1990,1819,0.33994452290443883,0.011990912410792686,0.179108477872297,0.3545949077222808,0.11436117909019061,4,1920,0.43941958910533363,0.017717004760158105,0.1751493902405812,0.2999196480891052,0.0677943678048219,1,0.0994750662008948,0.005726092349365419,-0.003959087631715791,-0.0546752596331756,-0.046566811285368714,0.1137239434776012,1,1.3434749199105027,1.2815510902695446,-0.061923829640958106
tm74418,jackson martinez_1986,1819,3.103873505277193e-05,0.9993890089301403,0.0002486398562434527,4.580045049826584e-05,0.00028551202806517673,2,1920,0.0011949919511714006,0.9782591304879129,0.015194015868984712,0.0020415903682042846,0.0033102713237266597,2,0.0011639532161186288,-0.021129878442227357,0.01494537601274126,0.001995789917706019,0.003024759295661483,0.025984110368270377,2,0.005784313241251046,0.12470947617152149,0.11892516293027044
tm75116,lionn_1989,1819,0.7361955568638371,0.0026484970942299846,0.08500016813042974,0.11095610574977739,0.06519967216172562,1,1920,0.9985741835242584,1.2888449246562212e-05,9.196119958130699e-05,0.0012308597188433654,9.01071080702457e-05,1,0.26237862666042133,-0.0026356086449834224,-0.08490820693084843,-0.10972524603093403,-0.06510956505365538,0.2968139541563015,1,0.8726816196401908,0.01151072948179379,-0.861170890158397
tm83466,andre almeida_1990,1819,0.7886612834863702,0.002753287547641393,0.08313225444160975,0.09264280876135768,0.032810365763020946,1,1920,0.3370500939998584,0.017753525264279785,0.28248923828563477,0.28381818639272555,0.07888895605750158,1,-0.4516111894865118,0.015000237716638392,0.199356983844025,0.19117537763136788,0.04607859029448064,0.52959315103281,1,0.7427608878583956,1.353018398958771,0.6102575111003754
tm84511,silvio_1987,1819,0.8635281965610168,0.0010118632662073268,0.03143615874519691,0.09812120215631583,0.00590257927126329,1,1920,0.9982756160902302,1.6235737518549422e-05,0.00015902794089204148,0.0013380888580679649,0.00021103137329155138,1,0.13474741952921343,-0.0009956275286887774,-0.031277130804304866,-0.09678311329824786,-0.0056915478979717386,0.16882857659474834,1,0.500532526899196,0.013932422694932625,-0.4866001042042634
tm84711,joao aurelio_1988,1819,0.8740684205655386,0.003137365895195682,0.038675356278961015,0.056518431564621795,0.027600425695683065,1,1920,0.8075051758831979,0.0025620712579198994,0.04257312444057154,0.1073542956225154,0.040005332795795254,1,-0.06656324468234065,-0.0005752946372757826,0.0038977681616105264,0.05083586405789361,0.012404907100112189,0.08384792291831165,1,0.5229967722800601,0.690661397433573,0.16766462515351288
tm89297,rodrigo battaglia_1991,1819,0.0036536813973114036,0.00043767617706157896,0.0060231670454556335,0.9882332461372652,0.0016522292429061133,4,1920,0.019010073367207912,0.0014093910110758762,0.00876272646773674,0.9693294332682003,0.0014883758857790555,4,0.015356391969896509,0.0009717148340142972,0.0027395594222811067,-0.01890381286906484,-0.0001638533571270578,0.024527990762974777,4,0.07696164144641121,0.16598092451467536,0.08901928306826415
tm95429,osama rashid_1992,1819,0.0489541264240834,0.02098175691623832,0.8635782623333733,0.05125207501520665,0.015233779311098343,3,1920,0.048556217764176,0.0029733677374481626,0.37007929160127023,0.5667715914419434,0.011619531455162256,4,-0.00039790865990740193,-0.018008389178790156,-0.4934989707321031,0.5155195164267368,-0.003614247855936087,0.7138809889208552,4,0.5714372959919833,0.9056343546034452,0.3341970586114619
tm96140,jorge correa_1993,1819,5.835553253587611e-41,4.2151809723278664e-41,1.0,1.938983014396395e-40,1.855708778429716e-41,3,1920,0.005287943907548016,0.03812540098482579,0.9332866756212195,0.013939672895748162,0.009360306590658587,3,0.005287943907548016,0.03812540098482579,-0.06671332437878053,0.013939672895748162,0.009360306590658587,0.07827190224551833,3,1.1052408446371418e-10,0.3199978473188606,0.3199978472083365
tm9819,ricardo costa_1981,1819,0.9948703095556352,0.00014084149842498063,0.002357115512017134,0.0021956291089709435,0.0004361043249519232,1,1920,0.993093372436638,7.677795514670217e-05,0.00020961423368077124,0.006353262369436855,0.0002669730050977989,1,-0.0017769371189971794,-6.406354327827846e-05,-0.0021475012783363626,0.004157633260465912,-0.0001691313198541243,0.005005925062507037,4,0.037441259797452664,0.043722195669782596,0.006280935872329932
carlos_1995,carlos_1995,1920,0.008913296790858534,0.3564940608269242,0.580435044263609,0.028592021246174965,0.025565576872433434,3,2021,0.0020852300091825757,0.9278757873097966,0.055696718000982526,0.0031892304454405806,0.011153034234597766,2,-0.006828066781675959,0.5713817264828724,-0.5247383262626265,-0.025402790800734383,-0.014412542637835668,0.7762211751066133,2,0.9208879827686409,0.31164926730191983,-0.6092387154667211
diederrick joel_1993,diederrick joel_1993,1920,0.0009901370399150807,0.9820120655737568,0.009667946568605564,0.002126994451072063,0.005202856366650404,2,2021,0.0007530546671071853,0.9454265015246541,0.046764858326408615,0.0009006065583543031,0.0061549789234756295,2,-0.00023708237280789534,-0.036585564049102626,0.03709691175780305,-0.00122638789271776,0.0009521225568252254,0.05211760349509672,3,0.10997058956792109,0.23934248511892278,0.1293718955510017
goncalo rodrigues_1997,goncalo rodrigues_1997,1920,0.005374592006610434,0.018900416877417333,0.8967469039155891,0.07105706267980609,0.007921024520577191,3,2021,0.0062271126151443165,0.00159290950647565,0.7622904669620845,0.2272767695711856,0.00261274134510993,3,0.0008525206085338828,-0.017307507370941683,-0.13445643695350462,0.15621970689137948,-0.005308283175467261,0.20684150178879349,4,0.4270425649338863,0.601064183723221,0.1740216187893347
jose luis garcia vaya_1998,jose luis garcia vaya_1998,1920,0.08194133187901603,0.0004962910334289121,0.037558751160821795,0.8754010338963654,0.004602592030367794,4,2021,0.23120241859068913,0.0011207980882126658,0.010207237285642792,0.745863034338117,0.01160651169733852,4,0.1492610867116731,0.0006245070547837537,-0.027351513875179003,-0.1295379995582484,0.007003919666970726,0.1995180710016713,1,0.47329453620841866,0.66341592748745,0.19012139127903138
lamine diaby_1996,lamine diaby_1996,1920,0.04299751841560197,0.04044891849611086,0.29619850458912156,0.4396979402778206,0.18065711822134511,4,2021,0.11527265026552852,0.052524201217218625,0.0919182669472144,0.2441467767598928,0.49613810481014564,5,0.07227513184992655,0.012075282721107763,-0.20428023764190717,-0.1955511635179278,0.3154809865888005,0.29213041639132403,3,1.2958550542787717,1.3151857104393443,0.019330656160572612
pedro rodrigues_1997,pedro rodrigues_1997,1920,0.032703214357471,0.006462526732816819,0.5297728224026761,0.4036384099903119,0.02742302651672419,3,2021,0.03116130997275844,9.607992488479638e-05,0.0058457040496409565,0.9612468194867785,0.0016500865659373977,4,-0.0015419043847125571,-0.006366446807932023,-0.5239271183530352,0.5576084094964666,-0.025772939950786795,0.7651599001522389,4,0.9458235798239473,0.18759746667799915,-0.7582261131459481
rui filipe cunha correia_1995,rui filipe cunha correia_1995,1920,0.10778816329431035,0.020566729683556582,0.0979050401943686,0.7224913691167422,0.05124869771102213,4,2021,0.06395668375308022,0.00991228891832035,0.1161055494819402,0.7770378212367716,0.0329876566098878,4,-0.04383147954123012,-0.010654440765236231,0.018200509287571595,0.0545464521200294,-0.018261041101134336,0.07308412744230337,4,0.9346068338307041,0.7801539073219449,-0.1544529265087592
thibang phete_1994,thibang phete_1994,1920,0.5960009483840246,0.00029071650483165575,0.001706564773864623,0.40112548701229384,0.0008762833249854552,1,2021,0.4851588928335087,0.00027921948512024604,0.006851795948457387,0.5067106303528498,0.0009994613800639563,4,-0.1108420555505159,-1.1497019711409712e-05,0.005145231174592764,0.10558514334055596,0.00012317805507850116,0.15316872170561086,1,0.6942713805879221,0.7387084807603882,0.04443710017246605
tm102427,sebastian coates_1990,1920,0.6951198815688552,0.006319267128277597,0.029443159439130655,0.2513338545926337,0.017783837271102984,1,2021,0.9938964554964222,0.00025266424615332027,0.001783806967283057,0.003100108943206323,0.0009669643469352198,1,0.29877657392756707,-0.006066602882124276,-0.027659352471847597,-0.24823374564942735,-0.016816872924167763,0.3894730761641051,1,0.8073370787362297,0.04408678740022047,-0.7632502913360093
tm109256,haris seferovic_1992,1920,0.0061816229675092605,0.6616956640892525,0.06400715158875324,0.008407170458506544,0.2597083908959785,2,2021,0.00674396753796469,0.3924788826491821,0.029924570876151885,0.002943717793364457,0.5679088611433368,5,0.0005623445704554296,-0.2692167814400704,-0.034082580712601354,-0.005463452665142087,0.3082004702473583,0.27142119162552836,2,0.8709409380640667,0.8442719540512638,-0.026668984012802932
tm111200,fabio pacheco_1988,1920,0.03302409952818566,0.00039939094227757493,0.003010530347681991,0.9591570528437302,0.00440892633812448,4,2021,0.48394490894447106,0.0006076726541911512,0.006703260030903727,0.48340346031446046,0.02534069805597358,1,0.45092080941628543,0.00020828171191357626,0.0036927296832217358,-0.47575359252926974,0.0209317717178491,0.6555034224189293,4,0.19714463441110414,0.8338143273161343,0.6366696929050302
tm111828,fransergio_1990,1920,0.017006268523764526,0.05174485261572231,0.7010333000751479,0.21355336755865642,0.01666221122670901,3,2021,0.009530533047220912,0.07811606994874094,0.8898994663424343,0.017539517106298804,0.004914413555304981,3,-0.007475735476543614,0.026371217333018636,0.18886616626728647,-0.1960138504523576,-0.011747797671404027,0.27357482715740145,4,0.8694558192421951,0.4443539540318573,-0.42510186521033777
tm112465,sergio oliveira_1992,1920,0.046583962830863156,0.02047489725412786,0.4995138760977041,0.17617232589602455,0.25725493792128035,3,2021,0.02767840591420203,0.0562476051016635,0.6948074437223024,0.09670159421991481,0.12456495104191743,3,-0.018905556916661126,0.03577270784753564,0.19529356762459832,-0.07947073167610974,-0.1326899868793629,0.21469113036582121,3,1.2243485528603377,0.9995259626491773,-0.22482259021116047
tm113504,nikola stojiljkovic_1992,1920,0.000655849916927945,0.9865663841289072,0.006559609054092864,0.001249086342193531,0.004969070557878403,2,2021,0.0034574926973601067,0.8589272022889395,0.11966234119584729,0.003572763911955104,0.014380199905897992,2,0.0028016427804321616,-0.1276391818399677,0.11310273214175443,0.0023236775697615727,0.00941112934801959,0.17057912368875375,2,0.08583320054281485,0.48539508660654135,0.3995618860637265
tm118323,ricardo alves_1991,1920,0.8290458954897063,0.005644965998155562,0.007395886954544081,0.14270603983845076,0.01520721171914326,1,2021,0.8622273975203222,0.01825774122448388,0.03853488551570005,0.03770678139130053,0.04327319434819336,1,0.03318150203061587,0.012612775226328319,0.03113899856115597,-0.10499925844715023,0.028065982629050096,0.11512851810807247,4,0.5624449581275522,0.5858661485358327,0.0234211904082805
tm122946,jardel_1986,1920,0.9992339158928257,2.680901425114899e-05,3.589582342583783e-05,0.0006440772685854592,5.930200091163123e-05,1,2021,0.9661906926169583,0.0002592746401282085,0.001196076199761941,0.030172630402892767,0.0021813261402589333,1,-0.033043223275867395,0.00023246562587705952,0.0011601803763361031,0.029528553134307307,0.002122024139347302,0.04433046484571625,1,0.0067250525900435796,0.16241598944903726,0.15569093685899368
tm124548,bebeto_1990,1920,0.5459803331122296,0.003765745481044827,0.03518010301181281,0.15218113892812601,0.2628926794667866,1,2021,0.270229248040474,0.0016452628719505287,0.014530017480661333,0.6312488894012238,0.08234658220569031,4,-0.2757510850717556,-0.0021204826090942984,-0.02065008553115148,0.4790677504730978,-0.18054609726109633,0.5531505156289237,4,1.106925374828712,0.9216347394314601,-0.18529063539725188
tm125165,jesus corona_1993,1920,0.14899699952676956,0.021442997907347983,0.44869774859680195,0.21454132781598523,0.16632092615309518,3,2021,0.009587096884632768,0.007911433436808378,0.9033705142000023,0.06712131063927405,0.012009644839282558,3,-0.1394099026421368,-0.013531564470539605,0.4546727656032003,-0.14742001717671116,-0.15431128131381264,0.4980745018944003,3,1.3542312863174024,0.40906307494816135,-0.945168211369241
tm126956,edgar costa_1987,1920,0.017079269990970803,0.024618215058302407,0.8867097798674167,0.05047446578028569,0.02111826930302419,3,2021,0.02340943767895245,0.0018637111156820608,0.09395147729535032,0.865560395182281,0.015214978727734208,4,0.0063301676879816485,-0.022754503942620345,-0.7927583025720664,0.8150859294019953,-0.005903290575289983,1.137272455077802,4,0.49951650127035463,0.5104501860952048,0.010933684824850132
tm127031,pierre sagna_1990,1920,0.9917474292843512,7.958385003273754e-05,0.0005787099938127842,0.007033593489264152,0.0005606833825390761,1,2021,0.6188809487500819,0.0014797918441754507,0.027054086346082903,0.2599425803940657,0.09264259266559388,1,-0.3728664805342693,0.0014002079941427131,0.026475376352270118,0.25290898690480157,0.0920819092830548,0.4513261283137139,1,0.05234710889583517,0.9748869332445227,0.9225398243486875
tm129670,luiz carlos_1985,1920,0.08240503725002624,0.00576144957443616,0.026618716268378237,0.873198663001342,0.012016133905817362,4,2021,0.07744861096379277,0.031244353101775178,0.4965643985908733,0.3633767825561563,0.031365854787402565,3,-0.004956426286233467,0.025482903527339017,0.46994568232249506,-0.5098218804451857,0.0193497208815852,0.6938596678348837,4,0.5034527492974545,1.130472218921932,0.6270194696244775
tm131015,marco baixinho_1989,1920,0.9912270103527275,0.00023463687057061322,0.0003724065816202427,0.00756995799811679,0.0005959881969648558,1,2021,0.9968497768689153,1.8343911732537246e-05,0.00012317469681447668,0.002728950758941786,0.0002797537635957134,1,0.0056227665161877605,-0.00021629295883807598,-0.000249231884805766,-0.004841007239175004,-0.00031623443336914237,0.00742696126028363,1,0.05502949796373298,0.02285424273551771,-0.032175255228215266
tm131933,diego lopes_1994,1920,0.0012695349983710578,0.012852229804366908,0.974848375306108,0.007086995329010314,0.003942864562143631,3,2021,0.00875456482748019,0.017083384762571246,0.9229884292857259,0.025688541815229383,0.02548507930899323,3,0.007485029829109132,0.004231154958204338,-0.05185994602038213,0.01860154648621907,0.0215422147468496,0.05576199312021502,3,0.14616510299225385,0.37255669201915986,0.226391589026906
tm137192,zainadine junior_1988,1920,0.9726256176832877,0.0005105649810068375,0.001502252575879302,0.02396118614527422,0.0014003786145518468,1,2021,0.9895008894654774,2.912745748914362e-05,0.00030370342831059115,0.009948110578822349,0.00021816906990035833,1,0.016875271782189727,-0.0004814375235176939,-0.0011985491475687109,-0.01401307556645187,-0.0011822095446514884,0.021972923945211473,1,0.13924090286824858,0.0609115510738986,-0.07832935179435
tm139395,ricardo esgaio_1993,1920,0.22202481434861077,0.004052436381811052,0.17649107331425803,0.5200424864075829,0.07738918954773734,4,2021,0.10717381706000388,0.0005588887615780989,0.009863555531068345,0.8754812879149544,0.006922450732395321,4,-0.11485099728860688,-0.003493547620232953,-0.16662751778318968,0.3554388015073715,-0.07046673881534202,0.40902863928183103,4,1.2006424191603964,0.439944393824069,-0.7606980253363274
tm141050,danilo pereira_1991,1920,0.022952630995467065,0.002008173095825503,0.03433211390626285,0.9383644646144657,0.002342617387978928,4,2021,0.15303413472874128,0.003215236900106702,0.16124027909682795,0.6715942057018497,0.010916143572474389,4,0.1300815037332742,0.001207063804281199,0.1269081651905651,-0.26677025891261597,0.00857352618449546,0.3227920507832827,4,0.2887429767776502,0.9166314905419657,0.6278885137643155
tm14132,pepe_1983,1920,0.9338177584578488,0.0017714717435231193,0.004554550479498123,0.055632652894029605,0.004223566425100468,1,2021,0.9923432777696459,0.00011115252525663748,0.0008201520045751617,0.006170811879944795,0.0005546058205775725,1,0.05852551931179717,-0.0016603192182664819,-0.003734398474922961,-0.04946184101408481,-0.003668960604522895,0.07673599233146201,1,0.28353506244709964,0.05002199908136761,-0.23351306336573202
tm145918,diogo salomao_1988,1920,0.15586809147233052,0.019105253804437096,0.20258288525202905,0.38358097498915117,0.23886279448205225,4,2021,0.18321686844514284,0.0008915129331706196,0.05588479322064903,0.7497094820568816,0.010297343344155833,4,0.027348776972812322,-0.018213740871266475,-0.14669809203138,0.3661285070677304,-0.22856545113789642,0.3957904873183875,4,1.3983473060060092,0.7414806381729393,-0.6568666678330699
tm148489,mikel agu_1993,1920,0.1204949460088659,0.004587162415743,0.024372502234556673,0.7335403098850751,0.11700507945575925,4,2021,0.4428640044482403,0.001103796025747361,0.00940274176563945,0.50638970454035,0.04023975322002277,4,0.3223690584393744,-0.0034833663899956385,-0.014969760468917223,-0.2271506053447251,-0.07676532623573648,0.39465863086655983,1,0.8485543731824955,0.8859639935574795,0.037409620374983965
tm154990,rene santos_1992,1920,0.24663241680683934,0.0003467620105895446,0.0029546071556424878,0.7488007032137773,0.0012655108131512814,4,2021,0.1757198324365313,0.0001439654143332798,0.0040236218246368525,0.8193000029052535,0.0008125774192450395,4,-0.07091258437030803,-0.0002027965962562648,0.0010690146689943648,0.07049929969147617,-0.0004529333939062419,0.09999964898881698,1,0.5902800370736645,0.49809133612963974,-0.09218870094402476
tm155025,fabio cardoso_1994,1920,0.9815036823698821,0.00036932721354452416,0.0008576235144479938,0.016559335952317417,0.00071003094980811,1,2021,0.9409718408435125,0.003617006993101015,0.012926709510122085,0.03336930863781318,0.009115134015451453,1,-0.04053184152636957,0.003247679779556491,0.012069085995674092,0.01680997268549576,0.008405103065643344,0.04562472597098384,1,0.10035374995810704,0.2900780107265637,0.18972426076845667
tm157036,dyego sousa_1989,1920,0.010086817130927564,0.023143055373513684,0.022085324539027708,0.010403850227042837,0.9342809527294883,5,2021,0.02981771043694745,0.14412129155843587,0.7809725801636512,0.023169725400403622,0.021918692440561716,3,0.01973089330601989,0.12097823618492218,0.7588872556246236,0.012765875173360785,-0.9123622602889265,0.76882889910531,3,0.328740544509508,0.7479553581692128,0.41921481365970475
tm157387,anthony d alberto_1994,1920,0.9855704333193805,0.0001801643753012273,0.0010729389208301242,0.009804912349346478,0.0033715510351414956,1,2021,0.6104145737802669,0.00020831244225591531,0.004119255002444523,0.3808710320507831,0.004386826724249687,1,-0.3751558595391137,2.8148066954688025e-05,0.003046316081614399,0.3710661197014366,0.0010152756891081915,0.5276753404990562,1,0.08775295156899823,0.7171694423511608,0.6294164907821626
tm159142,aderlan santos_1989,1920,0.9938279834941293,0.00011736103115801371,0.00041846726168976486,0.005041359215768866,0.000594828997254189,1,2021,0.9997566538126207,7.875204044168905e-07,6.785511041450565e-06,0.00022916972343751103,6.603432495806418e-06,1,0.005928670318491425,-0.00011657351075359683,-0.0004116817506483143,-0.004812189492331355,-0.0005882255647583826,0.007647834379920357,1,0.0415574245743925,0.0023345847575412322,-0.03922283981685127
tm164705,raul silva_1989,1920,0.7968946414084424,0.004546795318584164,0.017732124284301244,0.16890806323272728,0.01191837575594481,1,2021,0.9570235637592226,6.724092565244456e-05,0.00045984862696077546,0.04207465016891902,0.00037469651924517425,1,0.16012892235078025,-0.004479554392931719,-0.01727227565734047,-0.12683341306380824,-0.011543679236699637,0.2050521503339558,1,0.6301269585243695,0.1824808429827046,-0.4476461155416649
tm167291,gabriel_1993,1920,0.043483701869300576,0.00494276397156624,0.1128760347460346,0.8266669599778597,0.012030539435238982,4,2021,0.26949332329932707,0.011582350972540234,0.22962517270534671,0.40577231614361375,0.0835268368791722,4,0.2260096214300265,0.006639587000973994,0.11674913795931212,-0.4208946438342459,0.07149629744393322,0.49184051837672604,4,0.6193553454863934,1.3162034993605212,0.6968481538741278
tm168530,douglas tanque_1993,1920,0.0026644553427789255,0.8488899455355537,0.049369555653392794,0.005043667601009388,0.0940323758672652,2,2021,0.00015000387203468004,0.9850932724453101,0.013242077108861055,0.00015457367886298926,0.0013600728949312551,2,-0.0025144514707442457,0.13620332690975634,-0.03612747854453174,-0.004889093922146399,-0.09267230297233395,0.1410204477118473,2,0.552371229397477,0.08371241678413234,-0.46865881261334463
tm172181,diogo figueiras_1991,1920,0.8810464969100331,0.0009399862872636849,0.015257038444208813,0.09376235586736174,0.008994122491132748,1,2021,0.7237403638428886,0.00011151097509937583,0.005676840509216107,0.2688969915102152,0.001574293162580784,1,-0.15730613306714447,-0.0008284753121643091,-0.009580197934992707,0.17513463564285342,-0.007419829328551964,0.2356052348020088,4,0.44625492551835455,0.6277104341196416,0.181455508601287
tm176485,lucas piazon_1994,1920,0.0015133003452403408,0.008324820338529186,0.9797510325212184,0.007809741024481509,0.0026011057705302688,3,2021,0.02484358753901007,0.4341483920006996,0.422272685523097,0.0251458828928759,0.09358945204431736,2,0.023330287193769728,0.42582357166217044,-0.5574783469981215,0.01733614186839439,0.09098834627378709,0.7021058792449402,3,0.12310980337441367,1.1323958385463224,1.0092860351719088
tm176997,anderson carvalho_1990,1920,0.0033166788385019484,9.30751041885692e-05,0.0004702464338594249,0.9954134436666976,0.0007065559567521738,4,2021,0.1035253659102008,0.00249915951000523,0.038990319926259995,0.8319773320552156,0.02300782259831836,4,0.10020868707169885,0.002406084405816661,0.03852007349240057,-0.16343611161148197,0.022301266641566186,0.1955574822075144,4,0.033103469548500145,0.6160914566929125,0.5829879871444124
tm177964,yusupha njie_1994,1920,0.0016440074128719767,0.9358733276908292,0.042836658124399185,0.005162897629232268,0.014483109142667426,2,2021,0.002300439843716101,0.9371820352903065,0.03296126555659282,0.001593232303360585,0.025963027006024143,2,0.0006564324308441242,0.0013087075994773212,-0.009875392567806368,-0.0035696653258716834,0.011479917863356717,0.010602335026974457,3,0.296036999366477,0.2923111076314126,-0.0037258917350643794
tm179860,andraz sporar_1994,1920,0.0030548618031913375,0.9207663943265512,0.056871547318840324,0.006048684201444986,0.013258512349972223,2,2021,0.0005328642989498518,0.9761859244320134,0.011122029557444051,0.0003172458678873932,0.011841935843705211,2,-0.0025219975042414856,0.05541953010546219,-0.04574951776139627,-0.005731438333557593,-0.001416576506267012,0.07213565380096944,2,0.34496173811986564,0.13266845101421226,-0.21229328710565337
tm182711,carlos mane_1994,1920,0.022558859846621104,0.012820491570140036,0.8492086351553347,0.06932808973274772,0.04608392369515635,3,2021,0.020201300094469955,0.05526675551056343,0.8405514401059079,0.0615968627612724,0.022383641527786335,3,-0.002357559752151149,0.0424462639404234,-0.008657195049426858,-0.007731226971475318,-0.023700282167370013,0.044067701404694785,2,0.6070371782484236,0.6415808396793786,0.034543661430955
tm182882,franck yves bambock_1995,1920,0.027458858394140098,0.0063883491170626154,0.04201309791109123,0.9124593702268049,0.011680324350901182,4,2021,0.13259462741361536,0.0011527221322659008,0.03991853504681847,0.8188665710230886,0.007467544384211688,4,0.10513576901947526,-0.005235626984796715,-0.0020945628642727587,-0.09359279920371633,-0.004212779966689494,0.14087207307915908,1,0.3997382113807779,0.6044825125043878,0.20474430112360986
tm182936,filipe ferreira_1990,1920,0.9873333307145931,0.00018119233254322307,0.0016541695606751142,0.009211814030341162,0.001619493361847379,1,2021,0.8485337391198162,0.0001861896874604199,0.004945008087395444,0.14174220815652733,0.004592854948800626,1,-0.13879959159477684,4.997354917196835e-06,0.0032908385267203296,0.13253039412618617,0.002973361586953247,0.1919386923923928,1,0.0783258369766725,0.46887451293301685,0.39054867595634435
tm183945,eber bessa_1992,1920,0.011133134313424492,0.021737642855326398,0.8252752171948472,0.05469060137215292,0.08716340426424898,3,2021,0.02921014227855851,0.024424624227694165,0.14643019676248417,0.5789885689034563,0.2209464678278069,4,0.01807700796513402,0.0026869813723677666,-0.678845020432363,0.5242979675313034,0.13378306356355793,0.857935264812642,3,0.6633970684952907,1.1251912866697733,0.46179421817448263
tm187211,ygor nogueira_1995,1920,0.9973101308956746,5.050858636147141e-05,0.000145153697682897,0.0021405529047307252,0.00035365391555022287,1,2021,0.9862873575773716,8.410793098939904e-06,7.976470701289555e-05,0.013555437405305066,6.902951721154314e-05,1,-0.011022773318302925,-4.209779326253151e-05,-6.538899067000144e-05,0.01141488450057434,-0.0002846243983386797,0.015868433058510902,4,0.020436648517776976,0.07343204021184901,0.05299539169407204
tm190185,marcelo ferreira_1989,1920,0.992390307175757,0.00015236967284562586,0.0004528928186799028,0.00615375961551485,0.000850670717202628,1,2021,0.9333290519124317,3.7816896194484094e-05,0.0004024502443653861,0.06563845513248505,0.000592225814523507,1,-0.059061255263325396,-0.00011455277665114177,-5.044257431451667e-05,0.0594846955169702,-0.00025844490267912105,0.08382527387857601,4,0.04974778161252852,0.2511024160637757,0.20135463445124718
tm190543,dener_1992,1920,0.030961712953867414,0.04573950204914487,0.614280510409797,0.2775280476689184,0.031490226918272204,3,2021,0.319758244358225,0.00608655028714031,0.16081320226075857,0.4958767751665773,0.017465227927298918,4,0.28879653140435757,-0.03965295176200456,-0.45346730814903846,0.21834872749765888,-0.014024998990973286,0.5816223512679081,3,1.0126704201234535,1.10803782542198,0.0953674052985265
tm193082,alex grimaldo_1995,1920,0.31159252267538223,0.012303807506392627,0.18628174374398082,0.16619603307426234,0.32362589299998196,5,2021,0.38262617396494103,0.004910015212179836,0.1347496971671066,0.3907523932076768,0.08696172044809565,4,0.0710336512895588,-0.007393792294212791,-0.05153204657687421,0.22455636013341446,-0.23666417255188632,0.24120853732980818,4,1.3938484130840303,1.2433436199818648,-0.15050479310216547
tm193303,nuno sequeira_1990,1920,0.3744702843586988,0.0075631751641241024,0.1594176065792144,0.18393843015322145,0.2746105037447413,1,2021,0.12666400157452867,8.799850890269496e-05,0.0023814622629971696,0.8687557837580393,0.002110753895532143,4,-0.2478062827841701,-0.0074751766552214076,-0.1570361443162172,0.6848173536048179,-0.2724997498492091,0.745049656380932,4,1.3638330532952925,0.41215302933947306,-0.9516800239558194
tm193994,yves baraye_1992,1920,0.006190125337287396,0.11658873026852022,0.7942760334061223,0.06357810605214463,0.019367004935925445,3,2021,0.005697672399792889,0.0907628723897056,0.8688009826092592,0.008764558797850243,0.02597391380339227,3,-0.0004924529374945074,-0.025825857878814626,0.0745249492031369,-0.05481354725429439,0.006606908867466826,0.09605056200460921,3,0.7165533423972947,0.5057590752338647,-0.21079426716343008
tm194214,goncalo silva_1991,1920,0.9934800116650558,6.620366178984485e-05,0.0004401346093191372,0.004917516831381213,0.0010961332324539348,1,2021,0.9986450891156908,1.9134858663121668e-05,9.416590878937756e-05,0.0010383790171463558,0.00020323109971045848,1,0.005165077450634992,-4.7068803126723184e-05,-0.0003459687005297596,-0.0038791378142348574,-0.0008929021327434763,0.006468975580944705,1,0.04414487059595734,0.011296297598733716,-0.03284857299722363
tm196792,julian weigl_1995,1920,5.361241665100792e-40,1.3677816998131532e-41,1.27295824939554e-40,1.0,2.4797255949870755e-41,4,2021,0.03302404266110352,0.0002072350393818106,0.006370386288946346,0.958607508005339,0.0017908280052292785,4,0.03302404266110352,0.0002072350393818106,0.006370386288946346,-0.041392491994660996,0.0017908280052292785,0.05333432811091186,4,1.1052408446371418e-10,0.19844699199289925,0.19844699188237516
tm197981,pedrinho_1992,1920,0.015591909573687526,0.004112585380471846,0.7980380153408515,0.17013766176362197,0.01211982794136699,3,2021,0.02103764884606533,0.004448134413392109,0.644057808019614,0.3059249422108955,0.024531466510033066,3,0.005445739272377806,0.00033554903292026296,-0.15398020732123752,0.13578728044727353,0.012411638568666077,0.20537248707490985,3,0.622330538775142,0.84198753234925,0.21965699357410795
tm198007,francisco ramos_1995,1920,0.05933721048546628,0.002375085335179914,0.015932445276006707,0.9179713617447716,0.004383897158575646,4,2021,0.036699040794737396,0.0011897957891766383,0.18405174209829311,0.7696602387145105,0.008399182603282223,4,-0.022638169690728883,-0.0011852895460032758,0.1681192968222864,-0.14831112303026106,0.004015285444706577,0.22533126462337927,3,0.3502738553090527,0.6824638485609466,0.33218999325189386
tm198053,lazar rosic_1993,1920,0.6193350473219641,0.020676498525114714,0.031563550433317496,0.2593654925399533,0.06905941117965032,1,2021,0.9922588142077392,4.059807745699255e-05,0.0002457112324344441,0.0069228807067482695,0.0005319957756213117,1,0.3729237668857751,-0.020635900447657722,-0.03131783920088305,-0.252442611833205,-0.06852741540402901,0.45189164145505517,1,1.0206031841869676,0.048601461840174984,-0.9720017223467926
tm203348,chancel mbemba_1994,1920,0.8246825951758564,0.003915827218298235,0.013200485572233089,0.14135663272791688,0.01684445930569536,1,2021,0.9954479159074109,7.335886962048903e-05,0.0004250669925606924,0.003414625669608272,0.0006390325607995242,1,0.17076532073155448,-0.003842468348677746,-0.012775418579672397,-0.1379420070583086,-0.016205426744895838,0.21992445966449836,1,0.5831407775943919,0.03263444767096835,-0.5505063299234235
tm207571,alex soares_1991,1920,0.008584084779983982,0.0003660014390488125,0.0037241413530751653,0.9869086976402537,0.0004170747876385814,4,2021,0.0720563607541362,0.0009748649317711274,0.028635525568647145,0.8942065613377276,0.004126687407717773,4,0.06347227597415221,0.0006088634927223148,0.02491138421557198,-0.0927021363025261,0.0037096126200791917,0.1150798143493449,4,0.08081770510696702,0.4206798500131168,0.3398621449061498
tm211072,paulinho_1992,1920,0.006157078666521351,0.428315324521787,0.051504952306005734,0.008225881553841295,0.5057967629518446,5,2021,0.0009331118937100195,0.8592245964158574,0.12710974631080843,0.0011426303946838734,0.01158991498494023,2,-0.0052239667728113314,0.43090927189407036,0.07560479400480269,-0.007083251159157421,-0.4942068479669044,0.43758010438845785,2,0.9315242876593763,0.45847003147422316,-0.4730542561851532
tm211107,joao afonso_1990,1920,0.9491680318449466,0.0011033436969726826,0.0026224203218186476,0.04296286213596727,0.004143342000294696,1,2021,0.983902855666655,2.8807408470201284e-05,0.00022251475927246995,0.014968065291184813,0.000877756874417479,1,0.03473482382170845,-0.0010745362885024813,-0.0023999055625461775,-0.027994796844782455,-0.003265585125877217,0.04468926953140111,1,0.23057100529860863,0.08721066368005526,-0.14336034161855338
tm212899,filipe augusto_1993,1920,0.037948098687285325,0.0020213588921731917,0.03857947030431535,0.9010131194461584,0.020437952670067597,4,2021,0.0279557048395172,0.0007347409116327298,0.013260825173266134,0.9494868894900953,0.008561839585488725,4,-0.009992393847768125,-0.0012866179805404619,-0.025318645131049214,0.04847377004393694,-0.011876113084578872,0.05560794452397287,4,0.43569511862851323,0.2526023606076117,-0.18309275802090152
tm214538,mateus uribe_1991,1920,0.0046737391409910345,0.0001224777351902005,0.0015726156713686,0.9930641199044588,0.0005670475479914545,4,2021,0.22961664310987423,0.005185023218840058,0.13860495774126474,0.6076330763869323,0.01896029954308859,4,0.2249429039688832,0.005062545483649857,0.13703234206989615,-0.38543104351752644,0.018393251995097136,0.4668617477293451,4,0.04748330575110383,1.0169280947431552,0.9694447889920513
tm224878,joao afonso crispim_1995,1920,0.03177189574425258,0.00037610508653937967,0.004203057740894329,0.9598197694977155,0.0038291719305982874,4,2021,0.7386825629952797,0.0003908634486459854,0.0017372476273143332,0.2539853607924442,0.005203965136315845,1,0.7069106672510271,1.4758362106605737e-05,-0.002465810113579996,-0.7058344087052713,0.001374793205717558,0.9989649565540013,1,0.19622321381016655,0.6132912092512217,0.41706799544105516
tm225119,ruben macedo_1996,1920,0.022777135012860755,0.07730128935441868,0.7019893812289553,0.15500702775622568,0.04292516664753962,3,2021,0.003604121932746184,0.005229849445220635,0.942553030647462,0.03729659243284134,0.011316405541730055,3,-0.01917301308011457,-0.07207143990919805,0.24056364941850672,-0.11771043532338435,-0.03160876110580957,0.2780081165842578,3,0.9565460729886625,0.27689184301949354,-0.6796542299691689
tm228940,joao novais_1993,1920,0.04487143825722561,0.0762203212259404,0.550498356877249,0.11468500366008039,0.21372487997950454,3,2021,0.007722430686048197,0.0050633538505102885,0.8619112967017517,0.10411393410779544,0.02118898465389428,3,-0.03714900757117741,-0.0711569673754301,0.3114129398245027,-0.010571069552284942,-0.19253589532561027,0.32176564355320786,3,1.2422388519816412,0.50960697339691,-0.7326318785847312
tm231289,otavio_1995,1920,0.03750754948677674,0.014317244238475359,0.2379959888498835,0.6385139185039296,0.07166529892093473,4,2021,0.016773920976188694,0.004874824646141192,0.6741323637973876,0.2672878567331578,0.03693103384712466,3,-0.020733628510588045,-0.009442419592334168,0.4361363749475041,-0.3712260617707718,-0.034734265073810076,0.573186504664197,3,1.0009206389132514,0.8348442708725037,-0.16607636804074777
tm232577,jonatan lucca_1994,1920,0.13755031996145584,0.0013783757554598458,0.015485327078973586,0.8311916741747464,0.014394303029364428,4,2021,0.157979802397089,0.004255577894903727,0.34451008656371457,0.46724628031336013,0.026008252830932638,4,0.020429482435633167,0.0028772021394438806,0.32902475948474097,-0.36394539386138625,0.01161394980156821,0.49105924704830706,4,0.5612156320486062,1.132312745721868,0.5710971136732618
tm235568,joao pedro_1993,1920,0.028506816934587086,0.015403001867909338,0.7382979485884432,0.21099063872707197,0.0068015938819883754,3,2021,0.018567108058165537,0.0022566503049475987,0.6095712422533401,0.3647335202645709,0.0048714791189758645,3,-0.009939708876421548,-0.013146351562961739,-0.12872670633510308,0.15374288153749893,-0.001930114763012511,0.20119409265508342,4,0.7519343735580625,0.7833078652698,0.03137349171173753
tm236886,costinha_1992,1920,0.11278100184928859,0.01066397264638758,0.47225440138374997,0.3374129507411133,0.06688767337946071,3,2021,0.01632159290938037,0.006887605732019313,0.6653207431659103,0.295412735318862,0.01605732287382807,3,-0.09645940893990822,-0.0037763669143682666,0.1930663417821603,-0.04200021542225135,-0.050830350505632636,0.2199029534698655,3,1.1963449546522757,0.7991265241477541,-0.39721843050452166
tm237000,afonso figueiredo_1993,1920,0.8467514164712191,0.0010339351019347728,0.023815737865900632,0.12073425452500824,0.007664656035937367,1,2021,0.7873490488771546,0.00040193372087428316,0.007999368350585479,0.2005835789812446,0.0036660700701409044,1,-0.059402367594064476,-0.0006320013810604897,-0.015816369515315155,0.07984932445623635,-0.003998585965796463,0.10077257991283303,4,0.529559833008542,0.5728131907104351,0.04325335770189309
tm238055,rafa silva_1993,1920,0.01650639486543222,0.0815099180659559,0.6673620769599603,0.05594822176695978,0.1786733883416918,3,2021,0.021159395980428448,0.0712747169884878,0.8530049818439018,0.02458657178916802,0.029974333398014145,3,0.004653001114996228,-0.0102352010774681,0.18564290488394153,-0.031361649977791756,-0.14869905494367766,0.18860872456901365,3,1.011014153036542,0.6016938775539494,-0.40932027548259253
tm240262,tomislav strkalj_1996,1920,0.0062635247351324206,0.9335082065047825,0.029562546642017448,0.0046744069042892605,0.025991315213778197,2,2021,0.05491455429388183,0.032744017967133915,0.7961105430774763,0.049044981222236265,0.06718590343927176,3,0.04865102955874941,-0.9007641885376486,0.7665479964354589,0.044370574317947005,0.041194588225493566,1.1846128585886344,2,0.320051848724748,0.7821336478490292,0.46208179912428116
tm243779,adriano castanheira_1993,1920,0.14940694595089882,0.01122500181654742,0.29124432358991487,0.47244319981710203,0.07568052882553698,4,2021,0.06423668090293218,0.008246232826518391,0.20889893155785352,0.6900684022313989,0.02854975248129688,4,-0.08517026504796664,-0.002978768990029029,-0.08234539203206134,0.21762520241429684,-0.04713077634424011,0.24779898996528293,4,1.2433125010969324,0.9005394384685914,-0.34277306262834095
tm255755,alex telles_1992,1920,0.24602225126364294,0.02260153432770993,0.17119605457103254,0.09957407620309883,0.46060608363451583,5,2021,0.013735372747496708,0.03319417913258136,0.07533073883885398,0.051793243021543964,0.825946466259524,5,-0.23228687851614624,0.010592644804871428,-0.09586531573217856,-0.04778083318155486,0.3653403826250081,0.2560128216216737,1,1.3195810448347796,0.6780039017820998,-0.6415771430526798
tm257388,wilson manafa_1994,1920,0.9504194132185885,0.0002807609234748654,0.00406223628212526,0.04254292590328667,0.0026946636725248135,1,2021,0.9443493502139673,6.353423930359672e-05,0.0013635958087960017,0.0535518065589333,0.0006717131789996883,1,-0.006070063004621207,-0.00021722668417126868,-0.002698640473329258,0.011008880655646633,-0.002022950493525125,0.01285966430382024,4,0.22325469082115545,0.2253422133716206,0.002087522550465154
tm257455,joao palhinha_1995,1920,0.007293171625675386,0.001573506168815526,0.009735687308417092,0.9779850518818944,0.0034125830151975098,4,2021,0.15783121729922409,0.006548738798274931,0.06361005850539761,0.6880685367680814,0.08394144862902182,4,0.1505380456735487,0.004975232629459404,0.05387437119698052,-0.289916515113813,0.08052886561382432,0.3311200533681651,4,0.13229502959501518,0.9647898098394974,0.8324947802444822
tm257456,francisco geraldes_1995,1920,0.06348046519610354,0.1450564691758967,0.6740803527021145,0.07361464797522296,0.04376806495066223,3,2021,0.0365683573495693,0.018932349232492443,0.8681872790799908,0.0623040714903782,0.014007942847569219,3,-0.026912107846534236,-0.12612411994340428,0.1941069263778763,-0.011310576484844764,-0.029760122103093013,0.2333173443799829,3,1.0499269289699786,0.5515347657555277,-0.4983921632144509
tm258015,diogo goncalves_1997,1920,0.0022405063775744007,0.006560509933887444,0.9725936024344751,0.009628562426624042,0.008976818827439018,3,2021,0.1252985043788313,0.0015536183369392327,0.058080728930723954,0.768987461371723,0.04607968698178259,4,0.1230579980012569,-0.005006891596948211,-0.9145128735037512,0.759358898945099,0.03710286815434357,1.1950431260196186,3,0.16068879506972822,0.779395700358414,0.6187069052886858
tm261927,ricardo horta_1994,1920,0.013039572302014284,0.0877630930760599,0.6190644249339777,0.02677123908376619,0.2533616706041818,3,2021,0.005001918701699026,0.34999298500578657,0.6162598794289601,0.0060770777928919675,0.02266813907066224,3,-0.008037653600315258,0.2622298919297267,-0.0028045455050176304,-0.020694161290874223,-0.23069353153351957,0.26318289056072247,2,1.0117691601279761,0.8091126567832374,-0.20265650334473873
tm262002,welinton junior_1993,1920,0.004618253197912202,0.36128337657207604,0.45435034639717964,0.007773828683127847,0.17197419514970427,3,2021,0.02527090469617084,0.07568950828529561,0.4534516881975937,0.22337539038380586,0.22221250843713414,3,0.020652651498258637,-0.28559386828678046,-0.0008986581995859555,0.215601561700678,0.050238313287429864,0.3584344160529878,2,1.0915893162661807,1.3159843497827766,0.22439503351659584
tm264848,ruben lameiras_1994,1920,0.010180236955435792,0.011566107660323188,0.9163437893795846,0.03423492103552722,0.027674944969129252,3,2021,0.0075031104910641315,0.010783214610393409,0.9438829684548005,0.02820414727008301,0.009626559173658936,3,-0.00267712646437166,-0.0007828930499297788,0.02753917907521586,-0.006030773765444211,-0.018048385795470315,0.02832942893848453,3,0.3931385059687726,0.28540487924630586,-0.10773362672246672
tm265589,fahd moufi_1996,1920,0.986583958829596,0.00048395307356394093,0.00370265434858968,0.007702745717220911,0.0015266880310293432,1,2021,0.06245893043198393,0.00015848867061401802,0.005407483112436071,0.9283058942436013,0.003669203541364869,4,-0.9241250283976121,-0.0003254644029499229,0.0017048287638463913,0.9206031485263804,0.002142515510335526,1.3044233352542278,1,0.08513295782109742,0.2924640909416712,0.20733113312057377
tm269467,cesar_1992,1920,0.9404412521538963,0.0006425400094232627,0.0027517020232077946,0.05142164864955273,0.004742857163919718,1,2021,0.99956327869486,6.172178555260364e-06,3.301894853773871e-05,0.00033583025854848656,6.169991949854885e-05,1,0.05912202654096366,-0.0006363678308680023,-0.0027186830746700557,-0.05108581839100425,-0.004681157244421169,0.07818549139492403,1,0.2566777037213074,0.004135713335788006,-0.2525419903855194
tm27178,ruben fernandes_1986,1920,0.8380731231017148,0.006754187406049641,0.01174490491614311,0.10516651086148698,0.038261273714605304,1,2021,0.9888552098361222,0.00012250306917693278,0.0007994659746490799,0.009036774984957635,0.0011860461350940898,1,0.1507820867344074,-0.006631684336872708,-0.01094543894149403,-0.09612973587652934,-0.03707522757951121,0.1792761715076478,1,0.5957143027393235,0.06840903392228721,-0.5273052688170362
tm280178,claude goncalves_1994,1920,0.0018230065060483927,4.829182279754801e-05,0.0003686299716809697,0.9975794892743723,0.00018058242510080204,4,2021,0.08257175314156502,0.0026841752986940986,0.07715459007901024,0.8307133691975388,0.006876112283191875,4,0.08074874663551662,0.0026358834758965504,0.07678596010732927,-0.16686612007683355,0.006695529858091073,0.20066811820517466,4,0.01886648864136794,0.6078120706309741,0.5889455819896061
tm282820,easah suliman_1998,1920,0.982846821552691,0.00039313199906433735,0.0004901771345800558,0.013691832819187873,0.0025780364944764703,1,2021,0.9984612518789225,8.335369044290152e-06,5.4042316177504556e-05,0.001325676615898976,0.00015069381995655348,1,0.015614430326231554,-0.0003847966300200472,-0.00043613481840255126,-0.012366156203288898,-0.002427342674519917,0.01992662880878695,1,0.09794144141854665,0.012275907526242068,-0.08566553389230458
tm283130,moussa marega_1991,1920,0.010199689882150299,0.30874062939638636,0.25217699126374604,0.020682873834285825,0.4081998156234315,5,2021,0.0014692467168100068,0.9473920611561509,0.03345443391927832,0.0011077343699594916,0.016576523837801314,2,-0.008730443165340291,0.6386514317597646,-0.21872255734446772,-0.019575139464326333,-0.39162329178563016,0.6754069995958084,2,1.202987207062511,0.24994544982393288,-0.9530417572385781
tm288248,denis will poha_1997,1920,0.062344376144609005,0.003198319555229716,0.06527551800076227,0.8543767357398826,0.014805050559516426,4,2021,0.029685644931393834,0.00016036535575133468,0.011130586679043104,0.9563804438838507,0.002642959149960912,4,-0.03265873121321517,-0.0030379541994783816,-0.054144931321719166,0.10200370814396809,-0.012162091409555514,0.12005103895064245,4,0.5663663475206275,0.21421675177857077,-0.35214959574205673
tm290336,rochinha_1995,1920,0.03512214172007546,0.06296639181958576,0.7395881914888612,0.05477479017843533,0.10754848479304221,3,2021,0.02321255753576499,0.03406536099534104,0.8195124656876203,0.046878198220003484,0.07633141756127038,3,-0.01190958418431047,-0.028901030824244715,0.07992427419875903,-0.00789659195843185,-0.03121706723177184,0.086182095291908,3,0.9137464361669492,0.7054260880405032,-0.20832034812644595
tm290388,rafael ramos_1995,1920,0.8312022560417519,0.0013385295833777955,0.013004830144009778,0.12022060662049226,0.034233777610368346,1,2021,0.07935537223484868,0.00010453038834917433,0.00375375429870396,0.9145140900443002,0.0022722530337979966,4,-0.7518468838069032,-0.0012339991950286212,-0.009251075845305818,0.7942934834238079,-0.03196152457657035,1.0937380763500861,4,0.589204914983422,0.31854934653973216,-0.2706555684436898
tm290391,nuno santos_1995,1920,0.04118426787704545,0.01817794872311747,0.6780052888346958,0.12411192598250927,0.13852056858263206,3,2021,0.030506869134500302,0.08177878507456232,0.6013281676776315,0.05507762996194197,0.231308548151364,3,-0.010677398742545145,0.06360083635144485,-0.07667712115706427,-0.06903429602056729,0.09278797956873194,0.12167246263843351,3,1.0004744304577786,1.115366821296735,0.1148923908389563
tm290530,bilel aouacheria_1994,1920,0.016570187739925586,0.0568384529155344,0.8438335191376904,0.040130497078705,0.04262734312814448,3,2021,0.015498424567382462,0.08900227500620134,0.8319135930071135,0.0520926465501143,0.011493060869188509,3,-0.0010717631725431238,0.032163822090666934,-0.011919926130576908,0.011962149471409299,-0.03113428225895597,0.03634333208049094,2,0.6377545992223828,0.638229248636665,0.0004746494142822133
tm291399,nanu_1994,1920,0.15873229636625022,0.009473661483939171,0.5306604369963024,0.28413327726476184,0.01700032788874632,3,2021,0.20644821773874233,0.00024816208934654276,0.017390732491311095,0.7744350193758458,0.001477868304754269,4,0.047715921372492115,-0.00922549939459263,-0.5132697045049913,0.49030174211108396,-0.01552245958399205,0.7114798007472246,3,1.0993330210610894,0.6058324564340104,-0.49350056462707903
tm292398,fabio abreu_1993,1920,0.010212567762095342,0.5705725695707415,0.22500397086242516,0.017512753012045537,0.1766981387926924,2,2021,0.016879801494961096,0.76597530014991,0.14264297214817437,0.006664411890946498,0.06783751431600812,2,0.006667233732865754,0.19540273057916846,-0.08236099871425079,-0.010848341121099038,-0.10886062447668426,0.21243281229069183,2,1.0797059975696905,0.7668162822114797,-0.31288971535821086
tm293607,bozhidar kraev_1997,1920,0.00227448561529911,0.060430068819963684,0.9107989128077802,0.009746005251345358,0.016750527505611745,3,2021,0.018829623330681066,0.3069747577440639,0.5885831536446829,0.02835720187723785,0.05725526340333436,3,0.016555137715381956,0.24654468892410022,-0.3222157591630973,0.018611196625892494,0.04050473589772262,0.4064821377555911,3,0.3821554342005771,1.014098988067762,0.6319435538671849
tm298410,joao pedro sousa silva_1996,1920,0.011201258314171264,0.22971162539225995,0.10562983989888135,0.02124853343819055,0.6322087429564969,5,2021,0.008085680873873914,0.7453258779987548,0.03296429177477695,0.004541461349220248,0.20908268800337404,2,-0.0031155774402973502,0.5156142526064948,-0.07266554812410439,-0.0167070720889703,-0.42312605495312283,0.5209867296349335,2,0.9973674211875754,0.722234214186374,-0.27513320700120136
tm299400,pedro sa_1993,1920,0.02359538089320534,0.0005067884221820424,0.002901867645129782,0.9710848946643865,0.001911068375096296,4,2021,0.18329927242994687,0.0009621881957130889,0.0077393591051027845,0.7896090783390313,0.01839010193020606,4,0.15970389153674153,0.0004553997735310465,0.004837491459973003,-0.18147581632535525,0.016479033555109764,0.2417900196358659,4,0.1496604446332951,0.6153051415524743,0.4656446969191792
tm302371,toni martinez_1997,1920,0.0028734472179909576,0.8722498552757931,0.05273214583011449,0.005875736522216961,0.0662688151538844,2,2021,0.005279015038148914,0.6386732052076695,0.023262439270133637,0.003514014557468619,0.3292713259265795,2,0.0024055678201579567,-0.23357665006812367,-0.029469706559980855,-0.0023617219647483418,0.2630025107726951,0.2354524995597928,2,0.5012397412140621,0.7871646978997419,0.28592495668567974
tm307058,mehdi taremi_1992,1920,0.003048786340631821,0.8019369880977613,0.060970448362445605,0.005767760086196264,0.12827601711296502,2,2021,0.001206102239599117,0.9288123232117803,0.01649262255426854,0.0008114707378819168,0.05267748125647014,2,-0.001842684101032704,0.12687533511401905,-0.044477825808177066,-0.004956289348314347,-0.07559853585649487,0.1345495742754974,2,0.6583854748633731,0.3052311964770976,-0.35315427838627544
tm308560,jhon murillo_1995,1920,0.010916803558317664,0.0017189674955234442,0.018373586023533717,0.9677324434819612,0.0012581994406640367,4,2021,0.05543598551257304,0.2480266823265796,0.5351492767079276,0.04163269293485034,0.11975536251806944,3,0.044519181954255374,0.24630771483105615,0.5167756906843939,-0.9260997505471108,0.1184971630774054,1.0896638520171833,4,0.17383905911500316,1.227236201916217,1.0533971428012139
tm310822,koki anzai_1995,1920,0.2147080472285023,0.005573635416415182,0.41341338303179465,0.3460514457883986,0.020253488534889452,3,2021,0.11755977012874182,7.33890026880322e-05,0.004631264884945434,0.8770343471554958,0.0007012288281289755,4,-0.0971482770997605,-0.00550024641372715,-0.4087821181468492,0.5309829013670972,-0.019552259706760475,0.6771363984566985,4,1.170615464890583,0.39743199462285833,-0.7731834702677247
tm312123,lucas possignolo_1994,1920,0.9970051840728352,7.801367600152846e-05,0.0001338742137615587,0.002492976255663652,0.0002899517817378561,1,2021,0.9990186121973431,1.2601940330756994e-05,6.807344256377523e-05,0.0008056310626175433,9.508135714479673e-05,1,0.0020134281245078878,-6.541173567077147e-05,-6.580077119778346e-05,-0.0016873451930461089,-0.00019487042459305934,0.002628618467885525,1,0.022227681848810597,0.008395986428163745,-0.013831695420646852
tm31316,silvestre varela_1985,1920,2.008586018348155e-41,2.462890908487765e-40,1.0,1.27295824939554e-40,2.4797255949870755e-41,3,2021,0.014431559013198888,0.013529472433584265,0.8293995739188372,0.1244908630195305,0.018148531614848907,3,0.014431559013198888,0.013529472433584265,-0.17060042608116277,0.1244908630195305,0.018148531614848907,0.21211741294458678,3,1.1052408446371418e-10,0.6066635063191219,0.6066635062085979
tm314367,marcus edwards_1998,1920,0.0031677738384248556,0.05202953297583665,0.8811612555339837,0.006721212581620376,0.056920225070134514,3,2021,0.006558772074185462,0.03444691494930736,0.9238996500266673,0.014401058835466711,0.02069360411437304,3,0.003390998235760606,-0.017582618026529294,0.042738394492683573,0.007679846253846335,-0.03622662095576147,0.04697017913524205,3,0.4802679308790515,0.36344312755599856,-0.11682480332305295
tm314944,ricardo mangas_1998,1920,0.22934162779263392,0.0010601482861444876,0.06288142552327795,0.7030815144022532,0.0036352839956904854,4,2021,0.2943387115663555,0.0070011050395653324,0.13390539538147747,0.5339029400668397,0.030851847945762026,4,0.06499708377372157,0.005940956753420845,0.07102396985819952,-0.1691785743354135,0.02721656395007154,0.19474524429319362,4,0.7870412856119077,1.1063197906849709,0.3192785050730632
tm319623,pedro amaral_1997,1920,0.24383196954137754,0.00749337368271797,0.2268650655961945,0.49588418512532445,0.025925406054385577,4,2021,0.004002516184167546,1.3852907597455504e-05,0.0010897918036020873,0.9947905612732864,0.00010327783134664081,4,-0.23982945335720998,-0.007479520775120515,-0.2257752737925924,0.4989063761479619,-0.025822128223038938,0.5978763721254214,4,1.1598293177739851,0.03583023889479701,-1.123999078879188
tm329722,andre horta_1996,1920,0.1413617495279693,0.0086802468171457,0.2624928588231948,0.5377314398745713,0.04973370495711897,4,2021,0.005448858104009222,0.002860388995522567,0.9269215108671226,0.057990028296338064,0.006779213737007413,3,-0.13591289142396007,-0.005819857821623132,0.6644286520439278,-0.47974141157823325,-0.04295449122011156,0.8307366853824812,3,1.1517207153413584,0.31447516104028145,-0.837245554301077
tm332615,nelson monte_1995,1920,0.9984719483442086,2.447109946992821e-05,0.0001271596425704124,0.0012441899509080768,0.0001322309628429768,1,2021,0.9849515922513096,3.0415352889153902e-05,0.00020703612559267785,0.014218238940910007,0.0005927173292986901,1,-0.013520356092899033,5.944253419225691e-06,7.987648302226543e-05,0.01297404899000193,0.0004604863664557133,0.018738526934112265,1,0.01243102146305355,0.08188494917739232,0.06945392771433877
tm333166,ronan_1995,1920,0.004724530489568359,0.8645607811082359,0.06682801480905906,0.010128240471107164,0.0537584331220295,2,2021,0.026527770505385306,0.45243882815609465,0.43520445278151243,0.03469001388982399,0.051138934667183715,2,0.021803240015816946,-0.4121219529521412,0.36837643797245334,0.024561773418716827,-0.002619498454845784,0.5537367299963218,2,0.5355973832564072,1.0858288003078,0.5502314170513929
tm334557,chiquinho_1995,1920,0.04544516284630013,0.11638446574469843,0.5837497132346702,0.09102987667863637,0.1633907814956949,3,2021,0.04533621431793959,0.6390621207143343,0.17851444483430323,0.05438624976282381,0.082700970370599,2,-0.00010894852836054042,0.5226776549696359,-0.40523526840036694,-0.036643626915812556,-0.08068981112509589,0.6623823072994948,2,1.2191907870701542,1.0984799537082568,-0.12071083336189736
tm335062,nikola jambor_1995,1920,0.006024238584698348,9.968445569754565e-05,0.0007577646994435552,0.9924157170852592,0.0007025951749011721,4,2021,0.023384716695919374,0.00017394336398173367,0.013070844821294473,0.9617755306551125,0.0015949644636919866,4,0.017360478111221024,7.425890828418802e-05,0.012313080121850919,-0.030640186430146765,0.0008923692887908146,0.03730716661979189,4,0.04981558125560659,0.19378167074791292,0.14396608949230633
tm335380,pedro nuno_1995,1920,0.0100145077901054,0.04525822167327884,0.8146491222498075,0.02447612573380585,0.1056020225530025,3,2021,0.008253027036326261,0.5794403695789975,0.08069184720900796,0.012451866939185144,0.31916288923648317,2,-0.001761480753779139,0.5341821479057186,-0.7339572750407994,-0.012024258794620707,0.21356086668348068,0.9078499514459912,3,0.6814056241135147,0.9780119783972053,0.29660635428369064
tm336158,gustavo sauer_1993,1920,0.06885961770082417,0.04136092809817996,0.3902569301112071,0.39602798417335594,0.1034945399164328,4,2021,0.0055107991203080025,0.004423198394699934,0.794582283508877,0.18899598770189782,0.006487731274217146,3,-0.06334881858051618,-0.03693772970348003,0.40432535339766995,-0.20703199647145812,-0.09700680864221566,0.4601290119676253,3,1.2847898708187468,0.5829018994046994,-0.7018879714140475
tm337798,abdu conte_1998,1920,0.9029233699608308,0.0017615236876328553,0.012920485673046314,0.0727650431230974,0.009629577555392583,1,2021,0.02770144530642025,0.00018965906315955724,0.019828392186952634,0.9497039328538723,0.002576570589595364,4,-0.8752219246544105,-0.001571864624473298,0.00690790651390632,0.8769388897307749,-0.007053006965797219,1.238985643035793,4,0.3949571698991713,0.24307947333457047,-0.15187769656460082
tm34077,tarantini_1983,1920,0.004127766639139798,0.00035618214533827914,0.004170707532331875,0.9909816201869968,0.00036372349619341203,4,2021,0.15938526316084325,0.0019887792990141363,0.07087984030270764,0.7519452800493349,0.01580083718810023,4,0.15525749652170345,0.0016325971536758572,0.06670913277037577,-0.23903634013766184,0.015437113691906819,0.29273885273573874,4,0.0602016863684144,0.7725836738973125,0.7123819875288981
tm341110,franco cervi_1994,1920,0.03661029125579847,0.0036182142906668944,0.7599211114086116,0.1856392855697639,0.014211097475159157,3,2021,0.061144893951481954,0.0031531085530391197,0.060657609347623306,0.8546191700246772,0.020425218123178376,4,0.024534602695683486,-0.0004651057376277748,-0.6992635020609883,0.6689798844549133,0.006214120648019218,0.9680421964835465,3,0.7231132899399225,0.5727577382441008,-0.1503555516958217
tm344392,fernando ferreira fonseca_1997,1920,0.9407525372421562,0.00046755178154493356,0.00732234279598957,0.04065555382272416,0.010802014357584917,1,2021,0.7675221420216725,5.4939411250882277e-05,0.0010268783690825262,0.23012611287246082,0.0012699273255333396,1,-0.17323039522048378,-0.0004126123702940513,-0.006295464426907044,0.18947055904973667,-0.009532087032051578,0.25680277587320455,4,0.27616051805776576,0.5572357710605036,0.28107525300273783
tm344519,bruno costa_1997,1920,0.03851600885352968,0.010058256293698272,0.7306378872357039,0.1999301957958232,0.020857651821244983,3,2021,0.009187254538087726,0.002253905243220747,0.5434213543087464,0.43658660566096735,0.00855088024897782,3,-0.029328754315441956,-0.007804351050477525,-0.1872165329269575,0.23665640986514416,-0.012306771572267164,0.3032777114402974,4,0.8035622094728094,0.7907880879554843,-0.012774121517325154
tm347905,joao paulo lazaro lucas_1996,1920,0.5311159044559102,0.005108634040848896,0.03955247469591375,0.38213714054228587,0.04208584626504141,1,2021,0.5852726200807137,0.000240229170974205,0.0036609431808617564,0.40446377257660393,0.006362434990846179,1,0.05415671562480351,-0.004868404869874691,-0.03589153151505199,0.02232663203431806,-0.03572341127419523,0.06887185016924305,1,0.9917302031229228,0.7343522972103977,-0.2573779059125251
tm350311,helder ferreira_1997,1920,0.00892114348680309,0.02178727298729032,0.9067787042062919,0.05136282089621684,0.011150058423397882,3,2021,0.02238104098250311,0.03204114066645047,0.8980094177321987,0.0320836254776684,0.015484775141179413,3,0.013459897495700021,0.010253867679160148,-0.008769286474093252,-0.019279195418548438,0.004334716717781531,0.027109009650442245,4,0.4168259512693686,0.4667735478124922,0.049947596543123585
tm351738,lincoln_1998,1920,0.035551753022322816,0.022300952846140094,0.7413918683011257,0.07058702973235034,0.1301683960980611,3,2021,0.01413444316284355,0.005879340364708186,0.8562121054923708,0.10237928444902474,0.02139482653105279,3,-0.021417309859479268,-0.01642161248143191,0.11482023719124512,0.03179225471667439,-0.10877356956700832,0.12215893273408605,3,0.8778084464207094,0.5388989530465822,-0.33890949337412724
tm352811,aylton boa morte_1993,1920,0.001034546209302585,0.008420171687450866,0.980191056525917,0.009286051646205619,0.0010681739311239813,3,2021,0.011684774109323486,0.058148081881128286,0.9036341760293909,0.012468060353931023,0.014064907626226347,3,0.010650227900020902,0.04972791019367742,-0.07655688049652609,0.0031820087077254044,0.012996733695102364,0.09196397956443735,3,0.1177068256215966,0.42361542723649737,0.30590860161490074
tm352898,joao amaral_1991,1920,0.019045297761294502,0.02700054654073049,0.8008787087594449,0.039640025798250315,0.11343542114027999,3,2021,0.007991793967502348,0.017747509789513134,0.9195120118640816,0.029860084931521903,0.02488859944738108,3,-0.011053503793792155,-0.009253036751217355,0.11863330310463671,-0.009779940866728412,-0.0885468216928989,0.1199054064006793,3,0.7256414525051734,0.3840705045189524,-0.341570947986221
tm352918,henrique gomes_1995,1920,0.6998467815035914,0.004758412348598477,0.05701836334261409,0.16073968323931165,0.07763675956588423,1,2021,0.9367338112683248,0.00013013088869853458,0.0010006022107852549,0.06147004118813127,0.000665414444059942,1,0.23688702976473341,-0.0046282814598999425,-0.05601776113182884,-0.09926964205118038,-0.07697134512182428,0.2629245847295795,1,0.9307851617783095,0.24561702213746964,-0.6851681396408399
tm356099,cristian borja_1993,1920,0.8215340660301952,0.004373049203327411,0.041308104370933546,0.1201530537175614,0.01263172667798233,1,2021,0.5612641082598413,0.001522637597793483,0.04259603825767296,0.38692962542680287,0.007687590457889344,1,-0.2602699577703539,-0.002850411605533928,0.001287933886739416,0.26677657170924146,-0.0049441362200929855,0.3727196986352283,4,0.626713924799259,0.873295266437232,0.24658134163797296
tm357156,diogo leite_1999,1920,0.9948335415436589,0.0001062593558072121,0.00021022524572744048,0.004331185665541706,0.0005187881892648026,1,2021,0.9829615463939867,0.0005149253828799259,0.0025257032115665193,0.012153375691786011,0.0018444493197808177,1,-0.011871995149672188,0.0004086660270727138,0.0023154779658390787,0.007822190026244305,0.0013256611305160152,0.014410391104077831,1,0.03539943081855891,0.10110810309896928,0.06570867228041037
tm357163,filipe soares_1999,1920,0.013260975916632617,0.0019631851578863287,0.033927415811132136,0.9463053949385891,0.004543028175759844,4,2021,0.0011195023127241904,0.0005982664211510181,0.9908841827740562,0.0070948394110446926,0.00030320908102421466,3,-0.012141473603908427,-0.0013649187367353105,0.9569567669629241,-0.9392105555275444,-0.00423981909473563,1.3409071555610863,3,0.2610900197214339,0.05868537293373577,-0.20240464678769815
tm358177,andre pereira_1995,1920,0.0030728510066136113,0.2444889344903859,0.712846428808436,0.027383064886329495,0.012208720808235173,3,2021,0.03963497502919975,0.2848683538501042,0.28973184477269687,0.06293887574577751,0.3228259506022217,5,0.036562124022586136,0.04037941935971828,-0.4231145840357391,0.03555581085944802,0.31061722979398654,0.428085801365194,3,0.7557576961187024,1.383644039682117,0.6278863435634147
tm362667,mateo cassierra_1997,1920,0.0003210640503989773,0.9944080487298665,0.003025119515726259,0.0004815277420418135,0.0017642399619663498,2,2021,0.010652357257646957,0.7807573941611333,0.036554734013753754,0.0037040314978166087,0.16833148306964932,2,0.01033129320724798,-0.21365065456873322,0.033529614498027493,0.003222503755774795,0.16656724310768298,0.21653627270234566,2,0.040570527768008624,0.683243429649813,0.6426729018818044
tm364857,falaye sacko_1995,1920,0.8306437765352914,0.0018345330884413304,0.0320690539867467,0.09034986013298382,0.04510277625653659,1,2021,0.41932928144781134,0.00024143088466090375,0.008543155143472132,0.5644152774205282,0.007470855103527463,4,-0.4113144950874801,-0.0015931022037804267,-0.023525898843274565,0.47406541728754437,-0.037631921153009125,0.6280713650757356,4,0.6329739947929155,0.7665459334948626,0.13357193870194706
tm366278,rodrigo pinho_1991,1920,0.0065311877747205645,0.6429913902193269,0.0923096833298771,0.018827085359668545,0.23934065331640691,2,2021,0.0007436292377009397,0.9748728885870066,0.005469039182440108,0.0005938746715501425,0.01832056832130205,2,-0.005787558537019625,0.33188149836767966,-0.08684064414743699,-0.018233210688118402,-0.22102008499510487,0.3435877940796714,2,0.9537727346048466,0.13634129707229964,-0.8174314375325469
tm367468,nuno santos_1999,1920,0.031627670934502666,0.0065681390020988105,0.5440212479250253,0.39554307018396107,0.022239871954412332,3,2021,0.15062035598998574,0.0026806829728352835,0.11345760233853631,0.7212696042322192,0.011971754466423455,4,0.11899268505548308,-0.003887456029263527,-0.43056364558648896,0.32572653404825813,-0.010268117487988877,0.5528627309693714,3,0.9249302104644441,0.8365648891945761,-0.08836532126986807
tm371245,guilherme schettine_1995,1920,0.00045175401995383005,0.9801943190325992,0.01047650270965837,0.0009315216253196658,0.007945902612468895,2,2021,0.01873668834273951,0.4994489583926303,0.2539010824099125,0.024149099568788735,0.20376417128592886,2,0.018284934322785683,-0.4807453606399689,0.24342457970025413,0.02321757794346907,0.19581826867345997,0.5396712170644724,2,0.11576624364303967,1.183379331509229,1.0676130878661891
tm373187,maracas_1994,1920,0.9228876461865326,0.0012389017370454435,0.0037251729876127742,0.06793883085689353,0.004209448231915614,1,2021,0.9889048752264281,1.7899877047679036e-05,0.00013957137267910745,0.010511631687833076,0.00042602183601208845,1,0.06601722903989549,-0.0012210018599977644,-0.003585601614933667,-0.05742719916906046,-0.003783426395903525,0.08758141994162968,1,0.30891087257444544,0.06365768384093527,-0.24525318873351015
tm373300,cryzan_1996,1920,0.023647959136703988,0.16240514501060244,0.16607359867974672,0.050539351133100624,0.5973339460398462,5,2021,0.00684631139658975,0.36268402604355976,0.42497622646729977,0.01664752360901438,0.18884591248353624,3,-0.016801647740114237,0.20027888103295732,0.258902627787553,-0.033891827524086246,-0.40848803355631,0.32950440392021924,3,1.1405564773253007,1.1485791394228584,0.008022662097557642
tm373374,braian mansilla_1997,1920,0.0505632411270072,0.03799004899366015,0.7534969029087145,0.12040095454979408,0.037548852420824,3,2021,0.03292742428777722,0.05627761476006858,0.2942902666569744,0.367216015959839,0.2492886783353407,4,-0.017635816839229976,0.01828756576640843,-0.45920663625174013,0.24681506141004492,0.2117398259145167,0.5219519771144945,3,0.8665335609856887,1.3484817620433,0.4819482010576114
tm375382,andre almeida_2000,1920,0.06461151791123937,0.08380667869495136,0.19656231912978572,0.41533173858277345,0.2396877456812501,4,2021,0.035751514783428716,0.013567771519296326,0.8182796930702071,0.12524200329214114,0.007159017334926769,3,-0.028860003127810653,-0.07023890717565504,0.6217173739404214,-0.2900897352906323,-0.23252872834632332,0.6902542657906073,3,1.4118513688553858,0.6370955020051152,-0.7747558668502705
tm375770,gabriel airton de souza_1996,1920,0.03075271234263561,0.030683633642130698,0.6150676363551356,0.30279479175810436,0.02070122590199379,3,2021,0.03003374006783432,0.0023336305880309422,0.14790727712389848,0.8114364975609973,0.008288854659238875,4,-0.0007189722748012876,-0.028350003054099755,-0.4671603592312371,0.5086417058028929,-0.012412371242754914,0.6912014364231562,4,0.9549329238667805,0.611375916500034,-0.34355700736674655
tm375820,henrique_1995,1920,0.6039717946762254,0.003713243481766758,0.05099876154339686,0.2888960516067593,0.05242014869185173,1,2021,0.10860282469286772,0.006246113761260787,0.03739543748756027,0.3313148592994278,0.5164407647588835,5,-0.49536896998335767,0.002532870279494029,-0.013603324055836592,0.04241880769266848,0.4640206160670317,0.49737434345336023,1,0.9903658661192013,1.102957922836114,0.11259205671691264
tm376175,thiago santana_1993,1920,0.0002745108785240174,0.9909162605028843,0.005155516308794071,0.0004700475858313996,0.0031836647239661163,2,2021,0.002047520281115422,0.9071911129784637,0.016401984234936582,0.0014182437949558496,0.07294113871052853,2,0.0017730094025914045,-0.08372514752442062,0.011246467926142511,0.0009481962091244501,0.06975747398656242,0.08450104145625913,2,0.06035815090323281,0.3687254534927394,0.30836730258950656
tm377641,al musrati_1996,1920,0.05688682872320575,0.0012390911354952722,0.009047290836718177,0.9220855553771189,0.010741233927461945,4,2021,0.6898934383784596,0.006738049970214583,0.10193631417542567,0.15542743131775374,0.04600476615814642,1,0.6330066096552539,0.00549895883471931,0.0928890233387075,-0.7666581240593652,0.03526353223068448,0.9985592903070648,4,0.3374350352362439,0.9535423716673531,0.6161073364311092
tm379249,matheus reis_1995,1920,0.7694351397789387,0.0019036762617532512,0.02342477248092847,0.19131041153743872,0.013925999940940983,1,2021,0.9923886844974827,1.0838756818622912e-05,0.00012064296606232332,0.007384324254900694,9.550952473546857e-05,1,0.222953544718544,-0.0018928375049346283,-0.023304129514866146,-0.18392608728253804,-0.013830490416205514,0.2899719882538542,1,0.6774480829796088,0.045923960776245734,-0.6315241222033631
tm380409,joao jaquite_1996,1920,0.017137746096304175,0.0008619329617696978,0.0036502025517085855,0.975616635735771,0.002733482654446639,4,2021,0.36304039775651614,0.009252618468767335,0.06180227696261471,0.529795095963611,0.036109610848490854,4,0.34590265166021195,0.008390685506997637,0.05815207441090613,-0.44582153977216,0.033376128194044216,0.567324913177585,4,0.13647788281127984,1.0397095596760029,0.903231676864723
tm387378,luther singh_1997,1920,0.001905625828167391,0.0274066205212787,0.9473385255123128,0.007557928067101702,0.015791300071139186,3,2021,0.00040744172038086453,0.02085261398815028,0.9754871613671144,0.0015292464632792348,0.0017235364610749947,3,-0.0014981841077865265,-0.006554006533128421,0.02814863585480165,-0.006028681603822467,-0.01406776361006419,0.029561634928122745,3,0.2641941593111338,0.12897720341981328,-0.13521695589132054
tm396342,toni borevkovic_1997,1920,0.9991724418635242,9.271378847515182e-06,2.4838476097121042e-05,0.0007353138368181671,5.8134444713155396e-05,1,2021,0.9996103412757533,1.0337870863198537e-06,8.164549602601238e-06,0.0003663226202140294,1.4137767343434818e-05,1,0.00043789941222915907,-8.237591761195329e-06,-1.6673926494519804e-05,-0.00036899121660413767,-4.399667736972058e-05,0.0005729365505048647,1,0.007070439883809781,0.0035556990379561706,-0.0035147408458536104
tm396429,diogo calila_1998,1920,0.37967764506831675,0.002871690921531306,0.08614707987633596,0.5263648665861871,0.004938717547628983,4,2021,0.0037309749341481444,0.00012675236127177326,0.006889470848282403,0.9883264233438693,0.0009263785124281943,4,-0.3759466701341686,-0.0027449385602595325,-0.07925760902805357,0.46196155675768225,-0.004012339035200789,0.600860784195053,4,0.9597346130319537,0.074366935909138,-0.8853676771228157
tm400831,rafael camacho_2000,1920,0.017184068950382984,0.1424119708109574,0.7765527757494155,0.027187064699954803,0.03666411978928907,3,2021,0.012882766574196508,0.7025642284435111,0.2297798860136566,0.008666098588748604,0.046107020379887224,2,-0.004301302376186476,0.5601522576325537,-0.5467728897357589,-0.018520966111206197,0.009442900590598158,0.7830023448679212,2,0.7630002179355032,0.8250153558325306,0.062015137897027395
tm407907,gelson_1996,1920,0.004469150226909188,0.23499243001703188,0.05363107151404635,0.008128875996008249,0.6987784722460043,5,2021,0.006127980595986345,0.10410047865720595,0.8732591306882619,0.004411761046840515,0.012100649011705333,3,0.0016588303690771569,-0.13089195135982593,0.8196280591742156,-0.0037171149491677337,-0.6866778232342989,0.8300237508518735,3,0.8109776768902465,0.46243019216805575,-0.3485474847221907
tm411502,danny henriques_1997,1920,0.6439038370803991,0.026113593042500813,0.03676980474310067,0.23077194664468487,0.062440818489314445,1,2021,0.7961456277046385,0.00014485628722598452,0.0033623117454428166,0.19939190430499465,0.0009552999576979715,1,0.15224179062423937,-0.025968736755274828,-0.03340749299765785,-0.03138004233969022,-0.061485518531616476,0.16109843496064388,1,1.0116642714141708,0.5300878464125445,-0.48157642500162634
tm411838,bruno viana_1995,1920,0.9885125616752685,0.00028894095315817566,0.0005535649380753895,0.008861830836920015,0.0017831015965780125,1,2021,0.993984063533565,0.00011561694310749997,0.000624678850017864,0.004740573670609715,0.0005350670026999366,1,0.00547150185829659,-0.0001733240100506757,7.111391194247448e-05,-0.0041212571663103,-0.001248034593878076,0.006852531766955835,1,0.0710941172421292,0.041055312893582045,-0.03003880434854716
tm415645,alexandre pinto_1998,1920,0.9411784608641828,0.0004362051666905242,0.007149541010716219,0.03514843250182392,0.01608736045658654,1,2021,0.2769145192459711,0.00011904553852012894,0.0017061083502656633,0.718459010725178,0.00280131614006504,4,-0.6642639416182117,-0.0003171596281703952,-0.005443432660450556,0.6833105782233542,-0.0132860443165215,0.9529898540884137,4,0.27987490748969407,0.6215419885593084,0.34166708106961435
tm426620,pedro goncalves_1998,1920,0.01439586263344353,0.019399655959682557,0.8234522948905167,0.12685439553212782,0.01589779098422929,3,2021,0.014822567086212692,0.5142752880697028,0.0934849747719192,0.017425751751389055,0.35999141832077625,2,0.0004267044527691607,0.4948756321100202,-0.7299673201185976,-0.10942864378073877,0.34409362733654697,0.8886669735360941,3,0.6252487656506458,1.0643384177743274,0.43908965212368156
tm430761,lucas fernandes_1997,1920,0.0011511907579510468,0.004764266208352814,0.9865416273083749,0.006938536404251258,0.0006043793210700158,3,2021,0.011336930087124181,0.0014585669993962774,0.2173272832337015,0.7530530169405169,0.01682420273926118,4,0.010185739329173134,-0.0033056992089565366,-0.7692143440746734,0.7461144805362656,0.016219823418191164,1.071677284507362,3,0.08559851910336522,0.6743349276340053,0.58873640853064
tm432960,lourency_1996,1920,0.0004685491424269502,0.014006970943463395,0.9813358903487601,0.0014564130032464044,0.0027321765621031386,3,2021,0.007184880698153744,0.020496687847914988,0.9373134253842611,0.028241995107373293,0.0067630109622968965,3,0.006716331555726794,0.006489716904451593,-0.04402246496449902,0.02678558210412689,0.004030834400193758,0.05237051045458544,3,0.10750530117768307,0.31035064595824896,0.20284534478056587
tm433358,tomas ribeiro_1999,1920,1.0,6.255668574630211e-42,2.008586018348155e-41,5.361241665100792e-40,2.4797255949870755e-41,1,2021,0.9983289832297205,2.8714756512314677e-06,3.049691200583881e-05,0.0015982298837435786,3.941849887887323e-05,1,-0.0016710167702794765,2.8714756512314677e-06,3.049691200583881e-05,0.0015982298837435786,3.941849887887323e-05,0.002312482240982744,1,1.1052408446371418e-10,0.012713895283948146,0.012713895173424061
tm435497,fabio china_1992,1920,0.752756568226513,0.0002800426975096367,0.0030869380158020997,0.24132206474329285,0.002554386316882538,1,2021,0.10163207227930747,0.00043700222288630303,0.030340162996707803,0.8602261565500892,0.007364605951009178,4,-0.6511244959472056,0.00015695952537666635,0.027253224980905703,0.6189040918067963,0.00481021963412664,0.8987480998510374,1,0.5922466364052885,0.5074827939263449,-0.08476384247894364
tm437566,claudio falcao_1994,1920,0.727194718269386,0.0005533486248826479,0.002605409510156461,0.26391830287002693,0.005728220725548042,1,2021,0.11847382314375557,0.0012489624103852737,0.019189850604960795,0.8394781664688756,0.021609197372022805,4,-0.6087208951256304,0.0006956137855026258,0.016584441094804333,0.5755598635988487,0.015880976646474764,0.8379056106229625,1,0.6324491362652211,0.5666776200060574,-0.06577151625916378
tm438202,bruno tabata_1997,1920,0.019543865939073042,0.01908987674881503,0.7847955777693532,0.03627688752259543,0.14029379202016312,3,2021,0.017311366809495108,0.018753309110181107,0.31507675874129515,0.2567053636901898,0.3921532016488389,5,-0.002232499129577934,-0.00033656763863392294,-0.469718819028058,0.22042847616759437,0.25185940962867576,0.5188733750972584,3,0.7385114891059738,1.224856873960674,0.48634538485470025
tm445517,heriberto tavares_1997,1920,0.0011086075242060524,0.39779140219126974,0.5919835752401046,0.004142620913015629,0.004973794131403999,3,2021,0.0003245226895868679,0.024724673154190697,0.9732635151192386,0.0006738016239511056,0.0010134874130325292,3,-0.0007840848346191845,-0.37306672903707905,0.381279939879134,-0.0034688192890645233,-0.00396030671837147,0.5334471148717082,3,0.7337088247377698,0.13237075330323453,-0.6013380714345352
tm448466,jovane cabral_1998,1920,0.005518956675306282,0.0945101785203606,0.6942188679743462,0.013825118853852599,0.19192687797613434,3,2021,0.0035481563648420136,0.5320424298223065,0.327994568791869,0.007882287317279215,0.12853255770370323,2,-0.001970800310464268,0.43753225130194595,-0.3662242991824772,-0.005942831536573384,-0.06339432027243111,0.5706083679211001,2,0.8810092551388644,1.0232557026650395,0.1422464475261751
tm45287,adel taarabt_1989,1920,0.01845839254362575,0.006658822114434756,0.21604486408500276,0.7557322607717852,0.0031056604851514053,4,2021,0.0450089021275481,0.0029587580177124974,0.2457470029821582,0.6934238335197326,0.012861503352848634,4,0.02655050958392235,-0.0037000640967222585,0.02970213889715545,-0.062308427252052656,0.009755842867697229,0.07404847868238792,4,0.6676921573874636,0.8115558385142543,0.1438636811267907
tm454121,galeno_1997,1920,0.0085324070755144,0.07046656688157704,0.6954589246760222,0.028939934590286164,0.19660216677660025,3,2021,0.010319003357012997,0.005077186932050103,0.9052396228627295,0.06552470089609012,0.013839485952117321,3,0.0017865962814985967,-0.06538937994952694,0.2097806981867073,0.036584766305803956,-0.18276268082448294,0.2227674783127226,3,0.9024557433832401,0.40195364833926206,-0.500502095043978
tm461512,oleg reabciuk_1998,1920,0.9111590988893485,0.0022577449682948604,0.018146019913951116,0.05812927588153529,0.010307860346870019,1,2021,0.2474794660775682,0.01650892437105457,0.1619934760777727,0.5400584965052161,0.0339596369683884,4,-0.6636796328117803,0.01425117940275971,0.14384745616382158,0.4819292206236808,0.023651776621518378,0.8328394896132749,1,0.3838221058901362,1.1557871271378115,0.7719650212476753
tm461629,gustavo assuncao_2000,1920,0.006107468161462632,0.00012091508844783666,0.0009570123116705061,0.9925273178627058,0.00028728657571345,4,2021,0.5588629548146717,0.006959262124253632,0.061834887189562,0.3527834439334879,0.019559451938024698,1,0.5527554866532091,0.006838347035805795,0.060877874877891494,-0.6397438739292178,0.019272165362311248,0.8476813852474403,4,0.04866844133945296,0.9763687074757167,0.9277002661362638
tm478366,miguel reisinho_1999,1920,0.08749882090141202,0.0007097105152417059,0.0028359483147306006,0.8987027717938182,0.01025274847479738,4,2021,0.34406337072552134,0.006038535036543285,0.030661194259397624,0.5389464626450186,0.08029043733351922,4,0.2565645498241093,0.005328824521301579,0.027825245944667024,-0.35975630914879964,0.07003768885872184,0.442778286370814,4,0.37788209144917506,1.0404373623887861,0.6625552709396111
tm480692,luis diaz_1997,1920,0.004174818684896581,0.5524347670124301,0.38450846622726975,0.015354220672186782,0.04352772740321679,2,2021,0.004073819663105307,0.27130322699344056,0.6955303871219549,0.008562905187235664,0.020529661034263597,3,-0.0001009990217912737,-0.28113154001898955,0.31102192089468517,-0.006791315484951118,-0.022998066368953192,0.41930383999826076,3,0.918763724307188,0.7494105270977013,-0.16935319720948672
tm498237,david carmo_1999,1920,0.9981202575412785,2.0231391938732063e-05,6.257516459536916e-05,0.001686732028156317,0.00011020387403125289,1,2021,0.9251561874662518,0.00025011849504404766,0.0010067979659330998,0.07154253235375334,0.0020443637190176635,1,-0.0729640700750267,0.0002298871031053156,0.0009442228013377306,0.06985580032559702,0.0019341598449864107,0.10101748742580083,1,0.014476343036351244,0.2823435312277434,0.26786718819139216
tm51058,lica_1988,1920,0.01122295525394226,0.5306364505964392,0.30360050442874137,0.027532447761313163,0.1270076419595641,2,2021,0.012027178746148857,0.11615371058455425,0.8442859533771367,0.015668335059586383,0.011864822232573695,3,0.0008042234922065981,-0.4144827400118849,0.5406854489483954,-0.01186411270172678,-0.1151428197269904,0.6813795567948252,3,1.109534783411042,0.563864988804318,-0.545669794606724
tm510782,rodrigao_1995,1920,0.5315482873458887,0.024190375913597552,0.08724985902867056,0.2716659683733633,0.08534550933848001,1,2021,0.9962727762448623,2.8022730641706707e-05,0.0002192429410025916,0.0032264824713728124,0.00025347561212045114,1,0.46472448889897366,-0.024162353182955846,-0.08703061608766798,-0.2684394859019905,-0.08509203372635955,0.5442304251157539,1,1.2028198203745926,0.02646832480935573,-1.1763514955652368
tm512913,stephen eustaquio_1996,1920,0.04879892113066745,0.0011958194650780632,0.004167081512929188,0.9436803065876316,0.002157871303693685,4,2021,0.2633237266856365,0.0008071860873748734,0.02163693830544393,0.7064729329599756,0.007759215961569145,4,0.21452480555496908,-0.0003886333777031898,0.01746985679251474,-0.23720737362765598,0.00560134465787546,0.3203023216181564,4,0.24620894930903492,0.7232418225895852,0.47703287328055033
tm516127,walterson_1994,1920,0.0998550673876428,0.034078612589210446,0.3513863994810955,0.4438194960350384,0.07086042450701284,4,2021,0.0012232012365848304,0.0006558541614259714,0.9883905912719794,0.009239005739100538,0.0004913475909094262,3,-0.09863186615105797,-0.03342275842778447,0.6370041917908839,-0.43458049029593787,-0.07036907691610342,0.7781258694493951,3,1.260829983052484,0.07157375320732186,-1.189256229845162
tm517300,vitor tormena_1996,1920,0.9779634058824569,0.0001366313526075037,0.0005109027334341578,0.020133174938287455,0.001255885093214049,1,2021,0.9845655863197945,5.3447804553821316e-05,0.0005452893344476828,0.01425511411098107,0.0005805624302228411,1,0.006602180437337624,-8.318354805368239e-05,3.438660101352494e-05,-0.005878060827306384,-0.000675322662991208,0.008840163321889109,1,0.11389709389835748,0.08485727150363102,-0.029039822394726453
tm518472,willyan_1995,1920,0.23305513433206726,0.0154756946178903,0.06470797038783194,0.6000935353150147,0.08666766534719582,4,2021,0.1182584123125743,0.0008501288384010118,0.013329065952916304,0.8593667145775811,0.008195678318527255,4,-0.11479672201949297,-0.014625565779489287,-0.051378904434915634,0.2592731792625663,-0.07847198702866856,0.2885386765524545,4,1.099522961190803,0.4856492306844445,-0.6138737305063586
tm520530,fali cande_1998,1920,0.9919183901735052,0.00014133103990049216,0.001125067130069804,0.006365282948281983,0.00044992870824251373,1,2021,0.4920430776932145,0.0013451407337167777,0.029218038644748954,0.4695204392003,0.007873303728019787,1,-0.49987531248029077,0.0012038096938162856,0.02809297151467915,0.46315515625201803,0.007423375019777273,0.682040094859828,1,0.05259670630028691,0.8541893581697008,0.8015926518694139
tm522714,anderson_1997,1920,0.003144450628612807,0.11325945320885428,0.030140956169876998,0.0051503014179446055,0.8483048385747113,5,2021,0.0011011265001671614,0.9587479282039921,0.011947264374502553,0.0010699507733148664,0.027133730148023227,2,-0.0020433241284456456,0.8454884749951379,-0.018193691795374445,-0.004080350644629739,-0.8211711084266881,0.8456965154271513,2,0.5370503436390219,0.2059724304591045,-0.3310779131799174
tm534473,paulinho_1997,1920,0.06906856971891545,0.03861304619762625,0.2633249777596264,0.5212888692255004,0.10770453709833135,4,2021,0.10077469341102033,0.019156725806683723,0.24260964902474375,0.5696787360124914,0.06778019574506075,4,0.031706123692104876,-0.019456320390942524,-0.020715328734882632,0.048389866786990976,-0.039924341353270595,0.06445564936443544,4,1.241220699721363,1.15361758939423,-0.08760311032713308
tm535955,nuno tavares_2000,1920,0.2160793683612262,0.011888328171043913,0.22713306519712714,0.2641743402328303,0.2807248980377725,5,2021,0.007866246903374055,0.0005912455335595784,0.013164119501921135,0.9749113562935797,0.003467031767565524,4,-0.20821312145785215,-0.011297082637484334,-0.213968945695206,0.7107370160607493,-0.277257866270207,0.7709799891982906,4,1.4286916219388435,0.1439224034280883,-1.284769218510755
tm537598,fabio vieira_2000,1920,0.011512994199976562,0.0383609663619637,0.1159211194351502,0.021524802386395488,0.8126801176165139,5,2021,0.01724605869279731,0.011809113214849575,0.5396253408664897,0.25694772349773576,0.17437176372812768,3,0.005733064492820749,-0.026551853147114123,0.4237042214313395,0.23542292111134028,-0.6383083538883862,0.4854761456316455,3,0.6774617353340432,1.109038959918127,0.43157722458408376
tm544784,zaidu sanusi_1997,1920,0.2611934022243731,0.010429868762035725,0.4228507844179771,0.26697249307546167,0.03855345152015245,3,2021,0.284760150214588,0.0001277057596433409,0.004055982260391453,0.7096523001406237,0.0014038616247535318,4,0.02356674799021491,-0.010302163002392384,-0.41879480215758563,0.4426798070651621,-0.03714958989539892,0.6099311633871667,4,1.2402911066423858,0.6337910243297814,-0.6065000823126044
tm54716,steven vitoria_1987,1920,0.8432129313579668,0.00899292753315001,0.015972684273775288,0.12240742556005726,0.009414031275050548,1,2021,0.9746322276242582,0.001671022992507785,0.004323324733644386,0.01456694081202239,0.004806483837567239,1,0.13141929626629134,-0.007321904540642224,-0.011649359540130903,-0.10784048474803487,-0.004607547437483309,0.17055767190488944,1,0.553269753648555,0.14652292501714811,-0.4067468286314069
tm550549,tomas tavares_2001,1920,0.9627070224141503,0.00040785415892503587,0.004282608996651367,0.03026930246784362,0.0023332119624296355,1,2021,0.8593611505967296,3.008678965564684e-05,0.0007923689428480642,0.13934569241921713,0.000470701251549393,1,-0.10334587181742072,-0.00037776736926938904,-0.0034902400538033024,0.1090763899513735,-0.0018625107108802426,0.15030087341843795,4,0.18313682425211023,0.414449398667539,0.23131257441542877
tm553062,vitor carvalho_1997,1920,0.06118366774315653,0.041993869891499246,0.0863845402411738,0.1228953749873263,0.687542547136844,5,2021,0.21389977241138744,0.007722707795248367,0.11724901358712246,0.6069359565931814,0.054192549613060144,4,0.1527161046682309,-0.034271162096250876,0.030864473345948662,0.48404058160585517,-0.6333499975237838,0.5096514706470716,4,1.030836630745406,1.079809850077905,0.048973219332498985
tm55994,ukra_1988,1920,0.057751520392626224,0.02204045422755268,0.2926187944767485,0.5854074713534326,0.042181759549640034,4,2021,0.011926045658674736,0.0021471959844886457,0.8524205076666493,0.12742112261391442,0.006085128076272672,3,-0.04582547473395149,-0.019893258243064035,0.5598017131899009,-0.4579863487395182,-0.03609663147336736,0.7250001169518671,3,1.0553532667441896,0.49568895162035453,-0.5596643151238351
tm56036,luis neto_1988,1920,0.9999499574982874,4.0929618893484086e-07,1.3862359558933053e-06,4.5281815329730064e-05,2.965154238032501e-06,1,2021,0.9935962747788297,2.3940293998973493e-05,0.0001948539326873147,0.0057565727788260425,0.0004283582156579252,1,-0.006353682719457687,2.3530997810038652e-05,0.0001934676967314214,0.005711290963496312,0.0004253930614198927,0.008545531699478175,1,0.0005654386613883679,0.04131376589791814,0.04074832723652977
tm560903,patrick_1997,1920,0.9842819083102189,0.0001313055637364156,0.0004864210304938301,0.014448609690655409,0.0006517554048955129,1,2021,0.8342991141198802,9.567458330017725e-05,0.001129883817256419,0.16325804359007032,0.0012172838894928522,1,-0.14998279419033866,-3.563098043623836e-05,0.0006434627867625889,0.14880943389941492,0.0005655284845973393,0.21128062259594593,1,0.08648035185015601,0.4637588111734521,0.37727845932329607
tm56183,bruno moreira_1987,1920,0.002463317256639647,0.8960412484461372,0.03769586773461121,0.0033810561816428617,0.06041851038096905,2,2021,0.07785579424908734,0.1524623717467701,0.32670328976875285,0.07447096614349796,0.3685075780918917,5,0.0753924769924477,-0.7435788766993671,0.28900742203414165,0.0710899099618551,0.30808906771092265,0.8044704076283691,2,0.4255263292306263,1.4123044413750463,0.98677811214442
tm564544,pedro amador_1998,1920,0.868834105611378,0.00041236725266925484,0.007207861860710665,0.11579073805848263,0.007754927216759529,1,2021,0.3106050131748176,0.00020304121794789055,0.002587507487563684,0.6745289134405297,0.012075524679141221,4,-0.5582290924365604,-0.0002093260347213643,-0.004620354373146981,0.5587381753820471,0.004320597462381693,0.7898287534419897,4,0.4482538869086118,0.6992318851690685,0.25097799826045675
tm568216,show_1999,1920,0.023763574910926073,0.001112527924367081,0.010478354363151901,0.9610595289886994,0.0035860138128555987,4,2021,0.05728495509727949,0.0018678215637021299,0.029703590687720376,0.8992466553745248,0.011896977276773243,4,0.033521380186353415,0.0007552936393350489,0.019225236324568476,-0.061812873614174646,0.008310963463917645,0.07290195096331169,4,0.2025617924322136,0.4282257946678383,0.2256640022356247
tm581121,tiago esgaio_1995,1920,0.09747834051530026,0.0005802209172171689,0.028222203709014383,0.8699026022828623,0.003816632575606046,4,2021,0.6038823348416354,0.00023988809840458977,0.00542379891283861,0.3877763416393305,0.0026776365077908373,1,0.5064039943263352,-0.0003403328188125791,-0.022798404796175772,-0.4821262606435318,-0.0011389960678152085,0.6995788874454828,1,0.4744467864658899,0.7180889689166696,0.24364218245077973
tm589374,milson_1999,1920,0.03460283889835833,0.057510032425336775,0.12618232661662107,0.09111068231354595,0.6905941197461379,5,2021,0.0031434118926062103,0.030601119232868554,0.9021205670785586,0.024960593235970226,0.03917430855999638,3,-0.03145942700575212,-0.02690891319246822,0.7759382404619375,-0.06615008907757572,-0.6514198111861416,0.7798524042745966,3,1.01576757083459,0.4367664022118667,-0.5790011686227232
tm58965,ruben lima_1989,1920,0.9269042422526365,0.00025926937364668517,0.005121132062000839,0.06387967295854023,0.0038356833531759484,1,2021,0.09761868097124896,0.00016469064687398078,0.008567496563611518,0.8887068806709746,0.004942251147291153,4,-0.8292855612813875,-9.457872677270438e-05,0.0034463645016106787,0.8248272077124343,0.0011065677941152047,1.1696436855324321,1,0.2965651726597201,0.40044175963717765,0.10387658697745755
tm592735,gonzalo plata_2000,1920,0.0009051128068790084,0.004771245851938647,0.9823657994053075,0.007539740565357963,0.004418101370516691,3,2021,0.047721078119008116,0.036566428730806184,0.09468468908433676,0.16447838649146365,0.6565494175743853,5,0.04681596531212911,0.03179518287886754,-0.8876811103209707,0.15693864592610568,0.6521313162038687,0.9032220991916651,3,0.11012948044254212,1.062488900188486,0.952359419745944
tm594546,ze uilton_1992,1920,0.009687547521640649,0.019328045842276764,0.8279546911793937,0.12462252251389457,0.018407192942794335,3,2021,0.760128104382743,0.01927330989443986,0.11277424034107773,0.08617750918370418,0.021646836198035306,1,0.7504405568611023,-5.4735947836902915e-05,-0.7151804508383159,-0.03844501333019039,0.003239643255240971,1.037363065030407,1,0.6105670036572723,0.8249257869988477,0.21435878334157532
tm595012,ibrahima camara_1999,1920,0.1504154066452755,0.011074411351590116,0.0358840275487462,0.7459359778679145,0.05669017658647345,4,2021,0.08494920267152217,0.0024249154160291427,0.0334759650859628,0.8532460314176816,0.025903885408804384,4,-0.06546620397375333,-0.008649495935560973,-0.0024080624627833974,0.10731005354976708,-0.030786291177669064,0.12602334704470797,4,0.8355672043962663,0.5678302605480854,-0.2677369438481809
tm598629,bruno duarte_1996,1920,0.007158945380119861,0.6307659766375526,0.05899657680167008,0.010437311250272368,0.292641189930385,2,2021,0.011281543579633796,0.5493789620762687,0.4030593837640247,0.004854918352722688,0.031425192227350185,2,0.004122598199513935,-0.08138701456128394,0.34406280696235464,-0.005582392897549681,-0.26121599770303483,0.35362581947644944,3,0.9002259358918283,0.880502936875757,-0.01972299901607133
tm601883,matheus nunes_1998,1920,0.08830763836594073,0.002647200035528798,0.007557892782829142,0.8894304166517966,0.012056852163904697,4,2021,0.03668572899677972,0.05011317180778916,0.7802295040389743,0.09261080685789881,0.040360788298558097,3,-0.05162190936916101,0.04746597177226036,0.7726716112561451,-0.7968196097938978,0.0283039361346534,1.1121424141702672,4,0.424433797914666,0.8148069329369256,0.3903731350222596
tm606050,pedro pelagio_2000,1920,0.01711879659560804,0.0011830942414898745,0.0119113281816579,0.9665265718363297,0.003260209144914397,4,2021,0.05521471869903051,0.006555492022019368,0.12189116197190113,0.7750064246815582,0.04133220262549071,4,0.03809592210342247,0.005372397780529493,0.10997983379024323,-0.1915201471547715,0.03807199348057631,0.22417781457034755,4,0.1819506719992167,0.7786494639158809,0.5966987919166642
tm616341,nuno mendes_2002,1920,0.2790965739718482,0.004398403554126021,0.12433730479259364,0.5134131014625374,0.07875461621889471,4,2021,0.08105430805485546,0.0005986338940249268,0.03819921037080288,0.8696825873918201,0.010465260288496666,4,-0.19804226591699275,-0.0037997696601010937,-0.08613809442179077,0.35626948592928276,-0.06828935593039805,0.41663280626222826,4,1.1816912629883154,0.5019700224317966,-0.6797212405565188
tm61764,marco matias_1989,1920,0.003541273297602021,0.019139798664870172,0.9443304659034063,0.03023448805920661,0.0027539740749148783,3,2021,0.029121123079669957,0.06656103535597185,0.5087248267773185,0.26919938507535246,0.12639362971168722,3,0.025579849782067936,0.04742123669110168,-0.43560563912608785,0.23896489701614584,0.12363965563677234,0.4997595394272843,3,0.271808985217046,1.241855567143686,0.97004658192664
tm63837,andre andre_1989,1920,0.014189478577901498,0.027680038839340063,0.7334046287625087,0.20006935076361212,0.02465650305663752,3,2021,0.03718617289935241,0.01384663735953831,0.780700855620922,0.15413171216823235,0.014134621951955067,3,0.022996694321450913,-0.013833401479801753,0.04729622685841328,-0.045937638595379776,-0.010521881104682454,0.07118574759723925,3,0.8002929436385146,0.7233619970702991,-0.07693094656821542
tm64339,pizzi_1989,1920,0.005768326632304144,0.042790028669165904,0.15552621166522523,0.010965782986527658,0.784949650046777,5,2021,0.008342819915188409,0.05507770146538878,0.8753384221428832,0.024918432727478543,0.03632262374906111,3,0.0025744932828842652,0.012287672796222879,0.7198122104776579,0.013952649740950885,-0.7486270262977158,0.7200568794935136,3,0.6935662692971458,0.5285726356399372,-0.16499363365720865
tm646677,riccieli_1998,1920,0.9983876926855588,1.578171846301712e-05,6.638803465848939e-05,0.0014640486083458207,6.608895297382353e-05,1,2021,0.9992309468972007,6.324963985701614e-06,3.1594019507717886e-05,0.0006464480551103354,8.46860641953981e-05,1,0.0008432542116418862,-9.456754477315507e-06,-3.4794015150771506e-05,-0.0008176005532354852,1.8597111221574565e-05,0.0011750950530907305,1,0.012615412062268119,0.006713457751109984,-0.005901954311158135
tm694928,samuel lino_1999,1920,0.001774099110433521,0.012494452269704314,0.9726953424659921,0.009664520883675415,0.003371585270194448,3,2021,0.0017735334807648076,0.9405473681735923,0.052383454379628706,0.0011611440609037072,0.004134499905110463,2,-5.656296687133345e-07,0.9280529159038879,-0.9203118880863634,-0.008503376822771708,0.0007629146349160151,1.3070304103151182,2,0.15695184856813127,0.2539107520064952,0.09695890343836394
tm782612,tiago melo almeida_2001,1920,0.9956887871906582,7.882322417619456e-05,0.0003660039787722686,0.0032197447600037774,0.0006466408463897762,1,2021,0.8780707687356424,0.0003752797316512989,0.002774667066009657,0.11070770708364192,0.008071577383054947,1,-0.11761801845501585,0.0002964565074751043,0.0024086630872373884,0.10748796232363814,0.007424936536665171,0.15935353731279686,1,0.03116789600878528,0.4160216728551067,0.38485377684632144
tm82281,ivo pinto_1990,1920,0.8938130461566394,0.0007015626952133858,0.010448274801075404,0.08468679976368017,0.010350316583391493,1,2021,0.02726998537785411,1.1375619995494559e-05,0.0005679300158685394,0.97196737037414,0.00018333861214165235,4,-0.8665430607787853,-0.0006901870752178911,-0.009880344785206866,0.8872805706104598,-0.010166977971249842,1.2402668199778473,4,0.40947401992202603,0.1318130333310654,-0.2776609865909606
tm83466,andre almeida_1990,1920,0.3370500939998584,0.017753525264279785,0.28248923828563477,0.28381818639272555,0.07888895605750158,1,2021,0.7314238158585058,0.0007601078177237351,0.012238143807889642,0.21141501840861915,0.044162914107261565,1,0.3943737218586474,-0.01699341744655605,-0.27025109447774515,-0.0724031679841064,-0.03472604195024002,0.4838360068553275,1,1.353018398958771,0.7544149724882985,-0.5986034264704725
tm84511,silvio_1987,1920,0.9982756160902302,1.6235737518549422e-05,0.00015902794089204148,0.0013380888580679649,0.00021103137329155138,1,2021,0.9993177276442192,9.488463667615105e-07,1.1759014018972652e-05,0.0006599046609125614,9.65983448238137e-06,1,0.0010421115539890335,-1.528689115178791e-05,-0.00014726892687306882,-0.0006781841971554034,-0.00020137153880917002,0.0012521390186765163,1,0.013932422694932625,0.0057729765374338465,-0.008159446157498779
tm85953,yohan tavares_1988,1920,0.5715180836969698,0.01625822224893275,0.03416003231194053,0.2533510066398707,0.12471265510228634,1,2021,0.9990905446412429,2.181595574494165e-06,1.6646700312739375e-05,0.000843865819698387,4.6761243171493624e-05,1,0.42757246094427315,-0.016256040653358256,-0.03414338561162779,-0.25250714082017234,-0.12466589385911485,0.4980041115913284,1,1.1095247278531049,0.007559354023826937,-1.1019653738292778
tm9413,ricardo vaz te_1986,1920,0.01827412524753314,0.5695315100318589,0.24403371130104395,0.031035818157325017,0.13712483526223895,2,2021,0.04014711257145432,0.1994704634796434,0.21460235313913248,0.05257946376057876,0.493200607049191,5,0.02187298732392118,-0.3700610465522155,-0.029431358161911475,0.021543645603253742,0.35607577178695204,0.3724968983212165,2,1.1181715154375047,1.2843942789390352,0.16622276350153053
tm95429,osama rashid_1992,1920,0.048556217764176,0.0029733677374481626,0.37007929160127023,0.5667715914419434,0.011619531455162256,4,2021,0.12478215612579219,0.004879880068535624,0.263651584721171,0.5834508179862294,0.02323556109827176,4,0.07622593836161619,0.0019065123310874612,-0.10642770688009923,0.016679226544285997,0.011616029643109505,0.13198136936041174,3,0.9056343546034452,1.0389239576713531,0.13328960306790794
tm96140,jorge correa_1993,1920,0.005287943907548016,0.03812540098482579,0.9332866756212195,0.013939672895748162,0.009360306590658587,3,2021,0.006733764447825229,0.0017195009165134568,0.781219972803428,0.20426503798279572,0.0060617238494377,3,0.0014458205402772132,-0.03640590006831233,-0.15206670281779144,0.19032536508704756,-0.003298582741220887,0.2463239871758556,4,0.3199978473188606,0.5928923322895472,0.2728944849706866
anderson_1998,anderson_1998,2021,0.0148161182338981,0.0017292907316576276,0.8962984187116206,0.0836023152021398,0.003553857120683791,3,2122,0.008681599953667657,0.025641243862234344,0.5711485702537484,0.39247906683528816,0.002049519095061414,3,-0.006134518280230443,0.023911953130576716,-0.3251498484578722,0.30887675163314837,-0.001504338025622377,0.44915107198878224,3,0.39905016319604764,0.8348109349827839,0.4357607717867363
diederrick joel_1993,diederrick joel_1993,2021,0.0007530546671071853,0.9454265015246541,0.046764858326408615,0.0009006065583543031,0.0061549789234756295,2,2122,0.005712128432372159,0.8033451916234222,0.05007119913882069,0.017135928386833674,0.12373555241855118,2,0.004959073765264974,-0.1420813099012319,0.003306340812412073,0.016235321828479372,0.11758057349507554,0.1431300408729815,2,0.23934248511892278,0.6835853251772535,0.4442428400583307
francisco chico_1998,francisco chico_1998,2021,0.007213782825728401,0.5263930743203935,0.2961122694000963,0.04178492599085549,0.1284959474629264,2,2122,0.03763968232776985,0.0019468840064400367,0.7286968657288794,0.221644735114626,0.01007183282228489,3,0.030425899502041446,-0.5244461903139535,0.4325845963287831,0.17985980912377053,-0.1184241146406415,0.7038810452159535,2,1.1300721017994502,0.7464869463915335,-0.3835851554079167
lamine diaby_1996,lamine diaby_1996,2021,0.11527265026552852,0.052524201217218625,0.0919182669472144,0.2441467767598928,0.49613810481014564,5,2122,0.014735017962204059,0.007267179598603295,0.016913234147230286,0.023139430586425487,0.9379451377055368,5,-0.10053763230332446,-0.04525702161861533,-0.07500503279998412,-0.22100734617346732,0.44180703289539114,0.2581201571418083,4,1.3151857104393443,0.31416845744424254,-1.0010172529951018
paulo sergio mota_1991,paulo sergio mota_1991,2021,0.7035301482309456,0.0005239506437083519,0.0112666944143731,0.27929703119587224,0.005382175515100729,1,2122,0.2818699001385303,0.011497598447826137,0.1545303522894026,0.5295045025114007,0.022597646612840243,4,-0.4216602480924153,0.010973647804117784,0.14326365787502948,0.25020747131552845,0.017215471097739514,0.5109266484901043,1,0.6862495077367545,1.119152187641437,0.43290267990468245
pedro borges_1997,pedro borges_1997,2021,0.17155366313892959,0.004978083466539776,0.0748412037340957,0.731391566242407,0.017235483418028035,4,2122,0.07384378410471962,0.017471937102448497,0.17491564365842796,0.7005583774792431,0.03321025765516072,4,-0.09770987903420997,0.01249385363590872,0.10007443992433226,-0.030833188763163877,0.015974774237132682,0.14376681082582704,3,0.8216131070428971,0.9304815425496358,0.10886843550673864
pedro rodrigues_1997,pedro rodrigues_1997,2021,0.03116130997275844,9.607992488479638e-05,0.0058457040496409565,0.9612468194867785,0.0016500865659373977,4,2122,0.030194701807083328,0.00948309454529989,0.16214272484843292,0.7806150520636975,0.017564426735486322,4,-0.0009666081656751133,0.009387014620415093,0.15629702079879196,-0.18063176742308096,0.015914340169548926,0.2390515519460057,4,0.18759746667799915,0.7091721358274072,0.5215746691494081
rui filipe cunha correia_1995,rui filipe cunha correia_1995,2021,0.06395668375308022,0.00991228891832035,0.1161055494819402,0.7770378212367716,0.0329876566098878,4,2122,0.13564900368778682,0.003721433947913071,0.17060507452250626,0.6778627998282261,0.01216168801356773,4,0.0716923199347066,-0.00619085497040728,0.05449952504056606,-0.0991750214085455,-0.020825968596320067,0.13410443141044107,4,0.7801539073219449,0.9106856073625006,0.1305317000405557
sphephelo sithole_1999,sphephelo sithole_1999,2021,0.15119157032514102,0.0012905564522682888,0.010229834279540988,0.8156296449741108,0.021658393968938785,4,2122,0.10216392255202919,0.0009504639284679265,0.03191525371305385,0.8588288281195043,0.006141531686944638,4,-0.04902764777311183,-0.0003400925238003623,0.021685419433512862,0.043199183145393505,-0.015516862281994146,0.06884949345874442,1,0.5903195594724521,0.5115836551671218,-0.07873590430533028
thibang phete_1994,thibang phete_1994,2021,0.4851588928335087,0.00027921948512024604,0.006851795948457387,0.5067106303528498,0.0009994613800639563,4,2122,0.7417373224950988,0.0008553227504673502,0.02214393937888326,0.23326593641376386,0.0019974789617868056,1,0.2565784296615901,0.0005761032653471042,0.015292143430425873,-0.27344469393908594,0.0009980175817228493,0.3752847888693558,4,0.7387084807603882,0.6639685948634609,-0.07473988589692726
tm102427,sebastian coates_1990,2021,0.9938964554964222,0.00025266424615332027,0.001783806967283057,0.003100108943206323,0.0009669643469352198,1,2122,0.9943999515181707,0.0001303942625067173,0.000572260134981183,0.004604721579124335,0.00029267250521714216,1,0.0005034960217484841,-0.00012226998364660296,-0.001211546832301874,0.0015046126359180125,-0.0006742918417180777,0.002000040775544925,4,0.04408678740022047,0.03818097380338843,-0.005905813596832038
tm106837,abdoulaye ba_1991,2021,0.9880036950943037,4.085717371541663e-05,0.00036597959462794655,0.01112808281420949,0.00046138532314344075,1,2122,0.9999732420137337,5.460762216127026e-07,2.7418468875293923e-06,1.984808213805097e-05,3.6219810192044315e-06,1,0.011969546919429974,-4.0311097493803924e-05,-0.00036323774774041714,-0.01110823473207144,-0.0004577633421242363,0.01633390642085348,1,0.06883420948676222,0.00033002796368993107,-0.06850418152307229
tm109256,haris seferovic_1992,2021,0.00674396753796469,0.3924788826491821,0.029924570876151885,0.002943717793364457,0.5679088611433368,5,2122,0.006406353258889206,0.48909521157427577,0.017767339744598803,0.013330462659851298,0.47340063276238503,2,-0.00033761427907548405,0.09661632892509364,-0.012157231131553082,0.01038674486648684,-0.0945082283809518,0.0979311581472966,2,0.8442719540512638,0.86533664630173,0.021064692250466255
tm111200,fabio pacheco_1988,2021,0.48394490894447106,0.0006076726541911512,0.006703260030903727,0.48340346031446046,0.02534069805597358,1,2122,0.512849263609168,0.0028017190232229416,0.03489813868422598,0.42079518041735975,0.02865569826602328,1,0.028904354664696985,0.00219404636903179,0.02819487865332225,-0.06260827989710072,0.0033150002100496984,0.07453202970536442,4,0.8338143273161343,0.9420694134492865,0.10825508613315227
tm112465,sergio oliveira_1992,2021,0.02767840591420203,0.0562476051016635,0.6948074437223024,0.09670159421991481,0.12456495104191743,3,2122,0.017332181591376117,0.09470124701548768,0.10089530877333132,0.08991099891995438,0.6971602636998505,5,-0.010346224322825913,0.03845364191382418,-0.5939121349489711,-0.006790595299960428,0.5725953126579331,0.5952843548744983,3,0.9995259626491773,0.9930028436272431,-0.006523119021934143
tm118323,ricardo alves_1991,2021,0.8622273975203222,0.01825774122448388,0.03853488551570005,0.03770678139130053,0.04327319434819336,1,2122,0.800847819028077,0.00031809555862960846,0.0041090442999407815,0.19405438428427282,0.0006706568290797212,1,-0.06137957849224518,-0.01793964566585427,-0.03442584121575927,0.15634760289297228,-0.04260253751911364,0.17239198071921244,4,0.5858661485358327,0.5260703356139712,-0.059795812921861535
tm124548,bebeto_1990,2021,0.270229248040474,0.0016452628719505287,0.014530017480661333,0.6312488894012238,0.08234658220569031,4,2122,0.34680370648662895,0.006257221978080644,0.18898152841270574,0.3190464350418418,0.13891110808074286,1,0.07657445844615496,0.004611959106130115,0.17445151093204442,-0.312202454359382,0.05656452587505255,0.36577126736201376,4,0.9216347394314601,1.3525605304433448,0.43092579101188466
tm125165,jesus corona_1993,2021,0.009587096884632768,0.007911433436808378,0.9033705142000023,0.06712131063927405,0.012009644839282558,3,2122,0.5419448667324805,0.01262951662622244,0.09729840811768871,0.28423989117967097,0.06388731734393735,1,0.5323577698478478,0.004718083189414062,-0.8060721060823135,0.2171185805403969,0.05187767250465479,0.990110990569345,3,0.40906307494816135,1.1471923204354457,0.7381292454872843
tm126956,edgar costa_1987,2021,0.02340943767895245,0.0018637111156820608,0.09395147729535032,0.865560395182281,0.015214978727734208,4,2122,0.0006845520809831402,0.0015659324022741677,0.970917296995684,0.022819055942062433,0.004013162578996305,3,-0.02272488559796931,-0.00029777871340789315,0.8769658197003336,-0.8427413392402185,-0.011201816148737904,1.2164696966569606,3,0.5104501860952048,0.15216358682690284,-0.3582865992683019
tm127031,pierre sagna_1990,2021,0.6188809487500819,0.0014797918441754507,0.027054086346082903,0.2599425803940657,0.09264259266559388,1,2122,0.9808557205639437,0.00020197072914762565,0.0026578794504813277,0.014012355443503115,0.002272073812924333,1,0.36197477181386173,-0.001277821115027825,-0.024396206895601576,-0.24593022495056258,-0.09037051885266954,0.43829695266066654,1,0.9748869332445227,0.11007232479242171,-0.864814608452101
tm129386,zouhair feddal_1989,2021,0.9776668548125836,0.00020509137248447351,0.004109179763181268,0.016261088223707285,0.0017577858280433682,1,2122,0.9989373265858136,3.550278822393808e-05,0.00015279687128396288,0.0007534493682549641,0.00012092438642362542,1,0.021270471773229938,-0.00016958858426053544,-0.003956382891897306,-0.01550763885545232,-0.0016368614416197428,0.02661957096202182,1,0.12453151698779538,0.009277121313888635,-0.11525439567390675
tm129670,luiz carlos_1985,2021,0.07744861096379277,0.031244353101775178,0.4965643985908733,0.3633767825561563,0.031365854787402565,3,2122,0.05204371151598361,0.0014581639053351334,0.05118696751424691,0.8879403905987039,0.0073707664657304255,4,-0.02540489944780916,-0.029786189196440042,-0.4453774310766264,0.5245636080425475,-0.023995088321672138,0.6892464442982857,4,1.130472218921932,0.457212752936241,-0.6732594659856911
tm131015,marco baixinho_1989,2021,0.9968497768689153,1.8343911732537246e-05,0.00012317469681447668,0.002728950758941786,0.0002797537635957134,1,2122,0.9996634996704605,8.709584828912187e-06,3.6664772517474896e-05,0.000237207324577267,5.3918647615582513e-05,1,0.0028137228015452376,-9.63432690362506e-06,-8.650992429700178e-05,-0.002491743434364519,-0.00022583511598013088,0.0037594411996852706,1,0.02285424273551771,0.0033221858813467244,-0.019532056854170986
tm137192,zainadine junior_1988,2021,0.9895008894654774,2.912745748914362e-05,0.00030370342831059115,0.009948110578822349,0.00021816906990035833,1,2122,0.9946760166057235,7.368252296987631e-05,0.0006662199635810558,0.004059281905038327,0.0005247990026871516,1,0.005175127140246039,4.455506548073269e-05,0.0003625165352704646,-0.005888828673784022,0.0003066299327867932,0.007848162043376558,4,0.0609115510738986,0.03720057915266211,-0.023710971921236487
tm139395,ricardo esgaio_1993,2021,0.10717381706000388,0.0005588887615780989,0.009863555531068345,0.8754812879149544,0.006922450732395321,4,2122,0.07937477645733561,0.01097781690862654,0.3051582678529471,0.46862053566904743,0.13586860311204335,4,-0.027799040602668273,0.01041892814704844,0.29529471232187876,-0.40686075224590695,0.12894615237964804,0.5036029979711485,4,0.439944393824069,1.239231754863039,0.7992873610389699
tm14132,pepe_1983,2021,0.9923432777696459,0.00011115252525663748,0.0008201520045751617,0.006170811879944795,0.0005546058205775725,1,2122,0.9959283718452072,0.00014370375716215748,0.0006526278298239523,0.002997597049689477,0.0002776995181172489,1,0.0035850940755612903,3.2551231905519995e-05,-0.00016752417475120944,-0.0031732148302553178,-0.0002769063024603236,0.004790753158053709,1,0.05002199908136761,0.029811429943483823,-0.02021056913788379
tm149729,joao mario_1993,2021,0.03532757383201859,0.0014119527896230867,0.29645271562902076,0.6611413472970108,0.0056664104523268,4,2122,0.006003170568882862,0.012777674694470985,0.2532533449158819,0.7163637722152358,0.011602037605528281,4,-0.029324403263135724,0.011365721904847899,-0.04319937071313884,0.055222424918225044,0.005935627153201481,0.07684271016184648,4,0.7907024640237266,0.7248904487278933,-0.06581201529583325
tm155025,fabio cardoso_1994,2021,0.9409718408435125,0.003617006993101015,0.012926709510122085,0.03336930863781318,0.009115134015451453,1,2122,0.9990581536974513,3.2219983027548906e-05,0.00011183928597870957,0.0006265270726691901,0.0001712599608732764,1,0.05808631285393884,-0.003584787010073466,-0.012814870224143375,-0.032742781565143986,-0.008943874054578176,0.06799397828012141,1,0.2900780107265637,0.008398274637170841,-0.28167973608939284
tm155395,salvador agra_1991,2021,0.000855911524603416,0.004555247635968271,0.9890525495379673,0.0034789182536875117,0.0020573730477736678,3,2122,0.0030239367692357156,0.6480766492702017,0.29164608278306514,0.0388352628821797,0.018418068295317832,2,0.0021680252446322993,0.6435214016342334,-0.6974064667549021,0.03535634462849219,0.016360695247544164,0.9496053631229106,3,0.07391426299105631,0.8577368206151211,0.7838225576240648
tm164705,raul silva_1989,2021,0.9570235637592226,6.724092565244456e-05,0.00045984862696077546,0.04207465016891902,0.00037469651924517425,1,2122,0.6570778632298966,0.03194025152842378,0.07671265267404322,0.17838692084066501,0.055882311726971445,1,-0.299945700529326,0.03187301060277133,0.07625280404708244,0.136312270671746,0.05550761520772627,0.33967460507321207,1,0.1824808429827046,1.0516109025067675,0.8691300595240629
tm172181,diogo figueiras_1991,2021,0.7237403638428886,0.00011151097509937583,0.005676840509216107,0.2688969915102152,0.001574293162580784,1,2122,0.4562011759741476,0.0031752211963399055,0.04246431223177142,0.4691867438082093,0.02897254678953185,4,-0.26753918786874104,0.0030637102212405297,0.03678747172255531,0.20028975229799412,0.02739825362695107,0.3362378716282788,1,0.6277104341196416,0.9681128593997629,0.3404024252801213
tm173617,fabricio_1990,2021,0.0039616158081045095,0.07235120191108937,0.9083907234662553,0.0074636770309104315,0.007832781783640384,3,2122,0.1222802835286569,0.40601303286560786,0.22886208616541154,0.11608437095490268,0.12676022648542087,2,0.11831866772055238,0.3336618309545185,-0.6795286373008438,0.10862069392399225,0.11892744470178049,0.7738779933733478,3,0.37374080144028243,1.4722192074325013,1.098478405992219
tm176485,lucas piazon_1994,2021,0.02484358753901007,0.4341483920006996,0.422272685523097,0.0251458828928759,0.09358945204431736,2,2122,0.009099030431383458,0.0012624137014526104,0.03515680689245701,0.9533602113389907,0.0011215376357161806,4,-0.015744557107626612,-0.43288597829924697,-0.38711587863064,0.9282143284461148,-0.09246791440860118,1.095024522240144,4,1.1323958385463224,0.22204424019499888,-0.9103515983513235
tm176997,anderson carvalho_1990,2021,0.1035253659102008,0.00249915951000523,0.038990319926259995,0.8319773320552156,0.02300782259831836,4,2122,0.21772644645541364,0.0033326185907567208,0.06094084617905522,0.6723022945808773,0.04569779419389714,4,0.11420108054521284,0.0008334590807514909,0.021950526252795227,-0.1596750374743383,0.02268997159557878,0.1975361350410083,4,0.6160914566929125,0.9293857718077516,0.3132943151148391
tm177964,yusupha njie_1994,2021,0.002300439843716101,0.9371820352903065,0.03296126555659282,0.001593232303360585,0.025963027006024143,2,2122,0.0006930607511878901,0.9557257488646096,0.031255538670058494,0.005484045898338915,0.0068416058158051315,2,-0.0016073790925282107,0.018543713574303067,-0.0017057268865343228,0.0038908135949783304,-0.01912142119021901,0.019091907063339766,2,0.2923111076314126,0.2192918907416309,-0.07301921688978169
tm181783,claudio winck_1994,2021,0.005067926151049063,2.5352377730720604e-05,0.001581301703013389,0.9927234804681766,0.0006019393000301082,4,2122,0.03338568717348256,0.008300872473229966,0.5791219795743268,0.36581340476688845,0.013378056012072276,3,0.028317761022433496,0.008275520095499245,0.5775406778713134,-0.6269100757012882,0.012776116712042169,0.85290084853635,4,0.04896358114286148,0.8952009375129683,0.8462373563701068
tm182108,sebastian perez_1993,2021,0.4144312406451983,0.03409957261496228,0.31708090535022515,0.15826222551408575,0.07612605587552837,1,2122,0.08594960270088792,0.000899487160011691,0.013995969785526316,0.8960318304087876,0.003123109944786387,4,-0.3284816379443104,-0.03320008545495059,-0.30308493556469884,0.7377696048947019,-0.07300294593074198,0.8632305023651188,4,1.3322630849087165,0.3933599159387286,-0.9389031689699878
tm182936,filipe ferreira_1990,2021,0.8485337391198162,0.0001861896874604199,0.004945008087395444,0.14174220815652733,0.004592854948800626,1,2122,0.8869403957047651,0.00093724049037899,0.01732934309341874,0.08777380562239985,0.007019215089037351,1,0.038406656584948906,0.0007510508029185701,0.012384335006023294,-0.05396840253412748,0.002426360140236725,0.0673913612636649,4,0.46887451293301685,0.43158648413017553,-0.03728802880284132
tm193082,alex grimaldo_1995,2021,0.38262617396494103,0.004910015212179836,0.1347496971671066,0.3907523932076768,0.08696172044809565,4,2122,0.0835497556346138,0.08760942075928732,0.214799312559283,0.4175836106551156,0.1964579003917003,4,-0.2990764183303272,0.08269940554710749,0.0800496153921764,0.026831217447438827,0.10949617994360465,0.3215800846341218,1,1.2433436199818648,1.4354470117502367,0.19210339176837188
tm193303,nuno sequeira_1990,2021,0.12666400157452867,8.799850890269496e-05,0.0023814622629971696,0.8687557837580393,0.002110753895532143,4,2122,0.8879725797425632,0.003159527401190924,0.025849619596348048,0.0631127700939381,0.019905503165959657,1,0.7613085781680344,0.003071528892288229,0.023468157333350878,-0.8056430136641012,0.017794749270427512,1.1086981579115067,4,0.41215302933947306,0.4705216782310088,0.05836864889153576
tm193830,iuri medeiros_1994,2021,0.031178923209780225,0.2526475114126597,0.34095081912091174,0.03721925732824993,0.33800348892839843,3,2122,0.008562833528002424,0.6274159374848189,0.06653001868832026,0.03197743861452287,0.2655137716843355,2,-0.0226160896817778,0.37476842607215927,-0.2744208004325915,-0.005241818713727066,-0.07248971724406295,0.4650775344677375,2,1.3116981391827873,0.975716462376956,-0.33598167680583135
tm193994,yves baraye_1992,2021,0.005697672399792889,0.0907628723897056,0.8688009826092592,0.008764558797850243,0.02597391380339227,3,2122,0.0016423238403674594,0.012904672743412995,0.8537874261365418,0.12935756606270274,0.002308011216974837,3,-0.00405534855942543,-0.0778581996462926,-0.015013556472717404,0.1205930072648525,-0.023665902586417435,0.14438291236583586,4,0.5057590752338647,0.48019985968986156,-0.02555921554400309
tm196792,julian weigl_1995,2021,0.03302404266110352,0.0002072350393818106,0.006370386288946346,0.958607508005339,0.0017908280052292785,4,2122,0.007272041383440885,0.00025554679631336637,0.0069935498656460045,0.9846561392301505,0.0008227227244493616,4,-0.02575200127766264,4.8311756931555783e-05,0.0006231635766996589,0.02604863122481149,-0.0009681052807799169,0.036634511397862876,4,0.19844699199289925,0.09369599827441483,-0.10475099371848443
tm197981,pedrinho_1992,2021,0.02103764884606533,0.004448134413392109,0.644057808019614,0.3059249422108955,0.024531466510033066,3,2122,0.0217216790365578,0.016461627116143428,0.2522833195541237,0.6510389712934225,0.05849440299975252,4,0.0006840301904924677,0.01201349270275132,-0.3917744884654903,0.345114029082527,0.03396293648971945,0.5222410696088469,3,0.84198753234925,0.9437025311859715,0.10171499883672153
tm198053,lazar rosic_1993,2021,0.9922588142077392,4.059807745699255e-05,0.0002457112324344441,0.0069228807067482695,0.0005319957756213117,1,2122,0.999975902070445,6.835969769253488e-07,2.175678000358078e-06,1.8883078986787236e-05,2.3555755911800835e-06,1,0.0077170878627057515,-3.9914480480067196e-05,-0.00024353555443408604,-0.006903997627761482,-0.0005296402000301316,0.010357583263333301,1,0.048601461840174984,0.0002980898929635475,-0.04830337194721144
tm203348,chancel mbemba_1994,2021,0.9954479159074109,7.335886962048903e-05,0.0004250669925606924,0.003414625669608272,0.0006390325607995242,1,2122,0.9829565299823209,0.0008987167622022454,0.0027353589195190965,0.010504632155627965,0.002904762180329759,1,-0.012491385925090026,0.0008253578925817563,0.002310291926958404,0.007090006486019693,0.0022657296195302346,0.01457125865325143,1,0.03263444767096835,0.1041705369942382,0.07153608932326985
tm205116,talocha_1989,2021,0.3687036005290547,0.0006758711990993079,0.023660774492899887,0.5887137060866137,0.01824604769233229,4,2122,0.9903583117295042,0.00029623311521215364,0.0017542309970033484,0.006764208648433721,0.0008270155098464147,1,0.6216547112004495,-0.00037963808388715423,-0.02190654349589654,-0.5819494974381799,-0.017419032182485875,0.8518214826472016,1,0.8463596549511995,0.06279825746520014,-0.7835613974859993
tm211072,paulinho_1992,2021,0.0009331118937100195,0.8592245964158574,0.12710974631080843,0.0011426303946838734,0.01158991498494023,2,2122,0.00016807640694576733,0.9940147956757734,0.001464221648165764,0.0007437693428392505,0.0036091369262757625,2,-0.0007650354867642522,0.1347901992599161,-0.12564552466264267,-0.0003988610518446229,-0.007980778058664467,0.18427137611065186,2,0.45847003147422316,0.0426409378114956,-0.4158290936627276
tm211107,joao afonso_1990,2021,0.983902855666655,2.8807408470201284e-05,0.00022251475927246995,0.014968065291184813,0.000877756874417479,1,2122,0.9993120936018722,2.5484254378308523e-05,7.829664096862995e-05,0.0004901892285586424,9.393627422227594e-05,1,0.015409237935217202,-3.323154091892761e-06,-0.00014421811830384,-0.01447787606262617,-0.0007838206001952031,0.021144132021388366,1,0.08721066368005526,0.006304178861065257,-0.08090648481899
tm211345,mansur_1993,2021,0.9903567799659048,1.7646814932124942e-05,0.0002230226035005515,0.009210050380827561,0.00019250023483508605,1,2122,0.9983047925080261,1.2268807525553616e-05,0.00033655225241609714,0.001222407083540901,0.00012397934849134494,1,0.007948012542121297,-5.378007406571326e-06,0.00011352964891554564,-0.00798764329728666,-6.85208863437411e-05,0.011268818337277093,4,0.056483606031720084,0.013837683754019316,-0.04264592227770077
tm214070,ewerton_1992,2021,0.06329073479293226,0.0014601706194239266,0.08195681333005485,0.8475649463017649,0.005727334955824006,4,2122,0.008538208988343628,0.0031022709830104667,0.047892541152844505,0.9385137675356238,0.001953211340177546,4,-0.054752525804588635,0.00164210036358654,-0.03406427217721034,0.09094882123385883,-0.0037741236156464595,0.11150156186519414,4,0.5589816342760151,0.27586306626967916,-0.28311856800633595
tm214538,mateus uribe_1991,2021,0.22961664310987423,0.005185023218840058,0.13860495774126474,0.6076330763869323,0.01896029954308859,4,2122,0.008846770083930068,0.000297555904406966,0.0045055988770014615,0.985274311863805,0.0010757632708564549,4,-0.22076987302594417,-0.004887467314433092,-0.13409935886426327,0.37764123547687267,-0.017884536272232136,0.45755738979164834,4,1.0169280947431552,0.09055150446291421,-0.926376590280241
tm215122,ivo rodrigues_1995,2021,0.02219114029284341,0.3673421950009738,0.47097177098778403,0.05692986720556628,0.08256502651283242,3,2122,0.003782828259154336,0.006280074194807737,0.8049537722873333,0.16715058307940417,0.017832742179300264,3,-0.018408312033689075,-0.36106212080616606,0.3339820012995493,0.11022071587383789,-0.06473228433353215,0.5043781363548281,2,1.1760942850721121,0.5984078565684293,-0.5776864285036828
tm222813,marko grujic_1996,2021,0.22782704472595988,0.052855261660279707,0.24170835673694757,0.43019711438406266,0.047412222492750226,4,2122,0.07981670907713419,0.0034758021124228606,0.07416579513105617,0.8305216867981237,0.012020006881263168,4,-0.1480103356488257,-0.049379459547856844,-0.1675425616058914,0.400324572414061,-0.03539221561148706,0.46116771755195657,4,1.3430613329334284,0.6217685019194354,-0.721292831013993
tm225151,rafael barbosa_1996,2021,8.065385721764759e-05,0.0003626710794809611,0.9993189298757909,0.00015119241000132545,8.655277750918657e-05,3,2122,0.007051888703467488,0.10176879287603312,0.5551685242925539,0.31862664986553696,0.01738414426240857,3,0.006971234846249841,0.10140612179655216,-0.44415040558323693,0.3184754574555356,0.017297591484899386,0.5559028687049252,3,0.0064538272516774,1.02906131161036,1.0226074843586825
tm231289,otavio_1995,2021,0.016773920976188694,0.004874824646141192,0.6741323637973876,0.2672878567331578,0.03693103384712466,3,2122,0.00660809197978632,0.005321034947503177,0.611471518349657,0.3370642456818276,0.03953510904122603,3,-0.010165828996402374,0.00044621030136198555,-0.06266084544773065,0.06977638894866978,0.0026040751941013712,0.09433275777670008,4,0.8348442708725037,0.8560772839925699,0.021233013120066202
tm231614,gilberto_1993,2021,0.0026085127126666587,1.607785241529975e-05,0.0004249419180798798,0.9967885029643968,0.0001619645524413772,4,2122,0.10041538988119014,0.009986159185247359,0.33233004431150853,0.45451379531656305,0.10275461130549098,4,0.09780687716852349,0.00997008133283206,0.33190510239342863,-0.5422747076478338,0.1025926467530496,0.6433416225401384,4,0.023614489570541852,1.235109604972273,1.211495115401731
tm235568,joao pedro_1993,2021,0.018567108058165537,0.0022566503049475987,0.6095712422533401,0.3647335202645709,0.0048714791189758645,3,2122,0.00890369938050335,0.00684515194510607,0.16690599373764126,0.808847901361954,0.008497253574795522,4,-0.009663408677662187,0.004588501640158471,-0.4426652485156989,0.44411438109738305,0.003625774455819657,0.6271399696682952,4,0.7833078652698,0.5870780874208704,-0.1962297778489296
tm238055,rafa silva_1993,2021,0.021159395980428448,0.0712747169884878,0.8530049818439018,0.02458657178916802,0.029974333398014145,3,2122,0.005857337579857861,0.621342557236175,0.09283066161951278,0.034386238875339176,0.24558320468911526,2,-0.015302058400570587,0.5500678402476873,-0.760174320224389,0.009799667086171155,0.21560887129110112,0.9384933736951271,3,0.6016938775539494,1.0071566941579992,0.4054628166040498
tm249360,ali alipour_1995,2021,0.009210963042537958,0.043031852041185946,0.9353126043088945,0.006448821631073214,0.005995758976308422,3,2122,0.0003884773603286591,0.9904511719092821,0.004696576382160806,0.00129126579644525,0.003172508551783148,2,-0.0088224856822093,0.9474193198680961,-0.9306160279267337,-0.005157555834627964,-0.0028232504245252737,1.3280640028738289,2,0.30429933125294495,0.06457373990457715,-0.2397255913483678
tm255995,mario gonzalez_1996,2021,0.002786944111250126,0.9176014062994288,0.012563376843041025,0.0010391555229343902,0.06600911722334572,2,2122,0.0016928500119985294,0.9399531214312342,0.016709645518043388,0.005880570085332937,0.03576381295339088,2,-0.0010940940992515964,0.02235171513180545,0.004146268675002363,0.004841414562398547,-0.030245304269954844,0.023268585047692705,2,0.336839740951167,0.28670750530397926,-0.05013223564718772
tm257388,wilson manafa_1994,2021,0.9443493502139673,6.353423930359672e-05,0.0013635958087960017,0.0535518065589333,0.0006717131789996883,1,2122,0.9688643072376929,0.0007077667056614367,0.006483965912548777,0.02175984143071594,0.002184118713381027,1,0.024514957023725636,0.0006442324663578399,0.005120370103752775,-0.03179196512821736,0.0015124055343813387,0.04047647946720439,4,0.2253422133716206,0.1651195471236947,-0.06022266624792591
tm257455,joao palhinha_1995,2021,0.15783121729922409,0.006548738798274931,0.06361005850539761,0.6880685367680814,0.08394144862902182,4,2122,0.04328865166313359,0.024891058269076637,0.3130522949682199,0.541317315318916,0.0774506797806539,4,-0.1145425656360905,0.018342319470801706,0.2494422364628223,-0.14675122144916541,-0.0064907688483679254,0.3117912608692931,3,0.9647898098394974,1.1217845463704057,0.15699473653090834
tm257456,francisco geraldes_1995,2021,0.0365683573495693,0.018932349232492443,0.8681872790799908,0.0623040714903782,0.014007942847569219,3,2122,0.00073537242930134,0.00166718017362974,0.3516996855964997,0.6453209937777181,0.0005767680228509774,4,-0.03583298492026796,-0.017265169058862703,-0.5164875934834912,0.5830169222873399,-0.01343117482471824,0.7799040035585774,4,0.5515347657555277,0.6704453969469832,0.11891063119145551
tm258015,diogo goncalves_1997,2021,0.1252985043788313,0.0015536183369392327,0.058080728930723954,0.768987461371723,0.04607968698178259,4,2122,0.002359696894413663,0.0014759382308961275,0.8966344925889174,0.09689291677818934,0.0026369555075836204,3,-0.12293880748441764,-7.768010604310518e-05,0.8385537636581935,-0.6720945445935337,-0.04344273147419897,1.0816642029010668,3,0.779395700358414,0.36354533306185033,-0.41585036729656366
tm258135,andrija lukovic_1994,2021,0.10924806433333269,0.04059701854566086,0.319951868044668,0.4254976697200039,0.10470537935633448,4,2122,0.011271492127502517,0.004215589399380476,0.09756654737580546,0.8820976817398293,0.004848689357482376,4,-0.09797657220583017,-0.036381429146280383,-0.22238532066886257,0.45660001201982536,-0.0998566899988521,0.5185188703542308,4,1.336442071686275,0.43717206288532146,-0.8992700088009535
tm261927,ricardo horta_1994,2021,0.005001918701699026,0.34999298500578657,0.6162598794289601,0.0060770777928919675,0.02266813907066224,3,2122,0.0018514489409964848,0.9273145302643258,0.021133975417944918,0.01108002798660343,0.038620017390129435,2,-0.0031504697607025412,0.5773215452585392,-0.5951259040110152,0.005002950193711463,0.015951878319467195,0.8291622056117787,3,0.8091126567832374,0.33869543122325024,-0.47041722555998716
tm262002,welinton junior_1993,2021,0.02527090469617084,0.07568950828529561,0.4534516881975937,0.22337539038380586,0.22221250843713414,3,2122,0.0007021511783507113,0.9257628532749026,0.040591767126909005,0.00868005980125731,0.024263168618580366,2,-0.02456875351782013,0.850073344989607,-0.4128599210706847,-0.21469533058254855,-0.19794933981855378,0.9694202983802642,2,1.3159843497827766,0.33800468183900945,-0.9779796679437671
tm264848,ruben lameiras_1994,2021,0.0075031104910641315,0.010783214610393409,0.9438829684548005,0.02820414727008301,0.009626559173658936,3,2122,0.015326698736698653,0.42897693126247344,0.4622717161261027,0.07441428119839855,0.019010372676326784,3,0.007823588245634523,0.41819371665208005,-0.4816112523286978,0.046210133928315536,0.009383813502667848,0.6395560710583608,3,0.28540487924630586,1.0524629442440427,0.7670580649977369
tm265589,fahd moufi_1996,2021,0.06245893043198393,0.00015848867061401802,0.005407483112436071,0.9283058942436013,0.003669203541364869,4,2122,0.6031361754318519,0.0039150746474031555,0.12217819835902308,0.25739312786719504,0.013377423694526732,1,0.540677244999868,0.0037565859767891376,0.11677071524658701,-0.6709127663764063,0.009708220153161863,0.8695431761706202,4,0.2924640909416712,0.9905400984129954,0.6980760074713241
tm27178,ruben fernandes_1986,2021,0.9888552098361222,0.00012250306917693278,0.0007994659746490799,0.009036774984957635,0.0011860461350940898,1,2122,0.9894993727273323,0.00044093907444246337,0.001398387994762716,0.005942785514477723,0.002718514688984713,1,0.0006441628912101649,0.0003184360052655306,0.0005989220201136361,-0.003093989470479912,0.0015324685538906232,0.003232309661755704,4,0.06840903392228721,0.06956337088349732,0.0011543369612101034
tm290336,rochinha_1995,2021,0.02321255753576499,0.03406536099534104,0.8195124656876203,0.046878198220003484,0.07633141756127038,3,2122,0.003977562193834789,0.3306994891922329,0.5689001450440926,0.07838483443181903,0.018037969138020672,3,-0.0192349953419302,0.2966341281968919,-0.2506123206435277,0.03150663621181554,-0.058293448423249704,0.3900781901627572,2,0.7054260880405032,0.9808115921686341,0.2753855041281309
tm290388,rafael ramos_1995,2021,0.07935537223484868,0.00010453038834917433,0.00375375429870396,0.9145140900443002,0.0022722530337979966,4,2122,0.9926876514895121,8.70937220929033e-05,0.0014634196950567325,0.004067641371982439,0.001694193721355969,1,0.9133322792546634,-1.7436666256271033e-05,-0.0022903346036472275,-0.9104464486723177,-0.0005780593124420277,1.289609954275008,1,0.31854934653973216,0.05085245357420657,-0.26769689296552557
tm290391,nuno santos_1995,2021,0.030506869134500302,0.08177878507456232,0.6013281676776315,0.05507762996194197,0.231308548151364,3,2122,0.028440185683865676,0.2438160065312478,0.1862743518448193,0.2512013581105374,0.2902680978295299,5,-0.0020666834506346266,0.16203722145668548,-0.4150538158328122,0.1961237281485954,0.058959549678165885,0.4868208285377385,3,1.115366821296735,1.464475834255241,0.34910901295850616
tm290530,bilel aouacheria_1994,2021,0.015498424567382462,0.08900227500620134,0.8319135930071135,0.0520926465501143,0.011493060869188509,3,2122,0.005884432775437418,0.0034841377752176115,0.5308774268118364,0.4551729781929442,0.0045810244445644065,3,-0.009613991791945045,-0.08551813723098373,-0.3010361661952772,0.4030803316428299,-0.006912036424624102,0.5103942669627837,4,0.638229248636665,0.7690313291066724,0.1308020804700074
tm298410,joao pedro sousa silva_1996,2021,0.008085680873873914,0.7453258779987548,0.03296429177477695,0.004541461349220248,0.20908268800337404,2,2122,0.0735605055933042,0.34453418242429057,0.27038586236720785,0.10165296453149052,0.20986648508370678,2,0.06547482471943028,-0.40079169557446426,0.2374215705924309,0.09711150318227027,0.0007837970803327432,0.48033382365433197,2,0.722234214186374,1.472787735590523,0.750553521404149
tm299400,pedro sa_1993,2021,0.18329927242994687,0.0009621881957130889,0.0077393591051027845,0.7896090783390313,0.01839010193020606,4,2122,0.03565055071126743,0.0016725872790658589,0.014624659701329446,0.9448227355165917,0.003229466791745699,4,-0.14764872171867943,0.00071039908335277,0.006885300596226661,0.15521365717756042,-0.015160635138460362,0.21433463656336865,4,0.6153051415524743,0.26349056766660733,-0.35181457388586695
tm302371,toni martinez_1997,2021,0.005279015038148914,0.6386732052076695,0.023262439270133637,0.003514014557468619,0.3292713259265795,2,2122,0.007307636013213207,0.41265484108640604,0.031285475085942975,0.013173431971263212,0.5355786158431746,5,0.0020286209750642924,-0.22601836412126342,0.008023035815809338,0.009659417413794592,0.20630728991659508,0.22637599181801096,2,0.7871646978997419,0.9010500486378329,0.11388535073809103
tm307058,mehdi taremi_1992,2021,0.001206102239599117,0.9288123232117803,0.01649262255426854,0.0008114707378819168,0.05267748125647014,2,2122,0.0035022719151270067,0.6494454254459585,0.014485418586745406,0.009909197467056,0.3226576865851132,2,0.0022961696755278895,-0.2793668977658218,-0.0020072039675231336,0.009097726729174083,0.26998020532864303,0.2795316323099837,2,0.3052311964770976,0.7721699854959987,0.46693878901890107
tm308371,mikel villanueva_1993,2021,0.9996050298638095,1.300415742996165e-06,1.1592207534475086e-05,0.0003697712058094065,1.230630710365479e-05,1,2122,0.9999915626062563,1.7613525207326337e-07,8.350810372671814e-07,6.10559988614308e-06,1.3205775679856757e-06,1,0.00038653274244682123,-1.1242804909229016e-06,-1.0757126497207905e-05,-0.0003636656059232634,-1.0985729535669114e-05,0.0005308269150034634,1,0.0036055552220229698,0.0001140471215352788,-0.003491508100487691
tm308560,jhon murillo_1995,2021,0.05543598551257304,0.2480266823265796,0.5351492767079276,0.04163269293485034,0.11975536251806944,3,2122,0.013403478411689389,0.5930464044759705,0.22673808419732716,0.10657602640226611,0.060236006512746874,2,-0.04203250710088365,0.34501972214939086,-0.3084111925106004,0.06494333346741576,-0.059519356005322564,0.4691912622299133,2,1.227236201916217,1.111970531498982,-0.11526567041723501
tm312123,lucas possignolo_1994,2021,0.9990186121973431,1.2601940330756994e-05,6.807344256377523e-05,0.0008056310626175433,9.508135714479673e-05,1,2122,0.8456265521418409,0.006394011681680067,0.024547980435005525,0.08566310720390528,0.03776834853756836,1,-0.1533920600555022,0.00638140974134931,0.02447990699244175,0.08485747614128775,0.03767326718042356,0.17711550915090865,1,0.008395986428163745,0.599342624809229,0.5909466383810652
tm314367,marcus edwards_1998,2021,0.006558772074185462,0.03444691494930736,0.9238996500266673,0.014401058835466711,0.02069360411437304,3,2122,7.297637325744526e-06,0.9993844121313297,0.0004492675231015808,8.468649771953333e-05,7.433621052354533e-05,2,-0.0065514744368597175,0.9649374971820223,-0.9234503825035657,-0.014316372337747178,-0.020619267903849495,1.3357068775551382,2,0.36344312755599856,0.005665395467619099,-0.3577777320883795
tm321239,everton soares_1996,2021,0.03294051761607751,0.21142418427904502,0.5559914374532604,0.038476356607184195,0.16116750404443297,3,2122,0.009041168478506677,0.13261641078543235,0.6731374376689251,0.1472733115969769,0.03793167147015884,3,-0.023899349137570833,-0.07880777349361268,0.11714600021566468,0.10879695498979271,-0.12323583257427413,0.17983827966759344,3,1.1868513590266072,0.9831114529294349,-0.2037399060971723
tm323945,yan matheus_1998,2021,0.007798632096423841,0.009576829779355126,0.9534524255039609,0.019637893626563593,0.009534218993696674,3,2122,0.010053618443387523,0.26459952642825557,0.5380867589734996,0.15359378333750154,0.03366631281735573,3,0.0022549863469636822,0.2550226966489004,-0.41536566653046136,0.13395588971093794,0.024132093823659054,0.5054843994526889,3,0.24936125982343876,1.1334318684177063,0.8840706085942676
tm324803,nicolas janvier_1998,2021,0.08122912546071642,0.0007811795167007812,0.07337625908142613,0.8373043948568928,0.0073090410842637475,4,2122,0.020093639448864054,0.02785516096269946,0.2279610550796584,0.6972220605959656,0.026868083912812514,4,-0.06113548601185237,0.027073981445998676,0.15458479599823227,-0.1400823342609272,0.019559042828548766,0.21906635443866979,3,0.5858121669506631,0.8639446723758792,0.27813250542521617
tm327911,felipe pires_1995,2021,0.0032087866063773684,0.24445237100673414,0.7381367445000482,0.004848205030063037,0.009353892856777247,3,2122,0.005801231902076579,0.07516657874834082,0.8314055164624653,0.07401716129346862,0.013609511593648562,3,0.0025924452956992104,-0.16928579225839333,0.09326877196241712,0.06916895626340558,0.004255618736871315,0.20529931458022302,2,0.6564484459383488,0.6290984861406677,-0.027349959797681178
tm329722,andre horta_1996,2021,0.005448858104009222,0.002860388995522567,0.9269215108671226,0.057990028296338064,0.006779213737007413,3,2122,0.0035119890593142394,0.002150149504678211,0.022712661615186674,0.9702347189378308,0.0013904808829901534,4,-0.0019368690446949829,-0.0007102394908443557,-0.9042088492519359,0.9122446906414927,-0.005388732854017259,1.2844408412110437,4,0.31447516104028145,0.15748313679998377,-0.15699202424029768
tm329723,gil bastiao dias_1996,2021,0.22750345555613266,0.003290311757493036,0.14818670123145056,0.6071784073639429,0.01384112409098064,4,2122,0.0233609971287214,0.04479263094779893,0.2712300443701693,0.6313551238898533,0.029261203663457223,4,-0.20414245842741127,0.04150231919030589,0.12304334313871873,0.024176716525910358,0.015420079572476583,0.24314761718694278,1,1.0007621786009515,0.9744582553387662,-0.026303923262185336
tm334557,chiquinho_1995,2021,0.04533621431793959,0.6390621207143343,0.17851444483430323,0.05438624976282381,0.082700970370599,2,2122,0.026681052999791677,0.526724179636036,0.23406408466251577,0.13342375048996663,0.07910693221168998,2,-0.018655161318147914,-0.11233794107829831,0.05554963982821254,0.07903750072714283,-0.0035940381589090187,0.14933357645136133,2,1.0984799537082568,1.2436930140287084,0.14521306032045156
tm335380,pedro nuno_1995,2021,0.008253027036326261,0.5794403695789975,0.08069184720900796,0.012451866939185144,0.31916288923648317,2,2122,0.00056494932857191,0.003331049838628106,0.9872796473096466,0.007584603937899822,0.0012397495852535059,3,-0.007688077707754351,-0.5761093197403694,0.9065878001006387,-0.004867263001285322,-0.31792313965122965,1.0741909440928046,3,0.9780119783972053,0.08118881886195853,-0.8968231595352468
tm336158,gustavo sauer_1993,2021,0.0055107991203080025,0.004423198394699934,0.794582283508877,0.18899598770189782,0.006487731274217146,3,2122,0.002988481783277484,0.0505049338551715,0.8062048927737457,0.12433363701575395,0.01596805457205148,3,-0.0025223173370305186,0.04608173546047156,0.011622609264868689,-0.06466235068614387,0.009480323297834336,0.08028818761299342,4,0.5829018994046994,0.6671059208880865,0.08420402148338713
tm337798,abdu conte_1998,2021,0.02770144530642025,0.00018965906315955724,0.019828392186952634,0.9497039328538723,0.002576570589595364,4,2122,0.7421899631531529,0.002116573796647401,0.08994535083760374,0.15540302451697013,0.01034508769562585,1,0.7144885178467326,0.0019269147334878437,0.07011695865065111,-0.7943009083369021,0.0077685171060304856,1.0706670238736484,4,0.24307947333457047,0.7875648046853657,0.5444853313507952
tm340376,abel ruiz_2000,2021,0.017901310463614175,0.6035063696889988,0.3259022406053315,0.007827938816309395,0.04486214042574598,2,2122,0.04090871529900602,0.47204629175301116,0.2835843233394488,0.14718704295796414,0.056273626650569904,2,0.023007404835391845,-0.13146007793598768,-0.04231791726588274,0.13935910414165475,0.011411486224823922,0.19754204311255424,4,0.919397865908029,1.286448832741011,0.3670509668329821
tm344392,fernando ferreira fonseca_1997,2021,0.7675221420216725,5.4939411250882277e-05,0.0010268783690825262,0.23012611287246082,0.0012699273255333396,1,2122,0.9993581312011072,8.21524484723093e-06,8.139834676126277e-05,0.0004974899088756654,5.476529840861753e-05,1,0.2318359891794347,-4.6724166403651345e-05,-0.0009454800223212634,-0.22962862296358516,-0.001215162027124722,0.3263098626743906,1,0.5572357710605036,0.005825576833705364,-0.5514101942267983
tm344395,jorge fernandes_1997,2021,0.9994574539330808,9.201097805298678e-07,7.4765406243505474e-06,0.0005223431164668815,1.180630004719036e-05,1,2122,0.999930080774873,1.4483747992199447e-06,5.831643532788307e-06,5.305584294897087e-05,9.583363845949778e-06,1,0.0004726268417921675,5.282650186900769e-07,-1.6448970915622408e-06,-0.0004692872735179106,-2.2229362012405818e-06,0.0006660402851319765,1,0.0047248470624645204,0.000792705370652396,-0.003932141691812124
tm344519,bruno costa_1997,2021,0.009187254538087726,0.002253905243220747,0.5434213543087464,0.43658660566096735,0.00855088024897782,3,2122,0.18054849130155953,0.0022533590286209606,0.09384007603352869,0.716267384522147,0.007090689114143731,4,0.1713612367634718,-5.462145997864321e-07,-0.4495812782752177,0.27968077886117965,-0.0014601911348340888,0.5565153522638704,3,0.7907880879554843,0.8189421573239299,0.028154069368445667
tm350311,helder ferreira_1997,2021,0.02238104098250311,0.03204114066645047,0.8980094177321987,0.0320836254776684,0.015484775141179413,3,2122,1.8648722026335278e-41,6.492722375128077e-41,1.0,1.4157367977140239e-39,2.15327176656178e-41,3,-0.02238104098250311,-0.03204114066645047,0.10199058226780133,-0.0320836254776684,-0.015484775141179413,0.11383753153413066,3,0.4667735478124922,1.1052408446371418e-10,-0.4667735477019681
tm351738,lincoln_1998,2021,0.01413444316284355,0.005879340364708186,0.8562121054923708,0.10237928444902474,0.02139482653105279,3,2122,0.008268704422986427,0.1357119463971052,0.6293830230109185,0.18188899420215576,0.04474733196683416,3,-0.005865738739857122,0.12983260603239702,-0.22682908248145228,0.07950970975313103,0.023352505435781372,0.27324739538471815,3,0.5388989530465822,1.0511330623785289,0.5122341093319467
tm352811,aylton boa morte_1993,2021,0.011684774109323486,0.058148081881128286,0.9036341760293909,0.012468060353931023,0.014064907626226347,3,2122,0.004393448378601139,0.1475822901540786,0.6885751195010613,0.14064746391750957,0.018801678048749416,3,-0.007291325730722348,0.0894342082729503,-0.21505905652832957,0.12817940356357854,0.00473677042252307,0.2659548802580824,3,0.42361542723649737,0.9137482274944745,0.4901328002579771
tm352918,henrique gomes_1995,2021,0.9367338112683248,0.00013013088869853458,0.0010006022107852549,0.06147004118813127,0.000665414444059942,1,2122,0.39202217088222197,0.11487486760251395,0.1504720438003695,0.24854043477440652,0.09409048294048805,1,-0.5447116403861028,0.11474473671381541,0.14947144158958423,0.18707039358627525,0.09342506849642811,0.605981988002147,1,0.24561702213746964,1.4690620456359131,1.2234450234984435
tm357156,diogo leite_1999,2021,0.9829615463939867,0.0005149253828799259,0.0025257032115665193,0.012153375691786011,0.0018444493197808177,1,2122,0.9998110081752682,2.9913160895508843e-06,1.6659127368618674e-05,0.00015702626420196315,1.231511707163167e-05,1,0.01684946178128155,-0.000511934066790375,-0.0025090440841979006,-0.011996349427584048,-0.001832134202709186,0.02084164438360737,1,0.10110810309896928,0.0019249426682628262,-0.09918316043070645
tm357158,ruben vinagre_1999,2021,0.0861810658748328,0.00040059042442713855,0.03578880775826092,0.870785284143975,0.006844251798504058,4,2122,0.0918049933059108,0.004129192387298286,0.06907163461434063,0.7855106955364914,0.049483484155958976,4,0.0056239274310779935,0.003728601962871147,0.03328282685607971,-0.0852745886074836,0.04263923235745492,0.09178797883195224,4,0.48816657297434335,0.764900042196756,0.27673346922241265
tm357163,filipe soares_1999,2021,0.0011195023127241904,0.0005982664211510181,0.9908841827740562,0.0070948394110446926,0.00030320908102421466,3,2122,0.012158405008340303,0.0010071333719112053,0.08027519693852761,0.9046181018243433,0.0019411628568775988,4,0.011038902695616113,0.0004088669507601872,-0.9106089858355286,0.8975232624132986,0.001637953775853384,1.2786237742988855,3,0.05868537293373577,0.3658455349977682,0.3071601620640324
tm358143,chidozie awaziem_1997,2021,0.918244074685159,0.00024944770240890006,0.002730725168844104,0.07540584303360637,0.003369909409981634,1,2122,0.9010684523922893,0.0038242805818665,0.009627382842919061,0.046032602729666916,0.03944728145325807,1,-0.01717562229286973,0.0035748328794576,0.006896657674074958,-0.029373240303939452,0.036077372043276434,0.03490175589121162,4,0.31060717886202255,0.429088486280018,0.11848130741799545
tm36350,javi garcia_1987,2021,0.2512370620616542,0.0039215581491081125,0.2623515377144926,0.4714928697636919,0.010996972311052991,4,2122,0.5731663638112089,0.00283426611223633,0.01442173769045526,0.4051457645563898,0.004431867829709604,1,0.3219293017495547,-0.0010872920368717827,-0.24792980002403733,-0.06634710520730214,-0.0065651044813433874,0.4117168707234102,1,1.1239138652360234,0.7868408424344832,-0.3370730228015403
tm364857,falaye sacko_1995,2021,0.41932928144781134,0.00024143088466090375,0.008543155143472132,0.5644152774205282,0.007470855103527463,4,2122,0.9854811253504434,0.00024263535213286342,0.0032592105003956774,0.009823076041434958,0.001193952755593019,1,0.5661518439026321,1.2044674719596717e-06,-0.0052839446430764546,-0.5545922013790933,-0.006276902347934444,0.7925454815070873,1,0.7665459334948626,0.08854393553682496,-0.6780019979580376
tm367468,nuno santos_1999,2021,0.15062035598998574,0.0026806829728352835,0.11345760233853631,0.7212696042322192,0.011971754466423455,4,2122,0.01953476403916445,0.046288798883474105,0.5635272641594127,0.36312343342857795,0.007525739489370833,3,-0.13108559195082128,0.043608115910638824,0.4500696618208764,-0.35814617080364125,-0.004446014977052622,0.5915373871051955,3,0.8365648891945761,0.946969301704409,0.1104044125098329
tm371245,guilherme schettine_1995,2021,0.01873668834273951,0.4994489583926303,0.2539010824099125,0.024149099568788735,0.20376417128592886,2,2122,0.0010858164169856104,0.9833930220352072,0.007761542754140382,0.002768561903733361,0.004991056889933603,2,-0.017650871925753903,0.48394406364257686,-0.24613953965577212,-0.021380537665055373,-0.19877311439599527,0.5436498968890109,2,1.183379331509229,0.10434788232569284,-1.079031449183536
tm373187,maracas_1994,2021,0.9889048752264281,1.7899877047679036e-05,0.00013957137267910745,0.010511631687833076,0.00042602183601208845,1,2122,0.9993050217289438,1.164458321587573e-05,9.065167379198306e-05,0.0004475172783322276,0.0001451647357161286,1,0.01040014650251564,-6.255293831803305e-06,-4.8919698887124385e-05,-0.010064114409500849,-0.0002808571002959598,0.01447245239712161,1,0.06365768384093527,0.006404932393260074,-0.0572527514476752
tm373300,cryzan_1996,2021,0.00684631139658975,0.36268402604355976,0.42497622646729977,0.01664752360901438,0.18884591248353624,3,2122,0.0007360435068011421,0.9513966027299133,0.024351460414119893,0.008835784544623452,0.014680108804542083,2,-0.006110267889788607,0.5887125766863536,-0.40062476605317987,-0.00781173906439093,-0.17416580367899415,0.7121664550965217,2,1.1485791394228584,0.24693479943948765,-0.9016443399833707
tm374889,kenji gorre_1994,2021,0.02250469648499832,0.23226203603884019,0.6063346248045801,0.060496081230946366,0.078402561440635,3,2122,0.004088142682307136,0.35089457221064135,0.47642589486501163,0.14140503414251285,0.027186356099527135,3,-0.018416553802691187,0.11863253617180117,-0.12990872993956848,0.08090895291156648,-0.051216205341107865,0.19451319972762504,3,1.097130822028787,1.1178213675326742,0.02069054550388727
tm375378,afonso sousa_2000,2021,0.005598239445357911,0.003159197682264483,0.9621216579094121,0.02719835399315282,0.0019225509698127263,3,2122,0.008901164186289983,0.004392817543951132,0.395540310363684,0.5895302800659437,0.001635427840131283,4,0.0033029247409320723,0.0012336198616866487,-0.5665813475457281,0.5623319260727908,-0.00028712312968144334,0.7982756726828616,3,0.19443216030868002,0.754753093388986,0.560320933080306
tm375382,andre almeida_2000,2021,0.035751514783428716,0.013567771519296326,0.8182796930702071,0.12524200329214114,0.007159017334926769,3,2122,0.05963712156354541,0.0024326636162779053,0.2517209725023489,0.6749950964388653,0.011214145878962484,4,0.023885606780116697,-0.01113510790301842,-0.5665587205678582,0.5497530931467243,0.004055128544035716,0.7898808518473818,3,0.6370955020051152,0.8456843514666769,0.20858884946156164
tm376441,allano_1995,2021,0.00652903311571912,0.23106523360430029,0.7043542691735072,0.020223426634826742,0.03782803747164657,3,2122,0.019440561568013034,0.0052425772266848246,0.6986788318268385,0.21666366224626113,0.05997436713220258,3,0.012911528452293914,-0.22582265637761545,-0.005675437346668644,0.1964402356114344,0.022146329660556012,0.29963904361175764,2,0.8209973602124978,0.854778612417802,0.033781252205304146
tm377641,al musrati_1996,2021,0.6898934383784596,0.006738049970214583,0.10193631417542567,0.15542743131775374,0.04600476615814642,1,2122,0.036774225708084085,0.00059928815218986,0.005202019909538251,0.9560023974083836,0.0014220688218042113,4,-0.6531192126703755,-0.006138761818024722,-0.09673429426588742,0.8005749660906298,-0.04458269733634221,1.0377283798634216,4,0.9535423716673531,0.2056039769165776,-0.7479383947507755
tm379249,matheus reis_1995,2021,0.9923886844974827,1.0838756818622912e-05,0.00012064296606232332,0.007384324254900694,9.550952473546857e-05,1,2122,0.12216860142964776,0.011506347762713772,0.10239989614718668,0.7563011051766443,0.0076240494838075165,4,-0.8702200830678349,0.01149550900589515,0.10227925318112437,0.7489167809217436,0.007528539959072048,1.1527152857836882,1,0.045923960776245734,0.7899967969893035,0.7440728362130578
tm388266,oscar estupinan_1996,2021,0.00018029514436379993,0.9949605249015273,0.0019441043134411392,9.948645663193844e-05,0.0028155891840357114,2,2122,0.002617985848104995,0.8687604046738399,0.010514013578126181,0.0063539507736946246,0.11175364512623448,2,0.002437690703741195,-0.12620012022768745,0.008569909264685042,0.006254464317062686,0.10893805594219877,0.12666875838243707,2,0.03616961797822123,0.46272680399275806,0.42655718601453685
tm394328,rafik guitane_1999,2021,0.15130822989936538,0.012140875557402911,0.5139675843633524,0.3028578379536089,0.019725472226270385,3,2122,0.022678816657899784,0.5223325769462949,0.2682259487420386,0.15019267844130282,0.036569979212463896,2,-0.1286294132414656,0.5101917013888919,-0.24574163562131385,-0.15266515951230605,0.01684450698619351,0.6004470838664241,2,1.1205861296077113,1.1837975413443216,0.06321141173661027
tm396342,toni borevkovic_1997,2021,0.9996103412757533,1.0337870863198537e-06,8.164549602601238e-06,0.0003663226202140294,1.4137767343434818e-05,1,2122,0.9998389804225314,2.83203758930546e-06,1.4832747809785908e-05,0.00012984845764033652,1.3506334429077148e-05,1,0.00022863914677806463,1.7982505029856063e-06,6.66819820718467e-06,-0.0002364741625736929,-6.3143291435767e-07,0.00032900393246362955,4,0.0035556990379561706,0.0016755751150486302,-0.0018801239229075404
tm396429,diogo calila_1998,2021,0.0037309749341481444,0.00012675236127177326,0.006889470848282403,0.9883264233438693,0.0009263785124281943,4,2122,0.28179847306898,0.004831435907367156,0.29260743467423916,0.4055882287892412,0.015174427560172487,4,0.27806749813483184,0.004704683546095383,0.28571796382595677,-0.5827381945546282,0.014248049047744293,0.7060893893919324,4,0.074366935909138,1.171834170219833,1.097467234310695
tm400831,rafael camacho_2000,2021,0.012882766574196508,0.7025642284435111,0.2297798860136566,0.008666098588748604,0.046107020379887224,2,2122,0.01568507902037315,0.21038377798602229,0.5554198150074428,0.19721502873839786,0.021296299247764088,3,0.0028023124461766403,-0.4921804504574888,0.32563992899378613,0.18854893014964924,-0.024810721132123136,0.6195494420812901,2,0.8250153558325306,1.1218721584726046,0.29685680264007397
tm404383,pedro marques_1998,2021,0.00046258200490533814,0.9849675404871908,0.00988220336977415,0.00023976412480556522,0.004447910013324042,2,2122,0.060904451033491465,0.09726667986340491,0.3224569568734727,0.42992877444149424,0.08944313778813669,4,0.06044186902858613,-0.887700860623786,0.31257475350369857,0.42968901031668866,0.08499522777481265,1.036340513344293,2,0.09018275160476946,1.340898159080172,1.2507154074754026
tm411502,danny henriques_1997,2021,0.7961456277046385,0.00014485628722598452,0.0033623117454428166,0.19939190430499465,0.0009552999576979715,1,2122,0.9996651882079547,1.0440702234658449e-05,3.846498906822798e-05,0.00024231396112296523,4.359213961946998e-05,1,0.2035195605033162,-0.00013441558499132606,-0.0033238467563745885,-0.1991495903438717,-0.0009117078180785015,0.2847662846377784,1,0.5300878464125445,0.0033005578048512694,-0.5267872886076932
tm411662,lucas verissimo_1995,2021,0.9485058413422034,0.0020801188677159166,0.005602956064167341,0.02584600148302898,0.01796508224288444,1,2122,0.28932652337100395,0.1456952613632537,0.09271172921213693,0.23013975080792506,0.24212673524568046,1,-0.6591793179711994,0.14361514249553778,0.08710877314796958,0.20429374932489608,0.22416165300279603,0.7102580916593327,1,0.2587288362604667,1.5414569251161137,1.282728088855647
tm415525,kanya fujimoto_1999,2021,0.010847828646175514,0.0014125318669112403,0.9437871945642973,0.04112520464889014,0.0028272402737258887,3,2122,0.02099405884925332,0.14189711412994183,0.3622820169187821,0.45785248150216923,0.016974328599853473,4,0.010146230203077805,0.1404845822630306,-0.5815051776455151,0.4167272768532791,0.014147088326127584,0.729142481784626,3,0.26077283432691434,1.152889744947104,0.8921169106201897
tm416089,david tavares_1999,2021,0.11851001310976415,0.036215569257951774,0.15991209129859915,0.5021716158022638,0.18319071053142122,4,2122,0.07317681003621991,0.006491608556040697,0.3426677367421012,0.5449609066849497,0.03270293798068855,4,-0.04533320307354424,-0.02972396070191108,0.18275564544350206,0.042789290882685904,-0.15048777255073267,0.1953692977323461,3,1.3228847072685044,1.033710524160563,-0.2891741831079413
tm4188,ricardo quaresma_1983,2021,0.008227244048491936,0.04995902417803359,0.6776076683655188,0.015544238662646983,0.24866182474530887,3,2122,0.009764302190375395,0.43248112497640046,0.20399675547215881,0.03674695679464392,0.31701086056642147,2,0.001537058141883459,0.38252210079836685,-0.47361091289336,0.021202718131996937,0.0683490358211126,0.6091653077899251,3,0.8636943633520683,1.217584806291982,0.3538904429399138
tm426620,pedro goncalves_1998,2021,0.014822567086212692,0.5142752880697028,0.0934849747719192,0.017425751751389055,0.35999141832077625,2,2122,0.018314609301929206,0.30332964747918123,0.0931968087343199,0.0706037344867653,0.5145551999978044,5,0.003492042215716515,-0.21094564059052157,-0.00028816603759929116,0.053177982735376245,0.15456378167702817,0.21757352442439096,2,1.0643384177743274,1.185316796236922,0.12097837846259463
tm430761,lucas fernandes_1997,2021,0.011336930087124181,0.0014585669993962774,0.2173272832337015,0.7530530169405169,0.01682420273926118,4,2122,0.003274947289915894,0.004069894022393294,0.11925873164119324,0.8688509093513201,0.004545517695177467,4,-0.008061982797208288,0.0026113270229970167,-0.09806855159250827,0.1157978924108033,-0.012278685044083713,0.15198160182627354,4,0.6743349276340053,0.4414007041004705,-0.23293422353353477
tm43250,jan vertonghen_1987,2021,0.9813797057424233,0.00014734544384445086,0.0009258842647304307,0.016185080070088627,0.0013619844789130406,1,2122,0.9954491091511315,0.00011530794250214583,0.0003994559952180952,0.0037437556574968426,0.00029237125365138607,1,0.014069403408708214,-3.203750134230504e-05,-0.0005264282695123354,-0.012441324412591784,-0.0010696132252616545,0.018788635356000623,1,0.10194225579300052,0.03201005007232595,-0.06993220572067457
tm432958,lucas mineiro_1996,2021,0.07801279140408618,0.014596549186214806,0.4064451809826609,0.47895868720381823,0.02198679122321984,4,2122,0.03000096004713917,0.005579696343831756,0.2786041384217472,0.6596484975765967,0.02616670761068515,4,-0.048011831356947005,-0.009016852842383051,-0.12784104256091372,0.18068981037277848,0.004179916387465309,0.2266684347699104,4,1.063137330242207,0.859973813669374,-0.20316351657283294
tm433358,tomas ribeiro_1999,2021,0.9983289832297205,2.8714756512314677e-06,3.049691200583881e-05,0.0015982298837435786,3.941849887887323e-05,1,2122,0.9999760821443067,6.547348079673022e-07,2.158884197079509e-06,1.7858958387625148e-05,3.2452783006358775e-06,1,0.0016470989145861425,-2.2167408432641654e-06,-2.8338027808759302e-05,-0.0015803709253559535,-3.617322057823735e-05,0.002282830491714472,1,0.012713895283948146,0.000297671908539992,-0.012416223375408153
tm435497,fabio china_1992,2021,0.10163207227930747,0.00043700222288630303,0.030340162996707803,0.8602261565500892,0.007364605951009178,4,2122,0.4311799466872417,0.003058985069439212,0.31893413976171603,0.23008742584756925,0.016739502634033787,1,0.3295478744079342,0.002621982846552909,0.2885939767650082,-0.6301387307025199,0.00937489668302461,0.7674437957774238,4,0.5074827939263449,1.1514313173902302,0.6439485234638853
tm438202,bruno tabata_1997,2021,0.017311366809495108,0.018753309110181107,0.31507675874129515,0.2567053636901898,0.3921532016488389,5,2122,0.006526733345620363,0.42610755978473885,0.1077390922398887,0.02423658442671059,0.43539003020304157,5,-0.010784633463874746,0.40735425067455777,-0.20733766650140645,-0.23246877926347922,0.04323682855420269,0.5129175714908598,2,1.224856873960674,1.0885755985340562,-0.13628127542661783
tm445517,heriberto tavares_1997,2021,0.0003245226895868679,0.024724673154190697,0.9732635151192386,0.0006738016239511056,0.0010134874130325292,3,2122,0.003557087659975109,0.015291135292356432,0.9293718806247818,0.036738339309571724,0.015041557113314737,3,0.003232564970388241,-0.009433537861834266,-0.043891634494456766,0.036064537685620617,0.014028069700282208,0.05767640392700449,3,0.13237075330323453,0.3365646894100444,0.2041939361068099
tm44699,vitorino antunes_1987,2021,0.0650832224034078,0.0010531422821181702,0.06278235079666752,0.8453898211146127,0.02569146340319379,4,2122,0.16707505691783617,0.005876735378859097,0.19913261091716564,0.5579744300482596,0.06994116673787946,4,0.10199183451442836,0.004823593096740927,0.1363502601204981,-0.28741539106635305,0.044249703334685676,0.33410268154376377,4,0.5948813671145697,1.1620902022139004,0.5672088350993306
tm448466,jovane cabral_1998,2021,0.0035481563648420136,0.5320424298223065,0.327994568791869,0.007882287317279215,0.12853255770370323,2,2122,0.005957871466422144,0.09796395198659662,0.6333223520477705,0.23714825365835027,0.025607570840860506,3,0.0024097151015801304,-0.4340784778357099,0.30532778325590154,0.22926596634107105,-0.10292498686284272,0.5781157930703031,2,1.0232557026650395,0.9825154617179279,-0.040740240947111594
tm451801,abdul mumin_1998,2021,0.976078172240999,0.0001072660478821249,0.0010314684650033952,0.021529856242807347,0.0012532370033081887,1,2122,1.0,3.53964001039165e-42,1.8648722026335278e-41,1.759748673179014e-40,2.15327176656178e-41,1,0.02392182775900098,-0.0001072660478821249,-0.0010314684650033952,-0.021529856242807347,-0.0012532370033081887,0.03220037245695436,1,0.12271952189160511,1.1052408446371418e-10,-0.12271952178108102
tm451858,rui costa_1996,2021,0.0009967352324355633,0.9538947834836267,0.02968382788534755,0.0015541360553885462,0.013870517343201681,2,2122,0.0009882810988781447,0.9579550219340133,0.022629778655227164,0.010818571268495442,0.007608347043386029,2,-8.454133557418567e-06,0.004060238450386611,-0.007054049230120388,0.009264435213106896,-0.006262170299815652,0.012331868394740075,4,0.22570494637411792,0.21980710372331314,-0.005897842650804785
tm45287,adel taarabt_1989,2021,0.0450089021275481,0.0029587580177124974,0.2457470029821582,0.6934238335197326,0.012861503352848634,4,2122,0.008421093565870856,0.00700766941404213,0.07793363583393384,0.8939123911036694,0.01272521008248384,4,-0.036587808561677246,0.004048911396329633,-0.16781336714822437,0.2004885575839368,-0.00013629327036479393,0.26403039471726275,4,0.8115558385142543,0.42965468025420916,-0.3819011582600451
tm454121,galeno_1997,2021,0.010319003357012997,0.005077186932050103,0.9052396228627295,0.06552470089609012,0.013839485952117321,3,2122,0.005946507701612213,0.32222645301569275,0.500674915805134,0.10956937294340781,0.061582750534153095,3,-0.0043724956554007845,0.31714926608364263,-0.4045647070575955,0.044044672047317684,0.047743264582035774,0.5159605711951287,3,0.40195364833926206,1.1556969200550586,0.7537432717157966
tm461629,gustavo assuncao_2000,2021,0.5588629548146717,0.006959262124253632,0.061834887189562,0.3527834439334879,0.019559451938024698,1,2122,0.13330989834361687,0.0032242491655575032,0.05491277580922477,0.7817901673650439,0.026762909316557105,4,-0.4255530564710549,-0.0037350129586961284,-0.0069221113803372356,0.42900672343155605,0.007203457378532407,0.6043211386085215,4,0.9763687074757167,0.7358389474861194,-0.24052975998959725
tm461943,daniel braganca_1999,2021,0.02849172967902665,0.0033120213368491767,0.08624600755012464,0.8534676040468332,0.02848263738716637,4,2122,0.025112983575691958,0.04239622853805817,0.22178845496915414,0.5808480142614734,0.12985431865562239,4,-0.0033787461033346934,0.03908420720120899,0.1355424474190295,-0.27261958978535983,0.10137168126845601,0.3069726159852961,4,0.5682244973306366,1.1411796102713938,0.5729551129407572
tm462738,naoufel khacef_1997,2021,5.214760671553718e-40,1.4399385709349778e-42,8.542489567440329e-41,1.0,1.5769427287471122e-41,4,2122,0.5682931946015021,0.0021856401837787903,0.17848139650987824,0.23204354073284544,0.01899622797199541,1,0.5682931946015021,0.0021856401837787903,0.17848139650987824,-0.7679564592671546,0.01899622797199541,0.9718923110528527,4,1.1052408446371418e-10,1.0563813521052943,1.0563813519947702
tm466336,nahuel ferraresi_1998,2021,0.9443716592228453,0.0012292549601346982,0.005239313024447548,0.039993830408867094,0.009165942383705402,1,2122,0.9999993486727458,9.98824997653189e-09,5.5553518560374645e-08,5.362032699088203e-07,4.958221576183476e-08,1,0.055627689449900486,-0.0012292449718847218,-0.005239257470928987,-0.039993294205597184,-0.00916589280148964,0.06872309856953202,1,0.2615541580044482,1.0339462743531368e-05,-0.26154381854170466
tm467486,antoine leautey_1996,2021,0.01711082501791218,0.010133143006583564,0.8443901444937247,0.11390107555805645,0.014464811923723056,3,2122,0.007921405111457407,0.08535532352463099,0.7662692783128996,0.1263818414217358,0.014072151629276284,3,-0.009189419906454771,0.07522218051804742,-0.07812086618082514,0.012480765863679355,-0.00039266029444677206,0.10955118041122713,3,0.5676741053223442,0.7737880086177,0.20611390329535584
tm476701,manuel ugarte_2001,2021,0.06910581768055929,0.005255047403958618,0.1681107323469805,0.7354788918114455,0.022049510757056058,4,2122,0.18845220815977295,0.005175546827333294,0.12872209113007851,0.558177797891816,0.1194723559909992,4,0.11934639047921367,-7.950057662532359e-05,-0.039388641216902,-0.17730109391962956,0.09742284523394315,0.21732627591428,4,0.8220747362458259,1.184946535937361,0.36287179969153505
tm478940,reggie cannon_1998,2021,0.7526467215997599,0.00011098562898707067,0.0021966156065205524,0.24298041717277635,0.0020652599919561026,1,2122,0.9668842847512119,0.00026426756684045483,0.001580978636349904,0.028856022691725075,0.002414446353872548,1,0.21423756315145204,0.00015328193785338416,-0.0006156369701706484,-0.21412439448105128,0.0003491863619164452,0.30289832003690736,1,0.5848583054653231,0.16179261180249643,-0.4230656936628267
tm480692,luis diaz_1997,2021,0.004073819663105307,0.27130322699344056,0.6955303871219549,0.008562905187235664,0.020529661034263597,3,2122,0.0028076212506384698,0.531188825651652,0.020998371282094322,0.019570198595373546,0.42543498322024165,2,-0.0012661984124668372,0.2598855986582115,-0.6745320158398606,0.011007293408137882,0.4049053221859781,0.7229500180161249,3,0.7494105270977013,0.8742485680412203,0.12483804094351902
tm487474,francisco conceicao_2002,2021,0.05880151994446302,0.006156847637919494,0.24634146763241202,0.633980077222969,0.05472008756223654,4,2122,0.008645261726060137,0.38264302937180633,0.1876393087363798,0.1174522460583161,0.30362015410743753,2,-0.05015625821840288,0.3764861817338868,-0.058702158896032225,-0.516527831164653,0.248900066545201,0.643820191592146,4,0.9910114046839629,1.336081655990784,0.3450702513068211
tm491616,jackson porozo_2000,2021,0.9512630960825897,0.003369421784609438,0.006264540336559445,0.016990421051761555,0.022112520744480047,1,2122,0.9999833389207957,3.701497157095046e-07,2.156233279084974e-06,1.1988216668044682e-05,2.1464795414308847e-06,1,0.048720242838205974,-0.0033690516348937284,-0.00626238410328036,-0.01697843283509351,-0.022110374264938615,0.05208163982945565,1,0.2520128151335006,0.00021413599370954275,-0.25179867913979104
tm498237,david carmo_1999,2021,0.9251561874662518,0.00025011849504404766,0.0010067979659330998,0.07154253235375334,0.0020443637190176635,1,2122,0.9953639967758507,0.0002781034990417599,0.0006524083295026732,0.002872978892245533,0.0008325125033592884,1,0.07020780930959891,2.798500399771222e-05,-0.0003543896364304266,-0.0686695534615078,-0.0012118512156583752,0.09820779213397855,1,0.2823435312277434,0.03440476466662057,-0.24793876656112285
tm51058,lica_1988,2021,0.012027178746148857,0.11615371058455425,0.8442859533771367,0.015668335059586383,0.011864822232573695,3,2122,0.3134405837645841,0.06750681958107398,0.2752639188647684,0.2713679288751531,0.07242074891442038,1,0.3014134050184353,-0.04864689100348027,-0.5690220345123683,0.25569959381556673,0.060555926681846686,0.6945393572484949,3,0.563864988804318,1.444763576543951,0.880898587739633
tm512913,stephen eustaquio_1996,2021,0.2633237266856365,0.0008071860873748734,0.02163693830544393,0.7064729329599756,0.007759215961569145,4,2122,0.013009217528214321,0.0005886575391940114,0.052775770632620476,0.9312247122697265,0.0024016420302448503,4,-0.2503145091574222,-0.00021852854818086198,0.031138832327176548,0.22475177930975088,-0.005357573931324295,0.3378466966407198,1,0.7232418225895852,0.29695602598743415,-0.4262857966021511
tm516127,walterson_1994,2021,0.0012232012365848304,0.0006558541614259714,0.9883905912719794,0.009239005739100538,0.0004913475909094262,3,2122,0.0048635373005302485,0.009923758504017232,0.9162066339929618,0.05820098198089623,0.010805088221594365,3,0.003640336063945418,0.009267904342591261,-0.07218395727901761,0.04896197624179569,0.010313740630684938,0.08778920721548343,3,0.07157375320732186,0.36629766252459645,0.2947239093172746
tm517300,vitor tormena_1996,2021,0.9845655863197945,5.3447804553821316e-05,0.0005452893344476828,0.01425511411098107,0.0005805624302228411,1,2122,0.9982635006176706,3.465509932476072e-05,0.00019944673613034064,0.0012504472307023524,0.000251950316171818,1,0.013697914297876035,-1.8792705229060593e-05,-0.00034584259831734214,-0.013004666880278718,-0.0003286121140510232,0.018891113705855344,1,0.08485727150363102,0.014236217258544192,-0.07062105424508683
tm518472,willyan_1995,2021,0.1182584123125743,0.0008501288384010118,0.013329065952916304,0.8593667145775811,0.008195678318527255,4,2122,0.1787962120269612,0.0006823749670323105,0.01381705816966642,0.8034139212667353,0.0032904335696047225,4,0.0605377997143869,-0.00016775387136870135,0.0004879922167501157,-0.055952793310845794,-0.004905244748922532,0.08243668207364013,1,0.4856492306844445,0.5666022529870834,0.08095302230263896
tm520530,fali cande_1998,2021,0.4920430776932145,0.0013451407337167777,0.029218038644748954,0.4695204392003,0.007873303728019787,1,2122,0.06719566318051381,0.009282766363974057,0.23794915815927822,0.6675453032252416,0.018027109070992163,4,-0.4248474145127007,0.007937625630257279,0.20873111951452927,0.19802486402494163,0.010153805342972376,0.5131674761173568,1,0.8541893581697008,0.9086827172400408,0.05449335907034003
tm524315,hidemasa morita_1995,2021,0.2697784525653238,0.003725558178973314,0.06086755552978095,0.6469102979744144,0.01871813575150743,4,2122,0.06853364448825552,0.0008360844216810622,0.015075885173988359,0.9129049182248761,0.002649467691199169,4,-0.20124480807706827,-0.0028894737572922515,-0.045791670355792596,0.2659946202504617,-0.01606866806030826,0.3366865558835562,4,0.900884244107429,0.3517704880970819,-0.5491137560103471
tm537296,jean patric_1997,2021,0.04009269317773319,0.004198978611853666,0.2138549984588778,0.720228351313638,0.021624978437897284,4,2122,0.0005457048142546301,0.9194233061600579,0.06304951495821604,0.0112292068168837,0.00575226725058776,2,-0.03954698836347856,0.9152243275482042,-0.15080548350066175,-0.7089991444967544,-0.015872711187309523,1.168170199404043,2,0.8010810980049822,0.3356797683657324,-0.4654013296392498
tm537598,fabio vieira_2000,2021,0.01724605869279731,0.011809113214849575,0.5396253408664897,0.25694772349773576,0.17437176372812768,3,2122,0.006115628900043174,0.20312008742195783,0.0900172916629191,0.03238062054814716,0.6683663714669328,5,-0.011130429792754137,0.19131097420710827,-0.4496080492035706,-0.2245671029495886,0.4939946077388051,0.537867601696975,3,1.109038959918127,0.9520443363942164,-0.15699462352391058
tm537602,joao mario lopes_2000,2021,0.0225872156756578,0.1382423922896697,0.2873679781001852,0.03384859608043662,0.5179538178540507,5,2122,0.9326876743225841,0.0008662925702936556,0.014305041704640907,0.04611990086507992,0.006021090537401334,1,0.9101004586469263,-0.13737609971937603,-0.2730629363955443,0.012271304784643305,-0.5119327273166494,0.9601400886107861,1,1.172858490603019,0.3045293923241696,-0.8683290982788494
tm539135,leo andrade_1998,2021,0.9993736778208744,1.107218522092208e-05,6.390757359055493e-05,0.00044552826986352475,0.00010581415045054082,1,2122,0.999068236536082,1.559811880313116e-05,7.480335261747701e-05,0.000725871976871952,0.00011549001562540159,1,-0.00030544128479237376,4.525933582209079e-06,1.0895779026922082e-05,0.0002803437070084273,9.675865174860768e-06,0.000414760382136767,1,0.005776107320477015,0.008108427353359014,0.002332320032881999
tm539203,andre luis_1994,2021,0.030178920604350668,0.2328467166790629,0.7037697094593028,0.013528528374854623,0.01967612488242896,3,2122,3.53964001039165e-42,1.0,6.492722375128077e-41,2.4892512594797777e-41,2.15327176656178e-41,2,-0.030178920604350668,0.7671532833209371,-0.7037697094593028,-0.013528528374854623,-0.01967612488242896,1.0415900116607102,2,0.8277341571882313,1.1052408446371418e-10,-0.8277341570777073
tm544784,zaidu sanusi_1997,2021,0.284760150214588,0.0001277057596433409,0.004055982260391453,0.7096523001406237,0.0014038616247535318,4,2122,0.8858241029302328,0.006567535463093534,0.0423973201446636,0.0506599916056241,0.014551049856385964,1,0.6010639527156448,0.006439829703450193,0.03834133788427215,-0.6589923085349997,0.013147188231632433,0.8927823181267697,4,0.6337910243297814,0.48705613171838724,-0.14673489261139416
tm546543,darwin nunez_1999,2021,0.0062539967145613185,0.7191759930462372,0.07952646343010908,0.003717423201267903,0.19132612360782444,2,2122,0.0019725867726245634,0.1137266257465284,0.008699546227688976,0.006373938062589003,0.869227303190569,5,-0.004281409941936755,-0.6054493672997089,-0.0708269172024201,0.0026565148613211004,0.6779011795827445,0.6095988649155407,2,0.8073547773720288,0.4548442463474619,-0.35251053102456686
tm54716,steven vitoria_1987,2021,0.9746322276242582,0.001671022992507785,0.004323324733644386,0.01456694081202239,0.004806483837567239,1,2122,0.7930246585042864,0.008658877325193822,0.0365347101659499,0.1543484557620605,0.007433298242509188,1,-0.18160756911997178,0.006987854332686037,0.03221138543230551,0.1397815149500381,0.0026268144049419488,0.2315309580661654,1,0.14652292501714811,0.6707801022447557,0.5242571772276076
tm54781,nicolas otamendi_1988,2021,0.979189629687319,2.6516468985379816e-05,0.0002550307794625317,0.020119074962219183,0.0004097481020138902,1,2122,0.9982326631053747,2.959086980754327e-05,0.00018907661919352603,0.0012262030895375713,0.0003224663160867675,1,0.019043033418055688,3.0744008221634523e-06,-6.595416026900565e-05,-0.018892871872681613,-8.728178592712273e-05,0.026825027283526606,1,0.10476477476704972,0.014508103008408161,-0.09025667175864156
tm549006,goncalo inacio_2001,2021,0.9975965378012278,3.036097223966843e-05,0.0002644576879717561,0.0019173698995390437,0.00019127363902189909,1,2122,0.8844258436115054,0.00925906384886,0.0190992948394132,0.07258731068810235,0.014628487012119015,1,-0.11317069418972237,0.00922870287662033,0.018834837151441446,0.07066994078856331,0.014437213373097117,0.1350620842492406,1,0.01852920375227335,0.4797677146458029,0.4612385108935296
tm553062,vitor carvalho_1997,2021,0.21389977241138744,0.007722707795248367,0.11724901358712246,0.6069359565931814,0.054192549613060144,4,2122,0.13373550512680105,0.0008146746609562305,0.02200747411337616,0.8382546186012432,0.005187727497623423,4,-0.0801642672845864,-0.0069080331342921365,-0.0952415394737463,0.23131866200806173,-0.04900482211543672,0.2627799552964194,4,1.079809850077905,0.5340357001991852,-0.5457741498787197
tm553875,pedro porro_1999,2021,0.019186243411034237,0.0022886966752161146,0.45944536657149176,0.5088403030668773,0.01023939027538059,4,2122,0.01737920535993024,0.025470438095655065,0.38455459156908683,0.48774359185474625,0.08485217312058173,4,-0.0018070380511039964,0.02318174142043895,-0.07489077500240493,-0.02109671121213108,0.07461278284520113,0.08120565205840742,3,0.8377907326803029,1.0909187110992073,0.25312797841890444
tm56036,luis neto_1988,2021,0.9935962747788297,2.3940293998973493e-05,0.0001948539326873147,0.0057565727788260425,0.0004283582156579252,1,2122,0.9957446561103177,7.359352546004971e-05,0.0003890318362234624,0.0032748886832705227,0.0005178298447281816,1,0.0021483813314879807,4.965323146107622e-05,0.0001941779035361477,-0.0024816840955555197,8.947162907025643e-05,0.0032885359656290073,4,0.04131376589791814,0.03065629463035862,-0.010657471267559518
tm560903,patrick_1997,2021,0.8342991141198802,9.567458330017725e-05,0.001129883817256419,0.16325804359007032,0.0012172838894928522,1,2122,0.9993587683823549,8.703949052158541e-06,8.200030380179394e-05,0.0005060676442309502,4.445972055998533e-05,1,0.1650596542624747,-8.69706342480187e-05,-0.001047883513454625,-0.16275197594583937,-0.0011728241689328669,0.23180595497801984,1,0.4637588111734521,0.00579995962394279,-0.45795885154950927
tm564544,pedro amador_1998,2021,0.3106050131748176,0.00020304121794789055,0.002587507487563684,0.6745289134405297,0.012075524679141221,4,2122,0.6359295896382287,0.0022639776773033422,0.042360246207648895,0.2929189917538319,0.02652719472298711,1,0.32532457646341106,0.002060936459355452,0.03977273872008521,-0.3816099216866978,0.01445167004384589,0.5030390944898926,4,0.6992318851690685,0.891523469351515,0.19229158418244652
tm581121,tiago esgaio_1995,2021,0.6038823348416354,0.00023988809840458977,0.00542379891283861,0.3877763416393305,0.0026776365077908373,1,2122,0.6441464613773951,0.0006351399533220123,0.0093675238014987,0.3439938455385135,0.0018570293292706074,1,0.040264126535759615,0.00039525185491742255,0.00394372488866009,-0.043782496100817025,-0.00082060717852023,0.05961389133861312,4,0.7180889689166696,0.7105062781110344,-0.007582690805635228
tm58267,andre castro_1988,2021,0.16901823398906718,0.011809637817722278,0.28015292796826335,0.4847662807015517,0.05425291952339557,4,2122,0.011076788954062635,0.0005302826893130701,0.0156530939502793,0.9711860711413592,0.001553763264985652,4,-0.15794144503500454,-0.011279355128409208,-0.26449983401798405,0.48641979043980754,-0.052699156258409915,0.5758794132792955,4,1.218477108269673,0.15739149104190606,-1.061085617227767
tm585264,pedrao_1997,2021,1.0,1.712430807476913e-42,1.3560061773060594e-41,5.214760671553718e-40,1.5769427287471122e-41,1,2122,0.998393353285587,2.1489114543322195e-05,0.00018264131467479817,0.0012575671740046007,0.00014494911119041125,1,-0.001606646714413018,2.1489114543322195e-05,0.00018264131467479817,0.0012575671740046007,0.00014494911119041125,0.002048562543330825,1,1.1052408446371418e-10,0.013088475511685991,0.013088475401161906
tm58965,ruben lima_1989,2021,0.09761868097124896,0.00016469064687398078,0.008567496563611518,0.8887068806709746,0.004942251147291153,4,2122,0.7388198554413106,0.007282742863836221,0.04386803318536637,0.17426147408244097,0.03576789442704582,1,0.6412011744700616,0.00711805221696224,0.03530053662175485,-0.7144454065885336,0.030825643279754664,0.9606601790906026,4,0.40044175963717765,0.8202471946509157,0.419805435013738
tm593208,matheus silva_1997,2021,0.20826987050247098,0.00043864832061863546,0.007802378060307562,0.7782365060670873,0.005252597049515547,4,2122,0.2765880700638323,0.013817047269456309,0.39681194678838916,0.2959908716780389,0.016792064200283435,3,0.06831819956136131,0.013378398948837673,0.3890095687280816,-0.4822456343890484,0.011539467150767887,0.6234866914369896,4,0.5907121761608658,1.2103849619668858,0.61967278580602
tm594546,ze uilton_1992,2021,0.760128104382743,0.01927330989443986,0.11277424034107773,0.08617750918370418,0.021646836198035306,1,2122,0.026534846182989395,0.006745244888528131,0.10958052495124036,0.8515698623853895,0.005569521591852645,4,-0.7335932581997536,-0.01252806500591173,-0.0031937153898373705,0.7653923532016853,-0.016077314606182662,1.060260192144611,4,0.8249257869988477,0.5380479767984401,-0.2868778102004076
tm595012,ibrahima camara_1999,2021,0.08494920267152217,0.0024249154160291427,0.0334759650859628,0.8532460314176816,0.025903885408804384,4,2122,0.009801467652995105,0.0021636153665859025,0.339604867781369,0.6395759067296698,0.008854142469380145,4,-0.07514773501852706,-0.0002613000494432402,0.3061289026954062,-0.21367012468801183,-0.01704974293942424,0.3808110786279919,3,0.5678302605480854,0.7530845892430236,0.1852543286949382
tm595809,beto_1998,2021,9.976157855204608e-05,0.9964613337477214,0.0010953634719391,6.623565993265913e-05,0.0022773055418547623,2,2122,0.0037836612015040897,0.4192896160265574,0.019356703536573438,0.010311768373904392,0.5472582508614606,5,0.0036838996229520437,-0.5771717177211639,0.018261340064634337,0.010245532713971734,0.5449809453196058,0.577563165666908,2,0.02641240603746193,0.8389791927741295,0.8125667867366675
tm597087,lucas africo_1995,2021,0.995858345750822,2.690662042472502e-05,0.00030582336154490327,0.003716774232604376,9.215003460399395e-05,1,2122,0.9972654953768139,6.776542314270321e-05,0.0003930616233453731,0.002070142112528507,0.00020353546416942257,1,0.0014071496259918659,4.085880271797819e-05,8.723826180046982e-05,-0.0016466321200758688,0.00011138542956542862,0.002168120698871747,4,0.028542327811526356,0.02098723221097611,-0.007555095600550246
tm598629,bruno duarte_1996,2021,0.011281543579633796,0.5493789620762687,0.4030593837640247,0.004854918352722688,0.031425192227350185,2,2122,0.0014995954597824721,0.9457868012185381,0.007001886601723571,0.0051462394283139316,0.040565477291641824,2,-0.009781948119851324,0.3964078391422694,-0.39605749716230115,0.00029132107559124397,0.00914028506429164,0.5604431169787868,2,0.880502936875757,0.25433179328380556,-0.6261711435919515
tm601883,matheus nunes_1998,2021,0.03668572899677972,0.05011317180778916,0.7802295040389743,0.09261080685789881,0.040360788298558097,3,2122,0.005614723541351983,0.001849004443098994,0.08144172745004796,0.910146875881837,0.0009476686836641437,4,-0.03107100545542774,-0.048264167364690164,-0.6987877765889263,0.8175360690239382,-0.03941311961489395,1.077016442816277,4,0.8148069329369256,0.3372654656894115,-0.4775414672475141
tm606050,pedro pelagio_2000,2021,0.05521471869903051,0.006555492022019368,0.12189116197190113,0.7750064246815582,0.04133220262549071,4,2122,0.021229656502517767,0.0015657588795936835,0.07315804725674058,0.891326132543804,0.01272040481734396,4,-0.03398506219651275,-0.004989733142425684,-0.04873311471516055,0.11631970786224577,-0.028611797808146752,0.13070988025521507,4,0.7786494639158809,0.4412774035520285,-0.33737206036385237
tm610335,ivan jaime pajuelo_2000,2021,0.002059226291244031,0.20365470708610822,0.7790350989527342,0.00372045809425152,0.011530509575661997,3,2122,0.005809779414193542,0.11469995192899494,0.764245646314292,0.09000521983678139,0.02523940250573815,3,0.0037505531229495106,-0.08895475515711328,-0.014789452638442113,0.08628476174252987,0.013708892930076154,0.12486313760313693,2,0.6036131067563135,0.7933520511373665,0.189738944381053
tm617679,ze carlos_1998,2021,0.2803885907010755,0.002261995366351554,0.04874886646802928,0.5578851290666861,0.11071541839785753,4,2122,0.9668985273181465,0.0005532326117712717,0.006330918266291843,0.023340330202177538,0.0028769916016127928,1,0.686509936617071,-0.0017087627545802821,-0.042417948201737436,-0.5345447988645086,-0.10783842679624474,0.8711120692923899,1,1.0868336691058142,0.1732819290070308,-0.9135517400987835
tm629567,yanis hamache_1999,2021,0.08332782131962035,0.01517025585678015,0.33218907328812536,0.40525248948926396,0.16406036004621014,4,2122,0.07799600999548235,0.024075664075028418,0.247046069292784,0.5851436926486826,0.06573856398802262,4,-0.005331811324138,0.008905408218248267,-0.08514300399534136,0.17989120315941864,-0.09832179605818751,0.19929352877357506,4,1.299280842658435,1.1266318541553828,-0.17264898850305221
tm637782,andre amaro_2002,2021,0.9899013951072502,3.2147864186984325e-05,0.00026740215075872525,0.009636099531385075,0.0001629553464192456,1,2122,0.9991019624696791,2.2896581020441126e-05,8.164984195515297e-05,0.0006555516587221284,0.00013793944862320012,1,0.009200567362428913,-9.251283166543199e-06,-0.00018575230880357228,-0.008980547872662947,-2.501589779604549e-05,0.012858276299343127,1,0.058734246765917285,0.007942166329128654,-0.05079208043678863
tm63837,andre andre_1989,2021,0.03718617289935241,0.01384663735953831,0.780700855620922,0.15413171216823235,0.014134621951955067,3,2122,0.11188017505469802,0.005254655235036874,0.3280626011647398,0.5183167931177005,0.03648577542782481,4,0.0746940021553456,-0.008591982124501437,-0.45263825445618217,0.36418508094946817,0.02235115347586974,0.5858030203900632,3,0.7233619970702991,1.0996962457758914,0.3763342487055923
tm64339,pizzi_1989,2021,0.008342819915188409,0.05507770146538878,0.8753384221428832,0.024918432727478543,0.03632262374906111,3,2122,0.005236057352109757,0.016168632535663446,0.02125729749928541,0.01668568928998232,0.9406523233229591,5,-0.003106762563078652,-0.038909068929725336,-0.8540811246435978,-0.008232743437496224,0.904329699573898,0.8550122298280779,3,0.5285726356399372,0.3019028629289317,-0.22666977271100547
tm644158,lucas_1999,2021,0.019169734590454405,0.0034803430117257158,0.9299695663372217,0.04137162104713908,0.0060087350134588905,3,2122,0.013579932987236122,0.071320332179932,0.7910567731487214,0.10305133241378701,0.02099162927032338,3,-0.005589801603218283,0.06783998916820629,-0.13891279318850036,0.06167971136664793,0.014982894256864488,0.1665372658536514,3,0.3255322736732599,0.747412167876081,0.4218798942028211
tm646677,riccieli_1998,2021,0.9992309468972007,6.324963985701614e-06,3.1594019507717886e-05,0.0006464480551103354,8.46860641953981e-05,1,2122,0.9915696474617074,0.00029248521685704414,0.001165763816595061,0.006354203995989687,0.0006178995088506861,1,-0.007661299435493318,0.0002861602528713425,0.0011341697970873432,0.005707755940879351,0.000533213444655288,0.009625082635483308,1,0.006713457751109984,0.055358103084266336,0.04864464533315635
tm651205,luquinha_2000,2021,0.030634329825217646,0.021413250598963846,0.7996140575749348,0.08365865254446285,0.06467970945642103,3,2122,0.030450334486713672,0.2761634167036413,0.34697627312105433,0.2318064554973244,0.11460352019126632,3,-0.00018399533850397415,0.2547501661046775,-0.4526377844538804,0.14814780295286156,0.049923810734845295,0.5401170395569119,3,0.7525726517829077,1.4160826757687697,0.663510023985862
tm657386,bruno rodrigues_2001,2021,0.9986457375985485,7.166888446104702e-06,4.7243763749524725e-05,0.001249964592648938,4.9887156606886956e-05,1,2122,0.9989437992979909,2.7474456624815777e-05,0.0001402591729620231,0.0007500953455838902,0.00013837172683817296,1,0.0002980616994424645,2.0307568178711075e-05,9.301540921249836e-05,-0.0004998692470650479,8.8484570231286e-05,0.0005897239222824605,4,0.010758534004560916,0.00921524837608276,-0.0015432856284781568
tm674798,goncalo franco_2000,2021,0.19592070581284174,0.010288733474913644,0.19273801110179928,0.5794291475208978,0.02162340208954741,4,2122,0.03873778431801752,0.0009302855274315488,0.13949361408462013,0.8162625078914177,0.004575808178513156,4,-0.1571829214948242,-0.009358447947482095,-0.053244397017179146,0.23683336037051994,-0.017047593911034255,0.28934245757536065,4,1.0828815560443523,0.5975600458915973,-0.48532151015275504
tm694928,samuel lino_1999,2021,0.0017735334807648076,0.9405473681735923,0.052383454379628706,0.0011611440609037072,0.004134499905110463,2,2122,0.0007278758213144272,0.9670631979724392,0.018196450040636247,0.008433165835512294,0.005579310330097878,2,-0.0010456576594503803,0.026515829798846924,-0.03418700433899246,0.007272021774608587,0.0014448104249874154,0.04388412237047536,3,0.2539107520064952,0.17977470618270813,-0.07413604582378708
tm700933,derik lacerda_1999,2021,0.021553560578831673,0.2153764009211777,0.3042156263599256,0.030819963183275678,0.4280344489567894,5,2122,0.011693730102320185,0.3484218313933611,0.2958347004508819,0.2239327116966295,0.12011702635680739,2,-0.009859830476511488,0.13304543047218337,-0.008380925909043713,0.19311274851335383,-0.307917422599982,0.23486395292600531,4,1.2458601469409958,1.3693484030462837,0.12348825610528791
tm70359,david simao_1990,2021,0.06757449582096245,0.007186710563886276,0.15649651062880549,0.48878900730246366,0.27995327568388206,4,2122,0.009603019555111983,0.0033262521840614584,0.2889566329959676,0.6777636583296363,0.020350436935222736,4,-0.05797147626585047,-0.0038604583798248176,0.1324601223671621,0.1889746510271726,-0.2596028387486593,0.23797625500816177,4,1.214113473571468,0.7652038823663069,-0.44890959120516116
tm711337,evanilson_1999,2021,0.0008654911462783212,0.9676495387726287,0.0132751880113602,0.0010034821739247695,0.017206299895808096,2,2122,0.00269081797689432,0.7666702871276562,0.01909783983728663,0.00881009728984214,0.20273095776832084,2,0.0018253268306159989,-0.20097925164497255,0.005822651825926431,0.00780661511591737,0.18552465787251274,0.20122335332576535,2,0.17212712720814285,0.6604412986331957,0.48831417142505285
tm740273,nathan_2001,2021,0.30235957389664564,0.006289457323110025,0.09665243491577781,0.2969918429738918,0.29770669089057467,1,2122,0.6051593987035309,0.0014749437568638039,0.03147618571985975,0.35586536655758283,0.006024105262162752,1,0.3027998248068852,-0.004814513566246221,-0.06517624919591805,0.05887352358369102,-0.29168258562841193,0.31531721913395055,1,1.3406641441559417,0.8209021498596136,-0.5197619942963281
tm75442,nicolas gaitan_1988,2021,0.01695237992493039,0.02028009410661472,0.8192686991206948,0.09044186812460665,0.05305695872315352,3,2122,0.020385261505253573,0.4738535232743242,0.09414054058650892,0.07186998828273743,0.33975068635117583,2,0.003432881580323184,0.45357342916770943,-0.7251281585341859,-0.018571879841869227,0.2866937276280223,0.8555094396574124,3,0.6846225330132223,1.2117122275921095,0.5270896945788872
tm782612,tiago melo almeida_2001,2021,0.8780707687356424,0.0003752797316512989,0.002774667066009657,0.11070770708364192,0.008071577383054947,1,2122,0.8803435721134584,0.0003231839557902352,0.002045078929778033,0.11527215728879438,0.002016007712178842,1,0.0022728033778159906,-5.2095775861063704e-05,-0.0007295881362316243,0.004564450205152462,-0.006055569670876105,0.00515119924754621,4,0.4160216728551067,0.389008389024881,-0.02701328383022572
tm83466,andre almeida_1990,2021,0.7314238158585058,0.0007601078177237351,0.012238143807889642,0.21141501840861915,0.044162914107261565,1,2122,0.9792427655907069,0.0002909447690887239,0.006752581012889788,0.011132715455414818,0.002580993171899789,1,0.2478189497322011,-0.00046916304863501115,-0.005485562794999854,-0.20028230295320432,-0.041581920935361776,0.31868094426205407,1,0.7544149724882985,0.12211264717133131,-0.6323023253169672
tm85953,yohan tavares_1988,2021,0.9990905446412429,2.181595574494165e-06,1.6646700312739375e-05,0.000843865819698387,4.6761243171493624e-05,1,2122,0.99843687218176,2.4869817917673774e-05,0.0002518745926967256,0.0011192394817136834,0.00016714392591199174,1,-0.0006536724594828902,2.2688222343179608e-05,0.00023522789238398622,0.0002753736620152964,0.00012038268274049812,0.0007476397894752735,1,0.007559354023826937,0.012971694353204942,0.005412340329378005
tm95429,osama rashid_1992,2021,0.12478215612579219,0.004879880068535624,0.263651584721171,0.5834508179862294,0.02323556109827176,4,2122,0.008497214401064278,0.0017390733846779803,0.1500743456436687,0.8375754248809636,0.0021139416896254776,4,-0.1162849417247279,-0.0031408066838576436,-0.1135772390775023,0.25412460689473415,-0.021121619408646285,0.3016805552308932,4,1.0389239576713531,0.49767568752703434,-0.5412482701443189
tm99499,rafael martins_1989,2021,0.0015967595252585954,0.980174427223866,0.010516276838824173,0.00041636497230728385,0.007296171439743876,2,2122,0.009027275307826436,0.8915057088140607,0.050433670526088464,0.015408353976361741,0.03362499137566272,2,0.007430515782567841,-0.08866871840980539,0.03991739368726429,0.014991989004054457,0.026328819935918846,0.09866869940520188,2,0.11695146275826102,0.47389873234389773,0.3569472695856367
anderson_1998,anderson_1998,2122,0.008681599953667657,0.025641243862234344,0.5711485702537484,0.39247906683528816,0.002049519095061414,3,2223,0.04791880088976525,0.08311702207878556,0.5181507848880982,0.31033623923720977,0.0404771529061413,3,0.039237200936097595,0.05747577821655121,-0.05299778536565025,-0.0821428275980784,0.038427633811079887,0.11999680161724745,4,0.8348109349827839,1.1859567181489699,0.35114578316618594
christian neiva afonso_1994,christian neiva afonso_1994,2122,0.516983102588012,0.004313933079653382,0.10974320070991339,0.26606532323452653,0.10289444038789472,1,2223,0.5878947955782605,0.0025151449867441863,0.04141886150160736,0.3411168462322152,0.027054351701172756,1,0.07091169299024858,-0.0017987880929091955,-0.06832433920830602,0.07505152299768869,-0.07584008868672196,0.12382507934126559,4,1.1933215800917443,0.9237718121673892,-0.26954976792435503
cristian gonzalez_1996,cristian gonzalez_1996,2122,0.9999980797453688,3.6235255244710676e-08,2.1289042827107179e-07,1.4553644462480693e-06,2.1576450138813952e-07,1,2223,0.997518121057536,5.939506462758382e-05,0.0001969588876553237,0.0019732866764285337,0.0002522383137526644,1,-0.002479958687832795,5.9358829372339106e-05,0.00019674599722705263,0.0019718313119822858,0.00025202254925127626,0.0031749876022309858,1,2.868386091765383e-05,0.019116908732862467,0.019088224871944812
diederrick joel_1993,diederrick joel_1993,2122,0.005712128432372159,0.8033451916234222,0.05007119913882069,0.017135928386833674,0.12373555241855118,2,2223,0.007918205293580798,0.8710393791507605,0.032586630848535976,0.011823807450435942,0.0766319772566867,2,0.0022060768612086386,0.06769418752733825,-0.017484568290284712,-0.005312120936397732,-0.047103575161864475,0.07015196759353612,2,0.6835853251772535,0.5194650310396516,-0.16412029413760187
lamine diaby_1996,lamine diaby_1996,2122,0.014735017962204059,0.007267179598603295,0.016913234147230286,0.023139430586425487,0.9379451377055368,5,2223,0.05118309533729892,0.001549235514014169,0.01020117179606913,0.9333607252381139,0.0037057721145037324,4,0.03644807737509487,-0.005717944084589126,-0.006712062351161157,0.9102212946516883,-0.934239365591033,0.9109934216267958,4,0.31416845744424254,0.2940446127898289,-0.020123844654413636
paulo sergio mota_1991,paulo sergio mota_1991,2122,0.2818699001385303,0.011497598447826137,0.1545303522894026,0.5295045025114007,0.022597646612840243,4,2223,0.07671331281566238,0.00031033285800360455,0.10052294047302772,0.8204584745260297,0.0019949393272765178,4,-0.20515658732286793,-0.011187265589822533,-0.054007411816374876,0.290953972014629,-0.020602707285563723,0.3602574004729615,4,1.119152187641437,0.6051853581722797,-0.5139668294691573
tm102427,sebastian coates_1990,2122,0.9943999515181707,0.0001303942625067173,0.000572260134981183,0.004604721579124335,0.00029267250521714216,1,2223,0.9910125516832424,0.0002087964171015839,0.0019424113514786205,0.005988920814475965,0.0008473197337016032,1,-0.0033873998349283063,7.84021545948666e-05,0.0013701512164974376,0.0013841992353516297,0.0005546472284844611,0.003908189660026095,1,0.03818097380338843,0.05948821041585621,0.021307236612467778
tm126956,edgar costa_1987,2122,0.0006845520809831402,0.0015659324022741677,0.970917296995684,0.022819055942062433,0.004013162578996305,3,2223,0.03128559372681509,0.009485197931859401,0.26102494840845,0.521891172007334,0.17631308792554154,4,0.030601041645831946,0.007919265529585233,-0.7098923485872339,0.4990721160652716,0.17229992534654523,0.8683428252325833,3,0.15216358682690284,1.1485412652700961,0.9963776784431932
tm127031,pierre sagna_1990,2122,0.9808557205639437,0.00020197072914762565,0.0026578794504813277,0.014012355443503115,0.002272073812924333,1,2223,0.5242388804498104,0.000304792077971012,0.02743668920885026,0.43790642256634094,0.010113215697027373,1,-0.4566168401141333,0.00010282134882338634,0.024778809758368932,0.42389406712283784,0.00784114188410304,0.6235375841142442,1,0.11007232479242171,0.8477444804874988,0.7376721556950772
tm129670,luiz carlos_1985,2122,0.05204371151598361,0.0014581639053351334,0.05118696751424691,0.8879403905987039,0.0073707664657304255,4,2223,0.0182693173219621,0.00040801874185080015,0.004048828473451213,0.9755120699588969,0.0017617655038390998,4,-0.033774394194021506,-0.0010501451634843332,-0.047138139040795696,0.08757167936019306,-0.0056090009618913255,0.10503625891201282,4,0.457212752936241,0.1339718650092097,-0.32324088792703126
tm137192,zainadine junior_1988,2122,0.9946760166057235,7.368252296987631e-05,0.0006662199635810558,0.004059281905038327,0.0005247990026871516,1,2223,0.9949971832959223,0.00010480525215499304,0.0007876524176721607,0.0036039714710493984,0.0005063875632011934,1,0.0003211666901988819,3.1122729185116725e-05,0.00012143245409110487,-0.00045531043398892856,-1.841143948595812e-05,0.0005711130355463876,4,0.03720057915266211,0.03569708088664965,-0.001503498266012461
tm138651,joaozinho_1989,2122,0.9693045291649229,0.0005941851947532568,0.0059653086332769195,0.02073589588661129,0.0034000811204354625,1,2223,0.8743348453965828,0.0005519563320272508,0.04928572610068947,0.0681577164274817,0.007669755743218676,1,-0.09496968376834014,-4.2228862726006035e-05,0.04332041746741255,0.04742182054087041,0.004269674622783213,0.11465046991310937,1,0.16488229335326965,0.49033507428899836,0.3254527809357287
tm139336,paulo oliveira_1992,2122,0.9982933004265748,4.127396502939255e-05,0.00015918433237201932,0.0011449881087597343,0.0003612531672639792,1,2223,0.9965619320193958,6.702630501082043e-05,0.0002655830098174366,0.002132838405532849,0.0009726202602430428,1,-0.0017313684071790236,2.5752339981427878e-05,0.00010639867744541726,0.0009878502967731145,0.0006113670929790636,0.0019963638525551932,1,0.01413159348515094,0.02612622577360322,0.01199463228845228
tm139395,ricardo esgaio_1993,2122,0.07937477645733561,0.01097781690862654,0.3051582678529471,0.46862053566904743,0.13586860311204335,4,2223,0.046917737263973115,0.009973747891196557,0.331382621489998,0.509130397219901,0.10259549613493127,4,-0.03245703919336249,-0.0010040690174299826,0.02622435363705089,0.04050986155085362,-0.03327310697711208,0.05816556674134332,4,1.239231754863039,1.1327962708021508,-0.1064354840608881
tm14132,pepe_1983,2122,0.9959283718452072,0.00014370375716215748,0.0006526278298239523,0.002997597049689477,0.0002776995181172489,1,2223,0.9990843869723343,1.1325222221331125e-05,9.639710772942792e-05,0.0007127286634084543,9.516203430652144e-05,1,0.003156015127127043,-0.00013237853494082636,-0.0005562307220945244,-0.002284868386281023,-0.00018253748381072743,0.003938016216065654,1,0.029811429943483823,0.007981475815975568,-0.021829954127508253
tm149729,joao mario_1993,2122,0.006003170568882862,0.012777674694470985,0.2532533449158819,0.7163637722152358,0.011602037605528281,4,2223,0.009475800566517383,0.08243949236841905,0.7777153937131522,0.06429312044054991,0.06607619291136138,3,0.0034726299976345206,0.06966181767394806,0.5244620487972703,-0.6520706517746859,0.0544741553058331,0.8397150728284165,4,0.7248904487278933,0.8013701208262246,0.07647967209833129
tm155025,fabio cardoso_1994,2122,0.9990581536974513,3.2219983027548906e-05,0.00011183928597870957,0.0006265270726691901,0.0001712599608732764,1,2223,0.9618138394044433,0.0021986833804379276,0.012853691694185765,0.017559159285958616,0.005574626234974332,1,-0.03724431429300801,0.0021664633974103785,0.012741852408207055,0.016932632213289424,0.005403366274101055,0.04290572627600817,1,0.008398274637170841,0.20677685758706865,0.1983785829498978
tm155395,salvador agra_1991,2122,0.0030239367692357156,0.6480766492702017,0.29164608278306514,0.0388352628821797,0.018418068295317832,2,2223,0.010489296035046145,0.009840766086125925,0.8545893174412128,0.1011767627568996,0.02390385768071563,3,0.00746535926581043,-0.6382358831840758,0.5629432346581477,0.0623414998747199,0.005485789385397798,0.8533418554288386,2,0.8577368206151211,0.5486001840462581,-0.30913663656886303
tm167791,stefano beltrame_1993,2122,0.00260879754809364,0.0008194998544147156,0.012488868188670841,0.9829360241058075,0.0011468103030130808,4,2223,0.00534799721228435,0.00033464280717302206,0.04950467974494095,0.9436757959449256,0.0011368842906761651,4,0.00273919966419071,-0.00048485704724169357,0.03701581155627011,-0.03926022816088193,-9.926012336915722e-06,0.05403030743546041,4,0.10076344231578092,0.24186395066419378,0.14110050834841287
tm175600,arsenio nunes_1989,2122,0.008874784745221194,0.12389220727148711,0.6335750603518833,0.2190120803471505,0.014645867284257954,3,2223,0.009459184964305646,0.0010425289971157969,0.7409903580099143,0.24411037323397122,0.0043975547946931174,3,0.0005844002190844525,-0.12284967827437132,0.10741529765803104,0.025098292886820722,-0.010248312489564836,0.1651071029741866,2,0.9842639223773665,0.641462914715192,-0.3428010076621745
tm176997,anderson carvalho_1990,2122,0.21772644645541364,0.0033326185907567208,0.06094084617905522,0.6723022945808773,0.04569779419389714,4,2223,0.029544688818229765,0.0019736221991144857,0.009715283191248482,0.9559422193216196,0.002824186469787799,4,-0.18818175763718387,-0.001358996391642235,-0.05122556298780674,0.2836399247407423,-0.04287360772410934,0.3442235988263501,4,0.9293857718077516,0.2210139709382111,-0.7083718008695405
tm177859,tiago ilori_1993,2122,0.8971502173086797,0.00900823108538913,0.009562876912982979,0.03905561995629352,0.04522305473665455,1,2223,0.9924527122209957,0.000289016173928903,0.0014156417800378195,0.0042768701613378896,0.0015657596636998077,1,0.09530249491231602,-0.008719214911460226,-0.00814723513294516,-0.034778749794955634,-0.04365729507295474,0.10214954293973064,1,0.45092650875226536,0.052602965996293764,-0.3983235427559716
tm177964,yusupha njie_1994,2122,0.0006930607511878901,0.9557257488646096,0.031255538670058494,0.005484045898338915,0.0068416058158051315,2,2223,0.0013719920890205956,0.9743907795671072,0.008197334935402936,0.001789111758381631,0.014250781650087831,2,0.0006789313378327055,0.018665030702497587,-0.023058203734655558,-0.003694934139957284,0.0074091758342827,0.029902802822715034,3,0.2192918907416309,0.1455987521567933,-0.07369313858483761
tm181783,claudio winck_1994,2122,0.03338568717348256,0.008300872473229966,0.5791219795743268,0.36581340476688845,0.013378056012072276,3,2223,0.010153088694174847,0.0003622435801682814,0.07275567088489737,0.9144707516867113,0.0022582451540481925,4,-0.02323259847930771,-0.007938628893061685,-0.5063663086894294,0.5486573469198228,-0.011119810858024083,0.7470170669841887,4,0.8952009375129683,0.33566211460046846,-0.5595388229124998
tm182108,sebastian perez_1993,2122,0.08594960270088792,0.000899487160011691,0.013995969785526316,0.8960318304087876,0.003123109944786387,4,2223,0.42905853177295555,0.018918019880699098,0.06719776715449259,0.40525587557331066,0.07956980561854216,1,0.34310892907206764,0.018018532720687406,0.053201797368966276,-0.490775954835477,0.07644669567375577,0.6014481472399348,4,0.3933599159387286,1.186997332178713,0.7936374162399844
tm182936,filipe ferreira_1990,2122,0.8869403957047651,0.00093724049037899,0.01732934309341874,0.08777380562239985,0.007019215089037351,1,2223,0.7224482220158479,0.0004433497997129586,0.025296923385056486,0.240106855841923,0.011704648957459544,1,-0.16449217368891722,-0.0004938906906660314,0.007967580291637747,0.15233305021952315,0.004685433868422193,0.22433626469611795,1,0.43158648413017553,0.725929709841566,0.2943432257113905
tm184992,juan delgado_1993,2122,0.15342601208359793,0.03705598510238152,0.5175241475757945,0.14152490576333435,0.1504689494748917,3,2223,0.2844244056143871,0.0026013821787220564,0.03854498405075986,0.6620484075432903,0.012380820612840692,4,0.13099839353078915,-0.03445460292365946,-0.4789791635250346,0.520523501779956,-0.13808812886205102,0.720217643331989,4,1.312315652009584,0.8259971983658989,-0.4863184536436851
tm186848,giorgi aburjania_1995,2122,0.0047271339328842496,0.014099498327045929,0.06750297752152333,0.908145065500546,0.005525324718000561,4,2223,0.009266967078791209,0.00010526852316251375,0.0035009659540258123,0.9865822003463058,0.0005445980977146974,4,0.004539833145906959,-0.013994229803883415,-0.06400201156749752,0.07843713484575987,-0.004980726620285863,0.10229902326168407,4,0.38358144487988327,0.0815628505738963,-0.302018594305987
tm190442,alan ruiz_1993,2122,0.009294909921774964,0.27302109852053724,0.3145157805900148,0.29196638153542326,0.1112018294322497,3,2223,0.019391994751123208,0.03162518402581602,0.37068754017515215,0.5544907678658941,0.023804513182014396,4,0.010097084829348244,-0.24139591449472123,0.05617175958513737,0.26252438633047087,-0.08739731625023531,0.361176215509652,4,1.3654182699107222,0.9695209189554042,-0.3958973509553181
tm193082,alex grimaldo_1995,2122,0.0835497556346138,0.08760942075928732,0.214799312559283,0.4175836106551156,0.1964579003917003,4,2223,0.10710732123191855,0.004781566607681139,0.5729852261980103,0.2133311967186797,0.10179468924371042,3,0.02355756559730475,-0.08282785415160618,0.3581859136387273,-0.20425241393643592,-0.09466321114798988,0.42122631642420216,3,1.4354470117502367,1.1460678719856534,-0.2893791397645833
tm193303,nuno sequeira_1990,2122,0.8879725797425632,0.003159527401190924,0.025849619596348048,0.0631127700939381,0.019905503165959657,1,2223,0.7587890956475007,0.0014267360240250843,0.056515695752758145,0.164554920898653,0.01871355167706296,1,-0.12918348409506242,-0.0017327913771658396,0.030666076156410097,0.1014421508047149,-0.0011919514888966976,0.1670996508542531,1,0.4705216782310088,0.7525742536425096,0.2820525754115008
tm193830,iuri medeiros_1994,2122,0.008562833528002424,0.6274159374848189,0.06653001868832026,0.03197743861452287,0.2655137716843355,2,2223,0.00548137911189886,0.03474860435496798,0.801223710982859,0.0347304772570853,0.12381582829318888,3,-0.003081454416103564,-0.592667333129851,0.7346936922945388,0.002753038642562433,-0.1416979433911466,0.9439525749950144,3,0.975716462376956,0.698188971416833,-0.27752749096012297
tm194005,nino galovic_1992,2122,0.9996502620872217,1.0422298293889373e-05,4.350127147321499e-05,0.0002593082132748463,3.650612973630515e-05,1,2223,0.9979661165324892,2.921375287753301e-05,0.0003630597196396871,0.0013496678092952336,0.00029194218569844393,1,-0.001684145554732508,1.879145458364364e-05,0.0003195584481664721,0.0010903595960203873,0.0002554360559621388,0.002031674437186958,1,0.0034203644526651688,0.01650717599327431,0.013086811540609141
tm197880,raphael guzzo_1995,2122,0.0063786961003721495,0.026144997355507297,0.2003070655437963,0.7617023450561387,0.005466895944185681,4,2223,0.007620861495266784,0.00012381510985049745,0.017702512101461277,0.9739065217677975,0.0006462895256239829,4,0.0012421653948946343,-0.0260211822456568,-0.182604553442335,0.2122041767116588,-0.004820606418561698,0.2811648634735099,4,0.6854046226502759,0.14018920896241222,-0.5452154136878637
tm211072,paulinho_1992,2122,0.00016807640694576733,0.9940147956757734,0.001464221648165764,0.0007437693428392505,0.0036091369262757625,2,2223,0.003492682514394435,0.9317268446684613,0.02329159539707506,0.005577835557215334,0.03591104186285379,2,0.0033246061074486675,-0.0622879510073121,0.021827373748909293,0.004834066214376084,0.03230190493657803,0.06626193694270147,2,0.0426409378114956,0.3216233339650939,0.2789823961535983
tm214070,ewerton_1992,2122,0.008538208988343628,0.0031022709830104667,0.047892541152844505,0.9385137675356238,0.001953211340177546,4,2223,0.04862564426400699,0.013414019397383292,0.34491803676356514,0.5658081461452542,0.027234153429790398,4,0.040087435275663365,0.010311748414372825,0.2970254956107206,-0.37270562139036956,0.025280942089612853,0.47837951448731325,4,0.27586306626967916,0.9923663574659205,0.7165032911962413
tm214538,mateus uribe_1991,2122,0.008846770083930068,0.000297555904406966,0.0045055988770014615,0.985274311863805,0.0010757632708564549,4,2223,0.04922540730704982,0.0006886707281100792,0.00487215387914481,0.9408124342982099,0.004401333787485342,4,0.040378637223119754,0.00039111482370311323,0.0003665550021433482,-0.044461877565595054,0.003325570516628887,0.0600631353995876,4,0.09055150446291421,0.2604704859757127,0.1699189815127985
tm215122,ivo rodrigues_1995,2122,0.003782828259154336,0.006280074194807737,0.8049537722873333,0.16715058307940417,0.017832742179300264,3,2223,0.015379420390874626,0.006527435382109965,0.3151264109259442,0.6182021765729165,0.044764556728154686,4,0.01159659213172029,0.0002473611873022282,-0.48982736136138916,0.45105159349351237,0.026931814548854422,0.6659676614280337,3,0.5984078565684293,0.8973231964315562,0.2989153398631269
tm222813,marko grujic_1996,2122,0.07981670907713419,0.0034758021124228606,0.07416579513105617,0.8305216867981237,0.012020006881263168,4,2223,0.1861491889161925,0.0038270486401884786,0.016893927529783553,0.7485627846477602,0.044567050266075395,4,0.10633247983905832,0.00035124652776561804,-0.05727186760127262,-0.0819589021503635,0.03254704338481223,0.14595906310701495,1,0.6217685019194354,0.7586174518347545,0.13684894991531904
tm223977,igor juliao_1994,2122,0.8964225212646402,0.0016546107964836387,0.02233822975385595,0.06731747891747378,0.012267159267546483,1,2223,0.429977790747372,0.0030863214112833376,0.018313390459900377,0.537675901700496,0.010946595680948289,4,-0.46644473051726815,0.0014317106147996989,-0.004024839293955574,0.4703584227830222,-0.001320563586598194,0.6624394173333029,4,0.4291629415788806,0.8370561523668505,0.4078932107879699
tm226155,carlinhos_1994,2122,0.00548071144918,0.007349453037480545,0.23262292879748372,0.7524157129535302,0.002131193762325576,4,2223,0.009313204813767975,0.0004508710449871795,0.005247512159519904,0.9837384455816395,0.0012499664000854144,4,0.0038324933645879754,-0.006898581992493366,-0.22737541663796382,0.23132273262810932,-0.0008812273622401615,0.3244565689899345,4,0.6310327905495796,0.09905883513484919,-0.5319739554147305
tm228433,wendell_1993,2122,0.29044457354148323,0.013129148197955395,0.22376304528679317,0.38527372729985415,0.08738950567391411,4,2223,0.7988921765487818,0.0004271728083958354,0.027521620423966487,0.16777869060384357,0.0053803396150123185,1,0.5084476030072985,-0.01270197538955956,-0.19624142486282667,-0.21749503669601059,-0.0820091660589018,0.5869370434742178,1,1.3314633063927315,0.609183685173926,-0.7222796212188055
tm231289,otavio_1995,2122,0.00660809197978632,0.005321034947503177,0.611471518349657,0.3370642456818276,0.03953510904122603,3,2223,0.015964041665101698,0.012534132271111456,0.48239827175129063,0.42769426791408915,0.06140928639840698,3,0.009355949685315378,0.007213097323608279,-0.12907324659836633,0.09063002223226158,0.021874177357180953,0.15815582975273756,3,0.8560772839925699,1.0072063560571596,0.1511290720645897
tm231614,gilberto_1993,2122,0.10041538988119014,0.009986159185247359,0.33233004431150853,0.45451379531656305,0.10275461130549098,4,2223,0.27598417001568804,0.020791064976425487,0.3609714437630505,0.16090190599836574,0.18135141524647017,3,0.1755687801344979,0.010804905791178128,0.028641399451541982,-0.2936118893181973,0.07859680394097919,0.3434667580110425,4,1.235109604972273,1.4072341118301828,0.1721245068579098
tm235568,joao pedro_1993,2122,0.00890369938050335,0.00684515194510607,0.16690599373764126,0.808847901361954,0.008497253574795522,4,2223,0.6144738434197075,0.002658368232894176,0.010309511165261766,0.3594000442101478,0.013158232971988816,1,0.6055701440392041,-0.004186783712211893,-0.1565964825723795,-0.44944785715180613,0.004660979397193295,0.7702327980305091,1,0.5870780874208704,0.7869344088079254,0.199856321387055
tm236997,tiago silva_1993,2122,0.0035588587114170882,0.001268500197295433,0.12362700459231031,0.8675056453989973,0.004039991099979932,4,2223,0.009644997631852595,0.000477762969111023,0.0315115512677271,0.9549332064752236,0.0034324816560856656,4,0.006086138920435507,-0.0007907372281844099,-0.09211545332458321,0.08742756107622629,-0.0006075094438942664,0.12714755809394698,3,0.43253518649938727,0.2208799144978915,-0.21165527200149578
tm238055,rafa silva_1993,2122,0.005857337579857861,0.621342557236175,0.09283066161951278,0.034386238875339176,0.24558320468911526,2,2223,0.00521516029534492,0.6464796867434565,0.2526349142783806,0.022158362993329482,0.07351187568948855,2,-0.0006421772845129408,0.02513712950728142,0.1598042526588678,-0.012227875882009694,-0.1720713289996267,0.1622319567408828,3,1.0071566941579992,0.9332944601045564,-0.07386223405344283
tm238367,cassiano_1989,2122,0.003406480126900486,0.741558707340678,0.14647873468775413,0.02958846447694866,0.07896761336771875,2,2223,0.0004696948802389849,0.9974469817889192,0.001010641736169136,0.0003616452745493501,0.0007110363201233409,2,-0.002936785246661501,0.25588827444824125,-0.145468092951585,-0.02922681920239931,-0.07825657704759541,0.2958083953090989,2,0.82708879870773,0.02113993090177252,-0.8059488678059574
tm249360,ali alipour_1995,2122,0.0003884773603286591,0.9904511719092821,0.004696576382160806,0.00129126579644525,0.003172508551783148,2,2223,0.007257111398074436,0.6069826451821048,0.12321335675039725,0.022525614542379658,0.24002127212704383,2,0.006868634037745777,-0.38346852672717735,0.11851678036823644,0.021234348745934408,0.2368487635752607,0.401985589193659,2,0.06457373990457715,1.0247338092258833,0.9601600693213062
tm257388,wilson manafa_1994,2122,0.9688643072376929,0.0007077667056614367,0.006483965912548777,0.02175984143071594,0.002184118713381027,1,2223,0.9948939358320427,0.00012228761235182135,0.0010051961101605203,0.003117215219031651,0.0008613652264131794,1,0.026029628594349763,-0.0005854790933096153,-0.005478769802388257,-0.01864262621168429,-0.0013227534869678476,0.03248767121762705,1,0.1651195471236947,0.037200671258777296,-0.1279188758649174
tm257456,francisco geraldes_1995,2122,0.00073537242930134,0.00166718017362974,0.3516996855964997,0.6453209937777181,0.0005767680228509774,4,2223,0.010339652691827409,0.002253197332172359,0.538508754933834,0.4414532303320582,0.007445164710108048,3,0.009604280262526068,0.0005860171585426188,0.18680906933733427,-0.20386776344565993,0.00686839668725707,0.2766808250936226,4,0.6704453969469832,0.7917670833347512,0.12132168638776797
tm258015,diogo goncalves_1997,2122,0.002359696894413663,0.0014759382308961275,0.8966344925889174,0.09689291677818934,0.0026369555075836204,3,2223,0.03165305913282317,0.09293355614751454,0.20395721813147463,0.317333044495351,0.35412312209283664,5,0.02929336223840951,0.09145761791661841,-0.6926772744574428,0.22044012771716165,0.351486166585253,0.7332245586475966,3,0.36354533306185033,1.3862088940553514,1.022663560993501
tm261927,ricardo horta_1994,2122,0.0018514489409964848,0.9273145302643258,0.021133975417944918,0.01108002798660343,0.038620017390129435,2,2223,0.014053801160983669,0.09478603789329781,0.6060188696968171,0.055429611553442545,0.2297116796954591,3,0.012202352219987184,-0.8325284923710279,0.5848848942788721,0.044349583566839115,0.19109166230532967,1.0184840760303702,2,0.33869543122325024,1.0850149237992563,0.7463194925760062
tm262002,welinton junior_1993,2122,0.0007021511783507113,0.9257628532749026,0.040591767126909005,0.00868005980125731,0.024263168618580366,2,2223,0.0028947291241952083,0.9551091817871572,0.015188709255208111,0.004642773232548804,0.0221646066008907,2,0.002192577945844497,0.029346328512254605,-0.025403057871700892,-0.004037286568708505,-0.002098562017689664,0.03908490024636919,2,0.33800468183900945,0.23375905961116342,-0.10424562222784603
tm264848,ruben lameiras_1994,2122,0.015326698736698653,0.42897693126247344,0.4622717161261027,0.07441428119839855,0.019010372676326784,3,2223,0.002075789266072526,0.002034257023269522,0.9482761670379242,0.043811329780627635,0.0038024568921059864,3,-0.013250909470626127,-0.4269426742392039,0.4860044509118215,-0.03060295141777091,-0.015207915784220798,0.6477596009554017,3,1.0524629442440427,0.23401657703004697,-0.8184463672139958
tm265589,fahd moufi_1996,2122,0.6031361754318519,0.0039150746474031555,0.12217819835902308,0.25739312786719504,0.013377423694526732,1,2223,0.2337337979707283,0.0012162023410830175,0.15518441907749153,0.5991262542646238,0.010739326346073186,4,-0.36940237746112364,-0.0026988723063201383,0.033006220718468454,0.3417331263974288,-0.0026380973484535462,0.5043176981518035,1,0.9905400984129954,0.9926552158040051,0.0021151173910096688
tm271256,jhonder cadiz_1995,2122,0.005413350760703979,0.10050761402246527,0.08416309885988686,0.02593817016081724,0.7839777661961266,5,2223,0.0006477102395930861,0.9636964754833638,0.012019176255886594,0.0012460517854552186,0.022390586235701355,2,-0.004765640521110893,0.8631888614608985,-0.07214392260400027,-0.02469211837536202,-0.7615871799604252,0.8665634241983061,2,0.7530011760909092,0.18692948585132962,-0.5660716902395796
tm271498,denilson_1995,2122,0.00649538973106048,0.7373677639932453,0.13910679678764987,0.023793875058941084,0.09323617442910322,2,2223,0.05671263054411643,0.5579948891606084,0.2594639265426705,0.07420675987692117,0.051621793875683476,2,0.05021724081305595,-0.17937287483263697,0.12035712975502061,0.05041288481798009,-0.04161438055341974,0.2274284439975332,2,0.8419210865850987,1.18434297806172,0.3424218914766214
tm27178,ruben fernandes_1986,2122,0.9894993727273323,0.00044093907444246337,0.001398387994762716,0.005942785514477723,0.002718514688984713,1,2223,0.9697772853821475,0.0006009297056536405,0.003987183333239368,0.018128591933813755,0.007506009645145635,1,-0.01972208734518488,0.00015999063121117712,0.0025887953384766517,0.012185806419336032,0.004787494956160922,0.02332771025298511,1,0.06956337088349732,0.16566656538156357,0.09610319449806626
tm278985,flavio ramos_1994,2122,0.9999130180544684,2.0733736886774817e-06,8.600278596876194e-06,6.843646914934015e-05,7.871824096671135e-06,1,2223,0.9978217714780601,5.762498522947877e-05,0.00031076171598559926,0.0012747521817485172,0.0005350896389763481,1,-0.0020912465764083565,5.555161154080129e-05,0.00030216143738872307,0.001206315712599177,0.0005272178148796769,0.0024337003426044322,1,0.000963212329432778,0.01777532474754445,0.01681211241811167
tm284883,fran navarro_1998,2122,0.001421405363810478,0.9570158241263325,0.00885151937246411,0.003293145901425182,0.029418105235967815,2,2223,0.0004697413954214327,0.988018700395252,0.0024472052869859897,0.0005232019637457948,0.008541150958594864,2,-0.0009516639683890453,0.03100287626891951,-0.006404314085478121,-0.002769943937679387,-0.02087695427737295,0.03179263797765141,2,0.21576415506410115,0.07485697194211001,-0.14090718312199113
tm290336,rochinha_1995,2122,0.003977562193834789,0.3306994891922329,0.5689001450440926,0.07838483443181903,0.018037969138020672,3,2223,0.012756324524409826,0.16164985046079042,0.5220005856862494,0.04017542784128199,0.26341781148726845,3,0.008778762330575037,-0.1690496387314425,-0.04689955935784318,-0.03820940659053704,0.24537984234924778,0.17976199387870834,2,0.9808115921686341,1.1701102964681898,0.18929870429955564
tm290391,nuno santos_1995,2122,0.028440185683865676,0.2438160065312478,0.1862743518448193,0.2512013581105374,0.2902680978295299,5,2223,0.003715168764705006,0.014200993523061822,0.9228766206101732,0.021806795982261564,0.037400421119798286,3,-0.02472501691916067,-0.229615013008186,0.7366022687653538,-0.22939456212827583,-0.2528676767097316,0.8053192833557956,3,1.464475834255241,0.36159790324152663,-1.1028779310137145
tm290530,bilel aouacheria_1994,2122,0.005884432775437418,0.0034841377752176115,0.5308774268118364,0.4551729781929442,0.0045810244445644065,3,2223,0.02082159699753996,0.04686233357122525,0.42426539446751227,0.4545738981309799,0.053476776832742406,4,0.014937164222102544,0.043378195796007636,-0.10661203234432409,-0.0005990800619642966,0.048895752388178,0.11606580496865855,3,0.7690313291066724,1.1027947551568995,0.33376342605022713
tm291939,samu_1996,2122,0.009381656313414047,0.02737817033903341,0.3020006665940647,0.6434291384000218,0.017810368353466003,4,2223,0.009513425145100986,0.0014816108801130917,0.11440569440726833,0.8668770718046348,0.007722197762882826,4,0.00013176883168693893,-0.025896559458920318,-0.18759497218679638,0.223447933404613,-0.010088170590583177,0.29290186357787423,4,0.8593586478866959,0.46336819886091274,-0.3959904490257832
tm291941,carraca_1993,2122,0.06574447359810898,0.001236813574545842,0.041707820159471755,0.883615875132125,0.007695017535748359,4,2223,0.3891844684583889,0.0010121303052439236,0.05921576829281805,0.5206946895012927,0.02989294344225649,4,0.3234399948602799,-0.00022468326930191827,0.017507948133346295,-0.3629211856308323,0.022197925906508133,0.4864481431615485,4,0.4665297344253652,0.9863598911976217,0.5198301567722565
tm292365,paulo henrique_1996,2122,0.8463999896287752,0.0030783038275647677,0.06808916660063973,0.07228439745194247,0.010148142491077965,1,2223,0.9596779370698916,0.00016965339907018434,0.001777529678587065,0.03680538483740629,0.0015694950150447339,1,0.11327794744111641,-0.002908650428494583,-0.06631163692205266,-0.03547901261453618,-0.008578647476033232,0.13600127628508518,1,0.578389123268308,0.18389682845524857,-0.3944922948130595
tm295414,adrian marin_1997,2122,0.2086803842441669,0.11928781941476654,0.13789204915642322,0.21311870045189008,0.3210210467327533,5,2223,0.9562224895962416,0.00010550077194636736,0.0014873898267078356,0.040156878960540085,0.0020277408445640746,1,0.7475421053520747,-0.11918231864282018,-0.13640465932971538,-0.17296182149134998,-0.3189933058881892,0.7883816633660072,1,1.5480482290600959,0.19513152673123002,-1.3529167023288657
tm299400,pedro sa_1993,2122,0.03565055071126743,0.0016725872790658589,0.014624659701329446,0.9448227355165917,0.003229466791745699,4,2223,0.42802876002846113,0.0033536311431331335,0.03883856222069107,0.5082392579650614,0.021539788642653154,4,0.3923782093171937,0.0016810438640672747,0.024213902519361626,-0.43658347755153026,0.018310321850907453,0.5874988774471361,4,0.26349056766660733,0.9351235066046288,0.6716329389380216
tm302371,toni martinez_1997,2122,0.007307636013213207,0.41265484108640604,0.031285475085942975,0.013173431971263212,0.5355786158431746,5,2223,0.006786864353465108,0.5570781803969175,0.03278289770539215,0.011403237776396156,0.3919488197678289,2,-0.0005207716597480988,0.14442333931051143,0.0014974226194491777,-0.0017701941948670558,-0.14362979607534565,0.1444428883770658,2,0.9010500486378329,0.8899757561494822,-0.011074292488350679
tm307058,mehdi taremi_1992,2122,0.0035022719151270067,0.6494454254459585,0.014485418586745406,0.009909197467056,0.3226576865851132,2,2223,0.005783020433979523,0.6893650164829546,0.06380701104858211,0.008610418515747679,0.23243453351873616,2,0.0022807485188525165,0.03991959103699605,0.049321592461836705,-0.0012987789513083207,-0.09022315306637702,0.06350654983624235,3,0.7721699854959987,0.8419186862540392,0.06974870075804052
tm308371,mikel villanueva_1993,2122,0.9999915626062563,1.7613525207326337e-07,8.350810372671814e-07,6.10559988614308e-06,1.3205775679856757e-06,1,2223,0.9957315698485976,7.751491430423584e-05,0.0008051440558617567,0.0027164463249015804,0.0006693248563347753,1,-0.004259992757658759,7.733877905216258e-05,0.0008043089748244895,0.0027103407250154373,0.0006680042787667896,0.005113353044207958,1,0.0001140471215352788,0.03167142114389744,0.03155737402236216
tm314367,marcus edwards_1998,2122,7.297637325744526e-06,0.9993844121313297,0.0004492675231015808,8.468649771953333e-05,7.433621052354533e-05,2,2223,0.0011908594902983348,0.016133382034961046,0.970882407189662,0.006207895394669677,0.005585455890409108,3,0.0011835618529725902,-0.9832510300963686,0.9704331396665604,0.006123208896950143,0.005511119679885563,1.381507133986113,2,0.005665395467619099,0.16381109921183187,0.15814570374421277
tm314942,bruno lourenco_1998,2122,0.0068262734527326984,0.476502889390622,0.324809024167445,0.11485902763760888,0.07700278535159139,2,2223,0.00899051127540079,0.00416416185011104,0.6490483158749991,0.334703604777044,0.003093406222445115,3,0.002164237822668092,-0.472338727540511,0.3242392917075541,0.2198445771394351,-0.07390937912914627,0.6136540669176531,2,1.1985079399364735,0.7299458507802403,-0.4685620891562332
tm324803,nicolas janvier_1998,2122,0.020093639448864054,0.02785516096269946,0.2279610550796584,0.6972220605959656,0.026868083912812514,4,2223,0.02324976039691939,0.0016093609893707784,0.11082918733310045,0.8494033034885954,0.014908387792013846,4,0.0031561209480553375,-0.026245799973328682,-0.11713186774655794,0.1521812428926298,-0.011959696120798669,0.19384996323399564,4,0.8639446723758792,0.5429452788207333,-0.32099939355514595
tm329721,jorge silva_1996,2122,0.5457644943663109,0.00892872054873761,0.10421838217367874,0.2496801526244072,0.09140825028686554,1,2223,0.9687565110875835,0.00018854890007437747,0.0033147758982609472,0.024693091632945544,0.0030470724811356843,1,0.4229920167212726,-0.008740171648663232,-0.10090360627541779,-0.22498706099146165,-0.08836117780572986,0.4896931204165908,1,1.1734296490967167,0.16034083272205726,-1.0130888163746594
tm329722,andre horta_1996,2122,0.0035119890593142394,0.002150149504678211,0.022712661615186674,0.9702347189378308,0.0013904808829901534,4,2223,0.002977942064707947,0.00018171154590800056,0.4296635832232861,0.5653964780882716,0.0017802850778263712,4,-0.0005340469946062926,-0.0019684379587702108,0.4069509216080994,-0.4048382408495591,0.0003898041948362178,0.5740271890825704,3,0.15748313679998377,0.7155217462911186,0.5580386094911349
tm334557,chiquinho_1995,2122,0.026681052999791677,0.526724179636036,0.23406408466251577,0.13342375048996663,0.07910693221168998,2,2223,0.026044254839188156,0.0007641670501106192,0.021886081257661363,0.9469214264291882,0.0043840704238516685,4,-0.000636798160603521,-0.5259600125859254,-0.2121780034048544,0.8134976759392216,-0.07472286178783831,0.9916815588880683,4,1.2436930140287084,0.25958790340350624,-0.9841051106252021
tm340376,abel ruiz_2000,2122,0.04090871529900602,0.47204629175301116,0.2835843233394488,0.14718704295796414,0.056273626650569904,2,2223,0.0096607945364607,0.5671937915164382,0.33970599483512204,0.015478235554874554,0.06796118355710448,2,-0.031247920762545317,0.09514749976342707,0.056121671495673264,-0.1317088074030896,0.011687556906534578,0.17471786177213272,4,1.286448832741011,0.9804781635604171,-0.305970669180594
tm340524,ivanildo fernandes_1996,2122,0.9994986140508676,7.3555249669575465e-06,6.574052562035325e-05,0.0003899737136203074,3.831618492459725e-05,1,2223,0.9982949828598779,5.025351991797756e-05,0.00028407748924439037,0.0011517470457709377,0.00021893908518866596,1,-0.0012036311909896513,4.2897994951020016e-05,0.00021833696362403714,0.0007617733321506302,0.00018062290026406872,0.0014417135364400318,1,0.0046720043367208175,0.014159051026624108,0.00948704668990329
tm343289,andre bukia_1995,2122,0.00034152178242015797,0.0021327621720039804,0.9825746992055001,0.013944546506896366,0.0010064703331793057,3,2223,0.016960333794007566,0.11022622504393834,0.7973832420915321,0.06278910302687452,0.012641096043647392,3,0.01661881201158741,0.10809346287193436,-0.185191457113968,0.04884455651997815,0.011634625710468086,0.22054942329997312,3,0.09964221832031948,0.7218120554220642,0.6221698371017447
tm344395,jorge fernandes_1997,2122,0.999930080774873,1.4483747992199447e-06,5.831643532788307e-06,5.305584294897087e-05,9.583363845949778e-06,1,2223,0.9984123810940686,5.6267593942221924e-05,0.00034999952240301053,0.0009059560297972987,0.00027539575978881975,1,-0.0015176996808043963,5.481921914300198e-05,0.00034416787887022224,0.0008529001868483278,0.00026581239594287,0.0017754739439015024,1,0.000792705370652396,0.013527208077333857,0.012734502706681462
tm344399,leonardo ruiz_1996,2122,0.021960755098349816,0.5576325165119428,0.18739315982818922,0.04834597569281707,0.1846675928687012,2,2223,0.0002599510986740242,0.9968485088678636,0.0008299676757509319,0.00018846740974239658,0.0018731049479690381,2,-0.02170080399967579,0.4392159923559208,-0.18656319215243827,-0.04815750828307467,-0.18279448792073216,0.4801110112313304,2,1.1817418301557474,0.0245601156907631,-1.1571817144649843
tm344474,ilija vukotic_1999,2122,0.015958935958120986,0.0010352143905153525,0.01508390065240062,0.9665973153104324,0.0013246336885308285,4,2223,0.11585184172535393,0.0005434774130038937,0.009374240887990104,0.87020483218956,0.00402560778409212,4,0.09989290576723295,-0.0004917369775114588,-0.005709659764410516,-0.09639248312087234,0.0027009740955612916,0.13893504037754234,1,0.1780291901610926,0.4407566075447758,0.2627274173836832
tm344519,bruno costa_1997,2122,0.18054849130155953,0.0022533590286209606,0.09384007603352869,0.716267384522147,0.007090689114143731,4,2223,0.017259706548584483,0.0015180273525720617,0.2621355328551982,0.6820862997631144,0.03700043348053091,4,-0.16328878475297504,-0.0007353316760488988,0.16829545682166952,-0.03418108475903259,0.029909744366387183,0.2369714651195283,3,0.8189421573239299,0.8138374020078208,-0.0051047553161091
tm344869,simon banza_1996,2122,0.0018678295808792222,0.7919803986626672,0.02882237480876642,0.007357850354024665,0.16997154659366256,2,2223,0.003423477262267991,0.8059216958662833,0.017865813620861783,0.0041703628212319795,0.16861865042935512,2,0.0015556476813887688,0.013941297203616032,-0.010956561187904636,-0.003187487532792685,-0.0013528961643074489,0.01808275745742804,2,0.6360140152625118,0.5882488470725211,-0.04776516818999066
tm345061,murilo costa_1994,2122,0.014351479755939079,0.5080166599262664,0.232313299398825,0.18231630590967288,0.06300225500929653,2,2223,0.0009433641697021975,0.0034808821645702713,0.9838171679770058,0.009929366623951146,0.0018292190647706378,3,-0.013408115586236882,-0.5045357777616961,0.7515038685781807,-0.17238693928572174,-0.06117303594452589,0.9215266951800389,3,1.2285360288816942,0.09965409357607041,-1.1288819353056239
tm345345,xadas_1997,2122,0.014837834119608118,0.3328405848368411,0.2546013645604049,0.34870039498399585,0.049019821499149935,4,2223,0.0015224126054017913,0.002885061074460682,0.9703647726940876,0.01682540169291131,0.008402351933138595,3,-0.013315421514206326,-0.3299555237623804,0.7157634081336828,-0.33187499329108455,-0.04061746956601134,0.8552813663973454,3,1.2921312855621456,0.16482712097973873,-1.127304164582407
tm352918,henrique gomes_1995,2122,0.39202217088222197,0.11487486760251395,0.1504720438003695,0.24854043477440652,0.09409048294048805,1,2223,0.9717471233378131,0.0007933953716740182,0.00629746770991617,0.017942592299676447,0.003219421280920215,1,0.5797249524555912,-0.11408147223083993,-0.1441745760904533,-0.23059784247473006,-0.09087106165956783,0.6504285327004464,1,1.4690620456359131,0.15604165903565007,-1.313020386600263
tm355496,lucas cunha_1997,2122,0.9629709478262328,0.003236488232430696,0.0050848335008663054,0.022109084594895318,0.0065986458455749445,1,2223,0.9997026596035969,5.391039133214086e-06,3.3180467508137696e-05,0.00022406314278719902,3.4705746974590256e-05,1,0.03673171177736412,-0.003231097193297482,-0.0050516530333581675,-0.02188502145210812,-0.006563940098600354,0.04317559497559419,1,0.19915176884199517,0.0029442147959212748,-0.1962075540460739
tm364406,joao gamboa_1996,2122,0.06475129594044689,0.0007027632511015582,0.012250673068314344,0.9199280779436563,0.0023671897964810196,4,2223,0.33955702532382553,0.0016352670664839032,0.010154239263604042,0.6417017366078125,0.006951731738274012,4,0.27480572938337866,0.000932503815382345,-0.002096433804710302,-0.2782263413358438,0.004584541941792993,0.3910669386602803,4,0.3273585083255117,0.7430791825417846,0.4157206742162729
tm367652,rodrigo abascal_1994,2122,0.9894710237789147,0.00021000195694529189,0.0011657297696000177,0.0077656355220308525,0.0013876089725090735,1,2223,0.9766845180135529,9.449918574338448e-05,0.0011689757786782953,0.020311588319384982,0.00174041870264034,1,-0.012786505765361778,-0.00011550277120190741,3.246009078277561e-06,0.01254595279735413,0.0003528097301312666,0.017913933479495735,1,0.06698207423242775,0.12201311736945272,0.055031043137024976
tm373187,maracas_1994,2122,0.9993050217289438,1.164458321587573e-05,9.065167379198306e-05,0.0004475172783322276,0.0001451647357161286,1,2223,0.9999302945862322,1.0553988117339904e-06,4.829751593574552e-06,5.634427837339507e-05,7.475984989079357e-06,1,0.000625272857288417,-1.058918440414174e-05,-8.582192219840852e-05,-0.0003911729999588325,-0.00013768875072704925,0.0007426035248465958,1,0.006404932393260074,0.0007828658106380914,-0.005622066582621983
tm374889,kenji gorre_1994,2122,0.004088142682307136,0.35089457221064135,0.47642589486501163,0.14140503414251285,0.027186356099527135,3,2223,0.009530912697977009,0.08215678327674393,0.7521201668945688,0.08679924567595683,0.06939289145475332,3,0.005442770015669873,-0.26873778893389744,0.2756942720295572,-0.05460578846655602,0.042206535355226185,0.3888942616065262,3,1.1178213675326742,0.8612070790358881,-0.25661428849678614
tm375382,andre almeida_2000,2122,0.05963712156354541,0.0024326636162779053,0.2517209725023489,0.6749950964388653,0.011214145878962484,4,2223,0.1231502228230906,0.03688340112380223,0.11305124444607835,0.1860642214221264,0.5408509101849024,5,0.06351310125954518,0.03445073750752432,-0.1386697280562706,-0.48893087501673893,0.5296367643059399,0.5133258822329647,4,0.8456843514666769,1.271387343477188,0.4257029920105112
tm375383,romario baro_2000,2122,0.02638462321912117,0.011683763882747878,0.6650800754770592,0.2773969995554303,0.01945453786564151,3,2223,0.048685560223888584,0.0015350044809358627,0.04470446203914345,0.8997306935421221,0.0053442797139101215,4,0.022300937004767415,-0.010148759401812014,-0.6203756134379157,0.6223336939866918,-0.014110258151731388,0.8790707921028192,4,0.8514987117309363,0.419043974343177,-0.4324547373877593
tm376441,allano_1995,2122,0.019440561568013034,0.0052425772266848246,0.6986788318268385,0.21666366224626113,0.05997436713220258,3,2223,0.07168097268547469,0.1301230953524517,0.19127522096080746,0.48829033189682475,0.11863037910444149,4,0.05224041111746165,0.12488051812576688,-0.5074036108660311,0.2716266696505636,0.05865601197223891,0.5912391025181137,3,0.854778612417802,1.3735692606800902,0.5187906482622883
tm377641,al musrati_1996,2122,0.036774225708084085,0.00059928815218986,0.005202019909538251,0.9560023974083836,0.0014220688218042113,4,2223,0.1294452518274798,0.0026717162004109337,0.0339021764409304,0.8180627609782023,0.0159180945529766,4,0.0926710261193957,0.0020724280482210737,0.02870015653139215,-0.13793963643018126,0.014496025731172387,0.1686512861600936,4,0.2056039769165776,0.6254007354355561,0.41979675851897846
tm379249,matheus reis_1995,2122,0.12216860142964776,0.011506347762713772,0.10239989614718668,0.7563011051766443,0.0076240494838075165,4,2223,0.5645272319698288,0.0011366654811322996,0.04640501884180027,0.3844251034787642,0.003505980228474479,1,0.44235863054018104,-0.010369682281581473,-0.055994877305386416,-0.3718760016978801,-0.004118069255333038,0.580702914791421,1,0.7899967969893035,0.8602967159235109,0.0702999189342074
tm384741,vitor costa_1994,2122,0.5534624232319305,0.0020761454805063636,0.05417974600189659,0.3516978793221973,0.03858380596346924,1,2223,0.47150908911552913,0.0008394882418423143,0.02133701896340344,0.5025774261606305,0.00373697751859462,4,-0.08195333411640138,-0.0012366572386640494,-0.03284272703849315,0.1508795468384332,-0.03484682844487462,0.17481750675323218,4,0.991295635812306,0.809188345966129,-0.18210728984617697
tm387110,petar musa_1998,2122,0.0014900845260794506,0.9288538252749152,0.01376732466908363,0.006529150905121231,0.04935961462480034,2,2223,0.005497380677770816,0.07053866725446524,0.012137970847579688,0.008110040369983949,0.9037159408502003,5,0.004007296151691365,-0.85831515802045,-0.0016293538215039413,0.001580889464862718,0.8543563262254,0.8583275149472334,2,0.31860689893607697,0.39973050253903464,0.08112360360295767
tm394328,rafik guitane_1999,2122,0.022678816657899784,0.5223325769462949,0.2682259487420386,0.15019267844130282,0.036569979212463896,2,2223,0.02367695465380384,0.001150091806596247,0.20367378281064508,0.7674570797506395,0.004042090978315289,4,0.0009981379959040568,-0.5211824851396987,-0.06455216593139351,0.6172644013093367,-0.03252788823414861,0.8104409308185632,4,1.1837975413443216,0.6459064343385691,-0.5378911070057525
tm396429,diogo calila_1998,2122,0.28179847306898,0.004831435907367156,0.29260743467423916,0.4055882287892412,0.015174427560172487,4,2223,0.6824247185181946,0.0019498097538013038,0.013423022631048985,0.280779915404753,0.021422533692202195,1,0.40062624544921466,-0.002881626153565852,-0.27918441204319017,-0.12480831338448822,0.006248106132029708,0.5040146261070265,1,1.171834170219833,0.7697628561338821,-0.40207131408595087
tm396443,diogo mendes_1998,2122,0.05005534070800831,0.0006213294529695476,0.015284117701499551,0.9321313253947691,0.0019078867427534628,4,2223,0.16922114022526372,0.003044543276750012,0.008904604280723694,0.8090951290406005,0.009734583176661975,4,0.11916579951725541,0.0024232138237804644,-0.006379513420775857,-0.12303619635416851,0.007826696433908513,0.17142042919270106,4,0.2958450794875821,0.5768002457016803,0.2809551662140982
tm398324,rui pires_1998,2122,0.34120076461196575,0.002154934064113752,0.04458526892916234,0.5963655009531708,0.015693531441587326,4,2223,0.4636580738459587,0.0011759038226575136,0.004993517677213262,0.51470699958777,0.01546550506640064,4,0.12245730923399295,-0.0009790302414562383,-0.03959175125194908,-0.08165850136540076,-0.0002280263751866865,0.15242168053621122,1,0.8922560822953866,0.7970917033772003,-0.0951643789181863
tm401534,arthur_1998,2122,0.00516467144139628,0.007899231341095431,0.728574075339024,0.25259670682794916,0.005765315050535001,3,2223,4.561129985619382e-05,6.40871682779499e-05,0.9990669762291822,0.000673103711545938,0.00015022159113745197,3,-0.005119060141540086,-0.007835144172817481,0.2704929008901582,-0.2519236031164032,-0.0056150934593975485,0.36975600806486636,3,0.6734400400896747,0.008245816569320896,-0.6651942235203538
tm410183,joao othavio basso_1997,2122,0.9970076421305578,4.9311656295193595e-05,0.0002629298655299413,0.0025363721965354115,0.00014374415108165986,1,2223,0.9989240854562587,1.212390160774001e-05,0.0001255525254311038,0.0008253402852356008,0.00011289783146662695,1,0.001916443325700845,-3.7187754687453584e-05,-0.0001373773400988375,-0.0017110319112998108,-3.084631961503291e-05,0.0025730605676471986,1,0.022076133448619896,0.0092262057418104,-0.012849927706809495
tm415525,kanya fujimoto_1999,2122,0.02099405884925332,0.14189711412994183,0.3622820169187821,0.45785248150216923,0.016974328599853473,4,2223,0.009069794839817463,0.00013863092870882338,0.01720334545530346,0.9723573319665215,0.0012308968096486096,4,-0.011924264009435857,-0.141758483201233,-0.34507867146347865,0.5145048504643523,-0.015743431790204862,0.6356352619875851,4,1.152889744947104,0.149280296252472,-1.003609448694632
tm426213,rodrigo conceicao_2000,2122,0.1593013548329024,0.008199956721997543,0.1052005310434819,0.16230399922145664,0.5649941581801615,5,2223,0.9217031160087517,0.0006482906241990116,0.00807988785075938,0.056328429531331964,0.013240275984957955,1,0.7624017611758492,-0.007551666097798532,-0.09712064319272251,-0.10597556969012467,-0.5517538821952036,0.7758715833243308,1,1.1866115497668688,0.3381289007509793,-0.8484826490158894
tm426620,pedro goncalves_1998,2122,0.018314609301929206,0.30332964747918123,0.0931968087343199,0.0706037344867653,0.5145551999978044,5,2223,0.006110645022677263,0.021370607103029713,0.8203419826197184,0.0488095453231027,0.10336721993147176,3,-0.012203964279251942,-0.2819590403761515,0.7271451738853985,-0.021794189163662596,-0.41118798006633267,0.7802979737126692,3,1.185316796236922,0.6577767648092622,-0.5275400314276598
tm426624,andre vidigal_1998,2122,0.0027296428178120607,0.008217739572092837,0.861181691579394,0.12410783484519658,0.0037630911855047098,3,2223,0.011301179930630635,0.4150660714813537,0.47568884858835375,0.08348074060390205,0.014463159395759878,3,0.008571537112818575,0.4068483319092609,-0.3854928429910402,-0.04062709424129453,0.010700068210255168,0.5620091896131507,2,0.4642467063580398,1.0376314755971092,0.5733847692390694
tm435497,fabio china_1992,2122,0.4311799466872417,0.003058985069439212,0.31893413976171603,0.23008742584756925,0.016739502634033787,1,2223,0.7884325148283219,0.0007745138700256619,0.005780572984460336,0.17780764558622653,0.027204752730965547,1,0.3572525681410802,-0.00228447119941355,-0.3131535667772557,-0.05227978026134272,0.01046525009693176,0.47794659540742573,1,1.1514313173902302,0.6278929291695493,-0.5235383882206809
tm443338,safira_1995,2122,0.00814798778535376,0.3311528460953209,0.560783481907249,0.03275387561299295,0.06716180859908338,3,2223,0.0032766698532297033,0.7995445747435014,0.015003852062372341,0.004280991538960256,0.17789391180193628,2,-0.004871317932124057,0.46839172864818046,-0.5457796298448767,-0.028472884074032694,0.1107321032028529,0.7197920885127388,3,1.0228995849005662,0.5911146125482718,-0.4317849723522944
tm445517,heriberto tavares_1997,2122,0.003557087659975109,0.015291135292356432,0.9293718806247818,0.036738339309571724,0.015041557113314737,3,2223,0.0722291204719742,0.0176087840459889,0.4381066728350966,0.1900841550702541,0.2819712675766862,3,0.0686720328119991,0.0023176487536324675,-0.49126520778968524,0.1533458157606824,0.2669297104633715,0.5192086894325144,3,0.3365646894100444,1.2950623187602404,0.9584976293501959
tm44699,vitorino antunes_1987,2122,0.16707505691783617,0.005876735378859097,0.19913261091716564,0.5579744300482596,0.06994116673787946,4,2223,0.45239204576546493,0.0017585991922458239,0.06920162900787022,0.4439296684520081,0.0327180575824108,1,0.2853169888476288,-0.004118136186613273,-0.12993098190929542,-0.11404476159625154,-0.03722310915546866,0.3336330482404118,1,1.1620902022139004,1.0272148716209466,-0.13487533059295376
tm448470,andre franco_1998,2122,0.014222602148216407,0.5183571684294077,0.2563882379715514,0.16027362307182988,0.050758368378994695,2,2223,0.027512869920762184,0.014410723704679515,0.6559196467492955,0.2891472501472411,0.01300950947802185,3,0.013290267772545777,-0.5039464447247282,0.39953140877774407,0.1288736270754112,-0.03774885890097285,0.6560277499646341,2,1.1947907391203934,0.8518350474429504,-0.342955691677443
tm450173,gaius makouta_1997,2122,1.759748673179014e-40,2.4892512594797777e-41,1.4157367977140239e-39,1.0,2.15327176656178e-41,4,2223,0.017827305502098042,0.0005060652903532565,0.04894224243672808,0.9301309768765321,0.002593409894288613,4,0.017827305502098042,0.0005060652903532565,0.04894224243672808,-0.06986902312346788,0.002593409894288613,0.0871498273693436,4,1.1052408446371418e-10,0.30610823537351595,0.30610823526299186
tm451317,kennedy boateng_1996,2122,0.9986892008694308,2.897870339979462e-05,0.00021943150915098414,0.0007542033969449434,0.00030818552107335075,1,2223,0.9407096697463815,0.0032441712297032734,0.01314343578555721,0.02819618980197867,0.014706533436379149,1,-0.05797953112304932,0.0032151925263034786,0.012924004276406225,0.027441986405033727,0.014398347915305799,0.06551378478320777,1,0.011375560011826324,0.29569773809073374,0.2843221780789074
tm454121,galeno_1997,2122,0.005946507701612213,0.32222645301569275,0.500674915805134,0.10956937294340781,0.061582750534153095,3,2223,0.028456032195786518,0.1228069592338552,0.5498818186827397,0.16542395804031207,0.13343123184730657,3,0.022509524494174305,-0.19941949378183754,0.04920690287760565,0.05585458509690426,0.07184848131315347,0.21404641356563675,2,1.1556969200550586,1.2540787749809776,0.098381854925919
tm461629,gustavo assuncao_2000,2122,0.13330989834361687,0.0032242491655575032,0.05491277580922477,0.7817901673650439,0.026762909316557105,4,2223,0.3409242438040931,0.005993975675256479,0.04913839747434529,0.5502763862378083,0.05366699680849699,4,0.20761434546047622,0.0027697265096989754,-0.005774378334879475,-0.23151378112723564,0.02690408749193989,0.3110359498882796,4,0.7358389474861194,1.031270453358845,0.2954315058727256
tm461937,nuno goncalo moreira_1999,2122,0.001574637967762013,0.00454264519966257,0.9627869332978435,0.024868977957156813,0.0062268055775751814,3,2223,0.027019783071514702,0.0464621010209152,0.547392872091066,0.3550691386055216,0.024056105210982483,3,0.02544514510375269,0.04191945582125263,-0.41539406120677747,0.33020016064836477,0.017829299633407302,0.5329062472553374,3,0.19467295298844722,1.02734348508661,0.8326705320981629
tm469952,kyosuke tagawa_1999,2122,0.003925991456383673,0.6844312503802031,0.0081709351848934,0.006288964093118213,0.2971828588854016,2,2223,0.014204567905501907,0.8953202342485361,0.06223799898451093,0.017220739240160533,0.01101645962129045,2,0.010278576449118233,0.210888983868333,0.054067063799617524,0.01093177514704232,-0.28616639926411114,0.21822594654764543,2,0.7130258677261694,0.45186043591524083,-0.26116543181092855
tm476701,manuel ugarte_2001,2122,0.18845220815977295,0.005175546827333294,0.12872209113007851,0.558177797891816,0.1194723559909992,4,2223,0.3362239256431151,0.006166937565208125,0.014272569953013176,0.5141752068404275,0.1291613599982361,4,0.14777171748334214,0.0009913907378748307,-0.11444952117706533,-0.044002591051388484,0.009689004007236907,0.1920218327703053,1,1.184946535937361,1.0648859688538999,-0.12006056708346113
tm478365,moura_1999,2122,0.030615137797860827,0.021778647353274026,0.48873022604341126,0.41808776001974907,0.04078822878570478,3,2223,0.9518015447395944,0.0005762157780004306,0.016287550588740995,0.027739656499243148,0.0035950323944211543,1,0.9211864069417336,-0.021202431575273597,-0.4724426754546703,-0.3903481035205059,-0.03719319639128363,1.106619927053434,1,1.0350747571323788,0.23805465915548762,-0.7970200979768912
tm478940,reggie cannon_1998,2122,0.9668842847512119,0.00026426756684045483,0.001580978636349904,0.028856022691725075,0.002414446353872548,1,2223,0.9994840332765718,9.696311912524694e-06,2.525150249416787e-05,0.0003655472629605271,0.00011547164606106327,1,0.03259974852535985,-0.00025457125492793015,-0.0015557271338557362,-0.02849047542876455,-0.0022989747078114844,0.04332361812582819,1,0.16179261180249643,0.004834998799012194,-0.15695761300348424
tm479636,henrique jocu_2001,2122,0.34552033395272846,0.004702054628434293,0.040521781959641665,0.5980104614769948,0.011245367982200728,4,2223,0.23277612783196597,0.00037594056430267117,0.00909325351322773,0.7531005887275947,0.004654089362908849,4,-0.1127442061207625,-0.004326114064131622,-0.03142852844641393,0.1550901272505999,-0.006591278619291879,0.19434678090364957,4,0.8802292984579506,0.6235567295455727,-0.2566725689123779
tm479643,alexandre penetra_2001,2122,0.9970404974492344,8.090709939473438e-05,0.00026657664811415434,0.002028134965105855,0.0005838838381509316,1,2223,0.767101936933801,0.0005309872515408951,0.0221359665180378,0.2015303387962813,0.008700770500339032,1,-0.22993856051543338,0.00045008015214616074,0.021869389869923647,0.19950220383117545,0.008116886662188101,0.30520705059161324,1,0.0228345472757686,0.6558341495304524,0.6329996022546838
tm481628,tiago araujo_2001,2122,0.3045233792393499,0.009601572027146003,0.2483693972485102,0.3464190896308984,0.09108656185409544,4,2223,0.1833251827642771,0.006813832150773952,0.4746537345853986,0.2995680338405866,0.035639216658963746,3,-0.12119819647507282,-0.0027877398763720513,0.2262843373368884,-0.04685105579031179,-0.0554473451951317,0.2609528637035629,3,1.3381055266518802,1.1786360364837463,-0.15946949016813394
tm487421,juan manuel boselli_1999,2122,0.0005711392007049849,0.9593566348745117,0.028737983830480675,0.004041568679508884,0.007292673414793562,2,2223,0.012133749912106891,0.058156338644233314,0.5685609837118689,0.30310490986187066,0.05804401786992025,3,0.011562610711401905,-0.9012002962302784,0.5398229998813883,0.2990633411823618,0.05075134445512669,1.092311045962689,2,0.20423768110610377,1.0670345931376668,0.8627969120315631
tm498237,david carmo_1999,2122,0.9953639967758507,0.0002781034990417599,0.0006524083295026732,0.002872978892245533,0.0008325125033592884,1,2223,0.9997496673533494,7.905663032198282e-06,2.6345112143281484e-05,0.00017996700120519264,3.611487027009878e-05,1,0.004385670577498613,-0.0002701978360095616,-0.0006260632173593917,-0.0026930118910403404,-0.0007963976330891896,0.005191471995719165,1,0.03440476466662057,0.002542185485892116,-0.031862579180728455
tm504090,paulo bernardo_2002,2122,0.027139437242404058,0.01231076934440639,0.49085761293627916,0.43744866115627845,0.032243519320632026,3,2223,0.04546439674072928,0.015928635901707018,0.3233867653361677,0.581391281380861,0.03382892064053481,4,0.018324959498325223,0.0036178665573006284,-0.16747084760011144,0.1439426202245826,0.001585401319902785,0.2216187171970361,3,0.9737335523330531,1.0014009026608517,0.027667350327798546
tm512913,stephen eustaquio_1996,2122,0.013009217528214321,0.0005886575391940114,0.052775770632620476,0.9312247122697265,0.0024016420302448503,4,2223,0.009517204447714417,0.0005575109620432789,0.087519021506105,0.8973122901495006,0.005093972934636566,4,-0.003492013080499904,-3.1146577150732496e-05,0.03474325087348452,-0.03391242212022583,0.0026923309043917153,0.04867587678493234,3,0.29695602598743415,0.3857833033601868,0.08882727737275264
tm513346,matheus costa_1995,2122,0.3584281163541388,0.16871957541295726,0.06857030976628047,0.1343515814260128,0.26993041704061077,1,2223,0.9986229946560731,1.2955015607514415e-05,8.004641809393453e-05,0.0011895446185619606,9.445929166368009e-05,1,0.6401948783019342,-0.16870662039734974,-0.06849026334818653,-0.13316203680745084,-0.2698359577489471,0.6787742262270545,1,1.4749393937836734,0.011162922820466003,-1.4637764709632075
tm514304,nelson_1998,2122,0.016318564526974683,0.49149819230953845,0.04652366830631165,0.04861467103909187,0.3970449038180834,2,2223,0.07962937325139556,0.1393493819343375,0.3764486100657035,0.3619701642271196,0.04260247052144391,3,0.06331080872442088,-0.35214881037520096,0.32992494175939185,0.3133554931880277,-0.3544424332966395,0.5788429626902789,2,1.0727482182206773,1.3461765099051983,0.273428291684521
tm517300,vitor tormena_1996,2122,0.9982635006176706,3.465509932476072e-05,0.00019944673613034064,0.0012504472307023524,0.000251950316171818,1,2223,0.9907312848774812,0.0002795129337768185,0.002012998817252547,0.005642304623997455,0.0013338987474918128,1,-0.007532215740189363,0.00024485783445205776,0.0018135520811222066,0.004391857393295103,0.0010819484313199948,0.008909074689878433,1,0.014236217258544192,0.062052452413114606,0.04781623515457041
tm518472,willyan_1995,2122,0.1787962120269612,0.0006823749670323105,0.01381705816966642,0.8034139212667353,0.0032904335696047225,4,2223,0.6642849037268683,0.015723945709665024,0.05463956363821198,0.229407685212034,0.035943901713220656,1,0.48548869169990716,0.015041570742632713,0.04082250546854556,-0.5740062360547012,0.03265346814361594,0.7530439260768975,4,0.5666022529870834,0.9531422899495192,0.3865400369624358
tm520662,pepe_1997,2122,0.04023373556708922,0.230548067101749,0.1600316272343271,0.5355745197892872,0.0336120503075475,4,2223,0.11351870709041408,0.006171163506608115,0.37512635564645735,0.47363374095349237,0.03155003280302809,4,0.07328497152332486,-0.22437690359514087,0.21509472841213026,-0.061940778835794796,-0.0020620175045194117,0.3252969169721573,2,1.2092568100824694,1.1091982223620585,-0.10005858772041099
tm524315,hidemasa morita_1995,2122,0.06853364448825552,0.0008360844216810622,0.015075885173988359,0.9129049182248761,0.002649467691199169,4,2223,0.14908201584972877,0.03477248802847674,0.21928308332570012,0.5193648385893793,0.07749757420671509,4,0.08054837136147325,0.03393640360679568,0.20420719815171176,-0.39354007963549675,0.07484810651551592,0.45190053515705725,4,0.3517704880970819,1.2717402003042952,0.9199697122072134
tm524929,kevin zohi_1996,2122,0.055819455999922496,0.032116281806932885,0.37545876120325133,0.49958053912433226,0.03702496186556103,4,2223,0.0039543503470488,0.012490413439694852,0.9434364150260545,0.0296348046445118,0.010484016542690223,3,-0.051865105652873694,-0.019625868367238033,0.5679776538228032,-0.46994573447982046,-0.026540945322870803,0.7392717852666811,3,1.1080471534645984,0.2836191631995552,-0.8244279902650431
tm526111,alex mendez_2000,2122,0.021545120289791934,0.0016793832141666126,0.5012659310170018,0.4715803276101964,0.003929237868843303,3,2223,0.004578681648684295,0.0003507022986865591,0.059233335286914546,0.9345017812918186,0.0013354994738959407,4,-0.01696643864110764,-0.0013286809154800536,-0.44203259573008724,0.4629214536816222,-0.0025937383949473625,0.6402958014853156,4,0.8158314291590135,0.26700555741480236,-0.5488258717442112
tm530032,quaresma_1996,2122,0.9881629598080793,0.00015666318313051564,0.003333547107216843,0.007406627160789924,0.0009402027407832592,1,2223,0.9239778962712996,0.0003341481272563563,0.005139211601794853,0.06757817083542315,0.0029705731642258046,1,-0.06418506353677977,0.00017748494412584068,0.0018056644945780099,0.06017154367463323,0.0020303704234425454,0.08799789187577803,1,0.07503789361773056,0.30219195724097975,0.2271540636232492
tm535958,ricardo matos_2000,2122,0.01666042803497016,0.5359046430540526,0.046419028371832365,0.024171255392359606,0.3768446451467853,2,2223,0.053226640534671174,0.6423221972921138,0.16529963464551134,0.06930997481006183,0.069841552717642,2,0.03656621249970102,0.10641755423806121,0.11888060627367897,0.04513871941770223,-0.30700309242914325,0.16979954736468386,3,1.0027758934101836,1.1088814624018815,0.10610556899169787
tm537602,joao mario lopes_2000,2122,0.9326876743225841,0.0008662925702936556,0.014305041704640907,0.04611990086507992,0.006021090537401334,1,2223,0.5530268559498922,0.0018107702591776602,0.12520440073251637,0.29573613417501077,0.024221838883403096,1,-0.37966081837269194,0.0009444776888840046,0.11089935902787547,0.24961623330993085,0.01820074834600176,0.4677073452600017,1,0.3045293923241696,1.0495776700353836,0.745048277711214
tm539135,leo andrade_1998,2122,0.999068236536082,1.559811880313116e-05,7.480335261747701e-05,0.000725871976871952,0.00011549001562540159,1,2223,0.9761800467532744,0.0007171416136866501,0.005143509405118273,0.0119198662805111,0.006039435947409704,1,-0.0228881897828076,0.0007015434948835189,0.005068706052500796,0.011193994303639147,0.005923945931784302,0.025987664079820554,1,0.008108427353359014,0.13949044308811206,0.13138201573475305
tm539183,anderson jesus_1995,2122,0.9999703367999412,6.574675101176718e-07,2.7743520231170746e-06,2.086552605912205e-05,5.365854466601482e-06,1,2223,0.9064469084484313,0.0074261960381682675,0.029027614885328103,0.02663295836367449,0.030466322264397678,1,-0.09352342835150984,0.00742553857065815,0.029024840533304987,0.02661209283761537,0.030460956409931076,0.1017468187555069,1,0.00036451327886040716,0.43110855807737847,0.4307440447985181
tm544784,zaidu sanusi_1997,2122,0.8858241029302328,0.006567535463093534,0.0423973201446636,0.0506599916056241,0.014551049856385964,1,2223,0.9364446288336723,0.0010661690439286147,0.012291527154225702,0.04328518401374656,0.006912490954426777,1,0.05062052590343946,-0.0055013664191649195,-0.0301057929904379,-0.007374807591877544,-0.007638558901959187,0.05961081473876209,1,0.48705613171838724,0.29315533675984473,-0.1939007949585425
tm54716,steven vitoria_1987,2122,0.7930246585042864,0.008658877325193822,0.0365347101659499,0.1543484557620605,0.007433298242509188,1,2223,0.9751034319691475,0.0010312708327373,0.0072415579740626205,0.014336360745564457,0.002287378478488396,1,0.18207877346486112,-0.007627606492456522,-0.029293152191887276,-0.14001209501649603,-0.005145919764020792,0.23167290658063008,1,0.6707801022447557,0.14212714971007956,-0.5286529525346761
tm54781,nicolas otamendi_1988,2122,0.9982326631053747,2.959086980754327e-05,0.00018907661919352603,0.0012262030895375713,0.0003224663160867675,1,2223,0.950329427175557,0.0002937919376001168,0.0018433628842339394,0.04401326726658425,0.0035201507360248904,1,-0.04790323592981771,0.0002642010677925735,0.0016542862650404133,0.042787064177046676,0.003197684419938123,0.06425153180033465,1,0.014508103008408161,0.219762738001682,0.20525463499327384
tm548658,mohamed aidara_1996,2122,0.9969301755811767,9.022899577443177e-05,0.0003366938726246667,0.0023124880250171387,0.0003304135254070919,1,2223,0.9935159345513005,0.00019537544904946018,0.0010419734787839904,0.0032522522952660145,0.0019944642255999056,1,-0.003414241029876197,0.0001051464532750284,0.0007052796061593238,0.0009397642702488758,0.0016640507001928137,0.0036122948098441586,1,0.02328154844729377,0.04631704303441421,0.02303549458712044
tm549006,goncalo inacio_2001,2122,0.8844258436115054,0.00925906384886,0.0190992948394132,0.07258731068810235,0.014628487012119015,1,2223,0.9881648744805372,8.242202555394861e-05,0.0014198632963682565,0.009254096711991743,0.0010787434855487564,1,0.1037390308690318,-0.009176641823306051,-0.017679431543044945,-0.06333321397611061,-0.013549743526570259,0.12316515567735953,1,0.4797677146458029,0.0725541879381229,-0.40721352670768
tm549013,helder sa_2002,2122,0.9986042607415764,1.7660235948479566e-05,0.00023824440997532542,0.0008940782434937042,0.0002457563690061376,1,2223,0.40842098269256527,0.001106200131797374,0.0382005229894998,0.5398473482471143,0.012424945939023236,4,-0.590183278049011,0.0010885398958488943,0.03796227857952448,0.5389532700036206,0.012179189570017098,0.8001432674529768,1,0.011894226970497072,0.8852945383095434,0.8734003113390464
tm550550,goncalo ramos_2001,2122,0.0004372613849453783,0.9855702086241842,0.0066979342580853005,0.0032489414035003546,0.0040456543292850256,2,2223,0.004942023186897715,0.7785133114142468,0.020530584533382946,0.005857628775655824,0.19015645208981666,2,0.0045047618019523365,-0.20705689720993736,0.013832650275297646,0.00260868737215547,0.18611079776053163,0.20758371570174583,2,0.09214352824996638,0.646686861525191,0.5545433332752245
tm552628,hernan de la fuente_1997,2122,0.3549043968773163,0.002197692266641505,0.030784173248131687,0.6072145736303812,0.004899163977529307,4,2223,0.9020189654281086,0.0007962044434315443,0.0034725418142584376,0.08557546513579903,0.008136823178402381,1,0.5471145685507923,-0.0014014878232099608,-0.02731163143387325,-0.5216391084945822,0.0032376592008730738,0.7564321516244802,1,0.8172308063708158,0.3678861054593104,-0.4493447009115054
tm553062,vitor carvalho_1997,2122,0.13373550512680105,0.0008146746609562305,0.02200747411337616,0.8382546186012432,0.005187727497623423,4,2223,0.06121132765604741,0.0013463576455912051,0.008152394202898879,0.9249590659227958,0.004330854572666805,4,-0.07252417747075364,0.0005316829846349746,-0.013855079910477283,0.08670444732155258,-0.0008568729249566181,0.11388443014419099,4,0.5340357001991852,0.31481814694535076,-0.21921755325383446
tm553875,pedro porro_1999,2122,0.01737920535993024,0.025470438095655065,0.38455459156908683,0.48774359185474625,0.08485217312058173,4,2223,0.013130309262539826,0.018098590920178854,0.4778011333371816,0.17584461920426966,0.3151253472758301,3,-0.004248896097390414,-0.007371847175476211,0.09324654176809477,-0.3118989726504766,0.23027317415524834,0.3256505549526314,4,1.0909187110992073,1.151933749283164,0.061015038183956705
tm56036,luis neto_1988,2122,0.9957446561103177,7.359352546004971e-05,0.0003890318362234624,0.0032748886832705227,0.0005178298447281816,1,2223,0.9985893337320026,3.44328803970458e-05,0.0001953821436162508,0.0010349818452400012,0.000145869398744061,1,0.0028446776216849434,-3.916064506300391e-05,-0.0001936496926072116,-0.0022399068380305216,-0.00037196044598412063,0.0036260732444256573,1,0.03065629463035862,0.011834441518670687,-0.018821853111687933
tm560903,patrick_1997,2122,0.9993587683823549,8.703949052158541e-06,8.200030380179394e-05,0.0005060676442309502,4.445972055998533e-05,1,2223,0.9771368669394461,0.00027945642877552266,0.0016820956117235115,0.019168283007102896,0.001733298012952,1,-0.02222190144290881,0.00027075247972336414,0.0016000953079217176,0.018662215362871947,0.0016888382923920147,0.029064149701793718,1,0.00579995962394279,0.12245198398580075,0.11665202436185795
tm561217,oday dabbagh_1998,2122,0.003047969483021691,0.7887788735118076,0.03268067547998742,0.020792052688298368,0.1547004288368849,2,2223,0.007400064034917649,0.5791673229099529,0.021432182158189036,0.0054448018014187525,0.38655562909552166,2,0.0043520945518959585,-0.20961155060185477,-0.011248493321798381,-0.015347250886879615,0.23185520025863676,0.21051843051024757,2,0.6858537848540966,0.8307853177817761,0.14493153292767946
tm565232,andre silva_1997,2122,0.0006830436063016575,0.9704183253229294,0.018356446776340588,0.007461432782075532,0.003080751512352797,2,2223,0.0026349490641046315,0.9609466287592534,0.028354436756550964,0.0033882163688921598,0.004675769051198809,2,0.001951905457802974,-0.009471696563675969,0.009997989980210377,-0.004073216413183372,0.0015950175388460119,0.01449392515171669,3,0.16186421684187302,0.19931290516780226,0.037448688325929236
tm567497,filipe relvas_1999,2122,0.6822252811679883,0.0011281091547877555,0.010397961519562788,0.3027258336833438,0.0035228144743173723,1,2223,0.9729802449451536,0.00021915067471328317,0.0028811291037075196,0.020410833421944847,0.003508641854480723,1,0.29075496377716525,-0.0009089584800744723,-0.007516832415855268,-0.282315000261399,-1.417261983664925e-05,0.40533632616475535,1,0.6976491887731698,0.14461658836838387,-0.553032600404786
tm57723,ivan marcano_1987,2122,0.970294258865577,0.0008643781490583286,0.00416342548594789,0.022743608840627778,0.001934328658789121,1,2223,0.9391583708262171,0.004902460986696076,0.021924769778606128,0.020042307032601056,0.01397209137587973,1,-0.03113588803935985,0.0040380828376377475,0.017761344292658236,-0.0027013018080267216,0.01203776271709061,0.03617336063380852,1,0.15631391634708094,0.306813215697707,0.15049929935062603
tm577590,pedro brazao_2002,2122,0.03730949456745798,0.07601596887738664,0.1511200664862087,0.6164094339966696,0.11914503607227701,4,2223,0.2868233070343146,0.030061104313022932,0.11600266829685146,0.524999272229628,0.04211364812618304,4,0.2495138124668566,-0.04595486456436371,-0.035117398189357246,-0.09141016176704164,-0.07703138794609397,0.27195227801719424,1,1.155856772603029,1.1851242754152136,0.029267502812184487
tm581121,tiago esgaio_1995,2122,0.6441464613773951,0.0006351399533220123,0.0093675238014987,0.3439938455385135,0.0018570293292706074,1,2223,0.9498919434889606,0.00014125995828204434,0.004086037083652674,0.04375185092838977,0.0021289085407148866,1,0.3057454821115655,-0.000493879995039968,-0.005281486717846026,-0.3002419946101237,0.00027187921144427923,0.4285483557062137,1,0.7105062781110344,0.2225639146601815,-0.4879423634508529
tm58267,andre castro_1988,2122,0.011076788954062635,0.0005302826893130701,0.0156530939502793,0.9711860711413592,0.001553763264985652,4,2223,0.09213844001386448,0.006967437954073816,0.09366404840723096,0.7735295209020517,0.03370055272277907,4,0.08106165105980184,0.006437155264760746,0.07801095445695166,-0.1976565502393075,0.032146789457793416,0.22752197500072863,4,0.15739149104190606,0.7889935927938583,0.6316021017519522
tm585264,pedrao_1997,2122,0.998393353285587,2.1489114543322195e-05,0.00018264131467479817,0.0012575671740046007,0.00014494911119041125,1,2223,0.9994364487469838,1.046880538022013e-05,5.2482694429650044e-05,0.00046066963959336116,3.9930113612753725e-05,1,0.0010430954613968035,-1.1020309163102065e-05,-0.0001301586202451481,-0.0007968975344112395,-0.00010501899757765751,0.0013191499291496376,1,0.013088475511685991,0.005144331353555685,-0.007944144158130306
tm586855,loreintz rosier_1998,2122,0.004002208878049388,0.0018941150510976648,0.044679153722682864,0.9485822593926972,0.00084226295547288,4,2223,0.05751805608799124,0.000367381948248854,0.003669669503855503,0.933251894084497,0.005192998375407321,4,0.05351584720994185,-0.0015267331028488108,-0.04100948421882736,-0.0153303653082002,0.004350735419934441,0.06915977669818124,1,0.22887926861188052,0.2795223431211043,0.050643074509223784
tm58965,ruben lima_1989,2122,0.7388198554413106,0.007282742863836221,0.04386803318536637,0.17426147408244097,0.03576789442704582,1,2223,0.934142956171914,0.0010284413819799285,0.01551237888098797,0.03704912189122,0.012267101673898072,1,0.19532310073060344,-0.006254301481856293,-0.0283556543043784,-0.13721235219122097,-0.023500792753147745,0.2404610211467141,1,0.8202471946509157,0.3114222510213241,-0.5088249436295915
tm590302,kiko bondoso_1995,2122,0.004893695969592642,0.23334280524842527,0.6388820455606029,0.1107448569119697,0.012136596309409565,3,2223,0.011301631234468663,0.006660869935386077,0.8190210683074356,0.15708494944620421,0.005931481076505345,3,0.0064079352648760204,-0.22668193531303918,0.1801390227468327,0.04634009253423452,-0.00620511523290422,0.29329717544478506,2,0.949084576745911,0.5687307345733039,-0.38035384217260704
tm594546,ze uilton_1992,2122,0.026534846182989395,0.006745244888528131,0.10958052495124036,0.8515698623853895,0.005569521591852645,4,2223,0.010657125074149648,0.0045458868415707695,0.40093179518572036,0.5808847644274409,0.0029804284711184184,4,-0.015877721108839747,-0.002199358046957362,0.29135127023448,-0.2706850979579486,-0.0025890931207342266,0.3980112110571485,3,0.5380479767984401,0.772226734236249,0.23417875743780892
tm595012,ibrahima camara_1999,2122,0.009801467652995105,0.0021636153665859025,0.339604867781369,0.6395759067296698,0.008854142469380145,4,2223,0.001593457812606058,4.1674195568273104e-05,0.01654569013475624,0.9815360727815168,0.00028310507555259464,4,-0.008208009840389047,-0.0021219411710176293,-0.32305917764661274,0.341960166051847,-0.00857103739382755,0.47050596328610506,4,0.7530845892430236,0.0991547091503852,-0.6539298800926384
tm596884,adrian butzke_1999,2122,0.0029515692775226856,0.9061644602707559,0.05826617302388146,0.020349570436586216,0.012268226991253838,2,2223,0.010618946385398037,0.8020688546887851,0.12986241076982427,0.020262266624480715,0.03718752153151181,2,0.007667377107875351,-0.10409560558197084,0.07159623774594281,-8.730381210550128e-05,0.024919294540257972,0.12657295388241827,2,0.4053624514448665,0.6916705034667904,0.2863080520219239
tm597087,lucas africo_1995,2122,0.9972654953768139,6.776542314270321e-05,0.0003930616233453731,0.002070142112528507,0.00020353546416942257,1,2223,0.9997877701039208,6.497220995832319e-06,3.209621732654323e-05,0.00014994489214185816,2.3691565614896144e-05,1,0.0025222747271069768,-6.12682021468709e-05,-0.00036096540601882987,-0.0019201972203866488,-0.00017984389855452642,0.0031910933833280146,1,0.02098723221097611,0.002194528937234617,-0.018792703273741492
tm610335,ivan jaime pajuelo_2000,2122,0.005809779414193542,0.11469995192899494,0.764245646314292,0.09000521983678139,0.02523940250573815,3,2223,0.0058710289896249926,0.1015042904414299,0.7824745918877203,0.04537831944655445,0.06477176923467036,3,6.124957543145095e-05,-0.013195661487565041,0.018228945573428246,-0.04462690039022694,0.039532366728932206,0.0499798352214485,4,0.7933520511373665,0.7719220250619452,-0.021430026075421327
tm617679,ze carlos_1998,2122,0.9668985273181465,0.0005532326117712717,0.006330918266291843,0.023340330202177538,0.0028769916016127928,1,2223,0.6672455795943381,0.002358193980874599,0.07534557619641816,0.19919337139753898,0.05585727883083018,1,-0.29965294772380846,0.0018049613691033274,0.06901465793012632,0.17585304119536144,0.05298028722921739,0.3542350378943072,1,0.1732819290070308,0.9615913030922889,0.7883093740852581
tm631112,matheus bueno_1998,2122,0.003486684137246947,0.0076058717664668546,0.7891398906949255,0.19681068935179558,0.0029568640495648713,3,2223,0.021439999375780915,0.00023688116705605525,0.011498543075431845,0.9654578618927093,0.0013667144890218948,4,0.017953315238533968,-0.007368990599410799,-0.7776413476194937,0.7686471725409137,-0.0015901495605429765,1.093581805322817,3,0.5808537917802642,0.17866027380130925,-0.402193517978955
tm637782,andre amaro_2002,2122,0.9991019624696791,2.2896581020441126e-05,8.164984195515297e-05,0.0006555516587221284,0.00013793944862320012,1,2223,0.9899332690275408,8.064684806029678e-05,0.0007167498534358838,0.00852383813385396,0.0007454961371089922,1,-0.009168693442138331,5.775026703985565e-05,0.0006351000114807308,0.007868286475131832,0.0006075566884857921,0.012098824678809877,1,0.007942166329128654,0.06194965228990379,0.054007485960775134
tm63837,andre andre_1989,2122,0.11188017505469802,0.005254655235036874,0.3280626011647398,0.5183167931177005,0.03648577542782481,4,2223,0.36708049970075585,0.011586727060631975,0.03061655510437781,0.5585308349083897,0.03218538322584466,4,0.2552003246460578,0.006332071825595101,-0.29744604606036196,0.040214041790689214,-0.004300392201980148,0.3940287049278822,3,1.0996962457758914,0.9621773995241998,-0.13751884625169164
tm64339,pizzi_1989,2122,0.005236057352109757,0.016168632535663446,0.02125729749928541,0.01668568928998232,0.9406523233229591,5,2223,0.01859175684454651,0.020238490123433216,0.5850877258445469,0.3239548200761066,0.052127207111366834,3,0.013355699492436753,0.00406985758776977,0.5638304283452615,0.3072691307861243,-0.8885251162115922,0.6422725349193895,3,0.3019028629289317,0.9857589773932699,0.6838561144643382
tm645588,tomas handel_2000,2122,0.1373690868470023,0.0024784721594334493,0.03789956894907203,0.8152708168757199,0.006982055168772345,4,2223,0.09618240880260348,0.005512967232993388,0.06590394601318401,0.8044299117195136,0.027970766231705482,4,-0.04118667804439882,0.003034495073559939,0.028004377064111984,-0.010840905156206282,0.020988711062933138,0.05106193267042724,1,0.6127671520646535,0.7082138234944878,0.09544667142983432
tm646677,riccieli_1998,2122,0.9915696474617074,0.00029248521685704414,0.001165763816595061,0.006354203995989687,0.0006178995088506861,1,2223,0.996176903054075,3.7995397142927246e-05,0.00028362471588103333,0.0031241761103387006,0.0003773007225624513,1,0.004607255592367632,-0.0002544898197141169,-0.0008821391007140277,-0.003230027885650986,-0.0002405987862882348,0.005701124336201805,1,0.055358103084266336,0.02751524035236157,-0.027842862731904765
tm651205,luquinha_2000,2122,0.030450334486713672,0.2761634167036413,0.34697627312105433,0.2318064554973244,0.11460352019126632,3,2223,0.006768185475976144,0.0010642676866064698,0.07791627998504849,0.9124958158914142,0.0017554509609548513,4,-0.02368214901073753,-0.27509914901703486,-0.2690599931360058,0.6806893603940898,-0.11284806923031147,0.7822861824369174,4,1.4160826757687697,0.33464500979346673,-1.0814376659753029
tm657387,fabiano souza_2000,2122,0.4287071635006131,0.0027599932113434988,0.14757419302855818,0.3964396928148889,0.024518957444596194,1,2223,0.846443590551339,0.001217117549166004,0.01068599202278387,0.10782949612394736,0.03382380375276388,1,0.4177364270507259,-0.0015428756621774947,-0.1368882010057743,-0.2886101966909415,0.009304846308167684,0.5258710185577796,1,1.119464571112389,0.5524879412651927,-0.5669766298471962
tm667121,rodrigo gomes_2003,2122,0.14797863727143754,0.10636624930731142,0.26172805125952153,0.42208608546264315,0.061840976699086454,4,2223,0.03877185437659365,0.1426115724208737,0.3609691394428855,0.3558538242046211,0.10179360955502592,3,-0.1092067828948439,0.03624532311356227,0.09924108818336397,-0.06623226125802206,0.03995263285593947,0.16575690300261167,1,1.4081104969645333,1.3718392338459082,-0.03627126311862505
tm671657,ricardinho_1998,2122,0.008465032705730917,0.5716949926477032,0.22052161459670636,0.19139226201355458,0.007926098036304922,2,2223,0.06153343392110343,0.0132537538807887,0.43859655308767265,0.4721995021412005,0.014416756969234664,4,0.05306840121537251,-0.5584412387669144,0.2180749384909663,0.2808072401276459,0.006490658932929742,0.6641402391581358,2,1.0482292590765288,1.0057832002530902,-0.04244605882343855
tm673492,morato_2001,2122,0.997253019825545,6.0398671404434463e-05,0.00044684221639083546,0.0019811387929996264,0.00025860049366009305,1,2223,0.9851942704806332,0.001125038866142748,0.003254407806213005,0.007059403140243591,0.003366879706767481,1,-0.012058749344911801,0.0010646401947383135,0.0028075655898221696,0.005078264347243964,0.003108279213107388,0.013424533058147904,1,0.02124345133404531,0.09511318689563278,0.07386973556158746
tm68275,claudemir de souza_1988,2122,0.18265113996728427,0.003337095061890414,0.04182744506177839,0.7655305788102619,0.00665374109878516,4,2223,0.0839032078920352,0.0008783904679814749,0.01657657934428709,0.8936482871065036,0.004993535189192886,4,-0.09874793207524907,-0.002458704593908939,-0.025250865717491303,0.1281177082962417,-0.0016602059095922744,0.16373439686266833,4,0.7002299303927506,0.4090097792235393,-0.2912201511692113
tm685807,luis santos_2000,2122,0.034337628767579446,0.025778469389494643,0.5284658403700528,0.39042809681050433,0.020989964662368896,3,2223,0.24686813858643677,0.08857672026158254,0.1977441108819715,0.3039075701757077,0.16290346009430154,4,0.21253050981885732,0.0627982508720879,-0.3307217294880813,-0.08652052663479665,0.14191349543193266,0.4074009104079264,3,0.9954176475393351,1.5381117040487584,0.5426940565094233
tm685887,matchoi djalo_2003,2122,0.004171978083267314,0.010427483155803791,0.8202935510376504,0.11444859928045518,0.05065838844282324,3,2223,0.029880457414905706,0.10708996723737955,0.5391409613584405,0.18092108622578676,0.14296752776348753,3,0.025708479331638393,0.09666248408157577,-0.28115258967921,0.06647248694533157,0.09230913932066429,0.3057285265433856,3,0.6321164757543909,1.2646258863732793,0.6325094106188884
tm690273,bernardo vital_2000,2122,0.8728308014065876,0.015382257183189765,0.02314789950648354,0.06834843531233165,0.0202906065914074,1,2223,0.9992952769302018,1.1400509495977433e-05,8.587314603194485e-05,0.0005451342893448719,6.231512492558825e-05,1,0.12646447552361417,-0.015370856673693789,-0.023062026360451595,-0.06780330102298678,-0.020228291466481814,0.14614606219057005,1,0.5325750235099223,0.006338049196651359,-0.5262369743132709
tm701979,geny catamo_2001,2122,0.011409651986131657,0.01631849110787485,0.12542001405358966,0.06966570980219444,0.7771861330502094,5,2223,0.03790796103941486,0.21199322266650744,0.3055877846482037,0.14067377833617875,0.3038372533096952,3,0.026498309053283202,0.1956747315586326,0.18016777059461403,0.07100806853398431,-0.47334887974051426,0.27657427991624006,2,0.760081890263389,1.4530365697271532,0.6929546794637642
tm70359,david simao_1990,2122,0.009603019555111983,0.0033262521840614584,0.2889566329959676,0.6777636583296363,0.020350436935222736,4,2223,0.0036678840195457792,2.1231037842453123e-05,0.001853332638498248,0.9941712704143733,0.00028628188974033506,4,-0.005935135535566204,-0.0033050211462190052,-0.28710330035746934,0.316407612084737,-0.0200641550454824,0.4273034414323376,4,0.7652038823663069,0.04060469421506177,-0.7245991881512451
tm711337,evanilson_1999,2122,0.00269081797689432,0.7666702871276562,0.01909783983728663,0.00881009728984214,0.20273095776832084,2,2223,0.00330335425059453,0.9118626762348706,0.03874024763541879,0.004358961118285707,0.041734760760830276,2,0.00061253627370021,0.14519238910721444,0.01964240779813216,-0.004451136171556432,-0.16099619700749057,0.14658390720905629,2,0.6604412986331957,0.3852054089506398,-0.27523588968255586
tm71830,bruno wilson_1996,2122,0.9867331705666152,0.0001498959355971139,0.0021004173165810667,0.010095722603268692,0.0009207935779379736,1,2223,0.9722279774551856,0.0006581423600682897,0.007318561678552531,0.015426020439210758,0.004369298066982941,1,-0.014505193111429615,0.0005082464244711757,0.005218144361971464,0.005330297835942067,0.003448504489044967,0.016318702375804156,1,0.08028166719359321,0.15628402309712047,0.07600235590352726
tm729140,miguel maga_2002,2122,0.9471094530776437,0.0005153705822606823,0.007936385450761908,0.03735789956124098,0.007080891328092505,1,2223,0.39262442484204774,0.00016746220032640973,0.008113932860166515,0.5929705853055104,0.006123594791948893,4,-0.554485028235596,-0.0003479083819342726,0.00017754740940460756,0.5556126857442694,-0.000957296536143612,0.7849581235076906,4,0.2516071293117113,0.7486792626486549,0.4970721333369436
tm75442,nicolas gaitan_1988,2122,0.020385261505253573,0.4738535232743242,0.09414054058650892,0.07186998828273743,0.33975068635117583,2,2223,1.0736588552590888e-41,1.1139218167331302e-41,1.0,3.1117738219349066e-40,1.5645705669422346e-41,3,-0.020385261505253573,-0.4738535232743242,0.9058594594134911,-0.07186998828273743,-0.33975068635117583,1.0250362802509925,3,1.2117122275921095,1.1052408446371418e-10,-1.2117122274815855
tm798687,antony_2001,2122,0.008802098746603494,0.21243114144123568,0.6546794962272322,0.08817970968068764,0.035907553904240885,3,2223,0.044397520758322956,0.04447153832766659,0.5511014809822576,0.3452901629789671,0.014739296952785707,3,0.03559542201171946,-0.16795960311356908,-0.10357801524497456,0.2571104532982794,-0.02116825695145518,0.3260546775980908,4,0.9816629548909694,1.0344116275669,0.05274867267593053
tm813109,bruno marques_1999,2122,0.0021719813206086454,0.03253868507634526,0.014254377143811,0.004585115763120558,0.9464498406961146,5,2223,0.004220029175679028,0.0886865595917011,0.004468028372213033,0.003179612751805109,0.8994457701086017,5,0.0020480478550703824,0.05614787451535584,-0.009786348771597966,-0.0014055030113154488,-0.04700407058751288,0.05704845636476922,2,0.2621460078387033,0.3757126875326212,0.11356667969391793
tm818252,pedro malheiro_2001,2122,0.7262558713324848,0.0015403134344301457,0.03457688486562735,0.20131131155307963,0.036315618814378024,1,2223,0.23109003382976678,0.00029301720556865104,0.016051528531063185,0.7426534461759745,0.00991197425762695,4,-0.49516583750271803,-0.0012472962288614946,-0.018525356334564164,0.5413421346228948,-0.026403644556751073,0.7338836814666515,4,0.8016932543108611,0.6739352687750146,-0.1277579855358465
tm836336,nuno lima_2001,2122,0.9949222238552968,0.00019578769086091443,0.0007905772569370346,0.0036069318535338233,0.00048447934337123195,1,2223,0.992746623515262,0.0002590081492733055,0.0014962885465849226,0.0038888242534041366,0.0016092555354756467,1,-0.0021756003400348334,6.322045841239106e-05,0.0007057112896478881,0.00028189239987031324,0.0011247761921044147,0.002305368824149985,1,0.036369865460586764,0.05103138658288628,0.014661521122299515
tm836546,luis bastos_2001,2122,0.9423510579594542,0.0007582832145863094,0.008397185665195497,0.02849397878392969,0.01999949437683428,1,2223,0.9869595007594243,0.00015515263994890448,0.0013614371048984576,0.010653877715044308,0.0008700317806839668,1,0.044608442799970116,-0.0006031305746374049,-0.007035748560297039,-0.017840101068885384,-0.019129462596150313,0.04855973537283781,1,0.28116191244242594,0.07781958786314318,-0.20334232457928275
tm840674,ibrahima bamba_2002,2122,0.30059723399264604,0.004921853519450634,0.12991710455965982,0.49342051703237844,0.071143290895865,4,2223,0.6387967255332171,0.0008069392572827398,0.0042036860582861475,0.34630603935848125,0.009886609792732747,1,0.33819949154057105,-0.004114914262167894,-0.12571341850137369,-0.14711447767389718,-0.06125668110313226,0.38966955453339036,1,1.1891955687887037,0.7279142232978765,-0.4612813454908272
tm9335,rui fonte_1990,2122,0.0010326577993265329,0.9235226375415413,0.05249232809681622,0.020713293161115788,0.0022390834012000547,2,2223,0.17630230984417775,0.47654362752032864,0.21495444611695022,0.10598500858939156,0.026214607929151923,2,0.1752696520448512,-0.44697901002121265,0.162462118020134,0.08527171542827577,0.023975524527951868,0.5139794660987298,2,0.3292423208637899,1.3229880808327263,0.9937457599689364
tm95429,osama rashid_1992,2122,0.008497214401064278,0.0017390733846779803,0.1500743456436687,0.8375754248809636,0.0021139416896254776,4,2223,0.026594701099668168,0.05051720042905971,0.7530322199215101,0.13475547337719587,0.03510040517256622,3,0.01809748669860389,0.04877812704438173,0.6029578742778414,-0.7028199515037677,0.032986463482940744,0.9274809470216494,4,0.49767568752703434,0.8485316174448108,0.3508559299177764
tm99499,rafael martins_1989,2122,0.009027275307826436,0.8915057088140607,0.050433670526088464,0.015408353976361741,0.03362499137566272,2,2223,0.0007214760238080861,0.9890138993521224,0.006275774742180075,0.0010212499437683386,0.0029675999381209937,2,-0.00830579928401835,0.0975081905380617,-0.04415789578390839,-0.014387104032593403,-0.03065739143754173,0.1083223986360186,2,0.47389873234389773,0.07227416853409455,-0.40162456380980316
alemao_2002,alemao_2002,2223,0.9980982913696222,2.1786221035213337e-05,8.380059493779698e-05,0.0013616021875966413,0.0004345196268080059,1,2324,0.9993193233197991,5.847889694052673e-05,7.27023177341802e-05,0.0004712881132178435,7.820735230829971e-05,1,0.0012210319501768652,3.6692675905313395e-05,-1.1098277203616772e-05,-0.0008903140743787977,-0.0003563122744997062,0.0015116374229992042,1,0.015269472931161897,0.006292846511781298,-0.008976626419380598
carlos ponck_1995,carlos ponck_1995,2223,0.9916477789899707,9.137351180510655e-05,0.0006961337679008428,0.006571926435514137,0.0009927872948092165,1,2324,0.9984487273943654,7.15966148474981e-05,0.00013638788437995877,0.0011344868380762767,0.00020880126833076684,1,0.006800948404394713,-1.9776896957608456e-05,-0.000559745883520884,-0.005437439597437861,-0.0007839860264784496,0.008725385673699246,1,0.05411664747674659,0.012910289208572063,-0.04120635826817453
daniel bandeira_2000,daniel bandeira_2000,2223,0.02812036179813299,0.00016113208611141282,0.002182920908999873,0.9682019017289489,0.0013336834778067725,4,2324,0.06821573584483968,0.00845755635521182,0.39899781919266747,0.48652755139585274,0.03780133721142843,4,0.0400953740467067,0.008296424269100407,0.3968148982836676,-0.4816743503330962,0.03646765373362165,0.6254188300205599,4,0.15532315507584793,1.0644683715082717,0.9091452164324237
danny loader_2000,danny loader_2000,2223,0.007712018043869796,0.08949312550573811,0.05100785494997917,0.023588644329279193,0.8281983571711338,5,2324,0.010268450655201752,0.07902317480564162,0.06437557234499687,0.02347969830116554,0.8228531038929943,5,0.0025564326113319564,-0.010469950700096486,0.0133677173950177,-0.00010894602811365242,-0.005345253278139506,0.017171573979948167,3,0.6498106807337586,0.6726862172774292,0.022875536543670583
fabio conceicao_2001,fabio conceicao_2001,2223,0.02141029248512072,0.0047596596123714386,0.6865410828999887,0.28196705015182044,0.005321914850698654,3,2324,0.05548409305354376,0.0072253709600033945,0.16501519823825725,0.7630194113978117,0.009255926350383898,4,0.03407380056842304,0.002465711347631956,-0.5215258846617314,0.48105236124599127,0.003934011499685244,0.7103293083142296,3,0.7507775859982315,0.7430901195835133,-0.00768746641471818
goncalo rodrigues_1997,goncalo rodrigues_1997,2223,0.002035204886121935,0.0003242132885289265,0.041234422837972275,0.955558349602133,0.0008478093852438461,4,2324,0.017356730059073067,0.004018522806908753,0.08537240127907543,0.8885504145403254,0.004701931314617532,4,0.015321525172951132,0.0036943095183798267,0.044137978441103155,-0.06700793506180769,0.003854121929373686,0.08177176504489608,4,0.19612805189583454,0.43280436400872313,0.2366763121128886
hector_1995,hector_1995,2223,0.01271599348251833,0.8331619331058802,0.0651872375521735,0.008548899903879702,0.08038593595554853,2,2324,0.0007307024490553049,0.9901547873993436,0.0063163129489373715,0.0006381548736928424,0.0021600423289710605,2,-0.011985291033463024,0.15699285429346344,-0.058870924603236126,-0.00791074503018686,-0.07822589362657748,0.16828181467686276,2,0.628927591625907,0.06501547763510991,-0.563912113990797
mihai dobre_1998,mihai dobre_1998,2223,0.01573010843999607,0.014663207944734675,0.5978672202696766,0.3318499423494037,0.039889520996188914,3,2324,0.03715786960656008,0.09434255873971492,0.6060732915613593,0.2081500309667185,0.05427624912564725,3,0.021427761166564013,0.07967935079498024,0.008206071291682604,-0.12369991138268518,0.014386728129458334,0.14891929214795901,4,0.9293274835331515,1.133398833238424,0.2040713497052724
nonoca_1998,nonoca_1998,2223,0.04996267813284914,0.004414614737528249,0.01216359078098747,0.9177387648466859,0.01572035150194907,4,2324,0.032243968740822915,0.0011337661383978297,0.00573879295115572,0.9546058357259891,0.006277636443634445,4,-0.017718709392026223,-0.0032808485991304196,-0.00642479782983175,0.03686707087930319,-0.009442715058314625,0.04153523290440623,4,0.37134931214761496,0.22422428076378723,-0.14712503138382774
ricardo guimaraes_1995,ricardo guimaraes_1995,2223,0.07244767839463565,0.0010177723850634214,0.003710859825843939,0.9178270054928708,0.0049966839015862415,4,2324,0.0272360271150903,0.0010918517924005796,0.01058976036678862,0.9557035015794142,0.005378859146306282,4,-0.045211651279545344,7.407940733715826e-05,0.006878900540944682,0.03787649608654342,0.00038217524472004046,0.059380528185828334,1,0.3231252740430024,0.22515101230566623,-0.09797426173733617
tm102427,sebastian coates_1990,2223,0.9910125516832424,0.0002087964171015839,0.0019424113514786205,0.005988920814475965,0.0008473197337016032,1,2324,0.9626684211900148,0.011939829524422145,0.005843807273325971,0.014037858927243902,0.005510083084993096,1,-0.028344130493227593,0.011731033107320562,0.0039013959218473504,0.008048938112767936,0.004662763351291493,0.031953296638443124,1,0.05948821041585621,0.20808941116732455,0.14860120075146832
tm122115,vincent sasso_1991,2223,0.9024002940578425,0.007235935942570556,0.021589729018444716,0.03368185572227427,0.035092185258868064,1,2324,0.9806638529006596,0.0027037014910628585,0.001816453563544299,0.012782013589228468,0.002033978455504964,1,0.0782635588428171,-0.004532234451507697,-0.019773275454900416,-0.020899842133045805,-0.0330582068033631,0.08350755424072802,1,0.44290510079851586,0.11493080230383608,-0.3279742984946798
tm131740,nermin zolotic_1993,2223,0.9986757421420596,2.108515211417545e-05,0.00017633203556946972,0.000962007229400202,0.00016483344085667755,1,2324,0.999416544659636,4.0178924268949584e-05,4.834132949441614e-05,0.0004327568305944682,6.217825600627134e-05,1,0.0007408025175764665,1.9093772154774136e-05,-0.0001279907060750536,-0.0005292503988057339,-0.00010265518485040621,0.0009195871615351904,1,0.011192832323442129,0.005424435788368525,-0.005768396535073604
tm139336,paulo oliveira_1992,2223,0.9965619320193958,6.702630501082043e-05,0.0002655830098174366,0.002132838405532849,0.0009726202602430428,1,2324,0.9821031432769565,0.0003812359879351532,0.0017824377514506454,0.011471943694534576,0.004261239289123185,1,-0.014458788742439332,0.0003142096829243327,0.0015168547416332088,0.009339105289001727,0.0032886190288801418,0.017282217320980807,1,0.02612622577360322,0.10653290569337333,0.0804066799197701
tm139341,josue sa_1992,2223,0.9994908233850006,1.4563544582507129e-05,5.596510029210013e-05,0.00036024020211667486,7.840776800811381e-05,1,2324,0.9894460264538879,0.00017934531512164026,0.0005682376805305933,0.008732617202613195,0.0010737733478467834,1,-0.01004479693111271,0.00016478177053913314,0.0005122725802384932,0.00837237700049652,0.0009953655798386695,0.013087559675283265,1,0.004816668538841479,0.06503114099137369,0.06021447245253221
tm139395,ricardo esgaio_1993,2223,0.046917737263973115,0.009973747891196557,0.331382621489998,0.509130397219901,0.10259549613493127,4,2324,0.10194299309206979,0.010995952292591076,0.3118586408126809,0.5246111994027031,0.05059121439995508,4,0.05502525582809668,0.0010222044013945188,-0.019523980677317088,0.015480802182802011,-0.05200428173497619,0.06041245516031455,1,1.1327962708021508,1.1351328532328064,0.0023365824306555982
tm139396,bruma_1994,2223,0.030509499095653942,0.0973315388748364,0.2769314440058958,0.10159595526120702,0.49363156276240694,5,2324,0.038160174211202366,0.2290487325338428,0.49008471857617025,0.10647180893961042,0.13623456573917406,3,0.007650675115548424,0.13171719365900642,0.21315327457027444,0.004875853678403402,-0.3573969970232329,0.2507310199082911,3,1.2696038551594258,1.3217739952615906,0.05217014010216481
tm14132,pepe_1983,2223,0.9990843869723343,1.1325222221331125e-05,9.639710772942792e-05,0.0007127286634084543,9.516203430652144e-05,1,2324,0.9874127627555316,0.0007354250763881647,0.0014445351720465832,0.009515645689775747,0.0008916313062581037,1,-0.011671624216802678,0.0007240998541668336,0.0013481380643171554,0.008802917026367292,0.0007964692719515822,0.014698978089330808,1,0.007981475815975568,0.07781607561702417,0.0698345998010486
tm149729,joao mario_1993,2223,0.009475800566517383,0.08243949236841905,0.7777153937131522,0.06429312044054991,0.06607619291136138,3,2324,0.025677762269258747,0.028444975723981768,0.3903280415601873,0.5442606201086925,0.011288600337879628,4,0.016201961702741366,-0.05399451664443728,-0.38738735215296494,0.47996749966814256,-0.05478759257348175,0.6193671550352483,4,0.8013701208262246,0.9442074214333144,0.14283730060708977
tm155025,fabio cardoso_1994,2223,0.9618138394044433,0.0021986833804379276,0.012853691694185765,0.017559159285958616,0.005574626234974332,1,2324,0.9835685881900542,0.0018408127101093787,0.0017910245402791567,0.011491938516291225,0.0013076360432660336,1,0.0217547487856109,-0.0003578706703285489,-0.011062667153906608,-0.0060672207696673905,-0.0042669901917082986,0.025151360570906056,1,0.20677685758706865,0.09922279920585969,-0.10755405838120896
tm155395,salvador agra_1991,2223,0.010489296035046145,0.009840766086125925,0.8545893174412128,0.1011767627568996,0.02390385768071563,3,2324,0.06031056353407469,0.12133019130571389,0.4183782511896916,0.3557917048708515,0.044189289099668315,3,0.04982126749902854,0.11148942521958796,-0.43621106625152123,0.25461494211395186,0.020285431418952685,0.5196353660972124,3,0.5486001840462581,1.295360538380073,0.7467603543338149
tm159142,aderlan santos_1989,2223,0.9963320455360217,3.6770547547720545e-05,0.00023450647096264277,0.0030793058806418807,0.00031737156482579106,1,2324,0.9969051831022122,0.00026603166379174327,0.00031982866804896004,0.002027772280767,0.0004811842851803101,1,0.0005731375661904847,0.00022926111624402273,8.532219708631727e-05,-0.0010515335998748806,0.00016381272035451903,0.001222313428782352,4,0.02636103790678143,0.0241035987832406,-0.0022574391235408303
tm167165,pedro tiba_1988,2223,0.025137895817409377,0.0028710373154739468,0.0730322359440818,0.895624659754291,0.0033341711687441,4,2324,0.006223615172235976,0.001396919867168929,0.06510151857177143,0.9242831769464481,0.002994769442375671,4,-0.0189142806451734,-0.0014741174483050177,-0.007930717372310367,0.028658517192157174,-0.0003394017263684294,0.035272225904646445,4,0.4182562453296941,0.3088170571620617,-0.10943918816763237
tm172142,hernani fortes_1991,2223,0.002165403121627614,0.3220459023014403,0.610006213637598,0.01028352872374539,0.05549895221558851,3,2324,0.02241854769117604,0.07140897016032621,0.2921775379087988,0.04816912607669773,0.5658258181630011,5,0.020253144569548426,-0.2506369321411141,-0.3178286757287992,0.03788559735295234,0.5103268659474126,0.407037402729008,3,0.8872394652568565,1.10142700667651,0.21418754141965346
tm182108,sebastian perez_1993,2223,0.42905853177295555,0.018918019880699098,0.06719776715449259,0.40525587557331066,0.07956980561854216,1,2324,0.05813759803794615,0.0014856215256077677,0.007018594783186639,0.9262853794370528,0.007072806216206611,4,-0.3709209337350094,-0.01743239835509133,-0.060179172371305954,0.5210295038637421,-0.07249699940233555,0.642634814088884,4,1.186997332178713,0.3158282969532814,-0.8711690352254317
tm182710,joao teixeira_1994,2223,0.0034720824225559824,0.001147994732257578,0.33970540195655163,0.6501360252813693,0.005538495607265501,4,2324,0.003090344592600743,0.00914238148707159,0.9293322096727553,0.05074668869873109,0.007688375548841164,3,-0.00038173782995523957,0.00799438675481401,0.5896268077162037,-0.5993893365826382,0.0021498799415756633,0.8408278094413459,4,0.702915625333626,0.3175909823241796,-0.38532464300944635
tm182936,filipe ferreira_1990,2223,0.7224482220158479,0.0004433497997129586,0.025296923385056486,0.240106855841923,0.011704648957459544,1,2324,0.9814964737605507,0.00012134752950608427,0.0011144775886902025,0.01628375846510707,0.0009839426561458731,1,0.2590482517447028,-0.00032200227020687434,-0.024182445796366282,-0.22382309737681594,-0.01072070630131367,0.34320208335832514,1,0.725929709841566,0.10086574419194327,-0.6250639656496227
tm187211,ygor nogueira_1995,2223,0.9941057308686784,0.00021682888052478093,0.0012456035264303928,0.00391583011935168,0.0005160066050151039,1,2324,0.9973466541516595,5.969711029421588e-05,0.00015528441033315057,0.002157674521614071,0.0002806898060992209,1,0.0032409232829810897,-0.00015713177023056506,-0.0010903191160972422,-0.001758155597737609,-0.00023531679891588306,0.00384813994030465,1,0.0416471207339401,0.0201332569230083,-0.0215138638109318
tm194005,nino galovic_1992,2223,0.9979661165324892,2.921375287753301e-05,0.0003630597196396871,0.0013496678092952336,0.00029194218569844393,1,2324,0.9914380614327153,0.00042345006884548576,0.0006274123262502069,0.0061736984698633176,0.0013373777023260075,1,-0.006528055099773944,0.00039423631596795277,0.0002643526066105198,0.004824030660568084,0.0010454355166275636,0.008130933511795266,1,0.01650717599327431,0.05669854292383649,0.04019136693056218
tm197880,raphael guzzo_1995,2223,0.007620861495266784,0.00012381510985049745,0.017702512101461277,0.9739065217677975,0.0006462895256239829,4,2324,0.01871731753655437,0.10089278434884769,0.6860313252645139,0.19050988513749487,0.003848687712589167,3,0.011096456041287587,0.10076896923899718,0.6683288131630527,-0.7833966366303026,0.003202398186965184,1.0347227692893257,4,0.14018920896241222,0.9016731658352001,0.7614839568727878
tm198021,joao nunes_1995,2223,0.9490886644545391,0.0016746366752547106,0.00912226315124426,0.02658582140636848,0.013528614312593565,1,2324,0.9993784580273498,4.745551726466249e-05,3.759766994623351e-05,0.00046941291439444227,6.707587104470528e-05,1,0.050289793572810715,-0.001627181157990048,-0.009084665481298026,-0.02611640849197404,-0.01346153844154886,0.05741349140701664,1,0.25779466802660533,0.005719040625181323,-0.25207562740142403
tm211072,paulinho_1992,2223,0.003492682514394435,0.9317268446684613,0.02329159539707506,0.005577835557215334,0.03591104186285379,2,2324,0.0018973426492330731,0.022230742053575912,0.011539273630556098,0.002695472213107287,0.9616371694535277,5,-0.001595339865161362,-0.9094961026148854,-0.01175232176651896,-0.0028823633441080474,0.925726127590674,0.9095779960323923,2,0.3216233339650939,0.2015601412922801,-0.12006319267281382
tm222813,marko grujic_1996,2223,0.1861491889161925,0.0038270486401884786,0.016893927529783553,0.7485627846477602,0.044567050266075395,4,2324,0.15685958414521678,0.008453948929361452,0.03312468617580337,0.2862926767669057,0.5152691039827126,5,-0.029289604770975725,0.0046269002891729735,0.01623075864601982,-0.4622701078808545,0.47070205371663726,0.46350445447733085,4,0.7586174518347545,1.1435259765261157,0.38490852469136116
tm223367,fredrik aursnes_1995,2223,0.24218768909944347,0.004467434110288486,0.22499538354617413,0.5023716340308954,0.025977859213198513,4,2324,0.6109405492331438,0.002690339626684285,0.04287916200750494,0.33061079069822014,0.012879158434446772,1,0.36875286013370034,-0.0017770944836042009,-0.1821162215386692,-0.17176084333267522,-0.013098700778751741,0.4457016214593138,1,1.1438981669137411,0.873984810244779,-0.2699133566689621
tm226155,carlinhos_1994,2223,0.009313204813767975,0.0004508710449871795,0.005247512159519904,0.9837384455816395,0.0012499664000854144,4,2324,0.0028243213699236237,0.008304430883435424,0.9559969246909814,0.024263287162883503,0.008611035892775945,3,-0.006488883443844351,0.007853559838448244,0.9507494125314615,-0.959475158418756,0.00736106949269053,1.3507852564571838,4,0.09905883513484919,0.23055705865117745,0.13149822351632828
tm228433,wendell_1993,2223,0.7988921765487818,0.0004271728083958354,0.027521620423966487,0.16777869060384357,0.0053803396150123185,1,2324,0.35335934964112914,0.11873476779435674,0.28855282181413805,0.14907354461245284,0.0902795161379233,1,-0.4455328269076526,0.1183075949859609,0.26103120139017155,-0.018705145991390726,0.08489917652291099,0.5300786332889131,1,0.609183685173926,1.4800744838532554,0.8708907986793294
tm230457,bruno gaspar_1993,2223,0.1560929813943697,0.006408919256000322,0.08799167583577254,0.5693588861763665,0.18014753733749092,4,2324,0.002509043156602529,0.000258688257264469,0.014132113602170395,0.9825321146657582,0.0005680403182043205,4,-0.15358393823776717,-0.006150230998735853,-0.07385956223360214,0.41317322848939164,-0.1795794970192866,0.4469823297398304,4,1.1655996715626902,0.09891308039942212,-1.0666865911632681
tm235568,joao pedro_1993,2223,0.6144738434197075,0.002658368232894176,0.010309511165261766,0.3594000442101478,0.013158232971988816,1,2324,0.021741888659904632,0.002240761485033127,0.00978091788019187,0.9640176979949241,0.0022187339799463073,4,-0.5927319547598028,-0.0004176067478610492,-0.0005285932850698956,0.6046176537847763,-0.01093949899204251,0.8466960087704686,4,0.7869344088079254,0.191054655192165,-0.5958797536157604
tm236997,tiago silva_1993,2223,0.009644997631852595,0.000477762969111023,0.0315115512677271,0.9549332064752236,0.0034324816560856656,4,2324,0.028734794936155796,0.00997225681425654,0.7122735664589894,0.20451111275558304,0.04450826903501512,3,0.0190897973043032,0.009494493845145516,0.6807620151912623,-0.7504220937196406,0.04107578737892945,1.0134223235375923,4,0.2208799144978915,0.8527192355807816,0.6318393210828901
tm238055,rafa silva_1993,2223,0.00521516029534492,0.6464796867434565,0.2526349142783806,0.022158362993329482,0.07351187568948855,2,2324,0.007748397817311037,0.32563402921179996,0.0963744600234378,0.011001148691101068,0.5592419642563502,5,0.002533237521966117,-0.3208456575316565,-0.15626045425494278,-0.011157214302228415,0.4857300885668616,0.35705765114923754,2,0.9332944601045564,1.0031127895445835,0.06981832944002708
tm238367,cassiano_1989,2223,0.0004696948802389849,0.9974469817889192,0.001010641736169136,0.0003616452745493501,0.0007110363201233409,2,2324,0.0035849764329200884,0.927808082768902,0.029796553643289238,0.004910103885876288,0.03390028326901251,2,0.0031152815526811033,-0.06963889902001719,0.028785911907120102,0.004548458611326938,0.03318924694888917,0.07555526742680525,2,0.02113993090177252,0.335228299531725,0.3140883686299525
tm24202,vasco fernandes_1986,2223,0.9995475105378212,9.513262794456166e-06,6.962328867908736e-05,0.0002940613504096554,7.929156029560746e-05,1,2324,0.9467609405157218,0.0008050104230059586,0.001791632544568572,0.049311285882364726,0.0013311306343389967,1,-0.05278657002209941,0.0007954971602115024,0.0017220092558894846,0.04901722453195507,0.0012518390740433893,0.0720604496733359,1,0.004368776164213103,0.22608459282885734,0.22171581666464424
tm249360,ali alipour_1995,2223,0.007257111398074436,0.6069826451821048,0.12321335675039725,0.022525614542379658,0.24002127212704383,2,2324,0.04278177927091842,0.7469175752385614,0.09490245095801424,0.04057520625114356,0.07482298828136244,2,0.03552466787284398,0.13993493005645663,-0.028310905792383018,0.018049591708763902,-0.1651982838456814,0.14822645453838376,2,1.0247338092258833,0.9002856600964892,-0.12444814912939406
tm257707,joao graca_1995,2223,0.013075505265202734,0.0006810587645070006,0.019754459108166495,0.9653543718262784,0.001134605035845508,4,2324,0.08948982510562253,0.005142302141355695,0.0219039402284832,0.8539445307987633,0.029519401725775215,4,0.0764143198404198,0.004461243376848695,0.002149481120316706,-0.11140984102751506,0.028384796689929707,0.13518810567503425,4,0.18093147558425046,0.5656101984450842,0.3846787228608337
tm261927,ricardo horta_1994,2223,0.014053801160983669,0.09478603789329781,0.6060188696968171,0.055429611553442545,0.2297116796954591,3,2324,0.01086230490134316,0.1828924958100263,0.6953200086921995,0.047728189783388324,0.06319700081304276,3,-0.003191496259640509,0.0881064579167285,0.08930113899538239,-0.007701421770054222,-0.16651467888241633,0.12572564932487093,3,1.0850149237992563,0.9322186890595912,-0.1527962347396652
tm264848,ruben lameiras_1994,2223,0.002075789266072526,0.002034257023269522,0.9482761670379242,0.043811329780627635,0.0038024568921059864,3,2324,0.021478695483300992,0.012508189423411855,0.5987441768001889,0.3562357700806103,0.011033168212488,3,0.019402906217228465,0.010473932400142334,-0.3495319902377353,0.3124244402999827,0.007230711320382014,0.4693269852948017,3,0.23401657703004697,0.8618225200964748,0.6278059430664278
tm268179,moustapha seck_1996,2223,0.2945807761228677,0.0003632164287503551,0.026147419391531628,0.6741132731264476,0.004795314930402669,4,2324,0.4120917605366043,0.004033235478697854,0.03006196616800266,0.538730766885767,0.015082270930928073,4,0.11751098441373659,0.0036700190499474993,0.003914546776471031,-0.1353825062406806,0.010286956000525403,0.17934895363560258,4,0.749644311319707,0.8893958903379768,0.13975157901826984
tm271256,jhonder cadiz_1995,2223,0.0006477102395930861,0.9636964754833638,0.012019176255886594,0.0012460517854552186,0.022390586235701355,2,2324,0.0018449857945740157,0.9288900916580969,0.012972399203931631,0.003010333738010955,0.05328218960538666,2,0.0011972755549809295,-0.03480638382526691,0.0009532229480450367,0.0017642819525557363,0.030891603369685303,0.03488465491506473,2,0.18692948585132962,0.31020698394455665,0.12327749809322702
tm27178,ruben fernandes_1986,2223,0.9697772853821475,0.0006009297056536405,0.003987183333239368,0.018128591933813755,0.007506009645145635,1,2324,0.9990299194365735,7.478314820785756e-05,4.60049497697096e-05,0.000689280040833204,0.00016001242461570906,1,0.02925263405442602,-0.0005261465574457829,-0.003941178383469658,-0.01743931189298055,-0.007345997220529926,0.03428783918057623,1,0.16566656538156357,0.00855597316799579,-0.1571105922135678
tm282721,oriol busquets_1999,2223,0.40236992557480744,0.0006428436572231161,0.006675423764943568,0.5840789513567352,0.006232855646290727,4,2324,0.16941151205202037,0.009840166317581132,0.028696119005939876,0.7841617717075728,0.007890430916885727,4,-0.23295841352278707,0.009197322660358016,0.022020695240996306,0.2000828203508377,0.001657575270595,0.3080134074900231,1,0.7501952649368385,0.6770186112561578,-0.07317665368068071
tm288253,jerry st juste_1996,2223,0.9863497859248676,0.0001432194163276905,0.0017809129292690165,0.011061471439768763,0.0006646102897670561,1,2324,0.9780270418472076,0.0005652082075853474,0.0006971290664933073,0.018517770060666586,0.0021928508180471275,1,-0.008322744077659983,0.00042198879125765693,-0.0010837838627757092,0.007456298620897823,0.0015282405282800713,0.011234639295829093,1,0.08078511597127987,0.1183173639825636,0.03753224801128373
tm290391,nuno santos_1995,2223,0.003715168764705006,0.014200993523061822,0.9228766206101732,0.021806795982261564,0.037400421119798286,3,2324,0.029533883512987684,0.0202300193991985,0.6166769323494792,0.11028632913982443,0.22327283559851008,3,0.02581871474828268,0.0060290258761366775,-0.306199688260694,0.08847953315756286,0.18587241447871178,0.3198278162746242,3,0.36159790324152663,1.058953589146842,0.6973556859053154
tm291399,nanu_1994,2223,0.964474976995495,7.93708333025735e-05,0.003867228785000526,0.03036393191254554,0.0012144914736562822,1,2324,0.052712218969728275,0.008153274302070202,0.4678257252051676,0.4627780628524623,0.00853071867057162,3,-0.9117627580257668,0.00807390346876763,0.46395849642016707,0.43241413093991676,0.007316227196915338,1.110682664795378,1,0.1713792252016056,0.946942363915346,0.7755631387137405
tm291939,samu_1996,2223,0.009513425145100986,0.0014816108801130917,0.11440569440726833,0.8668770718046348,0.007722197762882826,4,2324,0.008850798910942198,0.002457244615385878,0.38180394160287545,0.6016030552463022,0.005284959624494353,4,-0.0006626262341587873,0.0009756337352727863,0.2673982471956071,-0.2652740165583326,-0.002437238138388473,0.3766610112541317,3,0.46336819886091274,0.7576415021956002,0.2942733033346875
tm291941,carraca_1993,2223,0.3891844684583889,0.0010121303052439236,0.05921576829281805,0.5206946895012927,0.02989294344225649,4,2324,0.22536449400439293,0.0046627797858976505,0.03316774468731527,0.7215444083631268,0.015260573159267397,4,-0.16381997445399596,0.0036506494806537266,-0.026048023605502776,0.20084971886183411,-0.014632370282989093,0.2605176008878654,4,0.9863598911976217,0.7731182436775098,-0.21324164752011188
tm291968,neto_1991,2223,0.049971778712743574,0.0009446002814463969,0.05155342996912963,0.889663185115758,0.007867005920922446,4,2324,0.004306791158204184,9.924286759021202e-05,0.0005841186140794274,0.9947895940636542,0.00022025329647204215,4,-0.04566498755453939,-0.0008453574138561848,-0.0509693113550502,0.10512640894789615,-0.007646752624450403,0.12544097526646444,4,0.4513009983011546,0.035776830113860576,-0.41552416818729404
tm295327,saviour godwin_1996,2223,0.013291623836910028,0.5308082035820049,0.3634995518735503,0.05298875336897191,0.03941186733856299,2,2324,0.05250800746233171,0.09116932931971038,0.6053462582083804,0.12679879543424732,0.12417760957533024,3,0.03921638362542168,-0.4396388742622945,0.24184670633483007,0.07381004206527542,0.08476574223676725,0.5086826281503597,2,1.0445805737954832,1.1978390821684732,0.15325850837299004
tm295414,adrian marin_1997,2223,0.9562224895962416,0.00010550077194636736,0.0014873898267078356,0.040156878960540085,0.0020277408445640746,1,2324,0.9928625374541498,9.448269984749291e-05,0.000557065956138075,0.005741700994753059,0.0007442128951116519,1,0.0366400478579082,-1.1018072098874446e-05,-0.0009303238705697606,-0.034415177965787025,-0.0012835279494524227,0.05027686550838925,1,0.19513152673123002,0.04714938667950945,-0.14798214005172056
tm299400,pedro sa_1993,2223,0.42802876002846113,0.0033536311431331335,0.03883856222069107,0.5082392579650614,0.021539788642653154,4,2324,0.014494757380449702,0.0007313122802773427,0.003997420744825082,0.9796141866329274,0.0011623229615204784,4,-0.41353400264801143,-0.002622318862855791,-0.03484114147586599,0.471374928667866,-0.020377465681132675,0.628033021757838,4,0.9351235066046288,0.11675588950400206,-0.8183676171006268
tm302371,toni martinez_1997,2223,0.006786864353465108,0.5570781803969175,0.03278289770539215,0.011403237776396156,0.3919488197678289,2,2324,0.006086768743929298,0.4867014083035294,0.018462022479534875,0.00751607225543913,0.48123372821756727,2,-0.0007000956095358103,-0.07037677209338805,-0.014320875225857278,-0.0038871655209570255,0.08928490844973835,0.07192758655181657,2,0.8899757561494822,0.8439638239356445,-0.0460119322138377
tm306668,amine oudrhiri_1992,2223,0.4213919533087648,0.001391752312906459,0.019266873663533704,0.5496326894597326,0.008316731255062503,4,2324,0.05726104870762185,0.001447437654620143,0.004507682791448046,0.9347066072061951,0.0020772236401147563,4,-0.36413090460114295,5.568534171368402e-05,-0.014759190872085659,0.3850739177464625,-0.006239507614947747,0.5301802284415291,4,0.8182001125078435,0.2735322212210349,-0.5446678912868086
tm307058,mehdi taremi_1992,2223,0.005783020433979523,0.6893650164829546,0.06380701104858211,0.008610418515747679,0.23243453351873616,2,2324,0.009201504764337587,0.5318402968346789,0.3679474174863779,0.016456652211288964,0.07455412870331662,2,0.003418484330358064,-0.15752471964827564,0.3041404064377958,0.007846233695541285,-0.15788040481541954,0.342620305216631,3,0.8419186862540392,1.0079775675368021,0.16605888128276292
tm308371,mikel villanueva_1993,2223,0.9957315698485976,7.751491430423584e-05,0.0008051440558617567,0.0027164463249015804,0.0006693248563347753,1,2324,0.9969245333223216,0.00018800044312415989,0.0001851571819031645,0.0022719693841154794,0.0004303396685354666,1,0.0011929634737239958,0.00011048552881992405,-0.0006199868739585922,-0.000444476940786101,-0.00023898518779930875,0.001420321222994911,1,0.03167142114389744,0.023440156912922755,-0.008231264230974686
tm314367,marcus edwards_1998,2223,0.0011908594902983348,0.016133382034961046,0.970882407189662,0.006207895394669677,0.005585455890409108,3,2324,0.0064827437341110905,0.33695049121903947,0.5846669722472325,0.013986166792168953,0.05791362600744792,3,0.005291884243812756,0.3208171091840784,-0.3862154349424295,0.007778271397499276,0.05232817011703881,0.5021697773440592,3,0.16381109921183187,0.9377045892947851,0.7738934900829532
tm314942,bruno lourenco_1998,2223,0.00899051127540079,0.00416416185011104,0.6490483158749991,0.334703604777044,0.003093406222445115,3,2324,0.004538937238148304,0.018394805837938902,0.88315930713296,0.09219218552665437,0.0017147642642985665,3,-0.0044515740372524865,0.014230643987827862,0.23411099125796087,-0.2425114192503896,-0.0013786419581465488,0.33740490872887535,4,0.7299458507802403,0.4384155354767851,-0.29153031530345525
tm314944,ricardo mangas_1998,2223,0.013666108900015572,0.7530386731399901,0.18274765120191483,0.03540675723965654,0.015140809518423013,2,2324,0.015388559195283188,0.0017760567259772137,0.1374234892399471,0.8384079433393284,0.0070039514994640764,4,0.0017224502952676163,-0.7512626164140128,-0.04532416196196773,0.8030011860996719,-0.008136858018958935,1.100574245651461,4,0.7645983658259418,0.5307433934462081,-0.23385497237973363
tm329722,andre horta_1996,2223,0.002977942064707947,0.00018171154590800056,0.4296635832232861,0.5653964780882716,0.0017802850778263712,4,2324,0.007773017123353047,0.026160616156806347,0.865525729176686,0.07105224135231071,0.02948839619084374,3,0.0047950750586451,0.025978904610898346,0.4358621459533999,-0.49434423673596095,0.02770811111301737,0.6595831493441618,4,0.7155217462911186,0.5498644159583397,-0.16565733033277896
tm332612,emmanuel boateng_1996,2223,2.746402786162345e-42,1.0,1.1139218167331302e-41,2.1460675120527606e-42,1.5645705669422346e-41,2,2324,0.002119672348493691,0.912814018887252,0.03830245417554579,0.003947987263259503,0.042815867325448925,2,0.002119672348493691,-0.087185981112748,0.03830245417554579,0.003947987263259503,0.042815867325448925,0.09533390222139271,2,1.1052408446371418e-10,0.3780278995061979,0.3780278993956738
tm340376,abel ruiz_2000,2223,0.0096607945364607,0.5671937915164382,0.33970599483512204,0.015478235554874554,0.06796118355710448,2,2324,0.00029475830520198017,0.9945617924496241,0.004345332122695777,0.0002081873760879412,0.000589929746390197,2,-0.00936603623125872,0.42736800093318583,-0.33536066271242626,-0.015270048178786614,-0.06737125381071428,0.5435357203741195,2,0.9804781635604171,0.03760358863613182,-0.9428745749242853
tm340491,joca_1996,2223,0.03141771999566348,0.0016558777806153317,0.3330630736170234,0.6214069345126264,0.012456394094071293,4,2324,0.010062372794957588,0.8836858993202064,0.0749193965744764,0.011596736955673759,0.01973559435468593,2,-0.021355347200705893,0.882030021539591,-0.25814367704254704,-0.6098101975569526,0.007279200260614635,1.103149874129844,2,0.8357719866274389,0.4788448968348852,-0.3569270897925537
tm344395,jorge fernandes_1997,2223,0.9984123810940686,5.6267593942221924e-05,0.00034999952240301053,0.0009059560297972987,0.00027539575978881975,1,2324,0.9996591092846426,5.291831956587827e-06,1.8504868879901074e-05,0.00029931291654217336,1.7781097978800052e-05,1,0.0012467281905740313,-5.09757619856341e-05,-0.0003314946535231095,-0.0006066431132551254,-0.0002576146618100197,0.001426476176336742,1,0.013527208077333857,0.0032298910961573012,-0.010297316981176556
tm344399,leonardo ruiz_1996,2223,0.0002599510986740242,0.9968485088678636,0.0008299676757509319,0.00018846740974239658,0.0018731049479690381,2,2324,0.006440983402290071,0.6832468814295966,0.2888077608606003,0.016593824714183674,0.004910549593329633,2,0.006181032303616047,-0.313601627438267,0.28797779318484934,0.016405357304441277,0.003037444645360595,0.4261273647727522,2,0.0245601156907631,0.7455606249196355,0.7210005092288724
tm344474,ilija vukotic_1999,2223,0.11585184172535393,0.0005434774130038937,0.009374240887990104,0.87020483218956,0.00402560778409212,4,2324,0.1321307432155904,0.006011327336336512,0.010048885919940926,0.8459862624739756,0.0058227810541566566,4,0.016278901490236475,0.005467849923332618,0.000674645031950822,-0.024218569715584448,0.0017971732700645367,0.029696704892978817,4,0.4407566075447758,0.5158551229300253,0.07509851538524953
tm344519,bruno costa_1997,2223,0.017259706548584483,0.0015180273525720617,0.2621355328551982,0.6820862997631144,0.03700043348053091,4,2324,0.1522260152478728,0.008859409645918753,0.036752773186230894,0.7525891022197196,0.04957269970025794,4,0.13496630869928833,0.007341382293346691,-0.22538275966896731,0.07050280245660523,0.012572266219727027,0.27209894135796125,3,0.8138374020078208,0.8126797192340784,-0.0011576827737423967
tm344869,simon banza_1996,2223,0.003423477262267991,0.8059216958662833,0.017865813620861783,0.0041703628212319795,0.16861865042935512,2,2324,0.0044706004306227206,0.3181880110876623,0.03421778314766694,0.0064778823054978335,0.6366457230285503,5,0.0010471231683547295,-0.48773368477862095,0.01635196952680516,0.002307519484265854,0.4680270725991952,0.4880142982415953,2,0.5882488470725211,0.8241501568866854,0.23590130981416424
tm345061,murilo costa_1994,2223,0.0009433641697021975,0.0034808821645702713,0.9838171679770058,0.009929366623951146,0.0018292190647706378,3,2324,0.001612370521173388,0.002384188074205471,0.9832056838523693,0.010251500667474073,0.002546256884777847,3,0.0006690063514711905,-0.0010966940903648003,-0.0006114841246365188,0.00032213404352292654,0.0007170378200072093,0.0014587633813709442,2,0.09965409357607041,0.10358237733975986,0.00392828376368945
tm356099,cristian borja_1993,2223,0.9828660639209573,9.298007454180766e-05,0.0009552277862512376,0.01473260571281685,0.0013531225054326673,1,2324,0.8579960733452926,0.002656783026881187,0.06838793505383974,0.06093632855709051,0.010022880016896073,1,-0.12486999057566472,0.0025638029523393797,0.0674327072675885,0.04620372284427366,0.008669757511463405,0.14926835446956518,1,0.09556711513968341,0.5472476050974097,0.45168048995772625
tm357149,paulo estrela moreira_1999,2223,0.11085505548306909,0.0011941630808998624,0.09230735580166316,0.7806487268242877,0.014994698810080151,4,2324,0.03824744233655592,0.0015916713610464245,0.08347761010090854,0.864578788847798,0.012104487353690905,4,-0.07260761314651318,0.0003975082801465622,-0.008829745700754621,0.08393006202351039,-0.002890211456389246,0.11132943555087664,4,0.7280913690548422,0.5216108066030001,-0.2064805624518421
tm357162,florentino luis_1999,2223,0.2619612276864086,0.001724167357034339,0.020475917636594163,0.652899634852054,0.0629390524679089,4,2324,0.28637478921020454,0.005605445109861625,0.013564034896681138,0.613923959929805,0.08053177085344768,4,0.024413561523795924,0.0038812777528272856,-0.006911882739913024,-0.03897567492224907,0.017592718385538775,0.04666865824004268,4,0.8939195133964278,0.9478787273073702,0.05395921391094238
tm358177,andre pereira_1995,2223,0.04513666885894084,0.4035174626912977,0.22505913385508772,0.07222235641149087,0.25406437818318284,2,2324,0.03327704242238003,0.6248526127769521,0.18599730564454967,0.06361987236980106,0.09225316678631705,2,-0.011859626436560806,0.22133515008565446,-0.03906182821053805,-0.008602484041689812,-0.16181121139686577,0.22523260988917895,2,1.379605498637155,1.1150415255406583,-0.2645639730964968
tm361504,rafa mujica_1998,2223,0.028135455451874656,0.7401548796460712,0.04617444898559457,0.020148996992826036,0.16538621892363362,2,2324,0.0054300607734983,0.3601163629487437,0.0375853399598302,0.008022609589802986,0.5888456267281248,5,-0.022705394678376355,-0.38003851669732747,-0.008589109025764374,-0.01212638740302305,0.4234594078044912,0.3810060776238489,2,0.8414567116357854,0.8700024055269651,0.02854569389117967
tm367652,rodrigo abascal_1994,2223,0.9766845180135529,9.449918574338448e-05,0.0011689757786782953,0.020311588319384982,0.00174041870264034,1,2324,0.9974910744898133,0.0001005091729573188,0.0002117504284677969,0.0019734113785046335,0.0002232545302570086,1,0.020806556476260396,6.009987213934328e-06,-0.0009572253502104983,-0.01833817694088035,-0.0015171641723833315,0.027750997142551134,1,0.12201311736945272,0.01938975349272306,-0.10262336387672966
tm373187,maracas_1994,2223,0.9999302945862322,1.0553988117339904e-06,4.829751593574552e-06,5.634427837339507e-05,7.475984989079357e-06,1,2324,0.9432891627763867,0.010854419646515446,0.006859219477477203,0.022649616501754326,0.016347581597866423,1,-0.056641131809845424,0.010853364247703712,0.006854389725883629,0.022593272223380933,0.016340105612877343,0.06231734859946877,1,0.0007828658106380914,0.29137836307794907,0.290595497267311
tm375376,pedro alvaro_2000,2223,0.9992764623946178,4.000205678613843e-05,0.00010966412755687308,0.00045943079999028017,0.00011444062104902199,1,2324,0.9934202659554897,0.0003279520617055496,0.0004719048296471085,0.004981136080463156,0.0007987410726947356,1,-0.0058561964391280474,0.00028795000491941116,0.0003622407020902354,0.004521705280472876,0.0006843004516457135,0.007413163218808569,1,0.006697853267030769,0.04491074331631654,0.03821289004928577
tm375380,benny_2000,2223,0.007168359648170826,0.0010915281807204165,0.7758846869470609,0.21124018135579892,0.0046152438682488936,3,2324,0.056735778166858916,0.019204115136054266,0.12718984680654194,0.7731227848140577,0.023747475076487345,4,0.04956741851868809,0.01811258695533385,-0.648694840140519,0.5618826034582588,0.01913223120823845,0.859826756084495,3,0.5929743999649484,0.7887366579617375,0.19576225799678915
tm375383,romario baro_2000,2223,0.048685560223888584,0.0015350044809358627,0.04470446203914345,0.8997306935421221,0.0053442797139101215,4,2324,0.049910313635281596,0.003112369653734256,0.021640527014097553,0.9192979218128932,0.006038867883993564,4,0.001224753411393012,0.0015773651727983935,-0.0230639350250459,0.019567228270771064,0.0006945881700834424,0.030311872638408163,3,0.419043974343177,0.3587356715883469,-0.06030830275483007
tm377641,al musrati_1996,2223,0.1294452518274798,0.0026717162004109337,0.0339021764409304,0.8180627609782023,0.0159180945529766,4,2324,0.10121787461740316,0.018731756019463752,0.3592838332704644,0.4961103534640466,0.02465618262862203,4,-0.028227377210076635,0.016060039819052817,0.325381656829534,-0.3219524075141557,0.008738088075645432,0.45889136514914197,3,0.6254007354355561,1.1131690525648645,0.48776831712930846
tm379249,matheus reis_1995,2223,0.5645272319698288,0.0011366654811322996,0.04640501884180027,0.3844251034787642,0.003505980228474479,1,2324,0.5385378030793769,0.002228496718424065,0.07612692877435652,0.3654365148923231,0.017670256535519274,1,-0.02598942889045186,0.0010918312372917654,0.029721909932556252,-0.01898858858644109,0.014164276307044794,0.043824661277033126,3,0.8602967159235109,0.9821478449362653,0.12185112901275441
tm383014,goncalo costa_2000,2223,0.6883458883491232,0.0069283244538601695,0.03864286439849894,0.10109768253918802,0.16498524025932956,1,2324,0.18726625929691612,0.009582784113719425,0.32091059748045925,0.3457623291551758,0.13647802995372943,4,-0.5010796290522072,0.0026544596598592554,0.2822677330819603,0.24466464661598777,-0.028507210305600134,0.6249989625992497,1,0.9462104113709723,1.362005642768334,0.41579523139736174
tm383654,joao correia_1996,2223,0.07115323088884044,0.0010750397018902064,0.19854494550281987,0.7147064024402503,0.014520381466199158,4,2324,0.08399283461101856,0.05294381992741105,0.5564718387352322,0.2698527484468157,0.03673875827952239,3,0.012839603722178114,0.05186878022552084,0.35792689323241234,-0.4448536539934346,0.02221837681332323,0.573464611075647,4,0.8179073370297822,1.164655053550562,0.34674771652077974
tm387110,petar musa_1998,2223,0.005497380677770816,0.07053866725446524,0.012137970847579688,0.008110040369983949,0.9037159408502003,5,2324,0.007760355141428196,0.14058137666644335,0.06793166163550794,0.011548860001059468,0.7721777465555609,5,0.00226297446365738,0.07004270941197811,0.05579369078792826,0.003438819631075519,-0.13153819429463942,0.08964297857271362,2,0.39973050253903464,0.7473677892840304,0.3476372867449957
tm38780,vitor gomes_1987,2223,0.03541648962640357,0.00018600046480278247,0.009907146359045722,0.953452895625796,0.0010374679239519024,4,2324,0.03715654082683728,0.0019804750742296296,0.007254621023720549,0.9502824234731829,0.0033259396020296054,4,0.0017400512004337107,0.0017944746094268472,-0.002652525335325173,-0.003170472152613124,0.0022884716780777027,0.00483070405107223,4,0.21820074371355333,0.23784508789676737,0.019644344183214035
tm392655,bogdan milovanov_1998,2223,0.993712479628924,9.364880338097596e-05,0.0003561048009565024,0.004509615778586047,0.0013281509881525816,1,2324,0.9485603603034624,0.0005488828073998626,0.0028196202572219305,0.04114995318089177,0.006921183451024258,1,-0.04515211932546159,0.0004552340040188866,0.002463515456265428,0.036640337402305725,0.005593032462871676,0.058202271011853136,1,0.04312048261782941,0.23647903698507972,0.1933585543672503
tm394328,rafik guitane_1999,2223,0.02367695465380384,0.001150091806596247,0.20367378281064508,0.7674570797506395,0.004042090978315289,4,2324,0.03572348020289535,0.2559960396433307,0.32504292657194095,0.34131777765637394,0.041919775925459105,4,0.012046525549091507,0.2548459478367344,0.12136914376129587,-0.42613930209426554,0.037877684947143817,0.5112893014266446,4,0.6459064343385691,1.332995850321886,0.6870894159833169
tm401931,jo_1995,2223,0.0048483832453096775,0.9414342292040474,0.008003322004871838,0.004964123219038223,0.04074994232673298,2,2324,0.011263664661335864,0.34223695645915114,0.24968978834202568,0.024750390807537073,0.37205919972995033,5,0.006415281416026187,-0.5991972727448962,0.24168646633715385,0.01978626758849885,0.33130925740321737,0.6464382197056361,2,0.2780424179039117,1.2233539047228021,0.9453114868188904
tm402112,morlaye sylla_1998,2223,0.030432997468335735,0.0019732941584498643,0.22963182985622932,0.732868216711715,0.005093661805270167,4,2324,0.025409505225140492,0.00797334291068426,0.37491656456944833,0.5842863199190268,0.007414267375700075,4,-0.005023492243195243,0.0060000487522343954,0.145284734713219,-0.14858189679268818,0.002320605570429908,0.20795545257229997,4,0.7110819559747192,0.8499934075360586,0.13891145156133933
tm409884,miguel nobrega_2000,2223,0.9534912615340466,0.0004165950092600902,0.009321801327753832,0.034696808497817554,0.0020735336311220915,1,2324,0.9997598964959399,3.7437069452660792e-06,1.115340675850757e-05,0.00021456422267216558,1.0642167684005067e-05,1,0.04626863496189326,-0.00041285130231482416,-0.009310647920995325,-0.03448224427514539,-0.0020628914634380864,0.0584522913357063,1,0.22166674272162584,0.0023483077266661274,-0.2193184349949597
tm410183,joao othavio basso_1997,2223,0.9989240854562587,1.212390160774001e-05,0.0001255525254311038,0.0008253402852356008,0.00011289783146662695,1,2324,0.9991942633224679,1.8482395184094192e-05,3.523929020010255e-05,0.0007094807900419254,4.253420210616253e-05,1,0.00027017786620919804,6.358493576354183e-06,-9.031323523100126e-05,-0.0001158594951936754,-7.036362936046442e-05,0.00030759781032110633,1,0.0092262057418104,0.006940710978437533,-0.0022854947633728674
tm410281,renato pantalon_1997,2223,0.9869882508786062,0.000810413630239455,0.00202279035872075,0.006126090770493773,0.004052454361939754,1,2324,0.9915539026249159,0.0011246816942011276,0.0004720596187276553,0.0058576156560752775,0.000991740406080058,1,0.00456565174630974,0.0003142680639616726,-0.0015507307399930947,-0.0002684751144184953,-0.0030607139558596957,0.004839502557043332,1,0.08477947266421734,0.05662957181137059,-0.02814990085284675
tm412669,francisco trincao_1999,2223,0.011414230091990711,0.5014145663929636,0.3638038045051644,0.02962042825799269,0.09374697075188859,2,2324,0.01501878842835732,0.15038881758360162,0.5704589719140056,0.048425525721916475,0.21570789635211904,3,0.003604558336366609,-0.35102574880936194,0.2066551674088412,0.018805097463923785,0.12196092560023045,0.4077892336432846,2,1.091205559141622,1.1456572142294978,0.05445165508787575
tm413118,sikou niakate_1999,2223,0.9441762440147692,0.004857777724585607,0.013457353632917795,0.01814914879086336,0.019359475836864037,1,2324,0.995643145630011,0.00018232683333700608,0.00026149166442676446,0.003452655437531601,0.00046038043469377645,1,0.05146690161524181,-0.004675450891248601,-0.01319586196849103,-0.014696493353331761,-0.01889909540217026,0.05532467345484698,1,0.2872185732654916,0.031183279882166525,-0.2560352933833251
tm415525,kanya fujimoto_1999,2223,0.009069794839817463,0.00013863092870882338,0.01720334545530346,0.9723573319665215,0.0012308968096486096,4,2324,0.047777574289837504,0.04674968666500958,0.6735152380752898,0.19621640752822225,0.03574109344164088,3,0.03870777945002004,0.046611055736300755,0.6563118926199863,-0.7761409244382993,0.03451019663199227,1.0182391259862147,4,0.149280296252472,0.9933117691872029,0.8440314729347309
tm415642,joao queiros_1998,2223,0.9959952391174455,7.359697346828087e-05,0.00024182767790936684,0.003177349276903816,0.0005119869542729161,1,2324,0.903712494422786,0.024761513222083722,0.023201527726257498,0.0368385035206828,0.011485961108189833,1,-0.09228274469465947,0.02468791624861544,0.02295970004834813,0.03366115424377898,0.010973974153916917,0.10385479915926826,1,0.028865533279483727,0.4433101022649445,0.4144445689854608
tm425028,jose luis rodriguez_1998,2223,0.00730313186278723,0.23682185896215888,0.5725237627833774,0.04482205980669433,0.1385291865849823,3,2324,0.0036273129324433857,0.006131389698934086,0.9533597194439904,0.024529506951029165,0.012352070973602764,3,-0.003675818930343844,-0.23069046926322478,0.3808359566606131,-0.020292552855665162,-0.12617711561137954,0.44573469445478425,3,1.109355885315869,0.24238006553649374,-0.8669758197793752
tm426620,pedro goncalves_1998,2223,0.006110645022677263,0.021370607103029713,0.8203419826197184,0.0488095453231027,0.10336721993147176,3,2324,0.009360237258911825,0.05037453831250069,0.6601156063833542,0.028108524558663747,0.25204109348656967,3,0.0032495922362345614,0.029003931209470975,-0.16022637623636415,-0.020701020764438954,0.14867387355509792,0.1641731152711435,3,0.6577767648092622,0.9161781034977081,0.25840133868844595
tm429309,jordan holsgrove_1999,2223,0.017446890588778078,0.0012912102946897078,0.09340975450715414,0.8847671714436508,0.0030849731657272292,4,2324,0.024100023511147515,0.005400944990637063,0.6367387336795779,0.31923005249848274,0.014530245320154704,3,0.006653132922369437,0.004109734695947356,0.5433289791724237,-0.5655371189451681,0.011445272154427474,0.7842829633558943,4,0.42683438866535345,0.8314019542490949,0.40456756558374146
tm445517,heriberto tavares_1997,2223,0.0722291204719742,0.0176087840459889,0.4381066728350966,0.1900841550702541,0.2819712675766862,3,2324,0.004500610635703305,0.26060710825992783,0.6516410150032421,0.07507752644512954,0.008173739655997252,3,-0.0677285098362709,0.24299832421393894,0.21353434216814554,-0.11500662862512458,-0.27379752792068895,0.349941104370899,2,1.2950623187602404,0.8875241747480535,-0.4075381440121869
tm448264,afonso freitas_2000,2223,0.6340468454983945,0.0007161121510397371,0.031387729250709415,0.3304222165926482,0.0034270965072081346,1,2324,0.015279842662198255,0.001964074460019211,0.013780916929426871,0.9665300201005079,0.0024451458478476364,4,-0.6187670028361962,0.001247962308979474,-0.01760681232128254,0.6361078035078598,-0.0009819506593604982,0.8875907270428892,4,0.7880783273132985,0.18278163841530115,-0.6052966888979974
tm448470,andre franco_1998,2223,0.027512869920762184,0.014410723704679515,0.6559196467492955,0.2891472501472411,0.01300950947802185,3,2324,0.0118001561495549,0.0018130029988831914,0.16655516110017793,0.8121877544197142,0.0076439253316697925,4,-0.015712713771207282,-0.012597720705796324,-0.48936448564911755,0.5230405042724732,-0.005365584146352058,0.7165574372409134,4,0.8518350474429504,0.5685814371823612,-0.28325361026058915
tm448920,enea mihaj_1998,2223,0.983070589006994,0.00028670938545684045,0.0017078733937539922,0.011585685979783489,0.003349142234011714,1,2324,0.9990576863462541,6.601088798074784e-05,8.056542387829264e-05,0.0006395888323246415,0.00015614850956211627,1,0.01598709733926018,-0.00022069849747609262,-0.0016273079698756996,-0.010946097147458847,-0.003192993724449598,0.01944482355672573,1,0.10074317296694764,0.008409284879901703,-0.09233388808704593
tm450173,gaius makouta_1997,2223,0.017827305502098042,0.0005060652903532565,0.04894224243672808,0.9301309768765321,0.002593409894288613,4,2324,0.017032491995097283,0.0013706030085927938,0.02310962865195335,0.9569543535449353,0.0015329227994213888,4,-0.0007948135070007592,0.0008645377182395373,-0.025832613784774732,0.026823376668403176,-0.001060487094867224,0.03725851077036681,4,0.30610823537351595,0.21750827202786993,-0.08859996334564602
tm452607,alexander bah_1997,2223,0.5961095851129351,0.002352518429670867,0.06549511648041748,0.2835596962012968,0.05248308377567973,1,2324,0.559138245841769,0.01950980860484231,0.15531206184318166,0.14652005624669265,0.11951982746351444,1,-0.03697133927116614,0.017157290175171445,0.08981694536276419,-0.13703963995460414,0.06703674368783472,0.1688437121329782,4,1.0132102130958984,1.2264054580734611,0.2131952449775627
tm454121,galeno_1997,2223,0.028456032195786518,0.1228069592338552,0.5498818186827397,0.16542395804031207,0.13343123184730657,3,2324,0.013023418969326926,0.05512487384650336,0.7478947739365298,0.06891422454983341,0.11504270869780658,3,-0.015432613226459592,-0.06768208538735185,0.19801295525379015,-0.09650973349047866,-0.018388523149499986,0.23095949718537448,3,1.2540787749809776,0.8666657858475495,-0.38741298913342814
tm454576,robert bozenik_1999,2223,0.00013465498670442655,0.9970023098287352,0.0009005872157164565,0.00019360104874405237,0.0017688469200998114,2,2324,0.0030791552752753486,0.8602638365311667,0.03835433310799831,0.0061962461967431555,0.09210642888881657,2,0.002944500288570922,-0.1367384732975685,0.03745374589228185,0.0060026451479991035,0.09033758196871676,0.14193271290240198,2,0.023373851825284557,0.5235167696662284,0.5001429178409439
tm461629,gustavo assuncao_2000,2223,0.3409242438040931,0.005993975675256479,0.04913839747434529,0.5502763862378083,0.05366699680849699,4,2324,0.04606214807825137,0.0012054111288081072,0.005774627053448699,0.9417094589517763,0.005248354787715576,4,-0.2948620957258417,-0.004788564546448371,-0.04336377042089659,0.391433072713968,-0.048418642020781416,0.49200289922485796,4,1.031270453358845,0.2637446196394415,-0.7675258337194035
tm461937,nuno goncalo moreira_1999,2223,0.027019783071514702,0.0464621010209152,0.547392872091066,0.3550691386055216,0.024056105210982483,3,2324,2.2208356399879527e-41,1.0516471825514634e-40,1.0,3.4601450456008196e-40,2.3798619784997737e-41,3,-0.027019783071514702,-0.0464621010209152,0.452607127908934,-0.3550691386055216,-0.024056105210982483,0.5777682069243258,3,1.02734348508661,1.1052408446371418e-10,-1.027343484976086
tm461939,tomas costa silva_1999,2223,0.4395481796279835,0.008037686108927827,0.1377326163942546,0.3077384280779008,0.10694308979093343,1,2324,0.40068417779132703,0.006196705726015385,0.14119677314505893,0.3900427763149845,0.06187956702261412,1,-0.03886400183665645,-0.001840980382912442,0.0034641567508043314,0.08230434823708371,-0.04506352276831931,0.0911032708976752,4,1.2748677281818814,1.2137765414043686,-0.061091186777512796
tm469822,david neres_1997,2223,0.0030347386794267774,0.02322175397173919,0.9129543335505551,0.02511808126954885,0.035671092528730027,3,2324,0.014767841099304648,0.09492585048436712,0.284698812960929,0.03961360799975822,0.565993887455641,5,0.01173310241987787,0.07170409651262794,-0.6282555205896261,0.014495526730209374,0.530322794926911,0.6326090914582368,3,0.3995579668349037,1.0934864327238276,0.693928465888924
tm471582,zaydou youssouf_1999,2223,0.08494424955001402,0.0024950903987876003,0.009259534510315736,0.8938912866085774,0.009409838932305166,4,2324,0.01346803604399113,0.0015354570965422176,0.014559197484662018,0.9681166305861505,0.002320678788654222,4,-0.07147621350602289,-0.0009596333022453827,0.005299662974346283,0.07422534397757308,-0.007089160143650944,0.10318555184454871,4,0.4119354593975902,0.1749860164942817,-0.2369494429033085
tm478365,moura_1999,2223,0.9518015447395944,0.0005762157780004306,0.016287550588740995,0.027739656499243148,0.0035950323944211543,1,2324,0.9136122422849379,0.0014695357786577924,0.03307970142218382,0.0409785840794196,0.010859936434800838,1,-0.03818930245465657,0.0008933200006573618,0.016792150833442824,0.013238927580176453,0.007264904040379684,0.0437774642445524,1,0.23805465915548762,0.3849232250029963,0.14686856584750868
tm479638,tiago gouveia_2001,2223,0.004597878579427827,0.0109558262712144,0.9419383548289368,0.038522215859943414,0.003985724460477543,3,2324,0.014183131589195777,0.27657426401974916,0.20006290575699026,0.04690285714081495,0.4622768414932498,5,0.00958525300976795,0.2656184377485348,-0.7418754490719466,0.008380641280871536,0.45829111703277225,0.7880954565477551,3,0.27801195579279775,1.2379557162784196,0.9599437604856218
tm479648,felix correia_2001,2223,0.008626852443945189,0.05385881897073203,0.8409561217667629,0.06688050765053524,0.02967769916802457,3,2324,0.0051875185364230565,0.15394441225174244,0.8017063061114919,0.02503824773378064,0.014123515366561978,3,-0.0034393339075221322,0.10008559328101041,-0.03924981565527108,-0.0418422599167546,-0.01555418380146259,0.11541350763256994,2,0.6293005287725061,0.6450265549150996,0.015726026142593552
tm481627,sandro cruz_2001,2223,0.8663799520479388,0.0009361691688921445,0.012429528326843266,0.10227544459183571,0.017978905864489993,1,2324,0.7021064931703419,0.0012218668060219593,0.012336512176685053,0.28139713275575373,0.00293799509119742,1,-0.16427345887759692,0.00028569763712981485,-9.301615015821357e-05,0.17912168816391802,-0.015040910773292573,0.24304410862525647,4,0.49077775978572363,0.6846678647941636,0.19389010500844
tm481628,tiago araujo_2001,2223,0.1833251827642771,0.006813832150773952,0.4746537345853986,0.2995680338405866,0.035639216658963746,3,2324,0.2790168749565182,0.0041244946588063994,0.14398860459854002,0.561212224402095,0.011657801384040578,4,0.09569169219224113,-0.0026893374919675526,-0.3306651299868586,0.26164419056150834,-0.023981415274923167,0.4323901515235671,3,1.1786360364837463,1.0339457372920933,-0.144690299191653
tm482145,abass issah_1998,2223,0.0003708361091008967,0.993328955083714,0.003555219315303475,0.0006982947408364488,0.002046694751045195,2,2324,0.010765261760427967,0.12043837597528563,0.21556793719977607,0.04883908090112042,0.60438934416339,5,0.010394425651327071,-0.8728905791084284,0.2120127178844726,0.04814078616028397,0.6023426494123447,0.899618216254962,2,0.0473739285011483,1.086276819003014,1.0389028905018658
tm483573,martin agirregabiria_1996,2223,0.8317261735427613,0.0006756754259426986,0.034513133836991346,0.10371748492393322,0.029367532270371303,1,2324,0.9916807826738679,0.00015650265349854484,0.0014125214807052427,0.005988187546731072,0.0007620056451971748,1,0.1599546091311066,-0.0005191727724441537,-0.033100612356286106,-0.09772929737720215,-0.028605526625174127,0.19034813533853034,1,0.6130023544139764,0.05504356802215347,-0.557958786391823
tm490760,duplexe tchamba_1998,2223,0.9962306206697286,2.9072176245551918e-05,0.00031248633575720806,0.0031886012668015445,0.00023921955146713497,1,2324,0.9965422600123406,0.0001235257712669486,0.0004833103059908065,0.0026869104042486366,0.00016399350615311194,1,0.00031163934261202453,9.445359502139667e-05,0.00017082397023359845,-0.000501690862552908,-7.522604531402303e-05,0.0006220250090242119,4,0.026911282812188297,0.025587487866442174,-0.0013237949457461234
tm495601,victor gomez_2000,2223,0.7917027276148773,0.0006231581589030644,0.10951660305095612,0.08492628964111847,0.013231221534145287,1,2324,0.9432085010890071,0.0006510100444066378,0.013401942832240565,0.0377433350197311,0.00499521101461463,1,0.15150577347412986,2.7851885503573422e-05,-0.09611466021871555,-0.047182954621387364,-0.008236010519530657,0.18552158711989533,1,0.6983855647303542,0.2678717153630244,-0.4305138493673298
tm498237,david carmo_1999,2223,0.9997496673533494,7.905663032198282e-06,2.6345112143281484e-05,0.00017996700120519264,3.611487027009878e-05,1,2324,0.9367527625121373,0.0026969980510925017,0.001996519717859676,0.05062638788809355,0.007927331830816911,1,-0.06299690484121201,0.002689092388060303,0.001970174605716395,0.05044642088688836,0.007891216960546812,0.08077477456309204,1,0.002542185485892116,0.27894983831600306,0.27640765283011093
tm503212,abdul aziz yakubu_1998,2223,0.002874866224968094,0.9150217209467915,0.030561429181420626,0.004226237600848988,0.047315746045970955,2,2324,0.013716599274477515,0.6230861003104207,0.08120986205337224,0.01900227870791228,0.26298515965381725,2,0.01084173304950942,-0.2919356206363708,0.050648432871951615,0.01477604110706329,0.2156694136078463,0.2968628385551853,2,0.3721412071688426,0.9840592458162656,0.611918038647423
tm504075,rafael brito_2002,2223,0.8445469468514847,0.001021191858126192,0.002818834463104409,0.14207309294402767,0.00953993388325696,1,2324,0.23987971827769045,0.011807620845951706,0.04685724128823548,0.3851441275185813,0.31631129206954123,4,-0.6046672285737942,0.010786428987825513,0.04403840682513107,0.24307103457455362,0.30677135818628426,0.6532700157563196,1,0.4878994164849911,1.269848083247462,0.7819486667624709
tm504087,tomas araujo_2002,2223,0.9854105758977775,7.522706847849581e-05,0.0009656291137225491,0.012633098839621673,0.0009154690803996814,1,2324,0.9004506325745413,0.023235042026586165,0.014393853060454018,0.03952846354491783,0.022392008793500614,1,-0.0849599433232362,0.02315981495810767,0.013428223946731469,0.02689536470529616,0.021476539713100932,0.09304970090965235,1,0.08353032103021751,0.45565162044852403,0.3721212994183065
tm504503,joao mendes_1994,2223,0.022483435349694835,0.011390497195131452,0.18503295297480069,0.7746313040110305,0.006461810469342462,4,2324,0.013899188073144981,0.07954581203904201,0.7167613169123748,0.10889997970291447,0.0808937032725236,3,-0.008584247276549854,0.06815531484391056,0.5317283639375741,-0.6657313243081161,0.07443189280318113,0.8547818934813399,4,0.6788834309684946,0.944369873372077,0.26548644240358243
tm512913,stephen eustaquio_1996,2223,0.009517204447714417,0.0005575109620432789,0.087519021506105,0.8973122901495006,0.005093972934636566,4,2324,0.0022187634956479622,0.0002458630678454699,0.016801418595718615,0.980233143331817,0.0005008115089709337,4,-0.007298440952066455,-0.000311647894197809,-0.07071760291038638,0.08292085318231635,-0.004593161425665632,0.10922550809501923,4,0.3857833033601868,0.10763323571310238,-0.2781500676470844
tm514304,nelson_1998,2223,0.07962937325139556,0.1393493819343375,0.3764486100657035,0.3619701642271196,0.04260247052144391,3,2324,0.14209992515664288,0.13619037015688856,0.23559659256061113,0.3577627046124316,0.12835040751342572,4,0.06247055190524732,-0.003159011777448928,-0.14085201750509238,-0.004207459614687992,0.0857479369919818,0.1541737421301706,3,1.3461765099051983,1.520619663498176,0.17444315359297757
tm520662,pepe_1997,2223,0.11351870709041408,0.006171163506608115,0.37512635564645735,0.47363374095349237,0.03155003280302809,4,2324,0.019989118535181708,0.03857653762278881,0.8102185654700346,0.10551581959363789,0.025699958778357155,3,-0.09352958855523237,0.03240537411618069,0.4350922098235772,-0.3681179213598545,-0.005850074024670932,0.5784582329627477,3,1.1091982223620585,0.7056794966522582,-0.4035187257098003
tm524315,hidemasa morita_1995,2223,0.14908201584972877,0.03477248802847674,0.21928308332570012,0.5193648385893793,0.07749757420671509,4,2324,0.01542339550786555,0.0005254099475190885,0.008606984738430266,0.9743906139825224,0.001053595823662921,4,-0.1336586203418632,-0.03424707808095765,-0.21067609858726985,0.45502577539314304,-0.07644397838305217,0.5200676532306712,4,1.2717402003042952,0.1417413190032266,-1.1299988813010686
tm525602,alejandro marques_2000,2223,0.1468243658366573,0.40304272602417196,0.2354700490914146,0.08670408499623168,0.12795877405152442,2,2324,0.010979150282421253,0.8053750725463537,0.05405225296326278,0.013183848139525278,0.11640967606843719,2,-0.13584521555423607,0.4023323465221817,-0.18141779612815184,-0.0735202368567064,-0.011549097983087231,0.4675926449661966,2,1.4635681561561327,0.6889953210694955,-0.7745728350866372
tm526111,alex mendez_2000,2223,0.004578681648684295,0.0003507022986865591,0.059233335286914546,0.9345017812918186,0.0013354994738959407,4,2324,0.025522349861341904,0.01611875845783807,0.7567854634663521,0.0962805569836217,0.10529287123084623,3,0.02094366821265761,0.01576805615915151,0.6975521281794376,-0.8382212243081969,0.10395737175695029,1.0908166946108018,4,0.26700555741480236,0.8334120328052793,0.566406475390477
tm530032,quaresma_1996,2223,0.9239778962712996,0.0003341481272563563,0.005139211601794853,0.06757817083542315,0.0029705731642258046,1,2324,0.08606978255850709,0.014336294877040379,0.4502567357572447,0.15431875221893337,0.2950184345882744,3,-0.8379081137127925,0.014002146749784023,0.4451175241554498,0.08674058138351022,0.2920478614240486,0.9528586494902375,1,0.30219195724097975,1.2797431504930612,0.9775511932520815
tm53286,mauricio_1988,2223,0.31049032361728485,0.07572120884573458,0.06401151360839621,0.41846486158746893,0.13131209234111552,4,2324,0.11541071670726707,0.002334602050062231,0.006370521609447793,0.8649570634925757,0.010927096140647147,4,-0.19507960691001777,-0.07338660679567234,-0.05764099199894842,0.4464922019051068,-0.12038499620046837,0.4961042404675082,4,1.3656495312894927,0.4703951730948933,-0.8952543581945994
tm537602,joao mario lopes_2000,2223,0.5530268559498922,0.0018107702591776602,0.12520440073251637,0.29573613417501077,0.024221838883403096,1,2324,0.5574979558289755,0.008704297112858275,0.06367260226946334,0.35635591650669207,0.013769228282010866,1,0.00447109987908334,0.0068935268536806146,-0.06153179846305304,0.060619782331681304,-0.01045261060139223,0.08676653547681475,3,1.0495776700353836,0.9690937066741622,-0.08048396336122143
tm539154,leandro sanca_2000,2223,0.019361636565123224,0.5015088198675796,0.16804860237805747,0.11091170669773724,0.20016923449150242,2,2324,0.0006980596756119526,0.0023110375172459554,0.9918999853952776,0.003150514531019571,0.0019404028808449666,3,-0.01866357688951127,-0.49919778235033363,0.82385138301722,-0.10776119216671767,-0.19822883161065746,0.9694794122839226,3,1.2880823911369788,0.05743330178696085,-1.230649089350018
tm539183,anderson jesus_1995,2223,0.9064469084484313,0.0074261960381682675,0.029027614885328103,0.02663295836367449,0.030466322264397678,1,2324,0.9883960484468944,0.000248666461929537,0.0007124836070767509,0.00990344732515479,0.0007393541589444573,1,0.0819491399984631,-0.0071775295762387305,-0.028315131278251353,-0.016729511038519704,-0.029726968105453222,0.08859346294280435,1,0.43110855807737847,0.06979703077040929,-0.3613115273069692
tm539252,costinha_2000,2223,0.06309639840398645,0.008403851891058295,0.3508134766598483,0.5128641304224968,0.06482214262261014,4,2324,0.028981801397970332,0.009557036831617096,0.6293386245380327,0.2979181954092479,0.03420434182313188,3,-0.03411459700601612,0.0011531849405588008,0.2785251478781844,-0.21494593501324888,-0.030617800799478262,0.3534729813488922,3,1.101803506968705,0.9147230567841127,-0.1870804501845924
tm544784,zaidu sanusi_1997,2223,0.9364446288336723,0.0010661690439286147,0.012291527154225702,0.04328518401374656,0.006912490954426777,1,2324,0.6012960164996366,0.0905285740992327,0.04556944331840428,0.1412987641146734,0.12130720196805313,1,-0.3351486123340357,0.08946240505530409,0.03327791616417858,0.09801358010092684,0.11439471101362635,0.36199750808001424,1,0.29315533675984473,1.1964532853754104,0.9032979486155657
tm54716,steven vitoria_1987,2223,0.9751034319691475,0.0010312708327373,0.0072415579740626205,0.014336360745564457,0.002287378478488396,1,2324,0.989633806471073,0.002399141450410938,0.0009336722653708731,0.005998452030956895,0.001034927782188256,1,0.014530374501925514,0.0013678706176736381,-0.006307885708691748,-0.008337908714607562,-0.0012524506963001402,0.017953077648134547,1,0.14212714971007956,0.06910220255580016,-0.0730249471542794
tm54781,nicolas otamendi_1988,2223,0.950329427175557,0.0002937919376001168,0.0018433628842339394,0.04401326726658425,0.0035201507360248904,1,2324,0.9945821499516332,0.00020548377868699974,0.00046759629123344657,0.004160852713941667,0.0005839172645045895,1,0.04425272277607617,-8.830815891311706e-05,-0.001375766593000493,-0.03985241455264258,-0.002936233471520301,0.05956860709149808,1,0.219762738001682,0.037890861681295775,-0.18187187632038623
tm549006,goncalo inacio_2001,2223,0.9881648744805372,8.242202555394861e-05,0.0014198632963682565,0.009254096711991743,0.0010787434855487564,1,2324,1.0,1.1922385041118553e-41,2.2208356399879527e-41,3.4178443443857126e-40,2.3798619784997737e-41,1,0.011835125519462752,-8.242202555394861e-05,-0.0014198632963682565,-0.009254096711991743,-0.0010787434855487564,0.015090768939553911,1,0.0725541879381229,1.1052408446371418e-10,-0.07255418782759882
tm550179,joao carlos_1995,2223,0.0059452739210909275,0.8397947927518743,0.1161811437232041,0.009800195122399205,0.028278594481431347,2,2324,0.008810723402139037,0.08016978693950416,0.01603714715585196,0.012338605131271357,0.8826437373712334,5,0.0028654494810481093,-0.7596250058123701,-0.10014399656735214,0.0025384100088721526,0.854365142889802,0.7662072982098427,2,0.5733497356976286,0.4746987648224222,-0.09865097087520641
tm550631,masaki watai_1999,2223,0.018454446362281145,0.017907185852861263,0.8657811345272465,0.074106499126346,0.023750734131265078,3,2324,0.46029122635845665,0.017292891439402203,0.0522684913192329,0.44929196431194585,0.02085542657096259,1,0.4418367799961755,-0.00061429441345906,-0.8135126432080135,0.37518546518559986,-0.002895307560302488,0.9988929229205896,3,0.5521650546170161,1.021750510226049,0.46958545560903275
tm553062,vitor carvalho_1997,2223,0.06121132765604741,0.0013463576455912051,0.008152394202898879,0.9249590659227958,0.004330854572666805,4,2324,0.038465008516419645,0.0007767261693855597,0.0037076480137134315,0.9544428494335624,0.00260776786691891,4,-0.02274631913962776,-0.0005696314762056455,-0.004444746189185447,0.029483783510766637,-0.001723086705747895,0.03750691633841035,4,0.31481814694535076,0.21165154682727047,-0.10316660011808029
tm560903,patrick_1997,2223,0.9771368669394461,0.00027945642877552266,0.0016820956117235115,0.019168283007102896,0.001733298012952,1,2324,0.8862838136508019,0.003596447452086353,0.005566186875192098,0.09084267564467947,0.013710876377240052,1,-0.09085305328864424,0.0033169910233108307,0.003884091263468587,0.07167439263757658,0.011977578364288052,0.11583429736579058,1,0.12245198398580075,0.4328362181340462,0.31038423414824545
tm565232,andre silva_1997,2223,0.0026349490641046315,0.9609466287592534,0.028354436756550964,0.0033882163688921598,0.004675769051198809,2,2324,0.008102847672596175,0.8411836940585977,0.07279998672593688,0.0065515897811370735,0.07136188176173205,2,0.005467898608491543,-0.11976293470065569,0.04444554996938591,0.0031633734122449137,0.06668611271053325,0.12790024349755064,2,0.19931290516780226,0.5965735851832198,0.39726068001541753
tm567497,filipe relvas_1999,2223,0.9729802449451536,0.00021915067471328317,0.0028811291037075196,0.020410833421944847,0.003508641854480723,1,2324,0.9687802418631857,0.0018525913319088478,0.004388350621522708,0.016948615540004534,0.008030200643378114,1,-0.004200003081967885,0.0016334406571955648,0.0015072215178151887,-0.0034622178819403125,0.004521558788897391,0.005879355715970211,1,0.14461658836838387,0.17405694401210794,0.029440355643724075
tm567587,habib sylla_1999,2223,0.9837799257595414,9.841753371102019e-05,0.0022355687457422915,0.013031470486213182,0.0008546174747919941,1,2324,0.7118094014275922,0.003577200080209433,0.01240449577481763,0.2589042309840485,0.013304671733332165,1,-0.27197052433194924,0.0034787825464984126,0.010168927029075339,0.24587276049783535,0.01245005425854017,0.36679270639579215,1,0.0932394856244884,0.7239069961725011,0.6306675105480127
tm57723,ivan marcano_1987,2223,0.9391583708262171,0.004902460986696076,0.021924769778606128,0.020042307032601056,0.01397209137587973,1,2324,0.3558252883625534,0.24296166558578694,0.06387725015709307,0.06858325016304187,0.2687525457315247,1,-0.5833330824636638,0.23805920459909086,0.041952480378486944,0.048540943130440814,0.25478045435564495,0.6332976423142687,1,0.306813215697707,1.4240617348752238,1.1172485191775168
tm581121,tiago esgaio_1995,2223,0.9498919434889606,0.00014125995828204434,0.004086037083652674,0.04375185092838977,0.0021289085407148866,1,2324,0.9930119189221664,0.00017209814097973714,0.0008783874230312919,0.005014657684197377,0.000922937829625047,1,0.04311997543320589,3.0838182697692795e-05,-0.003207649660621382,-0.03873719324419239,-0.0012059707110898396,0.05805335812110252,1,0.2225639146601815,0.04764085327000529,-0.17492306139017622
tm58267,andre castro_1988,2223,0.09213844001386448,0.006967437954073816,0.09366404840723096,0.7735295209020517,0.03370055272277907,4,2324,0.05522193160122148,0.01894707983015899,0.2640703271642305,0.6243643320904485,0.03739632931394055,4,-0.036916508412643004,0.011979641876085172,0.17040627875699954,-0.14916518881160323,0.0036957765911614857,0.2297713946640649,3,0.7889935927938583,1.0036908224891727,0.21469722969531446
tm585264,pedrao_1997,2223,0.9994364487469838,1.046880538022013e-05,5.2482694429650044e-05,0.00046066963959336116,3.9930113612753725e-05,1,2324,0.982720594997006,0.0018671322676949876,0.001957286916352647,0.010648219945536403,0.0028067658734100276,1,-0.01671585374997775,0.0018566634623147673,0.0019048042219229969,0.010187550305943042,0.0027668357597972737,0.019755541657036784,1,0.005144331353555685,0.1059269745080876,0.10078264315453192
tm588114,rodrigo martins_1998,2223,0.0038289803907452383,0.8921481328407331,0.0722228322863839,0.01403221564416632,0.017767838837971516,2,2324,0.042590660303653244,0.11087235926865201,0.398777617581203,0.39047687210052706,0.05728249074596464,3,0.038761679912908006,-0.7812757735720811,0.32655478529481907,0.3764446564563607,0.03951465190799312,0.9274928082598902,2,0.4444030316978501,1.2759013481634471,0.831498316465597
tm58965,ruben lima_1989,2223,0.934142956171914,0.0010284413819799285,0.01551237888098797,0.03704912189122,0.012267101673898072,1,2324,0.5052777834619928,0.0012402878577040368,0.0437479697589957,0.4426165691961846,0.007117389725122883,1,-0.4288651727099212,0.00021184647572410824,0.028235590878007727,0.4055674473049646,-0.005149711948775189,0.5909378851860281,1,0.3114222510213241,0.8860800879847467,0.5746578369634225
tm59084,fernando varela_1987,2223,0.9954102985977203,9.562810950623489e-05,0.0008379640060537947,0.003151466903679644,0.0005046423830400916,1,2324,0.9957888152034714,0.0001861958446246245,0.0002416862104505044,0.0032328033339793136,0.000550499407474189,1,0.00037851660575105583,9.056773511838961e-05,-0.0005962777956032903,8.133643029966959e-05,4.585702443409738e-05,0.0007166869329750524,3,0.033383948284548486,0.030483749150670408,-0.002900199133878078
tm594069,yuki soma_1997,2223,0.009832379655681152,0.17057912569802694,0.7239734901431498,0.05317173677603469,0.04244326772710742,3,2324,0.010829180989350836,0.523739771451275,0.37891454086339166,0.045218790098856154,0.041297716597126416,2,0.0009968013336696842,0.3531606457532481,-0.34505894927975816,-0.007952946677178538,-0.0011455511299810067,0.4938140977743049,2,0.871089738539113,1.0270792726685485,0.1559895341294355
tm595012,ibrahima camara_1999,2223,0.001593457812606058,4.1674195568273104e-05,0.01654569013475624,0.9815360727815168,0.00028310507555259464,4,2324,0.8514016665889369,0.0013402127059851357,0.002380335481983289,0.14239840396368011,0.002479381259414584,1,0.8498082087763309,0.0012985385104168625,-0.01416535465277295,-0.8391376688178367,0.0021962761838619895,1.1943736276422765,1,0.0991547091503852,0.45263808378487475,0.35348337463448953
tm596067,felippe cardoso_1998,2223,0.0008946496697026129,0.9799556106578142,0.0025263521495210812,0.0007059480380587625,0.015917439484903297,2,2324,0.0012760766761494807,0.9688074604891656,0.010845585885118178,0.001985353579537819,0.017085523370029047,2,0.0003814270064468678,-0.011148150168648674,0.008319233735597096,0.0012794055414790564,0.0011680838851257508,0.01397402115466599,2,0.11225776722699768,0.17015277354678018,0.057895006319782505
tm596884,adrian butzke_1999,2223,0.010618946385398037,0.8020688546887851,0.12986241076982427,0.020262266624480715,0.03718752153151181,2,2324,0.03848290643231465,0.7171582550109592,0.13543779884559917,0.05430580544727837,0.05461523426384876,2,0.02786396004691661,-0.08491059967782588,0.005575388075774901,0.03404353882279766,0.017427712732336953,0.09579278519240891,2,0.6916705034667904,0.9515484284309947,0.25987792496420437
tm607093,savio_1995,2223,0.8278472414647754,0.0005641032109414007,0.07652915370084751,0.07820616430416129,0.016853337319274433,1,2324,0.4309194507482684,0.006259011630693064,0.07579881625064804,0.33305730746280116,0.1539654139075894,1,-0.396927790716507,0.005694908419751663,-0.0007303374501994725,0.2548511431586399,0.13711207658831495,0.47173482125772026,1,0.625425133637899,1.2443056225381555,0.6188804889002565
tm610238,pedro ortiz_2000,2223,0.5884530034743395,0.0026755286628203858,0.009887612040775741,0.3744772587518187,0.024506597070245648,1,2324,0.06241234121165472,0.0008813423508731007,0.0022097328329271143,0.932168920260732,0.0023276633438131383,4,-0.5260406622626848,-0.001794186311947285,-0.007677879207848627,0.5576916615089133,-0.02217893372643251,0.7666817701002082,4,0.8322377231720363,0.2724320933333649,-0.5598056298386713
tm610335,ivan jaime pajuelo_2000,2223,0.0058710289896249926,0.1015042904414299,0.7824745918877203,0.04537831944655445,0.06477176923467036,3,2324,0.03687082964447806,0.060858360269098334,0.5248220906877988,0.15574132762485754,0.22170739177376728,3,0.03099980065485307,-0.04064593017233157,-0.25765250119992145,0.11036300817830308,0.15693562253909693,0.2849173287621418,3,0.7719220250619452,1.2539813083691873,0.4820592833072421
tm617679,ze carlos_1998,2223,0.6672455795943381,0.002358193980874599,0.07534557619641816,0.19919337139753898,0.05585727883083018,1,2324,0.8782279969308993,0.002672082334200021,0.023765288549030306,0.08602928413818389,0.00930534804768652,1,0.2109824173365612,0.0003138883533254219,-0.051580287647387854,-0.11316408725935509,-0.04655193078314366,0.24490879051211584,1,0.9615913030922889,0.47329816857284535,-0.48829313451944356
tm631472,bruno langa_1997,2223,0.8898385599616466,0.0007641934817948752,0.00862605868920014,0.0932048476592069,0.00756634020815162,1,2324,0.2559702171143846,0.0012398294924697163,0.023689582706891418,0.7141188788500465,0.004981491836207625,4,-0.633868342847262,0.0004756360106748411,0.015063524017691277,0.6209140311908397,-0.0025848483719439945,0.887440390211669,1,0.4084667773968308,0.7126304960187371,0.3041637186219063
tm635807,marlon_1997,2223,0.06857176026536142,0.24752761413789984,0.09003085429632161,0.3298900778355624,0.2639796934648548,4,2324,0.04658021645474013,0.015656559774066544,0.05970730832418674,0.8704425002697072,0.007613415177299487,4,-0.021991543810621295,-0.2318710543638333,-0.030323545972134873,0.5405524224341447,-0.2563662782875553,0.5893761555159119,4,1.4635653023567647,0.5341113549210166,-0.9294539474357482
tm63837,andre andre_1989,2223,0.36708049970075585,0.011586727060631975,0.03061655510437781,0.5585308349083897,0.03218538322584466,4,2324,0.05935164110453771,0.021698196573468873,0.03829022279234712,0.22488958648481458,0.6557703530448317,5,-0.3077288585962181,0.010111469512836898,0.007673667687969309,-0.3336412484235751,0.623584969818987,0.45406459898792745,4,0.9621773995241998,0.9879318802489836,0.025754480724783813
tm641153,ne lopes_2000,2223,0.9742049638619472,0.00047390250386541364,0.0037621635265476672,0.017033450101978202,0.004525520005661598,1,2324,0.999308447745096,2.8000583594483627e-05,4.126398477297239e-05,0.0005579589610537096,6.432872548292333e-05,1,0.02510348388314876,-0.00044590192027093,-0.0037208995417746947,-0.016475491140924493,-0.004461191280178674,0.03026005012105352,1,0.1438890810640713,0.006202097752958106,-0.1376869833111132
tm642721,matias lacava_2002,2223,0.04781409783919662,0.2882520963822412,0.2668260747503011,0.24338773701739477,0.15371999401086633,2,2324,0.019655247963928722,0.017099912987029346,0.632282929368163,0.2895752428158744,0.041386666865004466,3,-0.0281588498752679,-0.27115218339521185,0.36545685461786187,0.046187505798479606,-0.11233332714586186,0.45826676255796045,3,1.4882482276074511,0.9273480505936942,-0.5609001770137569
tm64339,pizzi_1989,2223,0.01859175684454651,0.020238490123433216,0.5850877258445469,0.3239548200761066,0.052127207111366834,3,2324,0.00900309880567589,0.03500697017679464,0.8502868876528364,0.07787164759553472,0.027831395769158156,3,-0.00958865803887062,0.014768480053361423,0.2651991618082895,-0.24608317248057188,-0.02429581134220868,0.3622120560776451,3,0.9857589773932699,0.5961208024837952,-0.3896381749094747
tm645588,tomas handel_2000,2223,0.09618240880260348,0.005512967232993388,0.06590394601318401,0.8044299117195136,0.027970766231705482,4,2324,3.4178443443857126e-40,1.3756164169557374e-41,3.4601450456008196e-40,1.0,2.3798619784997737e-41,4,-0.09618240880260348,-0.005512967232993388,-0.06590394601318401,0.1955700882804864,-0.027970766231705482,0.2277552153100541,4,0.7082138234944878,1.1052408446371418e-10,-0.7082138233839638
tm646677,riccieli_1998,2223,0.996176903054075,3.7995397142927246e-05,0.00028362471588103333,0.0031241761103387006,0.0003773007225624513,1,2324,0.998072756171923,0.0001309242560380735,0.000153690674354204,0.001508069135345343,0.00013455976233936625,1,0.001895853117848012,9.292885889514626e-05,-0.00012993404152682935,-0.0016161069749933577,-0.00024274096022308504,0.0024963131668601316,1,0.02751524035236157,0.015442667630906839,-0.012072572721454731
tm650568,antonio silva_2003,2223,0.9871261198109734,0.0006791578428416913,0.002662498590649896,0.007293834618081967,0.0022383891374532154,1,2324,0.998977058899932,6.085438549177569e-05,8.244845878797522e-05,0.000736029796667322,0.0001436084591207885,1,0.011850939088958623,-0.0006183034573499156,-0.0025800501318619207,-0.006557804821414645,-0.0020947806783324268,0.013801757830590573,1,0.0830790828638705,0.008969027048809114,-0.07411005581506139
tm655899,serdar saatci_2003,2223,0.9887006001662626,0.00017944628695890186,0.0010159482456415568,0.004895136162204304,0.005208869138932837,1,2324,0.9887885409937328,0.00026311610701755235,0.001397629330542717,0.007847827858604113,0.0017028857101027796,1,8.794082747021204e-05,8.366982005865049e-05,0.00038168108490116014,0.002952691696399809,-0.0035059834288300572,0.0029797320236028776,4,0.07320981594365088,0.0714029257169427,-0.0018068902267081716
tm657387,fabiano souza_2000,2223,0.846443590551339,0.001217117549166004,0.01068599202278387,0.10782949612394736,0.03382380375276388,1,2324,0.9240557943394255,0.0013673540979440096,0.013291079009578436,0.05739821788389699,0.003887554669154908,1,0.07761220378808653,0.00015023654877800545,0.0026050869867945657,-0.05043127824005037,-0.029936249083608972,0.09259469234787816,1,0.5524879412651927,0.325033464045273,-0.22745447721991974
tm658737,mor ndiaye_2000,2223,0.01671910424259645,6.86851934151405e-05,0.0008268294095602996,0.9819425674095796,0.00044281374484840633,4,2324,0.2406422833395145,0.01731775051886401,0.03470736869031441,0.684016101561666,0.023316495889640996,4,0.22392317909691806,0.01724906532544887,0.033880539280754116,-0.2979264658479136,0.02287368214479259,0.37462940405960504,4,0.09624140535622329,0.8770758879586664,0.7808344826024431
tm663244,jota silva_1999,2223,0.010712128604684113,0.325242082412606,0.34213890324842533,0.25719424916294586,0.06471263657133863,3,2324,0.005568862868290582,0.47862613322911424,0.32057413549020053,0.01694101406874663,0.17828985434364808,2,-0.005143265736393531,0.15338405081650824,-0.0215647677582248,-0.24025323509419924,0.11357721777230945,0.2859016901121976,4,1.3072789320836486,1.1227916919268308,-0.18448724015681783
tm666539,beni_2002,2223,0.13233031632947764,0.0002952571150368991,0.004638941065102562,0.8566162129754431,0.006119272514939757,4,2324,0.10437149052069902,0.002649200846721856,0.028195339153970635,0.8531245130668501,0.01165945641175835,4,-0.02795882580877862,0.002353943731684957,0.023556398088868072,-0.0034916999085929934,0.005540183896818593,0.036801261539116566,1,0.4587181947422944,0.5396177440718495,0.08089954932955506
tm667121,rodrigo gomes_2003,2223,0.03877185437659365,0.1426115724208737,0.3609691394428855,0.3558538242046211,0.10179360955502592,3,2324,0.027503444732589127,0.04664517174293533,0.83934676211905,0.0652998309626112,0.021204790442814345,3,-0.01126840964400452,-0.09596640067793835,0.4783776226761645,-0.29055399324200987,-0.08058881911221158,0.5679817778601356,3,1.3718392338459082,0.6487053490579505,-0.7231338847879577
tm669956,leonardo lelo_2000,2223,0.0360812152325014,0.0003280620860641826,0.10255236882162064,0.8531363486929889,0.007902005166824912,4,2324,0.4031501617756284,0.0007341183195095142,0.023808103361624186,0.5656299734472401,0.0066776430959978135,4,0.367068946543127,0.0004060562334453316,-0.07874426545999645,-0.28750637524574885,-0.0012243620708270982,0.4728639884234466,1,0.5298033132060525,0.8162792719384244,0.28647595873237197
tm670681,joao neves_2004,2223,0.13421938504099606,0.07976810825218078,0.12615501657108535,0.41392814682025897,0.2459293433154789,4,2324,0.0642420879871012,0.018415837674916072,0.14977108722069812,0.7373899778800593,0.030181009237225106,4,-0.06997729705389487,-0.06135227057726471,0.02361607064961277,0.32346183105980036,-0.21574833407825378,0.33741102257253136,4,1.4425043014276941,0.8645632768942997,-0.5779410245333945
tm670717,dario essugo_2005,2223,0.5281447975766863,0.0040476059442325525,0.011481067946791516,0.3008976372983609,0.1554288912339287,1,2324,0.19081197063794636,0.003877333028612551,0.009348063060469928,0.7757837125327475,0.020178920740223597,4,-0.33733282693873995,-0.00017027291562000165,-0.002133004886321588,0.4748860752343866,-0.1352499704937051,0.5825073383955881,4,1.0614618694088895,0.6570004606449202,-0.4044614087639693
tm671649,alvaro djalo_1999,2223,0.011998432953774316,0.04114483773062015,0.12459872191291559,0.08907115140288947,0.7331868559998005,5,2324,0.010002603272514891,0.054685207763487474,0.5959910918534901,0.056588471969152454,0.28273262514135505,3,-0.001995829681259425,0.013540370032867323,0.4713923699405745,-0.03248267943373702,-0.45045423085844544,0.4727083835285026,3,0.8867947743151241,1.0331104403143403,0.1463156659992162
tm673492,morato_2001,2223,0.9851942704806332,0.001125038866142748,0.003254407806213005,0.007059403140243591,0.003366879706767481,1,2324,0.98155326170721,0.00034855871181962853,0.0019243824810024016,0.013664410947221775,0.002509386152746374,1,-0.0036410087734232155,-0.0007764801543231196,-0.0013300253252106035,0.006605007806978184,-0.0008574935540211072,0.007697724456886387,4,0.09511318689563278,0.10677038691359994,0.011657200017967162
tm685807,luis santos_2000,2223,0.24686813858643677,0.08857672026158254,0.1977441108819715,0.3039075701757077,0.16290346009430154,4,2324,0.2641082863453687,0.011386381685127263,0.3757689055864758,0.2881980176262876,0.060538408756740617,3,0.01724014775893193,-0.07719033857645528,0.1780247947045043,-0.01570955254942008,-0.10236505133756092,0.1954358939273477,3,1.5381117040487584,1.2987139761642195,-0.23939772788453895
tm690273,bernardo vital_2000,2223,0.9992952769302018,1.1400509495977433e-05,8.587314603194485e-05,0.0005451342893448719,6.231512492558825e-05,1,2324,0.9999606437654259,2.2099126149607522e-06,2.4424734194546633e-06,3.252869859927464e-05,2.175149940294694e-06,1,0.0006653668352241127,-9.19059688101668e-06,-8.343067261249018e-05,-0.0005126055907455973,-6.013997498529356e-05,0.0008441105740857629,1,0.006338049196651359,0.0004641891967487808,-0.005873859999902579
tm701325,bruno onyemaechi_1999,2223,0.06115354913087568,0.00010653596736229988,0.014587148308015082,0.9222698803386522,0.0018828862550948195,4,2324,0.4703387180864891,0.003439642073146178,0.11221998352221325,0.3952588017514238,0.018742854566727814,1,0.4091851689556134,0.0033331061057838784,0.09763283521419817,-0.5270110785872284,0.016859968311632993,0.6743266712470914,4,0.3199714926754786,1.061170839868704,0.7411993471932254
tm701979,geny catamo_2001,2223,0.03790796103941486,0.21199322266650744,0.3055877846482037,0.14067377833617875,0.3038372533096952,3,2324,0.020283626961573303,0.05096872234163821,0.6459161775291659,0.26006946379225276,0.02276200937536986,3,-0.017624334077841555,-0.16102450032486923,0.34032839288096217,0.11939568545607401,-0.2810752439343253,0.39537103025262926,3,1.4530365697271532,0.9494598526809213,-0.503576717046232
tm70359,david simao_1990,2223,0.0036678840195457792,2.1231037842453123e-05,0.001853332638498248,0.9941712704143733,0.00028628188974033506,4,2324,0.02944503911031474,0.0006450983652558237,0.05407367917999892,0.9075379150723132,0.008298268272117347,4,0.02577715509076896,0.0006238673274133706,0.05222034654150067,-0.08663335534206007,0.008011986382377012,0.10438943330507088,4,0.04060469421506177,0.39410661290268834,0.3535019186876266
tm711337,evanilson_1999,2223,0.00330335425059453,0.9118626762348706,0.03874024763541879,0.004358961118285707,0.041734760760830276,2,2324,0.002818173827177023,0.8600090098744851,0.05306188719434454,0.004435362442196324,0.07967556666179677,2,-0.0004851804234175072,-0.051853666360385464,0.01432163955892575,7.640132391061646e-05,0.0379408059009665,0.05379733554624728,2,0.3852054089506398,0.5276469131088833,0.14244150415824353
tm71830,bruno wilson_1996,2223,0.9722279774551856,0.0006581423600682897,0.007318561678552531,0.015426020439210758,0.004369298066982941,1,2324,0.9684469038582079,0.001361227251668713,0.0015082733383702525,0.026571733602276125,0.0021118619494771024,1,-0.0037810735969777687,0.0007030848916004234,-0.0058102883401822784,0.011145713163065367,-0.002257436117505838,0.013144474824805512,4,0.15628402309712047,0.15924139900465872,0.002957375907538251
tm729140,miguel maga_2002,2223,0.39262442484204774,0.00016746220032640973,0.008113932860166515,0.5929705853055104,0.006123594791948893,4,2324,0.3180285973100556,0.004239182785522429,0.03028379403517225,0.6227354323568217,0.024712993512427936,4,-0.07459582753199212,0.004071720585196019,0.022169861175005735,0.029764847051311327,0.018589398720479045,0.08341801518984737,1,0.7486792626486549,0.8798020161415817,0.1311227534929268
tm733579,clayton_1999,2223,0.0003944037930092788,0.9835048595179996,0.000991659631873844,0.0003426439292957726,0.014766433127821573,2,2324,0.003921572015751156,0.7930424108617914,0.03836891842409803,0.008014756380725038,0.15665234231763428,2,0.0035271682227418777,-0.1904624486562082,0.037377258792224186,0.0076721124514292655,0.1418859091898127,0.194278938766091,2,0.09128847615091756,0.6597957119893441,0.5685072358384264
tm739438,matheus pereira_2000,2223,0.8449682093775381,0.003961792092870734,0.04114200988006189,0.06729986700174163,0.04262812164778752,1,2324,0.1091488523367787,0.033337184341350475,0.2841824974245333,0.5235271880451984,0.04980427785213913,4,-0.7358193570407594,0.02937539224847974,0.24304048754447138,0.45622732104345676,0.007176156204351608,0.8997250062757911,1,0.6116431856500915,1.2008976285699942,0.5892544429199027
tm742095,gabriel pereira_2000,2223,0.9999820347055894,4.503173940708208e-07,1.2363771392606055e-06,1.3572011523495772e-05,2.7065883536122274e-06,1,2324,0.988396371337097,0.002527291072131667,0.0017007619998810728,0.006467000384388952,0.0009085752065011849,1,-0.011585663368492427,0.002526840754737596,0.0016995256227418122,0.006453428372865456,0.0009058686181475726,0.013606896964182942,1,0.0002281709130943775,0.07645974671592014,0.07623157580282576
tm800177,rildo_2000,2223,0.0021965461129971075,0.9489505961449936,0.021722282981364006,0.006677196112057495,0.020453378648587723,2,2324,0.02739912595160718,0.2896377800220925,0.3738477993135135,0.08150636723120781,0.22760892748157896,3,0.02520257983861007,-0.659312816122901,0.35212551633214945,0.07482917111915031,0.20715554883299123,0.7516118304264469,2,0.25935413583139816,1.3665222835697146,1.1071681477383164
tm818252,pedro malheiro_2001,2223,0.23109003382976678,0.00029301720556865104,0.016051528531063185,0.7426534461759745,0.00991197425762695,4,2324,0.4031156191919567,0.003546769670596388,0.0509018869694568,0.5308092591939806,0.011626464974009446,4,0.17202558536218993,0.0032537524650277368,0.03485035843839361,-0.21184418698199392,0.0017144907163824958,0.27512887155959165,4,0.6739352687750146,0.9258108550892632,0.25187558631424856
tm818495,otavio ataide_2002,2223,0.9911076693600758,4.841251495601194e-05,0.00025639526412000405,0.008107872044723045,0.0004796508161251596,1,2324,0.9960950982947238,0.0001386410465916547,0.0004096200967610547,0.0032114278588468146,0.00014521270307677636,1,0.004987428934647986,9.022853163564275e-05,0.00015322483264105065,-0.004896444185876231,-0.00033443811304838326,0.006991511430357823,1,0.05415823190898701,0.028044278360648406,-0.026113953548338606
tm891971,joao marques_2002,2223,0.11737037347498414,0.11394509542387793,0.11616256934827544,0.45199664245327614,0.20052531929958645,4,2324,0.022522857772794103,0.3858150562591209,0.444687155566316,0.06952267841822635,0.07745225198354269,3,-0.09484751570219004,0.27186996083524295,0.32852458621804054,-0.3824739640350498,-0.12307306731604375,0.5806238573757136,4,1.430149309332847,1.1967355766243986,-0.23341373270844845
tm908936,ze carlos_2001,2223,0.10759809718443576,0.0023125682250696843,0.06941552841235973,0.7573604913748345,0.06331331480330027,4,2324,0.04430577571712708,0.0008392907215143281,0.011354762305326073,0.9386624039192767,0.004837767336755835,4,-0.06329232146730868,-0.001473277503555356,-0.05806076610703366,0.18130191254444217,-0.05847554746654443,0.2006228415623003,4,0.8242916689787477,0.28008614373247775,-0.54420552524627
tm924885,martim tavares_2003,2223,0.01108698489600605,0.7949455664118027,0.016979216379708614,0.0074882648818302856,0.16949996743065232,2,2324,0.009953087780715237,0.7113391538094719,0.18956683557336326,0.02371749012514403,0.0654234327113054,2,-0.0011338971152908134,-0.08360641260233082,0.17258761919365465,0.016229225243313744,-0.10407653471934693,0.19246088434232916,3,0.6390387546325937,0.8705625525823534,0.23152379794975964
tm974982,ousmane diomande_2003,2223,0.9929710710989949,9.28662865369662e-05,0.0004377366612812212,0.006078355264383719,0.00041997068880333233,1,2324,0.9992445015749271,3.613287805650275e-05,6.318440303939308e-05,0.0006201265980553141,3.605454592175127e-05,1,0.006273430475932207,-5.6733408480463444e-05,-0.00037455225824182815,-0.005458228666328405,-0.00038391614288158107,0.008324163512574463,1,0.04553516376572998,0.0066846038768092605,-0.03885055988892072
tm982575,gustavo sa_2004,2223,0.08834209895119968,0.031984315427762124,0.06029494863638713,0.5828507668092865,0.2365278701753647,4,2324,0.02424645849839108,0.015045039635494858,0.2329289820799676,0.6816628720439531,0.04611664774219339,4,-0.0640956404528086,-0.016939275792267266,0.17263403344358047,0.09881210523466666,-0.19041122243317132,0.20967005468909553,3,1.1494471763840997,0.895815033817374,-0.2536321425667256
andre inacio_2002,andre inacio_2002,2324,0.009538456356358556,0.6211067537692977,0.2819776904011933,0.02741820468391213,0.059958894789238194,2,2425,0.00451894118379672,0.8742407158471297,0.0627923338169793,0.038806580429368465,0.01964142872272592,2,-0.005019515172561836,0.253133962077832,-0.219185356584214,0.011388375745456335,-0.04031746606651228,0.33507299791665934,2,0.964484705666624,0.5189838154608772,-0.4455008902057468
bachir belloumi_2002,bachir belloumi_2002,2324,0.027307926620238402,0.14713954197125378,0.7229904912765813,0.04937068261791617,0.05319135751401023,3,2425,0.06460138413254397,0.21301064020084526,0.10159789747315609,0.1770580042348472,0.4437320739586075,5,0.037293457512305575,0.06587109822959147,-0.6213925938034253,0.12768732161693103,0.39054071644459726,0.6388760531516648,3,0.9193899743300893,1.405790567353691,0.4864005930236017
carlos ponck_1995,carlos ponck_1995,2324,0.9984487273943654,7.15966148474981e-05,0.00013638788437995877,0.0011344868380762767,0.00020880126833076684,1,2425,0.9955509936963763,0.00028259290775044243,0.0005832674407804801,0.002894101970047338,0.0006890439850454943,1,-0.002897733697989069,0.00021099629290294433,0.0004468795564005213,0.0017596151319710614,0.0004802427167147274,0.003425978220986008,1,0.012910289208572063,0.03302445787587212,0.020114168667300057
danny loader_2000,danny loader_2000,2324,0.010268450655201752,0.07902317480564162,0.06437557234499687,0.02347969830116554,0.8228531038929943,5,2425,0.000717527798110444,0.975007135091901,0.004130857664847266,0.01577534941864537,0.0043691300264961696,2,-0.009550922857091308,0.8959839602862594,-0.06024471468014961,-0.007704348882520171,-0.8184839738664981,0.8980908973240223,2,0.6726862172774292,0.14174307039934633,-0.5309431468780829
fabio conceicao_2001,fabio conceicao_2001,2324,0.05548409305354376,0.0072253709600033945,0.16501519823825725,0.7630194113978117,0.009255926350383898,4,2425,0.044298952746914484,0.24830642064203629,0.31872729226508645,0.3596749649453473,0.02899236940061555,4,-0.011185140306629274,0.2410810496820329,0.1537120940268292,-0.4033444464524644,0.01973644305023165,0.49452940277968055,4,0.7430901195835133,1.318864521524877,0.5757744019413638
larra_1997,larra_1997,2324,0.5601666195420691,0.002359989809880784,0.0333220418284868,0.3941397311054796,0.010011617714083551,1,2425,0.011554989852855017,0.02363782207293877,0.8541988486339792,0.10620611074138832,0.004402228698838773,3,-0.5486116296892142,0.021277832263057985,0.8208768068054925,-0.2879336203640913,-0.005609389015244779,1.0286748602270908,3,0.8653075535920408,0.5367170659518828,-0.32859048764015797
luismi_2001,luismi_2001,2324,0.0993169253154225,0.15685513197910925,0.4007345886283128,0.31433010667606104,0.028763247401094514,3,2425,0.013415805317329802,0.6576678106102279,0.01696408699172312,0.035446765507579296,0.27650553157313984,2,-0.08590111999809269,0.5008126786311187,-0.38377050163658966,-0.27888334116848174,0.24774228417204533,0.6951604544292622,2,1.3522328564931312,0.8764328183999428,-0.4758000380931884
manuel manu_2001,manuel manu_2001,2324,0.998433520431086,7.969354524078207e-05,0.00013188272227554262,0.0012479331104039459,0.00010697019099367524,1,2425,0.06139196759966897,0.1022008966970516,0.22330932007334375,0.5277801563364289,0.08531765929350672,4,-0.9370415528314171,0.10212120315181081,0.2231774373510682,0.526532223226025,0.08521068910251305,1.102506218805054,1,0.01281757050124119,1.2864888930289915,1.2736713225277503
tidjany chabrol_2002,tidjany chabrol_2002,2324,0.016630158950557482,0.4783410961780737,0.37410632587880394,0.05296381705478835,0.07795860193777653,2,2425,0.001289151924807411,0.9663042841889072,0.013129739237504134,0.013467562947008849,0.005809261701772363,2,-0.01534100702575007,0.48796318801083355,-0.3609765866412998,-0.0394962541077795,-0.07214934023600417,0.6084467680430313,2,1.1432296036445218,0.18650774763494024,-0.9567218560095815
tm1070645,fabricio garcia_2001,2324,0.026845894842283398,0.2157236826476699,0.06604562821922123,0.03751722888102408,0.6538675654098015,5,2425,0.05428291038248483,0.20502439419800988,0.16004319956974494,0.5002341229197121,0.08041537293004815,4,0.027437015540201434,-0.010699288449660005,0.09399757135052371,0.46271689403868804,-0.5734521924797533,0.47308533272940256,4,1.0084228571517024,1.3254844476269327,0.3170615904752303
tm1072017,wagner pina_2002,2324,0.03410995141212054,0.0072272115953212574,0.030950955833352774,0.9148065358969756,0.012905345262229804,4,2425,0.11303983908896205,0.1652757296401802,0.37769559716016315,0.3241888167792339,0.019800017331460674,3,0.0789298876768415,0.15804851804485895,0.3467446413268104,-0.5906177191177417,0.00689467206923087,0.7072979553551367,4,0.39602051185262815,1.3545304801572242,0.9585099683045961
tm131740,nermin zolotic_1993,2324,0.999416544659636,4.0178924268949584e-05,4.834132949441614e-05,0.0004327568305944682,6.217825600627134e-05,1,2425,0.9984200665949371,0.00013830257280780225,0.00018977946769310866,0.0009980811144460749,0.00025377025011570924,1,-0.0009964780646989357,9.812364853885268e-05,0.00014143813819869253,0.0005653242838516066,0.0001915919941094379,0.0011585305678652406,1,0.005424435788368525,0.013431395394240448,0.008006959605871923
tm134602,ze luis_1991,2324,0.004181822206648641,0.8729100156807249,0.0841495702106201,0.00726021666015492,0.031498375241851354,2,2425,0.018377537072259365,0.8542445668057593,0.03221623765778576,0.04179487074812517,0.053366787716070334,2,0.014195714865610724,-0.018665448874965573,-0.05193333255283434,0.034534654087970254,0.02186841247421898,0.06663055354166524,3,0.49451062258588985,0.607788736540876,0.1132781139549861
tm137313,jonathan buatu_1993,2324,0.93957124865792,0.02271682490194207,0.004102793042771781,0.02034043317478238,0.013268700222584027,1,2425,0.996104742158579,0.00043061627967297156,0.0013527389642962284,0.001170465854534238,0.0009414367429174315,1,0.05653349350065906,-0.0222862086222691,-0.002750054078475553,-0.019169967320248144,-0.012327263479666596,0.06377900459115275,1,0.3036703913524377,0.03062183545011874,-0.2730485559023189
tm139336,paulo oliveira_1992,2324,0.9821031432769565,0.0003812359879351532,0.0017824377514506454,0.011471943694534576,0.004261239289123185,1,2425,0.9976991183960051,0.00010620638573177397,0.0005927367870160689,0.0014164651950962337,0.00018547323615090668,1,0.015595975119048644,-0.0002750296022033792,-0.0011897009644345766,-0.010055478499438343,-0.004075766052972278,0.018596723298299513,1,0.10653290569337333,0.01855964866929204,-0.08797325702408129
tm139341,josue sa_1992,2324,0.9894460264538879,0.00017934531512164026,0.0005682376805305933,0.008732617202613195,0.0010737733478467834,1,2425,0.9696069449695932,0.003205188655807505,0.003338805013236146,0.01983848574959454,0.004010575611768604,1,-0.019839081484294696,0.003025843340685865,0.0027705673327055526,0.011105868546981344,0.0029368022639218207,0.02310327339557627,1,0.06503114099137369,0.1672752439491893,0.10224410295781561
tm139395,ricardo esgaio_1993,2324,0.10194299309206979,0.010995952292591076,0.3118586408126809,0.5246111994027031,0.05059121439995508,4,2425,0.9990939836299256,4.120103324962484e-05,0.0001607527581797318,0.000594474671008765,0.00010958790763631508,1,0.8971509905378559,-0.010954751259341452,-0.31169788805450116,-0.5240167247316943,-0.050481626492318764,1.0847806264929232,1,1.1351328532328064,0.008140859961520865,-1.1269919932712855
tm139396,bruma_1994,2324,0.038160174211202366,0.2290487325338428,0.49008471857617025,0.10647180893961042,0.13623456573917406,3,2425,0.009581236719379407,0.4774962164192534,0.0321144419398909,0.034855747304365574,0.44595235761711066,2,-0.02857893749182296,0.24844748388541057,-0.45797027663627937,-0.07161606163524484,0.3097177918779366,0.5266958728560595,3,1.3217739952615906,0.985042114338447,-0.33673188092314355
tm154319,andre geraldes_1991,2324,0.8491677755126935,0.0018828623690699516,0.0028815414834523463,0.1411632316183292,0.004904589016455046,1,2425,0.8288744833313463,0.0058217249902515296,0.059860939567737935,0.09971541362336442,0.005727438487300056,1,-0.020293292181347233,0.003938862621181578,0.056979398084285586,-0.041447817994964775,0.0008228494708450102,0.07342959736303396,3,0.46996327740616256,0.6135356467078067,0.14357236930164413
tm155395,salvador agra_1991,2324,0.06031056353407469,0.12133019130571389,0.4183782511896916,0.3557917048708515,0.044189289099668315,3,2425,0.062310902904222205,0.045230998849419495,0.7928950959768185,0.06721374071022101,0.03234926155931896,3,0.0020003393701475136,-0.0760991924562944,0.37451684478712693,-0.2885779641606305,-0.011840027540349352,0.4788895455932349,3,1.295360538380073,0.7894524348926336,-0.5059081034874394
tm159142,aderlan santos_1989,2324,0.9969051831022122,0.00026603166379174327,0.00031982866804896004,0.002027772280767,0.0004811842851803101,1,2425,0.9985257913159225,9.334971599107958e-05,0.000394192876338346,0.000584648284410477,0.0004020178073376248,1,0.0016206082137102396,-0.0001726819478006637,7.436420828938595e-05,-0.001443123996356523,-7.916647784268527e-05,0.002178147594121173,1,0.0241035987832406,0.012925073363244421,-0.01117852541999618
tm174694,rony lopes_1995,2324,0.019372720377422555,0.0879629781018895,0.18652438742836466,0.03836885099259534,0.6677710630997279,5,2425,0.0299924093291348,0.2600470533251471,0.33224762783467954,0.2726551594645114,0.10505775004652729,3,0.010619688951712246,0.1720840752232576,0.14572324040631487,0.23428630847191606,-0.5627133130532006,0.3253475739432974,4,0.9981927769090773,1.4125776182667358,0.4143848413576585
tm182108,sebastian perez_1993,2324,0.05813759803794615,0.0014856215256077677,0.007018594783186639,0.9262853794370528,0.007072806216206611,4,2425,0.1441903212041061,0.02059521916271936,0.15660233604516002,0.6617559051114954,0.016856218476519132,4,0.08605272316615994,0.01910959763711159,0.14958374126197338,-0.2645294743255574,0.009783412260312522,0.31641963643719834,4,0.3158282969532814,0.9915909804138268,0.6757626834605454
tm182710,joao teixeira_1994,2324,0.003090344592600743,0.00914238148707159,0.9293322096727553,0.05074668869873109,0.007688375548841164,3,2425,0.04552281815486932,0.05089343774070317,0.4176338532543521,0.3530193577062039,0.1329305331438716,3,0.04243247356226858,0.04175105625363158,-0.5116983564184032,0.3022726690074728,0.12524215759503043,0.5972835506701176,3,0.3175909823241796,1.2926829664943753,0.9750919841701957
tm182936,filipe ferreira_1990,2324,0.9814964737605507,0.00012134752950608427,0.0011144775886902025,0.01628375846510707,0.0009839426561458731,1,2425,0.9984142806104961,6.44404274115163e-05,0.0005055931283336539,0.0007270188105835647,0.00028866702317514734,1,0.01691780684994537,-5.690710209456798e-05,-0.0006088844603565486,-0.015556739654523505,-0.0006952756329707257,0.022991266080731942,1,0.10086574419194327,0.01365018481027801,-0.08721555938166527
tm190185,marcelo ferreira_1989,2324,0.9980279301265601,8.768843368512864e-05,0.00011662022477328368,0.001626978211531881,0.00014078300344945934,1,2425,0.9981455378551767,9.985408671510658e-05,0.00028875095059549294,0.0012722034710682581,0.00019365363644421375,1,0.00011760772861657554,1.2165653029977942e-05,0.00017213072582220927,-0.0003547747404636229,5.2870632994754405e-05,0.0004116718161194758,4,0.015540848113285158,0.015263298910492126,-0.00027754920279303257
tm207561,maxime dominguez_1996,2324,0.005607609714813471,0.021321101599601096,0.8800418911566341,0.0820269815774915,0.01100241595145998,3,2425,0.06893338053438139,0.2871268475573869,0.09887560552114294,0.27078024260302896,0.27428392378405986,2,0.06332577081956792,0.2658057459577858,-0.7811662856354912,0.18875326102553747,0.2632815078325999,0.8488294335114634,3,0.47831183363544183,1.4800151893419866,1.0017033557065447
tm223367,fredrik aursnes_1995,2324,0.6109405492331438,0.002690339626684285,0.04287916200750494,0.33061079069822014,0.012879158434446772,1,2425,0.02294286657985738,0.11676537104582001,0.29704595392199334,0.5444902241389776,0.018755584313351746,4,-0.5879976826532864,0.11407503141913572,0.25416679191448843,0.2138794334407575,0.005876425878904974,0.6849084302006758,1,0.873984810244779,1.1035178820333933,0.22953307178861426
tm225151,rafael barbosa_1996,2324,0.002073843996312749,0.01145014376356109,0.9681908169576154,0.011101071065731804,0.007184124216778823,3,2425,0.04689432462986516,0.04225268609796982,0.6570680885496852,0.19521363930041213,0.05857126142206757,3,0.044820480633552415,0.030802542334408725,-0.3111227284079302,0.18411256823468033,0.051387137205288744,0.3655850954462589,3,0.18071280046974258,1.0382379842092135,0.857525183739471
tm230457,bruno gaspar_1993,2324,0.002509043156602529,0.000258688257264469,0.014132113602170395,0.9825321146657582,0.0005680403182043205,4,2425,0.9564425965188817,0.004186165082609213,0.015258238790399907,0.018078197590423718,0.00603480201768541,1,0.9539335533622793,0.003927476825344744,0.0011261251882295122,-0.9644539170753345,0.00546676169948109,1.3565313397133492,4,0.09891308039942212,0.23272547271879204,0.13381239231936992
tm236997,tiago silva_1993,2324,0.028734794936155796,0.00997225681425654,0.7122735664589894,0.20451111275558304,0.04450826903501512,3,2425,0.0013058178400801698,0.007330608555766648,0.9422600262894071,0.047235756304111455,0.0018677910106346366,3,-0.027428977096075627,-0.0026416482584898917,0.22998645983041766,-0.1572753564514716,-0.04264047802438048,0.27997970737595324,3,0.8527192355807816,0.2566742596935538,-0.5960449758872277
tm238367,cassiano_1989,2324,0.0035849764329200884,0.927808082768902,0.029796553643289238,0.004910103885876288,0.03390028326901251,2,2425,0.011047296834687354,0.6828204656595814,0.02022471720811231,0.08267885630111037,0.20322866399650844,2,0.007462320401767265,-0.2449876171093206,-0.00957183643517693,0.07776875241523408,0.16932838072749593,0.2573212343893241,2,0.335228299531725,0.9191103469320656,0.5838820474003406
tm257707,joao graca_1995,2324,0.08948982510562253,0.005142302141355695,0.0219039402284832,0.8539445307987633,0.029519401725775215,4,2425,0.018317887826844365,0.2413460984933599,0.026241578567893182,0.6915481559666545,0.022546279145247986,4,-0.07117193727877817,0.2362037963520042,0.004337638339409981,-0.16239637483210878,-0.006973122580527229,0.29537954521612986,2,0.5656101984450842,0.8524366894581132,0.28682649101302904
tm261927,ricardo horta_1994,2324,0.01086230490134316,0.1828924958100263,0.6953200086921995,0.047728189783388324,0.06319700081304276,3,2425,0.013499988637364851,0.5640046807378885,0.1666504565175105,0.12068155616939678,0.13516331793783948,2,0.0026376837360216916,0.38111218492786214,-0.5286695521746889,0.07295336638600847,0.07196631712479672,0.6557950472057696,3,0.9322186890595912,1.2054251771435254,0.2732064880839342
tm263860,jason_1994,2324,0.0008774762700866923,0.013770988527331713,0.9762770735907956,0.004518790256948165,0.004555671354837967,3,2425,0.006652123174369204,0.7657009248046963,0.11057966879830305,0.050183006487755984,0.06688427673487551,2,0.005774646904282512,0.7519299362773646,-0.8656974047924926,0.04566421623080782,0.062328605380037545,1.1475840679119684,3,0.13758731043303346,0.8123182445818267,0.6747309341487933
tm27178,ruben fernandes_1986,2324,0.9990299194365735,7.478314820785756e-05,4.60049497697096e-05,0.000689280040833204,0.00016001242461570906,1,2425,0.9908690773450717,0.000633605824337214,0.002245561741110432,0.004213548348227564,0.0020382067412529075,1,-0.008160842091501808,0.0005588226761293564,0.002199556791340722,0.00352426830739436,0.0018781943166371984,0.009174428789119319,1,0.00855597316799579,0.06312414489261449,0.0545681717246187
tm276030,artur jorge_1994,2324,0.9971667600038961,0.00016356023813720542,0.0001585069353401798,0.002186953580775338,0.00032421924185096335,1,2425,0.9987618444120162,8.279120489981149e-05,0.0005411736006545628,0.00037473436828900123,0.000239456414140352,1,0.0015950844081200621,-8.076903323739393e-05,0.000382666665314383,-0.001812219212486337,-8.476282771061134e-05,0.0024456880742656575,4,0.0216425195608366,0.011038913232393487,-0.010603606328443111
tm288253,jerry st juste_1996,2324,0.9780270418472076,0.0005652082075853474,0.0006971290664933073,0.018517770060666586,0.0021928508180471275,1,2425,0.9841882460291945,0.0009448565329049021,0.0017971123753185176,0.00964869472696191,0.0034210903356201613,1,0.006161204181986957,0.0003796483253195546,0.0010999833088252103,-0.008869075333704676,0.0012282395175730338,0.010861631110366171,4,0.1183173639825636,0.09783029036422503,-0.02048707361833857
tm290391,nuno santos_1995,2324,0.029533883512987684,0.0202300193991985,0.6166769323494792,0.11028632913982443,0.22327283559851008,3,2425,0.0756743578102476,0.050401389612699306,0.17664304037801715,0.08935346210624685,0.6079277500927891,5,0.04614047429725992,0.030171370213500807,-0.44003389197146203,-0.02093286703357758,0.384654914494279,0.4439676406617198,3,1.058953589146842,1.1705258283304343,0.11157223918359227
tm291939,samu_1996,2324,0.008850798910942198,0.002457244615385878,0.38180394160287545,0.6016030552463022,0.005284959624494353,4,2425,0.007568794219659522,0.33644140185581484,0.23085796178377008,0.3844336832874242,0.04069815885333132,4,-0.0012820046912826767,0.33398415724042896,-0.15094597981910537,-0.21716937195887798,0.03541319922883697,0.4260214616239319,2,0.7576415021956002,1.2396974124588982,0.48205591026329797
tm291968,neto_1991,2324,0.004306791158204184,9.924286759021202e-05,0.0005841186140794274,0.9947895940636542,0.00022025329647204215,4,2425,0.14153513023515746,0.012522455894556597,0.046354182201188435,0.7826815600564677,0.01690667161262969,4,0.13722833907695328,0.012423213026966385,0.04577006358710901,-0.21210803400718647,0.01668641831615765,0.25704215622907933,4,0.035776830113860576,0.7347160201772218,0.6989391900633612
tm29364,joao moutinho_1986,2324,0.004924748859650957,7.453172764161796e-05,0.002020614406009442,0.9927058150777744,0.00027428992892371187,4,2425,0.07170386513510142,0.03355322740903808,0.23891678341409023,0.6353262172470769,0.020499906794693296,4,0.06677911627545047,0.03347869568139646,0.23689616900808078,-0.3573795978306975,0.020225616865769583,0.435224361992058,4,0.04892959986745831,1.0127827122864335,0.9638531124189752
tm295414,adrian marin_1997,2324,0.9928625374541498,9.448269984749291e-05,0.000557065956138075,0.005741700994753059,0.0007442128951116519,1,2425,0.911513936155621,0.005420717582607936,0.03664554698152452,0.01563927915985147,0.030780520120394898,1,-0.08134860129852872,0.005326234882760443,0.03608848102538645,0.009897578165098411,0.030036307225283245,0.08970119412531381,1,0.04714938667950945,0.40607094004631017,0.3589215533668007
tm306668,amine oudrhiri_1992,2324,0.05726104870762185,0.001447437654620143,0.004507682791448046,0.9347066072061951,0.0020772236401147563,4,2425,0.2770735289916104,0.010813155027128867,0.14866480010004168,0.5472771363099588,0.01617137957126029,4,0.21981248028398856,0.009365717372508724,0.14415711730859362,-0.38742947089623636,0.014094155931145533,0.4682820865035965,4,0.2735322212210349,1.084529171810856,0.8109969505898211
tm308371,mikel villanueva_1993,2324,0.9969245333223216,0.00018800044312415989,0.0001851571819031645,0.0022719693841154794,0.0004303396685354666,1,2425,0.993298561405877,0.0005023361372639231,0.0012525489082022168,0.004012712322096029,0.0009338412265607817,1,-0.003625971916444537,0.00031433569413976325,0.0010673917262990524,0.00174074293798055,0.0005035015580253151,0.004173246978188042,1,0.023440156912922755,0.047523020416058145,0.02408286350313539
tm314944,ricardo mangas_1998,2324,0.015388559195283188,0.0017760567259772137,0.1374234892399471,0.8384079433393284,0.0070039514994640764,4,2425,0.0175379280377857,0.756750055916741,0.07639801271953033,0.11811840132671991,0.031195601999222982,2,0.002149368842502511,0.7549739991907638,-0.061025476520416774,-0.7202895420126085,0.024191650499758906,1.0452423127475245,2,0.5307433934462081,0.8387950352682412,0.30805164182203304
tm325443,viktor gyokeres_1998,2324,0.004783849080217144,0.2110349815711618,0.03734412172565122,0.005569552162189527,0.7412674954607804,5,2425,0.0015303608918228332,0.0151124667262043,0.0031995880240118565,0.003636329679922084,0.9765212546780389,5,-0.003253488188394311,-0.19592251484495748,-0.03414453370163936,-0.0019332224822674426,0.23525375921725844,0.19891154702387928,2,0.7274825479475527,0.13528138222717984,-0.592201165720373
tm329722,andre horta_1996,2324,0.007773017123353047,0.026160616156806347,0.865525729176686,0.07105224135231071,0.02948839619084374,3,2425,0.030154461400036806,0.0630331790628536,0.4409243885337233,0.06752215459805642,0.39836581640533,3,0.02238144427668376,0.03687256290604726,-0.42460134064296273,-0.0035300867542542858,0.3688774202144862,0.4268012124297031,3,0.5498644159583397,1.1895203070875204,0.6396558911291808
tm33829,jose fonte_1983,2324,0.995205428643397,0.0005023610337206833,0.0003542367419180729,0.003117635439870834,0.0008203381410932842,1,2425,0.9995121760502784,2.261911616704149e-05,0.00012604050652359247,0.00025250781626183315,8.665651076905744e-05,1,0.004306747406881417,-0.0004797419175536418,-0.00022819623539448042,-0.0028651276236090007,-0.0007336816303242268,0.005199928399079494,1,0.03523372524258315,0.004763699946054863,-0.030470025296528286
tm344395,jorge fernandes_1997,2324,0.9996591092846426,5.291831956587827e-06,1.8504868879901074e-05,0.00029931291654217336,1.7781097978800052e-05,1,2425,0.9969478635589596,0.00022032724838407652,0.0003662600232147002,0.0016906094481083781,0.0007749397213332326,1,-0.0027112457256830425,0.0002150354164274887,0.00034775515433479917,0.0013912965315662049,0.0007571586233544326,0.003074692391356781,1,0.0032298910961573012,0.02414190335489131,0.020912012258734007
tm344474,ilija vukotic_1999,2324,0.1321307432155904,0.006011327336336512,0.010048885919940926,0.8459862624739756,0.0058227810541566566,4,2425,0.0002798580989593047,0.0028195437216584768,0.001613954570483441,0.9951465032495995,0.00014014035929927213,4,-0.1318508851166311,-0.003191783614678035,-0.008434931349457485,0.14916024077562395,-0.005682640694857384,0.19928564645702446,4,0.5158551229300253,0.035305001697639414,-0.48055012123238594
tm344519,bruno costa_1997,2324,0.1522260152478728,0.008859409645918753,0.036752773186230894,0.7525891022197196,0.04957269970025794,4,2425,0.007073777713897286,0.02061005859756755,0.8592023950546244,0.09563236446512398,0.017481404168786786,3,-0.14515223753397552,0.011750648951648799,0.8224496218683934,-0.6569567377545956,-0.03209129553147115,1.0626489474913756,3,0.8126797192340784,0.5406302499253278,-0.2720494693087506
tm357162,florentino luis_1999,2324,0.28637478921020454,0.005605445109861625,0.013564034896681138,0.613923959929805,0.08053177085344768,4,2425,0.10392633672637999,0.03021345588790631,0.03870476819930642,0.7509304932113303,0.07622494597507701,4,-0.18244845248382455,0.024608010778044687,0.02514073330262528,0.13700653328152534,-0.004306824878370669,0.23085891501306635,1,0.9478787273073702,0.8781939486602899,-0.06968477864708034
tm364244,godfried frimpong_1999,2324,0.7391985593575653,0.013888498112817182,0.06265759482087836,0.08004676785402141,0.10420857985471764,1,2425,0.9272570162658684,0.0036981880602632586,0.0387701519375195,0.01913686983455427,0.011137773901794608,1,0.18805845690830314,-0.010190310052553924,-0.02388744288335886,-0.06090989801946714,-0.09307080595292302,0.19937515200733244,1,0.8941230965813364,0.34254647143466616,-0.5515766251466703
tm366278,rodrigo pinho_1991,2324,0.0038972956847569,0.8642344693734577,0.08138792417105832,0.004275739142020472,0.046204571628706614,2,2425,0.013293072110050893,0.7504827129314444,0.014465069921380587,0.062204838290333346,0.15955430674679075,2,0.009395776425293993,-0.1137517564420133,-0.06692285424967773,0.057929099148312874,0.11334973511808413,0.14443750086918525,2,0.5172729264183424,0.7997289727301282,0.2824560463117858
tm367468,nuno santos_1999,2324,0.0041543941038828264,0.02010077820916204,0.8954276970665507,0.05508788826644969,0.025229242353954687,3,2425,0.01125062162761075,0.4760397500759261,0.4052267199823192,0.08405885168914563,0.02342405662499828,2,0.007096227523727924,0.455938971866764,-0.4902009770842315,0.028970963422695943,-0.0018051857289564065,0.6701246280864215,3,0.45274556962509727,1.0659558578128614,0.6132102881877641
tm367652,rodrigo abascal_1994,2324,0.9974910744898133,0.0001005091729573188,0.0002117504284677969,0.0019734113785046335,0.0002232545302570086,1,2425,0.9991520743576665,8.227933079229356e-05,0.00021588710381265235,0.00040020841104739565,0.00014955079668134088,1,0.0016609998678531745,-1.8229842165025248e-05,4.13667534485544e-06,-0.0015732029674572377,-7.370373357566771e-05,0.002287845619147584,1,0.01938975349272306,0.007891950636494713,-0.011497802856228347
tm373187,maracas_1994,2324,0.9432891627763867,0.010854419646515446,0.006859219477477203,0.022649616501754326,0.016347581597866423,1,2425,0.9852551554060914,0.0010330509598677838,0.0028208050608174115,0.009065835744271444,0.0018251528289520004,1,0.041965992629704685,-0.009821368686647663,-0.004038414416659792,-0.013583780757482882,-0.014522428768914422,0.04536994281397695,1,0.29137836307794907,0.09244666883080106,-0.19893169424714802
tm374987,elves balde_1999,2324,0.005981601335178481,0.025187229070769347,0.8748447905978732,0.048967758776509385,0.04501862021966939,3,2425,0.006421603187131535,0.6593957362695921,0.2746653254396445,0.030009731402738056,0.02950760370089363,2,0.00044000185195305387,0.6342085071988228,-0.6001794651582287,-0.01895802737377133,-0.015511016518775757,0.8733816012514297,2,0.527623481766186,0.8711125564356057,0.3434890746694197
tm375376,pedro alvaro_2000,2324,0.9934202659554897,0.0003279520617055496,0.0004719048296471085,0.004981136080463156,0.0007987410726947356,1,2425,0.9972152287983533,0.00014080518901218853,0.0006142379136611947,0.0016018591020689206,0.00042786899690432464,1,0.003794962842863625,-0.00018714687269336106,0.00014233308401408618,-0.003379276978394235,-0.00037087207579041096,0.0050868987147558485,1,0.04491074331631654,0.022201296991834877,-0.02270944632448166
tm379249,matheus reis_1995,2324,0.5385378030793769,0.002228496718424065,0.07612692877435652,0.3654365148923231,0.017670256535519274,1,2425,0.5258987519095971,0.04461602082205885,0.3123652498901041,0.09188728853231239,0.02523268884592754,1,-0.012639051169779814,0.042387524103634784,0.2362383211157476,-0.2735492263600107,0.007562432310408266,0.3641348258816451,4,0.9821478449362653,1.1523696333292603,0.17022178839299507
tm383014,goncalo costa_2000,2324,0.18726625929691612,0.009582784113719425,0.32091059748045925,0.3457623291551758,0.13647802995372943,4,2425,0.09257133717000354,0.021687732539986432,0.15404153745759175,0.6088472063089699,0.12285218652344829,4,-0.09469492212691258,0.012104948426267007,-0.1668690600228675,0.26308487715379414,-0.013625843430281143,0.3258413629866026,4,1.362005642768334,1.15122051862702,-0.21078512414131412
tm383807,kikas_1998,2324,0.005980450416243535,0.7532560515265341,0.0531742188038023,0.0091886878416924,0.17840059141172782,2,2425,0.018052200801635335,0.6150627797529009,0.02146539437991202,0.06555920724891055,0.27986041781664117,2,0.012071750385391801,-0.13819327177363316,-0.03170882442389028,0.056370519407218156,0.10145982640491336,0.15305617441140068,2,0.7506797240050141,0.9888932659103193,0.2382135419053052
tm390638,arthur cabral_1998,2324,0.01148273605559296,0.7883374009609614,0.03768627845264279,0.011796541818646035,0.1506970427121569,2,2425,0.00960747248456785,0.06126861960222219,0.005501330303268956,0.023055497747741342,0.9005670798621996,5,-0.0018752635710251094,-0.7270687813587392,-0.03218494814937383,0.011258955929095307,0.7498700371500427,0.727870293675964,2,0.6999026162222234,0.42557549581134174,-0.27432712041088164
tm394328,rafik guitane_1999,2324,0.03572348020289535,0.2559960396433307,0.32504292657194095,0.34131777765637394,0.041919775925459105,4,2425,0.04277817696573186,0.3427372129181654,0.29221124436291274,0.07879545410197938,0.24347791165121052,2,0.007054696762836508,0.08674117327483472,-0.03283168220902821,-0.26252232355439453,0.20155813572575143,0.278513356248104,4,1.332995850321886,1.4055059976805524,0.07251014735866645
tm395632,marious vrousai_1998,2324,0.03127675185628932,0.0038320920538898943,0.19993140537836007,0.7585981011704482,0.006361649541012482,4,2425,0.11947917883201442,0.021087217278783463,0.6996706985122438,0.1539039111644138,0.005858994212544512,3,0.0882024269757251,0.01725512522489357,0.49973929313388377,-0.6046941900060344,-0.0005026553284679701,0.7896023252245036,4,0.693300756402862,0.9032425322790132,0.20994177587615115
tm396342,toni borevkovic_1997,2324,0.9921878965202138,0.000597212513605408,0.0006066053137114464,0.005018076097629279,0.0015902095548400678,1,2425,0.9999284845724226,3.5852498462661557e-06,2.2057198019078534e-05,3.333077413078454e-05,1.2542205581319337e-05,1,0.0077405880522087855,-0.0005936272637591418,-0.0005845481156923679,-0.004984745323498494,-0.0015776673492587485,0.009244375542024197,1,0.053524654249542954,0.0008381260444743626,-0.05268652820506859
tm402112,morlaye sylla_1998,2324,0.025409505225140492,0.00797334291068426,0.37491656456944833,0.5842863199190268,0.007414267375700075,4,2425,0.04407745229948285,0.2501997719552166,0.19344455551570802,0.4922733864250757,0.020004833804516734,4,0.01866794707434236,0.24222642904453232,-0.1814720090537403,-0.09201293349395112,0.01259056642881666,0.3168921033661132,2,0.8499934075360586,1.2291748432239502,0.37918143568789164
tm406151,ze pedro figueiredo_1997,2324,0.9687552703274552,0.00505642521536363,0.0022428050448064707,0.020382133767194926,0.0035633656451798073,1,2425,1.0,1.8500329222485605e-41,1.0241816614610038e-40,1.904735336245471e-40,4.221347056979944e-41,1,0.03124472967254477,-0.00505642521536363,-0.0022428050448064707,-0.020382133767194926,-0.0035633656451798073,0.03771289062962161,1,0.1706029093629623,1.1052408446371418e-10,-0.1706029092524382
tm410281,renato pantalon_1997,2324,0.9915539026249159,0.0011246816942011276,0.0004720596187276553,0.0058576156560752775,0.000991740406080058,1,2425,0.9996167666897773,1.83837197291591e-05,7.54249977237356e-05,0.0002277975577964844,6.162703497333155e-05,1,0.008062864064861341,-0.0011062979744719684,-0.0003966346210039197,-0.005629818098278793,-0.0009301133711067265,0.009903829712744434,1,0.05662957181137059,0.0038075668779298344,-0.05282200493344076
tm412367,weverson_2000,2324,0.9980269667609626,1.7126080195100643e-05,0.00012902411178205208,0.0017495647358625312,7.731831119791742e-05,1,2425,0.9081780727262547,0.010058003780710872,0.03751674920412697,0.033640373936656406,0.010606800352251106,1,-0.08984889403470786,0.010040877700515772,0.03738772509234491,0.031890809200793874,0.010529482041053188,0.10290047950966541,1,0.015153453048357099,0.4192282932936254,0.4040748402452683
tm412669,francisco trincao_1999,2324,0.01501878842835732,0.15038881758360162,0.5704589719140056,0.048425525721916475,0.21570789635211904,3,2425,0.014843489936303701,0.3332114393733955,0.22176282018847535,0.06564644865923847,0.364535801842587,5,-0.00017529849205361915,0.18282262178979386,-0.34869615172553026,0.01722092293732199,0.14882790549046795,0.39409352720218904,3,1.1456572142294978,1.3093438464486917,0.16368663221919388
tm413118,sikou niakate_1999,2324,0.995643145630011,0.00018232683333700608,0.00026149166442676446,0.003452655437531601,0.00046038043469377645,1,2425,0.9986452358057792,7.937637488767888e-05,0.00046136835737827983,0.0006160595003156762,0.00019795996163924474,1,0.003002090175768246,-0.0001029504584493272,0.00019987669295151538,-0.0028365959372159246,-0.0002624204730545317,0.00413634759464848,1,0.031183279882166525,0.011889285707573737,-0.019293994174592786
tm415525,kanya fujimoto_1999,2324,0.047777574289837504,0.04674968666500958,0.6735152380752898,0.19621640752822225,0.03574109344164088,3,2425,0.012344560019465753,0.576200000580475,0.19073899845649728,0.18993224295179023,0.030784197991771803,2,-0.03543301427037175,0.5294503139154655,-0.4827762396187925,-0.006284164576432022,-0.004956895449869075,0.7174158638268008,2,0.9933117691872029,1.1105801176271954,0.11726834843999256
tm415645,alexandre pinto_1998,2324,0.9950726585587765,5.6280454618415555e-05,0.00034028173749891193,0.004187719739476491,0.0003430595096298234,1,2425,0.8418801626154098,0.01405415217633277,0.08113805504428394,0.04607245638225945,0.01685517378171393,1,-0.1531924959433667,0.013997871721714353,0.08079777330678503,0.04188473664278296,0.016512114272084107,0.1787358177900163,1,0.033850363334244016,0.6192388111172163,0.5853884477829723
tm420196,justin de haas_2000,2324,0.9958986326262128,0.00031125973996451933,0.0005700699939063324,0.0028799397346908426,0.00034009790522533917,1,2425,0.9973847691515627,0.0001331350312228359,0.0005672540781945226,0.0015960641652142033,0.0003187775738058033,1,0.0014861365253499015,-0.00017812470874168342,-2.815915711809852e-06,-0.0012838755694766393,-2.1320331419535877e-05,0.0019719722592175704,1,0.030428335268439317,0.020885459947612525,-0.009542875320826791
tm426620,pedro goncalves_1998,2324,0.009360237258911825,0.05037453831250069,0.6601156063833542,0.028108524558663747,0.25204109348656967,3,2425,0.01090953641522722,0.12487896809610283,0.08439503989549503,0.03222661354293846,0.7475898420502365,5,0.0015492991563153952,0.07450442978360214,-0.5757205664878592,0.004118088984274713,0.4955487485636668,0.5805380605259567,3,0.9161781034977081,0.8459071047840124,-0.07027099871369569
tm428786,alan_2000,2324,0.006375422275098246,0.007778158218411825,0.7325102503767098,0.24013255509996198,0.013203614029818142,3,2425,0.004666811772680001,0.25799021965734825,0.6623714612649397,0.054832564501397105,0.02013894280363493,3,-0.0017086105024182452,0.25021206143893643,-0.07013878911177007,-0.1852999905985649,0.006935328773816788,0.31916223350087125,2,0.6977181521853778,0.8852811006559418,0.18756294847056398
tm429309,jordan holsgrove_1999,2324,0.024100023511147515,0.005400944990637063,0.6367387336795779,0.31923005249848274,0.014530245320154704,3,2425,1.0241816614610038e-40,1.8964810913331243e-40,1.0,1.4996200979554118e-39,4.221347056979944e-41,3,-0.024100023511147515,-0.005400944990637063,0.3632612663204221,-0.31923005249848274,-0.014530245320154704,0.48422779284850065,3,0.8314019542490949,1.1052408446371418e-10,-0.8314019541385709
tm433358,tomas ribeiro_1999,2324,0.9960908028653149,0.00013139741968857773,0.0002491354847768803,0.0032915042915217887,0.00023715993869786263,1,2425,0.3057962212203079,0.08993840141215396,0.040506344681669124,0.3810407187694227,0.18271831391644633,4,-0.690294581645007,0.08980700399246538,0.04025720919689224,0.3777492144779009,0.18248115397774847,0.7930239714822948,1,0.027938198228845662,1.3870553008787492,1.3591171026499036
tm437566,claudio falcao_1994,2324,0.08155817414521302,0.004964158783892666,0.013339294740157841,0.8897708004219057,0.010367571908830664,4,2425,0.7050517253602648,0.019540684342689317,0.08929784479840176,0.15895335980751257,0.027156385691131615,1,0.6234935512150518,0.014576525558796651,0.07595855005824392,-0.7308174406143931,0.016788813782300953,0.9637533482884744,4,0.43963199451481416,0.9292937459214192,0.48966175140660506
tm448470,andre franco_1998,2324,0.0118001561495549,0.0018130029988831914,0.16655516110017793,0.8121877544197142,0.0076439253316697925,4,2425,0.01643543562456233,0.026671671283072882,0.16407831468178183,0.7685154613248244,0.024299117085758663,4,0.00463527947500743,0.02485866828418969,-0.0024768464183961003,-0.04367229309488985,0.01665519175408887,0.05052566829860926,4,0.5685814371823612,0.7534146511522812,0.18483321396992003
tm448920,enea mihaj_1998,2324,0.9990576863462541,6.601088798074784e-05,8.056542387829264e-05,0.0006395888323246415,0.00015614850956211627,1,2425,0.9998910000350835,5.677810713555188e-06,3.936230300988139e-05,4.652690360059351e-05,1.7432947592388154e-05,1,0.0008333136888293291,-6.033307726719265e-05,-4.120312086841125e-05,-0.000593061928724048,-0.0001387155619697281,0.0010254130546633671,1,0.008409284879901703,0.0012319596813934305,-0.007177325198508272
tm451858,rui costa_1996,2324,0.005312294022188156,0.6646475488562914,0.19289662333762478,0.010750254650548343,0.1263932791333473,2,2425,0.007884031330099574,0.6205048092400162,0.027967893554955332,0.023585281196747066,0.32005798467818186,2,0.002571737307911418,-0.04414273961627524,-0.16492872978266945,0.012835026546198723,0.19366470554483456,0.17123498213793117,3,0.9269181190871882,0.887337133611005,-0.03958098547618327
tm452607,alexander bah_1997,2324,0.559138245841769,0.01950980860484231,0.15531206184318166,0.14652005624669265,0.11951982746351444,1,2425,0.7770799688860698,0.00937570300375439,0.1356286330983136,0.03224516436436033,0.04567053064750202,1,0.21794172304430082,-0.010134105601087922,-0.01968342874486806,-0.11427489188233231,-0.07384929681601243,0.24707788857306873,1,1.2264054580734611,0.7624290324098233,-0.46397642566363784
tm45320,angel di maria_1988,2324,0.005592415114621557,0.06120036511068719,0.14827511909644997,0.01314447695112224,0.7717876237271191,5,2425,0.007577425800795836,0.40603988420208886,0.11729697099689282,0.027122599749383716,0.4419631192508388,5,0.0019850106861742794,0.34483951909140165,-0.03097814809955715,0.013978122798261475,-0.32982450447628026,0.34651589829509233,2,0.7398513043092858,1.1130529452969045,0.37320164098761865
tm454121,galeno_1997,2324,0.013023418969326926,0.05512487384650336,0.7478947739365298,0.06891422454983341,0.11504270869780658,3,2425,0.058116340234185895,0.1952090419510384,0.10877546028240219,0.4512651795143601,0.1866339780180134,4,0.04509292126485897,0.14008416810453503,-0.6391193136541277,0.3823509549645267,0.07159126932020682,0.7591592030330312,3,0.8666657858475495,1.3979405611064362,0.5312747752588867
tm454567,orkun kokcu_2000,2324,0.019746912766124086,0.09292630354872482,0.5914525990464825,0.13626141713083037,0.15961276750783818,3,2425,0.0052645988336938445,0.3753070830239979,0.5019239267941568,0.08748676102658398,0.03001763032156744,3,-0.01448231393243024,0.28238077947527307,-0.08952867225232575,-0.04877465610424639,-0.12959513718627075,0.3005711101673814,2,1.1733890431223941,1.0597886259508305,-0.11360041717156366
tm454576,robert bozenik_1999,2324,0.0030791552752753486,0.8602638365311667,0.03835433310799831,0.0061962461967431555,0.09210642888881657,2,2425,0.01295365692199493,0.6130515401357954,0.018977226394529926,0.055378236151123764,0.29963934039655604,2,0.009874501646719581,-0.24721229639537123,-0.019377106713468383,0.04918198995438061,0.20753291150773948,0.2529936079672802,2,0.5235167696662284,0.9528657358031345,0.4293489661369061
tm458715,robson bambu_1997,2324,0.999857213876083,5.7139304001985875e-06,9.568476527575695e-06,0.00011694045331785393,1.0563263671429775e-05,1,2425,0.8668718888221791,0.026734498299946105,0.008707145994876785,0.07071188427200485,0.026974582610992903,1,-0.1329853250539038,0.026728784369545906,0.008697577518349209,0.070594943818687,0.026964019347321472,0.15316271916173793,1,0.001502137228650451,0.5467563793134795,0.5452542420848291
tm461496,morten hjulmand_1999,2324,0.010894753370652552,0.0009036422988053366,0.005726148847086729,0.9815423339647151,0.000933121518740177,4,2425,0.009483622049363765,0.020386704054743267,0.1543789663275939,0.8140223404895596,0.0017283670787396226,4,-0.0014111313212887867,0.01948306175593793,0.14865281748050718,-0.16751999347515556,0.0007952455599994457,0.22481590100747045,4,0.10993134137144352,0.590465221210794,0.48053387983935053
tm461629,gustavo assuncao_2000,2324,0.04606214807825137,0.0012054111288081072,0.005774627053448699,0.9417094589517763,0.005248354787715576,4,2425,0.015365921835431041,0.014876902534838655,0.03709308419505986,0.9283014737568471,0.004362617677823282,4,-0.030696226242820326,0.013671491406030549,0.03131845714161116,-0.01340798519492914,-0.0008857371098922942,0.047851727320275,3,0.2637446196394415,0.341733749145,0.07798912950555847
tm461937,nuno goncalo moreira_1999,2324,2.2208356399879527e-41,1.0516471825514634e-40,1.0,3.4601450456008196e-40,2.3798619784997737e-41,3,2425,0.005770484176695915,0.746701530513106,0.08262439665762134,0.078458679659447,0.08644490899312988,2,0.005770484176695915,0.746701530513106,-0.9173756033423787,0.078458679659447,0.08644490899312988,1.185466252653337,3,1.1052408446371418e-10,0.8652007991003301,0.8652007989898061
tm461943,daniel braganca_1999,2324,0.051630955494103126,0.08970388871926487,0.4461350283864067,0.30796028678060805,0.10456984061961716,3,2425,0.01051084332701474,0.6703061369463622,0.11525290534270334,0.14649297729087635,0.05743713709304319,2,-0.041120112167088385,0.5806022482270974,-0.33088212304370335,-0.1614673094897317,-0.04713270352657397,0.6887267278498456,2,1.328222625483634,1.0105174248602629,-0.31770520062337115
tm466805,nicolas gonzalez_2002,2324,0.015050488808869585,0.0031925211411913796,0.017642000366236373,0.9617491522050318,0.002365837478670884,4,2425,0.01491096856242292,0.3937556156898262,0.08166609204288287,0.4655757184072842,0.04409160529758382,4,-0.00013952024644666577,0.3905630945486348,0.0640240916766465,-0.4961734337977476,0.041725767818912934,0.6346863091409586,4,0.20454848083592764,1.1278384098785215,0.9232899290425938
tm468332,ismael_1999,2324,0.22356805432779966,0.010912051624665128,0.006500498268537374,0.7442675335604308,0.014751862218567035,4,2425,0.03863067013272838,0.014536024693276577,0.0820325185465251,0.8585391917555919,0.006261594871878029,4,-0.18493738419507127,0.003623973068611449,0.07553202027798772,0.11427165819516105,-0.008490267346689007,0.2301696487542688,1,0.6989713591970214,0.5550444558195615,-0.14392690337745984
tm471582,zaydou youssouf_1999,2324,0.01346803604399113,0.0015354570965422176,0.014559197484662018,0.9681166305861505,0.002320678788654222,4,2425,0.0003721948884159057,0.00229704732619898,0.004836341154455198,0.9922912496067298,0.00020316702420026988,4,-0.013095841155575223,0.0007615902296567625,-0.00972285633020682,0.02417461902057927,-0.002117511764453952,0.029172370751414125,4,0.1749860164942817,0.05208764853294184,-0.12289836796133985
tm478365,moura_1999,2324,0.9136122422849379,0.0014695357786577924,0.03307970142218382,0.0409785840794196,0.010859936434800838,1,2425,0.1306288521144326,0.10352826036093452,0.14112360856683584,0.2876737362186338,0.3370455427391634,5,-0.7829833901705052,0.10205872458227672,0.10804390714465202,0.2466951521392142,0.32618560630436255,0.8342727111120984,1,0.3849232250029963,1.5019814356106138,1.1170582106076175
tm478366,miguel reisinho_1999,2324,0.013823900513011862,0.0012861709308220992,0.011998971835229043,0.9717461889616,0.0011447677593369766,4,2425,0.050975728423540694,0.3707729664751223,0.2085669324481056,0.35366022639424693,0.016024146258984448,2,0.03715182791052883,0.3694867955443002,0.19656796061287654,-0.6180859625673532,0.014879378499647471,0.7473753880487408,4,0.1564204312214095,1.2803595994122956,1.1239391681908861
tm479648,felix correia_2001,2324,0.0051875185364230565,0.15394441225174244,0.8017063061114919,0.02503824773378064,0.014123515366561978,3,2425,0.009285918136488198,0.5052762096034523,0.3195148259957211,0.09509552728868453,0.07082751897565379,2,0.004098399600065142,0.3513317973517099,-0.48219148011577073,0.0700572795549039,0.05670400360909181,0.6007224605627265,3,0.6450265549150996,1.1641931030027302,0.5191665480876305
tm479649,goncalo borges_2001,2324,0.005798933077158725,0.012448646733193729,0.08093922548729052,0.018743851631616428,0.8820693430707406,5,2425,0.007125734730880272,0.38909945564094767,0.15664707013840207,0.051530107391247366,0.3955976320985226,5,0.0013268016537215472,0.37665080890775393,0.07570784465111155,0.03278625575963094,-0.486471710972218,0.3855829464096493,2,0.4731806794108675,1.2125724939425688,0.7393918145317013
tm481627,sandro cruz_2001,2324,0.7021064931703419,0.0012218668060219593,0.012336512176685053,0.28139713275575373,0.00293799509119742,1,2425,0.9896384187951797,0.0009817507187407505,0.0026338316070034723,0.005889863661579142,0.0008561352174968601,1,0.28753192562483776,-0.0002401160872812088,-0.009702680569681581,-0.2755072690941746,-0.00208185987370056,0.3983378757326873,1,0.6846678647941636,0.0690392367875942,-0.6156286280065695
tm490760,duplexe tchamba_1998,2324,0.9965422600123406,0.0001235257712669486,0.0004833103059908065,0.0026869104042486366,0.00016399350615311194,1,2425,0.9877120180998737,0.0009665075578393985,0.0022332805254307053,0.00736673871384244,0.001721455103013739,1,-0.00883024191246684,0.0008429817865724499,0.0017499702194398988,0.004679828309593804,0.0015574615968606271,0.010180716050523217,1,0.025587487866442174,0.07968685666527543,0.05409936879883326
tm495601,victor gomez_2000,2324,0.9432085010890071,0.0006510100444066378,0.013401942832240565,0.0377433350197311,0.00499521101461463,1,2425,0.9183154335058813,0.0032402093227313538,0.05752389597580208,0.012027060297547439,0.008893400898037798,1,-0.024893067583125816,0.002589199278324716,0.044121953143561515,-0.025716274722183664,0.0038981898834231678,0.056872157523610856,3,0.2678717153630244,0.35625492064351544,0.08838320528049104
tm504073,eduardo quaresma_2002,2324,0.9682653729145839,0.004896665560181772,0.003495621937385556,0.01602269402067481,0.007319645567173819,1,2425,0.8680124487638452,0.013050025649735389,0.01079544668823432,0.08938599064573916,0.018756088252446023,1,-0.10025292415073872,0.008153360089553616,0.007299824750848765,0.07336329662506434,0.011436442685272205,0.12471001088370563,1,0.17927001996375458,0.5188058503584057,0.3395358303946511
tm504075,rafael brito_2002,2324,0.23987971827769045,0.011807620845951706,0.04685724128823548,0.3851441275185813,0.31631129206954123,4,2425,0.13869297682244147,0.031162582201328125,0.394141600163551,0.41834198610142836,0.017660854711250906,4,-0.10118674145524897,0.01935496135537642,0.3472843588753155,0.03319785858284707,-0.29865043735829033,0.36376076603906193,3,1.269848083247462,1.1848921103707095,-0.08495597287675238
tm504087,tomas araujo_2002,2324,0.9004506325745413,0.023235042026586165,0.014393853060454018,0.03952846354491783,0.022392008793500614,1,2425,0.6674723000273621,0.0359739127241151,0.03983024797297852,0.17382906323589797,0.08289447603964625,1,-0.23297833254717915,0.012738870697528933,0.025436394912524505,0.13430059969098013,0.060502467246145636,0.2704160563402535,1,0.45565162044852403,1.0283889543330367,0.5727373338845126
tm512913,stephen eustaquio_1996,2324,0.0022187634956479622,0.0002458630678454699,0.016801418595718615,0.980233143331817,0.0005008115089709337,4,2425,0.35435830419997344,0.009403396967803975,0.042724481243873284,0.5898449644952776,0.0036688530930716586,4,0.35213954070432546,0.009157533899958506,0.02592306264815467,-0.3903881788365394,0.0031680415841007247,0.5264608740513887,4,0.10763323571310238,0.8781711210425512,0.7705378853294489
tm520662,pepe_1997,2324,0.019989118535181708,0.03857653762278881,0.8102185654700346,0.10551581959363789,0.025699958778357155,3,2425,0.0010325202295721808,0.938429841298499,0.024158658033339626,0.03397306141076162,0.0024059190278274386,2,-0.01895659830560953,0.8998533036757103,-0.786059907436695,-0.07154275818287627,-0.023294039750529717,1.1971231620360576,2,0.7056794966522582,0.28608985234268486,-0.4195896443095733
tm524315,hidemasa morita_1995,2324,0.01542339550786555,0.0005254099475190885,0.008606984738430266,0.9743906139825224,0.001053595823662921,4,2425,0.02255870910796196,0.08211442481903912,0.13281614019209495,0.7534644513453715,0.009046274535532502,4,0.007135313600096409,0.08158901487152004,0.12420915545366468,-0.2209261626371508,0.00799267871186958,0.2663530808606619,4,0.1417413190032266,0.8147709663684463,0.6730296473652196
tm525602,alejandro marques_2000,2324,0.010979150282421253,0.8053750725463537,0.05405225296326278,0.013183848139525278,0.11640967606843719,2,2425,0.03274902820120493,0.5066313716227717,0.02496002093227268,0.26282190322355253,0.17283767602019817,2,0.021769877918783674,-0.29874370092358193,-0.0290922320309901,0.24963805508402725,0.05642799995176098,0.3910079832136399,2,0.6889953210694955,1.2031774432291686,0.5141821221596732
tm536081,lawrence ofori_1998,2324,0.025811644981972963,0.0012050940357693908,0.003918386872394478,0.9679087684257911,0.0011561056840721517,4,2425,0.06708958725051367,0.013212146025888563,0.19330339901667185,0.7172488167180789,0.009146050988846757,4,0.04127794226854071,0.012007051990119172,0.18938501214427736,-0.25065995170771216,0.007989945304774605,0.31708852396518405,4,0.1635961402656599,0.8374152634319403,0.6738191231662803
tm537602,joao mario lopes_2000,2324,0.5574979558289755,0.008704297112858275,0.06367260226946334,0.35635591650669207,0.013769228282010866,1,2425,0.07392412561857212,0.01842373674790176,0.8515328527050472,0.04786218285330501,0.00825710207517408,3,-0.48357383021040345,0.009719439635043486,0.7878602504355838,-0.30849373365338706,-0.005512126206836786,0.9745923633453154,3,0.9690937066741622,0.5880742844909137,-0.38101942218324847
tm54716,steven vitoria_1987,2324,0.989633806471073,0.002399141450410938,0.0009336722653708731,0.005998452030956895,0.001034927782188256,1,2425,0.6123214211435631,0.06721421209426315,0.06985313272810956,0.19588985922602786,0.054721374808036446,1,-0.3773123853275099,0.06481507064385221,0.06891946046273868,0.18989140719507097,0.05368644702584819,0.43286749480770914,1,0.06910220255580016,1.146049607786217,1.0769474052304169
tm547187,leo cordeiro_1995,2324,0.01588891456658061,0.0015070933447435086,0.012064081351449157,0.9696921923641861,0.0008477183730405209,4,2425,0.06702889099309287,0.05239435735077568,0.5918262566017497,0.27466104458530866,0.014089450469073042,3,0.05113997642651226,0.050887264006032176,0.5797621752503005,-0.6950311477788775,0.013241732096032521,0.9079632630567759,4,0.16473950311068045,1.0610765827796795,0.8963370796689991
tm54781,nicolas otamendi_1988,2324,0.9945821499516332,0.00020548377868699974,0.00046759629123344657,0.004160852713941667,0.0005839172645045895,1,2425,0.5177706976767908,0.05706415691656272,0.053060497473440715,0.28243259712269275,0.08967205081051291,1,-0.47681145227484234,0.056858673137875716,0.05259290118220727,0.2782717444087511,0.08908813354600832,0.5574793688761,1,0.037890861681295775,1.2333555819145323,1.1954647202332365
tm549006,goncalo inacio_2001,2324,1.0,1.1922385041118553e-41,2.2208356399879527e-41,3.4178443443857126e-40,2.3798619784997737e-41,1,2425,0.9670363357977659,0.00360816722301477,0.006616361382563453,0.018420969114130718,0.0043181664825253235,1,-0.032963664202234066,0.00360816722301477,0.006616361382563453,0.018420969114130718,0.0043181664825253235,0.038506238058207146,1,1.1052408446371418e-10,0.18300125151226432,0.18300125140174023
tm549027,martim neto_2003,2324,0.05842568541708852,0.0018594774194579168,0.02413708133517114,0.9118876629710023,0.0036900928572800883,4,2425,0.017865222423738007,0.045131474502364814,0.03944658647456642,0.8934848052671532,0.00407191133217735,4,-0.04056046299335052,0.043271997082906896,0.015309505139395281,-0.018402857703849085,0.0003818184748972616,0.06395829116744245,2,0.37229036010322386,0.4622940973853791,0.09000373728215522
tm553062,vitor carvalho_1997,2324,0.038465008516419645,0.0007767261693855597,0.0037076480137134315,0.9544428494335624,0.00260776786691891,4,2425,0.2817487390241738,0.03220199389829658,0.28027726741834874,0.34439048745995476,0.06138151219922609,4,0.24328373050775415,0.03142526772891102,0.2765696194046353,-0.6100523619736076,0.058773744332307185,0.7133226196531313,4,0.21165154682727047,1.3624526579974547,1.1508011111701844
tm554300,madson_1999,2324,0.0193974817005073,0.134108888120308,0.5958108262630143,0.1516029071204165,0.0990798967957539,3,2425,0.00984019493808112,0.6139407232077359,0.14413335728466603,0.09204595508635861,0.14003976948315844,2,-0.00955728676242618,0.4798318350874279,-0.45167746897834826,-0.05955695203405788,0.040959872687404544,0.6617321952360348,2,1.1694985090231809,1.1190450082233663,-0.05045350079981459
tm560903,patrick_1997,2324,0.8862838136508019,0.003596447452086353,0.005566186875192098,0.09084267564467947,0.013710876377240052,1,2425,0.9839855581399383,0.0009990972815759366,0.0018749396519771083,0.011502808386332539,0.0016375965401762707,1,0.09770174448913638,-0.0025973501705104166,-0.00369124722321499,-0.07933986725834694,-0.012073279837063782,0.12593973537674177,1,0.4328362181340462,0.09642735544411205,-0.3364088626899342
tm562671,talys oliveira_1999,2324,0.9612155551962402,0.0010253104982268432,0.008676720594392274,0.023105727604220996,0.0059766861069197735,1,2425,0.9105831860937279,0.0022278687946130677,0.024587726469791717,0.021789413802575677,0.04081180483929159,1,-0.05063236910251234,0.0012025582963862244,0.015911005875399443,-0.001316313801645319,0.034835118732371814,0.05310344374313827,1,0.2039235747791618,0.40393096334727646,0.20000738856811467
tm567497,filipe relvas_1999,2324,0.9687802418631857,0.0018525913319088478,0.004388350621522708,0.016948615540004534,0.008030200643378114,1,2425,0.9994341222322294,3.452761885111145e-05,0.0001609450960125844,0.000276697755928135,9.370729697885536e-05,1,0.030653880369043707,-0.0018180637130577363,-0.004227405525510124,-0.0166719177840764,-0.00793649334639926,0.03519644211309571,1,0.17405694401210794,0.005462248590562406,-0.16859469542154554
tm57723,ivan marcano_1987,2324,0.3558252883625534,0.24296166558578694,0.06387725015709307,0.06858325016304187,0.2687525457315247,1,2425,0.9827361891786578,0.0008298018949034558,0.0032100385896829987,0.010922885852805918,0.0023010844839499505,1,0.6269109008161045,-0.2421318636908835,-0.060667211567410076,-0.057660364310235954,-0.26645146124757474,0.6772372886575533,1,1.4240617348752238,0.1047463358246993,-1.3193153990505244
tm581121,tiago esgaio_1995,2324,0.9930119189221664,0.00017209814097973714,0.0008783874230312919,0.005014657684197377,0.000922937829625047,1,2425,0.9644293192076806,0.0025404043706613176,0.008425988389740848,0.021727713878127653,0.002876574153789348,1,-0.028582599714485846,0.0023683062296815803,0.007547600966709556,0.016713056193930275,0.001953636324164301,0.03404212696836408,1,0.04764085327000529,0.19038692212030597,0.14274606885030067
tm58965,ruben lima_1989,2324,0.5052777834619928,0.0012402878577040368,0.0437479697589957,0.4426165691961846,0.007117389725122883,1,2425,0.9955716437589902,0.00029263521071529674,0.0020341725027050728,0.0016132069756733048,0.0004883415519160185,1,0.4902938602969974,-0.00094765264698874,-0.041713797256290625,-0.4410033622205113,-0.006629048173206864,0.6607669588151374,1,0.8860800879847467,0.03350223207564664,-0.8525778559091001
tm592375,pablo roberto_1999,2324,0.009247315446155268,0.055919386309687555,0.8529526327154832,0.06495924948063396,0.016921416048039952,3,2425,0.05186808809365961,0.13815999397751785,0.18297462291827413,0.5978710307557801,0.029126264254768462,4,0.04262077264750434,0.0822406076678303,-0.669978009797209,0.5329117812751462,0.01220484820672851,0.8610723245142202,3,0.5868587631441793,1.1482387250521366,0.5613799619079574
tm59248,miguel lopes_1986,2324,0.9987712413723376,3.264111794202934e-05,7.834824389680526e-05,0.0009509273343451728,0.0001668419314781867,1,2425,0.9986645849303476,0.00010276274494397408,0.0003143607559801942,0.000671366829895087,0.0002469247388331125,1,-0.00010665644199003843,7.012162700194474e-05,0.00023601251208338895,-0.00027956050445008586,8.008280735492582e-05,0.0003874901556164654,4,0.010373805805828586,0.011769711361283176,0.0013959055554545897
tm594273,jeremy antonisse_2002,2324,0.0034854448371534758,0.0023324207450378066,0.9099756628361252,0.07870965810313091,0.005496813478552714,3,2425,0.019874050712596666,0.7283143077058786,0.12894333978539302,0.088574454642803,0.03429384715332868,2,0.01638860587544319,0.7259818869608408,-0.7810323230507321,0.009864796539672094,0.028797033674775964,1.066502269317115,3,0.3483881605697065,0.9032532060057101,0.5548650454360036
tm595012,ibrahima camara_1999,2324,0.8514016665889369,0.0013402127059851357,0.002380335481983289,0.14239840396368011,0.002479381259414584,1,2425,0.9300671540281961,0.000936642884589103,0.020484185401638526,0.04763932575804012,0.000872691927536299,1,0.07866548743925916,-0.0004035698213960327,0.01810384991965524,-0.09475907820564,-0.001606689331878285,0.1244807377346109,4,0.45263808378487475,0.30477036517556527,-0.14786771860930947
tm596884,adrian butzke_1999,2324,0.03848290643231465,0.7171582550109592,0.13543779884559917,0.05430580544727837,0.05461523426384876,2,2425,0.055023101798869635,0.6206997426895099,0.07796280152647558,0.053879857575697056,0.1924344964094479,2,0.01654019536655499,-0.09645851232144931,-0.05747499731912359,-0.00042594787158131697,0.13781926214559914,0.11349616473896183,2,0.9515484284309947,1.129022525992003,0.1774740975610083
tm606752,rodrigo zalazar_1999,2324,0.016603155430519292,0.032706080858579824,0.7768858898382182,0.07270683809706675,0.10109803577561596,3,2425,0.009819522782598976,0.2324359138130473,0.54623635082456,0.07915135062944821,0.1323568619503455,3,-0.006783632647920316,0.19972983295446747,-0.23064953901365814,0.006444512532381458,0.031258826174729526,0.3052519703997248,3,0.7983082538963702,1.1832852591945764,0.3849770052982062
tm610335,ivan jaime pajuelo_2000,2324,0.03687082964447806,0.060858360269098334,0.5248220906877988,0.15574132762485754,0.22170739177376728,3,2425,0.006705297305706768,0.30352587992989255,0.03488614659083961,0.03223106982231996,0.6226516063512412,5,-0.030165532338771294,0.24266751966079422,-0.48993594409695923,-0.12351025780253758,0.40094421457747387,0.5613283330994716,3,1.2539813083691873,0.9182162361806412,-0.3357650721885461
tm615302,mirko topic_2001,2324,0.1842432046491683,0.002886947272107032,0.02385129297245781,0.7386929280133642,0.050325627092902676,4,2425,0.22087664246004426,0.018492800053794105,0.1466258487595559,0.5988080943638203,0.015196614362785462,4,0.03663343781087597,0.015605852781687073,0.12277455578709809,-0.13988483364954385,-0.03512901273011722,0.19033367973316445,4,0.7918007000588553,1.059553630327997,0.2677529302691418
tm617267,henrique araujo_2002,2324,0.07296834246578343,0.6643056469982761,0.1286996472159324,0.08378319654876558,0.050243166771242645,2,2425,0.00419727554948313,0.8547153590490534,0.012482986951979703,0.0230962704298479,0.10550810801963606,2,-0.0687710669163003,0.19040971205077728,-0.1162166602639527,-0.06068692611891768,0.055264941248393415,0.24119397424632347,2,1.0846041789783427,0.536182817926125,-0.5484213610522177
tm61764,marco matias_1989,2324,0.0003058307856688976,0.001572976959797404,0.9951709775182891,0.0022966026754672416,0.0006536120607773951,3,2425,0.008797864902314661,0.400793025529112,0.26069431100263335,0.16702125875598023,0.16269353980995988,2,0.008492034116645763,0.3992200485693146,-0.7344766665156557,0.16472465608051298,0.16203992774918247,0.8520791910379675,3,0.03619333933076605,1.3529108158134067,1.3167174764826406
tm617679,ze carlos_1998,2324,0.8782279969308993,0.002672082334200021,0.023765288549030306,0.08602928413818389,0.00930534804768652,1,2425,0.9862288073940507,0.0009520261609033376,0.0058318675707609334,0.004476309956091656,0.0025109889181934067,1,0.10800081046315146,-0.0017200561732966836,-0.017933420978269374,-0.08155297418209223,-0.006794359129493112,0.13652702604197345,1,0.47329816857284535,0.08954631659794388,-0.38375185197490147
tm632901,miguel puche garcia_2001,2324,0.019104653928575674,0.5109774921739405,0.21834718818043294,0.04584837307584489,0.20572229264120592,2,2425,0.054061201557006194,0.10920651440786892,0.17146306515908727,0.48718036918248986,0.17808884969354782,4,0.03495654762843052,-0.40177097776607157,-0.046884123021345675,0.441331996106645,-0.0276334429476581,0.5996781891782961,4,1.2175680596393414,1.359555280841893,0.14198722120255147
tm645588,tomas handel_2000,2324,3.4178443443857126e-40,1.3756164169557374e-41,3.4601450456008196e-40,1.0,2.3798619784997737e-41,4,2425,0.045232388552061964,0.009307669006172485,0.11043238853844954,0.8288771672299021,0.006150386673413974,4,0.045232388552061964,0.009307669006172485,0.11043238853844954,-0.17112283277009788,0.006150386673413974,0.20883232031949253,4,1.1052408446371418e-10,0.6137689441442569,0.6137689440337328
tm646404,vinicius zanocelo_2001,2324,0.03905593020572209,0.00125983198984634,0.003573384862342364,0.9546721472235808,0.0014387057185083754,4,2425,0.004395611914204575,0.006922089684637679,0.008552077569423746,0.9792158675034535,0.0009143533282806449,4,-0.034660318291517514,0.0056622576947913394,0.004978692707081382,0.024543720279872616,-0.0005243523902277305,0.043134445777356444,1,0.20889353070744132,0.1259654900774358,-0.08292804063000553
tm646677,riccieli_1998,2324,0.998072756171923,0.0001309242560380735,0.000153690674354204,0.001508069135345343,0.00013455976233936625,1,2425,0.9653809015901659,0.005213447975027448,0.004542590608147069,0.014460893046264753,0.010402166780394843,1,-0.03269185458175716,0.005082523718989374,0.004388899933792865,0.01295282391091941,0.010267607018055477,0.0357998253242244,1,0.015442667630906839,0.1946756742005566,0.17923300656964974
tm650568,antonio silva_2003,2324,0.998977058899932,6.085438549177569e-05,8.244845878797522e-05,0.000736029796667322,0.0001436084591207885,1,2425,0.9972610164427614,0.00023131498949604412,0.0009147186318441355,0.0013020723260013618,0.00029087760989695064,1,-0.0017160424571706079,0.0001704606040042684,0.0008322701730561603,0.0005660425293340398,0.00014726915077616215,0.001996731408653514,1,0.008969027048809114,0.02209113324281099,0.013122106194001875
tm652332,oscar aranda_2002,2324,0.017712249395100254,0.11371588093910602,0.4142123542361068,0.04750423944032997,0.406855275989357,3,2425,0.006271827767126571,0.8224828968486936,0.07000446773409638,0.046938558577287716,0.05430224907279571,2,-0.011440421627973683,0.7087670159095876,-0.3442078865020104,-0.0005656808630422547,-0.3525530269165613,0.7880107583107143,2,1.194370060743633,0.6804740640734108,-0.5138959966702221
tm653415,leonardo buta_2002,2324,0.9599528346994313,0.0009491355400127679,0.007426541080412059,0.027109245531383303,0.004562243148760673,1,2425,0.9458377132048545,0.0037182560143961562,0.01626786595757038,0.02305632920606444,0.011119835617114368,1,-0.014115121494576721,0.0027691204743833884,0.008841324877158321,-0.004052916325318862,0.006557592468353695,0.01736375072764539,1,0.2046475017841882,0.27741682290535113,0.07276932112116294
tm657387,fabiano souza_2000,2324,0.9240557943394255,0.0013673540979440096,0.013291079009578436,0.05739821788389699,0.003887554669154908,1,2425,0.8212713673147498,0.00636060858786559,0.055857679591305734,0.06304688510422946,0.053463459401849586,1,-0.10278442702467572,0.00499325448992158,0.0425666005817273,0.005648667220332464,0.04957590473269468,0.11150512972792945,1,0.325033464045273,0.685861134717056,0.360827670671783
tm657435,pedro santos_2000,2324,0.04727434769888738,0.002707100264793263,0.016450819147600784,0.9308624494292819,0.002705283459436702,4,2425,0.15975392348150827,0.024240666501834113,0.29646260685119746,0.4936910602175877,0.0258517429478726,4,0.11247957578262088,0.02153356623704085,0.2800117877035967,-0.4371713892116942,0.023146459488435897,0.5316397034095273,4,0.3105306752451603,1.1865933257349845,0.8760626504898242
tm658848,jesus castillo_2001,2324,0.2610830813004248,0.035744496020691206,0.07729253260325487,0.48259682609260907,0.14328306398302015,4,2425,0.14455677728029967,0.023291065412064053,0.2699711803865022,0.5445597908147276,0.017621186106406568,4,-0.11652630402012512,-0.012453430608627154,0.19267864778324734,0.06196296472211854,-0.1256618778766136,0.23387590250226659,3,1.297568412160107,1.1228000235359932,-0.1747683886241138
tm659705,paulo victor_2001,2324,0.012652814622605448,0.2574989237658098,0.5747987058717484,0.09697757774544288,0.05807197799439342,3,2425,0.5551427878033621,0.012123726340513103,0.08014858695864653,0.3129796532377933,0.03960524565968502,1,0.5424899731807566,-0.2453751974252967,-0.4946501189131019,0.21600207549235043,-0.0184667323347084,0.8036417082698671,1,1.114489063326834,1.0739397273717142,-0.04054933595511989
tm663254,dinis pinto_2000,2324,0.9338988477560286,0.0009358221865258929,0.007326384023266832,0.05328984949570039,0.004549096538478305,1,2425,0.43343945338484036,0.05310977865654482,0.10945546961609662,0.372429392441122,0.03156590590139633,1,-0.5004593943711882,0.05217395647001893,0.10212908559282978,0.31913954294542163,0.027016809362918025,0.6045346351893761,1,0.2871905153796006,1.2373293984418954,0.9501388830622948
tm666539,beni_2002,2324,0.10437149052069902,0.002649200846721856,0.028195339153970635,0.8531245130668501,0.01165945641175835,4,2425,0.02987055733531328,0.018834561538354288,0.12379045347483643,0.8232340573563695,0.004270370295126446,4,-0.07450093318538574,0.01618536069163243,0.09559511432086579,-0.029890455710480657,-0.007389086116631904,0.12587382639298433,3,0.5396177440718495,0.6217332485764065,0.08211550450455707
tm669956,leonardo lelo_2000,2324,0.4031501617756284,0.0007341183195095142,0.023808103361624186,0.5656299734472401,0.0066776430959978135,4,2425,0.015840342786992465,0.009539539328911386,0.8618833185554742,0.10532560213396006,0.0074111971946618895,3,-0.3873098189886359,0.00880542100940187,0.83807521519385,-0.46030437131328006,0.000733554098664076,1.0316669093736093,3,0.8162792719384244,0.5115549316749884,-0.304724340263436
tm681829,nilton varela_2001,2324,0.11141295148302026,0.004509451989886137,0.04947943966213872,0.7610029344617676,0.07359522240318728,4,2425,0.5733454528757417,0.010736130052282298,0.3359223409274381,0.07448556244466197,0.005510513699875823,1,0.4619325013927214,0.006226678062396161,0.28644290126529937,-0.6865173720171056,-0.06808470870331146,0.8756574930469014,4,0.8174666604176154,0.9561724675982846,0.13870580718066916
tm695121,hevertton santos_2001,2324,0.5967342946843942,0.0008902430200404501,0.019529131534869255,0.3755175300804999,0.007328800680196157,1,2425,0.8982748067533356,0.009050427627842344,0.027510174172729926,0.052947608052317706,0.012216983393774463,1,0.3015405120689414,0.008160184607801893,0.007981042637860671,-0.3225699220281822,0.004888182713578306,0.4417106752960445,4,0.7950294055177805,0.44719648450735283,-0.3478329210104276
tm701325,bruno onyemaechi_1999,2324,0.4703387180864891,0.003439642073146178,0.11221998352221325,0.3952588017514238,0.018742854566727814,1,2425,0.06921616669626406,0.039263095615644596,0.40635938273150984,0.4711067696924533,0.01405458526412829,4,-0.401122551390225,0.03582345354249842,0.2941393992092966,0.07584796794102949,-0.004688269302599524,0.5044338623303403,1,1.061170839868704,1.0924182518162031,0.031247411947499026
tm701979,geny catamo_2001,2324,0.020283626961573303,0.05096872234163821,0.6459161775291659,0.26006946379225276,0.02276200937536986,3,2425,0.012493887958401154,0.3515695885521447,0.39555996550287936,0.11503859703966995,0.12533796094690475,3,-0.007789739003172149,0.3006008662105065,-0.2503562120262865,-0.1450308667525828,0.10257595157153489,0.41729335725769795,2,0.9494598526809213,1.298194403401534,0.34873455072061277
tm70359,david simao_1990,2324,0.02944503911031474,0.0006450983652558237,0.05407367917999892,0.9075379150723132,0.008298268272117347,4,2425,0.03190010043039582,0.005801180543417479,0.22610505868836153,0.7279637524745715,0.008229907863253698,4,0.0024550613200810777,0.005156082178161655,0.17203137950836261,-0.17957416259774173,-6.836040886364948e-05,0.24874542793334672,4,0.39410661290268834,0.7465725731197348,0.35246596021704646
tm717585,mory gbane_2000,2324,0.04569908285280598,0.0012552676184050366,0.003889685048872295,0.9468722013337104,0.002283763146206344,4,2425,0.8863225729056488,0.0027757122930011646,0.011208983079167132,0.09515656991481783,0.0045361618073650745,1,0.8406234900528428,0.001520444674596128,0.007319298030294836,-0.8517156314188926,0.0022523986611587303,1.1967135215696234,4,0.23656436043082207,0.4219425007229608,0.18537814029213873
tm726705,samuel justo_2004,2324,0.06302044306264343,0.025203608633563492,0.2038366487578654,0.696630971357744,0.011308328188183666,4,2425,0.06776781298800176,0.1594972410818877,0.11342451833390511,0.6184517808924834,0.04085864670372194,4,0.004747369925358333,0.1342936324483242,-0.09041213042396028,-0.07817919046526056,0.029550318515538274,0.17984342186184205,2,0.8936831077066651,1.1499234085387788,0.2562403008321137
tm72768,nelson oliveira_1991,2324,0.0022671812159190795,0.8869628603186304,0.06226917004379028,0.004573233998647432,0.04392755442301282,2,2425,0.004762562309008273,0.7999307472499446,0.01931318916148003,0.024157459988439375,0.15183604129112765,2,0.002495381093089193,-0.08703211306868575,-0.04295598088231026,0.019584225989791943,0.10790848686811483,0.0990432927218239,2,0.45499712348489085,0.6564085276856935,0.2014114042008026
tm729140,miguel maga_2002,2324,0.3180285973100556,0.004239182785522429,0.03028379403517225,0.6227354323568217,0.024712993512427936,4,2425,0.9926775006497707,0.0005925899854665219,0.0032590987187525763,0.002683115912739564,0.0007876947332706057,1,0.6746489033397151,-0.0036465928000559075,-0.027024695316419673,-0.6200523164440822,-0.02392529877915733,0.916711322991675,1,0.8798020161415817,0.05187706818970131,-0.8279249479518804
tm733579,clayton_1999,2324,0.003921572015751156,0.7930424108617914,0.03836891842409803,0.008014756380725038,0.15665234231763428,2,2425,0.003334023726915602,0.05197435344109582,0.005094317949090663,0.011155113313220315,0.9284421915696777,5,-0.0005875482888355542,-0.7410680574206956,-0.03327460047500737,0.0031403569324952776,0.7717898492520434,0.7418215902902193,2,0.6597957119893441,0.31868637756155316,-0.3411093344277909
tm739438,matheus pereira_2000,2324,0.1091488523367787,0.033337184341350475,0.2841824974245333,0.5235271880451984,0.04980427785213913,4,2425,0.038380300879408996,0.17384835860887954,0.5801611473901367,0.16608212539587264,0.04152806772570214,3,-0.07076855145736971,0.14051117426752907,0.2959786499656034,-0.35744506264932574,-0.008276210126436992,0.49002235869116817,4,1.2008976285699942,1.1754359856950876,-0.025461642874906598
tm740087,michel costa_2001,2324,0.01352229697681089,0.0005104407638651996,0.0020836440867213575,0.9827864027983588,0.0010972153742437867,4,2425,0.15627728631325835,0.017516670753046314,0.12897745902728439,0.6427304593033513,0.0544981246030597,4,0.14275498933644745,0.017006229989181113,0.12689381494056304,-0.34005594349500756,0.053400909228815914,0.39039503559259536,4,0.09946707000115995,1.0677520788822359,0.9682850088810759
tm740498,david pastor_2000,2324,0.9704152322474798,0.0005540882900026314,0.002568257607904229,0.02314229875159861,0.0033201231030148383,1,2425,0.6540477282122803,0.011519668563460815,0.2460513180433505,0.0685765195744915,0.019804765606416773,1,-0.31636750403519953,0.010965580273458184,0.2434830604354463,0.04543422082289289,0.016484642503401935,0.40194142695297064,1,0.1547223569212607,0.935572189736509,0.7808498328152483
tm741517,alfonso trezza_1999,2324,0.02747391844792647,0.005322705293235739,0.06647722167694946,0.8909176105227883,0.009808544059100187,4,2425,0.0003180220881073766,0.9805151632983531,0.001666116212948908,0.016471571396764605,0.0010291270038262634,2,-0.027155896359819093,0.9751924580051173,-0.06481110546400055,-0.8744460391260237,-0.008779417055273924,1.3117141943242914,2,0.45510037901776496,0.10722714463493051,-0.34787323438283446
tm752442,andre lacximicant_2001,2324,0.023526715678203705,0.1505530074883924,0.2898418752299274,0.12389446466717585,0.4121839369363008,5,2425,0.0057654137466926604,0.36807197120859797,0.018832595340640995,0.029569369720919902,0.5777606499831485,5,-0.017761301931511046,0.21751896372020557,-0.27100927988928636,-0.09432509494625595,0.16557671304684768,0.3605179839438584,3,1.3562698206274215,0.8934825398227053,-0.4627872808047162
tm756990,alan varela_2001,2324,0.0007458436883132314,4.440692989467472e-05,0.0021555638749199487,0.9969320962920332,0.00012208921483908657,4,2425,0.022148073480156315,0.0050351420759774165,0.841704261031634,0.12902899318752253,0.0020835302247097245,3,0.021402229791843082,0.004990735146082742,0.839548697156714,-0.8679031031045106,0.0019614410098706377,1.2077171747364264,4,0.023213698809620216,0.5331528648251422,0.509939166015522
tm766258,kaio cesar_2004,2324,0.05484637793753688,0.29899363545646995,0.44597287899944854,0.1327273896102618,0.06745971799628271,3,2425,0.0006673015650526588,0.9658948768559463,0.01177383716367969,0.015459883007537959,0.006204101407783337,2,-0.054179076372484224,0.6669012413994764,-0.43419904183576885,-0.11726750660272382,-0.06125561658849937,0.8062091007503313,2,1.330261693790924,0.18668693259745214,-1.143574761193472
tm811778,alvaro carreras_2003,2324,0.3571734629132315,0.06399037011357059,0.2588276344695066,0.2357229567247635,0.08428557577892772,1,2425,0.9117958851724693,0.007293411784618625,0.022212868228483198,0.049919714954467696,0.008778119859961082,1,0.5546224222592379,-0.05669695832895196,-0.23661476624102337,-0.1858032417702958,-0.07550745591896663,0.6335060920086755,1,1.4425896246075123,0.3958450276451728,-1.0467445969623395
tm815652,tiago fonseca morais_2003,2324,0.01501248767489634,0.32883266612058165,0.5292271630135637,0.054043554867472206,0.07288412832348619,3,2425,0.008069904494436776,0.5372560606803025,0.024842260551301707,0.4047732671928438,0.025058507081115188,2,-0.006942583180459564,0.20842339455972086,-0.504384902462262,0.3507297123253716,-0.047825621242371,0.6487711243579805,3,1.1141046877027063,0.9229454559154096,-0.19115923178729677
tm816572,gilberto batista_2003,2324,0.9885245566606007,0.0009407072435213805,0.000589717178338872,0.0063685827816138876,0.0035764361359251445,1,2425,0.9993764999079535,2.5826492682318536e-05,0.00014974355950529697,0.0003055169478178527,0.00014241309204125798,1,0.010851943247352835,-0.000914880750839062,-0.00043997361883357507,-0.006063065833796035,-0.0034340230438838866,0.012472210033600179,1,0.07469949845267193,0.005948893430116366,-0.06875060502255556
tm818495,otavio ataide_2002,2324,0.9960950982947238,0.0001386410465916547,0.0004096200967610547,0.0032114278588468146,0.00014521270307677636,1,2425,0.9730594118037035,0.0018956842016101736,0.006855889070586904,0.016615579018626443,0.0015734359054729657,1,-0.02303568649102028,0.0017570431550185189,0.00644626897382585,0.013404151159779628,0.0014282232023961894,0.02747645728179495,1,0.028044278360648406,0.15085399204018288,0.12280971367953447
tm821824,matias rocha_2001,2324,0.9831492825968209,0.003991621959055842,0.0016230645172212903,0.008098122952343148,0.003137907974558742,1,2425,0.9992972019549055,6.082511235763647e-05,0.00013610102580632948,0.00038658513939249467,0.0001192867675379752,1,0.016147919358084573,-0.003930796846698205,-0.0014869634914149608,-0.007711537812950653,-0.003018621207020767,0.01838165768668821,1,0.10627063193002688,0.006620079567817923,-0.09965055236220896
tm829434,facundo caseres_2001,2324,0.14046829384617554,0.004535400068968823,0.009938355381492051,0.8332796606127983,0.011778290090565264,4,2425,0.21837481652674093,0.03441267112103353,0.22194568944790177,0.4936008837299472,0.031665939174376455,4,0.07790652268056539,0.029877271052064707,0.21200733406640973,-0.33967877688285114,0.01988764908381119,0.40901205210149005,4,0.5503007756586554,1.2401371871911275,0.6898364115324721
tm830841,leonel bucca_1999,2324,0.060734705795321246,0.1046040000752668,0.2150492331733711,0.5796104334714706,0.040001627484570146,4,2425,0.001327657998278592,0.8347676133272528,0.024242843792897935,0.1385004853541355,0.0011613995274350284,2,-0.05940704779704265,0.730163613251986,-0.19080638938047317,-0.44110994811733506,-0.03884022795713512,0.8761581843489488,2,1.181667984874774,0.5313779035548631,-0.6502900813199108
tm858719,telasco segovia_2003,2324,0.09395258345490716,0.0038730145648068646,0.02904781994427178,0.8178314948608273,0.05529508717518697,4,2425,0.013068614389779666,0.019380317519811476,0.013647533226990171,0.9451427294762222,0.008760805387196244,4,-0.08088396906512749,0.01550730295500461,-0.01540028671728161,0.12731123461539495,-0.046534281787990725,0.15240738888563576,4,0.6710472709303668,0.2865454261028531,-0.38450184482751365
tm868101,marcos vinicios sorriso_2001,2324,0.010652048589012053,0.004888440154741335,0.687976997843439,0.2711119884456032,0.025370524967204443,3,2425,0.008952500322131279,0.20607306977492293,0.5198132930509989,0.11357305149256874,0.15158808535937815,3,-0.0016995482668807748,0.2011846296201816,-0.16816370479244014,-0.15753893695303445,0.12621756039217372,0.3059014415224816,2,0.7787729974223574,1.2408630083677916,0.4620900109454342
tm868622,taichi fukui_2004,2324,0.022769074628341848,0.0011564970469884917,0.03130027969746856,0.9426134048265472,0.0021607438006539382,4,2425,0.14893173740324317,0.026684982312953968,0.6262822709543114,0.181464505987236,0.016636503342255485,3,0.12616266277490132,0.025528485265965475,0.5949819912568429,-0.7611488988393111,0.014475759541601546,0.9746383622465729,4,0.27133817728799636,1.051224646620816,0.7798864693328196
tm891971,joao marques_2002,2324,0.022522857772794103,0.3858150562591209,0.444687155566316,0.06952267841822635,0.07745225198354269,3,2425,0.027177640368460154,0.4239509751357809,0.42815730437459576,0.09886540029498672,0.02184867982617667,3,0.004654782595666051,0.03813591887666001,-0.016529851191720235,0.029342721876760375,-0.05560357215736602,0.05109057268359238,2,1.1967355766243986,1.1372991697176018,-0.059436406906796746
tm906329,roger fernandes_2005,2324,0.004406731377017268,0.020174731846306148,0.07669092436381525,0.00830320050513774,0.8904244119077236,5,2425,0.0075404691538306975,0.18217443943778944,0.654324222126184,0.07147345940742272,0.08448740987477323,3,0.0031337377768134297,0.1619997075914833,0.5776332977623688,0.06317025890228498,-0.8059370020329504,0.6032449202983736,3,0.44271513730957146,1.0219508176313092,0.5792356803217378
tm90681,eliaquim mangala_1991,2324,0.982458223010152,0.0023751330054063552,0.0012304913297112683,0.008478540487346071,0.005457612167384107,1,2425,0.9798527789369814,0.000861722197775992,0.001909366284018921,0.010228006515371849,0.007148126065851582,1,-0.0026054440731705375,-0.0015134108076303634,0.0006788749543076527,0.0017494660280257777,0.0016905138984674752,0.0035496836025023944,1,0.10886664239716892,0.12016754648874636,0.01130090409157744
tm908936,ze carlos_2001,2324,0.04430577571712708,0.0008392907215143281,0.011354762305326073,0.9386624039192767,0.004837767336755835,4,2425,0.8232485119585747,0.006224134615848356,0.03116826694515141,0.13131240316730725,0.008046683313118076,1,0.7789427362414476,0.005384843894334028,0.019813504639825334,-0.8073500007519694,0.0032089159763622407,1.122046069271399,4,0.28008614373247775,0.6052288732402015,0.3251427295077237
tm929573,joel silva_2003,2324,0.04870199730530844,0.24629670624649896,0.2962581132339539,0.3461268459452297,0.06261633726900913,4,2425,0.030546751836693482,0.08933165188140788,0.40365434554230545,0.4629081411659341,0.01355910957365901,4,-0.01815524546861496,-0.1569650543650911,0.10739623230835155,0.1167812952207044,-0.04905722769535012,0.22391842902565298,2,1.3934159498075918,1.103385418190821,-0.29003053161677084
tm935480,martim fernandes_2006,2324,0.743261120665328,0.004051495887361863,0.016723674761563025,0.12324856704931568,0.11271514163643151,1,2425,0.5164811995910028,0.03423357613616899,0.25434905820620574,0.08548089403279825,0.10945527203382417,1,-0.2267799210743252,0.030182080248807124,0.2376253834446427,-0.03776767301651743,-0.0032598696026073376,0.33201251565704365,3,0.8153373659702305,1.2573647449559475,0.442027378985717
tm974982,ousmane diomande_2003,2324,0.9992445015749271,3.613287805650275e-05,6.318440303939308e-05,0.0006201265980553141,3.605454592175127e-05,1,2425,0.9810078889520764,0.0022472192336572445,0.003938669006771325,0.010900414954160319,0.0019058078533345877,1,-0.0182366126228507,0.0022110863556007417,0.0038754846037319323,0.010280288356105005,0.0018697533074128363,0.021404827783149127,1,0.0066846038768092605,0.11551662087608118,0.10883201699927192
tm982575,gustavo sa_2004,2324,0.02424645849839108,0.015045039635494858,0.2329289820799676,0.6816628720439531,0.04611664774219339,4,2425,0.0054361117446061705,0.3942107981245962,0.2241073788691323,0.34897883757873827,0.027266873682927108,2,-0.018810346753784908,0.37916575848910133,-0.008821603210835305,-0.3326840344652149,-0.01884977405926628,0.5048534332129225,2,0.895815033817374,1.1960910732670555,0.3002760394496815
