uid,pid,season_t,u_1,u_2,u_3,u_4,u_noise,hard_t,season_t1,u_1_t1,u_2_t1,u_3_t1,u_4_t1,u_noise_t1,hard_t1,delta_u_1,delta_u_2,delta_u_3,delta_u_4,delta_u_noise,transition_norm,dominant,entropy_t,entropy_t1,delta_entropy
alan eduardo schons_1993,alan eduardo schons_1993,1718,0.024761573494817588,0.0013031696312529532,0.03282825034404414,0.9294482491305213,0.011658757399364058,4,1819,0.09653490365407545,0.002330421438702998,0.18641528462536308,0.6842461660203188,0.03047322426153953,4,0.07177333015925787,0.0010272518074500448,0.15358703428131895,-0.24520208311020242,0.018814466862175472,0.29810317816041376,4,0.3322967936549617,0.9189547473949464,0.5866579537399847
andre almeida pinto_1989,andre almeida pinto_1989,1718,0.9885959454713595,0.0006175648375748221,0.0014249682791284534,0.00683398218207674,0.002527539229860548,1,1819,0.9987421047280147,2.1881551414384926e-05,0.00016778262614619642,0.0009387242857406866,0.00012950680868410405,1,0.010146159256655185,-0.0005956832861604372,-0.0012571856529822569,-0.005895257896336053,-0.0023980324211764436,0.01181668175374109,1,0.07443026110377161,0.010653550179711691,-0.06377671092405993
carlos ponck_1995,carlos ponck_1995,1718,0.9989735059213879,2.5828502504628983e-05,0.00011597033417305406,0.0007333110041528421,0.00015138423778154528,1,1819,0.9993811863484844,6.958145434596264e-06,7.317014800345296e-05,0.0004851424222666234,5.3542935810948626e-05,1,0.00040768042709649066,-1.887035707003272e-05,-4.2800186169601094e-05,-0.0002481685818862187,-9.784130197059665e-05,0.0004795611764781391,1,0.008974287809673557,0.005626784379522889,-0.0033475034301506676
diederrick joel_1993,diederrick joel_1993,1718,0.005251533594389354,0.5471780348283553,0.23099736125422862,0.026442122867497555,0.19013094745552922,2,1819,0.0025052966754169456,0.9354477319559934,0.03866597320733651,0.007344989062702239,0.01603600909855094,2,-0.002746236918972408,0.38826969712763815,-0.19233138804689212,-0.019097133804795316,-0.17409493835697828,0.43372452417681595,2,1.1076805427535352,0.3055668867578303,-0.8021136559957049
eliseu cassama_1994,eliseu cassama_1994,1718,0.7680625296861847,0.0023732825343169475,0.06603692056084054,0.14397060514688362,0.019556662071774155,1,1819,0.8124424754936829,0.0022031867095540563,0.01097134914262827,0.16496792276441216,0.009415065889722482,1,0.044379945807498156,-0.0001700958247628911,-0.05506557141821227,0.020997317617528544,-0.010141596182051673,0.073774745172123,3,0.7524610302921972,0.5729375497136753,-0.17952348057852197
paulinho_1994,paulinho_1994,1718,0.0009620040566832073,0.012033525036692038,0.9767861473161221,0.00785781640416099,0.002360507186341617,3,1819,0.0029947713181864167,0.002839837204187601,0.9655278596440438,0.027018451197706544,0.001619080635875664,3,0.0020327672615032093,-0.009193687832504438,-0.011258287672078371,0.019160634793545555,-0.0007414265504659531,0.02413576196642401,4,0.13517308024244973,0.17590016611478843,0.0407270858723387
paulo sergio mota_1991,paulo sergio mota_1991,1718,0.9857712638678968,0.00037577318171578655,0.004313592370850427,0.007393289236991197,0.002146081342545855,1,1819,0.8967533643927267,0.0009964581987299233,0.05748955437806558,0.03971007516860529,0.005050547861872535,1,-0.08901789947517014,0.0006206850170141368,0.05317596200721515,0.03231678593161409,0.00290446651932668,0.10861228873937057,1,0.09004830812432187,0.4236281762402566,0.33357986811593476
pedrao_1992,pedrao_1992,1718,0.9998747308225161,4.736143922345957e-06,1.4915580931086795e-05,8.189666714386163e-05,2.3720785486625067e-05,1,1819,0.9971381073443137,4.307838126312556e-05,0.0005314483442020306,0.002136152783637606,0.00015121314658349716,1,-0.00273662347820236,3.8342237340779605e-05,0.0005165327632709438,0.0020542561164937443,0.0001274923610968721,0.003460831182865896,1,0.0013723445520567726,0.021762770074228034,0.02039042552217126
pedro rodrigues_1997,pedro rodrigues_1997,1718,0.07609272440121258,0.014334161693129895,0.544193490717122,0.3502767064495328,0.015102916739002662,3,1819,0.029410830779317467,0.0018702024805469807,0.057571726948022046,0.9061176480698196,0.005029591722293807,4,-0.04668189362189511,-0.012463959212582915,-0.48662176376909994,0.5558409416202869,-0.010073325016708854,0.7403340076117372,4,1.0187406296194392,0.39576288951044053,-0.6229777401089986
tm102427,sebastian coates_1990,1718,0.9993752842090019,1.042029776695173e-05,4.75231456107833e-05,0.000522695312152965,4.407703546737905e-05,1,1819,0.9977548951068798,2.096227269877957e-05,0.0002493569071892618,0.0018545882357058657,0.0001201974775265777,1,-0.001620389102122144,1.054197493182784e-05,0.0002018337615784785,0.0013318929235529007,7.612044205919865e-05,0.0021072369592988072,1,0.0056089461670538725,0.01728770482634498,0.011678758659291107
tm103381,tiquinho soares_1991,1718,0.003707397253516115,0.39211063269445207,0.09015739035617425,0.016827652983478856,0.49719692671237875,5,1819,0.0007470513062743334,0.9745827256898847,0.007213271629355884,0.001831883268344365,0.01562506810614072,2,-0.0029603459472417816,0.5824720929954326,-0.08294411872681837,-0.01499576971513449,-0.481571858606238,0.5885466019843502,2,1.0209491271956492,0.14257247983455612,-0.8783766473610931
tm104127,aymen tahar_1989,1718,0.0774931993640118,0.002335674453568052,0.03462922719399912,0.8226175563305032,0.0629243426579179,4,1819,0.012262225706362997,0.0004853418285894016,0.005369750863093689,0.9792501210797063,0.0026325605222476383,4,-0.06523097365764881,-0.0018503326249786503,-0.02925947633090543,0.15663256474920317,-0.060291782135670255,0.17218705221421288,4,0.663471927748833,0.1219098960788281,-0.5415620316700049
tm104466,stefan ristovski_1992,1718,0.8452462510578819,0.00625500110153082,0.021038842714870006,0.03195703806625599,0.0955028670594611,1,1819,0.9151395562787146,0.0018664380475591831,0.023769342885858774,0.042259467218631525,0.016965195569235852,1,0.0698933052208327,-0.004388563053971637,0.0027305001709887686,0.010302429152375538,-0.07853767149022524,0.07083734380956595,1,0.5894258475391206,0.3846297024341601,-0.20479614510496053
tm107444,antonio briseno_1994,1718,0.8469238258326672,0.014862236302651231,0.018667025517733547,0.0652673193250819,0.054279593021866246,1,1819,0.9999270604312304,9.593906458973744e-07,9.847289177325346e-06,5.797497787308181e-05,4.157911073400737e-06,1,0.15300323459856313,-0.014861276912005334,-0.018657178228556223,-0.06520934434720882,-0.054275435110792844,0.16802141601213583,1,0.6138603925448812,0.000816847228518489,-0.6130435453163627
tm109256,haris seferovic_1992,1718,0.004234382328694341,0.28579418517735034,0.08141833594685938,0.010254186746667665,0.6182989098004282,5,1819,0.0027240775607436057,0.053412825973866866,0.009350615088169704,0.00268369181095477,0.931828789566265,5,-0.0015103047679507352,-0.23238135920348346,-0.07206772085868968,-0.007570494935712895,0.3135298797658368,0.2434223611525617,2,0.9295337606375222,0.2979420113233017,-0.6315917493142205
tm111200,fabio pacheco_1988,1718,0.01815307200100972,0.0005072507416777703,0.009623681018789626,0.9659413188261541,0.005774677412368615,4,1819,0.0883306733236823,0.0006897244305242304,0.007973816261481704,0.8910580043452263,0.011947781639085397,4,0.07017760132267259,0.00018247368884646007,-0.0016498647573079221,-0.07488331448092778,0.006173104226716782,0.10264093659655504,4,0.18454647656336634,0.41357117883612904,0.2290247022727627
tm111811,florent hanin_1990,1718,0.7193456603028782,0.00343519869209706,0.10028359186430366,0.1585510575705796,0.018384491570141465,1,1819,0.7754933595127866,0.0076099918748702075,0.03881132235992828,0.04141700528172632,0.13666832097068862,1,0.056147699209908475,0.004174793182773147,-0.061472269504375385,-0.11713405228885329,0.11828382940054716,0.14376793504920235,4,0.8525488225156261,0.7642686119852083,-0.08828021053041779
tm111828,fransergio_1990,1718,0.01677970965775777,0.033310930733043545,0.4479774673719863,0.49539127357471324,0.006540618662499153,4,1819,0.006180605924344515,0.04282794884277564,0.8111051429359668,0.1336302589803201,0.006256043316592773,3,-0.010599103733413254,0.009517018109732094,0.3631276755639805,-0.36176101459439314,-0.0002845753459063804,0.5127725178619822,3,0.9225033576285085,0.636879099947941,-0.28562425768056754
tm112465,sergio oliveira_1992,1718,0.012308469555072631,0.011561520308908474,0.42169204477256633,0.4583107325432718,0.0961272328201808,4,1819,0.054849697653659935,0.04402018544854845,0.2657844808239834,0.5368997164426168,0.09844591963119144,4,0.042541228098587305,0.03245866513963998,-0.1559075639485829,0.07858898389934499,0.002318686811010634,0.1826108373495294,3,1.0525295220050157,1.211043614025981,0.15851409202096534
tm114130,fabio espinho_1985,1718,1.1440446059975061e-41,1.2068116548544092e-40,1.0,7.72888734501843e-40,1.8327121191478412e-41,3,1819,0.014797206925491873,0.00629386846240538,0.8621474031750465,0.10436764675478619,0.012393874682270087,3,0.014797206925491873,0.00629386846240538,-0.13785259682495354,0.10436764675478619,0.012393874682270087,0.1736505521256207,3,1.1052408446371418e-10,0.5123949369608626,0.5123949368503385
tm119183,jose adolfo valencia_1991,1718,0.0041632837667148264,0.8984640832476836,0.052756930020969844,0.007272841267462698,0.037342861697168925,2,1819,0.06603004453241347,0.37862859157495277,0.23576580337284797,0.12419485743779417,0.19538070308199149,2,0.06186676076569864,-0.5198354916727308,0.18300887335187813,0.11692201617033147,0.15803784138482257,0.5667622429918291,2,0.43280965971444385,1.4659091515436484,1.0330994918292045
tm122043,hector herrera_1990,1718,0.0014845909022972992,0.0005288704571814601,0.06949908160490496,0.9267859285756325,0.0017015284599837667,4,1819,0.0190166344459154,0.013755084591313051,0.1260752312985169,0.8315330221310753,0.009620027533179235,4,0.0175320435436181,0.013226214134131591,0.056576149693611924,-0.0952529064445572,0.007918499073195468,0.11294371249178405,4,0.2802893690880052,0.5934768727547767,0.31318750366677145
tm122115,vincent sasso_1991,1718,0.9833546904909857,0.0006455811065366042,0.002130717753630086,0.011487442683018989,0.00238156796582834,1,1819,0.9910698564527114,0.0002863371732796925,0.001181131231730474,0.004811267390307974,0.0026514077519705524,1,0.007715165961725723,-0.00035924393325691167,-0.0009495865218996122,-0.0066761752927110155,0.00026983978614221254,0.010253090905777218,1,0.10004803627236956,0.060595185487254094,-0.03945285078511547
tm122946,jardel_1986,1718,0.5307295910190819,0.017853093271343528,0.11276053413795811,0.29276765990446624,0.04588912166715028,1,1819,0.9985456870934677,4.812786701283104e-05,0.0002639571915325878,0.0010140641621874194,0.00012816368579944513,1,0.4678160960743858,-0.017804965404330696,-0.11249657694642552,-0.2917535957422788,-0.04576095798135083,0.562978291759585,1,1.1552235623645857,0.012246032905941558,-1.1429775294586442
tm124384,joao silva_1990,1718,0.0014986305878301734,0.928264376230997,0.06271663362437725,0.004527260672217975,0.002993098884577465,2,1819,0.0030317562863076313,0.9570470835225199,0.02222038620769252,0.00415724237017189,0.013543531613308391,2,0.001533125698477458,0.02878270729152288,-0.04049624741668473,-0.00037001830204608493,0.010550432728730927,0.04970792373268079,3,0.29434586215271363,0.22524021794202978,-0.06910564421068385
tm124548,bebeto_1990,1718,0.46613761812886473,0.009523955738848146,0.10008614190282654,0.2792775286453549,0.1449747555841058,1,1819,0.8541327478738507,0.001363866299311308,0.024337224942282507,0.06917512487817855,0.050991036006376646,1,0.387995129744986,-0.008160089439536838,-0.07574891696054403,-0.21010240376717632,-0.09398371957772916,0.4477585579918386,1,1.2666924065891396,0.5706283160868915,-0.6960640905022482
tm125165,jesus corona_1993,1718,0.007450875472098134,0.011486133182030121,0.5901075921599616,0.36289948936976285,0.02805590981614726,3,1819,0.03816662637651432,0.01664373775111633,0.7266827825321206,0.1522087071121397,0.0662981462281091,3,0.030715750904416188,0.00515760456908621,0.13657519037215904,-0.21069078225762314,0.03824223641196184,0.25300878757868045,4,0.8671665592003329,0.8912564901228823,0.024089930922549407
tm125735,luis farina_1991,1718,0.019732960593601325,0.09427381731769362,0.3658097701047522,0.16279472753028373,0.35738872445366915,3,1819,0.028105411342681234,0.09593016457934624,0.48927787801640565,0.33111319997685085,0.055573346084716015,3,0.00837245074907991,0.0016563472616526187,0.12346810791165347,0.1683184724465671,-0.3018153783689531,0.20892181134536056,4,1.3312111778064,1.2015954527295116,-0.12961572507688834
tm126956,edgar costa_1987,1718,0.003901156393321159,0.00339116405325016,0.4725593210389953,0.5025020464246093,0.017646312089824142,4,1819,0.005715801602994085,0.0734994689571777,0.8564925684630811,0.02825211082595811,0.03604005015078906,3,0.0018146452096729259,0.07010830490392754,0.3839332474240858,-0.47424993559865114,0.018393738060964917,0.6141955773584405,4,0.8121902843872736,0.5745961960694073,-0.23759408831786633
tm126964,david bruno_1992,1718,0.9793667844268694,0.00021771209548492295,0.004109512838435759,0.0138949627162475,0.002411027922962236,1,1819,0.9894186574854341,0.00010388640917398093,0.004609580872237956,0.004768116978044161,0.0010997582551097475,1,0.010051873058564698,-0.00011382568631094203,0.0005000680338021965,-0.00912684573820334,-0.0013112696678524887,0.013586849871833952,1,0.11878520846715428,0.06925751802288871,-0.04952769044426557
tm127031,pierre sagna_1990,1718,0.9617996151283686,0.000483125242602638,0.004791815296947697,0.02286032297771161,0.010065121354369523,1,1819,0.5941486282119002,0.0008329254578615902,0.07475427716724743,0.31974410839282225,0.010520060770168477,1,-0.36765098691646847,0.0003498002152589522,0.06996246187029974,0.2968837854151106,0.000454939415798954,0.47770503310536977,1,0.19940302187441608,0.9216103758427521,0.722207353968336
tm130622,tiago mesquita_1990,1718,0.9649157133056695,0.0012075534030482249,0.010319384826198055,0.011923292374676807,0.011634056090407355,1,1819,0.6818446443710271,0.0031443628239037876,0.13224828300456354,0.1461412413537421,0.03662146844676346,1,-0.2830710689346424,0.0019368094208555627,0.12192889817836548,0.13421794897906528,0.0249874123563561,0.33617569117601437,1,0.1944006962406128,0.9489488904407184,0.7545481942001055
tm130635,vitor bruno_1990,1718,0.11457191344955535,0.006846694073698989,0.1620472632220523,0.6811922093110098,0.03534191994368363,4,1819,0.5597681020374752,0.0015288306304790903,0.2449958209917373,0.18353064154672988,0.010176604793578676,1,0.4451961885879198,-0.005317863443219899,0.08294855776968502,-0.4976615677642799,-0.025165315150104957,0.6728858932021707,4,0.9569083777363581,1.03713747989649,0.08022910216013202
tm130940,idrissa mandiang_1984,1718,0.10658142738794356,0.0005869151198519487,0.005082345556602387,0.8846406766707351,0.0031086352648669784,4,1819,0.10514393290495151,0.0003441274569760943,0.004241996809059587,0.8852498454101471,0.005020097418865899,4,-0.0014374944829920466,-0.00024278766287585442,-0.0008403487475427997,0.0006091687394119694,0.0019114621539989204,0.0017895834175725954,1,0.39621291827347566,0.39722285093093007,0.0010099326574544154
tm131753,diego galo_1984,1718,0.9990152569798336,5.024348724388403e-05,0.00012050370169580223,0.0005191941248088969,0.00029480170641783994,1,1819,0.9989482489895575,2.0323093416866885e-05,0.00013497901831485974,0.0007884399693505816,0.00010800892936026142,1,-6.700799027614668e-05,-2.9920393827017142e-05,1.447531661905751e-05,0.00026924584454168473,-0.00018679277705757852,0.0002794425885970122,4,0.008892294863589625,0.009093718612900072,0.0002014237493104462
tm131933,diego lopes_1994,1718,0.014759929119630873,0.2392558160749947,0.41799576302690605,0.25096154776189544,0.07702694401657298,3,1819,0.02698625662697664,0.045724712680927475,0.5174116933195378,0.3737918270619793,0.03608551031057877,3,0.012226327507345768,-0.1935311033940672,0.0994159302926318,0.12283027930008383,-0.04094143370599421,0.250149107082412,2,1.313434872272598,1.0671863477977321,-0.24624852447486578
tm132060,jorge fellipe_1988,1718,0.4577294067972126,0.05881469567022378,0.10569706823095414,0.2189593077704972,0.15879952153111238,1,1819,0.918261249916454,0.007629917218394341,0.01934171639872761,0.04245911017273434,0.012308006293689751,1,0.4605318431192414,-0.051184778451829435,-0.08635535183222653,-0.17650019759776286,-0.14649151523742263,0.5033080831996297,1,1.3866482056037195,0.3800787259048023,-1.0065694796989173
tm132214,joao carlos teixeira_1993,1718,0.007611020123784328,0.00456146973992979,0.5469231195988495,0.43560439674147544,0.005299993795960953,3,1819,0.008925489284531327,0.0011221294804467333,0.03975973221228788,0.9464479745410039,0.0037446744817301583,4,0.0013144691607469994,-0.0034393402594830565,-0.5071633873865616,0.5108435777995285,-0.0015553193142307945,0.7198537486010819,4,0.781522262271534,0.25097615573041204,-0.5305461065411219
tm13222,tiago gomes_1986,1718,0.995779900233676,4.769899344816977e-05,0.0002856889135740264,0.003541402755600474,0.00034530910370127936,1,1819,0.9314974475308874,0.0006127628191341422,0.01022474377617357,0.04298260658716167,0.014682439286643159,1,-0.06428245270278865,0.0005650638256859725,0.009939054862599543,0.039441203831561196,0.01433713018294188,0.07607198166117325,1,0.029754653085016708,0.3147337529299741,0.2849790998449574
tm134608,helder tavares_1989,1718,0.0015493902116117968,7.134752783854603e-05,0.0026075414406162563,0.9954433872093252,0.0003283336106081396,4,1819,0.0026024667793692626,5.694013088342285e-05,0.0016397381107237827,0.9954904472233633,0.00021040775566021544,4,0.0010530765677574658,-1.4407396955123184e-05,-0.0009678033298924735,4.706001403809168e-05,-0.00011792585494792418,0.001431095999896266,1,0.03339871998810773,0.032841331966219536,-0.0005573880218881916
tm137192,zainadine junior_1988,1718,0.9920872964578563,0.00030266556354156533,0.0010358789226131257,0.0054862572425826775,0.0010879018134063178,1,1819,0.9624091717319229,0.0005947601597795792,0.004287765777008212,0.030597326407079597,0.002110975924209835,1,-0.029678124725933452,0.00029209459623801383,0.003251886854395086,0.02511106916449692,0.0010230741108035173,0.03901303588800992,1,0.05343492589709155,0.18436256814791388,0.13092764225082232
tm138651,joaozinho_1989,1718,0.9975984115690734,3.631472498580483e-05,0.00017602437542723237,0.0015458631949843427,0.0006433861355292914,1,1819,0.8547619574758173,0.0011127070589277495,0.03878036261773863,0.0928650926310885,0.012479880216427885,1,-0.14283645409325607,0.0010763923339419446,0.038604338242311395,0.09131922943610415,0.011836494080898593,0.1738761278448598,1,0.019024856783878878,0.543148368140002,0.5241235113561231
tm139393,tomane_1992,1718,0.0002898121622661628,0.9599381977245872,0.022997328405541768,0.0016835719366871426,0.01509108977091769,2,1819,0.00019352223633907755,0.9905755657078632,0.0029924875592393222,0.0005416143878802044,0.0056968101086781985,2,-9.628992592708528e-05,0.030637367983275987,-0.020004840846302444,-0.0011419575488069381,-0.00939427966223949,0.036608131788192465,2,0.20240334146664407,0.06193952520344835,-0.1404638162631957
tm139395,ricardo esgaio_1993,1718,0.028016183124232232,0.010477208167135219,0.2510039755382463,0.634278179399807,0.07622445377057921,4,1819,0.3225120059108599,0.010399740701286707,0.27285882412565027,0.3407061465018812,0.0535232827603219,4,0.29449582278662767,-7.746746584851201e-05,0.02185484858740394,-0.2935720328979258,-0.022701171010257308,0.41640121102919514,1,0.9798510556902674,1.290380618414283,0.31052956272401555
tm140032,andreas samaris_1989,1718,0.006420236184498286,0.00040812076636704956,0.009474157852826598,0.9818808104190425,0.001816674777265627,4,1819,0.006124267189585593,0.00032924843527590096,0.0036481544425462577,0.9884456857315951,0.0014526442009971257,4,-0.0002959689949126928,-7.88723310911486e-05,-0.005826003410280341,0.006564875312552565,-0.00036403057626850123,0.00878258060575146,4,0.10915672309449728,0.0753047813010609,-0.03385194179343638
tm141050,danilo pereira_1991,1718,0.0043219126952519955,0.0002108591274100141,0.004056526970092887,0.99097548070299,0.0004352205042551324,4,1819,0.003998805834794746,0.00043232706757269975,0.038550956261512524,0.9564989840758101,0.0005189267603098655,4,-0.0003231068604572498,0.00022146794016268564,0.03449442929141964,-0.03447649662717989,8.37062560547331e-05,0.048771384211610085,3,0.060006682841431506,0.19740845859506428,0.13740177575363277
tm144927,edu machado_1990,1718,0.9925960939318329,9.866216104045843e-05,0.001183252701481141,0.005625000206510233,0.0004969909991350496,1,1819,0.8059767142191169,0.0015362882190321004,0.08438102238402023,0.08684467025593637,0.021261304921894472,1,-0.18661937971271603,0.0014376260579916419,0.08319776968253909,0.08121967004942614,0.020764313922759424,0.21988033867567144,1,0.04918207421345892,0.6865179559182215,0.6373358817047626
tm145692,rafael crivellaro_1989,1718,0.011460661653601344,0.06564503613306216,0.8129158570044657,0.09202351160179632,0.017954933607074577,3,1819,0.001084712973695438,0.0008072903111257734,0.956339556854901,0.04135872747477528,0.0004097123855024168,3,-0.010375948679905905,-0.06483774582193638,0.14342369985043535,-0.050664784127021044,-0.01754522122157216,0.1656770099431526,3,0.6900953725376361,0.19079009376729852,-0.4993052787703376
tm147487,vincent aboubakar_1992,1718,0.004162408025222801,0.8094790149535865,0.03599058484647397,0.005935924777423974,0.1444320673972927,2,1819,0.02618542508536862,0.3941133631281631,0.08777991579809538,0.024464996867202205,0.4674562991211708,5,0.022023017060145818,-0.41536565182542345,0.05178933095162141,0.01852907208977823,0.3230242317238781,0.41957013634160756,2,0.6234627559909571,1.1221635764748337,0.49870082048387654
tm149928,jubal_1993,1718,0.9706038224936955,0.0011326568359278642,0.004707743971139195,0.0214976552741339,0.002058121425103798,1,1819,0.9893212866477366,7.564557975633881e-05,0.0006103747087039651,0.009190151778384215,0.0008025412854190956,1,0.018717464154041075,-0.0010570112561715252,-0.00409736926243523,-0.012307503495749685,-0.0012555801396847025,0.022797451926128184,1,0.15714790544699586,0.06467561813524392,-0.09247228731175194
tm153207,william_1991,1718,0.0012229748402872314,0.9676966776411303,0.016248686710488604,0.002093683050279607,0.01273797775781421,2,1819,0.014465837411316705,0.8268173038635356,0.11597642517899696,0.03099651228125547,0.011743921264895218,2,0.013242862571029473,-0.14087937377759474,0.09972773846850835,0.028902829230975865,-0.0009940564929189922,0.1755088793270602,2,0.17541162357348525,0.6282429268088052,0.45283130323531995
tm156501,felipe_1989,1718,0.8477319746129048,0.008562456814955098,0.04629965488053743,0.07888134698603942,0.01852456670556336,1,1819,0.9922427140620191,0.00011296203471641496,0.0014150695813759896,0.0057546506745637434,0.0004746036473249272,1,0.1445107394491143,-0.008449494780238683,-0.04488458529916144,-0.07312669631147568,-0.018049963058238434,0.16827622377828536,1,0.597291042236356,0.05135063133412865,-0.5459404109022273
tm157036,dyego sousa_1989,1718,0.0011338360605195582,0.02381980746062868,0.006128850818534777,0.0028144985931113455,0.9661030070672055,5,1819,0.0013585525659466763,0.9372153379374062,0.013863076276240026,0.002759784331523561,0.04480324888888348,2,0.00022471650542711815,0.9133955304767775,0.007734225457705249,-5.47142615877844e-05,-0.9212997581783221,0.9134283041539399,2,0.17778043533755758,0.284450574306369,0.10667013896881142
tm158382,rafael costa_1991,1718,0.011197686902365313,0.06553147415332997,0.651380410773533,0.1660729040753896,0.10581752409538213,3,1819,0.0182202380089201,0.0201356863548115,0.6924913841546231,0.24485746958186122,0.024295221899784124,3,0.007022551106554788,-0.04539578779851847,0.041110973381090044,0.07878456550647162,-0.081522302195598,0.10003606183910133,4,1.0439359217336204,0.8409244486185571,-0.2030114731150633
tm158427,nildo petrolina_1986,1718,0.026676621509412704,0.03632283555993605,0.5437159656514362,0.24533245509327292,0.1479521221859421,3,1819,0.014948326977883947,0.16650636858251774,0.4155621370669752,0.08535286770954949,0.31763029966307343,3,-0.011728294531528757,0.1301835330225817,-0.128153828584461,-0.15997958738372342,0.16967817747713135,0.24310939373702062,4,1.1758416061393366,1.3005743115558352,0.12473270541649861
tm159570,bruno nascimento_1991,1718,0.9917646174294047,0.00011873462885038898,0.0009263532214964085,0.005837311468673246,0.001352983251574885,1,1819,0.998567237601077,8.85124760929846e-06,7.697913948449067e-05,0.0012535697207269767,9.336229110237527e-05,1,0.0068026201716723245,-0.00010988338124109051,-0.0008493740820119178,-0.004583741747946269,-0.0012596209604725096,0.008247414158424159,1,0.054705640413950846,0.011506226807952926,-0.04319941360599792
tm164705,raul silva_1989,1718,0.13619084717710164,0.053655437377547965,0.2178655125077859,0.44527436881826793,0.14701383411929658,4,1819,0.9813988639474286,0.00020932691464452082,0.002138765640127839,0.01546349113369437,0.0007895523641046236,1,0.845208016770327,-0.05344611046290344,-0.21572674686765808,-0.42981087768457354,-0.14622428175519195,0.9739140096674491,1,1.4025900203610338,0.10346062720494296,-1.2991293931560908
tm168536,alhassan wakaso_1992,1718,0.07110600744917772,0.00048382741080393177,0.00836460679753179,0.9151167971926406,0.004928761149845953,4,1819,0.00836035117738999,0.00010077221803128627,0.0016614006230536175,0.9892057949428281,0.0006716810386969246,4,-0.06274565627178773,-0.0003830551927726455,-0.006703206174478173,0.07408899775018751,-0.004257080111149028,0.09732048434375415,4,0.3390412525674766,0.06720139765607742,-0.27183985491139917
tm175597,ruben ferreira_1990,1718,0.3025633450156104,0.0031867159783820643,0.08296028598066918,0.48505231980811797,0.12623733321722044,4,1819,0.9433395414295197,0.00046941353216173044,0.011378944043166412,0.03370017613379675,0.011111924861355432,1,0.6407761964139094,-0.0027173024462203337,-0.07158134193750276,-0.4513521436743212,-0.11512540835586502,0.7870477518780166,1,1.1987385827171906,0.27380652312017223,-0.9249320595970183
tm175600,arsenio nunes_1989,1718,0.005158658615268395,0.025252943516504787,0.9123584743181529,0.055600300082751665,0.001629623467322178,3,1819,0.006645725668150687,0.00998470373890329,0.9161348224950214,0.05768250280928165,0.00955224528864306,3,0.0014870670528822913,-0.015268239777601497,0.0037763481768685603,0.0020822027265299872,0.007922621821320882,0.01593508356028948,2,0.3748775159103529,0.36854661963612206,-0.006330896274230835
tm177964,yusupha njie_1994,1718,0.0033535035027355787,0.8390937645745193,0.09225594434549907,0.014024835597061124,0.05127195198018502,2,1819,0.00036532658891953534,0.9894098472343598,0.002162530457840935,0.0007178742045782006,0.007344421514301598,2,-0.002988176913816043,0.15031608265984042,-0.09009341388765812,-0.013306961392482924,-0.04392753046588342,0.17577756499309616,2,0.5983272965406383,0.06798162162643046,-0.5303456749142079
tm182462,welthon_1992,1718,0.0005742476232799575,0.9554978422540196,0.03851741737466158,0.002641747054546001,0.0027687456934930733,2,1819,0.009552740658704597,0.7882846338214855,0.12124136559369657,0.035334900535074605,0.0455863593910388,2,0.00897849303542464,-0.16721320843253407,0.08272394821903499,0.032693153480528606,0.04281761369754573,0.18961266915724864,2,0.20520813545947628,0.7466726244521917,0.5414644889927155
tm182710,joao teixeira_1994,1718,0.002061250584592153,0.0033415743695593687,0.6799170803467451,0.3120880009845901,0.002592093714513266,3,1819,0.07466401779530157,0.025543094145904454,0.4005831440074432,0.3274033511136321,0.1718063929377186,3,0.07260276721070942,0.022201519776345085,-0.2793339363393019,0.015315350129042005,0.16921429922320533,0.28987251892412336,3,0.67295427663979,1.322062301433815,0.6491080247940251
tm182936,filipe ferreira_1990,1718,0.9894064970188475,0.00017236914837047776,0.0019307111372842856,0.00751039914650883,0.0009800235489888464,1,1819,0.9468405265634924,0.0007824513236883959,0.010181219360455745,0.030437083776903885,0.011758718975459773,1,-0.04256597045535515,0.0006100821753179182,0.008250508223171459,0.022926684630395055,0.010778695426470928,0.04905035978613226,1,0.06762401472678982,0.26255613299525693,0.19493211826846712
tm183945,eber bessa_1992,1718,0.022292766345042864,0.06497906045802544,0.38445200779045646,0.24805354770503554,0.28022261770143975,3,1819,0.016600692920432147,0.025041233497732015,0.5356780251166615,0.13829188271857706,0.28438816574659725,3,-0.005692073424610717,-0.039937826960293424,0.15122601732620505,-0.10976166498645848,0.004165548045157508,0.19116579489837274,3,1.332239795760755,1.1259387344181824,-0.20630106134257264
tm184992,juan delgado_1993,1718,0.009578093995998153,0.04063430667337107,0.24242903789138645,0.10846910675170887,0.5988894546875355,5,1819,0.02292404598873615,0.1706327009236049,0.31116083991990234,0.17305862501811048,0.32222378814964625,5,0.013345951992737996,0.12999839425023385,0.06873180202851589,0.06458951826640161,-0.27666566653788927,0.16116315776940035,2,1.0661911898585745,1.4200222608729636,0.35383107101438904
tm187697,jean cleber_1990,1718,0.0030448786121471407,0.0006974024636917903,0.07975515852024445,0.9152904312249784,0.0012121291789382318,4,1819,0.18466598628549447,0.0011224580767011767,0.017612670992425996,0.7944047754564916,0.0021941091888869474,4,0.18162110767334733,0.00042505561300938634,-0.06214248752781845,-0.12088565576848687,0.0009819800099487156,0.22685113610359095,1,0.313551888461516,0.5869771859910619,0.27342529752954586
tm187896,luis martins_1992,1718,0.8871937459452889,0.0014102878606904654,0.013507118657251196,0.05974609737481994,0.03814275016194941,1,1819,0.9350872055817927,0.0005776875988469866,0.017968083455300782,0.03263371070964564,0.013733312654413864,1,0.04789345963650382,-0.0008326002618434788,0.004460964798049586,-0.0271123866651743,-0.024409437507535544,0.05522190160399044,1,0.46652278561283295,0.30985633198768064,-0.1566664536251523
tm188911,shoya nakajima_1994,1718,0.003283286485504257,0.7106301840082735,0.14209628503188407,0.008770289134689562,0.13521995533964884,2,1819,0.004575314929282687,0.540401096342369,0.2305350841680295,0.012262268163885603,0.21222623639643312,2,0.00129202844377843,-0.1702290876659045,0.08843879913614544,0.0034919790291960406,0.07700628105678428,0.19186773239721563,2,0.8508903998277203,1.078451618898448,0.2275612190707278
tm189516,derley_1987,1718,0.0002426672734954611,0.9948719644553612,0.002827200446503759,0.0003532903155989505,0.00170487750904078,2,1819,0.00030910228542912956,0.9922540759982762,0.004580446515947436,0.0010706305010977199,0.0017857446992492986,2,6.643501193366846e-05,-0.0026178884570849936,0.001753246069443677,0.0007173401854987695,8.086719020851852e-05,0.0032320585245785055,2,0.037401484606932656,0.05350669200608916,0.016105207399156503
tm18981,rodrigo defendi_1986,1718,0.7690501562904511,0.015293309166705037,0.055431874830250805,0.08410211414482609,0.07612254556776672,1,1819,0.9744521343671741,0.0006946127218240412,0.0034692326905980428,0.020066839916727898,0.0013171803036758193,1,0.205401978076723,-0.014598696444880996,-0.051962642139652765,-0.06403527422809818,-0.0748053652640909,0.2218191314096278,1,0.830485780853018,0.1370900244587852,-0.6933957563942328
tm190543,dener_1992,1718,0.001012759477936031,0.00032016883664813577,0.023359816135815236,0.9747154745217476,0.0005917810278530309,4,1819,0.02801665705102223,0.01874187025924217,0.5242462536378719,0.41878868722481666,0.010206531827046988,3,0.0270038975730862,0.018421701422594035,0.5008864375020566,-0.5559267872969309,0.009614750799193958,0.7490062654445754,4,0.12667653433011328,0.9245527569693097,0.7978762226391964
tm193082,alex grimaldo_1995,1718,0.8018303797307971,0.0021590401345733213,0.03169083115768883,0.13863233615172643,0.02568741282521447,1,1819,0.4772556352672543,0.0075517997481386444,0.2733262245962734,0.12526857477237024,0.1165977656159634,1,-0.3245747444635428,0.005392759613565323,0.2416353934385846,-0.013363761379356187,0.09091035279074892,0.4049001112376332,1,0.6677200891063536,1.255245143192055,0.5875250540857014
tm193303,nuno sequeira_1990,1718,0.4725128692855859,0.006311636558414109,0.09790689863464366,0.29426681359955953,0.12900178192179676,1,1819,0.5318276859703888,0.00729997747192517,0.13128494904625101,0.18732415250244583,0.14226323500898921,1,0.059314816684802874,0.000988340913511061,0.03337805041160735,-0.1069426610971137,0.013261453087192454,0.12676770609238383,4,1.2378728233369414,1.229465186381875,-0.0084076369550663
tm194214,goncalo silva_1991,1718,0.9997590025763479,8.760798357326135e-06,2.711451081536563e-05,0.00014512100066385093,6.000111381557752e-05,1,1819,0.9684151633338925,0.00026524770918445593,0.002629624014678119,0.023910920474190404,0.004779044468054317,1,-0.03134383924245532,0.0002564869108271298,0.0026025095038627534,0.023765799473526552,0.00471904335423874,0.03942192694841132,1,0.0024939616478068813,0.16369374787423865,0.16119978622643177
tm194641,fabio sturgeon_1994,1718,0.025560462659082434,0.022685543471974552,0.1392783458430245,0.8021072980165463,0.010368350009372109,4,1819,0.003452301688348544,0.0022143356006015663,0.929225176975412,0.06363123609662369,0.001476949639014258,3,-0.02210816097073389,-0.020471207871372986,0.7899468311323874,-0.7384760619199227,-0.008891400370357851,1.081790520931885,3,0.6784155577269563,0.2862231859919162,-0.39219237173504007
tm195308,luis machado_1992,1718,7.42962720219387e-05,0.016287611476672403,0.9812861934607283,0.0017785332596384987,0.0005733655309389198,3,1819,0.011561984107627907,0.004660900586757517,0.13536419220452908,0.8429171850643291,0.005495738036756312,4,0.011487687835605968,-0.011626710889914887,-0.8459220012561992,0.8411386518046906,0.004922372505817393,1.193048788250938,3,0.10184697938886705,0.5199304090448561,0.41808342965598905
tm197613,alexandre guedes_1994,1718,2.7540083579571635e-42,1.0,1.2068116548544092e-40,9.364917877998857e-42,1.8327121191478412e-41,2,1819,0.0010694833896283912,0.9660381346404798,0.020585985105048752,0.0019121319438903694,0.010394264920952684,2,0.0010694833896283912,-0.03396186535952017,0.020585985105048752,0.0019121319438903694,0.010394264920952684,0.03977425203237645,2,1.1052408446371418e-10,0.1800672475360172,0.1800672474254931
tm198006,rafa soares_1995,1718,0.7876840403922709,0.0042547412190007,0.056927090640365684,0.09740638550743752,0.05372774224092523,1,1819,0.8794638680876173,0.0012227584686426934,0.06075610843059471,0.04103337028468263,0.017523894728462795,1,0.09177982769534643,-0.0030319827503580065,0.003829017790229025,-0.05637301522275489,-0.03620384751246244,0.10782072117050967,1,0.7583058462990004,0.49323711891011474,-0.2650687273888857
tm198007,francisco ramos_1995,1718,0.21080333860219527,0.0034090591120507535,0.03359756647878807,0.7418850033658874,0.010305032441078762,4,1819,0.08692392950932705,0.005058324291500623,0.05171920758528283,0.8369713531576182,0.019327185456271264,4,-0.12387940909286822,0.001649265179449869,0.018121641106494765,0.0950863497917308,0.009022153015192502,0.1572216138638016,1,0.7302042527820342,0.6174831333036909,-0.11272111947834329
tm198053,lazar rosic_1993,1718,0.9978344216878264,0.00014924959020143824,0.0002837615408310535,0.0014486583577130547,0.0002839088234278289,1,1819,0.9747955915997729,0.0006336102838032561,0.00343220479450087,0.018269097282693138,0.0028694960392296755,1,-0.02303883008805352,0.0004843606936018179,0.0031484432536698164,0.016820438924980082,0.0025855872158018467,0.02870299910563826,1,0.017584384263732662,0.13894606291290518,0.12136167864917252
tm203330,tyler boyd_1994,1718,0.0008856415737313096,0.006384832367638048,0.9445325785945202,0.04537727683595843,0.0028196706281520337,3,1819,0.01882959114538541,0.0028454856174834147,0.6067761828751985,0.36049160938455704,0.011057130977375512,3,0.017943949571654103,-0.003539346750154633,-0.3377563957193217,0.3151143325485986,0.008237460349223479,0.4622888033778276,3,0.24928801308090204,0.8122336756794604,0.5629456625985583
tm203654,toze_1993,1718,0.0012878284709380945,0.22429006646536798,0.7475798741138376,0.015465380342085113,0.01137685060777116,3,1819,0.0022909160774100385,0.11845663952364834,0.8525514720097804,0.011037569320775832,0.015663403068385484,3,0.001003087606471944,-0.10583342694171964,0.10497159789594279,-0.004427811021309281,0.0042865524606143235,0.1491320298200306,2,0.6767262468077435,0.517463240739346,-0.1592630060683975
tm205116,talocha_1989,1718,0.974554862113609,0.0005704367820569623,0.007254990481443319,0.015581935602192561,0.0020377750206979567,1,1819,0.9778832682313764,0.0002053868147316614,0.005556690506398942,0.01401627865909359,0.002338375788399468,1,0.003328406117767413,-0.0003650499673253009,-0.0016982999750443763,-0.0015656569430989708,0.00030060076770151113,0.004067806931522868,1,0.14259013996649436,0.1264502638583194,-0.016139876108174966
tm206843,andrija zivkovic_1996,1718,0.0027349699940440206,0.010511492896610235,0.8458908587266487,0.12161206741109122,0.01925061097160582,3,1819,0.03071223727626963,0.023542200077996636,0.4789038659252235,0.13628715768052807,0.3305545390399822,3,0.027977267282225608,0.013030707181386401,-0.3669869928014252,0.01467509026943685,0.3113039280683764,0.3685747386542892,3,0.5378669092485022,1.185365511986557,0.6474986027380547
tm209993,mohamed abarhoun_1989,1718,0.9881523510311759,0.0004859911224132113,0.001199947862544172,0.005644257552813836,0.004517452431052862,1,1819,0.9759316708353588,0.0007336087104180223,0.003865754281164676,0.015986479781409477,0.0034824863916490534,1,-0.012220680195817124,0.000247617588004811,0.0026658064186205043,0.01034222222859564,-0.0010349660394038084,0.01623189524995594,1,0.07716954169624553,0.13637893425880743,0.0592093925625619
tm211072,paulinho_1992,1718,0.0006959975611000016,0.9061029994604362,0.060966494454223134,0.004008239385798134,0.0282262691384425,2,1819,0.0014595537375117,0.9348469546362619,0.028687676601267236,0.004282085706821745,0.030723729318137435,2,0.0007635561764116985,0.02874395517582573,-0.0322788178529559,0.0002738463210236108,0.002497460179694936,0.04322956223438144,3,0.38777376879960734,0.304745165441394,-0.08302860335821333
tm211107,joao afonso_1990,1718,0.032979687212144504,0.012684124348077048,0.018915242704884712,0.021456506486960653,0.9139644392479331,5,1819,0.9356700709926142,0.0008466052977631759,0.007058635273399892,0.037280058945636865,0.019144629490585596,1,0.9026903837804697,-0.011837519050313872,-0.01185660743148482,0.015823552458676213,-0.8948198097573475,0.9029845069430567,1,0.40762413656643476,0.30152521767319124,-0.10609891889324352
tm212899,filipe augusto_1993,1718,0.10831964146464398,0.0017128932120182294,0.025861658536425157,0.8047017332423941,0.059404073544518404,4,1819,0.0014477898812847035,3.105804228244747e-05,0.0008364963041505255,0.9974893472394539,0.00019530853282846632,4,-0.10687185158335928,-0.0016818351697357819,-0.02502516223227463,0.1927876139970598,-0.05920876501168994,0.22185072478093174,4,0.6887627759855682,0.019890881413804923,-0.6688718945717633
tm214070,ewerton_1992,1718,0.0026398937754475815,0.0006923443628376698,0.011954550266294365,0.9842298356505758,0.00048337594484465377,4,1819,0.0040370503433662846,0.0004836378884054508,0.015428357500959205,0.9784127627995329,0.001638191467736033,4,0.001397156567918703,-0.00020870647443221895,0.0034738072346648403,-0.005817072851042826,0.0011548155228913793,0.006921074925594838,4,0.0929643183372188,0.12216566898364181,0.029201350646423013
tm214775,oliver torres_1994,1718,0.0766579020324624,0.01320234453062377,0.35628880367830174,0.45866670400667175,0.09518424575194034,4,1819,0.02038528183109755,0.011521759449076314,0.2792189063537111,0.6720655801686639,0.01680847219745111,4,-0.056272620201364844,-0.0016805850815474564,-0.07706989732459063,0.21339887616199216,-0.07837577355448924,0.23376971910700406,4,1.2030815414751386,0.8227580856405845,-0.38032345583455407
tm220722,eduardo teixeira_1993,1718,0.02746392184423191,0.031009754836734925,0.7191663233101887,0.19381644871996162,0.02854355128888295,3,1819,0.08351195458287804,0.007512728899299256,0.21410410978371858,0.35909019724323954,0.3357810094908645,4,0.05604803273864613,-0.02349702593743567,-0.5050622135264702,0.16527374852327792,0.3072374582019815,0.5348801208541689,3,0.8630553799286703,1.30829377583539,0.44523839590671976
tm223029,fabio martins_1993,1718,0.0034968831927863985,0.08983927244414054,0.08255233829940307,0.02616975610559893,0.797941749958071,5,1819,0.02494666080808187,0.12233702880523002,0.3330070844763578,0.17903090118090503,0.3406783247294253,5,0.021449777615295474,0.03249775636108948,0.25045474617695473,0.1528611450753061,-0.4572634252286457,0.2959903827568507,3,0.7176303326169593,1.3900938333280084,0.6724635007110491
tm224852,patrick_1991,1718,0.37688103650642113,0.023200716903170618,0.17821688561009177,0.3377590603760387,0.0839423006042779,1,1819,0.5751871530654671,0.006669551343299932,0.1357154251310839,0.22421782445469168,0.05821004600545733,1,0.19830611655904595,-0.016531165559870685,-0.04250146047900788,-0.11354123592134702,-0.025732254598820573,0.23301626916782747,1,1.3370569283545732,1.1233470531890388,-0.2137098751655344
tm226138,mattheus oliveira_1994,1718,0.00566693739681939,0.0006261740901119386,0.0730204593292213,0.917953112366236,0.002733316817611426,4,1819,0.003716666410331611,0.01040694331404852,0.9366556726567062,0.039146844184816475,0.01007387343409707,3,-0.001950270986487779,0.009780769223936581,0.8636352133274849,-0.8788062681814195,0.007340556616485644,1.2321792506359195,4,0.31974764546622203,0.3027700104668044,-0.016977634999417623
tm226896,dankler_1992,1718,0.9997145768036476,8.084167908880912e-06,2.8893468527604076e-05,0.00015465519884439382,9.379036107161657e-05,1,1819,0.9964712638252909,6.761681419348646e-05,0.0005194640832991745,0.0023759920737105263,0.0005656632035057368,1,-0.0032433129783566716,5.953264628460555e-05,0.0004905706147715704,0.0022213368748661326,0.0004718728424341202,0.0039620222426518335,1,0.002909012607686746,0.026686599490452725,0.023777586882765978
tm227676,amilton_1989,1718,0.0026022697528038596,0.13300660294322703,0.8331825771788894,0.020426268042418174,0.010782282082661599,3,1819,0.0063521727225346455,0.0910878766262993,0.8542960122893322,0.03296628323334969,0.015297655128484123,3,0.003749902969730786,-0.041918726316927724,0.021113435110442724,0.012540015190931519,0.004515373045822524,0.04872648675481902,2,0.5641860796731075,0.561342936548574,-0.002843143124533487
tm228940,joao novais_1993,1718,0.009006867152183563,0.3289631097170004,0.42611557326780775,0.03384926124990157,0.20206518861310677,3,1819,0.005027979888098574,0.01581229131283807,0.9134896299182943,0.052525958319295005,0.013144140561474142,3,-0.003978887264084989,-0.3131508184041623,0.48737405665048655,0.018676697069393434,-0.18892104805163262,0.5796219084199893,3,1.2094039167998123,0.3865428604048235,-0.8228610563949887
tm229854,leandrinho_1993,1718,0.3412351891052348,0.004147357426378021,0.014792632189554658,0.6174206072549749,0.022404214023857637,4,1819,0.020964775034242617,0.0015839068298141954,0.017193077961229368,0.9546431602439227,0.005615079930791145,4,-0.3202704140709922,-0.0025634505965638262,0.0024004457716747096,0.33722255298894777,-0.016789134093066493,0.46508549944333055,4,0.834796162416442,0.23451089017408397,-0.600285272242358
tm231289,otavio_1995,1718,0.0043083366422539265,0.007922324227178746,0.13768692503380986,0.8381609011444562,0.011921512952301283,4,1819,0.02437623376814153,0.00991006165534649,0.1190833385036297,0.7974585991520103,0.04917176692087206,4,0.020067897125887604,0.001987737428167744,-0.018603586530180155,-0.040702301992445844,0.037250253968570776,0.04908607149088943,4,0.5355775975469066,0.7182770599148874,0.18269946236798085
tm236886,costinha_1992,1718,0.021819948405768133,0.042940977769374875,0.35906225909462364,0.5688035302241368,0.007373284506096598,4,1819,0.013128499651415647,0.11372218751861483,0.6825152920317293,0.1809532587937132,0.009680762004526973,3,-0.008691448754352486,0.07078120974923996,0.3234530329371057,-0.38785027143042355,0.0023074774984303756,0.5100345267723363,4,0.9435403191235104,0.919055891617755,-0.024484427505755413
tm236997,tiago silva_1993,1718,0.014682623087713221,0.007385927019602678,0.3472377644048661,0.5809811029213957,0.04971258256642238,4,1819,0.013864985138239637,0.0038198480102998545,0.22202990499593492,0.7390641921567744,0.02122106969875125,4,-0.0008176379494735844,-0.003566079009302823,-0.12520785940893117,0.15808308923537873,-0.02849151286767113,0.20169446351172954,4,0.9302237679525349,0.7199602773494223,-0.21026349060311267
tm238055,rafa silva_1993,1718,0.0008539175576704025,0.03903900413862297,0.9388183074730109,0.016399871726960016,0.004888899103735887,3,1819,0.020895002267912563,0.45009345344745166,0.1611970568795394,0.07930150506463705,0.2885129823404594,2,0.02004108471024216,0.4110544493088287,-0.7776212505934714,0.06290163333767704,0.2836240832367235,0.8820537569921969,3,0.28533945100782254,1.293957372413269,1.0086179214054463
tm240306,bruno fernandes_1994,1718,0.012937081555230344,0.2468009085036774,0.385000325949795,0.07567819393881774,0.27958349005247946,3,1819,0.008549500757636549,0.15231230883312677,0.18965874542212618,0.03143258709996193,0.6180468578871485,5,-0.004387580797593795,-0.09448859967055062,-0.1953415805276688,-0.044245606838855804,0.33846336783466907,0.22150249014524265,3,1.3207122034533474,1.0488020600413588,-0.2719101434119886
tm240578,luiz phellype_1993,1718,0.002936394859727323,0.7278792704822663,0.030896562382865672,0.008002402867937528,0.2302853694072032,2,1819,0.008549934464538745,0.6416979537185014,0.06112362727785551,0.016366742055820664,0.27226174248328366,2,0.005613539604811422,-0.08618131676376495,0.030227064894989837,0.008364339187883136,0.04197637307608046,0.0918823639674506,2,0.7325357297410162,0.9177449226295842,0.18520919288856796
tm240773,edson rodrigues farias_1992,1718,0.01269975458720476,0.009696688375723697,0.46717855052670776,0.494867372615624,0.015557633894739745,4,1819,0.31571217132621854,0.004535473336687633,0.109801055933112,0.5121876587438541,0.0577636406601278,4,0.3030124167390138,-0.0051612150390360646,-0.35737749459359575,0.017320286128230056,0.04220600676538805,0.46889426184616106,3,0.8688379237427168,1.13841817425446,0.26958025051174306
tm24202,vasco fernandes_1986,1718,0.8692723081591269,0.005600768641368071,0.027327943206400057,0.08774138157298707,0.010057598420117666,1,1819,0.9977733016203714,2.1774857588277846e-05,0.00014822721451546446,0.0019491923750366183,0.00010750393248808163,1,0.12850099346124444,-0.005578993783779794,-0.027179715991884592,-0.08579218919795045,-0.009950094487629584,0.15697983049087125,1,0.5089652742268241,0.016910842176111076,-0.4920544320507131
tm243783,antonio xavier_1992,1718,0.030807683282008502,0.07909280521837085,0.668987772304354,0.09825330157354742,0.12285843762171919,3,1819,0.012262034327031797,0.05090649344087348,0.7151702290084931,0.03349545895216222,0.18816578427143912,3,-0.018545648954976707,-0.02818631177749737,0.04618245670413912,-0.0647578426213852,0.06530734664971993,0.08639911316087275,4,1.0623735106197085,0.8733859468248207,-0.1889875637948878
tm248901,platiny_1990,1718,0.003544084499782283,0.8291402685326852,0.07974745852389221,0.011951409588515588,0.0756167788551249,2,1819,0.009242071306173393,0.8473187751983998,0.03947073829821529,0.01775209160762647,0.0862163235895851,2,0.0056979868063911105,0.018178506665714633,-0.040276720225676924,0.005800682019110883,0.010599544734460203,0.04493091655269818,3,0.6251787537215203,0.5941196191805977,-0.031059134540922573
tm248903,marcelo goiano_1987,1718,0.9597915056285009,0.000493849484781485,0.004117909025388482,0.03170432459403141,0.003892411267297555,1,1819,0.9065354105586972,0.0007582267630977709,0.006032277999199445,0.07886090640712108,0.007813178271884396,1,-0.053256095069803666,0.0002643772783162859,0.0019143689738109638,0.04715658181308967,0.003920767004586841,0.07115960633879143,1,0.19678526343475503,0.36345149667787174,0.16666623324311672
tm24946,cris_1984,1718,0.3755624367397666,0.002436493130719353,0.02753374746323415,0.5734351923268068,0.02103213033947307,4,1819,0.026596977934469513,0.0002892012295619932,0.005553089188628765,0.9664347196206265,0.0011260120267131116,4,-0.34896545880529706,-0.0021472919011573596,-0.021980658274605384,0.3929995272938197,-0.01990611831275996,0.5260354361571575,4,0.8814843909777587,0.1683021892850034,-0.7131822016927553
tm255755,alex telles_1992,1718,0.27549102191026664,0.008882194574910435,0.07845569064991836,0.13573927582481402,0.5014318170400905,5,1819,0.5419532208886436,0.005805539775098727,0.147533355343239,0.09056142863737317,0.2141464553556456,1,0.266462198978377,-0.003076654799811708,0.06907766469332063,-0.04517784718744085,-0.28728536168444496,0.27897012550652084,1,1.2140132064673608,1.1917383107985766,-0.022274895668784156
tm256696,perdigao_1991,1718,0.19493928350283296,0.04630480852892046,0.45102342429488584,0.28631355461110714,0.02141892906225359,3,1819,0.013750152537104382,0.009552914410930665,0.6899917482343005,0.28034757807442584,0.006357606743238604,3,-0.18118913096572858,-0.03675189411798979,0.2389683239394147,-0.0059659765366812945,-0.015061322319014987,0.30219473129726326,3,1.2605382184505316,0.7480942000572822,-0.5124440183932494
tm257388,wilson manafa_1994,1718,0.03002843541319891,0.02298371716661416,0.3799046402062282,0.33472448790843246,0.23235871930552626,3,1819,0.8137300350006693,0.005399528383714401,0.060119266005143245,0.06729826909474619,0.05345290151572716,1,0.7837015995874704,-0.01758418878289976,-0.319785374201085,-0.2674262188136863,-0.1789058177897991,0.8878495756337478,1,1.2651295016310002,0.7031191731231339,-0.5620103285078664
tm258004,ruben dias_1997,1718,0.9037494288538815,0.004390488146723809,0.014896050019304791,0.06847470786969828,0.008489325110391589,1,1819,0.9994225363190277,1.121918453966264e-05,8.864963768377815e-05,0.00045542180761408077,2.2173051134605996e-05,1,0.09567310746514612,-0.004379268962184146,-0.014807400381621013,-0.0680192860620842,-0.008467152059256983,0.1183993406701989,1,0.4020435730397476,0.005274111909380393,-0.3967694611303672
tm258475,nikola maras_1995,1718,0.9993115151961047,3.318620213171076e-05,0.00012040233085672996,0.00044387072987731285,9.102554102936706e-05,1,1819,0.9906107733764788,0.0004245388790325784,0.001480859823015503,0.006194344359187653,0.0012894835622856565,1,-0.008700741819625879,0.00039135267690086764,0.001360457492158773,0.00575047362931034,0.0011984580212562894,0.010524963500120497,1,0.006390708300394022,0.062361719779999686,0.05597101147960566
tm261927,ricardo horta_1994,1718,0.00989710516381411,0.2712254155369681,0.5010709328877895,0.023353425262863044,0.19445312114856525,3,1819,0.0025772039147235457,0.029125952912833306,0.952828539028076,0.007334941539023446,0.008133362605343789,3,-0.007319901249090564,-0.2420994626241348,0.4517576061402865,-0.0160184837238396,-0.18631975854322147,0.5128423317976046,3,1.1519888776725282,0.2395848124658246,-0.9124040652067036
tm262999,cristian arango_1995,1718,0.006810433066567969,0.20323537597248414,0.45410297288754253,0.06111760070444842,0.2747336173689569,3,1819,0.005818913633222127,0.8293878088396566,0.06975642813103367,0.018308006672404557,0.07672884272368313,2,-0.0009915194333458425,0.6261524328671724,-0.38434654475650887,-0.04280959403204386,-0.19800477464527377,0.7359502565416504,2,1.2420596776224795,0.6410821806257989,-0.6009774969966806
tm265648,pablo santos_1992,1718,0.9543702458065499,0.0009129720142149697,0.00566917652678811,0.03283955932049299,0.006208046331953791,1,1819,0.9962457426353685,6.713185115224313e-05,0.0003590518780071219,0.0029624432591396676,0.00036563037633244945,1,0.041875496828818526,-0.0008458401630627266,-0.005310124648780988,-0.029877116061353324,-0.005842415955621342,0.05172148652321401,1,0.22401988742651646,0.027380411376889777,-0.19663947604962667
tm269467,cesar_1992,1718,0.9968546643736327,0.0001421277518949951,0.0004999260547644457,0.0014794411236177744,0.001023840696089977,1,1819,0.9993005686231518,1.1984662035780474e-05,0.00011074577350130203,0.0004714208710550814,0.0001052800702560372,1,0.002445904249519071,-0.00013014308985921462,-0.0003891802812631437,-0.001008020252562693,-0.0009185606258339397,0.002677116161572779,1,0.024887917207234097,0.006418916882017895,-0.0184690003252162
tm271256,jhonder cadiz_1995,1718,0.0009859426173147053,0.9466950580886302,0.03360069531287838,0.0034766344908057673,0.015241669490370969,2,1819,0.0004010855961618515,0.9760057150627193,0.005752107350870509,0.001034187270730827,0.01680690471951749,2,-0.0005848570211528538,0.029310656974089078,-0.027848587962007874,-0.0024424472200749404,0.0015652352291465228,0.04050883940436272,2,0.25614760826037253,0.13229315364230923,-0.1238544546180633
tm27178,ruben fernandes_1986,1718,0.8350639162508747,0.012864963528246336,0.034250935520980214,0.06782014317600799,0.05000004152389068,1,1819,0.990260478276605,0.0001646486888863436,0.0010889080580992125,0.0069701714904061565,0.0015157934860031376,1,0.1551965620257303,-0.012700314839359992,-0.033162027462881,-0.06084997168560183,-0.04848424803788755,0.1704397546971147,1,0.6543698721851081,0.06301039852603274,-0.5913594736590754
tm278985,flavio ramos_1994,1718,0.9928002931754141,0.00019745162282461539,0.0009052344548417272,0.0054854579680296885,0.0006115627788895672,1,1819,0.9936701769208082,0.00016317580048227172,0.0015711078844544875,0.004256677003563347,0.0003388623906918251,1,0.0008698837453940955,-3.427582234234367e-05,0.0006658734296127603,-0.0012287809644663415,-0.0002727003881977421,0.0016465608538396618,4,0.04828191109367134,0.04382159995258085,-0.004460311141090488
tm282513,fabricio baiano_1992,1718,0.03425557637576961,0.00012723201144189378,0.0025952278370691465,0.9617971699274358,0.0012247938482835908,4,1819,0.014729119623449532,0.00027440714193468303,0.0053931945265466835,0.9774446551130639,0.0021586235950051395,4,-0.01952645675232008,0.00014717513049278925,0.002797966689477537,0.015647485185628085,0.0009338297467215487,0.025178891636629647,1,0.17784434502027938,0.1280926390133446,-0.049751706006934765
tm283130,moussa marega_1991,1718,0.0027566766710494395,0.5863562780918837,0.05448067923982219,0.00941062726614542,0.3469957387310991,2,1819,0.0017328678613942282,0.9044958415588158,0.027401638974769396,0.0031185468464437617,0.0632511047585767,2,-0.0010238088096552113,0.31813956346693206,-0.02707904026505279,-0.006292080419701657,-0.2837446339725224,0.31935355755822287,2,0.8989784788470052,0.39298542925894364,-0.5059930495880616
tm288498,indio_1996,1718,0.07773059578382702,0.06190040170123446,0.5821686810519826,0.23018977941526794,0.048010542047687975,3,1819,0.020135402841780167,0.001694867834817931,0.1214904308423283,0.8544038152709298,0.0022754832101439335,4,-0.05759519294204685,-0.06020553386641653,-0.4606782502096543,0.6242140358556618,-0.04573505883754404,0.7802624720782194,4,1.1696253412325093,0.4938290787466241,-0.6757962624858852
tm289216,stephane sparagna_1995,1718,0.9064952845066577,0.00016933326971218032,0.002297276171461515,0.08871822673198736,0.002319879320181418,1,1819,0.5381757473198773,0.0014952356553059808,0.011950485033288473,0.42595397035522725,0.02242456163630101,1,-0.36831953718678045,0.0013259023855938005,0.009653208861826957,0.3372357436232399,0.020104682316119594,0.49948190228382644,1,0.3333931067229374,0.8447482322691054,0.511355125546168
tm290336,rochinha_1995,1718,0.006219618329011043,0.1498518253391278,0.7494393660458749,0.07953165858208826,0.014957531703897901,3,1819,0.015599112891150579,0.18491150056739736,0.6041834023321673,0.14701321037445012,0.048292773834834664,3,0.009379494562139535,0.035059675228269555,-0.14525596371370764,0.06748155179236186,0.03333524213093676,0.16422609589238887,3,0.7963936262447409,1.1096517234112067,0.3132580971664658
tm290391,nuno santos_1995,1718,0.013669837448567724,0.026293107192598114,0.8053412232201237,0.14288465364261266,0.011811178496097799,3,1819,0.01489560332407743,0.23802768887202783,0.46985871194506684,0.038795721027358274,0.23842227483146955,3,0.0012257658755097066,0.2117345816794297,-0.33548251127505685,-0.10408893261525438,0.22661109633537174,0.4101415083179783,3,0.6591320142930024,1.227107201781348,0.5679751874883456
tm290530,bilel aouacheria_1994,1718,0.0037876928472240683,0.016269460923834567,0.9118638635432555,0.06303998164220506,0.005039001043480521,3,1819,0.012557804977025208,0.21045742513663734,0.6499298875639961,0.066668510845969,0.060386371476372366,3,0.008770112129801139,0.19418796421280277,-0.2619339759792595,0.0036285292037639416,0.05534737043289185,0.3262030875212065,3,0.373158819917847,1.0130553638316198,0.6398965439137727
tm291402,pite_1994,1718,0.9960652940348093,4.7659468138690064e-05,0.00037908173831806724,0.0028276897707391695,0.000680274987995006,1,1819,0.03886842037323767,0.0727581997601465,0.5711369352057846,0.13808140910350244,0.1791550355573287,3,-0.9571968736615716,0.07271054029200781,0.5707578534674665,0.13525371933276328,0.1784747605693337,1.1249758990774772,1,0.028942522173221505,1.2182547489972932,1.1893122268240717
tm291941,carraca_1993,1718,0.536245969215257,0.007145584379759632,0.06962119115397968,0.36222409766316305,0.024763157587840715,1,1819,0.7127472459168427,0.002247549594808583,0.10138839740667856,0.17262362479100307,0.010993182290667137,1,0.17650127670158566,-0.0048980347849510485,0.03176720625269888,-0.18960047287215998,-0.013769975297173578,0.26102525956024347,4,1.0144148813042295,0.8399416322580462,-0.17447324904618333
tm291968,neto_1991,1718,6.042948419602328e-05,2.070184435659125e-06,0.00010305518261871267,0.9998272720998205,7.173048929218466e-06,4,1819,0.011866352765695998,0.00029184122517435213,0.01143987286414869,0.9736869124052053,0.002715020739775482,4,0.011805923281499976,0.000289771040738693,0.011336817681529977,-0.026140359694615145,0.0027078476908462636,0.030843242888724018,4,0.001817859299607827,0.14814179654783888,0.14632393724823106
tm291981,djavan da silva ferreira_1987,1718,0.9078185193167337,0.0019408756919275364,0.014263275453186702,0.06719381046321013,0.00878351907494186,1,1819,0.6522038615374249,0.0031844135447453605,0.05226558672332033,0.2213709700487908,0.07097516814571851,1,-0.2556146577793088,0.001243537852817824,0.03800231127013363,0.15417715958558068,0.06219164907077665,0.30092386388881537,1,0.3835596297859493,0.9728851710928116,0.5893255413068623
tm292733,icaro do carmo silva_1989,1718,0.9999684015717156,7.14086599960688e-07,2.6680523520269952e-06,2.233067967608196e-05,5.885609656365876e-06,1,1819,0.9998428830958407,2.694153309310777e-06,2.9126224024942147e-05,0.00011360204431761406,1.169448250746813e-05,1,-0.0001255184758749417,1.980066709350089e-06,2.645817167291515e-05,9.12713646415321e-05,5.808872851102254e-06,0.00015744619811841365,1,0.0003859779928586728,0.0016604788974233526,0.0012745009045646797
tm292775,ricardo valente_1991,1718,0.006602264531676359,0.2845468449272752,0.6446409476685051,0.04471393803150146,0.019496004841041907,3,1819,0.015686843487431473,0.5607342922150688,0.2979984172677107,0.054533141275508845,0.07104730575428024,2,0.009084578955755113,0.27618744728779354,-0.3466425304007944,0.009819203244007382,0.05155130091323833,0.4434179701468625,3,0.8895312709617271,1.096856161936682,0.20732489097495477
tm29366,edinho_1982,1718,0.00021611388577996046,0.9873870062287434,0.0065730458305966535,0.0008658018912601113,0.004958032163619748,2,1819,0.0004778698440650162,0.9887133335845955,0.00891164661727791,0.0009887581706363897,0.0009083917834250397,2,0.0002617559582850557,0.0013263273558520305,0.0023386007866812563,0.00012295627937627843,-0.004049640380194708,0.002704040000200333,3,0.07980167470156846,0.0701466132154969,-0.009655061486071564
tm294576,bruno gomes_1996,1718,0.0005180228788582378,0.9538812092269353,0.04263586352959232,0.0017489549043175961,0.001215949460296634,2,1819,0.040926215355933555,0.48605498517413814,0.21839351904635596,0.11864395896546598,0.13598132145810654,2,0.04040819247707532,-0.46782622405279717,0.17575765551676364,0.11689500406114839,0.1347653719978099,0.5148294799037518,2,0.2027417542409606,1.33795206903057,1.1352103147896093
tm299400,pedro sa_1993,1718,0.055665594057707254,0.0017567003956334148,0.013979874464270068,0.9010829093570878,0.027514921725301497,4,1819,0.011835976083544694,0.00020166957734081705,0.0024046665076500637,0.9834715971314146,0.0020860907000496073,4,-0.04382961797416256,-0.0015550308182925977,-0.011575207956620004,0.08238868777432684,-0.02542883102525189,0.09404964032372153,4,0.42434200292716373,0.09799594553106399,-0.32634605739609973
tm311867,jefferson de jesus santos_1993,1718,0.21261592327991527,0.0010214499040514513,0.015585212109419242,0.7564033661460826,0.01437404856053144,4,1819,0.09212458284892742,0.0013501339025255182,0.01812974276378652,0.8673855393726061,0.021010001112154366,4,-0.12049134043098784,0.00032868399847406685,0.002544530654367279,0.11098217322652348,0.006635952551622927,0.16383463785890987,1,0.6732300067059156,0.5058674743095561,-0.16736253239635945
tm312123,lucas possignolo_1994,1718,0.9847450875302558,0.0003993819695379404,0.002052276806260405,0.010733988264663426,0.002069265429282532,1,1819,0.9995132096468815,7.223526768342352e-06,6.003849213087096e-05,0.00037646279697194426,4.306553724736863e-05,1,0.014768122116625704,-0.00039215844276959804,-0.001992238314129534,-0.010357525467691482,-0.0020261998920351634,0.018152095372434777,1,0.09242527829996454,0.004557012457606332,-0.08786826584235821
tm325223,mama samba balde_1995,1718,0.07896520077576252,0.16379983999415662,0.46907681457796013,0.19969256369259067,0.08846558095953008,3,1819,0.013585539210858578,0.8560520968014954,0.07409566664194589,0.03244210004759657,0.023824597298103368,2,-0.06537966156490395,0.6922522568073388,-0.39498114793601424,-0.1672504636449941,-0.06464098366142672,0.8169886853656617,2,1.388132110156912,0.584532930262172,-0.80359917989474
tm332220,iago santos_1992,1718,0.9944565547982794,0.00010267567854066216,0.0004899755825805413,0.004477350182413302,0.0004734437581863229,1,1819,0.991311914486847,5.0389897963481684e-05,0.000572543085336765,0.0075914161543229036,0.00047373637552988843,1,-0.0031446403114324673,-5.228578057718048e-05,8.256750275622367e-05,0.0031140659719096015,2.926173435655261e-07,0.004426705407077971,1,0.038046387364819925,0.05410124677060397,0.016054859405784043
tm332615,nelson monte_1995,1718,0.995940341657425,0.00025124703664125753,0.00045501434964031735,0.0016224986847684427,0.0017308982715249655,1,1819,0.9438371415458919,0.0013293494350833342,0.00836072764429941,0.035600509411091344,0.010872271963633995,1,-0.05210320011153302,0.0010781023984420767,0.007905713294659094,0.0339780107263229,0.00914137369210903,0.06271292755293317,1,0.03106499828062591,0.27126036631713213,0.2401953680365062
tm335380,pedro nuno_1995,1718,0.003307163276557925,0.2399150561332716,0.7107973195252387,0.02878252773639466,0.017197933328537054,3,1819,0.0022975863100290236,0.750722186707352,0.2175686958210172,0.009954103072754678,0.019457428088847085,2,-0.0010095769665289015,0.5108071305740804,-0.4932286237042215,-0.01882842466363998,0.002259494760310031,0.710319596173055,2,0.7759991093819428,0.6835904731503556,-0.09240863623158724
tm33648,fabio coentrao_1988,1718,0.6871633641442606,0.0029453717801627235,0.0658635247808042,0.22971088505760645,0.014316854237165989,1,1819,0.1267229938197491,0.005929843084228514,0.326709419216645,0.5141157718129181,0.026521972066459246,4,-0.5604403703245115,0.00298447130406579,0.2608458944358408,0.28440488675531167,0.012205117829293257,0.6804623692848679,1,0.8528198086141648,1.0959833731496345,0.2431635645354696
tm33710,jose semedo_1985,1718,0.5730240505206592,0.0030793202732102938,0.03675393383396693,0.3343375512242989,0.052805144147864636,1,1819,0.04722964049019277,0.0002688814130096772,0.004760227017122303,0.9462200691751742,0.0015211819045010883,4,-0.5257944100304665,-0.0028104388602006166,-0.03199370681684463,0.6118825179508753,-0.05128396224336355,0.8073979645971735,4,0.9799097286540125,0.2340221534534635,-0.7458875752005489
tm34077,tarantini_1983,1718,0.056869043853760404,0.0015857049948408066,0.03599893935653164,0.9028308497876589,0.0027154620072080892,4,1819,0.004479273095195439,0.00012699865324795022,0.012030410595306103,0.9831248029880667,0.00023851466818370826,4,-0.05238977075856496,-0.0014587063415928564,-0.023968528761225537,0.08029395320040777,-0.002476947339024381,0.0988353438596384,4,0.40126896265694695,0.09726428429427678,-0.3040046783626702
tm341110,franco cervi_1994,1718,0.019822247433212984,0.027256152291727294,0.7132932249523726,0.17813417734050752,0.06149419798217965,3,1819,0.02302894933342899,0.16836109847103997,0.5214296066525925,0.09694554668388342,0.1902347988590551,3,0.003206701900216005,0.14110494617931268,-0.19186361829978005,-0.0811886306566241,0.12874060087687544,0.2516428630983303,3,0.895722960400626,1.2682734847666706,0.3725505243660445
tm344395,jorge fernandes_1997,1718,1.0,2.7540083579571635e-42,1.1440446059975061e-41,1.2274449956110219e-40,1.8327121191478412e-41,1,1819,0.9858270633627908,0.00015108732138905087,0.001432344053364976,0.010173601647839967,0.0024159036146149627,1,-0.0141729366372092,0.00015108732138905087,0.001432344053364976,0.010173601647839967,0.0024159036146149627,0.017505677372703216,1,1.1052408446371418e-10,0.08601439359549876,0.08601439348497467
tm345345,xadas_1997,1718,0.001492640027018708,0.052088175015481644,0.9355455078875544,0.006352413064548781,0.004521264005396311,3,1819,0.018030152125240943,0.13261630689750312,0.3025088863337541,0.06687548945795722,0.4799691651855447,5,0.016537512098222237,0.08052813188202147,-0.6330366215538004,0.06052307639340844,0.4754479011801484,0.6412150000859141,3,0.2825016321967948,1.2352275143840008,0.952725882187206
tm352811,aylton boa morte_1993,1718,0.007713279890981063,0.03184508626223017,0.9237655413187329,0.027521924102092494,0.009154168425963305,3,1819,0.02411296261456512,0.4062470332470457,0.3217192999026902,0.14795154918121228,0.0999691550544868,2,0.016399682723584056,0.37440194698481555,-0.6020462414160427,0.12042962507911979,0.09081498662852348,0.7193112948503841,3,0.3623869351048085,1.3335544080697186,0.97116747296491
tm358165,yordan osorio_1994,1718,0.999817775745729,6.760815750798541e-06,2.691627788546165e-05,0.00011600912253661792,3.253803809805599e-05,1,1819,0.992259967462827,0.0002523844858048564,0.0014949095807438612,0.0050172718382293785,0.0009754666323949843,1,-0.00755780828290209,0.00024562367005405786,0.0014679933028583995,0.00490126271569276,0.0009429285942969283,0.009130069965442288,1,0.001933400068122196,0.052854623770451095,0.0509212237023289
tm358177,andre pereira_1995,1718,0.0003759486363768125,0.9478469148699311,0.038612986475236935,0.004543328257206976,0.008620821761248058,2,1819,0.012409490287756895,0.1633474517164775,0.039730001692157284,0.03856424862944817,0.74594880767416,5,0.012033541651380082,-0.7844994631534536,0.0011170152169203487,0.03402092037224119,0.737327985912912,0.7853297934999676,2,0.24487354665162314,0.8227687381650728,0.5778951915134496
tm35871,fernando tissone_1986,1718,0.04294581760826684,0.0008936159491889658,0.011180465864130058,0.923827881900434,0.02115221867798003,4,1819,0.08160319455224625,0.0005387506619325925,0.01374453309206283,0.9017821669783957,0.002331354715362626,4,0.038657376943979416,-0.0003548652872563733,0.0025640672279327714,-0.022045714922038218,-0.018820863962617403,0.04457697509627754,1,0.34645692123388877,0.3748268895447598,0.02836996831087102
tm364406,joao gamboa_1996,1718,0.0041377800548281045,0.00013561233414101208,0.00401660618088906,0.9913540650476885,0.00035593638245336157,4,1819,0.007871076831651575,0.00020546332471918066,0.006954795735172941,0.9842489220911042,0.0007197420173520745,4,0.0037332967768234707,6.985099057816858e-05,0.0029381895542838817,-0.007105142956584376,0.00036380563489871295,0.008547420562668526,4,0.0575099378109548,0.09526488904864368,0.03775495123768888
tm364857,falaye sacko_1995,1718,0.9907516133803206,0.0004215205786402023,0.0009315596297097677,0.0028946747483431633,0.005000631662986095,1,1819,0.9371245102163487,0.0004980075513234715,0.013622852359762265,0.04257919925208216,0.006175430620483308,1,-0.0536271031639719,7.648697268326923e-05,0.012691292730052497,0.039684524503738994,0.001174798957497213,0.0679102528361073,1,0.062395759525000385,0.28897924400045566,0.2265834844754553
tm366278,rodrigo pinho_1991,1718,4.7519264499109305e-05,0.9973925812546508,0.0020970202976202407,0.00015362795032926912,0.0003092512329005228,2,1819,0.00011287641861822035,0.9966562523596149,0.002343399263824192,0.00040300178163462454,0.0004844701763080264,2,6.535715411911105e-05,-0.0007363288950359426,0.00024637896620395127,0.0002493738313053554,0.00017521894340750364,0.0008181330588523122,2,0.01985803695854699,0.02540388130877436,0.005545844350227369
tm375039,emmanuel hackman_1995,1718,0.8415285051349856,0.0010507047317796269,0.01815536136040601,0.11924999761483321,0.020015431157995686,1,1819,0.5853208787001203,0.000732096005182498,0.02880629670036847,0.3814169605011547,0.0037237680931740593,1,-0.2562076264348653,-0.0003186087265971289,0.010650935339962461,0.26216696288632146,-0.016291663064821625,0.36672524893653297,4,0.5570549774519893,0.8094214634053418,0.25236648595335254
tm375770,gabriel airton de souza_1996,1718,0.05770585477879196,0.2589093043808293,0.3033806154310194,0.20135965751795173,0.1786445678914075,3,1819,0.02848013201900834,0.13959352596976585,0.34302198706188497,0.4526967796659279,0.03620757528341294,4,-0.029225722759783624,-0.11931577841106347,0.03964137163086556,0.2513371221479762,-0.14243699260799458,0.2825458992147521,4,1.506722048869365,1.222161881745136,-0.2845601671242288
tm376306,wellington_1992,1718,0.0005384566438941413,0.5298132285719915,0.4574549162044924,0.005863928377637301,0.0063294702019846055,2,1819,0.0008118987391200973,0.9562621209997993,0.03871241115189551,0.002022983264114251,0.002190585845070705,2,0.00027344209522595596,0.4264488924278078,-0.4187425050525969,-0.0038409451135230496,-0.0041388843569139,0.5976778153993778,2,0.7605489835691573,0.20038495902725378,-0.5601640245419035
tm377605,hamdou elhouni_1994,1718,0.00948790054096217,0.35713240283391,0.5586455931338861,0.05907317342184641,0.015660930069395302,3,1819,0.019023279357295392,0.009391161102580625,0.5877865029821975,0.36529271394016244,0.018506342617763988,3,0.009535378816333222,-0.34774124173132936,0.029140909848311414,0.306219540518316,0.002845412548368686,0.46436461350112995,2,0.9693916156054659,0.8732585381665428,-0.09613307743892319
tm37947,mateus galiano da costa_1984,1718,0.005742957918458236,0.09119775224116736,0.6701284514111536,0.2171064380029326,0.01582440042628821,3,1819,0.010266401878556902,0.0788592285591077,0.5879092654589002,0.31210563669716207,0.010859467406273119,3,0.004523443960098667,-0.012338523682059663,-0.08221918595225342,0.09499919869422946,-0.00496493302001509,0.12632316890859654,4,0.9134813838620177,0.9721397708417897,0.05865838697977199
tm38780,vitor gomes_1987,1718,1.2274449956110219e-40,9.364917877998857e-42,7.72888734501843e-40,1.0,1.8327121191478412e-41,4,1819,0.02031664560657533,0.0018816349680675932,0.07598244365389496,0.9003037781151181,0.0015154976563440227,4,0.02031664560657533,0.0018816349680675932,0.07598244365389496,-0.09969622188488192,0.0015154976563440227,0.12699990173458073,4,1.1052408446371418e-10,0.39118570864639496,0.39118570853587087
tm388236,rodrigo alves soares_1992,1718,0.990911402638811,0.00023558696693110992,0.0025682272190583246,0.004896147974725484,0.001388635200474002,1,1819,0.24511518289855372,0.004406466254403396,0.31989043466720873,0.2990941619600334,0.13149375421980067,3,-0.7457962197402572,0.004170879287472286,0.31732220744815043,0.2941980139853079,0.13010511901932667,0.8622501101104917,1,0.06151396747008056,1.3609256287553,1.2994116612852193
tm397090,davidson da luz pereira_1991,1718,0.005775435139877576,0.24904435806020292,0.6701967478914849,0.06152542489007123,0.013458034018363322,3,1819,0.0058275174055607655,0.5990641504726477,0.3168957023207728,0.04017098744372786,0.0380416423572909,2,5.208226568318916e-05,0.3500197924124448,-0.35330104557071207,-0.02135443744634337,0.024583608338927577,0.4977865994510313,3,0.8737032552757625,0.9546019973358162,0.08089874206005365
tm40858,nuno andre coelho_1986,1718,0.9881954242610723,0.0005886574485576267,0.0017477423724822098,0.006408512916614215,0.0030596630012737326,1,1819,0.9043856668435294,0.0016568853014095899,0.00937165875056979,0.06953279560741896,0.015052993497072342,1,-0.08380975741754293,0.0010682278528519632,0.00762391637808758,0.06312428269080474,0.01199333049579861,0.105204637327932,1,0.07728761025424527,0.39380166614916123,0.316514055894916
tm411838,bruno viana_1995,1718,0.5650930916160988,0.025758913944850456,0.1278995372134187,0.17516359351122157,0.10608486371441048,1,1819,0.9973789357530444,3.722560054853336e-05,0.00028688918527332204,0.0020427742557986104,0.0002541752053351841,1,0.4322858441369456,-0.025721688344301923,-0.1276126480281454,-0.17312081925542297,-0.10583068850907529,0.48351676526145104,1,1.2229573315220859,0.020093004062707902,-1.202864327459378
tm419458,diga_1998,1718,0.9435368101632988,0.001801162540107615,0.014966772928500538,0.02706751934669372,0.012627735021399158,1,1819,0.8719775477332493,0.0009928664970156463,0.01075485575729357,0.07754690244420079,0.03872782756824065,1,-0.07155926243004951,-0.0008082960430919686,-0.004211917171206968,0.05047938309750707,0.02610009254684149,0.08767719056965707,1,0.28201436936024543,0.4992537966110304,0.217239427250785
tm435497,fabio china_1992,1718,0.9631877996870588,0.00026668181523682423,0.0040262729185684505,0.02950087506335443,0.0030183705157811177,1,1819,0.9299533544634843,0.0005566976184491748,0.012071462499487711,0.051837730787560425,0.0055807546310183065,1,-0.03323444522357455,0.00029001580321235055,0.008045189580919262,0.022336855724205996,0.0025623841152371887,0.04084449360099616,1,0.18198255119414378,0.3074004151773353,0.12541786398319152
tm437566,claudio falcao_1994,1718,0.05656258732747565,0.000913434960634973,0.012669626369735225,0.9119279813639882,0.017926369978165914,4,1819,0.1319024058648231,0.0018542575123275547,0.027398021408628827,0.817498211418305,0.021347103795915392,4,0.07533981853734745,0.0009408225516925817,0.014728395038893602,-0.0944297699456832,0.003420733817749478,0.12169996087398949,4,0.3803762671412543,0.6242661682820689,0.24388990114081466
tm438202,bruno tabata_1997,1718,0.0030611804497179974,0.030487209284626338,0.9055890787706178,0.0401562697430526,0.020706261751985394,3,1819,0.0023506555237280493,0.03461117277913223,0.9263196730618907,0.027415792114637252,0.009302706520611805,3,-0.000710524925989948,0.004123963494505889,0.020730594291272886,-0.012740477628415348,-0.01140355523137359,0.02468986088344724,3,0.42332824608794456,0.34366033245874933,-0.07966791362919523
tm439022,marcao_1996,1718,0.9982970248130953,2.7354813918857164e-05,0.00021707956580706736,0.0012399485770688485,0.00021859223010965966,1,1819,0.9477153987219373,0.0005074178987701048,0.003021472096777375,0.0441390790627758,0.004616632219739343,1,-0.050581626091158016,0.00048006308485124764,0.002804392530970308,0.042899130485706954,0.004398039989629683,0.06638472243286574,1,0.01396099770043412,0.23483394791986958,0.22087295021943545
tm442424,murilo oliveira de freitas_1996,1718,0.001782654506868036,0.0772911128685067,0.8864427872083441,0.022349878665919625,0.012133566750361459,3,1819,0.039062788712660654,0.048125592906679025,0.2832518915090789,0.2882330527016812,0.3413266741699002,5,0.03728013420579262,-0.02916551996182768,-0.6031908956992652,0.26588317403576156,0.3291931074195387,0.6608884587060502,3,0.4544941569175468,1.3554289742978027,0.9009348173802559
tm454121,galeno_1997,1718,0.02453923946940456,0.10441763246693234,0.1407721497964213,0.060837301148200545,0.6694336771190413,5,1819,0.007697602334426199,0.24985670509906707,0.4719483742372405,0.028117718879445332,0.2423795994498208,3,-0.01684163713497836,0.14543907263213474,0.3311762244408192,-0.03271958226875521,-0.42705407766922054,0.3635717636013547,3,1.0418715749321443,1.1822914157986628,0.14041984086651849
tm46110,ljubomir fejsa_1988,1718,0.24643763992573792,0.0009331825926412481,0.010622574861079466,0.7182073720572953,0.023799230563246124,4,1819,0.08113263770690293,0.000637167569764679,0.007268790799469242,0.8987016254016325,0.012259778522230645,4,-0.16530500221883498,-0.0002960150228765691,-0.0033537840616102233,0.1804942533443371,-0.01153945204101548,0.24477592761814726,4,0.7266482885814529,0.3942053986799503,-0.3324428899015026
tm48206,nuno pinto_1986,1718,0.3996804634093575,0.014633395729586217,0.09564198766842949,0.24172989203247292,0.248314261160154,1,1819,0.5411041784175263,0.005568872653243457,0.15893872134307008,0.19117109687503536,0.1032171307111247,1,0.14142371500816886,-0.00906452307634276,0.06329673367464059,-0.05055879515743755,-0.1450971304490293,0.16323449698811654,1,1.342003676328892,1.2042540764195786,-0.13774959990931346
tm48703,mano_1987,1718,0.9997757878545308,3.5644727052211056e-06,2.5613701730222514e-05,0.00016739756983972284,2.7636401194042632e-05,1,1819,0.9901924012268819,7.291793269577312e-05,0.001601653004252594,0.007661794175127165,0.00047123366104264493,1,-0.009583386627648904,6.935345999055201e-05,0.0015760393025223713,0.007494396605287442,0.00044359725984860227,0.012267680690246696,1,0.0022853265876353066,0.06169758934461746,0.05941226275698215
tm50143,jonas_1984,1718,0.0023528607578717593,0.1407660412146232,0.02113973058673234,0.005372847831837164,0.8303685196089357,5,1819,0.003568118854558243,0.3226123670271186,0.02051660955918695,0.0062409186085013715,0.6470619859506348,5,0.0012152580966864838,0.1818463258124954,-0.0006231210275453904,0.0008680707766642072,-0.18330653365830085,0.18185352592246887,2,0.5541953521370001,0.7781771554155732,0.2239818032785731
tm51058,lica_1988,1718,0.007345314078963199,0.6488089864595369,0.2592822966539982,0.035334103925366685,0.04922929888213526,2,1819,0.0033068414277337855,0.8664321331454664,0.07667471406799356,0.009019519818081667,0.0445667915407246,2,-0.004038472651229414,0.21762314668592952,-0.18260758258600465,-0.026314584107285016,-0.00466250734141066,0.28533161372249694,2,0.9331285677118147,0.5211283380372089,-0.4120002296746058
tm512913,stephen eustaquio_1996,1718,0.04991580402312309,0.0022221745146391693,0.017657370323824507,0.9227036377992123,0.007501013339200847,4,1819,0.042315817336629126,0.00023329610159424408,0.008937307190475904,0.9473135037989387,0.0012000755723618579,4,-0.007599986686493962,-0.0019888784130449254,-0.008720063133348603,0.024609865999726477,-0.006300937766838989,0.02726537072095005,4,0.3453993924748802,0.23728527793376764,-0.10811411454111258
tm5404,jeremy mathieu_1983,1718,0.9819039256279685,0.0006236945519488416,0.002986335679538964,0.013057810858680206,0.001428233281863499,1,1819,0.9890797053289944,0.0003416700439641757,0.0024872895245796937,0.006676297977067492,0.0014150371253944336,1,0.007175779701025897,-0.0002820245079846659,-0.0004990461549592702,-0.006381512881612714,-1.3196156469065393e-05,0.009619984712239826,1,0.10590220817236021,0.07122907887067943,-0.034673129301680775
tm55734,gevorg ghazaryan_1988,1718,0.04026365286420049,0.07602957337917454,0.17348494773269588,0.5925005838230686,0.11772124220086042,4,1819,0.001543863105599232,0.0066983296367412294,0.9773972341192877,0.007976237737099568,0.006384335401272115,3,-0.03871978975860126,-0.06933124374243331,0.8039122863865918,-0.584524346085969,-0.1113369067995883,0.9971207142810595,3,1.1911007649069207,0.13667202140896717,-1.0544287434979536
tm56183,bruno moreira_1987,1718,0.00032190906504350557,0.9827598711922274,0.011888481960833438,0.0008590750731765518,0.00417066270871906,2,1819,0.0015725151787319236,0.937185832204091,0.018533542053113514,0.00445020710536486,0.03825790345869852,2,0.001250606113688418,-0.04557403898813639,0.0066450600922800755,0.003591132032188309,0.03408724074997946,0.04621266166589404,2,0.10128983064190882,0.29381242620052467,0.19252259555861584
tm56331,bas dost_1989,1718,0.0070285575476717235,0.630178556507107,0.03820374821430097,0.008752012064772094,0.31583712566614824,2,1819,0.0047342512646349685,0.9255363740457595,0.02044423371971206,0.003865060784611513,0.045420080185282034,2,-0.002294306283036755,0.29535781753865253,-0.01775951449458891,-0.004886951280160581,-0.2704170454808662,0.29594051238452385,2,0.8560431684216596,0.33839428543358385,-0.5176488829880758
tm57834,maxi pereira_1984,1718,0.7399920371100106,0.0014057748749927146,0.028255918151949347,0.20907269139480741,0.021273578468239945,1,1819,0.9257798209412953,0.000703746028993816,0.02095040918365036,0.04363707183198744,0.008928952014072953,1,0.1857877838312847,-0.0007020288459988986,-0.007305508968298988,-0.16543561956282,-0.012344626454166991,0.24887729536231462,1,0.7419521948296495,0.3362850263251599,-0.4056671685044896
tm58181,nelson lenho_1984,1718,0.901383442412597,0.0019038731964534901,0.01716410597977966,0.06602234758773183,0.013526230823438009,1,1819,0.6496381128881599,0.006657141621443021,0.12495777570952174,0.14853232933906568,0.07021464044180944,1,-0.2517453295244372,0.004753268424989531,0.10779366972974208,0.08250998175133385,0.05668840961837143,0.2860518778482281,1,0.41292037947824467,1.043213556436971,0.6302931769587262
tm58965,ruben lima_1989,1718,0.9129018552684274,0.0013041807524219616,0.008834015454793433,0.046652535998094664,0.030307412526262578,1,1819,0.851343327920064,0.0011399450116097117,0.03125766968355636,0.09983875230372469,0.016420305081045236,1,-0.06155852734836342,-0.00016423574081224986,0.022423654228762926,0.05318621630563002,-0.013887107445217341,0.08438645114328573,1,0.3825869093664387,0.5505865849440075,0.16799967557756879
tm60410,marcos acuna_1991,1718,0.005258556658343326,0.008386764116146353,0.6288164698890724,0.3158737421567298,0.04166446717970803,3,1819,0.11576591328383731,0.003771451743889132,0.14383108200160138,0.6312561761855972,0.10537537678507511,4,0.11050735662549399,-0.004615312372257221,-0.484985387887471,0.31538243402886734,0.06371090960536707,0.5889907326393016,3,0.8558432887569288,1.0770874167225615,0.22124412796563264
tm60517,yacine brahimi_1990,1718,0.010261232517122895,0.5544115455732993,0.3496877124154234,0.042764805598097894,0.04287470389605645,2,1819,0.0038701780582855072,0.7684384170582258,0.19774976558734836,0.02066954976594372,0.00927208953019657,2,-0.006391054458837388,0.2140268714849265,-0.15193794682807504,-0.022095255832154173,-0.03360261436585988,0.26347995618517245,2,1.011259800949981,0.6679823714650929,-0.34327742948488804
tm60799,wilson eduardo_1990,1718,0.005438333219244398,0.7543470919008879,0.09118837058308449,0.012858380587650944,0.13616782370913227,2,1819,0.010029391494056811,0.36346093352321285,0.5177032707949268,0.013660992229938034,0.09514541195786537,3,0.004591058274812414,-0.39088615837767504,0.42651490021184235,0.0008026116422870898,-0.041022411751266905,0.578557405030396,3,0.786872778090927,1.0373066651428104,0.2504338870518834
tm63837,andre andre_1989,1718,0.05642595306405307,0.06833688447833491,0.2530592980408592,0.42212420958089447,0.2000536548358583,4,1819,0.006418512636206372,0.0062249857383750275,0.060435065458794596,0.9242856034296149,0.0026358327370091077,4,-0.050007440427846696,-0.062111898739959884,-0.1926242325820646,0.5021613938487204,-0.1974178220988492,0.5437175668609087,4,1.3793039778336795,0.3220400652853924,-1.057263912548287
tm64339,pizzi_1989,1718,0.0037351153478416897,0.01131462571638843,0.9444407025403565,0.027976606830176425,0.012532949565236816,3,1819,0.009558522990985889,0.14910523870969128,0.34735772619136335,0.032300323937731766,0.4616781881702277,5,0.0058234076431441986,0.13779061299330286,-0.5970829763489931,0.004323717107555341,0.4491452386049909,0.6128188478506897,3,0.2805158641041184,1.1632106977682446,0.8826948336641263
tm66008,renan bardini bressan_1988,1718,0.002802686488021412,0.00286848597180553,0.8568303204370951,0.13374884089125413,0.003749666211823954,3,1819,0.003376474290486612,0.0014494156311842929,0.9415670609363229,0.045910916371968175,0.007696132770038017,3,0.0005737878024652003,-0.0014190703406212373,0.08473674049922786,-0.08783792451928596,0.0039464665582140636,0.12205801558014594,4,0.4556781300892979,0.26429227689008405,-0.19138585319921386
tm67815,rafik halliche_1986,1718,0.7792572027165053,0.003172519222415104,0.018922358084289645,0.16840332576441092,0.0302445942123789,1,1819,0.9991323020432971,6.697652772968109e-06,7.068961975215338e-05,0.0007449853330641595,4.532535111371218e-05,1,0.21987509932679172,-0.003165821569642136,-0.01885166846453749,-0.16765834043134675,-0.030199268861265186,0.27716382565238834,1,0.6934841610138406,0.007441532435948306,-0.6860426285778922
tm70359,david simao_1990,1718,0.021530256160126323,0.0021622776878454063,0.10242400177647534,0.851016993501014,0.022866470874538802,4,1819,0.061511442380049165,0.00379244122480511,0.12157538831357888,0.7850618568511368,0.02805887123043006,4,0.039981186219922846,0.0016301635369597037,0.019151386537103535,-0.06595513664987718,0.005192400355891257,0.07948590026858163,4,0.5529755571091368,0.7391009775090149,0.18612542039987812
tm72855,diogo viana_1990,1718,0.0241184228852999,0.05173553925268739,0.6568963586249786,0.2260580147482735,0.041191664488760486,3,1819,0.1762414802467419,0.00627547409323335,0.18317147367691267,0.5677581971912996,0.06655337479181242,4,0.15212305736144202,-0.04546006515945404,-0.47372488494806597,0.34170018244302613,0.025361710303051933,0.6052952365630759,3,0.9866248769220292,1.150392204897063,0.1637673279750338
tm73852,fredy montero_1987,1718,0.00550034457183911,0.8845413921769588,0.03958395963068549,0.008558524063799219,0.06181577955671741,2,1819,0.00046263623947861017,0.9808668356703792,0.007855505076486498,0.0009948245505557144,0.009820198463100118,2,-0.0050377083323604995,0.09632544349342043,-0.031728454554198995,-0.007563699513243505,-0.051995581093617294,0.10182275751604145,2,0.47778437732392254,0.1128523834111794,-0.3649319939127431
tm74550,jefferson nascimento_1988,1718,0.762970209527269,0.006842995965620804,0.06674743409769374,0.09195485762348601,0.07148450278593038,1,1819,0.6637311698662302,0.0037271028861623275,0.12590036191337603,0.11045657247360303,0.09618479286062848,1,-0.09923903966103886,-0.0031158930794584765,0.059152927815682294,0.01850171485011702,0.024700290074698095,0.1170447696571283,1,0.8292369412833062,1.0223557800058112,0.19311883872250502
tm75116,lionn_1989,1718,0.4472574646543499,0.01711572707586475,0.1627363380417771,0.15240187543030712,0.22048859479770117,1,1819,0.5480967279095595,0.0032307393658488844,0.13210041650078164,0.21143580556536865,0.10513631065844141,1,0.10083926325520964,-0.013884987710015865,-0.030635921540995453,0.05903393013506153,-0.11535228413925976,0.12159323374850313,1,1.3450257077980328,1.180853035158536,-0.16417267263949675
tm75296,radosav petrovic_1989,1718,0.7376998399895672,0.0018935155520443162,0.016817181031375417,0.22623524492537422,0.017354218501638725,1,1819,0.49809830151062734,0.0011599814960314443,0.009753844501993127,0.45961433666009927,0.03137353583124881,1,-0.2396015384789399,-0.000733534056012872,-0.00706333652938229,0.23337909173472504,0.014019317329610082,0.33455212821851654,1,0.711575841596757,0.86605332366935,0.15447748207259293
tm79128,bruno braga_1983,1718,0.00859522765656385,0.01120198273822445,0.5699861456775056,0.4000685111321421,0.01014813279556397,3,1819,0.023892397245605292,0.0011787045683555215,0.02774626790580874,0.933801146541223,0.01338148373900727,4,0.015297169589041442,-0.010023278169868928,-0.5422398777716969,0.533732635409081,0.0032333509434433003,0.7610710089402265,3,0.8247082178781258,0.3183118949109713,-0.5063963229671544
tm80462,babanco_1985,1718,0.004484656802397737,0.0006195485473662753,0.01417735862847452,0.9776195774949739,0.003098858526787652,4,1819,0.04381955750032608,0.0023686868855460766,0.013781529362488871,0.9315561075104701,0.00847411874116884,4,0.039334900697928346,0.0017491383381798013,-0.00039582926598564876,-0.046063469984503724,0.005375260214381189,0.06059945416967929,4,0.12919498342220992,0.31689305455176736,0.18769807112955744
tm83466,andre almeida_1990,1718,0.6510638250253893,0.0053339188973576,0.14113168015125066,0.17993398825751925,0.022536587668483262,1,1819,0.7313734083620874,0.0023452466724716244,0.09946085326858786,0.1365265943539386,0.030293897342914586,1,0.08030958333669813,-0.0029886722248859752,-0.0416708268826628,-0.04340739390358064,0.007757309674431324,0.1003953235761872,1,0.9777521374478334,0.850341085541372,-0.1274110519064614
tm83485,nuno reis_1991,1718,0.9915220806974835,5.770189563099667e-05,0.00027983693748674204,0.007220998555139248,0.0009193819142596553,1,1819,0.9679053189820775,0.00029170589163021515,0.0017722771620865925,0.023276423692419366,0.0067542742717864295,1,-0.023616761715405943,0.00023400399599921847,0.0014924402245998505,0.016055425137280116,0.005834892357526774,0.02859738180245208,1,0.05332766209218518,0.16645840110780172,0.11313073901561654
tm84491,ruben micael_1986,1718,0.04319596193802165,0.07603430279927077,0.3932845233977152,0.4775675608279605,0.009917651037031794,4,1819,0.02845290258082023,0.004976350460322699,0.11343340407156319,0.8376637035552618,0.015473639332032224,4,-0.01474305935720142,-0.07105795233894807,-0.27985111932615203,0.3600961427273013,0.00555598829500043,0.4617926714284185,4,1.0973521892943092,0.587446628890445,-0.5099055604038643
tm84535,eduardo salvio_1990,1718,0.005726766316579,0.4716588415479115,0.3951103886253347,0.032041605029630646,0.09546239848054426,2,1819,0.013844687801520558,0.23805286826999822,0.3949600127510681,0.04616541834784534,0.3069770128295678,3,0.008117921484941558,-0.23360597327791327,-0.00015037587426658394,0.014123813318214697,0.21151461434902352,0.23417334629694334,2,1.0854014785969777,1.272345209620652,0.18694373102367434
tm84711,joao aurelio_1988,1718,0.5134391420902368,0.005654273016559327,0.09264658818406381,0.34111592195411344,0.0471440747550266,1,1819,0.8260883224905866,0.0026356678708838624,0.03209139810729451,0.11309519620626295,0.026089415324972155,1,0.31264918040034984,-0.003018605145675465,-0.0605551900767693,-0.22802072574785048,-0.021054659430054443,0.3916873809530326,1,1.1028215542645474,0.6254687892894385,-0.4773527649751089
tm85588,bruno monteiro_1984,1718,0.006857313270609577,5.808826147929429e-05,0.001993887031685404,0.9908621589822194,0.00022855245400635064,4,1819,0.0021680343851525874,1.6579575896310523e-05,0.00038246529133830186,0.9973659513709926,6.696937662026373e-05,4,-0.004689278885456989,-4.1508685582983765e-05,-0.0016114217403471022,0.0065037923887731885,-0.0001615830773860869,0.008178450641661837,4,0.05814213429658925,0.019764885813440672,-0.03837724848314858
tm86536,erdem sen_1989,1718,0.6000875296145066,0.003080041132974052,0.01959270847878735,0.34535556988285304,0.0318841508908789,1,1819,0.2755523133883035,0.0015491456127449542,0.014124915325169919,0.6608255896834766,0.047948035990304984,4,-0.3245352162262031,-0.0015308955202290976,-0.005467793153617432,0.31547001980062356,0.016063885099426085,0.45263305266745474,1,0.878350992654847,0.8447792700682929,-0.033571722586554054
tm86804,andre claro_1991,1718,0.01785687004943714,0.11174498376014876,0.7487912280060005,0.11395887942145763,0.007648038762956124,3,1819,0.042950971666309914,0.21338837924567125,0.45721806862119607,0.24012647470078444,0.046316105766038444,3,0.025094101616872776,0.1016433954855225,-0.29157315938480444,0.1261675952793268,0.03866806700308232,0.33450599868162134,3,0.8181757415901139,1.3074789081425042,0.48930316655239037
tm87854,fredy_1990,1718,0.007328428290924096,0.03017369272250734,0.6645245515895087,0.252498025928082,0.045475301468977845,3,1819,0.009497368369963188,0.13160330987891408,0.7135675296292275,0.10457421100788519,0.040757581114010025,3,0.0021689400790390915,0.10142961715640675,0.0490429780397188,-0.14792381492019682,-0.004717720354967821,0.18595521034139023,4,0.9013097573763251,0.9184695570302005,0.017159799653875374
tm89297,rodrigo battaglia_1991,1718,0.0012024816221225395,0.00017459487420165562,0.004070865929178828,0.9938876984053052,0.0006643591691918088,4,1819,0.027276873049622598,0.003321396438475636,0.027230552120372637,0.9293913510225416,0.012779827368987471,4,0.02607439142750006,0.0031468015642739803,0.02315968619119381,-0.06449634738276366,0.012115468199795663,0.07338886930994444,4,0.04295563204317293,0.3390966209643879,0.296140988921215
tm96140,jorge correa_1993,1718,0.04448165018205511,0.12669434493003875,0.6585188195753989,0.153961321619099,0.016343863693408265,3,1819,0.0003330435211544977,0.00026340767357965994,0.9968138167239992,0.002476496977313041,0.00011323510395372617,3,-0.04414860666090061,-0.1264309372564591,0.33829499714860023,-0.15148482464178598,-0.016230628589454538,0.39411297689643476,3,1.0306160337309513,0.023908911114452393,-1.006707122616499
tm9819,ricardo costa_1981,1718,0.9950120717197836,0.0001436786854596903,0.0006323868687789416,0.003677199956488971,0.0005346627694888491,1,1819,0.9953419702391877,7.903787168524477e-05,0.0006520862391917638,0.0036716613120691484,0.0002552443378663286,1,0.00032989851940412596,-6.464081377444554e-05,1.9699370412822243e-05,-5.538644419822436e-06,-0.0002794184316225205,0.0003367940167032779,1,0.03554590224250539,0.03287611620131636,-0.002669786041189025
carlos_1995,carlos_1995,1819,0.13521404418841673,0.08452102312273363,0.050156575391894255,0.12593724742689294,0.6041711098700625,5,1920,0.008984136494457938,0.28815407974255625,0.6339319763606828,0.0368676591680784,0.03206214823422468,3,-0.12622990769395878,0.20363305661982262,0.5837754009687885,-0.08906958825881453,-0.5721089616358378,0.6372813520523113,3,1.1948577640808336,0.9218044171747877,-0.2730533469060459
diederrick joel_1993,diederrick joel_1993,1819,0.0025052966754169456,0.9354477319559934,0.03866597320733651,0.007344989062702239,0.01603600909855094,2,1920,0.0008474047624973979,0.9653440417334096,0.01910038166741637,0.0033578090579738456,0.011350362778702864,2,-0.0016578919129195478,0.029896309777416197,-0.01956559153992014,-0.003987180004728393,-0.004685646319848075,0.035989552936918454,2,0.3055668867578303,0.1856028735874382,-0.11996401317039207
francisco reis ferreira_1997,francisco reis ferreira_1997,1819,0.8958095610827085,0.002938969507394295,0.008190018325562865,0.03328024084472545,0.05978121023960886,1,1920,0.9932054337943046,0.0004247889211480442,0.0005370361188693397,0.004635868983533045,0.0011968721821449557,1,0.09739587271159611,-0.0025141805862462507,-0.007652982206693525,-0.028644371861192407,-0.05858433805746391,0.10183980214656708,1,0.4367018519201958,0.04707849230009083,-0.38962335962010497
hildeberto pereira_1996,hildeberto pereira_1996,1819,0.008576360834779136,0.76904372562518,0.1679566393360941,0.03705275759694089,0.01737051660700601,2,1920,0.012081915854145222,0.42451263147440427,0.5164008771953345,0.027221759780972438,0.019782815695143608,3,0.0035055550193660856,-0.3445310941507757,0.3484442378592404,-0.009830997815968454,0.0024122990881375976,0.49012651343106195,3,0.7349187723091344,0.9340642293667061,0.1991454570575717
mamadu cande_1990,mamadu cande_1990,1819,0.7542232139174779,0.0006536001301291265,0.024055980740445997,0.21814932751721614,0.0029178776947308303,1,1920,0.7442012457193098,0.002059615812822526,0.017535221692950097,0.22429165798657222,0.011912258788345242,1,-0.01002196819816814,0.0014060156826933997,-0.0065207590474959005,0.006142330469356083,0.00899438109361441,0.013515370835287989,1,0.6563800247249945,0.6915597899590044,0.035179765234009897
pedrao_1992,pedrao_1992,1819,0.9971381073443137,4.307838126312556e-05,0.0005314483442020306,0.002136152783637606,0.00015121314658349716,1,1920,0.975146638431173,0.0007489799529816665,0.0008894292021598766,0.021535703427493842,0.0016792489861916613,1,-0.021991468913140744,0.000705901571718541,0.000357980857957846,0.019399550643856237,0.001528035839608164,0.029335877649472115,1,0.021762770074228034,0.12956472784755135,0.10780195777332333
pedro rodrigues_1997,pedro rodrigues_1997,1819,0.029410830779317467,0.0018702024805469807,0.057571726948022046,0.9061176480698196,0.005029591722293807,4,1920,0.09800054686196424,0.019448558481486883,0.6627923476117275,0.18236650226025605,0.03739204478456539,3,0.06858971608264677,0.0175783560009399,0.6052206206637054,-0.7237511458095636,0.03236245306227158,0.9461084866384037,4,0.39576288951044053,1.0100842911383632,0.6143214016279226
tm102427,sebastian coates_1990,1819,0.9977548951068798,2.096227269877957e-05,0.0002493569071892618,0.0018545882357058657,0.0001201974775265777,1,1920,0.9870359198587415,0.0021329604520527634,0.002675713421367751,0.006216604919659359,0.0019388013481786402,1,-0.010718975248138252,0.002111998179353984,0.0024263565141784895,0.004362016683953493,0.0018186038706520624,0.0120113014350977,1,0.01728770482634498,0.08554040181261255,0.06825269698626757
tm103381,tiquinho soares_1991,1819,0.0007470513062743334,0.9745827256898847,0.007213271629355884,0.001831883268344365,0.01562506810614072,2,1920,0.0021536576583749308,0.8582656682298706,0.07048636002663876,0.008376949335701336,0.06071736474941431,2,0.0014066063521005973,-0.11631705746001408,0.06327308839728288,0.006545066067356971,0.04509229664327359,0.13258189168488443,2,0.14257247983455612,0.5415190226030289,0.39894654276847274
tm104466,stefan ristovski_1992,1819,0.9151395562787146,0.0018664380475591831,0.023769342885858774,0.042259467218631525,0.016965195569235852,1,1920,0.4720282205594724,0.011148604017025675,0.06045476119804556,0.4141460785353295,0.04222233569012677,1,-0.44311133571924216,0.009282165969466492,0.03668541831218679,0.371886611316698,0.025257140120890916,0.5797234565215837,1,0.3846297024341601,1.0728264001739294,0.6881966977397693
tm109256,haris seferovic_1992,1819,0.0027240775607436057,0.053412825973866866,0.009350615088169704,0.00268369181095477,0.931828789566265,5,1920,0.009754107460342182,0.7038960247472954,0.046517156877637376,0.006184990227112679,0.2336477206876124,2,0.007030029899598576,0.6504831987734285,0.03716654178946767,0.003501298416157909,-0.6981810688786526,0.6515914549210173,2,0.2979420113233017,0.8061934846103218,0.50825147328702
tm111200,fabio pacheco_1988,1819,0.0883306733236823,0.0006897244305242304,0.007973816261481704,0.8910580043452263,0.011947781639085397,4,1920,0.12347571537102427,0.003825012597780921,0.02423893562797873,0.8054733811335515,0.042986955269664597,4,0.035145042047341965,0.0031352881672566907,0.01626511936649703,-0.08558462321167482,0.0310391736305792,0.09399088174228348,4,0.41357117883612904,0.6792481146480616,0.2656769358119325
tm111811,florent hanin_1990,1819,0.7754933595127866,0.0076099918748702075,0.03881132235992828,0.04141700528172632,0.13666832097068862,1,1920,0.9951051144091757,0.0002074867472638818,0.0019243708871878708,0.0020312465274885854,0.0007317814288839714,1,0.21961175489638907,-0.007402505127606326,-0.036886951472740404,-0.039385758754237735,-0.13593653954180465,0.22626534235811552,1,0.7642686119852083,0.03655125196783454,-0.7277173600173739
tm111828,fransergio_1990,1819,0.006180605924344515,0.04282794884277564,0.8111051429359668,0.1336302589803201,0.006256043316592773,3,1920,0.0062195015429269635,0.01975194773362034,0.4586255629814015,0.502947551486418,0.012455436255633247,4,3.889561858244888e-05,-0.023076001109155298,-0.3524795799545653,0.3693172925060979,0.0061993929390404745,0.511047571336603,4,0.636879099947941,0.8669053841234574,0.2300262841755164
tm112465,sergio oliveira_1992,1819,0.054849697653659935,0.04402018544854845,0.2657844808239834,0.5368997164426168,0.09844591963119144,4,1920,0.0789314136388824,0.023459102166744787,0.5386053304272024,0.09223125353719848,0.26677290022997197,3,0.024081715985222463,-0.020561083281803665,0.27282084960321895,-0.44466846290541834,0.16832698059878054,0.5226508825893283,4,1.211043614025981,1.1940564998574472,-0.016987114168533823
tm113025,ze manuel_1990,1819,0.012027112915536493,0.6425934059917047,0.2688296220327634,0.04990039286138554,0.026649466198609927,2,1920,0.0028954408742841394,0.5221098742250908,0.4405637731007333,0.026859220487401365,0.00757169131249023,2,-0.009131672041252354,-0.12048353176661386,0.1717341510679699,-0.023041172373984176,-0.019077774886119697,0.21124200133645205,3,0.936696542775225,0.8514890768815974,-0.0852074658936276
tm118323,ricardo alves_1991,1819,0.9725677209778475,0.0003238421873391928,0.002637049254215466,0.02186191343481999,0.002609474145777731,1,1920,0.9439533866519425,0.011801637575032121,0.0035729904441279005,0.031729591791168923,0.008942393537728561,1,-0.02861433432590499,0.011477795387692929,0.0009359411899124343,0.009867678356348934,0.0063329193919508305,0.032384671959612955,1,0.14441476066384698,0.2786348392462368,0.1342200785823898
tm122946,jardel_1986,1819,0.9985456870934677,4.812786701283104e-05,0.0002639571915325878,0.0010140641621874194,0.00012816368579944513,1,1920,0.8482402946823324,0.012864672686558517,0.008130227082517368,0.11497759050835278,0.01578721504023893,1,-0.15030539241113527,0.012816544819545686,0.007866269890984781,0.11396352634616536,0.015659051354439485,0.1892235142582119,1,0.012246032905941558,0.5489331194488772,0.5366870865429357
tm124548,bebeto_1990,1819,0.8541327478738507,0.001363866299311308,0.024337224942282507,0.06917512487817855,0.050991036006376646,1,1920,0.5147557555770923,0.004236988591606512,0.03568955860934511,0.12067700268313296,0.32464069453882316,1,-0.33937699229675844,0.0028731222922952038,0.011352333667062606,0.05150187780495441,0.2736496585324465,0.3434622492053898,1,0.5706283160868915,1.1043509364223543,0.5337226203354628
tm124550,ola john_1992,1819,0.0027314729185577624,0.005339403357645899,0.9684332662678852,0.018778758470405648,0.00471709898550531,3,1920,0.049508189951961316,0.08897231479976668,0.5644580856643961,0.13208421860127767,0.16497719098259808,3,0.04677671703340355,0.08363291144212077,-0.403975180603489,0.11330546013087202,0.16026009199709276,0.43036798088589134,3,0.17503954869250246,1.2515328738536167,1.0764933251611142
tm125165,jesus corona_1993,1819,0.03816662637651432,0.01664373775111633,0.7266827825321206,0.1522087071121397,0.0662981462281091,3,1920,0.2764378042833676,0.025243168379093357,0.3289681439150988,0.24070142166891248,0.12864946175352773,3,0.2382711779068533,0.008599430627977026,-0.3977146386170218,0.08849271455677277,0.06235131552541863,0.47207520452586726,3,0.8912564901228823,1.4206781611118644,0.5294216709889821
tm126956,edgar costa_1987,1819,0.005715801602994085,0.0734994689571777,0.8564925684630811,0.02825211082595811,0.03604005015078906,3,1920,0.005660702141220673,0.0051909181786082975,0.8097078705965481,0.17049864459254063,0.0089418644910821,3,-5.509946177341147e-05,-0.0683085507785694,-0.04678469786653294,0.14224653376658253,-0.02709818565970696,0.16458719715849515,4,0.5745961960694073,0.5713085543473789,-0.003287641722028334
tm127031,pierre sagna_1990,1819,0.5941486282119002,0.0008329254578615902,0.07475427716724743,0.31974410839282225,0.010520060770168477,1,1920,0.9810202869936174,0.0003649724038312814,0.0013464017340067515,0.015186935592646994,0.002081403275897316,1,0.38687165878171725,-0.00046795305403030883,-0.07340787543324068,-0.30455717280017525,-0.008438657494271161,0.4978088860478851,1,0.9216103758427521,0.10703222428484772,-0.8145781515579044
tm127769,nwankwo obiora_1991,1819,0.1784793085262439,0.0065769037357752275,0.025086529885145186,0.7715204176875025,0.018336840165333233,4,1920,0.0017164885382229482,0.00017543196444889884,0.0003854970564781903,0.9973141561559297,0.00040842628492056385,4,-0.17676281998802096,-0.006401471771326329,-0.024701032828666997,0.2257937384684272,-0.01792841388041267,0.28788717707690276,4,0.7065208958126382,0.021346527168470145,-0.685174368644168
tm130940,idrissa mandiang_1984,1819,0.10514393290495151,0.0003441274569760943,0.004241996809059587,0.8852498454101471,0.005020097418865899,4,1920,0.6358762362037497,0.00453045260918156,0.011700317261649246,0.30513329356131047,0.04275970036410906,1,0.5307323032987982,0.0041863251522054655,0.0074583204525896585,-0.5801165518488366,0.03773960294524316,0.7863110983294621,4,0.39722285093093007,0.8613696122053025,0.46414676127437243
tm131933,diego lopes_1994,1819,0.02698625662697664,0.045724712680927475,0.5174116933195378,0.3737918270619793,0.03608551031057877,3,1920,0.0027421871981610463,0.01819039280055816,0.9655794639901059,0.008975114257073202,0.004512841754101849,3,-0.024244069428815594,-0.027534319880369314,0.448167770670568,-0.3648167128049061,-0.031572668556476925,0.5790436065473377,3,1.0671863477977321,0.18955926763442976,-0.8776270801633024
tm132214,joao carlos teixeira_1993,1819,0.008925489284531327,0.0011221294804467333,0.03975973221228788,0.9464479745410039,0.0037446744817301583,4,1920,0.0065714789913242115,0.07480010909817403,0.8013310653078852,0.027398599760541247,0.08989874684207518,3,-0.002354010293207116,0.07367797961772729,0.7615713330955973,-0.9190493747804627,0.08615407236034502,1.195858116467993,4,0.25097615573041204,0.7195858361383947,0.4686096804079826
tm137192,zainadine junior_1988,1819,0.9624091717319229,0.0005947601597795792,0.004287765777008212,0.030597326407079597,0.002110975924209835,1,1920,0.9781466761882945,0.0022769535076273893,0.0018491935515461172,0.015595059816448252,0.0021321169360837664,1,0.015737504456371676,0.0016821933478478102,-0.0024385722254620947,-0.015002266590631344,2.114101187393122e-05,0.021943414919493053,1,0.18436256814791388,0.12510666512978455,-0.05925590301812933
tm137313,jonathan buatu_1993,1819,0.9721181289443704,0.0004365493804894565,0.0045105751395352325,0.021331023195100447,0.0016037233405041867,1,1920,0.8718131968045257,0.003755342725776598,0.005057220754251062,0.11143428715002375,0.007939952565422962,1,-0.1003049321398447,0.0033187933452871418,0.0005466456147158296,0.0901032639549233,0.006336229224918775,0.13487398117356159,1,0.1476237630690726,0.45022354505957496,0.30259978199050236
tm139395,ricardo esgaio_1993,1819,0.3225120059108599,0.010399740701286707,0.27285882412565027,0.3407061465018812,0.0535232827603219,4,1920,0.8579455126766625,0.0018575575605692515,0.0490991066180128,0.06477973173098193,0.026318091413773535,1,0.5354335067658027,-0.008542183140717455,-0.22375971750763746,-0.27592641477089924,-0.027205191346548366,0.6426241565703507,1,1.290380618414283,0.5641303605549195,-0.7262502578593635
tm140032,andreas samaris_1989,1819,0.006124267189585593,0.00032924843527590096,0.0036481544425462577,0.9884456857315951,0.0014526442009971257,4,1920,0.004356296281627498,0.002024099518503303,0.024676806320807633,0.9641200665258629,0.004822731353198542,4,-0.0017679709079580948,0.001694851083227402,0.021028651878261376,-0.024325619205732174,0.0033700871522014163,0.03224807266930994,4,0.0753047813010609,0.18854186547361748,0.11323708417255658
tm141050,danilo pereira_1991,1819,0.003998805834794746,0.00043232706757269975,0.038550956261512524,0.9564989840758101,0.0005189267603098655,4,1920,0.04773417039573385,0.013870927152255366,0.104397501886487,0.8272504329334542,0.006746967632069447,4,0.0437353645609391,0.013438600084682666,0.06584654562497447,-0.1292485511423559,0.006228040871759581,0.1520997489434296,4,0.19740845859506428,0.6310551353012425,0.4336466767061782
tm14132,pepe_1983,1819,0.9695123176428676,0.0017211660871962785,0.006914605869083321,0.017669441379951648,0.004182469020901072,1,1920,0.9783336637401642,0.001982405008134717,0.0015135442727061978,0.01648172354512306,0.001688663433872032,1,0.008821346097296567,0.00026123892093843836,-0.0054010615963771234,-0.001187717834828586,-0.00249380558702904,0.010414726725417819,1,0.1695862061103383,0.12204108211365343,-0.04754512399668488
tm148489,mikel agu_1993,1819,0.04245876460231253,0.001100956542814798,0.016717722010623198,0.9363574914561849,0.003365065388064668,4,1920,0.2659485295883414,0.013287433271898698,0.0630811155092378,0.31023915814636804,0.3474437634841541,5,0.2234897649860289,0.012186476729083899,0.0463633934986146,-0.6261183333098168,0.34407869809608943,0.6665357581045065,4,0.2907675477735848,1.3143731289311995,1.0236055811576148
tm149928,jubal_1993,1819,0.9893212866477366,7.564557975633881e-05,0.0006103747087039651,0.009190151778384215,0.0008025412854190956,1,1920,0.9848851409357632,0.002216252197732431,0.0014204301450957907,0.009579698506176163,0.0018984782152322978,1,-0.004436145711973372,0.002140606617976092,0.0008100554363918256,0.00038954672779194753,0.0010959369298132022,0.005006947366803863,1,0.06467561813524392,0.09428379791563304,0.029608179780389127
tm154990,rene santos_1992,1819,0.03993937681352213,0.0003993203158545276,0.004979278391318634,0.9503530452450022,0.004328979234302408,4,1920,0.5358648065314392,0.002408532582303927,0.005889348155989052,0.45269439907072256,0.0031429136595452875,1,0.4959254297179171,0.0020092122664493992,0.0009100697646704185,-0.49765864617427963,-0.0011860655747571208,0.7025745690770665,4,0.23010169315633136,0.7559605849362011,0.5258588917798698
tm155025,fabio cardoso_1994,1819,0.9974606452604237,0.00013262624272236963,0.00043474330284067926,0.00169629221065712,0.0002756929833564194,1,1920,0.972872898942712,0.002059162239245247,0.00214892631907034,0.02091783651752535,0.0020011759814469432,1,-0.024587746317711656,0.0019265359965228775,0.0017141830162296606,0.019221544306868232,0.0017254829980905238,0.03131573085342366,1,0.020166268748446375,0.14602086609844167,0.1258545973499953
tm157036,dyego sousa_1989,1819,0.0013585525659466763,0.9372153379374062,0.013863076276240026,0.002759784331523561,0.04480324888888348,2,1920,0.004784748464164421,0.025568965564452872,0.018740233847639932,0.01125662196092924,0.9396494301628137,5,0.003426195898217744,-0.9116463723729533,0.004877157571399907,0.008496837629405679,0.8948461812739302,0.9117054513354492,2,0.284450574306369,0.3028364520977582,0.018385877791389227
tm157387,anthony d alberto_1994,1819,0.8759291724585653,0.0010088978162219211,0.026116813049697152,0.08079382705770088,0.016151289617814937,1,1920,0.9725014567801471,0.0007076640306769073,0.0016579893926371146,0.017165998397958026,0.007966891398580884,1,0.09657228432158182,-0.00030123378554501384,-0.024458823657060036,-0.06362782865974285,-0.008184398219234054,0.11820757791073609,1,0.48809683921636243,0.1511411758118359,-0.33695566340452654
tm158382,rafael costa_1991,1819,0.0182202380089201,0.0201356863548115,0.6924913841546231,0.24485746958186122,0.024295221899784124,3,1920,0.022793296930043568,0.00416656134649235,0.3281051425137289,0.6384395906868526,0.0064954085228824876,4,0.004573058921123467,-0.01596912500831915,-0.36438624164089417,0.3935821211049914,-0.017799813376901636,0.5366191805853642,4,0.8409244486185571,0.7938719001011562,-0.04705254851740093
tm164705,raul silva_1989,1819,0.9813988639474286,0.00020932691464452082,0.002138765640127839,0.01546349113369437,0.0007895523641046236,1,1920,0.7800900757147509,0.022031609280668107,0.040875695295401915,0.07455774297150115,0.08244487673767789,1,-0.20130878823267773,0.02182228236602359,0.038736929655274074,0.05909425183780678,0.08165532437357327,0.2144623989112295,1,0.10346062720494296,0.8077943792410098,0.7043337520360669
tm166230,josip vukovic_1992,1819,0.014847088336710817,0.00012364938649740874,0.002592673628344322,0.9814768335825325,0.0009597550659147762,4,1920,0.01657286960055226,0.0002516556197058516,0.0022533575505563177,0.9793288136506589,0.0015933035785265055,4,0.0017257812638414444,0.00012800623320844288,-0.00033931607778800443,-0.002148019931873524,0.0006335485126117293,0.0027791782229173,4,0.10407738875418608,0.11448914598391105,0.010411757229724969
tm167291,gabriel_1993,1819,0.05590178950229751,0.0010700290240663393,0.015172261754130488,0.9098157108375595,0.018040208881946213,4,1920,0.05071897015801817,0.008112568196818597,0.21564652300601,0.6981330609934894,0.02738887764566396,4,-0.005182819344279339,0.007042539172752257,0.2004742612518795,-0.21168264984407015,0.009348668763717746,0.29167778908214664,4,0.39051828598647964,0.870505249794107,0.4799869638076274
tm169681,frederico venancio_1993,1819,0.8169325999053276,0.006678234043935335,0.03183078440262117,0.11457247747222347,0.029985904175892395,1,1920,0.948294513673176,0.0024274730163287004,0.001641536150546844,0.043009570272389545,0.004626906887559008,1,0.13136191376784834,-0.0042507610276066345,-0.03018924825207433,-0.07156290719983394,-0.025358997288333386,0.15266519496919675,1,0.6617523941369043,0.23568246740122992,-0.42606992673567445
tm175597,ruben ferreira_1990,1819,0.9433395414295197,0.00046941353216173044,0.011378944043166412,0.03370017613379675,0.011111924861355432,1,1920,0.9553922022203031,0.0009361411962826015,0.00656404526582633,0.019700971625953394,0.017406639691634588,1,0.012052660790783376,0.0004667276641208711,-0.004814898777340082,-0.013999204507843355,0.006294714830279156,0.01909569176381404,4,0.27380652312017223,0.23099806521887012,-0.04280845790130211
tm176997,anderson carvalho_1990,1819,0.058420551955500596,0.0008493532256650964,0.011514446600013037,0.9155789434154405,0.013636704803380587,4,1920,0.1094841726553468,0.00419422182373724,0.01764570839520167,0.8358016972911149,0.032874199834599466,4,0.0510636206998462,0.003344868598072143,0.006131261795188633,-0.07977724612432568,0.01923749503121888,0.09497727557315228,4,0.36264991344910136,0.5985562626986803,0.23590634924957898
tm177184,nuno valente_1991,1819,0.0007814758903523861,0.0004308091056882358,0.9951876160998847,0.0033614927247978934,0.00023860617927668517,3,1920,0.05260142088225932,0.026214555738096806,0.29445680765665083,0.5993928513209356,0.027334364402057585,4,0.05181994499190693,0.02578374663240857,-0.7007308084432339,0.5960313585961377,0.0270957582227809,0.9217522197536788,3,0.03486551017560149,1.0155653545050423,0.9806998443294408
tm177859,tiago ilori_1993,1819,0.9670665842079651,0.0003702576264913413,0.0020024276866228794,0.022877001165859643,0.007683729313061168,1,1920,0.9125036506777219,0.004034699770579539,0.003754479940944257,0.07311531298689597,0.006591856623858362,1,-0.05456293353024322,0.0036644421440881975,0.0017520522543213778,0.05023831182103633,-0.0010918726892028066,0.07427987286864902,1,0.17158253335911286,0.351115153693302,0.17953262033418912
tm177964,yusupha njie_1994,1819,0.00036532658891953534,0.9894098472343598,0.002162530457840935,0.0007178742045782006,0.007344421514301598,2,1920,0.007296193348911585,0.445531108224744,0.3434087380888821,0.08151578995149909,0.1222481703859632,2,0.006930866759992049,-0.5438787390096158,0.3412462076310412,0.0807979157469209,0.1149037488716616,0.6471702998997626,2,0.06798162162643046,1.2244396945598908,1.1564580729334604
tm178078,mato milos_1993,1819,0.4888008836939999,0.0025564960857843407,0.12156344831571365,0.3526762418956552,0.03440293000884696,1,1920,0.9831240640533814,0.00038355005097555963,0.0018530339049223968,0.012898207956326657,0.0017411440343940725,1,0.4943231803593815,-0.002172946034808781,-0.11971041441079126,-0.33977803393932854,-0.03266178597445289,0.6116697017191244,1,1.104802139674188,0.09858472327416869,-1.0062174164000193
tm181686,matija ljujic_1993,1819,0.0191415602097352,0.001975633486892068,0.8147057588660079,0.16143348872658556,0.0027435587107792576,3,1920,0.08697823577419916,0.053889393917520866,0.4387030752716007,0.287497046580458,0.1329322484562214,3,0.06783667556446396,0.0519137604306288,-0.37600268359440725,0.12606355785387244,0.13018868974544215,0.40566845053893413,3,0.5655632200042651,1.357895741581761,0.7923325215774959
tm182462,welthon_1992,1819,0.009552740658704597,0.7882846338214855,0.12124136559369657,0.035334900535074605,0.0455863593910388,2,1920,0.011946128888761664,0.5141924673810907,0.19388385602095234,0.10153330118362787,0.1784442465255675,2,0.002393388230057067,-0.2740921664403948,0.07264249042725578,0.06619840064855326,0.1328578871345287,0.2911896352467051,2,0.7466726244521917,1.2527633941704135,0.5060907697182218
tm182936,filipe ferreira_1990,1819,0.9468405265634924,0.0007824513236883959,0.010181219360455745,0.030437083776903885,0.011758718975459773,1,1920,0.9775877461069813,0.0005229988339190705,0.0019376075610946348,0.016927111454672707,0.0030245360433322887,1,0.030747219543488913,-0.00025945248976932543,-0.00824361179936111,-0.013509972322231178,-0.008734182932127485,0.03458229768098083,1,0.26255613299525693,0.1248021093417834,-0.13775402365347353
tm183945,eber bessa_1992,1819,0.016600692920432147,0.025041233497732015,0.5356780251166615,0.13829188271857706,0.28438816574659725,3,1920,0.016702742578362552,0.011788428378760075,0.8180842590390088,0.06392786317765542,0.08949670682621312,3,0.00010204965793040449,-0.01325280511897194,0.2824062339223473,-0.07436401954092164,-0.19489145892038412,0.29233360329962116,3,1.1259387344181824,0.6767685958650926,-0.44917013855308974
tm188911,shoya nakajima_1994,1819,0.004575314929282687,0.540401096342369,0.2305350841680295,0.012262268163885603,0.21222623639643312,2,1920,0.019559249791747498,0.009294088757356569,0.42136806971709706,0.5281801483539913,0.021598443379807777,4,0.014983934862464812,-0.5311070075850124,0.19083298554906755,0.5159178801901056,-0.19062779301662536,0.7647794840889052,2,1.078451618898448,0.9045798343706066,-0.17387178452784147
tm190543,dener_1992,1819,0.02801665705102223,0.01874187025924217,0.5242462536378719,0.41878868722481666,0.010206531827046988,3,1920,0.03158953611555647,0.10207597654042755,0.7206815163829344,0.11821110119936931,0.02744186976171224,3,0.00357287906453424,0.08333410628118537,0.1964352627450625,-0.3005775860254474,0.01723533793466525,0.3686340141727302,4,0.9245527569693097,0.9292323445807659,0.0046795876114561485
tm193082,alex grimaldo_1995,1819,0.4772556352672543,0.0075517997481386444,0.2733262245962734,0.12526857477237024,0.1165977656159634,1,1920,0.7620708838364464,0.008383985632780415,0.06732210912502802,0.059410782079370145,0.10281223932637497,1,0.2848152485691921,0.0008321858846417705,-0.20600411547124542,-0.0658577926930001,-0.013785526289588429,0.35762461156967607,1,1.255245143192055,0.8304228387733656,-0.4248223044186894
tm193303,nuno sequeira_1990,1819,0.5318276859703888,0.00729997747192517,0.13128494904625101,0.18732415250244583,0.14226323500898921,1,1920,0.440548239039057,0.006718311099384639,0.09640819139176841,0.28932295429828814,0.1670023041715017,1,-0.09127944693133178,-0.0005816663725405312,-0.0348767576544826,0.10199880179584231,0.024739069162512478,0.14125303380860815,4,1.229465186381875,1.2779724049627417,0.048507218580866596
tm194214,goncalo silva_1991,1819,0.9684151633338925,0.00026524770918445593,0.002629624014678119,0.023910920474190404,0.004779044468054317,1,1920,0.9881089687834961,0.0002679003276018786,0.0008086523088190788,0.008486845692722693,0.0023276328873602565,1,0.01969380544960353,2.6526184174226457e-06,-0.0018209717058590403,-0.015424074781467711,-0.0024514115806940607,0.025081148317831575,1,0.16369374787423865,0.07436922152357456,-0.0893245263506641
tm195308,luis machado_1992,1819,0.011561984107627907,0.004660900586757517,0.13536419220452908,0.8429171850643291,0.005495738036756312,4,1920,0.007361992702606836,0.009292493190989888,0.8872467678402385,0.09290464932135425,0.0031940969448107305,3,-0.0041999914050210715,0.004631592604232371,0.7518825756357094,-0.7500125357429749,-0.002301641091945582,1.0620194456289627,3,0.5199304090448561,0.4248895106975568,-0.09504089834729929
tm197734,alhassane keita_1992,1819,0.0031545911084188178,0.926825995458606,0.04934811907438919,0.004880874181331286,0.01579042017725454,2,1920,0.009230480293432458,0.8345679191729252,0.056234406386732834,0.04792669408745203,0.05204050005945745,2,0.006075889185013641,-0.09225807628568083,0.006886287312343642,0.04304581990612075,0.03625007988220291,0.10221953156643498,2,0.328559650220977,0.6554497166396445,0.32689006641866747
tm198006,rafa soares_1995,1819,0.8794638680876173,0.0012227584686426934,0.06075610843059471,0.04103337028468263,0.017523894728462795,1,1920,0.2725062680450071,0.08790516564881985,0.27143749207185464,0.11276801850570099,0.25538305572861747,1,-0.6069576000426102,0.08668240718017715,0.21068138364125993,0.07173464822101835,0.23785916100015467,0.6522605868304663,1,0.49323711891011474,1.5166885865678144,1.0234514676576996
tm198007,francisco ramos_1995,1819,0.08692392950932705,0.005058324291500623,0.05171920758528283,0.8369713531576182,0.019327185456271264,4,1920,0.0005108088691111788,6.978351554817902e-05,0.0004401578911531716,0.9988818858741932,9.736384999416912e-05,4,-0.08641312064021588,-0.004988540775952443,-0.051279049694129664,0.16191053271657507,-0.019229821606277096,0.19062181013711937,4,0.6174831333036909,0.00995806987394835,-0.6075250634297426
tm198053,lazar rosic_1993,1819,0.9747955915997729,0.0006336102838032561,0.00343220479450087,0.018269097282693138,0.0028694960392296755,1,1920,0.8879394728836093,0.02759031340605484,0.01068797752328521,0.04750731441780093,0.026274921769249653,1,-0.08685611871616361,0.026956703122251586,0.00725577272878434,0.02923821713510779,0.02340542573001998,0.09580275977647511,1,0.13894606291290518,0.49346600785753225,0.3545199449446271
tm210146,douglas grolli_1989,1819,0.9993065124488766,9.655055234051345e-06,8.861499083206166e-05,0.0005321702850453774,6.304722001203621e-05,1,1920,0.9718064094588854,0.000937329447721882,0.0013075810979818988,0.02138829603871822,0.004560383956692695,1,-0.02750010298999117,0.0009276743924878306,0.0012189661071498371,0.020856125753672843,0.0044973367366806585,0.03454822866750182,1,0.006253188829909607,0.1498278163158665,0.1435746274859569
tm211072,paulinho_1992,1819,0.0014595537375117,0.9348469546362619,0.028687676601267236,0.004282085706821745,0.030723729318137435,2,1920,0.0049301633939484255,0.5209552109229745,0.03963333474770613,0.0073246975559961465,0.4271565933793749,2,0.0034706096564367257,-0.4138917437132874,0.010945658146438896,0.0030426118491744016,0.39643286406123746,0.4140621759645964,2,0.304745165441394,0.8931942579944264,0.5884490925530323
tm211107,joao afonso_1990,1819,0.9356700709926142,0.0008466052977631759,0.007058635273399892,0.037280058945636865,0.019144629490585596,1,1920,0.9915066947144607,0.0010000192875337377,0.0006824258420178679,0.00547495269209707,0.00133590746389068,1,0.0558366237218465,0.00015341398977056176,-0.006376209431382024,-0.03180510625353979,-0.017808722026694916,0.06457532744802097,1,0.30152521767319124,0.05769222742281071,-0.24383299025038052
tm212899,filipe augusto_1993,1819,0.0014477898812847035,3.105804228244747e-05,0.0008364963041505255,0.9974893472394539,0.00019530853282846632,4,1920,0.07754493066989214,0.002574367554339721,0.04738127747020714,0.8426362054274925,0.029863218878068483,4,0.07609714078860744,0.0025433095120572734,0.04654478116605661,-0.15485314181196141,0.029667910345240016,0.17872648220760906,4,0.019890881413804923,0.6072434801534499,0.587352598739645
tm216118,eduardo henrique_1995,1819,0.008372923721895499,0.0019347133232778542,0.023506511411749302,0.9638644625363534,0.0023213890067238637,4,1920,0.0016864344005034619,0.0007874867943987967,0.009777657033031673,0.9870120664515493,0.0007363553205167914,4,-0.0066864893213920374,-0.0011472265288790574,-0.013728854378717629,0.02314760391519588,-0.0015850336862070723,0.027754608224950312,4,0.189849195296295,0.07985878967465214,-0.10999040562164285
tm223029,fabio martins_1993,1819,0.02494666080808187,0.12233702880523002,0.3330070844763578,0.17903090118090503,0.3406783247294253,5,1920,0.00713071258571812,0.022027376165415002,0.8789179555313014,0.022261710553117726,0.0696622451644477,3,-0.01781594822236375,-0.10030965263981502,0.5459108710549436,-0.1567691906277873,-0.2710160795649776,0.5770395936933974,3,1.3900938333280084,0.5030210249223002,-0.8870728084057082
tm224852,patrick_1991,1819,0.5751871530654671,0.006669551343299932,0.1357154251310839,0.22421782445469168,0.05821004600545733,1,1920,0.4008209887624351,0.0027790138205404007,0.06404870144124357,0.5070385518998972,0.02531274407588382,4,-0.17436616430303198,-0.0038905375227595313,-0.07166672368984033,0.28282072744520553,-0.032897301929573505,0.33991525222184293,4,1.1233470531890388,0.9962414789719124,-0.12710557421712643
tm225119,ruben macedo_1996,1819,0.0026419119920912545,0.009694816963679194,0.9456840045407344,0.03535328735576705,0.00662597914772801,3,1920,0.021427534621247135,0.04110325763967587,0.6590691623547446,0.22968122063456525,0.048718824749767145,3,0.018785622629155882,0.03140844067599668,-0.28661484218598987,0.19432793327879821,0.04209284560203914,0.3482108602226122,3,0.2648477203615052,0.9734079463719303,0.7085602260104251
tm228940,joao novais_1993,1819,0.005027979888098574,0.01581229131283807,0.9134896299182943,0.052525958319295005,0.013144140561474142,3,1920,0.023457301946939478,0.027575145811899744,0.5445716583448088,0.27041035701689525,0.13398553687945666,3,0.018429322058840902,0.011762854499061674,-0.3689179715734855,0.21788439869760023,0.12084139631798252,0.4290129200889228,3,0.3865428604048235,1.1409704374214689,0.7544275770166453
tm229854,leandrinho_1993,1819,0.020964775034242617,0.0015839068298141954,0.017193077961229368,0.9546431602439227,0.005615079930791145,4,1920,0.002565501372115361,0.00011801560930046971,0.0006245163942828069,0.9961225573808566,0.0005694092434447527,4,-0.018399273662127257,-0.0014658912205137258,-0.01656856156694656,0.04147939713693394,-0.005045670687346392,0.048329491282294815,4,0.23451089017408397,0.029104109768242438,-0.20540678040584154
tm231289,otavio_1995,1819,0.02437623376814153,0.00991006165534649,0.1190833385036297,0.7974585991520103,0.04917176692087206,4,1920,0.05442163609350687,0.007150256701279486,0.21746215273670208,0.6535671668780676,0.067398787590444,4,0.03004540232536534,-0.0027598049540670045,0.09837881423307238,-0.14389143227394274,0.018227020669571943,0.17689962717888802,4,0.7182770599148874,0.9852880721881747,0.2670110122732873
tm232577,jonatan lucca_1994,1819,0.00448348598947033,0.0005729672242594198,0.06973440951465983,0.9244921004718988,0.0007170367997115094,4,1920,0.0676851934583089,0.0019065523172907865,0.017652440146389718,0.886494267539554,0.026261546538456713,4,0.06320170746883856,0.0013335850930313667,-0.05208196936827011,-0.03799783293234482,0.025544509738745204,0.09029175553176942,1,0.29200204095267485,0.467857347822893,0.17585530687021816
tm235568,joao pedro_1993,1819,0.002418856906249242,0.0002595661080403048,0.001956216026988453,0.9951063077639841,0.0002590531947379348,4,1920,0.014342078627274745,0.01087200861088273,0.6130002852865453,0.35787588494762473,0.003909742527672618,3,0.011923221721025504,0.010612442502842425,0.6110440692595568,-0.6372304228163594,0.0036506893329346832,0.8830018422925737,4,0.0359369150856451,0.7994492952361113,0.7635123801504662
tm236886,costinha_1992,1819,0.013128499651415647,0.11372218751861483,0.6825152920317293,0.1809532587937132,0.009680762004526973,3,1920,0.051563757706568264,0.009049740490302978,0.20732906176112642,0.7026914606451455,0.02936597939685692,4,0.03843525805515262,-0.10467244702831185,-0.4751862302706029,0.5217382018514323,0.019685217392329944,0.7144552434817826,4,0.919055891617755,0.8732205586305505,-0.04583533298720455
tm237000,afonso figueiredo_1993,1819,0.6220866820409526,0.002843450122525577,0.1038413899506137,0.21612198449504136,0.055106493390866755,1,1920,0.4652877592592683,0.001533983611486227,0.02082255815781853,0.5033832408034249,0.00897245816800198,4,-0.15679892278168434,-0.00130946651103935,-0.08301883179279518,0.2872612563083835,-0.04613403522286477,0.3376370428376474,4,1.0379547267374198,0.8343669787260686,-0.20358774801135127
tm238055,rafa silva_1993,1819,0.020895002267912563,0.45009345344745166,0.1611970568795394,0.07930150506463705,0.2885129823404594,2,1920,0.02475858988761447,0.15909632392276668,0.6341749207167157,0.05262277445630787,0.1293473910165953,3,0.003863587619701906,-0.290997129524685,0.47297786383717627,-0.026678730608329183,-0.15916559132386413,0.5559802793694679,3,1.293957372413269,1.0923539266562687,-0.20160344575700018
tm240306,bruno fernandes_1994,1819,0.008549500757636549,0.15231230883312677,0.18965874542212618,0.03143258709996193,0.6180468578871485,5,1920,0.009677672828180542,0.04620430015071514,0.3148288065889202,0.016895118028866313,0.6123941024033178,5,0.0011281720705439927,-0.10610800868241163,0.12517006116679402,-0.01453746907109562,-0.005652755483830707,0.16473938356768097,3,1.0488020600413588,0.9200536564047335,-0.12874840363662532
tm240578,luiz phellype_1993,1819,0.008549934464538745,0.6416979537185014,0.06112362727785551,0.016366742055820664,0.27226174248328366,2,1920,0.0011855382434938918,0.9322366638628189,0.03894224713153287,0.0034415866621314577,0.0241939641000227,2,-0.007364396221044853,0.29053871014431754,-0.022181380146322642,-0.012925155393689207,-0.24806777838326097,0.29176368809564185,2,0.9177449226295842,0.3093568291206561,-0.6083880935089281
tm243783,antonio xavier_1992,1819,0.012262034327031797,0.05090649344087348,0.7151702290084931,0.03349545895216222,0.18816578427143912,3,1920,0.01920632533288904,0.10037916994734139,0.77971258542643,0.07234808523327972,0.02835383406005991,3,0.006944291005857242,0.04947267650646791,0.06454235641793682,0.0388526262811175,-0.15981195021137923,0.09039364601125359,3,0.8733859468248207,0.7917106539049604,-0.08167529291986031
tm255755,alex telles_1992,1819,0.5419532208886436,0.005805539775098727,0.147533355343239,0.09056142863737317,0.2141464553556456,1,1920,0.2462451326866939,0.025756937598439247,0.16431626063923188,0.07367725593395423,0.4900044131416808,5,-0.2957080882019497,0.01995139782334052,0.016782905295992884,-0.016884172703418937,0.27585795778603517,0.297334950688967,1,1.1917383107985766,1.2777846587831447,0.08604634798456812
tm257388,wilson manafa_1994,1819,0.8137300350006693,0.005399528383714401,0.060119266005143245,0.06729826909474619,0.05345290151572716,1,1920,1.0,7.038563714764165e-42,3.7209409885749216e-41,1.4019653530087256e-40,3.073331697893599e-41,1,0.18626996499933068,-0.005399528383714401,-0.060119266005143245,-0.06729826909474619,-0.05345290151572716,0.20704839515380083,1,0.7031191731231339,1.1052408446371418e-10,-0.7031191730126098
tm257455,joao palhinha_1995,1819,0.23285064154944884,0.0038126125656448755,0.021140093431964067,0.7282307194935886,0.013965932959353581,4,1920,0.008452125613106846,0.001996132851221577,0.01640727761781633,0.9660633781975505,0.007081085720304785,4,-0.224398515936342,-0.0018164797144232985,-0.004732815814147737,0.23783265870396186,-0.006884847239048796,0.32702410713082225,4,0.7327089624963024,0.1885961461584693,-0.544112816337833
tm258004,ruben dias_1997,1819,0.9994225363190277,1.121918453966264e-05,8.864963768377815e-05,0.00045542180761408077,2.2173051134605996e-05,1,1920,0.9977237516726646,0.00014865431344594253,0.0002453431850099604,0.0016957733908185353,0.00018647743806082513,1,-0.001698784646363083,0.0001374351289062799,0.00015669354732618225,0.0012403515832044546,0.00016430438692621914,0.0021137129907127625,1,0.005274111909380393,0.01804308253919692,0.01276897062981653
tm261927,ricardo horta_1994,1819,0.0025772039147235457,0.029125952912833306,0.952828539028076,0.007334941539023446,0.008133362605343789,3,1920,0.01807356769430408,0.3161926428854326,0.44602959267399733,0.020226707434738665,0.1994774893115272,3,0.015496363779580536,0.28706668997259926,-0.5067989463540786,0.01289176589571522,0.19134412670618342,0.5828025321116301,3,0.2395848124658246,1.1971788105747334,0.9575939981089088
tm265589,fahd moufi_1996,1819,0.8993202396571193,0.002770289283859045,0.017984666240737152,0.0561998076718621,0.023724997146422414,1,1920,0.8650441014433519,0.0018396509124511036,0.015320737138167683,0.10989088907101445,0.007904621435014966,1,-0.034276138213767404,-0.0009306383714079416,-0.002663929102569469,0.05369108139915235,-0.015820375711407448,0.06376165366975313,4,0.434563607149583,0.4819437326104187,0.0473801254608357
tm265648,pablo santos_1992,1819,0.9962457426353685,6.713185115224313e-05,0.0003590518780071219,0.0029624432591396676,0.00036563037633244945,1,1920,0.8884398024719433,0.004048106242477102,0.0064565783172533114,0.09440973413668194,0.006645778831644318,1,-0.10780594016342515,0.003980974391324859,0.00609752643924619,0.09144729087754228,0.006280148455311869,0.141554779958656,1,0.027380411376889777,0.41609136794844553,0.38871095657155574
tm269467,cesar_1992,1819,0.9993005686231518,1.1984662035780474e-05,0.00011074577350130203,0.0004714208710550814,0.0001052800702560372,1,1920,0.993363393376122,0.0004507638093226964,0.0006342330963296454,0.004202097379501616,0.0013495123387239827,1,-0.005937175247029747,0.00043877914728691593,0.0005234873228283434,0.0037306765084465345,0.0012442322684679454,0.007045180142613344,1,0.006418916882017895,0.04666958461510508,0.040250667733087185
tm27178,ruben fernandes_1986,1819,0.990260478276605,0.0001646486888863436,0.0010889080580992125,0.0069701714904061565,0.0015157934860031376,1,1920,0.945252169807935,0.010523522939524937,0.004298514379334139,0.021404851585107416,0.018520941288098298,1,-0.04500830846866999,0.010358874250638594,0.003209606321234927,0.014434680094701259,0.01700514780209516,0.04849449112141677,1,0.06301039852603274,0.28073187032573615,0.21772147179970341
tm275287,ruben oliveira_1994,1819,0.1421774512527983,0.015228225513642312,0.16334624879710755,0.5757217303076203,0.10352634412883155,4,1920,0.0034712914917442495,6.765706611457663e-05,0.0006782302220047123,0.9954628922784583,0.000319928941677925,4,-0.13870615976105405,-0.015160568447527736,-0.16266801857510282,0.419741161970838,-0.10320641518715362,0.47128841372464325,4,1.1896951680859444,0.03235807976212557,-1.157337088323819
tm276030,artur jorge_1994,1819,0.9717934641280234,0.0002498141828027272,0.0027522621341197623,0.022928055922312063,0.0022764036327421588,1,1920,0.9795175169241255,0.000501563273695494,0.0008539394092683834,0.017119494658581574,0.0020074857343291017,1,0.00772405279610211,0.0002517490908927668,-0.001898322724851379,-0.005808561263730489,-0.0002689178984130571,0.009852278027133404,1,0.14651731478615454,0.11221809767484137,-0.034299217111313174
tm283130,moussa marega_1991,1819,0.0017328678613942282,0.9044958415588158,0.027401638974769396,0.0031185468464437617,0.0632511047585767,2,1920,0.006329395322048755,0.5450266268456619,0.27137026793858077,0.019854598298876168,0.1574191115948323,2,0.004596527460654526,-0.35946921471315385,0.24396862896381138,0.016736051452432406,0.09416800683625559,0.4347873408091459,2,0.39298542925894364,1.0856310048736753,0.6926455756147316
tm290336,rochinha_1995,1819,0.015599112891150579,0.18491150056739736,0.6041834023321673,0.14701321037445012,0.048292773834834664,3,1920,0.023374903276752314,0.039129627408495016,0.7183079852889425,0.1149652890029723,0.10422219502283787,3,0.007775790385601736,-0.14578187315890234,0.11412458295677519,-0.032047921371477814,0.05592942118800321,0.18805400064111744,2,1.1096517234112067,0.9366243261289785,-0.17302739728222816
tm290391,nuno santos_1995,1819,0.01489560332407743,0.23802768887202783,0.46985871194506684,0.038795721027358274,0.23842227483146955,3,1920,0.05990180206143613,0.03730304853869383,0.6550274362809356,0.12914418393977367,0.11862352917916068,3,0.0450061987373587,-0.20072464033333398,0.18516872433586878,0.0903484629124154,-0.11979874565230887,0.29114642430320514,2,1.227107201781348,1.0856494241246595,-0.14145777765668854
tm290530,bilel aouacheria_1994,1819,0.012557804977025208,0.21045742513663734,0.6499298875639961,0.066668510845969,0.060386371476372366,3,1920,0.011062748129525927,0.02729317945068246,0.8383043135301821,0.09675396208143947,0.026585796808170116,3,-0.0014950568474992806,-0.18316424568595488,0.18837442596618603,0.030085451235470462,-0.03380057466820225,0.2644644301731597,3,1.0130553638316198,0.6183834049709233,-0.3946719588606965
tm291399,nanu_1994,1819,0.9205100044014044,0.0007899543351284452,0.0319451147417078,0.038116263549601834,0.008638662972157535,1,1920,0.28389949554428506,0.012030195860493776,0.2627799477998443,0.4322187320729481,0.009071628722428766,4,-0.6366105088571193,0.011240241525365331,0.2308348330581365,0.39410246852334624,0.000432965750271231,0.7835820051953988,1,0.357473926627751,1.1670499765304785,0.8095760499027275
tm291402,pite_1994,1819,0.03886842037323767,0.0727581997601465,0.5711369352057846,0.13808140910350244,0.1791550355573287,3,1920,0.012487842244278359,0.001208269144652356,0.02217542648279417,0.9625636864070256,0.0015647757212493684,4,-0.02638057812895931,-0.07154993061549414,-0.5489615087229904,0.8244822773035232,-0.17759025983607934,0.9934511015246426,4,1.2182547489972932,0.1941482904113054,-1.0241064585859878
tm291941,carraca_1993,1819,0.7127472459168427,0.002247549594808583,0.10138839740667856,0.17262362479100307,0.010993182290667137,1,1920,0.289124698786392,0.011238501613705503,0.5760992845222181,0.09980076691219829,0.02373674816548596,3,-0.42362254713045067,0.008990952018896919,0.4747108871155396,-0.07282285787880478,0.012743565874818823,0.6404611577848857,3,0.8399416322580462,1.045713114019431,0.2057714817613847
tm291981,djavan da silva ferreira_1987,1819,0.6522038615374249,0.0031844135447453605,0.05226558672332033,0.2213709700487908,0.07097516814571851,1,1920,0.9087934711131892,0.0015114550105285183,0.004762221466814097,0.07188574313150387,0.01304710927796426,1,0.25658960957576427,-0.0016729585342168422,-0.04750336525650623,-0.14948522691728694,-0.05792805886775425,0.30073814076319977,1,0.9728851710928116,0.3680607069954345,-0.6048244640973771
tm292775,ricardo valente_1991,1819,0.015686843487431473,0.5607342922150688,0.2979984172677107,0.054533141275508845,0.07104730575428024,2,1920,0.01982748109211529,0.046400633181757064,0.5722103897638265,0.23472487333677414,0.12683662262552703,3,0.004140637604683816,-0.5143336590333117,0.27421197249611584,0.1801917320612653,0.05578931687124679,0.6100963234259142,2,1.096856161936682,1.1417391335837346,0.04488297164705268
tm299400,pedro sa_1993,1819,0.011835976083544694,0.00020166957734081705,0.0024046665076500637,0.9834715971314146,0.0020860907000496073,4,1920,0.0028337417227049604,0.0002111431871239663,0.001275533621941147,0.9948663704483454,0.0008132110198845867,4,-0.009002234360839733,9.473609783149263e-06,-0.0011291328857089167,0.011394773316930729,-0.0012728796801650206,0.0145655797431682,4,0.09799594553106399,0.03781676417068103,-0.06017918136038296
tm308560,jhon murillo_1995,1819,0.04403181748272406,0.23576949284022844,0.41631613302208403,0.19134998734463077,0.11253256931033256,3,1920,0.003620729693155626,0.0024996075597679876,0.008832444719498001,0.9843210210427129,0.0007261969848656759,4,-0.04041108778956844,-0.23326988528046044,-0.407483688302586,0.7929710336980822,-0.11180637232546689,0.9224391101378884,4,1.4052450269148986,0.09790474291751354,-1.307340283997385
tm312123,lucas possignolo_1994,1819,0.9995132096468815,7.223526768342352e-06,6.003849213087096e-05,0.00037646279697194426,4.306553724736863e-05,1,1920,0.96934729826111,0.001895517319034848,0.0012404419192426788,0.024447216836327335,0.0030695256642851282,1,-0.030165911385771516,0.0018882937922665057,0.001180403427111808,0.02407075403935539,0.0030264601270377596,0.038656725358648954,1,0.004557012457606332,0.1588514790947432,0.15429446663713686
tm332220,iago santos_1992,1819,0.991311914486847,5.0389897963481684e-05,0.000572543085336765,0.0075914161543229036,0.00047373637552988843,1,1920,0.9907880344950114,0.0007231250757280455,0.0007498280080822858,0.006897137642879036,0.000841874778299274,1,-0.000523879991835563,0.0006727351777645639,0.00017728492274552083,-0.0006942785114438677,0.0003681384027693856,0.0011137663401868216,4,0.05410124677060397,0.06007950911133213,0.005978262340728159
tm332615,nelson monte_1995,1819,0.9438371415458919,0.0013293494350833342,0.00836072764429941,0.035600509411091344,0.010872271963633995,1,1920,0.9392093674474973,0.0017089250113711235,0.003370584563928134,0.050147046302491005,0.005564076674712546,1,-0.004627774098394655,0.00037957557628778924,-0.004990143080371276,0.014546536891399661,-0.005308195288921449,0.01606435912880795,4,0.27126036631713213,0.2679463099343753,-0.003314056382756836
tm333166,ronan_1995,1819,0.007172935319009119,0.7110941984724375,0.038474184214683134,0.014894791598158964,0.22836389039571145,2,1920,0.0014359398223996696,0.9049034235753677,0.04237513484192077,0.009658814088032644,0.04162668767227921,2,-0.005736995496609449,0.1938092251029302,0.003900950627237637,-0.005235977510126321,-0.18673720272343225,0.1940040250319799,2,0.8031134982851993,0.41092750117812493,-0.39218599710707436
tm334557,chiquinho_1995,1819,0.0016704000706293102,0.03963734056906049,0.9460076314464444,0.004983664507528648,0.007700963406337185,3,1920,0.0390323338339811,0.35093648358939133,0.4393454503820926,0.06907647604608841,0.10160925614844651,3,0.03736193376335179,0.31129914302033085,-0.5066621810643518,0.06409281153855977,0.09390829274210932,0.5992641527336112,3,0.2550355867487088,1.2723789238762213,1.0173433371275125
tm335062,nikola jambor_1995,1819,0.011108252266715777,0.0008922975848476846,0.17701431807268547,0.8087139706193502,0.002271161456400875,4,1920,0.017257395708955094,0.0003539120435534103,0.0021755177084548365,0.9768420806681415,0.0033710938708951563,4,0.006149143442239317,-0.0005383855412942743,-0.17483880036423063,0.16812811004879125,0.0010999324144942814,0.24263917516643116,3,0.5482816547005616,0.12828367620166192,-0.41999797849889964
tm335380,pedro nuno_1995,1819,0.0022975863100290236,0.750722186707352,0.2175686958210172,0.009954103072754678,0.019457428088847085,2,1920,0.010628627207518457,0.0470704777426111,0.782762405538682,0.046744435041892664,0.11279405446929584,3,0.008331040897489433,-0.7036517089647409,0.5651937097176648,0.03679033196913799,0.09333662638044876,0.9033230827352146,2,0.6835904731503556,0.7731893524324216,0.089598879282066
tm336158,gustavo sauer_1993,1819,0.07105892090332,0.020129580153131002,0.28818300400753694,0.4352629690391186,0.18536552589689353,4,1920,0.014761227117158382,0.010199609655059836,0.19423190172962632,0.7631040752513052,0.01770318624685009,4,-0.05629769378616162,-0.009929970498071166,-0.09395110227791062,0.3278411062121866,-0.16766233965004346,0.34579565523788414,4,1.2995339550052534,0.7050156197310409,-0.5945183352742125
tm336697,philipe sampaio_1994,1819,0.8685863672744126,0.012432972868429825,0.01242779897397796,0.038390283333435866,0.06816257754974367,1,1920,0.583540083637111,0.09237741001089086,0.06771102029656391,0.21553889198772289,0.040832594067711364,1,-0.28504628363730167,0.07994443714246104,0.05528322132258595,0.17714860865428703,-0.027329983482032305,0.3494000013643585,1,0.5396785706492249,1.1780257007318227,0.6383471300825978
tm33710,jose semedo_1985,1819,0.04722964049019277,0.0002688814130096772,0.004760227017122303,0.9462200691751742,0.0015211819045010883,4,1920,0.2768907895572178,0.001391157336214389,0.006715839965197748,0.7120991916990249,0.0029030214423451995,4,0.22966114906702503,0.001122275923204712,0.0019556129480754443,-0.2341208774761493,0.0013818395378441112,0.32796632843363493,4,0.2340221534534635,0.6570603691054344,0.4230382156519709
tm337800,gedson fernandes_1999,1819,0.017561931901689882,0.015236108418227593,0.1973882933113821,0.7315180897832728,0.03829557658542759,4,1920,0.3534457578944047,0.02775827009217187,0.2792318657890393,0.2630587408288085,0.07650536539557573,1,0.3358838259927148,0.012522161673944276,0.0818435724776572,-0.46845934895446434,0.03820978881014814,0.5823463583429013,4,0.8086469210693855,1.3712357579229273,0.5625888368535418
tm34077,tarantini_1983,1819,0.004479273095195439,0.00012699865324795022,0.012030410595306103,0.9831248029880667,0.00023851466818370826,4,1920,0.007978883271157637,0.003225426488630304,0.011499598662500258,0.9761464262352132,0.0011496653424988134,4,0.003499610175962198,0.003098427835382354,-0.0005308119328058455,-0.00697837675285351,0.0009111506743151052,0.00841587962411213,4,0.09726428429427678,0.13974776652255386,0.04248348222827708
tm341110,franco cervi_1994,1819,0.02302894933342899,0.16836109847103997,0.5214296066525925,0.09694554668388342,0.1902347988590551,3,1920,0.06685689872294213,0.006536272845070698,0.7384335975658304,0.17130785739288262,0.01686537347327426,3,0.04382794938951315,-0.16182482562596928,0.21700399091323785,0.07436231070899921,-0.17336942538578082,0.2841278737871725,3,1.2682734847666706,0.8087422028876444,-0.45953128187902614
tm345061,murilo costa_1994,1819,0.056794029324336456,0.09823122344909702,0.5231794049626075,0.09812796201205007,0.22366738025190894,3,1920,0.055452274906099,0.10022327693865007,0.6702896592266596,0.12554603410700377,0.04848875482158758,3,-0.0013417544182374591,0.0019920534895530584,0.1471102542640521,0.0274180720949537,-0.17517862543032137,0.1496627748274842,3,1.2925398197839968,1.0663421355020641,-0.22619768428193265
tm345345,xadas_1997,1819,0.018030152125240943,0.13261630689750312,0.3025088863337541,0.06687548945795722,0.4799691651855447,5,1920,0.0007232033400289351,0.02385932041400451,0.9656744290519459,0.0072822083140158065,0.0024608388800050032,3,-0.01730694878521201,-0.1087569864834986,0.6631655427181917,-0.05959328114394142,-0.47750832630553974,0.6748833297625898,3,1.2352275143840008,0.17871632411003754,-1.0565111902739632
tm347905,joao paulo lazaro lucas_1996,1819,0.958854316822442,0.00030010202449062937,0.01281129737825642,0.022366600054879077,0.005667683719931917,1,1920,0.4706721554261593,0.014795213970006781,0.03769914104458228,0.4167481533026008,0.060085336256650836,1,-0.48818216139628273,0.014495111945516151,0.024887843666325862,0.39438155324772173,0.054417652536718916,0.6282421072168789,1,0.21286192985862568,1.0743444369204298,0.8614825070618042
tm349513,neris_1992,1819,0.9969986428490816,2.96715019770868e-05,0.00018091914211269835,0.002455572495616142,0.0003351940112121636,1,1920,0.9970096625278254,0.00014305998300038995,0.0002558013245346732,0.0021001223706383467,0.0004913537940010498,1,1.1019678743839911e-05,0.00011338848102330315,7.488218242197487e-05,-0.00035545012497779525,0.00015615978278888624,0.0003806974041668758,4,0.022303573640687892,0.023060178032991215,0.0007566043923033228
tm349903,bruno lamas_1994,1819,3.467830847083044e-41,6.708862888464191e-41,1.0,3.598595746717516e-40,2.1427591502109046e-41,3,1920,0.02379766453298836,0.08994563218841731,0.5473735989118438,0.20401670071802422,0.13486640364872632,3,0.02379766453298836,0.08994563218841731,-0.4526264010881562,0.20401670071802422,0.13486640364872632,0.5051237657454686,3,1.1052408446371418e-10,1.2299548348494063,1.2299548347388822
tm352811,aylton boa morte_1993,1819,0.02411296261456512,0.4062470332470457,0.3217192999026902,0.14795154918121228,0.0999691550544868,2,1920,0.0008727500144680806,0.004402042746629781,0.9743423933341326,0.019554446498946394,0.0008283674058231426,3,-0.023240212600097038,-0.4018449905004159,0.6526230934314424,-0.1283971026822659,-0.09914078764866364,0.7774459607774694,3,1.3335544080697186,0.1381733703887229,-1.1953810376809957
tm356099,cristian borja_1993,1819,0.8394093556074811,0.0013387970437677165,0.041133408045644304,0.07187869707699451,0.046239742226112344,1,1920,0.9525738503442047,0.005224348948353966,0.013183466061621853,0.022775278923267372,0.006243055722552029,1,0.11316449473672363,0.0038855519045862493,-0.027949941984022453,-0.04910341815372714,-0.039996686503560315,0.12654503275084006,1,0.6184333048948025,0.24863219800373723,-0.36980110689106527
tm357156,diogo leite_1999,1819,0.9390433053237954,0.006659336901551867,0.007262601724151524,0.028752482715847915,0.018282273334653317,1,1920,0.6980671337342204,0.00610696286398508,0.011496347608286507,0.2455926375442595,0.03873691824924869,1,-0.24097617158957507,-0.0005523740375667869,0.004233745884134983,0.2168401548284116,0.020454644914595376,0.3242027108789602,1,0.3034090491611589,0.8041523009416471,0.5007432517804882
tm357162,florentino luis_1999,1819,0.4429876373928649,0.006970327660435408,0.025696152453224427,0.21459424160255414,0.30975164089092116,1,1920,0.12603055424786624,0.003559207045997516,0.01081179914191882,0.7816500125322866,0.07794842703193075,4,-0.31695708314499865,-0.0034111206144378917,-0.014884353311305606,0.5670557709297325,-0.23180321385899041,0.6498055244593115,4,1.1826720215798927,0.7215119270887608,-0.46116009449113193
tm358177,andre pereira_1995,1819,0.012409490287756895,0.1633474517164775,0.039730001692157284,0.03856424862944817,0.74594880767416,5,1920,0.003085302311702741,0.1420041525343575,0.7996638390143261,0.03907186913807926,0.01617483700153434,3,-0.009324187976054154,-0.021343299182119996,0.7599338373221689,0.0005076205086310889,-0.7297739706726257,0.7602908467732383,3,0.8227687381650728,0.667184768108112,-0.15558397005696079
tm364237,mamadou loum_1996,1819,0.3964131927377692,0.0031592037999743743,0.01647294137147904,0.5769577331681935,0.006996928922583882,4,1920,0.05304426840273732,0.2636921424183361,0.3007550684874759,0.22716538591210886,0.15534313477934183,3,-0.34336892433503186,0.26053293861836174,0.2842821271159969,-0.34979234725608466,0.14834620585675795,0.6236590769808718,4,0.8046673947517087,1.4945546760580104,0.6898872813063017
tm364857,falaye sacko_1995,1819,0.9371245102163487,0.0004980075513234715,0.013622852359762265,0.04257919925208216,0.006175430620483308,1,1920,0.9614700952229751,0.0007865398599686065,0.005785153321121074,0.020652760599654332,0.011305450996280893,1,0.024345585006626425,0.00028853230864513493,-0.007837699038641191,-0.021926438652427827,0.005130020375797585,0.033689597777459494,1,0.28897924400045566,0.20401488632884368,-0.08496435767161198
tm366278,rodrigo pinho_1991,1819,0.00011287641861822035,0.9966562523596149,0.002343399263824192,0.00040300178163462454,0.0004844701763080264,2,1920,0.00403349496568813,0.5952324489928541,0.1236177397186137,0.03098794503506332,0.24612837128778078,2,0.003920618547069909,-0.40142380336676076,0.1212743404547895,0.030584943253428695,0.24564390111147275,0.4204751426253246,2,0.02540388130877436,1.0421810027688094,1.016777121460035
tm371245,guilherme schettine_1995,1819,0.0011352159724456886,0.9692975724370785,0.011070936651724058,0.002159034269306129,0.016337240669445564,2,1920,0.0010908347553237347,0.9138013357387932,0.04217247115260337,0.0064515964278284085,0.03648376192545136,2,-4.43812171219539e-05,-0.055496236698285295,0.03110153450087931,0.00429256215852228,0.020146521256005794,0.06376178946327263,2,0.16825003834457739,0.3766616700048351,0.2084116316602577
tm372459,andre martins sousa_1998,1819,0.949310779985998,0.00047462631596527095,0.012118173241480665,0.025140280056621157,0.012956140399934798,1,1920,0.9764097333710596,0.0005356978365595768,0.0012450537034231597,0.01774680622258607,0.004062708866371679,1,0.02709895338506163,6.107152059430589e-05,-0.010873119538057505,-0.007393473834035085,-0.00889343153356312,0.030120511086630324,1,0.2554012254153997,0.12958830516068792,-0.1258129202547118
tm375025,lucas marques_1995,1819,0.06893775912908306,0.00044547960315043594,0.007966865957177797,0.9166206995759818,0.00602919573460689,4,1920,0.037448126628032694,0.002889566007775229,0.009528444947205832,0.9353614127245935,0.014772449692392473,4,-0.03148963250105037,0.002444086404624793,0.0015615789900280345,0.0187407131486117,0.008743253957785583,0.03675899035154698,1,0.33693311090609074,0.30901293622327247,-0.027920174682818266
tm375039,emmanuel hackman_1995,1819,0.5853208787001203,0.000732096005182498,0.02880629670036847,0.3814169605011547,0.0037237680931740593,1,1920,0.8882793058915588,0.0014918031646918588,0.01719258259922426,0.08785353086879309,0.005182777475732161,1,0.3029584271914385,0.0007597071595093608,-0.011613714101144212,-0.2935634296323616,0.0014590093825581013,0.42201747752198127,1,0.8094214634053418,0.4257412603983418,-0.383680203007
tm375770,gabriel airton de souza_1996,1819,0.02848013201900834,0.13959352596976585,0.34302198706188497,0.4526967796659279,0.03620757528341294,4,1920,0.02515458337945036,0.06873011456533759,0.4107444707824258,0.4789236101755479,0.016447221097238268,4,-0.003325548639557977,-0.07086341140442826,0.06772248372054085,0.02622683050961999,-0.01976035418617467,0.10152272548295073,2,1.222161881745136,1.0622894942512073,-0.15987238749392874
tm375820,henrique_1995,1819,0.4105621105678225,0.0022163030852592356,0.184750455085974,0.3972192532396178,0.005251878021326326,1,1920,0.6560862022192372,0.0031949462427016025,0.04177384864395773,0.25017680094223865,0.04876820195186483,1,0.2455240916514147,0.0009786431574423668,-0.1429766064420163,-0.14704245229737917,0.0435163239305385,0.3199169112300632,1,1.085344336017977,0.9214818922865848,-0.16386244373139225
tm376175,thiago santana_1993,1819,0.0021757567790870545,0.9062812358598772,0.032326019107240075,0.005686439278618795,0.053530548975177075,2,1920,0.0018477452151225411,0.8600823386465601,0.08134346193104636,0.012707095682644852,0.04401935852462594,2,-0.00032801156396451334,-0.04619889721331705,0.04901744282380628,0.007020656404026057,-0.009511190450551134,0.06772329741411916,3,0.39956832859777325,0.5383159350658953,0.138747606468122
tm379249,matheus reis_1995,1819,0.5158945536739429,0.004335859278400714,0.09163911171577074,0.33235183134164525,0.055778643990240455,1,1920,0.9748976699291655,0.00034230382814078746,0.003610275406797101,0.018488124646084098,0.00266162618981242,1,0.4590031162552226,-0.003993555450259927,-0.08802883630897364,-0.3138637066955612,-0.05311701780042803,0.5629913956888942,1,1.1111483888992828,0.13737970225831012,-0.9737686866409727
tm37947,mateus galiano da costa_1984,1819,0.010266401878556902,0.0788592285591077,0.5879092654589002,0.31210563669716207,0.010859467406273119,3,1920,0.002649816036568994,0.003753680402245666,0.9126655665270481,0.07852896638890042,0.002401970645236741,3,-0.007616585841987909,-0.07510554815686203,0.3247563010681479,-0.23357667030826165,-0.008457496761036378,0.4070916011656234,3,0.9721397708417897,0.33437876720895643,-0.6377610036328333
tm380409,joao jaquite_1996,1819,0.03929735350745936,0.001722669095213237,0.008002489635934529,0.9280140428910804,0.022963444870312405,4,1920,0.0018187596315125932,0.00016178692578622787,0.0011026798092399904,0.9959271521543825,0.0009896214790787398,4,-0.037478593875946764,-0.0015608821694270093,-0.006899809826694538,0.06791310926330218,-0.021973823391233667,0.07789017356200179,4,0.3327797327452857,0.03130811466445881,-0.3014716180808269
tm383807,kikas_1998,1819,0.005432829611229288,0.7700092734318921,0.0554320994466487,0.013026750592592383,0.1560990469176376,2,1920,0.00018644801677148408,0.9796378832535038,0.01774624341315032,0.0012179607622945661,0.0012114645542799108,2,-0.005246381594457804,0.2096286098216117,-0.03768585603349838,-0.011808789830297817,-0.15488758236335767,0.21338076257669034,2,0.7363836209984844,0.10960923374147631,-0.6267743872570081
tm387378,luther singh_1997,1819,0.010828068388727272,0.3817433601359185,0.47581708167814996,0.0853264072372278,0.046285082559976626,3,1920,0.0023993048063798692,0.025055792761201363,0.9359957381813999,0.017791528987453398,0.018757635263565425,3,-0.008428763582347404,-0.35668756737471713,0.46017865650324996,-0.0675348782497744,-0.0275274472964112,0.5861931596808073,3,1.122267300667264,0.3150226767824186,-0.8072446238848455
tm388588,jadson_1991,1819,0.9904018152994358,0.0003186447571257696,0.001863627801987742,0.005209250976647984,0.0022066611648025604,1,1920,0.970977631437048,0.0033399614567008605,0.0037278055898702935,0.0127535389272028,0.009201062589178246,1,-0.019424183862387867,0.003021316699575091,0.0018641777878825516,0.0075442879505548165,0.006994401424375685,0.021138086782504745,1,0.06471409203972217,0.1672553627909656,0.10254127075124342
tm396342,toni borevkovic_1997,1819,0.9991520074168108,1.112456307453889e-05,0.00011407882108813462,0.0006499244243450434,7.28647746815429e-05,1,1920,0.9598749498659154,0.0011614721823493346,0.0012712433079918324,0.033623586790364764,0.004068747853378693,1,-0.03927705755089539,0.0011503476192747956,0.0011571644869036977,0.03297366236601972,0.003995883078697151,0.05130898546043896,1,0.007473948611608744,0.19209974264695132,0.18462579403534257
tm397090,davidson da luz pereira_1991,1819,0.0058275174055607655,0.5990641504726477,0.3168957023207728,0.04017098744372786,0.0380416423572909,2,1920,0.008275026466289456,0.02461648024435483,0.8326135830227354,0.027837877783504272,0.10665703248311621,3,0.002447509060728691,-0.5744476702282929,0.5157178807019626,-0.012333109660223586,0.06861539012582532,0.7720836445625116,2,0.9546019973358162,0.6217957953325446,-0.3328062020032716
tm401539,messias_1994,1819,0.9950801220538367,0.00010197614331733374,0.0004559757651893605,0.0034673616856705724,0.0008945643519861952,1,1920,0.966060301109221,0.0009865387905333672,0.0013064706450867023,0.026194326063706506,0.005452363391452401,1,-0.029019820944615637,0.0008845626472160335,0.0008504948798973418,0.022726964378035935,0.004557799039466206,0.03688049227051678,1,0.03527234070244947,0.17268219510083233,0.13740985439838285
tm407907,gelson_1996,1819,0.0002897978119028835,0.9868180112844338,0.005535268220553159,0.0009442370059824844,0.0064126856771276365,2,1920,0.004564106244595843,0.14558384468705887,0.07062885068178103,0.01415587186464375,0.7650673265219204,5,0.004274308432692959,-0.8412341665973749,0.06509358246122787,0.013211634858661265,0.7586546408447928,0.8438630899243271,2,0.08317761527292156,0.7574766195939351,0.6742990043210135
tm411295,raphinha_1996,1819,0.00498334725136741,0.7712459243865639,0.16424346523600358,0.02934572487271071,0.030181538253354352,2,1920,0.017818515347090027,0.2532008008193747,0.33321264770835257,0.0294809992656086,0.3662870368595742,5,0.012835168095722617,-0.5180451235671892,0.168969182472349,0.00013527439289788903,0.33610549860621985,0.5450560471330679,2,0.7326406376435733,1.25751349389108,0.5248728562475066
tm411838,bruno viana_1995,1819,0.9973789357530444,3.722560054853336e-05,0.00028688918527332204,0.0020427742557986104,0.0002541752053351841,1,1920,0.966758970462485,0.0013424646942703175,0.0013664488475348816,0.026127078755990314,0.004405037239719521,1,-0.030619965290559326,0.0013052390937217842,0.0010795596622615595,0.0240843045001917,0.0041508620343843365,0.038993654558263376,1,0.020093004062707902,0.16969772949709636,0.14960472543438846
tm430579,idrissa doumbia_1998,1819,0.4379217695904556,0.011824744537851657,0.03631895612971988,0.3434909985048984,0.17044353123707454,1,1920,0.0038628962895598277,0.00012812692205649512,0.0006469790357652418,0.9950475578275974,0.00031443992502097856,4,-0.43405887330089576,-0.011696617615795163,-0.035671977093954636,0.651556559322699,-0.17012909131205356,0.7837999466069888,4,1.2031110444488298,0.03483881577097472,-1.168272228677855
tm430761,lucas fernandes_1997,1819,0.008165214045746234,0.007431548706594678,0.7296211978566364,0.2499710371769794,0.004811002214043143,3,1920,0.0010276241326427726,0.002539401047592262,0.9757992553161471,0.0201123523853283,0.0005213671182896021,3,-0.007137589913103461,-0.004892147659002416,0.2461780574595107,-0.2298586847916511,-0.0042896350957535405,0.33691768912773173,3,0.6779232459564812,0.12865947175959117,-0.5492637741968901
tm435497,fabio china_1992,1819,0.9299533544634843,0.0005566976184491748,0.012071462499487711,0.051837730787560425,0.0055807546310183065,1,1920,0.3809927271958324,0.0011327083460894664,0.009425489576431956,0.5974003330153855,0.011048741866260706,4,-0.5489606272676519,0.0005760107276402916,-0.002645972923055755,0.5455626022278252,0.0054679872352424,0.7739532648685952,1,0.3074004151773353,0.7768362972155523,0.46943588203821696
tm437566,claudio falcao_1994,1819,0.1319024058648231,0.0018542575123275547,0.027398021408628827,0.817498211418305,0.021347103795915392,4,1920,0.6158927692068872,0.0011042973600197768,0.0054064114674006744,0.3668695055063579,0.010727016459334436,1,0.4839903633420641,-0.000749960152307778,-0.021991609941228153,-0.45062870591194715,-0.010620087336580956,0.661662372927384,1,0.6242661682820689,0.7507783984285933,0.12651223014652435
tm438202,bruno tabata_1997,1819,0.0023506555237280493,0.03461117277913223,0.9263196730618907,0.027415792114637252,0.009302706520611805,3,1920,0.026737647554251138,0.020219837138380454,0.7418540421255693,0.06974327611133643,0.14144519707046257,3,0.024386992030523087,-0.014391335640751773,-0.1844656309363214,0.04232748399669918,0.13214249054985078,0.19136619560425902,3,0.34366033245874933,0.8596007188840475,0.5159403864252983
tm442424,murilo oliveira de freitas_1996,1819,0.039062788712660654,0.048125592906679025,0.2832518915090789,0.2882330527016812,0.3413266741699002,5,1920,0.004447863365844218,0.003619128469268157,0.6603991035422226,0.32747989008006345,0.004054014542601454,3,-0.034614925346816434,-0.04450646443741087,0.3771472120331437,0.03924683737838225,-0.33727265962729874,0.3833527777675055,3,1.3554289742978027,0.7063433496208936,-0.6490856246769091
tm445517,heriberto tavares_1997,1819,0.0025937383220000047,0.44966901527232855,0.5209595401696065,0.01201731946483579,0.014760386771229102,3,1920,0.0010924474057398784,0.1004012598738505,0.87973469887653,0.012311248837845512,0.006460345006033983,3,-0.0015012909162601263,-0.34926775539847804,0.35877515870692345,0.00029392937300972213,-0.008300041765195118,0.5007094164634421,3,0.8299090696985661,0.43766392618443206,-0.3922451435141341
tm446043,getterson_1991,1819,0.05099385537884889,0.19113063242024067,0.4604767316840695,0.23285287419271358,0.0645459063241274,3,1920,0.00047147775313307477,0.9742576327030569,0.021466849512667172,0.0016516028372613656,0.0021524371938814527,2,-0.05052237762571581,0.7831270002828162,-0.4390098821714023,-0.2312012713554522,-0.06239346913024595,0.9284525371463226,2,1.341367345010373,0.1352775708747424,-1.2060897741356305
tm448466,jovane cabral_1998,1819,0.009671391121103268,0.39298725961383746,0.07808621642213642,0.033008664044706856,0.486246468798216,5,1920,0.006520685115856879,0.06278869858580498,0.6788378861840121,0.02541136335926051,0.22644136675506552,3,-0.003150706005246389,-0.33019856102803247,0.6007516697618757,-0.007597300685446347,-0.25980510204315044,0.685566411336423,3,1.0742133879754385,0.8992295653708968,-0.1749838226045417
tm45335,alberto bueno_1988,1819,0.04965543014764452,0.0758251162534106,0.439746847477838,0.2701924752925401,0.16458013082856687,3,1920,0.010823709384894561,0.08396625346317861,0.8455157414282174,0.03249917296483806,0.02719512275887133,3,-0.03883172076274996,0.008141137209768015,0.4057688939503794,-0.23769330232770203,-0.13738500806969556,0.47193292099791795,3,1.356493009028994,0.6082764660886772,-0.7482165429403167
tm454121,galeno_1997,1819,0.007697602334426199,0.24985670509906707,0.4719483742372405,0.028117718879445332,0.2423795994498208,3,1920,0.010664836029164538,0.050291799433312794,0.6758274929567601,0.04408339614627703,0.2191324754344855,3,0.0029672336947383386,-0.19956490566575427,0.20387911871951964,0.015965677266831697,-0.023247124015335296,0.2857561092078649,3,1.1822914157986628,0.9338703036677254,-0.24842111213093743
tm45717,nene_1983,1819,0.005315727034230021,0.8793552964588244,0.049344609639547996,0.012900945145114183,0.05308342172228332,2,1920,0.0056908904764067635,0.6393109807658218,0.19359719674352868,0.02462000055401984,0.13678093146022288,2,0.0003751634421767427,-0.24004431569300255,0.1442525871039807,0.011719055408905657,0.08369750973793956,0.2802990534946537,2,0.5013407490201196,0.9966081740080818,0.49526742498796217
tm46110,ljubomir fejsa_1988,1819,0.08113263770690293,0.000637167569764679,0.007268790799469242,0.8987016254016325,0.012259778522230645,4,1920,0.11342683666531435,0.008717449645664614,0.020059687206658267,0.6303986535184672,0.22739737296389542,4,0.032294198958411416,0.008080282075899935,0.012790896407189025,-0.2683029718831652,0.21513759444166478,0.2706627015254033,4,0.3942053986799503,0.9942966582670028,0.6000912595870525
tm46717,nuno miguel prata coelho_1987,1819,0.9460410537505646,0.000334499765282542,0.00352226517195065,0.04911103371993123,0.0009911475922709443,1,1920,0.9077157205146883,0.0029844111619264355,0.0032908627793743765,0.08043527127518822,0.005573734268822497,1,-0.03832533323587628,0.0026499113966438935,-0.00023140239257627348,0.03132423755525699,0.004582586676551552,0.049569290932355375,1,0.22990919741885196,0.3557008487266817,0.1257916513078297
tm48206,nuno pinto_1986,1819,0.5411041784175263,0.005568872653243457,0.15893872134307008,0.19117109687503536,0.1032171307111247,1,1920,0.7825238843113316,0.004624814729551983,0.02323214563994113,0.16863842694828057,0.020980728370894694,1,0.24141970589380524,-0.0009440579236914739,-0.13570657570312894,-0.02253266992675479,-0.08223640234023001,0.2778639263062261,1,1.2042540764195786,0.6854166909695883,-0.5188373854499903
tm48703,mano_1987,1819,0.9901924012268819,7.291793269577312e-05,0.001601653004252594,0.007661794175127165,0.00047123366104264493,1,1920,0.9451463508880228,0.0006227535545651828,0.002213824470657894,0.042056102604446005,0.009960968482308064,1,-0.04504605033885911,0.0005498356218694097,0.0006121714664052999,0.03439430842931884,0.009489734821265418,0.05668149765644429,1,0.06169758934461746,0.2506270687828642,0.18892947943824678
tm499721,wendel_1997,1819,0.005316879612362132,0.0072468955993525725,0.10946764359612755,0.875130704661153,0.002837876531004831,4,1920,0.013807290837104627,0.009816156821520943,0.17710983259876847,0.7953136273661704,0.003953092376435647,4,0.008490411224742495,0.0025692612221683703,0.06764218900264092,-0.07981707729498255,0.0011152158454308158,0.10499961784204354,4,0.43907682377365853,0.6151074513603414,0.17603062758668286
tm51058,lica_1988,1819,0.0033068414277337855,0.8664321331454664,0.07667471406799356,0.009019519818081667,0.0445667915407246,2,1920,0.010589335231645887,0.7244389573290935,0.17415677638888394,0.014411890963301735,0.07640304008707512,2,0.007282493803912101,-0.14199317581637294,0.09748206232089038,0.005392371145220069,0.03183624854635052,0.17247297421719487,2,0.5211283380372089,0.8436692780536643,0.3225409400164554
tm512913,stephen eustaquio_1996,1819,0.042315817336629126,0.00023329610159424408,0.008937307190475904,0.9473135037989387,0.0012000755723618579,4,1920,0.006227447368620334,0.0008844393170828911,0.0027257509517449596,0.9888639510860705,0.0012984112764811463,4,-0.03608836996800879,0.000651143215488647,-0.006211556238730945,0.04155044728713175,9.833570411928844e-05,0.05538788256561707,4,0.23728527793376764,0.07364543068476427,-0.16363984724900338
tm517300,vitor tormena_1996,1819,0.8896195352064553,0.00035259485079367056,0.009297860334293181,0.09723124354851011,0.0034987660599476397,1,1920,0.9764555531414777,0.000673903787738603,0.000906018001063945,0.018507892800101847,0.0034566322696177715,1,0.08683601793502238,0.0003213089369449324,-0.008391842333229236,-0.07872335074840826,-4.2133790329868144e-05,0.1175090899507233,1,0.3967494685856002,0.12796281547677751,-0.26878665310882266
tm520469,junio_1997,1819,0.9335966282037172,0.0009093576765404977,0.01114109863079131,0.05073711532265857,0.0036158001662925108,1,1920,0.6588488583621349,0.006008560040247375,0.017402897662099844,0.292324500684328,0.025415183251189688,1,-0.27474776984158233,0.005099202363706878,0.006261799031308534,0.24158738536166946,0.021799383084897178,0.36594536995385724,1,0.2922009188384472,0.8290065630654782,0.536805644227031
tm525287,carlos vinicius_1995,1819,0.0028766659282718457,0.930180398355227,0.010001412699515322,0.0034183844724964348,0.05352313854448946,2,1920,0.00416010365028454,0.07141994824999154,0.015205739597251251,0.0040193951076460885,0.9051948133948267,5,0.0012834377220126941,-0.8587604501052355,0.0052043268977359294,0.0006010106351496537,0.8516716748503372,0.8587773891466723,2,0.30632008311723646,0.3872845284081381,0.08096444529090163
tm5404,jeremy mathieu_1983,1819,0.9890797053289944,0.0003416700439641757,0.0024872895245796937,0.006676297977067492,0.0014150371253944336,1,1920,0.9899506967351974,0.0005585585974334369,0.0010440994552585554,0.007019805394259575,0.0014268398178510205,1,0.0008709914062030588,0.00021688855346926124,-0.0014431900693211383,0.0003435074171920828,1.1802692456586855e-05,0.0017339151063874778,3,0.07122907887067943,0.06551007959886909,-0.0057189992718103405
tm544792,miguel tavares_1998,1819,0.030238473841722086,0.012249139112757993,0.2227560390625493,0.6953263177632037,0.03943003021976683,4,1920,0.01188052219786446,0.0063716581680624464,0.4486170476363351,0.5264299736875414,0.00670079831019662,4,-0.018357951643857624,-0.005877480944695547,0.2258610085737858,-0.16889634407566234,-0.03272923190957021,0.28268485882145467,3,0.8743755674421854,0.8158020261898642,-0.05857354125232117
tm55994,ukra_1988,1819,0.034508263682544726,0.00812923335538921,0.539817673453321,0.3362647988516274,0.08128003065711778,3,1920,0.1532603688588677,0.06929668938938824,0.2835430775649285,0.4409652288461141,0.05293463534070151,4,0.11875210517632298,0.06116745603399903,-0.25627459588839246,0.1047004299944867,-0.02834539531641627,0.3073798443298925,3,1.0585861061534587,1.3464271143457245,0.28784100819226577
tm56183,bruno moreira_1987,1819,0.0015725151787319236,0.937185832204091,0.018533542053113514,0.00445020710536486,0.03825790345869852,2,1920,0.0009876019630727926,0.956992884265178,0.013905675454202671,0.001602277235810968,0.026511561081735354,2,-0.000584913215659131,0.019807052061087016,-0.004627866598910842,-0.0028479298695538923,-0.011746342376963165,0.020547245280564397,2,0.29381242620052467,0.2149107009441757,-0.07890172525634898
tm58175,zequinha_1987,1819,0.005377279170050502,0.04608249373583245,0.8798076336314231,0.03305790480425542,0.035674688658438584,3,1920,0.0007712663627776407,0.005300145286814371,0.9900151132037734,0.003198073919731464,0.000715401226903216,3,-0.004606012807272861,-0.04078234844901808,0.11020747957235033,-0.029859830884523954,-0.03495928743153537,0.12133306784689933,3,0.5141968438162743,0.0667907857577658,-0.44740605805850847
tm58965,ruben lima_1989,1819,0.851343327920064,0.0011399450116097117,0.03125766968355636,0.09983875230372469,0.016420305081045236,1,1920,0.564558395870941,0.002570124638678124,0.020059116919390104,0.3898445438114945,0.02296781875949621,1,-0.2867849320491229,0.0014301796270684121,-0.011198552764166255,0.29000579150776984,0.006547513678450974,0.40801520726101087,4,0.5505865849440075,0.8704138794291266,0.31982729448511915
tm595012,ibrahima camara_1999,1819,0.10133209821221785,0.014037695283258997,0.17518503360960364,0.6478954078086331,0.06154976508628645,4,1920,0.024845829249042252,0.00555810422564021,0.020702549628606022,0.8965487926362726,0.052344724260438825,4,-0.07648626896317559,-0.008479591057618786,-0.15448248398099762,0.24865338482763955,-0.009205040825847624,0.30268035358706896,4,1.0498254006904486,0.45325885586657855,-0.5965665448238701
tm60410,marcos acuna_1991,1819,0.11576591328383731,0.003771451743889132,0.14383108200160138,0.6312561761855972,0.10537537678507511,4,1920,0.4550593205628071,0.0039106259881958,0.1289569653874784,0.3764272618309501,0.03564582623056854,1,0.33929340727896984,0.00013917424430666837,-0.014874116614122995,-0.25482891435464705,-0.06972955055450657,0.42459280555452394,1,1.0770874167225615,1.1307294490485167,0.05364203232595521
tm606050,pedro pelagio_2000,1819,0.02995178561284901,0.004188946514919601,0.038770940566429164,0.9191811271428544,0.007907200162947799,4,1920,0.0008989103014030762,0.00011044412229404535,0.001419638705425518,0.997154679200817,0.00041632767006037136,4,-0.029052875311445934,-0.004078502392625556,-0.03735130186100365,0.07797355205796264,-0.007490872492887428,0.09130004554695853,4,0.36975244626046894,0.022702558914186176,-0.3470498873462828
tm60799,wilson eduardo_1990,1819,0.010029391494056811,0.36346093352321285,0.5177032707949268,0.013660992229938034,0.09514541195786537,3,1920,0.028953998038174007,0.21058239750941035,0.2446328815908304,0.029973643581556214,0.4858570792800289,5,0.018924606544117196,-0.1528785360138025,-0.27307038920409643,0.01631265135161818,0.39071166732216356,0.3139482880360543,3,1.0373066651428104,1.2309025471175137,0.19359588197470323
tm61743,andre santos_1989,1819,3.592849350945391e-40,1.2514245404177823e-41,3.598595746717516e-40,1.0,2.1427591502109046e-41,4,1920,0.015997653909160612,0.003070753250480343,0.17996613643859835,0.7975580058328274,0.0034074505689330806,4,0.015997653909160612,0.003070753250480343,0.17996613643859835,-0.20244199416717257,0.0034074505689330806,0.2713594032333141,4,1.1052408446371418e-10,0.5923302919394582,0.5923302918289342
tm63837,andre andre_1989,1819,0.006418512636206372,0.0062249857383750275,0.060435065458794596,0.9242856034296149,0.0026358327370091077,4,1920,0.009849239876562048,0.01318181624190506,0.5708691877552816,0.3831308541382463,0.02296890198800493,3,0.003430727240355676,0.006956830503530032,0.510434122296487,-0.5411547492913685,0.020333069250995824,0.7439432930440609,4,0.3220400652853924,0.8768399012067295,0.5547998359213371
tm64339,pizzi_1989,1819,0.009558522990985889,0.14910523870969128,0.34735772619136335,0.032300323937731766,0.4616781881702277,5,1920,0.009902513828613988,0.05335338684664162,0.16806515902583977,0.013224479160951876,0.7554544611379529,5,0.00034399083762809944,-0.09575185186304966,-0.17929256716552358,-0.019075844776779892,0.2937762729677252,0.20415251151933292,3,1.1632106977682446,0.7708582224691307,-0.3923524752991139
tm67815,rafik halliche_1986,1819,0.9991323020432971,6.697652772968109e-06,7.068961975215338e-05,0.0007449853330641595,4.532535111371218e-05,1,1920,0.8982084675638022,0.005168804061990092,0.0048323786953922915,0.06984159013001198,0.02194875954880339,1,-0.10092383447949482,0.005162106409217123,0.004761689075640138,0.06909660479694782,0.021903434197689677,0.12251237564402713,1,0.007441532435948306,0.41911652627181595,0.41167499383586764
tm68275,claudemir de souza_1988,1819,0.10379085968253723,0.0016029870306772703,0.05088112133401517,0.8364714675132996,0.007253564439470839,4,1920,0.005085539624974436,0.0007125670705902324,0.0015676867751292195,0.9908046468763683,0.0018295596529379048,4,-0.0987053200575628,-0.0008904199600870379,-0.049313434558885955,0.15433317936306867,-0.005424004786532934,0.18972105348557888,4,0.5820751902382879,0.06283251732480388,-0.519242672913484
tm72855,diogo viana_1990,1819,0.1762414802467419,0.00627547409323335,0.18317147367691267,0.5677581971912996,0.06655337479181242,4,1920,0.13301257149190132,0.021544003396571157,0.09535245570697226,0.6829649729841762,0.06712599642037897,4,-0.04322890875484059,0.015268529303337806,-0.0878190179699404,0.11520677579287664,0.0005726216285665553,0.15194290916333042,4,1.150392204897063,1.016843493423934,-0.13354871147312886
tm74418,jackson martinez_1986,1819,2.8013432786554344e-05,0.9992923151857286,0.0002960921109756155,8.759328423494377e-05,0.0002959859862744391,2,1920,0.0015221830303378682,0.9092990594672327,0.060233610980230626,0.01628535953321781,0.012659786988980907,2,0.0014941695975513138,-0.08999325571849592,0.05993751886925501,0.016197766248982864,0.012363801002706468,0.10934300351307272,2,0.006630107274413774,0.38792993832819783,0.38129983105378407
tm75116,lionn_1989,1819,0.5480967279095595,0.0032307393658488844,0.13210041650078164,0.21143580556536865,0.10513631065844141,1,1920,0.9961603044038606,8.605716717644541e-05,0.0002338413046691204,0.0032238927132713087,0.0002959044110224672,1,0.44806357649430106,-0.003144682198672439,-0.13186657519611253,-0.20821191285209734,-0.10484040624741894,0.5113822952688882,1,1.180853035158536,0.027493339190449176,-1.1533596959680867
tm83466,andre almeida_1990,1819,0.7313734083620874,0.0023452466724716244,0.09946085326858786,0.1365265943539386,0.030293897342914586,1,1920,0.7226277506905509,0.010113927309430643,0.1411952505906506,0.08515541363263984,0.04090765777672812,1,-0.008745657671536566,0.0077686806369590185,0.041734397322062744,-0.05137118072129876,0.010613760433813534,0.06721307205806698,4,0.850341085541372,0.8981410456517471,0.04779996011037513
tm84511,silvio_1987,1819,0.8907234574488566,0.0009423727612460541,0.0191762044721519,0.08343134173680608,0.005726623580939443,1,1920,0.9908320312807125,0.00023295727260619025,0.0008413291416803528,0.006740140094829046,0.0013535422101718848,1,0.1001085738318559,-0.0007094154886398638,-0.018334875330471546,-0.07669120164197704,-0.004373081370767558,0.12743601487671363,1,0.4222510752561268,0.05967016969856553,-0.3625809055575613
tm84711,joao aurelio_1988,1819,0.8260883224905866,0.0026356678708838624,0.03209139810729451,0.11309519620626295,0.026089415324972155,1,1920,0.9748842154110593,0.0007412491554811458,0.006008252975318206,0.01153709762731365,0.006829184830827612,1,0.14879589292047268,-0.0018944187154027166,-0.0260831451319763,-0.10155809857894929,-0.01926023049414454,0.18203896401379943,1,0.6254687892894385,0.1464047237607184,-0.4790640655287201
tm89297,rodrigo battaglia_1991,1819,0.027276873049622598,0.003321396438475636,0.027230552120372637,0.9293913510225416,0.012779827368987471,4,1920,0.0001782093553611135,7.938614276373809e-05,0.000504460163098459,0.9991542822837743,8.366205500229005e-05,4,-0.027098663694261484,-0.0032420102957118977,-0.026726091957274177,0.06976293126123279,-0.01269616531398518,0.07953614759491658,4,0.3390966209643879,0.007748613366573145,-0.3313480075978148
tm95429,osama rashid_1992,1819,0.02591428700894947,0.010519203022508935,0.7571238894174347,0.19814181016550145,0.008300810385605558,3,1920,0.10716668245350389,0.007385329915449985,0.42007934307058503,0.45546119292576226,0.009907451634698826,4,0.08125239544455441,-0.00313387310705895,-0.33704454634684966,0.2573193827602608,0.0016066412490932675,0.4317685304563137,3,0.7137464878855292,1.0438443649188922,0.330097877033363
tm96140,jorge correa_1993,1819,0.0003330435211544977,0.00026340767357965994,0.9968138167239992,0.002476496977313041,0.00011323510395372617,3,1920,0.005176097555579337,0.12322192377866455,0.8498579788593407,0.015036393556110155,0.0067076062503051495,3,0.004843054034424839,0.12295851610508489,-0.1469558378646585,0.012559896578797114,0.006594371146351423,0.192083370284152,3,0.023908911114452393,0.5201839040274698,0.49627499291301747
tm9819,ricardo costa_1981,1819,0.9953419702391877,7.903787168524477e-05,0.0006520862391917638,0.0036716613120691484,0.0002552443378663286,1,1920,0.9890653765054743,0.00037645501732574727,0.0005408716602263443,0.009204887760775856,0.0008124090561977433,1,-0.006276593733713365,0.0002974171456405025,-0.00011121457896541955,0.005533226448706708,0.0005571647183314147,0.008373353537971076,1,0.03287611620131636,0.06684488107128182,0.03396876486996546
carlos_1995,carlos_1995,1920,0.008984136494457938,0.28815407974255625,0.6339319763606828,0.0368676591680784,0.03206214823422468,3,2021,0.0010259576097759575,0.9429459328120402,0.04879144618355904,0.0018308228227885786,0.0054058405718361395,2,-0.00795817888468198,0.654791853069484,-0.5851405301771238,-0.035036836345289826,-0.02665630766238854,0.8788815184166642,2,0.9218044171747877,0.2495749608659177,-0.67222945630887
diederrick joel_1993,diederrick joel_1993,1920,0.0008474047624973979,0.9653440417334096,0.01910038166741637,0.0033578090579738456,0.011350362778702864,2,2021,0.00037625288357985397,0.9196236200504034,0.07667087466151415,0.000531866265313035,0.0027973861391895486,2,-0.0004711518789175439,-0.04572042168300616,0.05757049299409778,-0.002825942792660811,-0.008552976639513314,0.07357259380513753,3,0.1856028735874382,0.29738737799441145,0.11178450440697324
goncalo rodrigues_1997,goncalo rodrigues_1997,1920,0.006139930885726868,0.03089199506972981,0.8914649784436692,0.06350250485297461,0.008000590747899421,3,2021,0.006019883809880312,0.0022447977855870366,0.8050220475386344,0.18412771260796265,0.0025855582579355605,3,-0.00012004707584655546,-0.028647197284142775,-0.08644293090503485,0.12062520775498804,-0.005415032489963861,0.15114065426920606,4,0.454793983816749,0.5460383242036031,0.09124434038685408
jose luis garcia vaya_1998,jose luis garcia vaya_1998,1920,0.17145882122315323,0.0021399567937981727,0.0950125853989769,0.7182731911677278,0.013115445416343914,4,2021,0.2632060920362143,0.001090289920470658,0.009557350742809972,0.714198474834702,0.011947792465803141,4,0.09174727081306108,-0.0010496668733275148,-0.08545523465616693,-0.004074716333025807,-0.0011676529505407728,0.12545064346397475,1,0.8336645816363826,0.6965059141167975,-0.13715866751958505
lamine diaby_1996,lamine diaby_1996,1920,0.04184609777393859,0.04207445507353358,0.3390298985013644,0.34210692137609505,0.23494262727506843,4,2021,0.11077517904153637,0.0477627974091969,0.08662866908576963,0.23227347570689863,0.5225598787565985,5,0.06892908126759778,0.0056883423356633225,-0.25240122941559473,-0.10983344566919642,0.28761725148153006,0.28381920632859714,3,1.3400808772756534,1.2791404551935546,-0.06094042208209882
pedro rodrigues_1997,pedro rodrigues_1997,1920,0.09800054686196424,0.019448558481486883,0.6627923476117275,0.18236650226025605,0.03739204478456539,3,2021,0.0352667308539091,0.00011462633590984779,0.005489054134445735,0.9574349332072258,0.0016946554685095224,4,-0.06273381600805514,-0.019333932145577035,-0.6573032934772817,0.7750684309469698,-0.03569738931605587,1.0183751886558419,4,1.0100842911383632,0.20002973149869446,-0.8100545596396687
rui filipe cunha correia_1995,rui filipe cunha correia_1995,1920,0.008377745243249099,0.006415409453739367,0.02706150431705906,0.9419696892175409,0.016175651768411407,4,2021,0.056894858403789515,0.007904897352290585,0.11325183359828929,0.7920698346450544,0.02987857600057621,4,0.048517113160540415,0.001489487898551218,0.08619032928123023,-0.14989985457248645,0.013702924232164803,0.1795964033773842,4,0.2931633715642322,0.7375604725198913,0.4443971009556591
thibang phete_1994,thibang phete_1994,1920,0.06997304520679525,0.0005225903309178608,0.0029143532501849077,0.9244270706711295,0.002162940540972385,4,2021,0.5101683544573749,0.00031834049377911554,0.007319576404905596,0.4810509103231834,0.0011428183207569515,1,0.4401953092505796,-0.00020424983713874525,0.004405223154720689,-0.4433761603479461,-0.0010201222202154334,0.624798989724007,4,0.29298177888960186,0.7416721696147697,0.4486903907251678
tm102427,sebastian coates_1990,1920,0.9870359198587415,0.0021329604520527634,0.002675713421367751,0.006216604919659359,0.0019388013481786402,1,2021,0.9947571218318139,0.00017719731320399784,0.001574028890210659,0.0027021692123390608,0.000789482752432285,1,0.007721201973072356,-0.0019557631388487655,-0.0011016845311570922,-0.003514435707320298,-0.0011493185957463553,0.008775359622906332,1,0.08554040181261255,0.038538739209169816,-0.04700166260344273
tm109256,haris seferovic_1992,1920,0.009754107460342182,0.7038960247472954,0.046517156877637376,0.006184990227112679,0.2336477206876124,2,2021,0.005517985008219232,0.5207697089956791,0.03099412338222314,0.0024986075102754477,0.4402195751036032,2,-0.00423612245212295,-0.1831263157516163,-0.015523033495414236,-0.0036863827168372313,0.20657185441599082,0.18386882889882342,2,0.8061934846103218,0.8523029817261631,0.046109497115841336
tm111200,fabio pacheco_1988,1920,0.12347571537102427,0.003825012597780921,0.02423893562797873,0.8054733811335515,0.042986955269664597,4,2021,0.6059220129571121,0.00045831623155648753,0.003925274479094525,0.37450127678124867,0.015193119550988165,1,0.48244629758608787,-0.0033666963662244338,-0.020313661148884207,-0.4309721043523028,-0.027793835718676434,0.6472367142383614,1,0.6792481146480616,0.7602725962209065,0.08102448157284492
tm111828,fransergio_1990,1920,0.0062195015429269635,0.01975194773362034,0.4586255629814015,0.502947551486418,0.012455436255633247,4,2021,0.005333186762463237,0.04039249009955601,0.9403986609195945,0.010939202569119582,0.0029364596492665786,3,-0.0008863147804637267,0.020640542365935672,0.48177309793819295,-0.49200834891729844,-0.009518976606366669,0.6889153437428577,4,0.8669053841234574,0.2818417463422158,-0.5850636377812416
tm112465,sergio oliveira_1992,1920,0.0789314136388824,0.023459102166744787,0.5386053304272024,0.09223125353719848,0.26677290022997197,3,2021,0.020864793422339302,0.03839672031152544,0.7578918378330785,0.08492265891922657,0.09792398951383018,3,-0.058066620216543095,0.014937618144780652,0.21928650740587607,-0.007308594617971911,-0.16884891071614178,0.22745296811597934,3,1.1940564998574472,0.8529571146704572,-0.34109938518699
tm113504,nikola stojiljkovic_1992,1920,0.0035589558729987167,0.8628066332183811,0.06514777092331653,0.0119271272108675,0.05655951277443616,2,2021,0.0009307357897492692,0.9570224141556454,0.03681036707300493,0.00097882191943715,0.004257661062163254,2,-0.0026282200832494474,0.09421578093726424,-0.028337403850311596,-0.01094830529143035,-0.052301851712272904,0.0990272425353477,2,0.5406006675158777,0.20010870659964386,-0.3404919609162338
tm118323,ricardo alves_1991,1920,0.9439533866519425,0.011801637575032121,0.0035729904441279005,0.031729591791168923,0.008942393537728561,1,2021,0.8945655744734411,0.008893049884856905,0.03832579890549301,0.030016121897214813,0.028199454838994144,1,-0.04938781217850141,-0.0029085876901752163,0.03475280846136511,-0.0017134698939541108,0.01925706130126558,0.060483961090194716,1,0.2786348392462368,0.4725373864500482,0.19390254720381145
tm122946,jardel_1986,1920,0.8482402946823324,0.012864672686558517,0.008130227082517368,0.11497759050835278,0.01578721504023893,1,2021,0.881663472826905,0.0008978421535660227,0.003399314643292847,0.1061124942142187,0.007926876162017442,1,0.03342317814457263,-0.011966830532992495,-0.004730912439224522,-0.008865096294134081,-0.007860338878221488,0.0368956004843542,1,0.5489331194488772,0.413045785636656,-0.13588733381222123
tm124548,bebeto_1990,1920,0.5147557555770923,0.004236988591606512,0.03568955860934511,0.12067700268313296,0.32464069453882316,1,2021,0.26788525814234176,0.0014408802909862321,0.01443055234094791,0.626882436985056,0.08936087224066809,4,-0.24687049743475054,-0.00279610830062028,-0.021259006268397204,0.506205434301923,-0.23527982229815508,0.5636033603427398,4,1.1043509364223543,0.9320117811871524,-0.17233915523520182
tm125165,jesus corona_1993,1920,0.2764378042833676,0.025243168379093357,0.3289681439150988,0.24070142166891248,0.12864946175352773,3,2021,0.007248448832340459,0.006383886893959507,0.9224034798749117,0.054111555903074135,0.009852628495714102,3,-0.2691893554510272,-0.01885928148513385,0.5934353359598128,-0.18658986576583836,-0.11879683325781364,0.6780854352944947,3,1.4206781611118644,0.3458286611412648,-1.0748494999705995
tm126956,edgar costa_1987,1920,0.005660702141220673,0.0051909181786082975,0.8097078705965481,0.17049864459254063,0.0089418644910821,3,2021,0.023745573386638012,0.0022695005747359145,0.09223610938386825,0.865195933866897,0.016552882787860965,4,0.018084871245417338,-0.002921417603872383,-0.7174717612126799,0.6946972892743564,0.007611018296778866,0.9988521657940894,3,0.5713085543473789,0.5156363618789894,-0.0556721924683895
tm127031,pierre sagna_1990,1920,0.9810202869936174,0.0003649724038312814,0.0013464017340067515,0.015186935592646994,0.002081403275897316,1,2021,0.6028284089052258,0.0015716511089517824,0.026625721640638447,0.26515990799753797,0.10381431034764603,1,-0.3781918780883916,0.001206678705120501,0.025279319906631695,0.24997297240489097,0.10173290707174872,0.45404414286873085,1,0.10703222428484772,0.9989270217663373,0.8918947974814896
tm129670,luiz carlos_1985,1920,0.00034099278509478777,4.058259110510179e-05,0.0004452843425364321,0.9990259146182499,0.00014722566301391315,4,2021,0.05335252674735049,0.012892990760057128,0.5577128650162216,0.35493445643951727,0.021107161036853575,3,0.053011533962255705,0.012852408168952027,0.5572675806736852,-0.6440914581787326,0.020959935373839663,0.8534496880879863,4,0.008841576935834048,0.9872038233289685,0.9783622463931344
tm131015,marco baixinho_1989,1920,0.9740803406823233,0.0023906057269386873,0.00170424044318048,0.018542398609675492,0.0032824145378821403,1,2021,0.998047275730948,1.0770279683314596e-05,7.285401416201855e-05,0.0016991194882307575,0.0001699804869760194,1,0.023966935048624682,-0.0023798354472553728,-0.0016313864290184615,-0.016843279121444735,-0.0031124340509061208,0.029435269076818187,1,0.1435890543235372,0.015079881025001176,-0.128509173298536
tm131933,diego lopes_1994,1920,0.0027421871981610463,0.01819039280055816,0.9655794639901059,0.008975114257073202,0.004512841754101849,3,2021,0.005398093001464218,0.00860617206077291,0.9522651632598804,0.016882886787582783,0.01684768489029966,3,0.002655905803303172,-0.009584220739785251,-0.013314300730225437,0.007907772530509581,0.01233484313619781,0.018404200421482938,3,0.18955926763442976,0.2533939182740334,0.06383465063960364
tm137192,zainadine junior_1988,1920,0.9781466761882945,0.0022769535076273893,0.0018491935515461172,0.015595059816448252,0.0021321169360837664,1,2021,0.9960583970690271,1.5060380249425974e-05,0.00012536389337200783,0.0037018800738833216,9.9298583468104e-05,1,0.017911720880732562,-0.0022618931273779633,-0.0017238296581741095,-0.01189317974256493,-0.0020328183526156624,0.0216879048897838,1,0.12510666512978455,0.026869134803099118,-0.09823753032668543
tm139395,ricardo esgaio_1993,1920,0.8579455126766625,0.0018575575605692515,0.0490991066180128,0.06477973173098193,0.026318091413773535,1,2021,0.11304762927012893,0.0010101461257972805,0.010553108594639114,0.8673649589304444,0.008024157078990216,4,-0.7448978834065336,-0.000847411434771971,-0.03854599802337368,0.8025852271994625,-0.018293934334783317,1.095674411352252,4,0.5641303605549195,0.46357714651653764,-0.10055321403838186
tm141050,danilo pereira_1991,1920,0.04773417039573385,0.013870927152255366,0.104397501886487,0.8272504329334542,0.006746967632069447,4,2021,0.09503729236403102,0.003117735763887775,0.11465798507712799,0.7746695616757316,0.012517425119221572,4,0.047303121968297175,-0.01075319138836759,0.01026048319064099,-0.052580871257722595,0.005770457487152126,0.07227200018339804,4,0.6310551353012425,0.7426086237984241,0.11155348849718161
tm14132,pepe_1983,1920,0.9783336637401642,0.001982405008134717,0.0015135442727061978,0.01648172354512306,0.001688663433872032,1,2021,0.9959434739033499,4.85338634005827e-05,0.0004409509050907472,0.0032731016368132155,0.00029393969134538616,1,0.017609810163185746,-0.0019338711447341342,-0.0010725933676154506,-0.013208621908309846,-0.001394723742526646,0.022123820213444396,1,0.12204108211365343,0.029056528807885545,-0.09298455330576788
tm145918,diogo salomao_1988,1920,0.15482800326616247,0.014849091674813061,0.10306736100145261,0.5283340595728331,0.19892148448473865,4,2021,0.1902648591649853,0.0010777878951263033,0.05435219000313811,0.7432080178030855,0.011097145133664877,4,0.03543685589882284,-0.013771303779686758,-0.0487151709983145,0.21487395823025246,-0.18782433935107376,0.22358310619256913,4,1.2438603237473194,0.751884131190425,-0.4919761925568944
tm148489,mikel agu_1993,1920,0.2659485295883414,0.013287433271898698,0.0630811155092378,0.31023915814636804,0.3474437634841541,5,2021,0.5163468643208269,0.0010879456563991615,0.0073251942689906285,0.4416863401312234,0.033553655622559894,1,0.25039833473248546,-0.012199487615499535,-0.05575592124024717,0.13144718198485533,-0.3138901078615942,0.2885051783590563,1,1.3143731289311995,0.8595584430159255,-0.45481468591527396
tm154990,rene santos_1992,1920,0.5358648065314392,0.002408532582303927,0.005889348155989052,0.45269439907072256,0.0031429136595452875,1,2021,0.17651445923597547,0.00017779709253711086,0.0037080431440774937,0.8187021892550032,0.0008975112724068822,4,-0.3593503472954637,-0.0022307354897668163,-0.0021813050119115587,0.3660077901842806,-0.002245402387138405,0.5129367493651932,4,0.7559605849362011,0.4984942303007426,-0.2574663546354585
tm155025,fabio cardoso_1994,1920,0.972872898942712,0.002059162239245247,0.00214892631907034,0.02091783651752535,0.0020011759814469432,1,2021,0.9635673075311534,0.0015044124220719105,0.008427156047485472,0.022601397075744212,0.003899726923544827,1,-0.009305591411558622,-0.0005547498171733366,0.006278229728415132,0.0016835605582188606,0.0018985509420978838,0.011364520383829367,1,0.14602086609844167,0.19307380469045216,0.047052938592010485
tm157036,dyego sousa_1989,1920,0.004784748464164421,0.025568965564452872,0.018740233847639932,0.01125662196092924,0.9396494301628137,5,2021,0.024574162613530733,0.3148749847389241,0.6225194278379521,0.018635699041392367,0.019395725768200596,3,0.019789414149366313,0.28930601917447124,0.6037791939903122,0.007379077080463127,-0.9202537043946131,0.6698457729336695,3,0.3028364520977582,0.9006899867741744,0.5978535346764162
tm157387,anthony d alberto_1994,1920,0.9725014567801471,0.0007076640306769073,0.0016579893926371146,0.017165998397958026,0.007966891398580884,1,2021,0.4091042614824324,0.0007485497024379126,0.010795212759393604,0.5582959781740275,0.021055997881708692,4,-0.5633971952977147,4.0885671761005274e-05,0.00913722336675649,0.5411299797760695,0.013089106483127808,0.781230788694527,1,0.1511411758118359,0.8266266187881727,0.6754854429763368
tm159142,aderlan santos_1989,1920,0.9789590456440532,0.0010343322936944457,0.0012901249252768724,0.016741077561042213,0.0019754195759332295,1,2021,0.9997875124424285,7.670158176961727e-07,6.337240418894353e-06,0.0001986984076128096,6.684893722012462e-06,1,0.020828466798375245,-0.0010335652778767496,-0.001283787684857978,-0.016542379153429404,-0.001968734682211217,0.026649422230702508,1,0.11728129615734345,0.0020724209956814537,-0.11520887516166199
tm164705,raul silva_1989,1920,0.7800900757147509,0.022031609280668107,0.040875695295401915,0.07455774297150115,0.08244487673767789,1,2021,0.9494515666665203,7.341099745582538e-05,0.0005394977126813541,0.049436258049458275,0.0004992665738841021,1,0.16936149095176944,-0.02195819828321228,-0.040336197582720563,-0.02512148492204288,-0.08194561016379379,0.17726695949717153,1,0.8077943792410098,0.2064612113329366,-0.6013331679080732
tm167291,gabriel_1993,1920,0.05071897015801817,0.008112568196818597,0.21564652300601,0.6981330609934894,0.02738887764566396,4,2021,0.2480602260115421,0.00902833765285103,0.2531950689155796,0.4096813045479413,0.08003506287208595,4,0.1973412558535239,0.0009157694560324326,0.037548545909569575,-0.28845175644554805,0.05264618522642199,0.3515092018596205,4,0.870505249794107,1.3038055303909337,0.4333002805968267
tm168530,douglas tanque_1993,1920,0.003026622954617817,0.7262680490804416,0.07864060945201228,0.012230910556055756,0.1798338079568725,2,2021,2.275288871123329e-05,0.9976122730108954,0.0021141833926697357,2.322803071484425e-05,0.00022756267700896836,2,-0.003003870065906584,0.27134422393045377,-0.07652642605934254,-0.012207682525340912,-0.17960624527986355,0.2822091998745764,2,0.8122219079476005,0.01780622143073111,-0.7944156865168694
tm172181,diogo figueiras_1991,1920,0.9642023875596191,0.00032115253731534543,0.005020896854940882,0.026950089255124998,0.0035054737929996736,1,2021,0.752424491854571,0.00011644314735305811,0.004968110674275373,0.2409647617675669,0.0015261925562336787,1,-0.211777895705048,-0.0002047093899622873,-5.278618066550944e-05,0.2140146725124419,-0.001979281236765995,0.30108504089738697,4,0.1815230152112536,0.59425518110376,0.4127321658925064
tm176485,lucas piazon_1994,1920,0.0015951107333394172,0.031175021510512376,0.9587761171974625,0.007204987682394437,0.0012487628762913223,3,2021,0.012206469025743074,0.09723215592773098,0.8410021545294004,0.015513726066293492,0.03404549445083197,3,0.010611358292403656,0.0660571344172186,-0.11777396266806206,0.008308738383899054,0.03279673157454065,0.13570514856958965,3,0.20264614834624559,0.6057288266108793,0.40308267826463373
tm176997,anderson carvalho_1990,1920,0.1094841726553468,0.00419422182373724,0.01764570839520167,0.8358016972911149,0.032874199834599466,4,2021,0.13543060690544106,0.0030469736511916277,0.03580795469076233,0.8056607444237917,0.020053720328813314,4,0.02594643425009427,-0.001147248172545612,0.018162246295560663,-0.030140952867323212,-0.012820479505786152,0.04373645914925762,4,0.5985562626986803,0.6601385567784542,0.06158229407977389
tm177964,yusupha njie_1994,1920,0.007296193348911585,0.445531108224744,0.3434087380888821,0.08151578995149909,0.1222481703859632,2,2021,0.003635904439961474,0.882792134234873,0.06819330738777216,0.002668483478407706,0.04271017045898559,2,-0.0036602889089501107,0.437261026010129,-0.27521543070111,-0.07884730647309139,-0.0795379999269776,0.5226576638837191,2,1.2244396945598908,0.4640959938465889,-0.7603437007133018
tm179860,andraz sporar_1994,1920,1.2902667197893093e-05,0.9992592349746221,0.0005654015005379022,4.78829055461212e-05,0.000114577952095813,2,2021,0.00013944851539932703,0.9927323736017415,0.0037953544593300704,8.682535923252663e-05,0.0032459980642965164,2,0.00012654584820143394,-0.00652686137288061,0.0032299529587921684,3.894245368640543e-05,0.0031314201122007034,0.007283546242264642,2,0.006629796745208427,0.049046976329268174,0.042417179584059744
tm182711,carlos mane_1994,1920,0.04503948244079961,0.03831320815225238,0.7378441501587206,0.13064981929897432,0.04815333994925311,3,2021,0.006240016565107018,0.011916397077034981,0.9480335593049449,0.027557508412020107,0.006252518640892937,3,-0.03879946587569259,-0.026396811075217397,0.2101894091462243,-0.10309231088695421,-0.041900821308360175,0.23876725585479902,3,0.9008993141873819,0.26576139090244943,-0.6351379232849325
tm182882,franck yves bambock_1995,1920,0.05829699701929799,0.017392773279178375,0.08272826070890876,0.8188702908296329,0.022711678162982026,4,2021,0.1331682817387133,0.001372313391892918,0.03681395634369505,0.8203761275088584,0.008269321016840456,4,0.07487128471941532,-0.016020459887285458,-0.04591430436521371,0.0015058366792254363,-0.01444235714614157,0.08929028670567622,1,0.6919325772562704,0.6011678660318883,-0.09076471122438212
tm182936,filipe ferreira_1990,1920,0.9775877461069813,0.0005229988339190705,0.0019376075610946348,0.016927111454672707,0.0030245360433322887,1,2021,0.8749419020103139,0.00015988002690739105,0.003747258987189586,0.11738048008718567,0.00377047888840351,1,-0.10264584409666744,-0.00036311880701167944,0.0018096514260949512,0.10045336863251296,0.0007459428450712212,0.14363305773215604,1,0.1248021093417834,0.4117323869396545,0.28693027759787115
tm183945,eber bessa_1992,1920,0.016702742578362552,0.011788428378760075,0.8180842590390088,0.06392786317765542,0.08949670682621312,3,2021,0.026983810751416152,0.01936783669414119,0.14733882419315422,0.5922116326185622,0.21409789574272634,4,0.0102810681730536,0.007579408315381113,-0.6707454348458546,0.5282837694409068,0.12460118891651321,0.8539006541831655,3,0.6767685958650926,1.0962741052503262,0.41950550938523357
tm187211,ygor nogueira_1995,1920,0.9654278044291708,0.0018779061429205453,0.0018154373796080072,0.02553354393813037,0.005345308110170424,1,2021,0.994204795333602,3.688371359995918e-06,3.0267324916732385e-05,0.005733983010010878,2.7265960110263832e-05,1,0.0287769909044312,-0.0018742177715605495,-0.0017851700546912747,-0.019799560928119492,-0.00531804215006016,0.03502623792015683,1,0.17882945281156887,0.036021093107210356,-0.1428083597043585
tm190185,marcelo ferreira_1989,1920,0.86647662242591,0.0026553174024609117,0.0067511878683025805,0.11191144981772636,0.012205422485600276,1,2021,0.9917722496898007,5.347025909690917e-06,4.275829147964224e-05,0.00811302789389701,6.66170989131332e-05,1,0.12529562726389076,-0.002649970376551221,-0.0067084295768229385,-0.10379842192382935,-0.012138805386687143,0.16286537991762687,1,0.4725423785161583,0.04838791073874269,-0.4241544677774156
tm190543,dener_1992,1920,0.03158953611555647,0.10207597654042755,0.7206815163829344,0.11821110119936931,0.02744186976171224,3,2021,0.3396065499563722,0.007593399973944974,0.16851845697112483,0.46430236601723784,0.019979227081320237,4,0.3080170138408157,-0.09448257656648257,-0.5521630594118097,0.34609126481786856,-0.007462642680392002,0.7269557385785576,3,0.9292323445807659,1.138307644563997,0.20907529998323116
tm193082,alex grimaldo_1995,1920,0.7620708838364464,0.008383985632780415,0.06732210912502802,0.059410782079370145,0.10281223932637497,1,2021,0.34919174219519106,0.0035347492068689536,0.14297897435472637,0.4294735386440607,0.07482099559915281,4,-0.41287914164125533,-0.004849236425911461,0.07565686522969835,0.37006275656469056,-0.027991243727222156,0.559609779890395,1,0.8304228387733656,1.2224270631285652,0.39200422435519955
tm193303,nuno sequeira_1990,1920,0.440548239039057,0.006718311099384639,0.09640819139176841,0.28932295429828814,0.1670023041715017,1,2021,0.14658736176259143,9.555929706170924e-05,0.0020825893157196823,0.8491421447676165,0.002092344857010708,4,-0.2939608772764656,-0.00662275180232293,-0.09432560207604873,0.5598191904693284,-0.16490995931449098,0.6393369248176799,4,1.2779724049627417,0.4469777659380602,-0.8309946390246814
tm193994,yves baraye_1992,1920,0.004284620865506753,0.07495730817031161,0.8427142094696862,0.0644665005942057,0.013577360900289858,3,2021,0.004649016166995439,0.04875376797362524,0.9159895922807058,0.007344682280192843,0.023262941298480576,3,0.0003643953014886856,-0.026203540196686373,0.07327538281101953,-0.05712181831401285,0.009685580398190717,0.09653466815800246,3,0.5968922939687906,0.3762120683556327,-0.22068022561315792
tm194214,goncalo silva_1991,1920,0.9881089687834961,0.0002679003276018786,0.0008086523088190788,0.008486845692722693,0.0023276328873602565,1,2021,0.9984813812375445,2.2342583501056135e-05,0.00011410762072884644,0.0011305915050558635,0.00025157705316969625,1,0.010372412454048408,-0.00024555774410082244,-0.0006945446880902323,-0.0073562541876668296,-0.00207605583419056,0.012737507869277511,1,0.07436922152357456,0.012548733305632376,-0.061820488217942185
tm196792,julian weigl_1995,1920,0.0034920543501707146,0.00014778439210254632,0.001126342602382978,0.9949616644576528,0.00027215419769085895,4,2021,0.03489186310534558,0.00026955413430066784,0.005840823669944857,0.9570708681596565,0.0019268909307525379,4,0.03139980875517487,0.00012176974219812152,0.004714481067561879,-0.0378907962979963,0.001654736733061679,0.04943583309264971,4,0.0359651651736796,0.20337460308414868,0.16740943791046908
tm197981,pedrinho_1992,1920,0.03796395071647753,0.008470080424838667,0.859335606307658,0.08302567250518139,0.011204690045844306,3,2021,0.015860924532771485,0.0037856008204402605,0.6905142712172009,0.2712848705349517,0.018554332894635678,3,-0.022103026183706048,-0.004684479604398406,-0.16882133509045716,0.1882591980297703,0.007349642848791372,0.2538752783162991,4,0.5518119035740863,0.7704384196722567,0.2186265160981704
tm198007,francisco ramos_1995,1920,0.0005108088691111788,6.978351554817902e-05,0.0004401578911531716,0.9988818858741932,9.736384999416912e-05,4,2021,0.032105508804741,0.001246215782507799,0.15761476618828876,0.802095089176348,0.006938420048114484,4,0.03159469993562982,0.00117643226695962,0.1571746082971356,-0.19678679669784527,0.006841056198120314,0.2538277169752317,4,0.00995806987394835,0.621318803040241,0.6113607331662927
tm198053,lazar rosic_1993,1920,0.8879394728836093,0.02759031340605484,0.01068797752328521,0.04750731441780093,0.026274921769249653,1,2021,0.9945504571847195,3.171702515996931e-05,0.000163230164833293,0.004891926987340198,0.0003626686379470998,1,0.10661098430111016,-0.027558596380894872,-0.010524747358451917,-0.04261538743046073,-0.025912253131302552,0.1185420590378965,1,0.49346600785753225,0.03608558364734577,-0.4573804242101865
tm203348,chancel mbemba_1994,1920,0.9937251772162173,0.000697164773655617,0.000678724232230235,0.003946721954513681,0.0009522118233831091,1,2021,0.995560666823216,7.177119731621168e-05,0.00042100072849039083,0.003302263018672373,0.0006442982323049412,1,0.0018354896069986415,-0.0006253935763394054,-0.0002577235037398441,-0.0006444589358413082,-0.0003079135910781679,0.002059584411256861,1,0.04474278964644563,0.03198689276816668,-0.012755896878278952
tm207571,alex soares_1991,1920,1.4019653530087256e-40,2.0972725762958537e-41,2.6683333531060027e-40,1.0,3.073331697893599e-41,4,2021,0.08147733686822523,0.0013135745414009914,0.03199854231941374,0.8801702174001105,0.00504032887084964,4,0.08147733686822523,0.0013135745414009914,0.03199854231941374,-0.11982978259988952,0.00504032887084964,0.14840271361979257,4,1.1052408446371418e-10,0.46216504419545473,0.46216504408493064
tm211072,paulinho_1992,1920,0.0049301633939484255,0.5209552109229745,0.03963333474770613,0.0073246975559961465,0.4271565933793749,2,2021,7.58333984319068e-05,0.9864771222323658,0.012338374619653208,9.30383259941563e-05,0.0010156314235548753,2,-0.004854329995516519,0.46552191130939136,-0.027294960128052922,-0.00723165923000199,-0.42614096195582,0.4664027510344092,2,0.8931942579944264,0.07624172869003525,-0.8169525293043912
tm211107,joao afonso_1990,1920,0.9915066947144607,0.0010000192875337377,0.0006824258420178679,0.00547495269209707,0.00133590746389068,1,2021,0.9772753856454589,4.573426573681675e-05,0.00029010186420004976,0.02101978109840504,0.0013689971261990855,1,-0.01423130906900183,-0.000954285021796921,-0.0003923239778178182,0.01554482840630797,3.308966230840542e-05,0.02110062619936692,4,0.05769222742281071,0.11549564234333808,0.05780341492052737
tm212899,filipe augusto_1993,1920,0.07754493066989214,0.002574367554339721,0.04738127747020714,0.8426362054274925,0.029863218878068483,4,2021,0.03232795315696405,0.0007407309614630246,0.01217676223995851,0.946702871171417,0.008051682470197542,4,-0.04521697751292809,-0.0018336365928766963,-0.035204515230248624,0.10406666574392454,-0.02181153640787094,0.11881568116294207,4,0.6072434801534499,0.2606359360432301,-0.34660754411021977
tm214538,mateus uribe_1991,1920,0.07649695165438047,0.0011559075058584197,0.015119297475816883,0.9016278648061159,0.005599978557828347,4,2021,0.26103395854166545,0.00640523282228225,0.14698999862979104,0.5641576602033356,0.0214131498029257,4,0.18453700688728497,0.005249325316423831,0.13187070115397415,-0.3374702046027803,0.015813171245097353,0.40664171348335465,4,0.3902323087336762,1.0700265264983406,0.6797942177646644
tm224878,joao afonso crispim_1995,1920,0.03662365333082564,0.0006201056927546284,0.006260446358613105,0.9492143825079895,0.007281412109817061,4,2021,0.4173988419845087,0.0004020148773976675,0.0023972528220610185,0.5710936280281201,0.008708262287912497,4,0.3807751886536831,-0.00021809081535696092,-0.003863193536552086,-0.37812075447986937,0.0014268501780954363,0.5366377000272886,1,0.2427747887833155,0.7435291935322611,0.5007544047489456
tm225119,ruben macedo_1996,1920,0.021427534621247135,0.04110325763967587,0.6590691623547446,0.22968122063456525,0.048718824749767145,3,2021,0.0024007236107050707,0.004760829836184182,0.9582029284316982,0.026690365302326144,0.007945152819086244,3,-0.019026811010542065,-0.036342427803491686,0.29913376607695363,-0.2029908553322391,-0.040773671930680905,0.3638256298720289,3,0.9734079463719303,0.21597763963509828,-0.757430306736832
tm228940,joao novais_1993,1920,0.023457301946939478,0.027575145811899744,0.5445716583448088,0.27041035701689525,0.13398553687945666,3,2021,0.007818030162644533,0.006344778476055899,0.8709633683132713,0.09355300764913878,0.021320815398889647,3,-0.015639271784294945,-0.021230367335843846,0.32639170996846245,-0.1768573493677565,-0.11266472148056701,0.3721631170342965,3,1.1409704374214689,0.4940537441801919,-0.646916693241277
tm231289,otavio_1995,1920,0.05442163609350687,0.007150256701279486,0.21746215273670208,0.6535671668780676,0.067398787590444,4,2021,0.016980133420406718,0.0054722416721267805,0.69380601356011,0.24346266822025012,0.04027894312710637,3,-0.037441502673100154,-0.0016780150291527051,0.47634386082340785,-0.4101044986578175,-0.02711984446333763,0.6296775805286289,3,0.9852880721881747,0.8246706742315123,-0.1606173979566624
tm232577,jonatan lucca_1994,1920,0.0676851934583089,0.0019065523172907865,0.017652440146389718,0.886494267539554,0.026261546538456713,4,2021,0.15051740481703907,0.003376229357385983,0.40630019767107733,0.41785604095289963,0.021950127201597964,4,0.08283221135873017,0.0014696770400951964,0.3886477575246876,-0.4686382265866543,-0.00431141933685875,0.6144364914589889,4,0.467857347822893,1.118640916841412,0.650783569018519
tm235568,joao pedro_1993,1920,0.014342078627274745,0.01087200861088273,0.6130002852865453,0.35787588494762473,0.003909742527672618,3,2021,0.018183764308501167,0.002776405103754145,0.6238074928853629,0.3505005614917316,0.004731776210649999,3,0.0038416856812264217,-0.008095603507128585,0.010807207598817592,-0.007375323455893146,0.000822033682977381,0.01585838822771599,3,0.7994492952361113,0.7763868659468526,-0.023062429289258723
tm236886,costinha_1992,1920,0.051563757706568264,0.009049740490302978,0.20732906176112642,0.7026914606451455,0.02936597939685692,4,2021,0.013372308573461139,0.005728906894837208,0.6986048950802064,0.26843054078745227,0.013863348664043085,3,-0.038191449133107125,-0.003320833595465769,0.49127583331908,-0.4342609198576933,-0.015502630732813834,0.6568136003781148,3,0.8732205586305505,0.7501826351013899,-0.12303792352916054
tm237000,afonso figueiredo_1993,1920,0.4652877592592683,0.001533983611486227,0.02082255815781853,0.5033832408034249,0.00897245816800198,4,2021,0.5358960815728931,0.002483671846475712,0.027407821785746283,0.40525440640821786,0.028958018386666923,1,0.07060832231362485,0.0009496882349894849,0.006585263627927752,-0.09812883439520703,0.019985560218664943,0.12107465021423636,4,0.8343669787260686,0.9163897885680294,0.08202280984196086
tm238055,rafa silva_1993,1920,0.02475858988761447,0.15909632392276668,0.6341749207167157,0.05262277445630787,0.1293473910165953,3,2021,0.0054092825249663955,0.012048754113475526,0.9679781138698204,0.00795401783834857,0.0066098316533892525,3,-0.019349307362648074,-0.14704756980929115,0.3338031931531047,-0.0446687566179593,-0.12273755936320603,0.3679908328467381,3,1.0923539266562687,0.18460547845235875,-0.90774844820391
tm240262,tomislav strkalj_1996,1920,0.0003929242426034268,0.9877409381148988,0.0056350380216321815,0.0022536292056350594,0.003977470415230525,2,2021,0.05840369980233717,0.06236572381183443,0.7643863977796939,0.0468542429051561,0.06798993570097836,3,0.058010775559733746,-0.9253752143030644,0.7587513597580616,0.04460061369952104,0.06401246528574783,1.1989067428305529,2,0.08016760610022679,0.8705051309167371,0.7903375248165103
tm243779,adriano castanheira_1993,1920,0.07767238920129087,0.010071562675621702,0.14930305756153073,0.7354182395336291,0.027534751027927743,4,2021,0.058270642739339476,0.00973547195053973,0.19098895083819226,0.7116457561640923,0.029359178307836263,4,-0.01940174646195139,-0.0003360907250819726,0.04168589327666153,-0.023772483369536745,0.00182442727990852,0.05176277993478949,3,0.8536423584111106,0.8725954362177736,0.018953077806663
tm255755,alex telles_1992,1920,0.2462451326866939,0.025756937598439247,0.16431626063923188,0.07367725593395423,0.4900044131416808,5,2021,0.012777156093942787,0.04279430663248627,0.07421459289798914,0.049507634644192715,0.820706309731389,5,-0.23346797659275112,0.017037369034047022,-0.09010166774124274,-0.024169621289761516,0.3307018965897082,0.25199216091172255,1,1.2777846587831447,0.6945512583508269,-0.5832334004323179
tm257388,wilson manafa_1994,1920,1.0,7.038563714764165e-42,3.7209409885749216e-41,1.4019653530087256e-40,3.073331697893599e-41,1,2021,0.9470837350817076,5.96596357842551e-05,0.0012400952314304495,0.05098460940926351,0.0006319006418143507,1,-0.05291626491829238,5.96596357842551e-05,0.0012400952314304495,0.05098460940926351,0.0006319006418143507,0.07349219608212304,1,1.1052408446371418e-10,0.21676762113225959,0.2167676210217355
tm257455,joao palhinha_1995,1920,0.008452125613106846,0.001996132851221577,0.01640727761781633,0.9660633781975505,0.007081085720304785,4,2021,0.19549745824578119,0.006689700434050102,0.06045726805115057,0.6592793810325331,0.07807619223648501,4,0.18704533263267434,0.004693567582828525,0.04404999043333424,-0.30678399716501736,0.07099510651618023,0.36202874003322527,4,0.1885961461584693,0.9959819452021731,0.8073857990437038
tm257456,francisco geraldes_1995,1920,0.027724635557636074,0.10450574938418379,0.6193322768056757,0.2070039588777317,0.041433379374772705,3,2021,0.01389689173528289,0.006696196885259605,0.9488427189449133,0.02639689241424268,0.004167300020301315,3,-0.013827743822353184,-0.09780955249892419,0.32951044213923764,-0.18060706646348904,-0.03726607935447139,0.3885279384994076,3,1.0901077979853278,0.26155138661376975,-0.828556411371558
tm258015,diogo goncalves_1997,1920,0.0037624858739910435,0.01431334100039764,0.9628081235418323,0.008638071820257158,0.010477977763521707,3,2021,0.12286465040142967,0.0015074138923382066,0.053451562197001694,0.7766858063281976,0.0454905671810326,4,0.11910216452743863,-0.012805927108059435,-0.9093565613448307,0.7680477345079405,0.0350125894175109,1.196317681683211,3,0.2070868678845042,0.760820392037199,0.5537335241526948
tm261927,ricardo horta_1994,1920,0.01807356769430408,0.3161926428854326,0.44602959267399733,0.020226707434738665,0.1994774893115272,3,2021,0.002469234715116032,0.4074239857208508,0.5751092161931904,0.0032913821260895826,0.011706181244753255,3,-0.015604332979188049,0.09123134283541823,0.1290796235191931,-0.016935325308649083,-0.18777130806677395,0.159734177853224,3,1.1971788105747334,0.7696788691138905,-0.4274999414608429
tm262002,welinton junior_1993,1920,0.006079771614930211,0.34713069276795727,0.4393134549806309,0.01351184919440747,0.19396423144207411,3,2021,0.020607802320931224,0.2625020412427915,0.35424797199148117,0.17331930874939963,0.18932287569539666,3,0.014528030706001012,-0.0846286515251658,-0.08506548298914973,0.15980745955499215,-0.004641355746677456,0.20036874222482964,4,1.1359352859059357,1.4175736568216593,0.2816383709157235
tm264848,ruben lameiras_1994,1920,0.021827485963374155,0.0426326210539821,0.8676894470857349,0.041177421883134085,0.026673024013774794,3,2021,0.002864993300996511,0.003801862139454335,0.9762030687419246,0.013381962414241885,0.0037481134033824064,3,-0.018962492662377643,-0.038830758914527766,0.10851362165618972,-0.0277954594688922,-0.02292491061039239,0.1200633067089126,3,0.5691526878031514,0.14013816134753712,-0.42901452645561433
tm265589,fahd moufi_1996,1920,0.8650441014433519,0.0018396509124511036,0.015320737138167683,0.10989088907101445,0.007904621435014966,1,2021,0.0645315038254141,0.00017095196326097524,0.0043927914494491785,0.9274417681183214,0.0034629846435543757,4,-0.8005125976179378,-0.0016686989491901283,-0.010927945688718504,0.8175508790473069,-0.00444163679146059,1.144260487532975,4,0.4819437326104187,0.2916609344870719,-0.19028279812334675
tm269467,cesar_1992,1920,0.993363393376122,0.0004507638093226964,0.0006342330963296454,0.004202097379501616,0.0013495123387239827,1,2021,0.9994878310449017,6.616835107230524e-06,4.2115855676708145e-05,0.00038332456937629925,8.011169493788962e-05,1,0.006124437668779681,-0.00044414697421546587,-0.0005921172406529373,-0.003818772810125317,-0.001269400643786093,0.007255317491020163,1,0.04666958461510508,0.004786362914435916,-0.04188322170066916
tm27178,ruben fernandes_1986,1920,0.945252169807935,0.010523522939524937,0.004298514379334139,0.021404851585107416,0.018520941288098298,1,2021,0.9885945489097548,0.000148187046049225,0.0008273445070892658,0.009144562130462294,0.001285357406644186,1,0.04334237910181982,-0.010375335893475713,-0.0034711698722448736,-0.012260289454645123,-0.017235583881454113,0.04635270368491978,1,0.28073187032573615,0.07000492009642277,-0.21072695022931337
tm280178,claude goncalves_1994,1920,0.021122342466187587,0.0007374822957588389,0.004557582292466221,0.9708521153526886,0.002730477592898836,4,2021,0.08463272986911068,0.0029819097442626654,0.08386985016626948,0.8207591934125344,0.00775631680782275,4,0.06351038740292309,0.0022444274485038263,0.07931226787380326,-0.1500929219401541,0.0050258392149239136,0.18126480026320635,4,0.1562041735772214,0.6340165944334757,0.4778124208562543
tm282820,easah suliman_1998,1920,0.9123923608313994,0.0071040933223519166,0.0026549203547730988,0.05765403645838405,0.02019458903309154,1,2021,0.9975417311090262,1.5746625839634525e-05,8.19848668612406e-05,0.0021054340693890594,0.00025510332888383516,1,0.08514937027762681,-0.0070883466965122825,-0.002572935487911858,-0.05554860238899499,-0.019939485704207702,0.10194570683438302,1,0.37785476430951276,0.018487745276827224,-0.35936701903268553
tm283130,moussa marega_1991,1920,0.006329395322048755,0.5450266268456619,0.27137026793858077,0.019854598298876168,0.1574191115948323,2,2021,8.866859927430338e-05,0.9947311284659063,0.004191351687485341,7.474936160241625e-05,0.0009141018857319049,2,-0.006240726722774452,0.44970450162024433,-0.2671789162510954,-0.01977984893727375,-0.1565050097091004,0.5234968014808036,2,1.0856310048736753,0.03613553735500293,-1.0494954675186723
tm288248,denis will poha_1997,1920,0.05802125319865265,0.0019026127353819538,0.04018600108192585,0.8905064446647307,0.009383688319308836,4,2021,0.029849781149333832,0.0002026468519417733,0.009509776870251396,0.9576048338223563,0.0028329613061166404,4,-0.02817147204931882,-0.0016999658834401805,-0.03067622421167445,0.06709838915762556,-0.006550727013192195,0.07899206467021544,4,0.45334757711269724,0.2089181847817,-0.24442939233099725
tm290336,rochinha_1995,1920,0.023374903276752314,0.039129627408495016,0.7183079852889425,0.1149652890029723,0.10422219502283787,3,2021,0.01400024290807622,0.01615600523081358,0.8904980456046355,0.03291999257562988,0.046425713680844916,3,-0.009374660368676095,-0.022973622177681435,0.17219006031569306,-0.08204529642734243,-0.05779648134199296,0.19234479226213375,3,0.9366243261289785,0.48458906701715293,-0.45203525911182557
tm290388,rafael ramos_1995,1920,0.9812252702443801,0.00020896732789485402,0.00179960521743219,0.010712200569722774,0.006053956640570077,1,2021,0.10485288690355257,9.34931178651889e-05,0.0026425134880033612,0.8907831005501802,0.0016280059403985156,4,-0.8763723833408276,-0.00011547421002966511,0.0008429082705711712,0.8800708999804574,-0.004425950700171561,1.2419960012429752,4,0.11125420840478084,0.3664926915667409,0.2552384831619601
tm290391,nuno santos_1995,1920,0.05990180206143613,0.03730304853869383,0.6550274362809356,0.12914418393977367,0.11862352917916068,3,2021,0.019995403891168224,0.04217568056450508,0.7523513578640606,0.043629842604907904,0.14184771507535807,3,-0.03990639817026791,0.004872632025811251,0.09732392158312497,-0.08551434133486577,0.02322418589619739,0.13564995924819556,3,1.0856494241246595,0.839512541114349,-0.24613688301031045
tm290530,bilel aouacheria_1994,1920,0.011062748129525927,0.02729317945068246,0.8383043135301821,0.09675396208143947,0.026585796808170116,3,2021,0.010434002459134669,0.042783494977955215,0.9003523334005731,0.03810985916962625,0.008320309992710913,3,-0.0006287456703912581,0.015490315527272754,0.06204801987039099,-0.05864410291181321,-0.018265486815459205,0.08677230417835104,3,0.6183834049709233,0.44131493520949905,-0.1770684697614242
tm291399,nanu_1994,1920,0.28389949554428506,0.012030195860493776,0.2627799477998443,0.4322187320729481,0.009071628722428766,4,2021,0.20921244236712613,0.0002739913809532892,0.018600023005835447,0.7702909369355584,0.0016226063105267675,4,-0.07468705317715893,-0.011756204479540486,-0.24417992479400888,0.3380722048626103,-0.007449022411901998,0.4238313528151582,4,1.1670499765304785,0.6151129966002722,-0.5519369799302063
tm292398,fabio abreu_1993,1920,0.0012985012554646406,0.9091048469552451,0.062111322165414685,0.004098169349829642,0.023387160274046102,2,2021,0.019089788990629165,0.7023352642910196,0.18720007324043086,0.007623061673593003,0.0837518118043275,2,0.017791287735164526,-0.20676958266422552,0.12508875107501619,0.0035248923237633607,0.0603646515302814,0.24234234204078928,2,0.3782207640483614,0.8822736598286853,0.5040528957803239
tm293607,bozhidar kraev_1997,1920,0.001504882136295873,0.09599719126226838,0.8864122396733902,0.008397429699079292,0.007688257228966325,3,2021,0.011341734709543342,0.46157746747857725,0.47415558689047493,0.01780214849472664,0.035123062426677835,3,0.009836852573247469,0.36558027621630884,-0.4122566527829153,0.009404718795647346,0.02743480519771151,0.5511712061840122,3,0.4191863069440161,0.9508132897914049,0.5316269828473887
tm298410,joao pedro sousa silva_1996,1920,0.005683364029853102,0.20876244442662306,0.09638915763262784,0.02572893077791891,0.6634361031329771,5,2021,0.013228625605149867,0.6252952309280403,0.0880146371004197,0.007852362161855675,0.26560914420453435,2,0.007545261575296764,0.41653278650141723,-0.008374520532208149,-0.017876568616063238,-0.3978269589284427,0.4170685764985227,2,0.9483062102665681,0.9548980128394644,0.006591802572896266
tm299400,pedro sa_1993,1920,0.0028337417227049604,0.0002111431871239663,0.001275533621941147,0.9948663704483454,0.0008132110198845867,4,2021,0.17104099006728027,0.0010335689261938446,0.007197990129100628,0.8000026447448421,0.020724806132583356,4,0.16820724834457532,0.0008224257390698783,0.0059224565071594815,-0.1948637257035033,0.019911595112698768,0.2574903917933236,4,0.03781676417068103,0.603504065934763,0.565687301764082
tm302371,toni martinez_1997,1920,0.0016999858457072952,0.8827696807949718,0.04709805382054665,0.00633203516356915,0.0621002443752053,2,2021,0.004544265667060977,0.7547827187304479,0.03528888940133535,0.0032403704123538627,0.20214375578880192,2,0.002844279821353682,-0.12798696206452387,-0.011809164419211302,-0.0030916647512152875,0.1400435114135966,0.1285992501588633,2,0.4694541639994018,0.6966200776102167,0.2271659136108149
tm307058,mehdi taremi_1992,1920,0.003265389254083924,0.766985931236279,0.07004799410310118,0.008886654021440336,0.15081403138509542,2,2021,0.0012903523461377418,0.9173122942956379,0.024456880017658222,0.0009236997937647489,0.05601677354680137,2,-0.001975036907946182,0.15032636305935887,-0.04559111408544296,-0.007962954227675588,-0.09479725783829404,0.15730185798338764,2,0.7356609592102139,0.3464110954739371,-0.3892498637362768
tm308560,jhon murillo_1995,1920,0.003620729693155626,0.0024996075597679876,0.008832444719498001,0.9843210210427129,0.0007261969848656759,4,2021,0.019207776438958473,0.0589978313283235,0.877711421360593,0.018010227739094366,0.026072743133030502,3,0.015587046745802847,0.05649822376855551,0.868878976641095,-0.9663107933036186,0.025346546148164825,1.3008236739155707,4,0.09790474291751354,0.5248104100512034,0.4269056671336899
tm310822,koki anzai_1995,1920,0.8370528970116293,0.0034090636282055327,0.07741900306280385,0.0774466238463972,0.004672412450963968,1,2021,0.1321603891899973,8.286618874200448e-05,0.004218591416555276,0.8628663420042042,0.0006718112005011634,4,-0.704892507821632,-0.003326197439463528,-0.07320041164624858,0.785419718157807,-0.0040006012504628045,1.0578879643462937,4,0.5895250903182214,0.4234820871618313,-0.16604300315639015
tm312123,lucas possignolo_1994,1920,0.96934729826111,0.001895517319034848,0.0012404419192426788,0.024447216836327335,0.0030695256642851282,1,2021,0.9997347527037701,2.3080965840810224e-06,1.690990785925255e-05,0.00022497632862371949,2.1052963162827558e-05,1,0.03038745444266011,-0.001893209222450767,-0.0012235320113834264,-0.024222240507703614,-0.003048472701122301,0.03892551341293567,1,0.1588514790947432,0.00259736890503267,-0.15625411018971053
tm31316,silvestre varela_1985,1920,3.7209409885749216e-41,3.5852392809060557e-40,1.0,2.6683333531060027e-40,3.073331697893599e-41,3,2021,0.009446303805758387,0.024604943927371208,0.8616694513211147,0.09240072256888121,0.011878578376874279,3,0.009446303805758387,0.024604943927371208,-0.13833054867888528,0.09240072256888121,0.011878578376874279,0.16842764069567848,3,1.1052408446371418e-10,0.5362063216723403,0.5362063215618162
tm314367,marcus edwards_1998,1920,0.0047089180866822225,0.12605344739430296,0.8152284465084995,0.009080228197296435,0.04492895981321904,3,2021,0.005541339529773464,0.04389697693996407,0.9194522937304349,0.012122234447934976,0.01898715535189264,3,0.0008324214430912415,-0.0821564704543389,0.10422384722193545,0.003042006250638541,-0.0259418044613264,0.1327487954549639,3,0.6349271437158425,0.37197797685228906,-0.2629491668635534
tm314944,ricardo mangas_1998,1920,0.5603109298015605,0.0009307758797746058,0.04394953923289229,0.39162928027069993,0.0031794748150727695,1,2021,0.20389110199278482,0.002989415922822466,0.1235101002588306,0.6540881326487642,0.015521249176797753,4,-0.3564198278087757,0.00205864004304786,0.07956056102593831,0.26245885237806427,0.012341774361724983,0.44972643208559215,1,0.8538077500121297,0.9422343848676699,0.08842663485554014
tm319623,pedro amaral_1997,1920,0.4345482184829028,0.007379603841385312,0.14577729497519337,0.3916338702345576,0.020661012465960863,1,2021,0.002632373031702533,1.0253730816830348e-05,0.0006904635694036366,0.996602605028209,6.430463986808538e-05,4,-0.43191584545120026,-0.007369350110568482,-0.14508683140578973,0.6049687347936514,-0.020596707826092776,0.7573922125280143,4,1.126403007281318,0.024791319383369977,-1.101611687897948
tm329722,andre horta_1996,1920,0.08356938194794336,0.007607666826720931,0.13511012076089382,0.7566501053516891,0.017062725112752752,4,2021,0.004695974997475532,0.0025824188204492298,0.9361868473515902,0.05007685205684038,0.0064579067736446095,3,-0.07887340695046782,-0.005025248006271701,0.8010767265906964,-0.7065732532948487,-0.010604818339108143,1.071081673635783,3,0.7954408182827829,0.28480001286578605,-0.5106408054169969
tm332615,nelson monte_1995,1920,0.9392093674474973,0.0017089250113711235,0.003370584563928134,0.050147046302491005,0.005564076674712546,1,2021,0.8880945187091677,0.00014990771677628767,0.0010353237607749065,0.10712138360844362,0.0035988662048374153,1,-0.05111484873832961,-0.0015590172945948357,-0.0023352608031532275,0.05697433730595261,-0.0019652104698751303,0.07659430038154516,4,0.2679463099343753,0.3733705889181626,0.10542427898378731
tm333166,ronan_1995,1920,0.0014359398223996696,0.9049034235753677,0.04237513484192077,0.009658814088032644,0.04162668767227921,2,2021,0.024576353679230733,0.41218674228392727,0.4802090004489198,0.03287512905171648,0.05015277453620581,3,0.023140413856831063,-0.4927166812914404,0.437833865606999,0.023216314963683836,0.008526086863926606,0.6599565879125512,2,0.41092750117812493,1.0710022821528231,0.6600747809746982
tm334557,chiquinho_1995,1920,0.0390323338339811,0.35093648358939133,0.4393454503820926,0.06907647604608841,0.10160925614844651,3,2021,0.07286033871528226,0.31104059925857014,0.387232306251168,0.094899504076805,0.13396725169817464,3,0.03382800488130116,-0.039895884330821196,-0.052113144130924605,0.025823028030716594,0.032357995549728125,0.07822163427513705,3,1.2723789238762213,1.4142367292102438,0.14185780533402248
tm335062,nikola jambor_1995,1920,0.017257395708955094,0.0003539120435534103,0.0021755177084548365,0.9768420806681415,0.0033710938708951563,4,2021,0.01712519204113169,0.0001468755919137748,0.009826178179634621,0.9715522853583191,0.0013494688290008401,4,-0.0001322036678234051,-0.00020703645163963548,0.0076506604711797845,-0.0052897953098224315,-0.002021625041894316,0.009304562427496834,3,0.12828367620166192,0.15332803480983573,0.025044358608173806
tm335380,pedro nuno_1995,1920,0.010628627207518457,0.0470704777426111,0.782762405538682,0.046744435041892664,0.11279405446929584,3,2021,0.00654930533426218,0.6458149825194464,0.08874685531133333,0.010833335455145447,0.2480555213798127,2,-0.0040793218732562775,0.5987445047768353,-0.6940155502273487,-0.035911099586747215,0.13526146691051688,0.9173106419846563,3,0.7731893524324216,0.9250891494152786,0.15189979698285705
tm336158,gustavo sauer_1993,1920,0.014761227117158382,0.010199609655059836,0.19423190172962632,0.7631040752513052,0.01770318624685009,4,2021,0.004352734402908495,0.004303592279574154,0.8520554862143038,0.13383178644689758,0.005456400656315807,3,-0.010408492714249887,-0.005896017375485682,0.6578235844846775,-0.6292722888044076,-0.012246785590534284,0.9104167076140913,3,0.7050156197310409,0.48112186893475134,-0.22389375079628954
tm337798,abdu conte_1998,1920,0.8275441492673666,0.0019979022710479256,0.01228690683902908,0.1432663939868385,0.014904647635717756,1,2021,0.029631154090709808,0.00021238036115969216,0.01662543463145092,0.9511318802351053,0.002399150681574254,4,-0.7979129951766568,-0.0017855219098882335,0.00433852779242184,0.8078654862482668,-0.012505496954143502,1.1354883542576861,4,0.5641831281630523,0.23630484085989997,-0.32787828730315227
tm34077,tarantini_1983,1920,0.007978883271157637,0.003225426488630304,0.011499598662500258,0.9761464262352132,0.0011496653424988134,4,2021,0.20208289860914208,0.0025416180213967345,0.06476261177281463,0.7161066120569441,0.01450625953970226,4,0.19410401533798444,-0.0006838084672335697,0.053263013110314374,-0.26003981417826905,0.013356594197203447,0.32883809068872566,4,0.13974776652255386,0.8161235406310867,0.6763757741085329
tm341110,franco cervi_1994,1920,0.06685689872294213,0.006536272845070698,0.7384335975658304,0.17130785739288262,0.01686537347327426,3,2021,0.053500791435970835,0.004184995995834785,0.05383456865848714,0.8681738579731395,0.020305785936567452,4,-0.0133561072869713,-0.0023512768492359136,-0.6845990289073433,0.6968660005802569,0.0034404124632931923,0.976975929718989,4,0.8087422028876444,0.5387240156249569,-0.27001818726268756
tm344392,fernando ferreira fonseca_1997,1920,0.9887108075210973,0.000270387920650267,0.0015920704829551133,0.006240777689189367,0.00318595638610802,1,2021,0.708656873728578,6.92995964153436e-05,0.0011615116753944618,0.2885052152928729,0.0016070997067393052,1,-0.2800539337925193,-0.0002010883242349234,-0.00043055880756065154,0.2822644376036835,-0.0015788566793687147,0.39762248978873094,4,0.07370222496871212,0.6215263146688518,0.5478240897001396
tm344519,bruno costa_1997,1920,0.014980868135888288,0.004800637635098082,0.5085884843106022,0.46211484052195917,0.009515169396452201,3,2021,0.009654923150215846,0.0027684801661017116,0.5971112079764448,0.3809164520319741,0.009548936675263613,3,-0.005325944985672442,-0.00203215746899637,0.08852272366584257,-0.08119838848998506,3.376727881141198e-05,0.12025783239589374,3,0.8334474701217658,0.7810743241126428,-0.05237314600912302
tm347905,joao paulo lazaro lucas_1996,1920,0.4706721554261593,0.014795213970006781,0.03769914104458228,0.4167481533026008,0.060085336256650836,1,2021,0.27739106954013654,0.0002427083261868238,0.0037508039720851203,0.7105815242876419,0.008033893873949729,4,-0.19328108588602277,-0.014552505643819958,-0.03394833707249716,0.2938333709850411,-0.05205144238270111,0.35363808205029923,4,1.0743444369204298,0.6602191703537829,-0.41412526656664694
tm350311,helder ferreira_1997,1920,0.007553100128102041,0.03766532631285183,0.8956186936701067,0.049483895876578435,0.009678984012360945,3,2021,0.006534911065300362,0.006532580835674861,0.9709438962316109,0.011856552404738274,0.004132059462675561,3,-0.0010181890628016789,-0.031132745477176964,0.07532520256150421,-0.03762734347184016,-0.005546924549685385,0.08977743406666157,3,0.45278468109429404,0.16963254796642768,-0.28315213312786636
tm351738,lincoln_1998,1920,0.038468470366788486,0.01783345928817547,0.7080879570553726,0.15594151624335098,0.0796685970463124,3,2021,0.010612552620922795,0.004606087794139996,0.8950010862834052,0.07315184808839878,0.016628425213133284,3,-0.02785591774586569,-0.013227371494035474,0.1869131292280326,-0.0827896681549522,-0.06304017183317911,0.20674032635441006,3,0.9328934756145861,0.4317356577366164,-0.5011578178779698
tm352811,aylton boa morte_1993,1920,0.0008727500144680806,0.004402042746629781,0.9743423933341326,0.019554446498946394,0.0008283674058231426,3,2021,0.0035400703282877613,0.03365705155479565,0.9542569992240023,0.0044540440443144,0.004091834848600126,3,0.0026673203138196807,0.029255008808165867,-0.020085394110130328,-0.015100402454631994,0.0032634674427769834,0.0386576686942383,2,0.1381733703887229,0.22542218937245043,0.08724881898372752
tm352898,joao amaral_1991,1920,0.030134256030741408,0.08282060618458117,0.730052310249446,0.04329894392425045,0.11369388361098086,3,2021,0.007962704799469759,0.029314662894906782,0.9112636522479792,0.026561124460638297,0.024897855597005976,3,-0.02217155123127165,-0.053505943289674396,0.18121134199853328,-0.016737819463612157,-0.08879602801397488,0.1909768800683073,3,0.9246895427571173,0.4149510485696715,-0.5097384941874459
tm352918,henrique gomes_1995,1920,0.7792051373092291,0.0027957435714849144,0.04069272873137304,0.10956294244217243,0.06774344794574041,1,2021,0.925220099489712,0.00014453722619771686,0.001119449666446597,0.0727048592583761,0.0008110543592675631,1,0.14601496218048282,-0.0026512063452871974,-0.03957327906492645,-0.03685808318379634,-0.06693239358647285,0.15573041060623746,1,0.7657599362902642,0.27715310761251316,-0.488606828677751
tm356099,cristian borja_1993,1920,0.9525738503442047,0.005224348948353966,0.013183466061621853,0.022775278923267372,0.006243055722552029,1,2021,0.5545636534325438,0.007647597807170328,0.12131313635257948,0.2482091515811737,0.06826646082653275,1,-0.39801019691166095,0.002423248858816362,0.10812967029095763,0.22543387265790635,0.06202340510398072,0.47003238773457223,1,0.24863219800373723,1.1492467178762495,0.9006145198725123
tm357156,diogo leite_1999,1920,0.6980671337342204,0.00610696286398508,0.011496347608286507,0.2455926375442595,0.03873691824924869,1,2021,0.9835552476335099,0.0004871678753607121,0.0026480601210333767,0.011506599647324986,0.0018029247227711565,1,0.2854881138992895,-0.005619794988624368,-0.00884828748725313,-0.23408603789693452,-0.036933993526477533,0.36933671710680216,1,0.8041523009416471,0.09850433349026799,-0.7056479674513791
tm357163,filipe soares_1999,1920,0.027366919924683496,0.004976890056220061,0.08073676225330094,0.8761315127640923,0.010787915001703202,4,2021,0.0011582148649610844,0.0010576932820470016,0.99157511847539,0.005898922549880233,0.0003100508277215191,3,-0.026208705059722413,-0.00391919677417306,0.9108383562220891,-0.8702325902142121,-0.010477864173981683,1.2600133049141014,3,0.4927697187223678,0.05625071335335207,-0.4365190053690157
tm358177,andre pereira_1995,1920,0.003085302311702741,0.1420041525343575,0.7996638390143261,0.03907186913807926,0.01617483700153434,3,2021,0.02903787356724308,0.4450034837856583,0.22024622984971445,0.04644301870006164,0.2592693940973226,2,0.02595257125554034,0.3029993312513008,-0.5794176091646117,0.007371149561982385,0.24309455709578826,0.6544167100169503,3,0.667184768108112,1.2888541984934014,0.6216694303852894
tm362667,mateo cassierra_1997,1920,9.613517719071781e-05,0.9976614051965335,0.0012090674238495708,0.00016091469054570158,0.000872477511880625,2,2021,0.011128638993803725,0.7939092102305809,0.06570977858104178,0.003943924556969361,0.1253084476376042,2,0.011032503816613007,-0.20375219496595254,0.0645007111571922,0.0037830098664236593,0.12443597012572358,0.21403580540960923,2,0.018898900653223413,0.6942725172087858,0.6753736165555624
tm364857,falaye sacko_1995,1920,0.9614700952229751,0.0007865398599686065,0.005785153321121074,0.020652760599654332,0.011305450996280893,1,2021,0.5420662417281409,0.00020595705844047538,0.005537842796650314,0.4471081398413086,0.00508181857545971,1,-0.4194038534948342,-0.000580582801528131,-0.00024731052447075994,0.4264553792416543,-0.006223632420821182,0.5981339156487822,4,0.20401488632884368,0.749211551395275,0.5451966650664313
tm366278,rodrigo pinho_1991,1920,0.00403349496568813,0.5952324489928541,0.1236177397186137,0.03098794503506332,0.24612837128778078,2,2021,0.00047022064886074566,0.9834069966976426,0.005479600463626423,0.000417335900709318,0.010225846289160869,2,-0.0035632743168273837,0.38817454770478854,-0.11813813925498728,-0.030570609134354002,-0.2359025249986199,0.40691935134514107,2,1.0421810027688094,0.0986992434132408,-0.9434817593555687
tm367468,nuno santos_1999,1920,0.1163999494693321,0.013028083738947588,0.7254917536610885,0.11186809675398678,0.03321211637664495,3,2021,0.15838004656050642,0.002640510172998081,0.1317861451810124,0.6958353258469157,0.011357972238567394,4,0.04198009709117431,-0.010387573565949507,-0.5937056084800761,0.5839672290929289,-0.021854144138077555,0.8338910626883725,3,0.8978304741177188,0.8778050935229378,-0.020025380594780984
tm371245,guilherme schettine_1995,1920,0.0010908347553237347,0.9138013357387932,0.04217247115260337,0.0064515964278284085,0.03648376192545136,2,2021,0.0032729328009636796,0.9067442212039926,0.04671722797659168,0.004251257395514543,0.03901436062293754,2,0.002182098045639945,-0.007057114534800624,0.004544756823988312,-0.002200339032313866,0.002530598697486182,0.008947665834416937,2,0.3766616700048351,0.40038837269153427,0.023726702686699186
tm373187,maracas_1994,1920,0.987664162589723,0.000809846136368486,0.0010418516183397627,0.009056089249069137,0.0014280504064994668,1,2021,0.9889803592239824,1.9884277619882213e-05,0.00013320316626842354,0.01040063094594722,0.00046592238618193253,1,0.0013161966342594145,-0.0007899618587486037,-0.0009086484520713392,0.0013445416968780842,-0.0009621280203175344,0.0022337967012261433,4,0.07713711777561984,0.06342505961729764,-0.013712058158322202
tm373300,cryzan_1996,1920,0.0161040768111228,0.16669334310805833,0.1323716727068037,0.03874219022508395,0.6460887171489312,5,2021,0.0073372765864437904,0.25439444708604836,0.49690761665750155,0.01809136784523754,0.2232692918247688,3,-0.00876680022467901,0.08770110397799002,0.3645359439506979,-0.020650822379846407,-0.42281942532416245,0.375607842466219,3,1.0409781857599327,1.1391599385916695,0.0981817528317368
tm373374,braian mansilla_1997,1920,0.028885197785562325,0.01783928437959761,0.8557369271030629,0.0756628899081273,0.021875700823649973,3,2021,0.03055450325132709,0.09411119106794687,0.2967523751703155,0.3315987387735655,0.2469831917368451,4,0.0016693054657647664,0.07627190668834925,-0.5589845519327474,0.2559358488654382,0.22510749091319512,0.6195055111655917,3,0.5864643984785456,1.4009227079890891,0.8144583095105435
tm375382,andre almeida_2000,1920,0.05663078487505026,0.07862044263656036,0.15815471040050766,0.19821079462421562,0.508383267463666,5,2021,0.019730338099031013,0.006799775210869522,0.8832880286429771,0.08611540007036451,0.004066457976757764,3,-0.036900446776019245,-0.07182066742569083,0.7251333182424694,-0.1120953945538511,-0.5043168094869083,0.7381758313215487,3,1.3189263662316806,0.454556174612507,-0.8643701916191735
tm375770,gabriel airton de souza_1996,1920,0.02515458337945036,0.06873011456533759,0.4107444707824258,0.4789236101755479,0.016447221097238268,4,2021,0.029022393727144165,0.002890516433881785,0.13359881576308952,0.8253349105506379,0.009153363525246741,4,0.0038678103476938036,-0.0658395981314558,-0.2771456550193363,0.34641130037509,-0.007293857571991526,0.4485089918414737,4,1.0622894942512073,0.5899507982581501,-0.4723386959930572
tm375820,henrique_1995,1920,0.6560862022192372,0.0031949462427016025,0.04177384864395773,0.25017680094223865,0.04876820195186483,1,2021,0.10318948362687749,0.005485098705479177,0.034701259769222725,0.3145945715791259,0.5420295863192947,5,-0.5528967185923597,0.0022901524627775742,-0.007072588874735004,0.06441777063688725,0.49326138436742983,0.5566863541669755,1,0.9214818922865848,1.0753239336123006,0.15384204132571577
tm376175,thiago santana_1993,1920,0.0018477452151225411,0.8600823386465601,0.08134346193104636,0.012707095682644852,0.04401935852462594,2,2021,0.0028455738887424543,0.8684847264729684,0.03481748324082116,0.0021280970210705965,0.09172411937639731,2,0.0009978286736199132,0.00840238782640823,-0.0465259786902252,-0.010578998661574256,0.04770476085177137,0.04845799922625934,3,0.5383159350658953,0.4882654167277827,-0.05005051833811258
tm377641,al musrati_1996,1920,0.07982854774351221,0.002059508132279443,0.014862852969691136,0.8855786730841145,0.01767041807040249,4,2021,0.6820851673591501,0.004261539105805556,0.11383558984190895,0.16231579444335428,0.03750190924978114,1,0.6022566196156379,0.0022020309735261132,0.0989727368722178,-0.7232628786407602,0.01983149117937865,0.9463734353176656,4,0.4560168677531824,0.9498478940329642,0.4938310262797818
tm379249,matheus reis_1995,1920,0.9748976699291655,0.00034230382814078746,0.003610275406797101,0.018488124646084098,0.00266162618981242,1,2021,0.8487516456665332,0.00012077261422201997,0.0013369779216584076,0.1484485731961474,0.0013420306014389806,1,-0.12614602426263233,-0.00022153121391876748,-0.002273297485138693,0.1299604485500633,-0.0013195955883734394,0.18112911025601863,4,0.13737970225831012,0.4411661966460545,0.3037864943877444
tm380409,joao jaquite_1996,1920,0.0018187596315125932,0.00016178692578622787,0.0011026798092399904,0.9959271521543825,0.0009896214790787398,4,2021,0.35455081996185234,0.006505117607660341,0.07034856770948834,0.5240251242162655,0.044570370504733545,4,0.35273206033033977,0.006343330681874113,0.06924588790024835,-0.4719020279381171,0.04358074902565481,0.5932509259935692,4,0.03130811466445881,1.06439272731307,1.0330846126486113
tm387378,luther singh_1997,1920,0.0023993048063798692,0.025055792761201363,0.9359957381813999,0.017791528987453398,0.018757635263565425,3,2021,0.00016732842090263873,0.008225520850519,0.9901631113086673,0.0006741856276982829,0.0007698537922126666,3,-0.0022319763854772305,-0.016830271910682364,0.05416737312726738,-0.017117343359755115,-0.017987781471352757,0.059290366218949876,3,0.3150226767824186,0.061172312587797324,-0.25385036419462126
tm396342,toni borevkovic_1997,1920,0.9598749498659154,0.0011614721823493346,0.0012712433079918324,0.033623586790364764,0.004068747853378693,1,2021,0.9997403522837601,7.164819160267666e-07,5.286475334869721e-06,0.00024391883576891233,9.725923220124313e-06,1,0.03986540241784475,-0.0011607557004333078,-0.0012659568326569626,-0.03337966795459585,-0.004059021930158569,0.052023096247666906,1,0.19209974264695132,0.0024753096604904303,-0.1896244329864609
tm396429,diogo calila_1998,1920,0.0225943676949294,0.00030695724258174425,0.01265337409519361,0.9634560212446626,0.0009892797226325127,4,2021,0.0029955464578024014,0.0001093081855734972,0.00593605117403964,0.9901594873127273,0.0007996068698571912,4,-0.019598821237126998,-0.00019764905700824705,-0.00671732292115397,0.02670346606806473,-0.0001896728527753215,0.033798674327700215,4,0.18612224174753078,0.06432970870634508,-0.1217925330411857
tm400831,rafael camacho_2000,1920,0.03429769060410984,0.21314171402572024,0.6793413184323868,0.04267379880467265,0.030545478133110548,3,2021,0.014648886623440152,0.6537770168745456,0.2687378982072581,0.009194753697243515,0.05364144459751268,2,-0.019648803980669684,0.44063530284882535,-0.4106034202251287,-0.033479045107429134,0.023095966464402134,0.6035408526159813,2,0.9489634020125092,0.8928823988229005,-0.056081003189608625
tm407907,gelson_1996,1920,0.004564106244595843,0.14558384468705887,0.07062885068178103,0.01415587186464375,0.7650673265219204,5,2021,0.0039942167253371975,0.2907283938064533,0.693978886862487,0.0027673250167121236,0.008531177589010546,3,-0.0005698895192586453,0.14514454911939445,0.623350036180706,-0.011388546847931625,-0.7565361489329099,0.6401267308267414,3,0.7574766195939351,0.6916775935001516,-0.06579902609378352
tm411502,danny henriques_1997,1920,0.6234255368908102,0.1089439014869174,0.038446682339755296,0.0678260256042748,0.1613578536782422,1,2021,0.5259509601607602,0.00036820271179833385,0.006388588184008599,0.4646770963517026,0.0026151525917301687,1,-0.09747457673005,-0.10857569877511906,-0.032058094155746696,0.3968510707474278,-0.15874270108651203,0.4240382874546666,4,1.1382274651285305,0.7448279648307002,-0.3933995002978302
tm411838,bruno viana_1995,1920,0.966758970462485,0.0013424646942703175,0.0013664488475348816,0.026127078755990314,0.004405037239719521,1,2021,0.995610851738101,6.139835908400596e-05,0.00046129315340870733,0.0035098461942180683,0.0003566105551883379,1,0.028851881275615998,-0.0012810663351863114,-0.0009051556941261742,-0.022617232561772244,-0.0040484266845311825,0.03669374196891465,1,0.16969772949709636,0.031187740309495265,-0.1385099891876011
tm415645,alexandre pinto_1998,1920,0.9864573078539152,0.00025875481603237815,0.0017450613836080147,0.005607634209987377,0.005931241736457014,1,2021,0.21260536175382946,0.00015465446769704865,0.0017143561923963384,0.781983949634256,0.0035416779518209506,4,-0.7738519461000857,-0.0001041003483353295,-3.070519121167628e-05,0.7763763154242687,-0.002389563784636063,1.0961783748160445,4,0.08615106790369843,0.5537484209182518,0.4675973530145534
tm426620,pedro goncalves_1998,1920,0.014696217122842338,0.02858809673267511,0.8260337642410301,0.11242502640443734,0.018256895499014922,3,2021,0.019120198791707104,0.3491536433467838,0.30687162581985467,0.029802546043263003,0.2950519859983915,2,0.004423981668864766,0.3205655466141087,-0.5191621384211755,-0.08262248036117434,0.27679509049937656,0.6157415379206516,3,0.6403033003610157,1.2704114368945743,0.6301081365335586
tm430761,lucas fernandes_1997,1920,0.0010276241326427726,0.002539401047592262,0.9757992553161471,0.0201123523853283,0.0005213671182896021,3,2021,0.01152189854969699,0.0018605438320165092,0.1870898171747578,0.7819247089057684,0.017603031537760196,4,0.010494274417054217,-0.0006788572155757527,-0.7887094381413893,0.7618123565204401,0.017081664419470594,1.0965998518161453,3,0.12865947175959117,0.6401804497508792,0.511520977991288
tm432960,lourency_1996,1920,0.00041890014566275534,0.013027956578369575,0.9821421871039999,0.0022217280741084794,0.0021892280978592473,3,2021,0.0024321818194670704,0.006234060380137451,0.9767852534102908,0.01223135386788746,0.002317150522217178,3,0.002013281673804315,-0.006793896198232124,-0.005356933693709154,0.010009625793778981,0.00012792242435793067,0.013382812700651203,4,0.10448632440746215,0.13716023041857311,0.03267390601111096
tm433358,tomas ribeiro_1999,1920,0.9273070655906555,0.001260412728280236,0.0024252343234631947,0.06519468704636508,0.0038126003112360428,1,2021,0.9998763062250606,2.448127504000983e-07,2.0149410434565883e-06,0.00011861005626382851,2.8239648815092916e-06,1,0.07256924063440517,-0.001260167915529836,-0.002423219382419738,-0.06507607699010125,-0.0038097763463545336,0.09751230946924831,1,0.29224376045023703,0.0012621171678668986,-0.29098164328237014
tm435497,fabio china_1992,1920,0.3809927271958324,0.0011327083460894664,0.009425489576431956,0.5974003330153855,0.011048741866260706,4,2021,0.10343618933154541,0.0006172572433893678,0.026197747591377114,0.8617773396848754,0.007971466148812523,4,-0.27755653786428697,-0.0005154511027000986,0.016772258014945158,0.2643770066694898,-0.0030772757174481833,0.3836852977317322,1,0.7768362972155523,0.5013658727411331,-0.27547042447441916
tm437566,claudio falcao_1994,1920,0.6158927692068872,0.0011042973600197768,0.0054064114674006744,0.3668695055063579,0.010727016459334436,1,2021,0.1389982465061206,0.0010096605872013458,0.011060383428920397,0.8384535439508556,0.01047816552690203,4,-0.4768945227007666,-9.463677281843093e-05,0.005653971961519723,0.4715840384444977,-0.0002488509324324057,0.6707099726801995,1,0.7507783984285933,0.5265659764135702,-0.22421242201502312
tm438202,bruno tabata_1997,1920,0.026737647554251138,0.020219837138380454,0.7418540421255693,0.06974327611133643,0.14144519707046257,3,2021,0.01681111728078267,0.01628926341301474,0.30754801996316555,0.2472371297524995,0.41211446959053744,5,-0.00992653027346847,-0.003930573725365715,-0.4343060221624037,0.17749385364116307,0.2706692725200749,0.46929710672451574,3,0.8596007188840475,1.209201209763815,0.3496004908797674
tm445517,heriberto tavares_1997,1920,0.0010924474057398784,0.1004012598738505,0.87973469887653,0.012311248837845512,0.006460345006033983,3,2021,0.0001798671655968686,0.03946283104495675,0.9593573989083762,0.000381440884132982,0.0006184619969371938,3,-0.0009125802401430098,-0.06093842882889375,0.07962270003184624,-0.01192980795371253,-0.005841883009096789,0.10097732215206877,3,0.43766392618443206,0.17648771415414116,-0.2611762120302909
tm448466,jovane cabral_1998,1920,0.006520685115856879,0.06278869858580498,0.6788378861840121,0.02541136335926051,0.22644136675506552,3,2021,0.003080243027147264,0.4092455317931983,0.46439707927826884,0.007476178655366776,0.11580096724601877,3,-0.003440442088709615,0.3464568332073933,-0.21444080690574324,-0.017935184703893735,-0.11064039950904675,0.4078611337632091,2,0.8992295653708968,1.0259051429426211,0.12667557757172432
tm45287,adel taarabt_1989,1920,0.013617933936966803,0.00372098825407275,0.1763634115769973,0.8035226810510226,0.0027749851809404894,4,2021,0.05110624957890264,0.003310746611633727,0.24437929952998486,0.6877771176609329,0.01342658661854589,4,0.03748831564193584,-0.000410241642439023,0.06801588795298755,-0.11574556339008979,0.010651601437605402,0.13938701003464152,4,0.577456414538489,0.8305311701520468,0.25307475561355786
tm454121,galeno_1997,1920,0.010664836029164538,0.050291799433312794,0.6758274929567601,0.04408339614627703,0.2191324754344855,3,2021,0.01006377845193501,0.007660967812065624,0.9167506735875923,0.05298724824417068,0.012537331904236374,3,-0.0006010575772295284,-0.04263083162124717,0.24092318063083218,0.008903852097893648,-0.20659514353024913,0.24482852493610305,3,0.9338703036677254,0.3738488449851438,-0.5600214586825816
tm461512,oleg reabciuk_1998,1920,0.6570763523159042,0.0031166597168117544,0.03976710400494329,0.26753544478013885,0.03250443918220191,1,2021,0.20908450944335136,0.01015693181655086,0.17673477046443029,0.5766833309917081,0.027340457283959407,4,-0.4479918428725529,0.007040272099739104,0.136967666459487,0.30914788621156924,-0.005163981898242503,0.5613188166416864,1,0.886285203868867,1.095988099399669,0.2097028955308019
tm461629,gustavo assuncao_2000,1920,0.00010946898277579122,9.176907668095282e-06,5.996284554655256e-05,0.9997993125526018,2.207871140778749e-05,4,2021,0.5326445836395882,0.005431088490376722,0.06744515299480608,0.37613715751209165,0.018342017363137366,1,0.5325351146568125,0.005421911582708626,0.06738519014925953,-0.6236621550405101,0.018319938651729577,0.8228719784686924,4,0.0021251009298193513,0.9868307382467978,0.9847056373169785
tm478366,miguel reisinho_1999,1920,0.06011501038594363,0.003850242394888966,0.012846511332878096,0.8548047554317786,0.06838348045451088,4,2021,0.3028784176307862,0.00476867814791473,0.029201498786923498,0.573028358651268,0.09012304678310766,4,0.24276340724484258,0.0009184357530257641,0.0163549874540454,-0.2817763967805106,0.021739566328596777,0.37229066442577824,4,0.5639122695603012,1.0264035328693881,0.46249126330908696
tm480692,luis diaz_1997,1920,0.0034952837153256716,0.4533872168674586,0.45484867068481594,0.03381799082735413,0.054450837905045645,3,2021,0.0040935004385687385,0.11925296972739713,0.8469233362935656,0.008367621148676318,0.021362572391792036,3,0.0005982167232430669,-0.33413424714006146,0.3920746656087497,-0.02545036967867781,-0.03308826551325361,0.5157676974221029,3,1.0097395521334573,0.5390005698162852,-0.47073898231717215
tm498237,david carmo_1999,1920,0.975732667606747,0.000534081608300255,0.0008084559904824064,0.02128149103231456,0.001643303762155837,1,2021,0.9268643846753175,0.00020392495534124076,0.0009490702179312141,0.069931287371365,0.0020513327800451347,1,-0.04886828293142953,-0.0003301566529590142,0.00014061422744880768,0.04864979633905044,0.00040802901788929776,0.0689568019579924,1,0.1262185541913332,0.2774623740220689,0.1512438198307357
tm51058,lica_1988,1920,0.010589335231645887,0.7244389573290935,0.17415677638888394,0.014411890963301735,0.07640304008707512,2,2021,0.004122620627350072,0.08772054201691121,0.8978357046857823,0.0063536607854484985,0.00396747188450797,3,-0.006466714604295815,-0.6367184153121823,0.7236789282968984,-0.008058230177853237,-0.07243556820256715,0.9639648775396211,3,0.8436692780536643,0.38695322360963247,-0.45671605444403185
tm510782,rodrigao_1995,1920,0.9315138210182737,0.015623528409160923,0.014773671646767138,0.023654715810522885,0.014434263115275278,1,2021,0.9968389717790012,3.170017189731835e-05,0.00019225655787963607,0.002691938694750489,0.0002451327964711087,1,0.06532515076072742,-0.015591828237263605,-0.014581415088887502,-0.020962777115772397,-0.01418913031880417,0.07185079067130774,1,0.3430755224365929,0.023096985969236487,-0.3199785364673564
tm512913,stephen eustaquio_1996,1920,0.006227447368620334,0.0008844393170828911,0.0027257509517449596,0.9888639510860705,0.0012984112764811463,4,2021,0.2794937127302646,0.0009533194635819037,0.023315944600593972,0.6872233703989068,0.009013652806652723,4,0.2732662653616442,6.888014649901258e-05,0.020590193648849012,-0.3016405806871637,0.007715241530171576,0.40753582973888514,4,0.07364543068476427,0.7507784228408787,0.6771329921561144
tm516127,walterson_1994,1920,0.036024434937425895,0.0071513318098528145,0.21757430545272136,0.7163213755913587,0.02292855220864122,4,2021,0.0008873801268830713,0.000883338348597394,0.9927360506414802,0.005183034413563263,0.0003101964694759598,3,-0.03513705481054282,-0.0062679934612554205,0.7751617451887588,-0.7111383411777954,-0.02261835573916526,1.0525527881583794,3,0.8124552172213367,0.04946567232691269,-0.762989544894424
tm517300,vitor tormena_1996,1920,0.9764555531414777,0.000673903787738603,0.000906018001063945,0.018507892800101847,0.0034566322696177715,1,2021,0.9877989460493022,5.903225136918984e-05,0.0004234372072635344,0.01121954410797171,0.0004990403840935078,1,0.01134339290782449,-0.0006148715363694131,-0.00048258079380041063,-0.007288348692130138,-0.0029575918855242636,0.013505685489753578,1,0.12796281547677751,0.0701609887858162,-0.05780182669096132
tm518472,willyan_1995,1920,0.21867845414664688,0.03320960702850305,0.10725482155106182,0.4986709769256227,0.14218614034816562,4,2021,0.1720270384653909,0.0008412442017556287,0.009245174312520072,0.8127940963804131,0.00509244663992029,4,-0.04665141568125597,-0.03236836282674742,-0.09800964723854175,0.31412311945479043,-0.13709369370824534,0.33392108442711615,4,1.3092826322950721,0.5474051461186573,-0.7618774861764148
tm520530,fali cande_1998,1920,0.8309243271584286,0.002890128138358319,0.012858804763390701,0.1440172900946876,0.009309449845134824,1,2021,0.4796465146680229,0.0011518110195149894,0.029146230837317263,0.48261735639158165,0.007438087083563207,4,-0.3512778124904057,-0.0017383171188433298,0.01628742607392656,0.33860006629689404,-0.001871362761571617,0.48817456758707223,1,0.5493992599187101,0.8512940995220417,0.30189483960333163
tm522714,anderson_1997,1920,0.002667022800253129,0.06444295618722425,0.028817779797184192,0.007133234092022159,0.8969390071233163,5,2021,0.00025534375546543874,0.9895931798427696,0.0030344615083097177,0.00025423263115602,0.006862782262299094,2,-0.0024116790447876904,0.9251502236555453,-0.025783318288874472,-0.006879001460866139,-0.8900762248610172,0.9255381422117646,2,0.42753492955516914,0.06635015230911959,-0.3611847772460496
tm534473,paulinho_1997,1920,0.015529921286725827,0.007189587384299862,0.09333388808366094,0.8454330693024426,0.038513533942870784,4,2021,0.09582455177025072,0.012399416796490193,0.2510461242992136,0.5720250659649294,0.0687048411691162,4,0.08029463048352489,0.005209829412190331,0.15771223621555264,-0.27340800333751314,0.030191307226245412,0.3257291140627528,4,0.5888937388945157,1.1296460834386954,0.5407523445441798
tm535955,nuno tavares_2000,1920,0.5636448036380115,0.0105343826644008,0.1388917220670594,0.07496157621077264,0.21196751541975561,1,2021,0.007029088789679493,0.00046117363004974143,0.012186127366920468,0.9768432055055974,0.0034804047077527885,4,-0.556615714848332,-0.010073209034351058,-0.12670559470013895,0.9018816292948248,-0.20848711071200282,1.0674114972887323,4,1.1683387798895544,0.13468833240398537,-1.033650447485569
tm537598,fabio vieira_2000,1920,0.01676478067060566,0.07387313454688844,0.09065809412497523,0.02143424621565594,0.7972697444418747,5,2021,0.01755402600251135,0.017565847421792537,0.5353812561096,0.2508678457134614,0.17863102475263487,3,0.0007892453319056879,-0.0563072871250959,0.44472316198462475,0.22943359949780545,-0.6186387196892398,0.5035768073250635,3,0.7416491357227903,1.1310400082486942,0.3893908725259039
tm544784,zaidu sanusi_1997,1920,0.6444836833638896,0.00874419558708311,0.22909976013114233,0.09435382479773477,0.023318536120150207,1,2021,0.3220337744568562,0.00012123905014754307,0.00294839780314147,0.6738003456598696,0.0010962430299851645,4,-0.3224499089070334,-0.008622956536935567,-0.22615136232800087,0.5794465208621348,-0.022222293090165043,0.7006789624040636,4,0.972552502667698,0.656670887930488,-0.31588161473721
tm54716,steven vitoria_1987,1920,0.9056782414338685,0.02130120860309032,0.01486111585352306,0.04747823783716224,0.010681196272355892,1,2021,0.9889306516804119,0.00045523529013024233,0.0020141420449906644,0.0070441491062959325,0.0015558218781711528,1,0.0832524102465434,-0.02084597331296008,-0.012846973808532397,-0.04043408873086631,-0.009125374394184739,0.09573650653097852,1,0.42743932353401204,0.07198091082348715,-0.3554584127105249
tm550549,tomas tavares_2001,1920,0.9628587748980905,0.000561100212254745,0.003911643855160864,0.028931523162243,0.003736957872250986,1,2021,0.7261743081046933,7.146479301895582e-05,0.0013646233671907539,0.2713226886260836,0.0010669151090135335,1,-0.23668446679339716,-0.0004896354192357891,-0.00254702048797011,0.2423911654638406,-0.0026700427632374525,0.3387915892881693,4,0.18571527251611358,0.6032617805189655,0.4175465080028519
tm553062,vitor carvalho_1997,1920,0.03374211008094956,0.05219872307394634,0.07923068639719448,0.06945749318297618,0.7653709872649334,5,2021,0.2581286498383638,0.0078113964893398195,0.10256612596796733,0.585790377589042,0.04570345011528709,4,0.22438653975741424,-0.04438732658460652,0.023335439570772845,0.5163328844060657,-0.7196675371496463,0.5652112386043673,4,0.8592621593352193,1.075352068513727,0.21608990917850768
tm55994,ukra_1988,1920,0.1532603688588677,0.06929668938938824,0.2835430775649285,0.4409652288461141,0.05293463534070151,4,2021,0.010587146155560858,0.00279610665301361,0.8665510851400856,0.11432332034403073,0.00574234170730909,3,-0.14267322270330685,-0.06650058273637463,0.5830080075751571,-0.3266419085020834,-0.04719229363339242,0.6865648179651086,3,1.3464271143457245,0.4662767549593449,-0.8801503593863795
tm56036,luis neto_1988,1920,0.8912738448498148,0.0025738597089970073,0.0037902891968378113,0.09007948706688765,0.0122825191774628,1,2021,0.9918725600954124,3.282296134328929e-05,0.00023546408957169084,0.007267286348314045,0.0005918665053587549,1,0.1005987152455976,-0.002541036747653718,-0.0035548251072661206,-0.0828122007185736,-0.011690652672104045,0.13037275691728825,1,0.4099319711008099,0.050585966392626476,-0.35934600470818345
tm560903,patrick_1997,1920,0.9841124021388701,0.00044595624135454595,0.0011319711986397109,0.012429014559823568,0.0018806558613120349,1,2021,0.9399562920401031,4.186650374434049e-05,0.0003404369884678414,0.059264854296636194,0.0003965501710484441,1,-0.044156110098766965,-0.00040408973761020544,-0.0007915342101718695,0.04683583973681263,-0.0014841056902635907,0.06437505540058774,4,0.09321876396505836,0.2319174855225268,0.13869872155746843
tm56183,bruno moreira_1987,1920,0.0009876019630727926,0.956992884265178,0.013905675454202671,0.001602277235810968,0.026511561081735354,2,2021,0.05962290011532491,0.31450276100678737,0.2740614040023371,0.05767249574294151,0.2941404391326091,2,0.058635298152252116,-0.6424901232583906,0.2601557285481344,0.056070218507130544,0.26762887805087376,0.6978943538773138,2,0.2149107009441757,1.4111477567785684,1.1962370558343927
tm564544,pedro amador_1998,1920,0.8321978625760503,0.0013130599173482047,0.008687505847813833,0.1429996837788633,0.01480188787992424,1,2021,0.21655520635707234,0.00024091394183835095,0.0027189057574079486,0.7647181772936729,0.015766796650008526,4,-0.615642656218978,-0.0010721459755098537,-0.005968600090405884,0.6217184935148096,0.000964908770084285,0.8749780220203905,4,0.5432870317928659,0.6199428803203126,0.07665584852744678
tm568216,show_1999,1920,0.0016451627504017788,0.00015114450042488662,0.0017310478360952645,0.9960061072656077,0.00046653764747043094,4,2021,0.06940962020236383,0.0021064208923723257,0.02704483351493981,0.8907283375855831,0.010710787804741,4,0.06776445745196205,0.001955276391947439,0.025313785678844545,-0.10527776968002456,0.01024425015727057,0.12774991715739958,4,0.030447127320952044,0.44744721766936335,0.4170000903484113
tm581121,tiago esgaio_1995,1920,0.8785592661062538,0.0004914516390335489,0.022744116937902018,0.09505764985530414,0.0031475154615063445,1,2021,0.6068186599959967,0.0001516433004903131,0.00390779618513002,0.3873662292793165,0.0017556712390664898,1,-0.2717406061102571,-0.0003398083385432358,-0.018836320752771998,0.2923085794240124,-0.0013918442224398547,0.3995524809874947,4,0.4453736622086429,0.7046344586140024,0.25926079640535954
tm589374,milson_1999,1920,0.0222983982055843,0.03178677071325372,0.11098682170697959,0.11557021803913131,0.7193577913350511,5,2021,0.002899408786873079,0.021789149260042082,0.9123279626852464,0.02304406737597229,0.03993941189186611,3,-0.01939898941871122,-0.009997621453211637,0.8013411409782668,-0.09252615066315903,-0.679418379443185,0.8069603373190537,3,0.9247567558285911,0.39953073870940214,-0.5252260171191889
tm58965,ruben lima_1989,1920,0.564558395870941,0.002570124638678124,0.020059116919390104,0.3898445438114945,0.02296781875949621,1,2021,0.13580963684745614,0.0001631108189969473,0.0070324447470877915,0.8529361879866759,0.004058619599783221,4,-0.42874875902348486,-0.0024070138196811766,-0.013026672172302313,0.4630916441751814,-0.018909199159712987,0.6312328074272311,4,0.8704138794291266,0.4654554594614419,-0.4049584199676847
tm592735,gonzalo plata_2000,1920,0.0020365962955580168,0.002747365478000616,0.9816374390300097,0.00847945036557822,0.0050991488308536935,3,2021,0.008474330450485977,0.0052822541003712834,0.0118408997276343,0.010942160589370439,0.963460355132138,5,0.00643773415492796,0.0025348886223706675,-0.9697965393023754,0.002462710223792219,0.9583612063012843,0.9698243462946717,3,0.11437886194686185,0.2059232241176637,0.09154436217080185
tm594546,ze uilton_1992,1920,0.015047778417844682,0.046364705877946284,0.885160662752542,0.040733383434363155,0.01269346951730399,3,2021,0.7616487694576527,0.01134511022903891,0.1286319725372013,0.08436370298909557,0.014010444787011602,1,0.746600991039808,-0.03501959564890737,-0.7565286902153407,0.043630319554732414,0.0013169752697076119,1.0643677352327172,3,0.4993255449962441,0.7903818747929896,0.2910563297967455
tm595012,ibrahima camara_1999,1920,0.024845829249042252,0.00555810422564021,0.020702549628606022,0.8965487926362726,0.052344724260438825,4,2021,0.08414150953083081,0.0022516580120744856,0.03353439777596041,0.85198564437564,0.028086790305494592,4,0.05929568028178856,-0.0033064462135657243,0.012831848147354386,-0.04456314826063268,-0.024257933954944234,0.07534879425988968,1,0.45325885586657855,0.5726681097409585,0.11940925387437995
tm598629,bruno duarte_1996,1920,0.008325672278826093,0.7042261356943177,0.04541519402336587,0.006839486951007014,0.23519351105248332,2,2021,0.0025679394213860792,0.8821983349302985,0.10632729649978083,0.0011113615656128729,0.007795067582921704,2,-0.005757732857440015,0.17797219923598084,0.06091210247641496,-0.005728125385394141,-0.22739844346956162,0.18828263551660143,2,0.8017289964439753,0.4095934302245347,-0.3921355662194406
tm601883,matheus nunes_1998,1920,0.0048255751764016315,0.0005137538905516662,0.0023055284916537874,0.9872659590019907,0.0050891834394024916,4,2021,0.026951486384269953,0.021619176727733277,0.8473896606947711,0.07407289153091451,0.029966784662311292,3,0.02212591120786832,0.02110542283718161,0.8450841322031173,-0.9131930674710762,0.0248776012229088,1.2445978321524764,4,0.08315677441763758,0.6185133202737552,0.5353565458561176
tm606050,pedro pelagio_2000,1920,0.0008989103014030762,0.00011044412229404535,0.001419638705425518,0.997154679200817,0.00041632767006037136,4,2021,0.06231751698941482,0.007160543785157066,0.12190890353702301,0.7654531075546823,0.04315992813372281,4,0.06141860668801174,0.007050099662863021,0.12048926483159748,-0.2317015716461347,0.04274360046366244,0.2683751672485752,4,0.022702558914186176,0.8051259774166943,0.7824234185025082
tm616341,nuno mendes_2002,1920,0.1816390274077435,0.009918720697790966,0.10831743767921476,0.6174035519781408,0.08272126223711006,4,2021,0.09250486479966914,0.0007012409025036749,0.03552169501325689,0.860905846204317,0.010366353080253268,4,-0.08913416260807434,-0.009217479795287292,-0.07279574266595787,0.2435022942261762,-0.07235490915685679,0.2694855252538043,4,1.1002386248554485,0.520161597290731,-0.5800770275647176
tm61764,marco matias_1989,1920,0.001468487287210544,0.004211772479406153,0.9352207736399958,0.05754733269933666,0.0015516338940506805,3,2021,0.027297709571732047,0.09300629566614863,0.47686811694426906,0.2678648712794667,0.13496300653838367,3,0.025829222284521502,0.08879452318674247,-0.4583526566957267,0.21031753858013003,0.13341137264433298,0.5127106796295737,3,0.26959456800893217,1.2954728848311787,1.0258783168222465
tm63837,andre andre_1989,1920,0.009849239876562048,0.01318181624190506,0.5708691877552816,0.3831308541382463,0.02296890198800493,3,2021,0.03075725920465945,0.011050928442561593,0.8100110125153794,0.13534413585295865,0.012836663984440706,3,0.020908019328097403,-0.002130887799343466,0.23914182476009782,-0.24778671828528767,-0.010132238003564225,0.3450054435269382,4,0.8768399012067295,0.654136675171366,-0.22270322603536352
tm64339,pizzi_1989,1920,0.009902513828613988,0.05335338684664162,0.16806515902583977,0.013224479160951876,0.7554544611379529,5,2021,0.006856254430679229,0.055375862507919704,0.888885608892,0.01963282400363023,0.029249450165771032,3,-0.003046259397934759,0.0020224756612780836,0.7208204498661602,0.006408344842678356,-0.7262050109721818,0.720858209312342,3,0.7708582224691307,0.47957090480204123,-0.2912873176670895
tm646677,riccieli_1998,1920,0.9863842139783966,0.0004935415975724374,0.0011656203273921139,0.010530526368387663,0.0014260977282513293,1,2021,0.9993992283837002,4.145835569372595e-06,2.5668114759580073e-05,0.0005031216075476841,6.783605842299237e-05,1,0.013015014405303615,-0.0004893957620030648,-0.0011399522126325338,-0.010027404760839978,-0.001358261669828337,0.016476602971089924,1,0.08244909194780771,0.00539545650015808,-0.07705363544764963
tm694928,samuel lino_1999,1920,0.004289998855107883,0.043047723402028316,0.9408309622061776,0.008086452585765255,0.00374486295092101,3,2021,0.0006057335559636227,0.9719901291163949,0.02548310037236123,0.00042220617871387383,0.001498830776566373,2,-0.00368426529914426,0.9289424057143666,-0.9153478618338163,-0.007664246407051381,-0.002246032174354637,1.3041733074181194,2,0.276054995599751,0.13864569983594288,-0.13740929576380811
tm782612,tiago melo almeida_2001,1920,0.8624061875022415,0.003726116573501204,0.006350198262286074,0.10969384682164839,0.017823650840322815,1,2021,0.8066165903729698,0.000590430201557405,0.00416160650836388,0.173929076569936,0.014702296347172825,1,-0.05578959712927167,-0.003135686371943799,-0.002188591753922195,0.06423522974828762,-0.0031213544931499894,0.08516611034648854,4,0.494836424483723,0.5668111001626728,0.07197467567894977
tm82281,ivo pinto_1990,1920,0.9836037477748278,0.000351251270683553,0.0018735083537085619,0.011087174382453968,0.0030843182183260785,1,2021,0.03335288509912183,1.3767496745372889e-05,0.0005322532168880473,0.9659065389777146,0.0001945552095303148,4,-0.950250862675706,-0.0003374837739381801,-0.0013412551368205145,0.9548193645952606,-0.0028897630087957637,1.347092659724141,4,0.09856631210382893,0.15275461678519275,0.05418830468136382
tm83466,andre almeida_1990,1920,0.7226277506905509,0.010113927309430643,0.1411952505906506,0.08515541363263984,0.04090765777672812,1,2021,0.602121098623554,0.0009837367487027303,0.015306588427120873,0.3128081133719821,0.06878046282864023,1,-0.12050665206699684,-0.009130190560727912,-0.12588866216352973,0.22765269973934227,0.027872805051912107,0.2868430241996585,4,0.8981410456517471,0.9238877748489648,0.025746729197217655
tm84511,silvio_1987,1920,0.9908320312807125,0.00023295727260619025,0.0008413291416803528,0.006740140094829046,0.0013535422101718848,1,2021,0.9985988777176735,1.8646777396766058e-06,2.0814297151223367e-05,0.001359349974557258,1.9093332878291746e-05,1,0.007766846436961017,-0.00023109259486651365,-0.0008205148445291294,-0.005380790120271788,-0.001334448877293593,0.009487015035892127,1,0.05967016969856553,0.01082931423533097,-0.04884085546323456
tm85953,yohan tavares_1988,1920,0.8993707127239775,0.016924512767680176,0.009795109238831147,0.03468761747328035,0.03922204779623065,1,2021,0.9985890172961169,3.6220868382596485e-06,2.4653832838216288e-05,0.0013037107086358484,7.8996075570767e-05,1,0.09921830457213943,-0.016920890680841915,-0.009770455405992931,-0.0333839067646445,-0.03914305172065988,0.10649195055643314,1,0.4533523504753446,0.011123114627746917,-0.4422292358475977
tm9413,ricardo vaz te_1986,1920,0.0048964963011386125,0.8963385762930115,0.055632997941834406,0.0055945397713529,0.03753738969266253,2,2021,0.03193878196550559,0.30956157880374147,0.1718526455837326,0.04327938714940917,0.4433676064976112,5,0.027042285664366977,-0.58677699748927,0.11621964764189818,0.03768484737805627,0.4058302168049487,0.5999714028321603,2,0.43708730489331826,1.2721556043483808,0.8350682994550626
tm95429,osama rashid_1992,1920,0.10716668245350389,0.007385329915449985,0.42007934307058503,0.45546119292576226,0.009907451634698826,4,2021,0.10981282569428634,0.005656464750062153,0.2735229537945011,0.5916477963210584,0.019359959440092098,4,0.002646143240782453,-0.0017288651653878323,-0.14655638927608394,0.1361866033952961,0.009452507805393272,0.20008887333083156,3,1.0438443649188922,1.0133218953451237,-0.030522469573768474
tm96140,jorge correa_1993,1920,0.005176097555579337,0.12322192377866455,0.8498579788593407,0.015036393556110155,0.0067076062503051495,3,2021,0.0045596585808843435,0.001878562950370755,0.8552924611568999,0.13529187524515712,0.002977442066687922,3,-0.0006164389746949935,-0.12134336082829379,0.005434482297559273,0.12025548168904697,-0.0037301641836172275,0.17092543897332024,2,0.5201839040274698,0.45800940249720706,-0.06217450153026277
anderson_1998,anderson_1998,2021,0.015882642911088124,0.0025537648433114,0.8995537986924451,0.07856052980142568,0.003449263751729591,3,2122,9.998460346040492e-41,2.1229003963170317e-40,1.0,5.8621779490427296e-39,2.4177825988806565e-41,3,-0.015882642911088124,-0.0025537648433114,0.10044620130755488,-0.07856052980142568,-0.003449263751729591,0.12853005975457493,3,0.3956692433506804,1.1052408446371418e-10,-0.3956692432401563
diederrick joel_1993,diederrick joel_1993,2021,0.00037625288357985397,0.9196236200504034,0.07667087466151415,0.000531866265313035,0.0027973861391895486,2,2122,0.0007665661828862753,0.9658981199840863,0.01907448962934949,0.0028042879972152955,0.011456536206462805,2,0.0003903132993064214,0.04627449993368282,-0.05759638503216466,0.0022724217319022603,0.008659150067273257,0.0739188011123355,3,0.29738737799441145,0.18221750478921592,-0.11516987320519553
francisco chico_1998,francisco chico_1998,2021,0.0054449768462312325,0.6276744470178678,0.23086275883500396,0.031005357886800332,0.10501245941409666,2,2122,0.08496204908491031,0.0038199132164348556,0.423942699464588,0.4630917533584967,0.024183584875570208,4,0.07951707223867908,-0.623854533801433,0.19307994062958406,0.4320863954716964,-0.08082887453852645,0.7870806570785878,2,1.0035073341595508,1.0410703130399808,0.03756297888042992
lamine diaby_1996,lamine diaby_1996,2021,0.11077517904153637,0.0477627974091969,0.08662866908576963,0.23227347570689863,0.5225598787565985,5,2122,0.013199055534055548,0.004806924466995266,0.018790767229647135,0.02070918963452372,0.9424940631347783,5,-0.09757612350748082,-0.042955872942201635,-0.0678379018561225,-0.2115642860723749,0.41993418437817986,0.24642997984930387,4,1.2791404551935546,0.29357314610207996,-0.9855673090914746
paulo sergio mota_1991,paulo sergio mota_1991,2021,0.45894559515122696,0.0009721790078463822,0.015145049726225027,0.515017943790904,0.009919232323797591,4,2122,0.22477430781223195,0.005426888399519399,0.28205908955696807,0.46741893067161466,0.020320783559665923,4,-0.234171287338995,0.004454709391673016,0.266914039830743,-0.04759901311928938,0.010401551235868332,0.3582803468772243,3,0.8151418330100585,1.1554627800044512,0.34032094699439275
pedro borges_1997,pedro borges_1997,2021,0.1703006593477964,0.0038653741671573778,0.0785345954060691,0.7283876101347824,0.0189117609441949,4,2122,0.03568031693397775,0.0030515612869854306,0.288267353992703,0.6618902130433311,0.011110554743002765,4,-0.13462034241381865,-0.0008138128801719472,0.20973275858663387,-0.0664973970914513,-0.007801206201192134,0.257939978924003,3,0.8286316575062878,0.8182978710536014,-0.010333786452686344
pedro rodrigues_1997,pedro rodrigues_1997,2021,0.0352667308539091,0.00011462633590984779,0.005489054134445735,0.9574349332072258,0.0016946554685095224,4,2122,0.021245285600744884,0.002537233794949778,0.20839562648736187,0.7559787943174902,0.011843059799453451,4,-0.014021445253164216,0.0024226074590399304,0.20290657235291615,-0.20145613888973568,0.010148404330943928,0.28628329143395315,3,0.20002973149869446,0.6878383582111888,0.4878086267124943
rui filipe cunha correia_1995,rui filipe cunha correia_1995,2021,0.056894858403789515,0.007904897352290585,0.11325183359828929,0.7920698346450544,0.02987857600057621,4,2122,0.1490724796993018,0.0026928230515614964,0.18074684206573507,0.6527838057560625,0.014704049427338987,4,0.09217762129551227,-0.005212074300729088,0.06749500846744579,-0.1392860288889919,-0.015174526573237222,0.18022223391663098,4,0.7375604725198913,0.9493269529137132,0.21176648039382184
sphephelo sithole_1999,sphephelo sithole_1999,2021,0.15882348266795884,0.001226669665574744,0.008972328642762305,0.8092219391649561,0.021755579858748122,4,2122,0.14339223016114094,0.0009900727361326234,0.07760333863344676,0.7687514104571675,0.009262948012112356,4,-0.0154312525068179,-0.00023659692944212065,0.06863100999068446,-0.040470528707788556,-0.012492631846635766,0.08115576848422767,3,0.5973197580366524,0.7292454949596133,0.13192573692296095
thibang phete_1994,thibang phete_1994,2021,0.5101683544573749,0.00031834049377911554,0.007319576404905596,0.4810509103231834,0.0011428183207569515,1,2122,0.7260765194962986,0.0007332737409652219,0.06076859301534209,0.21035747962444334,0.002064134122950778,1,0.21590816503892374,0.00041493324718610636,0.053449016610436495,-0.2706934306987401,0.0009213158021938266,0.3503544472390083,4,0.7416721696147697,0.748602055938691,0.00692988632392133
tm102427,sebastian coates_1990,2021,0.9947571218318139,0.00017719731320399784,0.001574028890210659,0.0027021692123390608,0.000789482752432285,1,2122,0.9924858301260264,0.00011638721948622913,0.002728574334844761,0.004374040769837485,0.00029516754980519246,1,-0.002271291705787437,-6.0810093717768716e-05,0.001154545444634102,0.0016718715574984238,-0.0004943152026270926,0.0030480475010692225,1,0.038538739209169816,0.05080880810847466,0.012270068899304841
tm106837,abdoulaye ba_1991,2021,0.9885631317666612,4.30887647269781e-05,0.00034826694206125866,0.010568924046206555,0.00047658848034399815,1,2122,0.9999656026082901,5.03889441133202e-07,1.3171654500457522e-05,1.719889582044428e-05,3.522951947628931e-06,1,0.011402470841628931,-4.258487528584489e-05,-0.0003350952875608011,-0.01055172515038611,-0.0004730655283963692,0.015539284001099836,1,0.06630968718245871,0.0004226376371411873,-0.06588704954531752
tm109256,haris seferovic_1992,2021,0.005517985008219232,0.5207697089956791,0.03099412338222314,0.0024986075102754477,0.4402195751036032,2,2122,0.009041485595319625,0.2426018761775452,0.04266137965146623,0.019340498970251432,0.6863547596054175,5,0.003523500587100393,-0.2781678328181339,0.011667256269243087,0.016841891459975986,0.24613518450181426,0.2789436008370265,2,0.8523029817261631,0.8553533599009808,0.0030503781748176806
tm111200,fabio pacheco_1988,2021,0.6059220129571121,0.00045831623155648753,0.003925274479094525,0.37450127678124867,0.015193119550988165,1,2122,0.476811034667798,0.0018213281859403966,0.09467474194153813,0.39883090193723547,0.027861993267488113,1,-0.12911097828931412,0.001363011954383909,0.09074946746244361,0.0243296251559868,0.012668873716499949,0.15968374689165918,1,0.7602725962209065,1.0541818472310553,0.29390925101014886
tm112465,sergio oliveira_1992,2021,0.020864793422339302,0.03839672031152544,0.7578918378330785,0.08492265891922657,0.09792398951383018,3,2122,0.017554508814592456,0.029871686951119657,0.09395851867085929,0.09142620698992134,0.7671890785735073,5,-0.003310284607746846,-0.008525033360405783,-0.6639333191622192,0.006503548070694767,0.6692650890596771,0.6640281489584982,3,0.8529571146704572,0.8200745052017885,-0.03288260946866872
tm118323,ricardo alves_1991,2021,0.8945655744734411,0.008893049884856905,0.03832579890549301,0.030016121897214813,0.028199454838994144,1,2122,0.7923427810052412,0.0002637197405054986,0.03550672481098159,0.17120444725829945,0.0006823271849722989,1,-0.10222279346819985,-0.008629330144351407,-0.0028190740945114173,0.14118832536108464,-0.027517127654021846,0.17454528134613176,4,0.4725373864500482,0.6122548319377977,0.1397174454877495
tm124548,bebeto_1990,2021,0.26788525814234176,0.0014408802909862321,0.01443055234094791,0.626882436985056,0.08936087224066809,4,2122,0.4126941939434849,0.005477446394759622,0.07324880694343186,0.31858602947748255,0.1899935232408412,1,0.14480893580114312,0.00403656610377339,0.05881825460248395,-0.3082964075075734,0.10063265100017312,0.34567641474409,4,0.9320117811871524,1.2651939437246376,0.3331821625374851
tm125165,jesus corona_1993,2021,0.007248448832340459,0.006383886893959507,0.9224034798749117,0.054111555903074135,0.009852628495714102,3,2122,0.5471271567788879,0.012071838601195794,0.16130370610620487,0.21506302864459811,0.06443426986911337,1,0.5398787079465475,0.005687951707236287,-0.7610997737687069,0.160951472741524,0.05458164137339926,0.9469316840707674,3,0.3458286611412648,1.1847711123798736,0.8389424512386088
tm126956,edgar costa_1987,2021,0.023745573386638012,0.0022695005747359145,0.09223610938386825,0.865195933866897,0.016552882787860965,4,2122,0.012470750657301452,0.03834590434667137,0.4536267736971793,0.4146555855738772,0.08090098572497051,3,-0.01127482272933656,0.03607640377193546,0.361390664313311,-0.45054034829301975,0.06434810293710955,0.5788077800353978,4,0.5156363618789894,1.1067617338593412,0.5911253719803518
tm127031,pierre sagna_1990,2021,0.6028284089052258,0.0015716511089517824,0.026625721640638447,0.26515990799753797,0.10381431034764603,1,2122,0.9876484442628015,0.00011412868544641328,0.001982779331783992,0.008680058243821157,0.0015745894761471418,1,0.3848200353575757,-0.0014575224235053692,-0.024642942308854453,-0.2564798497537168,-0.1022397208714989,0.4631174493792557,1,0.9989270217663373,0.07701427410669068,-0.9219127476596466
tm129386,zouhair feddal_1989,2021,0.9940439939121496,6.847326696847517e-05,0.001009722893460228,0.00443368955071807,0.0004441203767034246,1,2122,0.9986388171061242,3.3062495206619705e-05,0.0006004069020231164,0.0006109924506776822,0.00011672104596808175,1,0.00459482319397464,-3.541077176185546e-05,-0.0004093159914371115,-0.003822697100040388,-0.00032739933073534284,0.005991177414010323,1,0.04101237624764024,0.011733723565250802,-0.029278652682389435
tm129670,luiz carlos_1985,2021,0.05335252674735049,0.012892990760057128,0.5577128650162216,0.35493445643951727,0.021107161036853575,3,2122,0.05382031048531362,0.001104627504486336,0.05371815479565543,0.8829565121327815,0.008400395081763174,4,0.0004677837379631275,-0.011788363255570793,-0.5039947102205662,0.5280220556932642,-0.012706765955090401,0.730039138374597,4,0.9872038233289685,0.47192058048952124,-0.5152832428394473
tm131015,marco baixinho_1989,2021,0.998047275730948,1.0770279683314596e-05,7.285401416201855e-05,0.0016991194882307575,0.0001699804869760194,1,2122,0.9996499918653242,8.703667979493312e-06,9.983217214582661e-05,0.00019018557171747143,5.128672283307819e-05,1,0.0016027161343762364,-2.0666117038212836e-06,2.6978157983808054e-05,-0.0015089339165132861,-0.00011869376414294121,0.002201434228789533,1,0.015079881025001176,0.0035070470706933966,-0.01157283395430778
tm137192,zainadine junior_1988,2021,0.9960583970690271,1.5060380249425974e-05,0.00012536389337200783,0.0037018800738833216,9.9298583468104e-05,1,2122,0.9994791546241348,7.55880956468824e-06,0.0001548452428514992,0.0003270231234556163,3.141819999332394e-05,1,0.003420757555107734,-7.501570684737735e-06,2.9481349479491364e-05,-0.003374856950427705,-6.788038347478007e-05,0.0048054310015030605,1,0.026869134803099118,0.004918584797733824,-0.021950550005365294
tm139395,ricardo esgaio_1993,2021,0.11304762927012893,0.0010101461257972805,0.010553108594639114,0.8673649589304444,0.008024157078990216,4,2122,0.09008038564394469,0.011820877948690911,0.13261565021052915,0.6049130161263074,0.16057007007052795,4,-0.02296724362618424,0.01081073182289363,0.12206254161589003,-0.262451942804137,0.15254591299153775,0.290559206616703,4,0.46357714651653764,1.134970044323404,0.6713928978068664
tm14132,pepe_1983,2021,0.9959434739033499,4.85338634005827e-05,0.0004409509050907472,0.0032731016368132155,0.00029393969134538616,1,2122,0.995364673014608,0.00011900530596401124,0.001637387661087489,0.0026192567526254007,0.00025967726571506447,1,-0.0005788008887419593,7.047144256342854e-05,0.0011964367559967417,-0.0006538448841878148,-3.4262425630321696e-05,0.0014828859486501434,3,0.029056528807885545,0.033918254819941866,0.0048617260120563215
tm149729,joao mario_1993,2021,0.032841669378445834,0.001689525338536759,0.3075270441010864,0.6531348085508577,0.004806952631073371,4,2122,0.002546417910335327,0.001994648419650234,0.17445431096752748,0.8166884751332348,0.004316147569251978,4,-0.030295251468110507,0.0003051230811134751,-0.1330727331335589,0.16355366658237713,-0.000490805061821393,0.2130165475210446,4,0.7894822802456886,0.521105114882394,-0.2683771653632946
tm155025,fabio cardoso_1994,2021,0.9635673075311534,0.0015044124220719105,0.008427156047485472,0.022601397075744212,0.003899726923544827,1,2122,0.998925374686509,2.691195763663925e-05,0.00039934720547261964,0.00047357938061775174,0.00017478676976398876,1,0.03535806715535561,-0.0014775004644352714,-0.008027808842012853,-0.02212781769512646,-0.0037249401537808383,0.04250249347200344,1,0.19307380469045216,0.009619989704495764,-0.1834538149859564
tm155395,salvador agra_1991,2021,0.0004517960942929663,0.003437322551291703,0.9931654851075247,0.0017937364731228141,0.0011516597737678462,3,2122,0.0034462005302622403,0.5558600900698774,0.3670894092209323,0.053383620599071,0.020220679579857206,2,0.002994404435969274,0.5524227675185857,-0.6260760758865924,0.051589884125948185,0.019069019806089358,0.8365480556862842,3,0.048926487033647464,0.9491520394375551,0.9002255524039077
tm164705,raul silva_1989,2021,0.9494515666665203,7.341099745582538e-05,0.0005394977126813541,0.049436258049458275,0.0004992665738841021,1,2122,0.687503396143303,0.013069377915283415,0.12101363164107308,0.15237204312014033,0.026041551180200077,1,-0.2619481705232173,0.01299596691782759,0.12047413392839172,0.10293578507068205,0.025542284606315975,0.3064237784351983,1,0.2064612113329366,0.9515292601583557,0.7450680488254191
tm172181,diogo figueiras_1991,2021,0.752424491854571,0.00011644314735305811,0.004968110674275373,0.2409647617675669,0.0015261925562336787,1,2122,0.42490486861445115,0.002060864711837062,0.06920638821591639,0.4763786354864497,0.02744924297134581,4,-0.3275196232401199,0.0019444215644840038,0.06423827754164102,0.2354138737188828,0.02592305041511213,0.40843497967659126,1,0.59425518110376,1.0131907499456543,0.4189355688418943
tm173617,fabricio_1990,2021,0.0025793737724245326,0.40087844111125454,0.5870765381736873,0.004306758373423836,0.005158888569209748,3,2122,0.013956192545551492,0.7943514978771663,0.16255607504942157,0.013884601131919135,0.015251633395941395,2,0.011376818773126959,0.39347305676591177,-0.4245204631242657,0.0095778427584953,0.010092744826731646,0.5790162666879528,3,0.74512582046353,0.6610050233469097,-0.08412079711662035
tm176485,lucas piazon_1994,2021,0.012206469025743074,0.09723215592773098,0.8410021545294004,0.015513726066293492,0.03404549445083197,3,2122,0.006744985328956914,0.00046608737684930487,0.360267419985687,0.6316882732234204,0.0008332340850865371,4,-0.00546148369678616,-0.09676606855088167,-0.4807347345437134,0.6161745471571268,-0.033212260365745434,0.7875090205121901,4,0.6057288266108793,0.7011730860006034,0.095444259389724
tm176997,anderson carvalho_1990,2021,0.13543060690544106,0.0030469736511916277,0.03580795469076233,0.8056607444237917,0.020053720328813314,4,2122,0.175511501780138,0.002178003117538377,0.11886656933847888,0.6762373391116884,0.027206586652156552,4,0.04008089487469693,-0.0008689705336532507,0.08305861464771655,-0.12942340531210328,0.007152866323343238,0.15892257408412344,4,0.6601385567784542,0.9345173595433806,0.2743788027649263
tm177964,yusupha njie_1994,2021,0.003635904439961474,0.882792134234873,0.06819330738777216,0.002668483478407706,0.04271017045898559,2,2122,0.0002659717777395483,0.980327094684139,0.014429495564219505,0.0023487671814701795,0.0026286707924319417,2,-0.0033699326622219257,0.09753496044926602,-0.05376381182355265,-0.0003197162969375265,-0.04008149966655365,0.11142295381247395,2,0.4640959938465889,0.11266354455006457,-0.35143244929652434
tm181783,claudio winck_1994,2021,0.005577597676280989,2.4438714282545145e-05,0.001253550138613532,0.9926644754648484,0.00047993800597472496,4,2122,0.04421738089042,0.005378629755900515,0.23054356352912073,0.7050117348008729,0.014848691023685783,4,0.038639783214139016,0.00535419104161797,0.2292900133905072,-0.2876527406639755,0.014368753017711058,0.369918517596323,4,0.04855377165500203,0.8132242294443173,0.7646704577893152
tm182108,sebastian perez_1993,2021,0.3841476886579346,0.02441543573152735,0.36563928767616866,0.15400321392414162,0.07179437401022783,1,2122,0.08040536267252643,0.0006736605350491077,0.06547941647434387,0.8505613566163897,0.0028802037016909176,4,-0.3037423259854082,-0.02374177519647824,-0.3001598712018248,0.696558142692248,-0.06891417030853692,0.8173813473008033,4,1.303249948734637,0.5406131656585291,-0.7626367830761078
tm182936,filipe ferreira_1990,2021,0.8749419020103139,0.00015988002690739105,0.003747258987189586,0.11738048008718567,0.00377047888840351,1,2122,0.9103668754418762,0.0005109639912915957,0.02714333307972771,0.05649951150487317,0.005479315982231185,1,0.03542497343156237,0.00035108396438420463,0.023396074092538122,-0.0608809685823125,0.0017088370938276747,0.07422210331862741,4,0.4117323869396545,0.3781410925233068,-0.03359129441634773
tm193082,alex grimaldo_1995,2021,0.34919174219519106,0.0035347492068689536,0.14297897435472637,0.4294735386440607,0.07482099559915281,4,2122,0.07191590951561931,0.026781079128511263,0.3010589824422913,0.471928691079935,0.12831533783364296,4,-0.27727583267957173,0.02324632992164231,0.15808000808756492,0.04245515243587433,0.05349434223449015,0.32282194499180755,1,1.2224270631285652,1.2655057939415348,0.043078730812969646
tm193303,nuno sequeira_1990,2021,0.14658736176259143,9.555929706170924e-05,0.0020825893157196823,0.8491421447676165,0.002092344857010708,4,2122,0.9083858951251553,0.001944153462097458,0.017898278474970407,0.050363059551422576,0.02140861338635417,1,0.7617985333625639,0.0018485941650357488,0.015815689159250725,-0.7987790852161939,0.019316268529343462,1.1039196464127912,4,0.4469777659380602,0.40422982090727827,-0.04274794503078194
tm193830,iuri medeiros_1994,2021,0.031668008686139976,0.10641643631145449,0.47325548437104326,0.041529710355150205,0.34713036027621214,3,2122,0.015616499459267847,0.30630405647866277,0.13784616131343216,0.06218848056072538,0.47804480218791184,5,-0.01605150922687213,0.1998876201672083,-0.33540932305761106,0.020658770205575175,0.1309144419116997,0.39132966974782546,3,1.2012022472540438,1.226081091108354,0.024878843854310162
tm193994,yves baraye_1992,2021,0.004649016166995439,0.04875376797362524,0.9159895922807058,0.007344682280192843,0.023262941298480576,3,2122,0.0026192521728753,0.010763884218269452,0.6662509565120605,0.3167178012467752,0.003648105850019736,3,-0.002029763994120139,-0.03798988375535579,-0.2497386357686453,0.3093731189665823,-0.01961483544846084,0.39941014526963686,4,0.3762120683556327,0.7195286187709408,0.34331655041530806
tm196792,julian weigl_1995,2021,0.03489186310534558,0.00026955413430066784,0.005840823669944857,0.9570708681596565,0.0019268909307525379,4,2122,0.005487552047318875,9.93720275581027e-05,0.005323051339697778,0.9885087895545528,0.0005812350308721519,4,-0.029404311058026707,-0.00017018210674256515,-0.0005177723302470785,0.03143792139489632,-0.001345655899880386,0.043049430432519034,4,0.20337460308414868,0.07310536800976043,-0.13026923507438826
tm197981,pedrinho_1992,2021,0.015860924532771485,0.0037856008204402605,0.6905142712172009,0.2712848705349517,0.018554332894635678,3,2122,0.015987558426595248,0.007868418877344154,0.27020193237697027,0.6607240789081246,0.045218011410965854,4,0.00012663389382376253,0.004082818056903893,-0.4203123388402306,0.38943920837317286,0.026663678516330176,0.5730113826435712,3,0.7704384196722567,0.8716510204769358,0.10121260080467909
tm198053,lazar rosic_1993,2021,0.9945504571847195,3.171702515996931e-05,0.000163230164833293,0.004891926987340198,0.0003626686379470998,1,2122,0.9999688141424667,6.422863480915051e-07,1.129935678869349e-05,1.69096154065936e-05,2.334598989747479e-06,1,0.005418356957747283,-3.107473881187781e-05,-0.0001519308080445995,-0.004875017371933604,-0.0003603340389573523,0.007290297326450282,1,0.03608558364734577,0.0003851224301459525,-0.035700461217199816
tm203348,chancel mbemba_1994,2021,0.995560666823216,7.177119731621168e-05,0.00042100072849039083,0.003302263018672373,0.0006442982323049412,1,2122,0.9914522579173449,0.00023284706699441533,0.0037591301393410646,0.0036254931364653573,0.0009302717398540489,1,-0.004108408905871053,0.00016107586967820364,0.003338129410850674,0.00032323011779298444,0.0002859735075491077,0.005305898118722965,1,0.03198689276816668,0.05831600638972421,0.02632911362155753
tm205116,talocha_1989,2021,0.5105364432948493,0.0005958765123229211,0.016918626163329512,0.45927884923096957,0.012670204798528775,1,2122,0.9894429090696871,0.00018182350494146804,0.00566606152564819,0.004252793302092509,0.00045641259763067363,1,0.47890646577483786,-0.0004140530073814531,-0.011252564637681322,-0.45502605592887707,-0.012213792200898101,0.660701828502051,1,0.8293853565247843,0.06811092438343423,-0.76127443214135
tm211072,paulinho_1992,2021,7.58333984319068e-05,0.9864771222323658,0.012338374619653208,9.30383259941563e-05,0.0010156314235548753,2,2122,2.812171964967667e-05,0.9986334573259515,0.0006171450318419555,0.00013538722073757584,0.000585888701819191,2,-4.7711678782230135e-05,0.012156335093585713,-0.011721229587811252,4.234889474341954e-05,-0.00042974272173568434,0.016886911375112494,2,0.07624172869003525,0.011787598853181265,-0.06445412983685397
tm211107,joao afonso_1990,2021,0.9772753856454589,4.573426573681675e-05,0.00029010186420004976,0.02101978109840504,0.0013689971261990855,1,2122,0.9996290855677427,7.703936796968771e-06,0.00017181109086966936,0.0001575164466967073,3.388295789411083e-05,1,0.022353699922283754,-3.8030328939847976e-05,-0.0001182907733303804,-0.02086226465170833,-0.0013351141683049747,0.030576746485301575,1,0.11549564234333808,0.0036789548309640496,-0.11181668751237403
tm211345,mansur_1993,2021,0.98606933351948,2.470675370101963e-05,0.00028196370441103773,0.013352269730767988,0.0002717262916399259,1,2122,0.9984878226301686,1.2851257911103577e-05,0.00041394510171630685,0.0009706799376802032,0.0001147010725237881,1,0.012418489110688546,-1.1855495789916052e-05,0.00013198139730526912,-0.012381589793087785,-0.00015702521911613779,0.017536824035115386,1,0.07626036001175288,0.012655114361088512,-0.06360524565066436
tm214070,ewerton_1992,2021,0.07010084348660937,0.001974894492131392,0.06968433868203229,0.8533887146899682,0.004851208649258731,4,2122,0.003988134397620449,0.0006270556141335703,0.20695789719234448,0.787532689301099,0.0008942234948023324,4,-0.06611270908898892,-0.0013478388779978217,0.1372735585103122,-0.06585602538886925,-0.003956985154456399,0.16599323154523446,3,0.5453834815979377,0.5470442678058293,0.0016607862078915625
tm214538,mateus uribe_1991,2021,0.26103395854166545,0.00640523282228225,0.14698999862979104,0.5641576602033356,0.0214131498029257,4,2122,0.007027342323887375,0.00016013023692716642,0.010535481354472402,0.9812921140745781,0.000984932010135026,4,-0.2540066162177781,-0.006245102585355084,-0.13645451727531863,0.4171344538712425,-0.020428217792790675,0.5071285342790397,4,1.0700265264983406,0.10955918110587406,-0.9604673453924666
tm215122,ivo rodrigues_1995,2021,0.011205783117942809,0.044327585105630146,0.8692266619494214,0.04204590604276422,0.033194063784241425,3,2122,0.012371963407454285,0.0145339507618777,0.3154941043603712,0.5918466698645746,0.06575331160572233,4,0.0011661802895114766,-0.029793634343752446,-0.5537325575890503,0.5498007638218103,0.032559247821480904,0.7808902905383277,3,0.5565651673794342,0.9691959751967286,0.41263080781729444
tm222813,marko grujic_1996,2021,0.1983725363306322,0.029680810384139472,0.27905477128375006,0.4528472600347658,0.04004462196671269,4,2122,0.07356460456701548,0.0023956658624786865,0.16411761487670865,0.7478457929510358,0.012076321742761178,4,-0.12480793176361672,-0.027285144521660785,-0.11493715640704141,0.29499853291627004,-0.02796830022395151,0.34140325611857875,4,1.2690546396652842,0.773646090369223,-0.49540854929606115
tm225151,rafael barbosa_1996,2021,8.303988793422908e-05,0.0007724725109995728,0.9989061889034088,0.00014278984989476886,9.550884776263737e-05,3,2122,0.000857264802484706,0.017446916562658666,0.8827155281747615,0.09732056534016519,0.0016597251199298646,3,0.0007742249145504769,0.016674444051659094,-0.11619066072864725,0.09717777549027042,0.0015642162721672271,0.15238906193834,3,0.009557281460395814,0.42416621043169445,0.41460892897129864
tm231289,otavio_1995,2021,0.016980133420406718,0.0054722416721267805,0.69380601356011,0.24346266822025012,0.04027894312710637,3,2122,0.013053407379532367,0.008083668644548136,0.22536495853355937,0.6675059618154309,0.08599200362692908,4,-0.003926726040874351,0.0026114269724213553,-0.4684410550265506,0.4240432935951808,0.045713060499822704,0.6318797160897546,3,0.8246706742315123,0.912174784608786,0.08750411037727368
tm231614,gilberto_1993,2021,0.0026028777629378,1.6712871982779407e-05,0.0003980563630955552,0.9968143225560503,0.00016803044593337354,4,2122,0.1382017007758803,0.008095665154501316,0.0864815714393206,0.6355227072778434,0.13169835535245453,4,0.1355988230129425,0.008078952282518537,0.08608351507622504,-0.36129161527820686,0.13153032490652114,0.39546720864149154,4,0.0234312761591591,1.0792621865631322,1.0558309104039731
tm235568,joao pedro_1993,2021,0.018183764308501167,0.002776405103754145,0.6238074928853629,0.3505005614917316,0.004731776210649999,3,2122,0.0023357197764456664,0.0012732235876638381,0.15329969030710444,0.8409809104747518,0.002110455854034282,4,-0.015848044532055502,-0.001503181516090307,-0.4705078025782584,0.4904803489830202,-0.0026213203566157173,0.6798543852147215,4,0.7763868659468526,0.46878148780986967,-0.3076053781369829
tm238055,rafa silva_1993,2021,0.0054092825249663955,0.012048754113475526,0.9679781138698204,0.00795401783834857,0.0066098316533892525,3,2122,0.009501124199902393,0.36379527523210725,0.17630179359160966,0.06178706143997576,0.38861474553640485,5,0.004091841674935997,0.35174652111863175,-0.7916763202782107,0.05383304360162719,0.3820049138830156,0.8679814231652746,3,0.18460547845235875,1.2574039114698186,1.0727984330174598
tm249360,ali alipour_1995,2021,0.006062576223904665,0.051698414395403215,0.9335157801377686,0.004418119977389606,0.004305109265533761,3,2122,3.736393832876619e-42,1.0,2.1229003963170317e-40,1.4562483637752376e-41,2.4177825988806565e-41,2,-0.006062576223904665,0.9483015856045968,-0.9335157801377686,-0.004418119977389606,-0.004305109265533761,1.3307080384671253,2,0.29573361157454126,1.1052408446371418e-10,-0.29573361146401717
tm255995,mario gonzalez_1996,2021,0.002350601206371962,0.9376379826347859,0.019917985103021247,0.0008978275323895196,0.03919560352343128,2,2122,0.00014658851997598202,0.9939671317406326,0.0019545013664077127,0.0005175417373886506,0.003414236635595073,2,-0.00220401268639598,0.05632914910584663,-0.017963483736613533,-0.000380285795000869,-0.03578136688783621,0.05916639313116827,2,0.2858663977817887,0.042808261160540095,-0.2430581366212486
tm257388,wilson manafa_1994,2021,0.9470837350817076,5.96596357842551e-05,0.0012400952314304495,0.05098460940926351,0.0006319006418143507,1,2122,0.971267776882543,0.00042089683981099606,0.015623718221128527,0.011316953970686083,0.001370654085831483,1,0.024184041800835332,0.00036123720402674096,0.014383622989698077,-0.03966765543857743,0.0007387534440171323,0.04863547952313821,4,0.21676762113225959,0.1563180168306352,-0.06044960430162438
tm257455,joao palhinha_1995,2021,0.19549745824578119,0.006689700434050102,0.06045726805115057,0.6592793810325331,0.07807619223648501,4,2122,0.02931941212381392,0.009061882273879076,0.43710034125006575,0.47636727872459,0.048151085627651205,4,-0.16617804612196727,0.002372181839828974,0.37664307319891516,-0.18291210230794314,-0.02992510660883381,0.45048597316568106,3,0.9959819452021731,1.0071680676374444,0.011186122435271284
tm257456,francisco geraldes_1995,2021,0.01389689173528289,0.006696196885259605,0.9488427189449133,0.02639689241424268,0.004167300020301315,3,2122,0.0008337849733962337,0.0010824218350566764,0.1698357670782744,0.827500708938611,0.0007473171746615211,4,-0.013063106761886656,-0.005613775050202928,-0.7790069518666389,0.8011038165243684,-0.0034199828456397937,1.1175067405322652,4,0.26155138661376975,0.47647166142977154,0.2149202748160018
tm258015,diogo goncalves_1997,2021,0.12286465040142967,0.0015074138923382066,0.053451562197001694,0.7766858063281976,0.0454905671810326,4,2122,0.012511996244245704,0.007156375953544545,0.42007407594614443,0.5446365713360733,0.01562098051999195,4,-0.11035265415718397,0.005648962061206338,0.36662251374914273,-0.23204923499212426,-0.02986958666104065,0.4477371261131631,3,0.760820392037199,0.8504179719884474,0.0895975799512484
tm258135,andrija lukovic_1994,2021,0.07822704574814872,0.03615874934273416,0.3677269309685545,0.4527711249712979,0.06511614896926476,4,2122,0.007839606565140553,0.001648592659920546,0.0863416276839947,0.9006107924171781,0.0035593806737660586,4,-0.07038743918300816,-0.03451015668281361,-0.2813853032845598,0.4478396674458802,-0.06155676829549871,0.5346806515590351,4,1.223885724772739,0.37440990160552134,-0.8494758231672177
tm261927,ricardo horta_1994,2021,0.002469234715116032,0.4074239857208508,0.5751092161931904,0.0032913821260895826,0.011706181244753255,3,2122,0.011531940837804806,0.45366493489687865,0.2592259947215485,0.0921776370620606,0.18339949248170728,2,0.009062706122688773,0.046240949176027835,-0.31588322147164194,0.08888625493597102,0.17169331123695403,0.3315167174469653,3,0.7696788691138905,1.290824052107424,0.5211451829935334
tm262002,welinton junior_1993,2021,0.020607802320931224,0.2625020412427915,0.35424797199148117,0.17331930874939963,0.18932287569539666,3,2122,0.00303090931235574,0.7692248670179662,0.07904689426796205,0.042507991900296076,0.10618933750141991,2,-0.017576893008575484,0.5067228257751748,-0.2752010777235191,-0.13081131684910355,-0.08313353819397674,0.5915439147902682,2,1.4175736568216593,0.7923732130256905,-0.6252004437959687
tm264848,ruben lameiras_1994,2021,0.002864993300996511,0.003801862139454335,0.9762030687419246,0.013381962414241885,0.0037481134033824064,3,2122,0.004683086225602594,0.15475027227486665,0.8100344055278851,0.023894041607557797,0.006638194364087883,3,0.0018180929246060834,0.15094841013541233,-0.16616866321403956,0.010512079193315912,0.0028900809607054767,0.22474709436964607,3,0.14013816134753712,0.607044482071655,0.46690632072411786
tm265589,fahd moufi_1996,2021,0.0645315038254141,0.00017095196326097524,0.0043927914494491785,0.9274417681183214,0.0034629846435543757,4,2122,0.6327347510691961,0.0026488970005964863,0.124618316960185,0.22822596013438273,0.011772074835639752,1,0.568203247243782,0.002477945037335511,0.12022552551073581,-0.6992158079839386,0.008309090192085377,0.9089653423035177,4,0.2916609344870719,0.9543175867512825,0.6626566522642106
tm27178,ruben fernandes_1986,2021,0.9885945489097548,0.000148187046049225,0.0008273445070892658,0.009144562130462294,0.001285357406644186,1,2122,0.9899416354735501,0.0002833405527592202,0.004219764804909967,0.003740918302308221,0.001814340866472482,1,0.00134708656379523,0.00013515350670999522,0.003392420297820701,-0.005403643828154073,0.0005289834598282961,0.0065223301648526764,4,0.07000492009642277,0.06775376822935836,-0.002251151867064413
tm290336,rochinha_1995,2021,0.01400024290807622,0.01615600523081358,0.8904980456046355,0.03291999257562988,0.046425713680844916,3,2122,0.004282407746371179,0.2363958271792847,0.6309786105284197,0.10991543196965957,0.018427722576264807,3,-0.009717835161705041,0.2202398219484711,-0.2595194350762158,0.0769954393940297,-0.02799799110458011,0.34911122921195503,3,0.48458906701715293,0.971146019280513,0.4865569522633601
tm290388,rafael ramos_1995,2021,0.10485288690355257,9.34931178651889e-05,0.0026425134880033612,0.8907831005501802,0.0016280059403985156,4,2122,0.99577644936334,5.394861485162479e-05,0.0013669131194516625,0.001974041633904223,0.000828647268452658,1,0.8909235624597874,-3.954450301356411e-05,-0.0012756003685516987,-0.8888090589162759,-0.0007993586719458577,1.2584625405937766,1,0.3664926915667409,0.031933393470291255,-0.3345592980964497
tm290391,nuno santos_1995,2021,0.019995403891168224,0.04217568056450508,0.7523513578640606,0.043629842604907904,0.14184771507535807,3,2122,0.026360303301222836,0.2579751779758705,0.18535306359754114,0.2656773121224782,0.2646341430028873,4,0.006364899410054612,0.21579949741136542,-0.5669982942665195,0.2220474695175703,0.12278642792752922,0.6460666215242797,3,0.839512541114349,1.461737599932158,0.622225058817809
tm290530,bilel aouacheria_1994,2021,0.010434002459134669,0.042783494977955215,0.9003523334005731,0.03810985916962625,0.008320309992710913,3,2122,0.009956663078283011,0.005088538610304644,0.25757008544566756,0.7186812873622922,0.008703425503452674,4,-0.00047733938085165774,-0.03769495636765057,-0.6427822479549055,0.6805714281926659,0.00038311551074176123,0.9368925363917733,4,0.44131493520949905,0.7008477607524451,0.2595328255429461
tm298410,joao pedro sousa silva_1996,2021,0.013228625605149867,0.6252952309280403,0.0880146371004197,0.007852362161855675,0.26560914420453435,2,2122,0.013346697859730536,0.6383751950494974,0.28777532659328875,0.018467519386372148,0.04203526111111128,2,0.00011807225458066936,0.013079964121457066,0.19976068949286907,0.010615157224516473,-0.22357388309342308,0.20046973345630895,3,0.9548980128394644,0.9095156822066441,-0.04538233063282027
tm299400,pedro sa_1993,2021,0.17104099006728027,0.0010335689261938446,0.007197990129100628,0.8000026447448421,0.020724806132583356,4,2122,0.021808815926346058,0.0005156645633168607,0.08057340232040527,0.8952300574459121,0.0018720597440196331,4,-0.1492321741409342,-0.0005179043628769839,0.07337541219130464,0.09522741270107005,-0.018852746388563723,0.1916317334570216,1,0.603504065934763,0.40110010088974063,-0.2024039650450224
tm302371,toni martinez_1997,2021,0.004544265667060977,0.7547827187304479,0.03528888940133535,0.0032403704123538627,0.20214375578880192,2,2122,0.008114397219657187,0.3225347103779012,0.04803819418554857,0.014957239100513926,0.6063554591163791,5,0.00357013155259621,-0.4322480083525467,0.012749304784213218,0.011716868688160064,0.40421170332757717,0.43260942702209165,2,0.6966200776102167,0.9160700001087866,0.21944992249856987
tm307058,mehdi taremi_1992,2021,0.0012903523461377418,0.9173122942956379,0.024456880017658222,0.0009236997937647489,0.05601677354680137,2,2122,0.003841573995296314,0.6130022944997142,0.03106855086950444,0.011469443350493951,0.34061813728499124,2,0.0025512216491585726,-0.30430999979592366,0.006611670851846219,0.010545743556729202,0.2846013637381899,0.3045751329414725,2,0.3464110954739371,0.8473074706844612,0.5008963752105241
tm308371,mikel villanueva_1993,2021,0.9997240094183554,1.0532290193188133e-06,8.621275912605384e-06,0.00025626164054154724,1.0054436171277955e-05,1,2122,0.9999938013700067,9.149019063943638e-08,2.226804454240405e-06,3.0890079268870033e-06,7.913274214263465e-07,1,0.0002697919516513325,-9.61738828679377e-07,-6.39447145836498e-06,-0.0002531726326146602,-9.263108749851608e-06,0.00037003498927490504,1,0.0026257926061648293,8.697320987397461e-05,-0.0025388193962908546
tm308560,jhon murillo_1995,2021,0.019207776438958473,0.0589978313283235,0.877711421360593,0.018010227739094366,0.026072743133030502,3,2122,0.010901516166252826,0.3310504583102607,0.48873356684549574,0.12960528676798988,0.03970917191000091,3,-0.008306260272705647,0.2720526269819372,-0.38897785451509725,0.11159505902889552,0.013636428776970407,0.4876872505103264,3,0.5248104100512034,1.1580625058803005,0.633252095829097
tm312123,lucas possignolo_1994,2021,0.9997347527037701,2.3080965840810224e-06,1.690990785925255e-05,0.00022497632862371949,2.1052963162827558e-05,1,2122,0.9056568615790344,0.0018945435965247374,0.03127788699645811,0.048740137558461155,0.012430570269521586,1,-0.09407789112473575,0.0018922354999406565,0.03126097708859885,0.048515161229837435,0.012409517306358758,0.11038659208144752,1,0.00259736890503267,0.41179192463265313,0.4091945557276205
tm314367,marcus edwards_1998,2021,0.005541339529773464,0.04389697693996407,0.9194522937304349,0.012122234447934976,0.01898715535189264,3,2122,0.0008268665446939192,0.9223969304828721,0.05720042823989719,0.011430185648843974,0.008145589083692853,2,-0.004714472985079545,0.878499953542908,-0.8622518654905377,-0.0006920487990910024,-0.010841566268199786,1.2309602565086621,2,0.37197797685228906,0.33433399593139146,-0.0376439809208976
tm321239,everton soares_1996,2021,0.022552944034219775,0.09109696158885909,0.7536576896536828,0.03121451635183024,0.10147788837140809,3,2122,0.009948583540102569,0.08464833755334351,0.6922576793094584,0.1661975302949556,0.04694786930213994,3,-0.012604360494117206,-0.006448624035515577,-0.06140001034422449,0.13498301394312537,-0.054530019069268146,0.1489658685030163,4,0.8573078468642175,0.9513491513982142,0.09404130453399673
tm323945,yan matheus_1998,2021,0.003204107299530062,0.0033004213902127085,0.9799927809172773,0.009469401446037758,0.004033288946942,3,2122,0.010103281288146715,0.1486007526222424,0.639079977093195,0.16560147964722471,0.036614509349191346,3,0.006899173988616654,0.14530033123202968,-0.3409128038240823,0.15613207820118696,0.032581220402249346,0.4021921810683066,3,0.12342627161683353,1.0347375410492365,0.911311269432403
tm324803,nicolas janvier_1998,2021,0.08399636008283728,0.0009659013666320027,0.07162344549149609,0.8355049655962735,0.007909327462761243,4,2122,0.02054018884195277,0.011766814025750855,0.15584951023170923,0.7818869533074057,0.029956533593181494,4,-0.06345617124088451,0.010800912659118853,0.08422606474021314,-0.05361801228886787,0.02204720613042025,0.11879506137148182,3,0.5920213940975197,0.7192503393377769,0.12722894524025719
tm327911,felipe pires_1995,2021,0.001980326631879764,0.18984433288232075,0.7987573820309004,0.003206550689647863,0.006211407765251089,3,2122,0.010296343013221885,0.12175818332847299,0.697195854369399,0.14542616790481602,0.025323451384090027,3,0.00831601638134212,-0.06808614955384776,-0.1015615276615014,0.14221961721516815,0.01911204361883894,0.18773929612974088,4,0.55721800778997,0.928458863183292,0.37124085539332197
tm329722,andre horta_1996,2021,0.004695974997475532,0.0025824188204492298,0.9361868473515902,0.05007685205684038,0.0064579067736446095,3,2122,0.001853954149524669,0.0006765341845421463,0.06899720321816441,0.9276988050214174,0.0007735034263514369,4,-0.002842020847950863,-0.0019058846359070836,-0.8671896441334258,0.877621952964577,-0.005684403347293173,1.233794910305745,4,0.28480001286578605,0.27624088331358676,-0.008559129552199285
tm329723,gil bastiao dias_1996,2021,0.19585571081847522,0.0025834067344272372,0.1427734885176751,0.6498428738737435,0.00894452005567885,4,2122,0.016917691519986663,0.02191102774501048,0.4221291798578939,0.5165145596003318,0.02252754127677718,4,-0.17893801929848857,0.019327621010583242,0.27935569134021876,-0.13332831427341174,0.01358302122109833,0.358062024453245,3,0.9349073354578911,0.9434771945497186,0.008569859091827503
tm334557,chiquinho_1995,2021,0.07286033871528226,0.31104059925857014,0.387232306251168,0.094899504076805,0.13396725169817464,3,2122,0.006817069413444914,0.33373332683928675,0.6070309508342843,0.031378083966655375,0.021040568946328705,3,-0.06604326930183735,0.02269272758071661,0.21979864458311626,-0.06352142011014963,-0.11292668275184593,0.23921347846330235,3,1.4142367292102438,0.8931278554364694,-0.5211088737737744
tm335380,pedro nuno_1995,2021,0.00654930533426218,0.6458149825194464,0.08874685531133333,0.010833335455145447,0.2480555213798127,2,2122,0.0036090759886922884,0.054289226682205205,0.8850405885962849,0.0486409341114948,0.008420174621322921,3,-0.002940229345569891,-0.5915257558372411,0.7962937332849516,0.037807598656349355,-0.2396353467584898,0.9926854934733705,3,0.9250891494152786,0.47382896309311606,-0.4512601863221626
tm336158,gustavo sauer_1993,2021,0.004352734402908495,0.004303592279574154,0.8520554862143038,0.13383178644689758,0.005456400656315807,3,2122,0.007603053577486059,0.07823845788493443,0.5335461872677333,0.3356370462653183,0.04497525500452788,3,0.003250319174577564,0.07393486560536028,-0.31850929894657054,0.20180525981842073,0.03951885434821207,0.3842531266400254,3,0.48112186893475134,1.0775473404692868,0.5964254715345354
tm337798,abdu conte_1998,2021,0.029631154090709808,0.00021238036115969216,0.01662543463145092,0.9511318802351053,0.002399150681574254,4,2122,0.7537927560992704,0.001626230251469914,0.09201594915657905,0.14118159914332795,0.011383465349352709,1,0.7241616020085606,0.0014138498903102218,0.07539051452512813,-0.8099502810917774,0.008984314667778454,1.0890891663753386,4,0.23630484085989997,0.7703643427347723,0.5340595018748723
tm340376,abel ruiz_2000,2021,0.013273411566690627,0.4462661419822492,0.5032651186721963,0.0062360618066820556,0.03095926597218189,3,2122,0.021310525102842596,0.3172957756515263,0.549845339594486,0.08146224325303424,0.030086116398110894,3,0.008037113536151969,-0.1289703663307229,0.04658022092228975,0.07522618144635218,-0.0008731495740709957,0.15660985263272129,2,0.9022429355068692,1.0848061528452377,0.18256321733836856
tm344392,fernando ferreira fonseca_1997,2021,0.708656873728578,6.92995964153436e-05,0.0011615116753944618,0.2885052152928729,0.0016070997067393052,1,2122,0.9991097322093053,9.542458567831327e-06,0.00028538288663039984,0.0005105176460735386,8.482479942297468e-05,1,0.2904528584807273,-5.975713784751227e-05,-0.000876128788764062,-0.28799469764679936,-0.0015222749073163305,0.4090288254449395,1,0.6215263146688518,0.007994376632903808,-0.613531938035948
tm344395,jorge fernandes_1997,2021,0.9998192736002882,3.4164359599304803e-07,2.553695463003051e-06,0.00017339980349996095,4.431257153035127e-06,1,2122,0.999971880622219,3.889377701611886e-07,9.785784007328504e-06,1.496031910890832e-05,2.9843368944226057e-06,1,0.0001526070219307618,4.729417416814059e-08,7.232088544325453e-06,-0.00015843948439105262,-1.446920258612521e-06,0.0002201006103992683,4,0.0017749335227653755,0.00035091246172533135,-0.0014240210610400443
tm344519,bruno costa_1997,2021,0.009654923150215846,0.0027684801661017116,0.5971112079764448,0.3809164520319741,0.009548936675263613,3,2122,0.15689542440822649,0.001383726527812275,0.19792761246966237,0.6378025102879529,0.00599072630634587,4,0.14724050125801064,-0.0013847536382894366,-0.3991835955067824,0.25688605825597877,-0.0035582103689177436,0.49701073690752956,3,0.7810743241126428,0.9378153036409166,0.15674097952827382
tm350311,helder ferreira_1997,2021,0.006534911065300362,0.006532580835674861,0.9709438962316109,0.011856552404738274,0.004132059462675561,3,2122,0.001596135630785408,0.0058215268097623115,0.8666881519892846,0.12391362647138159,0.0019805590987860317,3,-0.004938775434514955,-0.0007110540259125499,-0.10425574424232631,0.11205707406664331,-0.002151500363889529,0.15313701432546892,4,0.16963254796642768,0.43532092962004737,0.2656883816536197
tm351738,lincoln_1998,2021,0.010612552620922795,0.004606087794139996,0.8950010862834052,0.07315184808839878,0.016628425213133284,3,2122,0.007918607849880181,0.038828990845827076,0.668416972344021,0.24570089575613985,0.03913453320413187,3,-0.0026939447710426136,0.03422290305168708,-0.22658411393938427,0.17254904766774107,0.022506107990998586,0.28686582050229487,3,0.4317356577366164,0.9054219876144891,0.47368632987787274
tm352811,aylton boa morte_1993,2021,0.0035400703282877613,0.03365705155479565,0.9542569992240023,0.0044540440443144,0.004091834848600126,3,2122,0.002724955273154498,0.3203826623398617,0.552742089893376,0.11248236351239968,0.01166792898120808,3,-0.0008151150551332633,0.28672561078506603,-0.4015149093306263,0.10802831946808528,0.0075760941326079535,0.5050708668241537,3,0.22542218937245043,1.0061667960083753,0.7807446066359249
tm352918,henrique gomes_1995,2021,0.925220099489712,0.00014453722619771686,0.001119449666446597,0.0727048592583761,0.0008110543592675631,1,2122,0.31355473048137583,0.05371545742957356,0.2845590909372731,0.2416441295192653,0.10652659163251216,1,-0.6116653690083361,0.053570920203375845,0.2834396412708265,0.16893927026088923,0.10571553727324459,0.6970529925447254,1,0.27715310761251316,1.4601157989189113,1.1829626913063982
tm357156,diogo leite_1999,2021,0.9835552476335099,0.0004871678753607121,0.0026480601210333767,0.011506599647324986,0.0018029247227711565,1,2122,0.9999078162619047,1.0276816936261756e-06,3.213315563459963e-05,5.484787033660967e-05,4.175030430315553e-06,1,0.016352568628394848,-0.0004861401936670859,-0.002615926965398777,-0.011451751776988376,-0.001798749692340841,0.020140221589752157,1,0.09850433349026799,0.001028609972953795,-0.09747572351731419
tm357158,ruben vinagre_1999,2021,0.09231149501264799,0.000430211820140881,0.027851260882001426,0.8734743020202311,0.005932730264978377,4,2122,0.11672107077802092,0.002818822824637508,0.08375528339308523,0.7278203287733434,0.06888449423091311,4,0.024409575765372934,0.0023886110044966267,0.055904022511083805,-0.14565397324688778,0.06295176396593474,0.15792996076457802,4,0.4715860655940943,0.8904823744210487,0.41889630882695444
tm357163,filipe soares_1999,2021,0.0011582148649610844,0.0010576932820470016,0.99157511847539,0.005898922549880233,0.0003100508277215191,3,2122,0.010225172709894372,0.0007036130531212165,0.14165209419803962,0.8456587911956143,0.0017603288433304276,4,0.009066957844933287,-0.0003540802289257851,-0.8499230242773504,0.839759868645734,0.0014502780156089084,1.1948422989173209,3,0.05625071335335207,0.48174101578448353,0.42549030243113145
tm358143,chidozie awaziem_1997,2021,0.9849254888075494,5.500959274676472e-05,0.0004214312530759193,0.014078592530007601,0.0005194778166203844,1,2122,0.9164673240914276,0.0017503035697923127,0.01751048904728416,0.031781598172087554,0.03249028511940827,1,-0.06845816471612176,0.0016952939770455478,0.017089057794208242,0.017703005642079953,0.03197080730278788,0.07276555945655588,1,0.08272224604627353,0.38283111658216656,0.300108870535893
tm36350,javi garcia_1987,2021,0.28851509518436785,0.0053230667241313655,0.26275234047886326,0.43121394915001987,0.012195548462617565,4,2122,0.5412308889847264,0.0011341196738811885,0.06023641203046006,0.3942165974707273,0.0031819818402051324,1,0.2527157938003585,-0.0041889470502501774,-0.2025159284484032,-0.03699735167929258,-0.009013566622412431,0.32598209309735887,1,1.1541343789764953,0.8944466547073688,-0.25968772426912645
tm364857,falaye sacko_1995,2021,0.5420662417281409,0.00020595705844047538,0.005537842796650314,0.4471081398413086,0.00508181857545971,1,2122,0.9899147713940267,0.00013923191146774353,0.004660266651289832,0.004612219248703729,0.0006735107945120278,1,0.44784852966588584,-6.672514697273185e-05,-0.000877576145360482,-0.44249592059260484,-0.004408307780947683,0.6295805904386894,1,0.749211551395275,0.06601797886587646,-0.6831935725293985
tm367468,nuno santos_1999,2021,0.15838004656050642,0.002640510172998081,0.1317861451810124,0.6958353258469157,0.011357972238567394,4,2122,0.008275167356622353,0.011529482498427272,0.7807070578504849,0.19635198043597124,0.003136311858494313,3,-0.15010487920388407,0.00888897232542919,0.6489209126694725,-0.4994833454109444,-0.008221660380073081,0.8325817988837523,3,0.8778050935229378,0.622108530445252,-0.25569656307768573
tm371245,guilherme schettine_1995,2021,0.0032729328009636796,0.9067442212039926,0.04671722797659168,0.004251257395514543,0.03901436062293754,2,2122,0.0007295033639056996,0.9708833145743156,0.023258476800125754,0.0019870408879684143,0.003141664373684617,2,-0.00254342943705798,0.06413909337032309,-0.02345875117646593,-0.0022642165075461283,-0.03587269624925292,0.06837932446888242,2,0.40038837269153427,0.15190206931341824,-0.24848630337811603
tm373187,maracas_1994,2021,0.9889803592239824,1.9884277619882213e-05,0.00013320316626842354,0.01040063094594722,0.00046592238618193253,1,2122,0.9992331330131093,1.2253337857552263e-05,0.0002336171638378976,0.0003767943231766945,0.0001442021620186111,1,0.010252773789126923,-7.63093976232995e-06,0.00010041399756947406,-0.010023836622770526,-0.0003217202241633214,0.014338996206609207,1,0.06342505961729764,0.007104562488948837,-0.0563204971283488
tm373300,cryzan_1996,2021,0.0073372765864437904,0.25439444708604836,0.49690761665750155,0.01809136784523754,0.2232692918247688,3,2122,0.0012568682095124438,0.9148505285925245,0.041687948251717115,0.020309471733977607,0.021895183212268417,2,-0.006080408376931346,0.6604560815064762,-0.45521966840578443,0.0022181038887400667,-0.20137410861250038,0.8021652407411163,2,1.1391599385916695,0.38508824767927785,-0.7540716909123917
tm374889,kenji gorre_1994,2021,0.018207895663683797,0.12763567487675337,0.7318335797771855,0.056267944301672396,0.06605490538070492,3,2122,0.0019519485549605287,0.6714684831853127,0.23660582769234195,0.07611464676444402,0.013859093802940856,2,-0.01625594710872327,0.5438328083085593,-0.4952277520848436,0.01984670246277162,-0.05219581157776407,0.7359774434334444,2,0.9055739603720852,0.8759850031617274,-0.029588957210357703
tm375378,afonso sousa_2000,2021,0.0029369921856256076,0.001836106946149251,0.980740135561735,0.013459138021485571,0.0010276272850047005,3,2122,0.0020664784271470964,0.0011581595525257465,0.8353144328112615,0.16103411479659144,0.0004268144124741643,3,-0.0008705137584785112,-0.0006779473936235046,-0.1454257027504735,0.14757497677510586,-0.0006008128725305363,0.20719127925063432,4,0.11281847599056619,0.46829979156811374,0.3554813155775476
tm375382,andre almeida_2000,2021,0.019730338099031013,0.006799775210869522,0.8832880286429771,0.08611540007036451,0.004066457976757764,3,2122,0.03128523290864441,0.0011224814614216431,0.21516618946611046,0.7484713926316999,0.003954703532123639,4,0.0115548948096134,-0.005677293749447879,-0.6681218391768666,0.6623559925613354,-0.00011175444463412502,0.9408868157888968,3,0.454556174612507,0.6853142737584969,0.23075809914598983
tm376441,allano_1995,2021,0.0033810091264641815,0.12444901449140314,0.8406032424786583,0.012271369804479999,0.019295364098994384,3,2122,0.05003218233832892,0.013940828271826482,0.2014808056956408,0.5655761157544581,0.1689700679397457,4,0.04665117321186474,-0.11050818621957666,-0.6391224367830175,0.5533047459499781,0.14967470384075132,0.8538220085438276,3,0.5547052876953917,1.1549658158307787,0.600260528135387
tm377641,al musrati_1996,2021,0.6820851673591501,0.004261539105805556,0.11383558984190895,0.16231579444335428,0.03750190924978114,1,2122,0.030356457207277785,0.00028427239471435876,0.021832522184314144,0.9462308358255269,0.0012959123881666438,4,-0.6517287101518724,-0.003977266711091197,-0.0920030676575948,0.7839150413821726,-0.0362059968616145,1.023598303462025,4,0.9498478940329642,0.2528175623042269,-0.6970303317287373
tm379249,matheus reis_1995,2021,0.8487516456665332,0.00012077261422201997,0.0013369779216584076,0.1484485731961474,0.0013420306014389806,1,2122,0.06482186962552175,0.001625849624957014,0.14623700896328176,0.7847763091665418,0.002538962619697709,4,-0.7839297760410114,0.0015050770107349941,0.14490003104162336,0.6363277359703945,0.0011969320182587285,1.020028021959,1,0.4411661966460545,0.6743137379464595,0.23314754130040505
tm388266,oscar estupinan_1996,2021,8.551147601614531e-05,0.9967988201188024,0.0019861541488229036,5.1550891966283724e-05,0.0010779633643924033,2,2122,0.0011581045920129912,0.9521447080875182,0.007224068625978808,0.003197880293764749,0.03627523840072528,2,0.001072593115996846,-0.04465411203128422,0.005237914477155905,0.003146329401798465,0.035197275036332874,0.04508298253298673,2,0.024228331690944627,0.22882236954604218,0.20459403785509755
tm394328,rafik guitane_1999,2021,0.1287378827979242,0.0098574167340428,0.5643793084488974,0.28146145891224134,0.015563933106894318,3,2122,0.0023782412631613145,0.024510003835411034,0.9392002591586162,0.03182424484345697,0.002087250899354507,3,-0.1263596415347629,0.014652587101368235,0.37482095070971877,-0.24963721406878436,-0.013476682207539812,0.4679646792830827,3,1.0539025333557948,0.28677755879093386,-0.767124974564861
tm396342,toni borevkovic_1997,2021,0.9997403522837601,7.164819160267666e-07,5.286475334869721e-06,0.00024391883576891233,9.725923220124313e-06,1,2122,0.9998136341931801,3.4500791762924695e-06,4.23107528253686e-05,0.0001254398883480561,1.5165086469958236e-05,1,7.328190942001989e-05,2.733597260265703e-06,3.702427749049888e-05,-0.00011847894742085624,5.439163249833924e-06,0.00014417270514169043,4,0.0024753096604904303,0.0019510215234600926,-0.0005242881370303377
tm396429,diogo calila_1998,2021,0.0029955464578024014,0.0001093081855734972,0.00593605117403964,0.9901594873127273,0.0007996068698571912,4,2122,0.37197121533754873,0.003765422366545577,0.21341765993238485,0.3926797031848307,0.018165999178690113,4,0.3689756688797463,0.0036561141809720796,0.2074816087583452,-0.5974797841278966,0.017366392308832922,0.7322479920154301,4,0.06432970870634508,1.1583741294289955,1.0940444207226505
tm400831,rafael camacho_2000,2021,0.014648886623440152,0.6537770168745456,0.2687378982072581,0.009194753697243515,0.05364144459751268,2,2122,0.006345424714891172,0.05929624545770236,0.8306841263713763,0.09459044506826315,0.009083758387766903,3,-0.00830346190854898,-0.5944807714168432,0.5619462281641183,0.08539569137101964,-0.044557686209745775,0.8225280071320644,2,0.8928823988229005,0.6194971529647283,-0.27338524585817225
tm404383,pedro marques_1998,2021,0.0027910703854608187,0.8648423677507501,0.10498137466942987,0.0015396813228390428,0.025845505871520246,2,2122,0.05470307197424841,0.05849527975782985,0.44010813517375225,0.3567200840227049,0.08997342907146459,3,0.051912001588787594,-0.8063470879929202,0.3351267605043224,0.35518040269986584,0.06412792319994434,0.9441152187586941,2,0.4830749335204813,1.2706132724378236,0.7875383389173423
tm411502,danny henriques_1997,2021,0.5259509601607602,0.00036820271179833385,0.006388588184008599,0.4646770963517026,0.0026151525917301687,1,2122,0.999560440496105,1.0412167989566124e-05,0.00016415102236942255,0.00021059348330403662,5.440283023199158e-05,1,0.4736094803353449,-0.00035779054380876774,-0.006224437161639176,-0.4644665028683986,-0.002560749761498177,0.6633806929526725,1,0.7448279648307002,0.00430643034730876,-0.7405215344833915
tm411662,lucas verissimo_1995,2021,0.9539858963524335,0.0012605262171216673,0.005732045360019778,0.02311091127438909,0.015910620796036053,1,2122,0.3517896843051342,0.06161167662072694,0.15565462243060083,0.2868308607471407,0.14411315589639748,1,-0.6021962120472992,0.06035115040360527,0.14992257707058104,0.2637199494727516,0.12820253510036142,0.6769841431116015,1,0.2358927997218372,1.4661458270658971,1.23025302734406
tm415525,kanya fujimoto_1999,2021,0.008893255995153667,0.0012465867898496844,0.9535042719032154,0.033793922254290516,0.0025619630574907595,3,2122,0.01069714840931262,0.028886578998286245,0.5898854937688849,0.3629523458140067,0.007578433009509557,3,0.0018038924141589533,0.027639992208436562,-0.3636187781343305,0.3291584235597162,0.005016469952018798,0.4912546252294682,3,0.22549529887134637,0.8671312510913453,0.6416359522199989
tm416089,david tavares_1999,2021,0.09739717477243003,0.026439310429609807,0.13768591020985135,0.5324638249678855,0.2060137796202233,4,2122,0.07727253473553929,0.004764541889306692,0.354111900452459,0.5255602915666858,0.038290731356009154,4,-0.02012464003689074,-0.021674768540303115,0.21642599024260764,-0.006903533401199646,-0.16772304826421414,0.2185467106908839,3,1.2569295498295432,1.0539555127205598,-0.20297403710898343
tm4188,ricardo quaresma_1983,2021,0.007708495878337784,0.04622907585101959,0.674447630833433,0.01458231584343309,0.2570324815937765,3,2122,0.007764541635925253,0.5673000115873442,0.11369669218053552,0.029313153679250144,0.28192560091694485,2,5.604575758746955e-05,0.5210709357363247,-0.5607509386528975,0.014730837835817055,0.024893119323168345,0.7656197071612686,3,0.8561043347116952,1.066923586256085,0.21081925154438985
tm426620,pedro goncalves_1998,2021,0.019120198791707104,0.3491536433467838,0.30687162581985467,0.029802546043263003,0.2950519859983915,2,2122,0.01919509582794172,0.1762172581996531,0.17148883332063078,0.07733832061859315,0.5557604920331812,5,7.489703623461685e-05,-0.1729363851471307,-0.1353827924992239,0.04753577457533015,0.26070850603478973,0.2247112575877926,2,1.2704114368945743,1.2085915550819322,-0.061819881812642086
tm430761,lucas fernandes_1997,2021,0.01152189854969699,0.0018605438320165092,0.1870898171747578,0.7819247089057684,0.017603031537760196,4,2122,0.0019427837592490035,0.0013046138271281742,0.10450193149338602,0.8895354966833149,0.0027151742369217963,4,-0.009579114790447986,-0.000555930004888335,-0.08258788568137179,0.10761078777754651,-0.0148878573008384,0.1359886355757804,4,0.6401804497508792,0.376986924121163,-0.26319352562971615
tm43250,jan vertonghen_1987,2021,0.9916361202006762,6.494756089832807e-05,0.0003645737854614797,0.0074397632920954315,0.0004945951608684707,1,2122,0.9974945170193639,3.5886786494133995e-05,0.0006853401489799032,0.0016752237656783003,0.00010903227948382823,1,0.005858396818687717,-2.9060774404194073e-05,0.0003207663635184235,-0.005764539526417131,-0.00038556288138464245,0.008225233420724886,1,0.0520676774092636,0.019565264446476202,-0.0325024129627874
tm432958,lucas mineiro_1996,2021,0.08789403732371878,0.01653934553935054,0.42679625720841485,0.44358755086585816,0.025182809062657706,4,2122,0.0395603826224002,0.005447899152834902,0.14289257143221507,0.7749734259486906,0.037125720843859275,4,-0.04833365470131858,-0.011091446386515639,-0.2839036857761998,0.3313858750828324,0.01194291178120157,0.43917771273307693,4,1.0982523351708018,0.7540279587497186,-0.34422437642108317
tm433358,tomas ribeiro_1999,2021,0.9998763062250606,2.448127504000983e-07,2.0149410434565883e-06,0.00011861005626382851,2.8239648815092916e-06,1,2122,0.9999667286739294,6.975748580170687e-07,1.1585342318567218e-05,1.7344510277475068e-05,3.6438986165303443e-06,1,9.04224488688099e-05,4.5276210761697044e-07,9.57040127511063e-06,-0.00010126554598635345,8.199337350210526e-07,0.00013609822789970318,4,0.0012621171678668986,0.0004106008389651348,-0.0008515163289017639
tm435497,fabio china_1992,2021,0.10343618933154541,0.0006172572433893678,0.026197747591377114,0.8617773396848754,0.007971466148812523,4,2122,0.6153569513302902,0.0026647074651953494,0.12129431214472382,0.23950646693130864,0.021177562128482083,1,0.5119207619987448,0.0020474502218059817,0.0950965645533467,-0.6222708727535667,0.01320609597966956,0.8113762717045162,4,0.5013658727411331,0.9943905594591769,0.4930246867180438
tm438202,bruno tabata_1997,2021,0.01681111728078267,0.01628926341301474,0.30754801996316555,0.2472371297524995,0.41211446959053744,5,2122,0.009373013400331042,0.21195144555334028,0.09460975535698173,0.03656001489113328,0.6475057707982137,5,-0.007438103880451626,0.19566218214032555,-0.2129382646061838,-0.21067711486136623,0.23539130120767626,0.3578638933575903,3,1.209201209763815,0.9980752342288737,-0.21112597553494128
tm445517,heriberto tavares_1997,2021,0.0001798671655968686,0.03946283104495675,0.9593573989083762,0.000381440884132982,0.0006184619969371938,3,2122,0.011902531786381997,0.04649837449662447,0.7597011275192492,0.12562226192709075,0.05627570427065347,3,0.011722664620785129,0.007035543451667722,-0.199656271389127,0.12524082104295778,0.055657242273716274,0.2360822096177402,3,0.17648771415414116,0.8267349402748976,0.6502472261207564
tm44699,vitorino antunes_1987,2021,0.05611317619777963,0.0011424933756873084,0.05340154669068838,0.8590988446958668,0.030243939039977824,4,2122,0.17561273056188015,0.0073505046501443905,0.11815807435241395,0.61692521153391,0.08195347890165149,4,0.11949955436410052,0.006208011274457082,0.06475652766172557,-0.24217363316195684,0.05170953986167366,0.2777771757557994,4,0.5621090711044182,1.0969352993160668,0.5348262282116486
tm448466,jovane cabral_1998,2021,0.003080243027147264,0.4092455317931983,0.46439707927826884,0.007476178655366776,0.11580096724601877,3,2122,0.012527641952491874,0.11199220869645668,0.299480850869488,0.5188154480270663,0.05718385045449725,4,0.009447398925344611,-0.2972533230967416,-0.16491622840878084,0.5113392693716995,-0.05861711679152152,0.614096085505087,4,1.0259051429426211,1.1652227533358637,0.13931761039324253
tm451801,abdul mumin_1998,2021,0.9675135249550441,0.00020371715909456658,0.0012542720726476627,0.029144331113729112,0.0018841546994847096,1,2122,1.0,3.736393832876619e-42,9.998460346040492e-41,1.7028249568601416e-40,2.4177825988806565e-41,1,0.03248647504495594,-0.00020371715909456658,-0.0012542720726476627,-0.029144331113729112,-0.0018841546994847096,0.04366208648274104,1,0.15692570937919165,1.1052408446371418e-10,-0.15692570926866756
tm451858,rui costa_1996,2021,0.002033241033420944,0.8660389877770215,0.1001600360297149,0.0035224725073724145,0.028245262652470304,2,2122,0.0003587820612609526,0.9697842358550043,0.022648808157142677,0.004395204037610472,0.0028129698889816364,2,-0.0016744589721599912,0.1037452480779828,-0.07751122787257222,0.0008727315302380573,-0.025432292763488667,0.12951691942850296,2,0.4882705309394065,0.15876231039275907,-0.3295082205466474
tm45287,adel taarabt_1989,2021,0.05110624957890264,0.003310746611633727,0.24437929952998486,0.6877771176609329,0.01342658661854589,4,2122,0.0047398334679863655,0.001953876336408721,0.2137904135341093,0.7723221771585757,0.0071936995029201305,4,-0.04636641611091628,-0.001356870275225006,-0.03058888599587556,0.0845450594976428,-0.00623288711562576,0.1011693267341592,4,0.8305311701520468,0.6024114890573371,-0.2281196810947097
tm454121,galeno_1997,2021,0.01006377845193501,0.007660967812065624,0.9167506735875923,0.05298724824417068,0.012537331904236374,3,2122,0.009241999290667062,0.3411991133437883,0.3471573465323001,0.20843496190196567,0.09396657893127894,3,-0.0008217791612679468,0.3335381455317227,-0.5695933270552922,0.155447713657795,0.08142924702704256,0.6781216113302122,3,0.3738488449851438,1.326528137987353,0.9526792930022092
tm461629,gustavo assuncao_2000,2021,0.5326445836395882,0.005431088490376722,0.06744515299480608,0.37613715751209165,0.018342017363137366,1,2122,0.12091553236548272,0.0021462675962942933,0.13687691965626336,0.7134192268033183,0.026642053578641342,4,-0.41172905127410553,-0.0032848208940824282,0.06943176666145728,0.3372820692912266,0.008300036215503976,0.536760250203463,1,0.9868307382467978,0.8783401669953284,-0.10849057125146944
tm461943,daniel braganca_1999,2021,0.027467602190479747,0.0032609546871728975,0.07106249684082179,0.8748673818730159,0.02334156440850965,4,2122,0.02352788896703959,0.019563682441763694,0.15962572132669417,0.6750837386836024,0.12219896858090026,4,-0.003939713223440156,0.016302727754590796,0.08856322448587238,-0.19978364318941355,0.09885740417239061,0.2191762968249377,4,0.5099748656751408,0.9802134547785406,0.4702385891033998
tm462738,naoufel khacef_1997,2021,5.230340380652739e-40,1.7903147771491726e-42,7.861050634649086e-41,1.0,1.7430429474062935e-41,4,2122,0.6715004107926048,0.001924068916525592,0.08483356738562499,0.2143658740643002,0.027376078840944364,1,0.6715004107926048,0.001924068916525592,0.08483356738562499,-0.7856341259356998,0.027376078840944364,1.0369832292404515,4,1.1052408446371418e-10,0.9173805542530811,0.917380554142557
tm466336,nahuel ferraresi_1998,2021,0.9710683328652546,0.00032195465136558804,0.0023860492050082898,0.023337245706588954,0.002886417571782439,1,2122,0.9999991135917478,1.0641134040698253e-08,3.027215013159407e-07,5.173726673084649e-07,5.567294949165995e-08,1,0.028930780726493133,-0.00032194401023154733,-0.002385746483506974,-0.023336728333921645,-0.0028863618988329474,0.037247662973735385,1,0.15007865714862018,1.4044410412147126e-05,-0.15006461273820804
tm467486,antoine leautey_1996,2021,0.01529970070892766,0.012634992797491506,0.8638119039496412,0.09455671719874918,0.013696685345190278,3,2122,0.005953585581904039,0.211611497955532,0.6681629339778851,0.1028804502001258,0.011391532284553266,3,-0.009346115127023623,0.1989765051580405,-0.19564896997175618,0.00832373300137662,-0.002305153060637012,0.2793327826356274,2,0.527429257229235,0.9135021520854407,0.3860728948562058
tm476701,manuel ugarte_2001,2021,0.07521907916825435,0.005221614072765177,0.16498587227463404,0.7308992751140506,0.023674159370295905,4,2122,0.21597593503179502,0.0045594448040382355,0.07183409977985289,0.5591166496625559,0.14851387072175803,4,0.14075685586354067,-0.0006621692687269415,-0.09315177249478115,-0.1717826254514947,0.12483971135146213,0.24083075814076987,4,0.8370879074223772,1.1530439571688587,0.3159560497464815
tm478940,reggie cannon_1998,2021,0.7475421327490446,0.00010787308166296882,0.002086715255706508,0.24821591877567112,0.0020473601379148347,1,2122,0.9673196451702261,0.00018959851205579398,0.007760268415874843,0.021930702643601627,0.0027997852582418567,1,0.2197775124211815,8.172543039282516e-05,0.005673553160168335,-0.22628521613206948,0.0007524251203270219,0.3154985735157724,4,0.5899268800903679,0.17170064011898356,-0.4182262399713843
tm480692,luis diaz_1997,2021,0.0040935004385687385,0.11925296972739713,0.8469233362935656,0.008367621148676318,0.021362572391792036,3,2122,0.004751226072244947,0.28911139812358005,0.046297759088700166,0.041222742561367494,0.6186168741541074,5,0.0006577256336762084,0.16985842839618293,-0.8006255772048655,0.032855121412691174,0.5972543017623153,0.8191050556417638,3,0.5390005698162852,0.9549964008578511,0.4159958310415659
tm487474,francisco conceicao_2002,2021,0.05549261705199388,0.006704141375971823,0.23547586589515052,0.6433272218994874,0.059000153777396265,4,2122,0.012995426026356479,0.15352452257598348,0.14569320921001008,0.18058605350869034,0.5072007886789596,5,-0.042497191025637406,0.14682038120001165,-0.08978265668514043,-0.4627411683907971,0.4482006349015633,0.49553259221357787,4,0.9853002253707175,1.2781659556927016,0.29286573032198415
tm491616,jackson porozo_2000,2021,0.8865912266280823,0.005815016105605466,0.014602216715377656,0.028235345450492114,0.0647561951004425,1,2122,0.9999790711314325,3.5397199935491574e-07,8.369290190168188e-06,1.011824974151772e-05,2.0873566364262998e-06,1,0.11338784450335015,-0.005814662133606111,-0.014593847425187488,-0.028225227200750595,-0.06475410774380608,0.11789935288222556,1,0.4763357006333022,0.0002677049724795681,-0.47606799566082264
tm498237,david carmo_1999,2021,0.9268643846753175,0.00020392495534124076,0.0009490702179312141,0.069931287371365,0.0020513327800451347,1,2122,0.9962527300237574,0.00012703676788292816,0.0019481142333539019,0.0012452298676020972,0.0004268891074035606,1,0.06938834534843985,-7.68881874583126e-05,0.0009990440154226878,-0.0686860575037629,-0.001624443672641574,0.09763975095391579,1,0.2774623740220689,0.02867873058908932,-0.2487836434329796
tm51058,lica_1988,2021,0.004122620627350072,0.08772054201691121,0.8978357046857823,0.0063536607854484985,0.00396747188450797,3,2122,0.14179071082038414,0.07433857199586351,0.650279692707808,0.10149545796538213,0.03209556651056213,3,0.13766809019303405,-0.013381970021047698,-0.24755601197797428,0.09514179717993364,0.028128094626054163,0.29911121813818375,3,0.38695322360963247,1.0926125159114817,0.7056592923018492
tm512913,stephen eustaquio_1996,2021,0.2794937127302646,0.0009533194635819037,0.023315944600593972,0.6872233703989068,0.009013652806652723,4,2122,0.009695417233584856,0.0003764738824092825,0.03760159476321601,0.9504500187134135,0.0018764954073763748,4,-0.2697982954966797,-0.0005768455811726212,0.014285650162622041,0.2632266483145067,-0.007137157399276348,0.3772052507418157,1,0.7507784228408787,0.23136007659968888,-0.5194183462411899
tm516127,walterson_1994,2021,0.0008873801268830713,0.000883338348597394,0.9927360506414802,0.005183034413563263,0.0003101964694759598,3,2122,0.008424640762849963,0.04196828790615403,0.8053622912207056,0.12422435115720033,0.0200204289530901,3,0.007537260635966892,0.041084949557556635,-0.1873737594207746,0.11904131674363708,0.01971023248361414,0.2258861310252905,3,0.04946567232691269,0.6850374921379567,0.635571819811044
tm517300,vitor tormena_1996,2021,0.9877989460493022,5.903225136918984e-05,0.0004234372072635344,0.01121954410797171,0.0004990403840935078,1,2122,0.9984478398198258,3.0400848681059582e-05,0.00044940927768770004,0.0008482836453798979,0.0002240664084257676,1,0.010648893770523582,-2.8631402688130258e-05,2.597207042416566e-05,-0.010371260462591812,-0.00027497397566774026,0.014864840275780904,1,0.0701609887858162,0.013213281730272076,-0.056947707055544125
tm518472,willyan_1995,2021,0.1720270384653909,0.0008412442017556287,0.009245174312520072,0.8127940963804131,0.00509244663992029,4,2122,0.17663652699575105,0.0004933237094519263,0.02155799340216756,0.7984040632022426,0.0029080926903869726,4,0.00460948853036014,-0.0003479204923037024,0.012312819089647488,-0.014390033178170558,-0.0021843539495333174,0.019494794227786136,4,0.5474051461186573,0.5894395056074107,0.04203435948875334
tm520530,fali cande_1998,2021,0.4796465146680229,0.0011518110195149894,0.029146230837317263,0.48261735639158165,0.007438087083563207,4,2122,0.05782057885383966,0.004534804481856123,0.2741789464907392,0.6474582076516644,0.016007462521900634,4,-0.4218259358141832,0.003382993462341133,0.24503271565342194,0.16484085126008274,0.008569375438337426,0.5149389310927239,1,0.8512940995220417,0.8916993904364143,0.040405290914372616
tm524315,hidemasa morita_1995,2021,0.29793143131922817,0.002921998778126361,0.05670056692144165,0.6245469586803514,0.01789904430085242,4,2122,0.0677684289638737,0.0005127962533158565,0.03671855363510146,0.8923701955357575,0.0026300256119514936,4,-0.23016300235535447,-0.0024092025248105046,-0.019982013286340194,0.2678232368554061,-0.015269018688900925,0.353708041984797,4,0.9065432471422356,0.42487203057169015,-0.4816712165705454
tm537296,jean patric_1997,2021,0.04166633115716737,0.0046486577940634995,0.18493509326975321,0.7444266399682281,0.024323277810787924,4,2122,0.0019275308892896656,0.8356750632088824,0.0936602677169938,0.04835372046197568,0.020383417722858586,2,-0.039738800267877704,0.8310264054148189,-0.09127482555275941,-0.6960729195062524,-0.003939860087929337,1.0885920548088936,2,0.7796151302392368,0.6096886763484622,-0.16992645389077454
tm537598,fabio vieira_2000,2021,0.01755402600251135,0.017565847421792537,0.5353812561096,0.2508678457134614,0.17863102475263487,3,2122,0.006819681576017197,0.06779383282477405,0.06877144138133776,0.03680504187150643,0.8198100023463646,5,-0.010734344426494152,0.05022798540298151,-0.46660981472826224,-0.21406280384195495,0.6411789775937298,0.5159318558272316,3,1.1310400082486942,0.6849842211926609,-0.4460557870560333
tm537602,joao mario lopes_2000,2021,0.022163906333271435,0.060919604847466884,0.33548060104787486,0.034176209821594306,0.5472596779497926,5,2122,0.9424704672011595,0.000736876079795423,0.014256085086307815,0.03591875050821526,0.006617821124522216,1,0.920306560867888,-0.06018272876767146,-0.32122451596156704,0.0017425406866209553,-0.5406418568252703,0.9766137173525622,1,1.0665951042411008,0.274445419841014,-0.7921496844000868
tm539135,leo andrade_1998,2021,0.9994356775335386,1.0644510606400787e-05,5.778353439301144e-05,0.0003981863671934899,9.770805426840335e-05,1,2122,0.9988735914666261,1.5628310356240172e-05,0.00022149266356939689,0.0007211757456643655,0.00016811181378391954,1,-0.0005620860669124372,4.9837997498393845e-06,0.00016370912917638544,0.00032298937847087566,7.040375951551619e-05,0.0006686466947930965,1,0.005269374045529121,0.009841088863225551,0.004571714817696431
tm539203,andre luis_1994,2021,0.01938895702537722,0.23857506871104778,0.7195857593953154,0.009163105944580276,0.013287108923679285,3,2122,0.00036377201411598084,0.9642028601898415,0.03033161653836688,0.003130065305896584,0.001971685951779004,2,-0.01902518501126124,0.7256277914787936,-0.6892541428569485,-0.006033040638683693,-0.011315422971900281,1.0010021580675634,2,0.7555592992178798,0.17438698857499463,-0.5811723106428852
tm544784,zaidu sanusi_1997,2021,0.3220337744568562,0.00012123905014754307,0.00294839780314147,0.6738003456598696,0.0010962430299851645,4,2122,0.9470984962483803,0.002604654585472356,0.020425977007117523,0.024167149622193882,0.005703722536835959,1,0.6250647217915241,0.002483415535324813,0.01747757920397605,-0.6496331960376757,0.004607479506850794,0.9016877668849638,4,0.656670887930488,0.2658897433486901,-0.3907811445817979
tm546543,darwin nunez_1999,2021,0.0013258404923605193,0.9348990627679666,0.018961040435564333,0.0008098466867045798,0.04400420961740387,2,2122,0.002481265896413499,0.1470374011726877,0.015406018653958551,0.009503031988705283,0.825572282288235,5,0.0011554254040529795,-0.7878616615952789,-0.003555021781605782,0.008693185302000703,0.7815680726708312,0.787918487199089,2,0.2901173372961713,0.5635470009888461,0.27342966369267485
tm54716,steven vitoria_1987,2021,0.9889306516804119,0.00045523529013024233,0.0020141420449906644,0.0070441491062959325,0.0015558218781711528,1,2122,0.6892292706855813,0.0080980965590012,0.16120765762383887,0.13477609823109613,0.006688876900482692,1,-0.2997013809948307,0.0076428612688709575,0.1591935155788482,0.12773194912480018,0.005133055022311539,0.3626807926099167,1,0.07198091082348715,0.8933371660026279,0.8213562551791408
tm54781,nicolas otamendi_1988,2021,0.9955810358047247,6.643583976796315e-06,5.085447421530746e-05,0.004273092387117784,8.83737499653377e-05,1,2122,0.9994775701535598,8.281582577078605e-06,0.00014320185629826797,0.0002986363643726235,7.231004319239443e-05,1,0.003896534348835079,1.63799860028229e-06,9.234738208296051e-05,-0.00397445602274516,-1.606370677294327e-05,0.005566669680374782,4,0.029127542831766752,0.004999977354169018,-0.024127565477597736
tm549006,goncalo inacio_2001,2021,0.9978455834691949,2.8560115569588504e-05,0.0002435975515142637,0.0016908701927564962,0.00019138867096451384,1,2122,0.9208212065078538,0.00264716103412979,0.025086512552661498,0.04499566812624121,0.006449451779113851,1,-0.07702437696134112,0.0026186009185602014,0.024842915001147235,0.04330479793348471,0.006258063108149337,0.09182639961834303,1,0.016908179561539075,0.35619096273675693,0.3392827831752179
tm553062,vitor carvalho_1997,2021,0.2581286498383638,0.0078113964893398195,0.10256612596796733,0.585790377589042,0.04570345011528709,4,2122,0.13031465883774343,0.0006576556932509088,0.059872566034447426,0.8035443303372446,0.005610789097313767,4,-0.12781399100062038,-0.0071537407960889105,-0.0426935599335199,0.21775395274820264,-0.040092661017973326,0.25617789971062654,4,1.075352068513727,0.6437822339657782,-0.43156983454794884
tm553875,pedro porro_1999,2021,0.020564431477514217,0.00280093907891875,0.4985547562141745,0.46621691601830956,0.011862957211082997,3,2122,0.019179853120060715,0.019599088475201597,0.30823081683082976,0.5464170974312642,0.10657314414264374,4,-0.0013845783574535017,0.01679814939628285,-0.19032393938334474,0.08020018141295465,0.09471018693156075,0.20721816011497082,3,0.851730984539916,1.0845115932211122,0.2327806086811962
tm56036,luis neto_1988,2021,0.9918725600954124,3.282296134328929e-05,0.00023546408957169084,0.007267286348314045,0.0005918665053587549,1,2122,0.9973287997051155,4.1261738789940456e-05,0.0008970402565297181,0.0014265838113596365,0.0003063144882051951,1,0.005456239609703095,8.438777446651168e-06,0.0006615761669580274,-0.005840702536954408,-0.0002855520171535598,0.008020106672690227,4,0.050585966392626476,0.021204203237863473,-0.029381763154763003
tm560903,patrick_1997,2021,0.9399562920401031,4.186650374434049e-05,0.0003404369884678414,0.059264854296636194,0.0003965501710484441,1,2122,0.9994046845030289,7.598276980949347e-06,0.00023258579589182965,0.0003238154957827359,3.1315928315593105e-05,1,0.05944839246292577,-3.426822676339114e-05,-0.00010785119257601173,-0.058941038800853454,-0.000365234242732851,0.08371481486296715,1,0.2319174855225268,0.0055573308987558944,-0.2263601546237709
tm564544,pedro amador_1998,2021,0.21655520635707234,0.00024091394183835095,0.0027189057574079486,0.7647181772936729,0.015766796650008526,4,2122,0.6371957700925989,0.001751411113335203,0.04032975211182041,0.29113082912898613,0.02959223755325936,1,0.4206405637355265,0.001510497171496852,0.03761084635441246,-0.47358734816468673,0.013825440903250833,0.6345394531206093,4,0.6199428803203126,0.8911947078008556,0.271251827480543
tm581121,tiago esgaio_1995,2021,0.6068186599959967,0.0001516433004903131,0.00390779618513002,0.3873662292793165,0.0017556712390664898,1,2122,0.7303064886348911,0.0002804913184342794,0.018238884959376353,0.24967596780423973,0.00149816728305847,1,0.1234878286388944,0.00012884801794396628,0.014331088774246332,-0.1376902614750768,-0.0002575039560080198,0.18550808239613448,4,0.7046344586140024,0.6610465665911476,-0.043587892022854846
tm58267,andre castro_1988,2021,0.17275361158383637,0.01097409916016125,0.2892086479024088,0.46688747427849353,0.060176167075100075,4,2122,0.008748524184836806,0.00027322914541544433,0.020569996966622775,0.9690620375564142,0.0013462121467106949,4,-0.16400508739899955,-0.010700870014745805,-0.26863865093578604,0.5021745632779206,-0.05882995492838938,0.5927547503747189,4,1.2363845441611307,0.16294573145205346,-1.0734388127090773
tm585264,pedrao_1997,2021,1.0,1.766388440997293e-42,1.4029523027929783e-41,5.230340380652739e-40,1.7430429474062935e-41,1,2122,0.99823356362266,2.214936527408515e-05,0.0005274203832814967,0.0010868747271166733,0.00012999190166774444,1,-0.001766436377339975,2.214936527408515e-05,0.0005274203832814967,0.0010868747271166733,0.00012999190166774444,0.002140153499802704,1,1.1052408446371418e-10,0.014563471197079418,0.014563471086555334
tm58965,ruben lima_1989,2021,0.13580963684745614,0.0001631108189969473,0.0070324447470877915,0.8529361879866759,0.004058619599783221,4,2122,0.6253457642081627,0.004888788577030803,0.11695968496677508,0.20374999778327477,0.04905576446475651,1,0.4895361273607065,0.0047256777580338555,0.10992724021968729,-0.6491861902034012,0.04499714486497329,0.8204844055280478,4,0.4654554594614419,1.0425992984891355,0.5771438390276935
tm593208,matheus silva_1997,2021,0.16790871955811268,0.0005510191940738219,0.007228758374066773,0.817946670214126,0.006364832659620601,4,2122,0.306112418029688,0.007851665583593829,0.3922665896221005,0.2762592291646148,0.017510097600002977,3,0.13820369847157535,0.007300646389520007,0.3850378312480337,-0.5416874410495112,0.011145264940382375,0.6788467993530527,4,0.5359353895293378,1.1937345592050335,0.6577991696756956
tm594546,ze uilton_1992,2021,0.7616487694576527,0.01134511022903891,0.1286319725372013,0.08436370298909557,0.014010444787011602,1,2122,0.017820507965856987,0.004960138193354788,0.10056500941684471,0.8730015974798265,0.0036527469441168295,4,-0.7438282614917957,-0.0063849720356841215,-0.028066963120356586,0.788637894490731,-0.010357697842894772,1.0844624168256716,4,0.7903818747929896,0.4681528480308308,-0.3222290267621588
tm595012,ibrahima camara_1999,2021,0.08414150953083081,0.0022516580120744856,0.03353439777596041,0.85198564437564,0.028086790305494592,4,2122,0.008804570319402549,0.0017197814433063167,0.1060508352700386,0.875425578428914,0.0079992345383385,4,-0.07533693921142827,-0.000531876568768169,0.07251643749407818,0.023439934053274047,-0.020087555767156092,0.1071634336781219,1,0.5726681097409585,0.4456703124841391,-0.12699779725681942
tm595809,beto_1998,2021,0.00010429460573456509,0.9955232017390159,0.002346134270108522,7.699736222058024e-05,0.001949372022920525,2,2122,0.002800101193400993,0.5449561435926445,0.02834161397175793,0.008135910310841267,0.41576623093135523,2,0.002695806587666428,-0.4505670581463713,0.025995479701649407,0.008058912948620687,0.4138168589084347,0.4513963361644243,2,0.03252264036643755,0.8523035368249028,0.8197808964584652
tm597087,lucas africo_1995,2021,0.9961231383827169,2.8731927992681437e-05,0.00030199669057745596,0.003447821268167189,9.831173054558646e-05,1,2122,0.9969235717659721,6.130990312318547e-05,0.0011133074187230812,0.0017009245888931872,0.00020088632328849664,1,0.0008004333832551946,3.257797513050403e-05,0.0008113107281456252,-0.001746896679274002,0.00010257459274291019,0.002086055615547122,4,0.027073861793081345,0.023793515561847334,-0.003280346231234011
tm598629,bruno duarte_1996,2021,0.0025679394213860792,0.8821983349302985,0.10632729649978083,0.0011113615656128729,0.007795067582921704,2,2122,0.0020550310895480687,0.9198863464281657,0.023619030087057555,0.00814310678703626,0.04629648560819244,2,-0.0005129083318380105,0.03768801149786716,-0.08270826641272327,0.007031745221423387,0.03850141802527073,0.09116332628572334,3,0.4095934302245347,0.3594283501506335,-0.05016508007390119
tm601883,matheus nunes_1998,2021,0.026951486384269953,0.021619176727733277,0.8473896606947711,0.07407289153091451,0.029966784662311292,3,2122,0.0027353646552937144,0.00038439030676305655,0.09643938708042661,0.8999900868266634,0.000450771130853107,4,-0.024216121728976237,-0.02123478642097022,-0.7509502736143444,0.8259171952957489,-0.029516013531458184,1.1167375983786845,4,0.6185133202737552,0.3430281910722646,-0.27548512920149054
tm606050,pedro pelagio_2000,2021,0.06231751698941482,0.007160543785157066,0.12190890353702301,0.7654531075546823,0.04315992813372281,4,2122,0.021429669190361725,0.0011729754405231999,0.04073703072107721,0.9222849245823864,0.014375400065651694,4,-0.04088784779905309,-0.005987568344633866,-0.08117187281594579,0.1568318170277041,-0.028784528068071115,0.1813636094727372,4,0.8051259774166943,0.356250610293977,-0.44887536712271736
tm610335,ivan jaime pajuelo_2000,2021,0.0006989028275945609,0.047756589713307644,0.946132377531869,0.0014322763611497717,0.003979853566079038,3,2122,0.007853969710602274,0.2901036295606322,0.5330599741166382,0.13039266522422116,0.03858976138790617,3,0.007155066883007713,0.24234703984732453,-0.41307240341523077,0.1289603888630714,0.034609907821827136,0.49602709105835213,3,0.23410043027142702,1.1236710249449244,0.8895705946734974
tm617679,ze carlos_1998,2021,0.21336199452391055,0.0022196445628710707,0.044407787175803314,0.6122185761420382,0.12779199759537682,4,2122,0.964710962770218,0.0004912643328550423,0.00877312443122163,0.02286164201288159,0.003163006452823765,1,0.7513489682463074,-0.0017283802300160284,-0.035634662744581685,-0.5893569341291567,-0.12462899114255306,0.9555834261737953,1,1.0447658781341551,0.18453672049135414,-0.860229157642801
tm629567,yanis hamache_1999,2021,0.0802360045777168,0.014741662250775304,0.33742243451954557,0.39360794937638477,0.1739919492755775,4,2122,0.07541222024536728,0.0160976276525115,0.25218045916127807,0.5847388900292259,0.07157080291161716,4,-0.0048237843323495205,0.0013559654017361953,-0.0852419753582675,0.19113094065284109,-0.10242114636396035,0.20933785700459218,4,1.3024348976546454,1.111301347536624,-0.19113355011802136
tm637782,andre amaro_2002,2021,0.9873107870499791,3.7265475996390866e-05,0.0003326403802875647,0.012088512690665167,0.00023079440307165904,1,2122,0.9999078571880383,1.267351410312505e-06,2.8147109407078236e-05,4.982388657849229e-05,1.2904464565880575e-05,1,0.012597070138059219,-3.599812458607836e-05,-0.00030449327088048647,-0.012038688804086674,-0.00021788993850577846,0.017427283672500724,1,0.07096180006867848,0.0010431583633219992,-0.06991864170535649
tm63837,andre andre_1989,2021,0.03075725920465945,0.011050928442561593,0.8100110125153794,0.13534413585295865,0.012836663984440706,3,2122,0.12471494491224555,0.0046137889813453745,0.3069984886221416,0.5183343300105269,0.04533844747374065,4,0.0939576857075861,-0.006437139461216219,-0.5030125238932379,0.3829901941575682,0.03250178348929994,0.6391968174844628,3,0.654136675171366,1.1278512719029878,0.47371459673162186
tm64339,pizzi_1989,2021,0.006856254430679229,0.055375862507919704,0.888885608892,0.01963282400363023,0.029249450165771032,3,2122,0.004712848547189642,0.02163896110388132,0.013121185073867279,0.014990033967376212,0.9455369713076855,5,-0.002143405883489587,-0.033736901404038386,-0.8757644238181327,-0.00464279003625402,0.9162875211419145,0.8764289213792261,3,0.47957090480204123,0.28097360260690596,-0.19859730219513527
tm644158,lucas_1999,2021,0.017767953199859417,0.00446762739730312,0.9332638321907172,0.03840346048361131,0.006097126728509086,3,2122,0.006120637911083841,0.2300356452175172,0.7072945777075027,0.047105432773840605,0.009443706390055588,3,-0.011647315288775575,0.2255680178202141,-0.22596925448321448,0.008701972290229294,0.003346579661546502,0.3196160492062566,3,0.3165183343266165,0.8021301093943258,0.4856117750677093
tm646677,riccieli_1998,2021,0.9993992283837002,4.145835569372595e-06,2.5668114759580073e-05,0.0005031216075476841,6.783605842299237e-05,1,2122,0.9966526198946853,6.462562848591495e-05,0.001277432990847547,0.0018406215712379376,0.0001646999147433337,1,-0.002746608489014868,6.047979291654235e-05,0.001251764876087967,0.0013374999636902535,9.686385632034133e-05,0.003302020208169344,1,0.00539545650015808,0.025502978495360942,0.02010752199520286
tm651205,luquinha_2000,2021,0.024274201170967746,0.019957369825649624,0.8401653259667783,0.06357056803302535,0.052032535003578954,3,2122,0.013819767372322706,0.07228045629237223,0.7383485097839734,0.12694261161722953,0.04860865493410223,3,-0.01045443379864504,0.05232308646672261,-0.10181681618280491,0.06337204358420417,-0.003423880069476727,0.13126187766863515,3,0.6436739653725212,0.8820393778217139,0.23836541244919274
tm657386,bruno rodrigues_2001,2021,0.9967710556331542,1.59105376578866e-05,0.00010397015033024984,0.0029853169098480446,0.0001237467690099474,1,2122,0.9990337710085675,1.5914979214352802e-05,0.00039413347640049123,0.00044266913470727704,0.00011351140111049244,1,0.0022627153754133378,4.441556466200884e-09,0.0002901633260702414,-0.0025426477751407674,-1.023536789945496e-05,0.003416011319415685,4,0.022823229672987368,0.008680825030701502,-0.014142404642285866
tm674798,goncalo franco_2000,2021,0.1990505463229582,0.010191370730954365,0.19815173357447424,0.5690823654634355,0.02352398390817763,4,2122,0.024557160926970672,0.0005145498352707331,0.08362917516770257,0.8888535515993693,0.002445562470686722,4,-0.17449338539598755,-0.009676820895683632,-0.11452255840677167,0.3197711861359338,-0.021078421437490908,0.3819824737817355,4,1.0978166706261612,0.42187145819538285,-0.6759452124307783
tm694928,samuel lino_1999,2021,0.0006057335559636227,0.9719901291163949,0.02548310037236123,0.00042220617871387383,0.001498830776566373,2,2122,0.003821953926582684,0.6533101011923219,0.25712597626258077,0.06074130065393329,0.025000667964581502,2,0.0032162203706190616,-0.318680027924073,0.23164287589021954,0.060319094475219416,0.02350183718801513,0.3985776202700829,2,0.13864569983594288,0.9109869623239825,0.7723412624880396
tm700933,derik lacerda_1999,2021,0.01481733327314058,0.453442751742995,0.20112624106947463,0.02035869677300361,0.3102549771413863,2,2122,0.015409209898014028,0.20825848427071614,0.2725310491897403,0.34069181150495675,0.16310944513657274,4,0.000591876624873448,-0.24518426747227884,0.07140480812026567,0.32033311473195314,-0.14714553200481353,0.4096677023520693,4,1.1859944734218772,1.4079638951987277,0.22196942177685042
tm70359,david simao_1990,2021,0.07205397673475462,0.007148273272192311,0.14956875218756108,0.5025847920450068,0.26864420576048503,4,2122,0.011284976415187683,0.0025201297558295923,0.13229443059614895,0.827354231886378,0.026546231346455777,4,-0.06076900031956694,-0.0046281435163627194,-0.017274321591412123,0.3247694398413712,-0.24209797441402925,0.33088953194921283,4,1.2078966928198973,0.5864142450595019,-0.6214824477603954
tm711337,evanilson_1999,2021,0.002152432219008321,0.910994932752878,0.039554356080832784,0.002550867291248878,0.04474741165603211,2,2122,0.0020994989188533194,0.8626809928842855,0.02794212465665666,0.00900456690651129,0.09827281663369322,2,-5.293330015500178e-05,-0.04831393986859256,-0.011612231424176125,0.0064536996152624124,0.05352540497766111,0.05010722248272104,2,0.38015301452344424,0.5107442270646614,0.13059121254121714
tm740273,nathan_2001,2021,0.2665560420070173,0.00592841931425746,0.09056858883270039,0.29869184275116256,0.33825510709486223,5,2122,0.6555635488272545,0.0011452014442095866,0.060344008677932534,0.2764603791152562,0.006486861935347082,1,0.3890075068202372,-0.004783217870047873,-0.030224580154767852,-0.022231463635906334,-0.33176824515951514,0.3908420176447459,1,1.327922823761293,0.8421236615484128,-0.4857991622128802
tm75442,nicolas gaitan_1988,2021,0.016339561467368396,0.018829190881584478,0.8285012625511865,0.0835232026945518,0.052806782405308846,3,2122,0.01754512786208045,0.18760950026875986,0.11563577027224337,0.05744292115352541,0.6217666804433909,5,0.001205566394712053,0.1687803093871754,-0.7128654922789431,-0.026080281541026387,0.568959898038082,0.73303863294817,3,0.6605595511493982,1.0939109966720313,0.43335144552263305
tm782612,tiago melo almeida_2001,2021,0.8066165903729698,0.000590430201557405,0.00416160650836388,0.173929076569936,0.014702296347172825,1,2122,0.8923764844043074,0.0001927839990851649,0.007102962870441743,0.0981703707884047,0.002157397937760986,1,0.08575989403133755,-0.00039764620247224007,0.0029413563620778634,-0.07575870578153131,-0.01254489840941184,0.11446812056511607,1,0.5668111001626728,0.37950389934674883,-0.18730720081592395
tm83466,andre almeida_1990,2021,0.602121098623554,0.0009837367487027303,0.015306588427120873,0.3128081133719821,0.06878046282864023,1,2122,0.9789654860785628,0.0003072372540386061,0.008601415375220694,0.009136661857282551,0.0029891994348953265,1,0.3768443874550088,-0.0006764994946641242,-0.006705173051900179,-0.30367145151469954,-0.0657912633937449,0.48401803666661797,1,0.9238877748489648,0.12447977857410143,-0.7994079962748634
tm85953,yohan tavares_1988,2021,0.9985890172961169,3.6220868382596485e-06,2.4653832838216288e-05,0.0013037107086358484,7.8996075570767e-05,1,2122,0.9977329916252209,3.1842528176550054e-05,0.0007104460055823123,0.001248601941582173,0.0002761178994380465,1,-0.0008560256708960434,2.8220441338290404e-05,0.000685792172744096,-5.510876705367546e-05,0.0001971218238672795,0.001098601029921961,1,0.011123114627746917,0.018355133721335147,0.00723201909358823
tm95429,osama rashid_1992,2021,0.10981282569428634,0.005656464750062153,0.2735229537945011,0.5916477963210584,0.019359959440092098,4,2122,0.0059268848308001,0.0006966420996027419,0.27585851393585625,0.715935572211111,0.001582386922629955,4,-0.10388594086348624,-0.004959822650459411,0.002335560141355164,0.12428777589005269,-0.01777757251746214,0.162079593492474,4,1.0133218953451237,0.6401729798977249,-0.3731489154473988
tm99499,rafael martins_1989,2021,0.001302475095002262,0.9786270972328079,0.014459368526962581,0.00034968265718401096,0.005261376488043192,2,2122,0.0005454805020935604,0.9883133935481521,0.00807090758468449,0.0009508854943659137,0.002119332870704031,2,-0.0007569945929087015,0.009686296315344123,-0.006388460942278091,0.0006012028371819027,-0.003142043617339161,0.011643506996811158,2,0.1214429834624785,0.07427873013458318,-0.047164253327895325
anderson_1998,anderson_1998,2122,9.998460346040492e-41,2.1229003963170317e-40,1.0,5.8621779490427296e-39,2.4177825988806565e-41,3,2223,0.03900266139129171,0.0570316598402408,0.691258298054024,0.18365377936524693,0.02905360134919664,3,0.03900266139129171,0.0570316598402408,-0.30874170194597605,0.18365377936524693,0.02905360134919664,0.36581958260237163,3,1.1052408446371418e-10,0.9591661286777283,0.9591661285672043
christian neiva afonso_1994,christian neiva afonso_1994,2122,0.5465798694382599,0.004910122644223266,0.0682728120785969,0.28097419138836954,0.0992630044505503,1,2223,0.8034317676348356,0.0022970242600609233,0.012684472715274507,0.16559852639382744,0.01598820899600178,1,0.2568518981965757,-0.002613098384162343,-0.05558833936332239,-0.1153756649945421,-0.08327479545454851,0.2870214860188242,1,1.1255308645924842,0.6090995446370863,-0.5164313199553979
cristian gonzalez_1996,cristian gonzalez_1996,2122,0.9999985036133735,2.1525544450470866e-08,5.705308558910289e-07,7.660156696472659e-07,1.3831455639362874e-07,1,2223,0.9951724571933135,0.00010596695096240508,0.00037266996600902083,0.0038678412061948536,0.0004810646835203722,1,-0.004826046420060015,0.00010594542541795461,0.0003720994351531298,0.0038670751905252065,0.0004809263689639786,0.006196343841375971,1,2.3050332744570234e-05,0.033889065936646395,0.033866015603901824
diederrick joel_1993,diederrick joel_1993,2122,0.0007665661828862753,0.9658981199840863,0.01907448962934949,0.0028042879972152955,0.011456536206462805,2,2223,0.014500195508331398,0.5262031773190182,0.2747237197251435,0.020387372270749642,0.16418553517675732,2,0.013733629325445123,-0.43969494266506803,0.255649230095794,0.017583084273534347,0.15272899897029452,0.5091030827650022,2,0.18221750478921592,1.1301945286616266,0.9479770238724107
lamine diaby_1996,lamine diaby_1996,2122,0.013199055534055548,0.004806924466995266,0.018790767229647135,0.02070918963452372,0.9424940631347783,5,2223,0.06987958579071925,0.0032913060986468202,0.017357368920330876,0.9051625844732896,0.0043091547170136715,4,0.0566805302566637,-0.0015156183683484458,-0.001433398309316259,0.8844533948387658,-0.9381849084177647,0.8862701855990339,4,0.29357314610207996,0.3887882416831249,0.09521509558104496
paulo sergio mota_1991,paulo sergio mota_1991,2122,0.22477430781223195,0.005426888399519399,0.28205908955696807,0.46741893067161466,0.020320783559665923,4,2223,0.07368267474320517,0.0012958574905883617,0.008761062796564044,0.9135752138857552,0.002685191083887109,4,-0.1510916330690268,-0.004131030908931037,-0.27329802676040404,0.4461562832141406,-0.017635592475778814,0.5446035140195323,4,1.1554627800044512,0.340758120554141,-0.8147046594503102
tm102427,sebastian coates_1990,2122,0.9924858301260264,0.00011638721948622913,0.002728574334844761,0.004374040769837485,0.00029516754980519246,1,2223,0.9974884682387055,7.677280405433988e-05,0.00025613149926927213,0.0018758662606379432,0.00030276119733321224,1,0.005002638112679092,-3.961441543188925e-05,-0.002472442835575489,-0.0024981745091995416,7.593647528019777e-06,0.006114066309907211,1,0.05080880810847466,0.01958504820130936,-0.031223759907165298
tm126956,edgar costa_1987,2122,0.012470750657301452,0.03834590434667137,0.4536267736971793,0.4146555855738772,0.08090098572497051,3,2223,0.0425631698918124,0.0298272850737555,0.07724485379253103,0.5945611370664965,0.2558035541754046,4,0.030092419234510948,-0.008518619272915872,-0.37638191990464825,0.17990555149261928,0.17490256845043411,0.4183389506831452,3,1.1067617338593412,1.094811797816483,-0.0119499360428581
tm127031,pierre sagna_1990,2122,0.9876484442628015,0.00011412868544641328,0.001982779331783992,0.008680058243821157,0.0015745894761471418,1,2223,0.6487848351461037,0.0005253776453683676,0.0037839524585385792,0.33560379610217056,0.011302038647818726,1,-0.3388636091166978,0.00041124895992195433,0.0018011731267545874,0.3269237378583494,0.009727449171671584,0.4708620703658434,1,0.07701427410669068,0.7228545762150629,0.6458403021083722
tm129670,luiz carlos_1985,2122,0.05382031048531362,0.001104627504486336,0.05371815479565543,0.8829565121327815,0.008400395081763174,4,2223,0.01562557593025655,0.0009586749480254008,0.005630141569116563,0.9751067792825973,0.002678828270004297,4,-0.038194734555057064,-0.00014595255646093514,-0.04808801322653886,0.09215026714981578,-0.005721566811758877,0.11073837547001582,4,0.47192058048952124,0.14125492509698379,-0.33066565539253745
tm137192,zainadine junior_1988,2122,0.9994791546241348,7.55880956468824e-06,0.0001548452428514992,0.0003270231234556163,3.141819999332394e-05,1,2223,0.9996443416276718,9.809492324143332e-06,3.1831861410980646e-05,0.00027031943473381523,4.369758385911446e-05,1,0.0001651870035369596,2.2506827594550923e-06,-0.00012301338144051854,-5.670368872180107e-05,1.2279383865790522e-05,0.0002136338269995944,1,0.004918584797733824,0.0034579050256841244,-0.0014606797720496992
tm138651,joaozinho_1989,2122,0.973630490731611,0.00035991155891271795,0.006396437635165415,0.01681184475203442,0.002801315322276538,1,2223,0.8017368722121063,0.002486051331589771,0.00863788019965943,0.17173446931406602,0.01540472694257846,1,-0.1718936185195047,0.002126139772677053,0.0022414425644940155,0.1549226245620316,0.012603411620301923,0.2314259713688593,1,0.14634047619594592,0.59996434127899,0.4536238650830441
tm139336,paulo oliveira_1992,2122,0.9986205175302907,2.3310329907616818e-05,0.0004151706071897495,0.0006990221867742496,0.00024197934583796197,1,2223,0.9960857026694907,7.333749459187167e-05,0.0002477818960916426,0.0023762762537709995,0.0012169016860547168,1,-0.002534814860799983,5.0027164684254854e-05,-0.00016738871109810692,0.00167725406699675,0.0009749223402167548,0.0030445014832643793,1,0.011953886377597478,0.0291873119918536,0.017233425614256122
tm139395,ricardo esgaio_1993,2122,0.09008038564394469,0.011820877948690911,0.13261565021052915,0.6049130161263074,0.16057007007052795,4,2223,0.043928837055286565,0.009844648119637835,0.0833818451414693,0.8016412719449668,0.061203397738639226,4,-0.04615154858865812,-0.0019762298290530757,-0.04923380506905985,0.19672825581865938,-0.09936667233188873,0.2079900120690861,4,1.134970044323404,0.7381367411329396,-0.3968333031904645
tm14132,pepe_1983,2122,0.995364673014608,0.00011900530596401124,0.001637387661087489,0.0026192567526254007,0.00025967726571506447,1,2223,0.9999335268247018,1.012882236470531e-06,4.3391374846249355e-06,5.261176077365833e-05,8.509394803367728e-06,1,0.004568853810093865,-0.0001179924237275407,-0.001633048523602864,-0.0025666449918517425,-0.00025116787091169677,0.005490251482828947,1,0.033918254819941866,0.0007517331075468116,-0.03316652171239506
tm149729,joao mario_1993,2122,0.002546417910335327,0.001994648419650234,0.17445431096752748,0.8166884751332348,0.004316147569251978,4,2223,0.0030080050256076785,0.12550486367804992,0.7975090580890914,0.044425854419319975,0.029552218787930934,3,0.0004615871152723514,0.12351021525839968,0.623054747121564,-0.7722626207139148,0.025236071218678956,0.9999208766689898,4,0.521105114882394,0.7007962771129796,0.17969116223058568
tm155025,fabio cardoso_1994,2122,0.998925374686509,2.691195763663925e-05,0.00039934720547261964,0.00047357938061775174,0.00017478676976398876,1,2223,0.9552728324398096,0.0026360771940416505,0.007205738402879261,0.027349055561004445,0.007536296402264985,1,-0.043652542246699344,0.002609165236405011,0.0068063911974066416,0.026875476180386694,0.0073615096325009965,0.05177808772912923,1,0.009619989704495764,0.2301797813104775,0.22055979160598174
tm155395,salvador agra_1991,2122,0.0034462005302622403,0.5558600900698774,0.3670894092209323,0.053383620599071,0.020220679579857206,2,2223,0.025680267820162087,0.04320336123531157,0.4078827472798218,0.4565533228641649,0.06668030080053962,4,0.022234067289899847,-0.5126567288345658,0.04079333805888952,0.4031697022650939,0.04645962122068241,0.6538510385570406,2,0.9491520394375551,1.1340796547142753,0.1849276152767202
tm167791,stefano beltrame_1993,2122,0.0024788673371638798,0.0003676003718619301,0.02297693926522794,0.9729443762461658,0.0012322167795802861,4,2223,0.006290202596481631,0.0005473851424936576,0.021311127861780545,0.9704376600752943,0.0014136243239497438,4,0.0038113352593177516,0.00017978477063172748,-0.0016658114034473932,-0.0025067161708715036,0.00018140754436945768,0.004859748204982835,1,0.13941914512551565,0.1564076643114603,0.016988519185944656
tm175600,arsenio nunes_1989,2122,0.003252282447078093,0.030345522002442532,0.8591642852862104,0.10135901983730902,0.005878890426959886,3,2223,0.051071230546571915,0.015944104741707824,0.05024663361873144,0.8640989077962776,0.018639123296711285,4,0.04781894809949382,-0.014401417260734708,-0.808917651667479,0.7627398879589686,0.0127602328697514,1.112930346643198,3,0.5173239564068459,0.568626058812034,0.051302102405188066
tm176997,anderson carvalho_1990,2122,0.175511501780138,0.002178003117538377,0.11886656933847888,0.6762373391116884,0.027206586652156552,4,2223,0.02835770254689879,0.0014440302995581316,0.012604762961659771,0.9550857994401009,0.0025077047517824106,4,-0.1471537992332392,-0.0007339728179802454,-0.1062618063768191,0.2788484603284125,-0.024698881900374142,0.33272032499813536,4,0.9345173595433806,0.22451526600064395,-0.7100020935427366
tm177859,tiago ilori_1993,2122,0.5686290624394554,0.024428690080682835,0.09562099718243354,0.08710818315221129,0.2242130671452169,1,2223,0.9719769610362006,0.001124497862681201,0.00254329103961156,0.01668217530380049,0.007673074757706389,1,0.40334789859674514,-0.023304192218001635,-0.09307770614282199,-0.0704260078484108,-0.2165399923875105,0.42054238150229006,1,1.183973531273603,0.15611208179670838,-1.0278614494768947
tm177964,yusupha njie_1994,2122,0.0002659717777395483,0.980327094684139,0.014429495564219505,0.0023487671814701795,0.0026286707924319417,2,2223,0.0011715400112704308,0.7514160522100001,0.22825762314636533,0.0024190556099709633,0.01673572902239314,2,0.0009055682335308824,-0.22891104247413896,0.2138281275821458,7.028842850078385e-05,0.014107058229961198,0.3132468012704555,2,0.11266354455006457,0.6428852190241029,0.5302216744740383
tm181783,claudio winck_1994,2122,0.04421738089042,0.005378629755900515,0.23054356352912073,0.7050117348008729,0.014848691023685783,4,2223,0.033377366506243074,0.0010201439296355476,0.015556832338144816,0.9472875309215472,0.0027581263044291686,4,-0.010840014384176928,-0.0043584858262649675,-0.21498673119097592,0.2422757961206743,-0.012090564719256614,0.32411935808376885,4,0.8132242294443173,0.2528248654323399,-0.5603993640119773
tm182108,sebastian perez_1993,2122,0.08040536267252643,0.0006736605350491077,0.06547941647434387,0.8505613566163897,0.0028802037016909176,4,2223,0.20316995646520097,0.0043200787774908475,0.03599855571154512,0.7342970615699018,0.022214347475861193,4,0.12276459379267454,0.0036464182424417397,-0.029480860762798745,-0.11626429504648783,0.019334143774170275,0.17167104971150932,1,0.5406131656585291,0.7783361131087585,0.23772294745022937
tm182936,filipe ferreira_1990,2122,0.9103668754418762,0.0005109639912915957,0.02714333307972771,0.05649951150487317,0.005479315982231185,1,2223,0.3582962983008383,0.001987898286883472,0.008764011425414019,0.6027548805397899,0.02819691144707442,4,-0.5520705771410379,0.0014769342955918761,-0.01837932165431369,0.5462553690349167,0.022717595464843237,0.7768634572070551,1,0.3781410925233068,0.8273989386920244,0.4492578461687176
tm184992,juan delgado_1993,2122,0.15798668828865867,0.024865818885505507,0.5612567972610071,0.15900758360198824,0.0968831119628405,3,2223,0.3480193905517318,0.002484087368770001,0.020921815569399496,0.6171799919412478,0.011394714568850939,4,0.19003270226307314,-0.022381731516735507,-0.5403349816916075,0.4581724083392596,-0.08548839739398956,0.7338236968360726,3,1.2260868539691967,0.8119710889694174,-0.4141157649997793
tm186848,giorgi aburjania_1995,2122,0.001861273777598909,0.0016122470326261217,0.049653098854796136,0.9448212409796842,0.0020521393552946974,4,2223,0.012215673777480509,0.0002586809209588463,0.0028797865521226263,0.9839322649979663,0.0007135937514717634,4,0.0103543999998816,-0.0013535661116672753,-0.04677331230267351,0.03911102401828204,-0.001338545603822934,0.06185839218811192,3,0.23748896519510337,0.09390210111250144,-0.14358686408260193
tm190442,alan ruiz_1993,2122,0.012002823958732763,0.1332206410283958,0.2726614745741721,0.4301869023488136,0.1519281580898857,4,2223,0.005943463892387014,0.035812439625185516,0.7317667279404071,0.21497264506264396,0.011504723479376564,3,-0.006059360066345749,-0.09740820140321027,0.459105253366235,-0.21521425728616966,-0.14042343461050913,0.5163524801458151,3,1.3251167446917789,0.7600591543344907,-0.5650575903572882
tm193082,alex grimaldo_1995,2122,0.07191590951561931,0.026781079128511263,0.3010589824422913,0.471928691079935,0.12831533783364296,4,2223,0.44518500810849115,0.014886766459278231,0.045142909415154614,0.35520584978223924,0.1395794662348368,1,0.37326909859287183,-0.011894312669233032,-0.2559160730271367,-0.11672284129769578,0.01126412840119384,0.4675345471218639,1,1.2655057939415348,1.2052623127563065,-0.060243481185228376
tm193303,nuno sequeira_1990,2122,0.9083858951251553,0.001944153462097458,0.017898278474970407,0.050363059551422576,0.02140861338635417,1,2223,0.8397396639505891,0.001908021773302066,0.005743222264483333,0.13873820014225072,0.013870891869374917,1,-0.06864623117456625,-3.6131688795392044e-05,-0.012155056210487073,0.08837514059082814,-0.0075377215169792535,0.1125620594423346,4,0.40422982090727827,0.5216229062495226,0.1173930853422443
tm193830,iuri medeiros_1994,2122,0.015616499459267847,0.30630405647866277,0.13784616131343216,0.06218848056072538,0.47804480218791184,5,2223,0.007163762388475695,0.5317234436699272,0.24793481747625618,0.04869337856819245,0.1644845978971485,2,-0.008452737070792152,0.22541938719126442,0.11008865616282401,-0.013495101992532933,-0.31356020429076337,0.2513702028467147,2,1.226081091108354,1.161046784655513,-0.06503430645284092
tm194005,nino galovic_1992,2122,0.9998003483270609,4.254536976369778e-06,7.274552601087195e-05,0.00010566895509080529,1.69826548611511e-05,1,2223,0.9938837644663284,0.0001536630761606049,0.00028858821369644666,0.004594052052054578,0.0010799321917601557,1,-0.0059165838607324606,0.00014940853918423512,0.00021584268768557472,0.004488383096963772,0.0010629495368990047,0.007431046923791992,1,0.002099354971114645,0.041905522661379174,0.03980616769026453
tm197880,raphael guzzo_1995,2122,0.003297853286204118,0.0035326319174241437,0.0964559348558942,0.8940980069342384,0.002615573006239099,4,2223,0.0015818941906875588,7.069908424784435e-05,0.000740353267470471,0.9974629762227125,0.0001440772348815578,4,-0.0017159590955165593,-0.0034619328331762993,-0.09571558158842372,0.10336496928847416,-0.0024714957713575414,0.1409280629590016,4,0.38000639109978585,0.020022460703541148,-0.3599839303962447
tm211072,paulinho_1992,2122,2.812171964967667e-05,0.9986334573259515,0.0006171450318419555,0.00013538722073757584,0.000585888701819191,2,2223,0.003253115660952653,0.8102659979233482,0.13211115713759408,0.00711850599530631,0.04725122328279873,2,0.0032249939413029763,-0.18836745940260335,0.13149401210575212,0.006983118774568735,0.04666533458097954,0.22985242986577342,2,0.011787598853181265,0.6359413113303836,0.6241537124772023
tm214070,ewerton_1992,2122,0.003988134397620449,0.0006270556141335703,0.20695789719234448,0.787532689301099,0.0008942234948023324,4,2223,0.027605806274928608,0.020276729813518687,0.053640903613564855,0.8829157702339435,0.01556079006404461,4,0.02361767187730816,0.019649674199385115,-0.15331699357877962,0.09538308093284453,0.014666566569242277,0.18316095863836077,3,0.5470442678058293,0.5097902803576737,-0.03725398744815556
tm214538,mateus uribe_1991,2122,0.007027342323887375,0.00016013023692716642,0.010535481354472402,0.9812921140745781,0.000984932010135026,4,2223,0.059487856912480624,0.0010863248941959077,0.0058335440004808805,0.9285937048292252,0.004998569363617411,4,0.05246051458859325,0.0009261946572687413,-0.004701937353991522,-0.05269840924535285,0.0040136373534823844,0.07451304569882182,4,0.10955918110587406,0.30057571292633284,0.19101653182045877
tm215122,ivo rodrigues_1995,2122,0.012371963407454285,0.0145339507618777,0.3154941043603712,0.5918466698645746,0.06575331160572233,4,2223,0.028588769092499383,0.02526734912905069,0.08886797080361653,0.787485729692867,0.0697901812819664,4,0.016216805685045098,0.010733398367172992,-0.22662613355675465,0.19563905982829244,0.004036869676244073,0.30002039392100854,3,0.9691959751967286,0.7836172131861507,-0.18557876201057788
tm222813,marko grujic_1996,2122,0.07356460456701548,0.0023956658624786865,0.16411761487670865,0.7478457929510358,0.012076321742761178,4,2223,0.24418147228893827,0.006333769395989619,0.01872906614810256,0.683114120690681,0.047641571476288586,4,0.1706168677219228,0.003938103533510933,-0.14538854872860607,-0.06473167226035481,0.035565249733527406,0.23335304520342778,1,0.773646090369223,0.8561700922213742,0.08252400185215114
tm223977,igor juliao_1994,2122,0.9046428645245715,0.0014141514535785803,0.02656915572271367,0.05382148968877411,0.013552338610362235,1,2223,0.3931910392354595,0.0019716319148692344,0.053364818137303996,0.5390475277506376,0.012424982961729685,4,-0.511451825289112,0.0005574804612906541,0.026795662414590325,0.4852260380618635,-0.0011273556486325505,0.7055108758293375,1,0.4118924943079791,0.9233268394143328,0.5114343451063537
tm226155,carlinhos_1994,2122,0.002947557997013895,0.00200200141520206,0.5494931510865342,0.44426454175834784,0.0012927477429019105,3,2223,0.011677100887987535,0.0007550529860537187,0.008956497337702818,0.9770595002475282,0.001551848540727832,4,0.00872954289097364,-0.0012469484291483413,-0.5405366537488314,0.5327949584891803,0.0002591007978259216,0.7590310281121199,3,0.7276738246989964,0.13233885045472163,-0.5953349742442748
tm228433,wendell_1993,2122,0.3027453318571685,0.010066545951931169,0.1500523871344747,0.45629063690541066,0.08084509815101487,4,2223,0.8571536599650784,0.0007877593751687785,0.0034559266331172524,0.13378618461971478,0.004816469406920853,1,0.55440832810791,-0.00927878657676239,-0.14659646050135744,-0.3225044522856959,-0.07602862874409402,0.6579926550740273,1,1.2540060843790455,0.4521485004649301,-0.8018575839141153
tm231289,otavio_1995,2122,0.013053407379532367,0.008083668644548136,0.22536495853355937,0.6675059618154309,0.08599200362692908,4,2223,0.022354218650434028,0.019772107171917578,0.17016486328931985,0.7069896463831186,0.08071916450521013,4,0.009300811270901661,0.011688438527369442,-0.05520009524423952,0.039483684567687694,-0.005272839121718942,0.0694919890888065,3,0.912174784608786,0.9121913398481942,1.655523940824466e-05
tm231614,gilberto_1993,2122,0.1382017007758803,0.008095665154501316,0.0864815714393206,0.6355227072778434,0.13169835535245453,4,2223,0.4939878377430515,0.0314554279183978,0.0960957563811698,0.21687117533197425,0.16158980262540656,1,0.3557861369671712,0.023359762763896487,0.009614184941849194,-0.4186515319458692,0.029891447272952038,0.5499918104182348,4,1.0792621865631322,1.3082938565806599,0.22903167001752767
tm235568,joao pedro_1993,2122,0.0023357197764456664,0.0012732235876638381,0.15329969030710444,0.8409809104747518,0.002110455854034282,4,2223,0.3654957520400102,0.006111600683392865,0.027482138750509057,0.5702282225807974,0.0306822859452903,4,0.3631600322635646,0.004838377095729027,-0.12581755155659538,-0.27075268789395435,0.02857183009125602,0.4701549672268616,1,0.46878148780986967,0.9250098470220869,0.4562283592122172
tm236997,tiago silva_1993,2122,0.003062247601566507,0.0007152006384394966,0.06370842934427484,0.928560565743924,0.003953556671794992,4,2223,0.013015882547050977,0.0009247345140402509,0.007792651538032744,0.9742926109977392,0.003974120403136905,4,0.00995363494548447,0.00020953387560075426,-0.0559157778062421,0.045732045253815246,2.0563731341913596e-05,0.07291853621574583,3,0.28902372599608656,0.14814259453302017,-0.14088113146306638
tm238055,rafa silva_1993,2122,0.009501124199902393,0.36379527523210725,0.17630179359160966,0.06178706143997576,0.38861474553640485,5,2223,0.00408072654135441,0.19486828477816698,0.7246710163741317,0.01685212185287181,0.059527850453475174,3,-0.005420397658547983,-0.16892699045394027,0.548369222782522,-0.044934939587103956,-0.32908689508292965,0.575581151624518,3,1.2574039114698186,0.8112734807542745,-0.44613043071554404
tm238367,cassiano_1989,2122,0.0008334957287780114,0.9495715912374993,0.02097058403632899,0.007443897389603986,0.02118043160778994,2,2223,0.01405046936654406,0.08712507073803,0.8468133582003801,0.018438946396378202,0.033572155298667916,3,0.013216973637766048,-0.8624465204994693,0.825842774164051,0.010995049006774216,0.012391723690877977,1.1942051196739278,2,0.2542095148272267,0.6009293721212343,0.3467198572940076
tm249360,ali alipour_1995,2122,3.736393832876619e-42,1.0,2.1229003963170317e-40,1.4562483637752376e-41,2.4177825988806565e-41,2,2223,0.0047081287784079846,0.24952902416084727,0.5718451078765406,0.021228715801316182,0.15268902338288787,3,0.0047081287784079846,-0.7504709758391528,0.5718451078765406,0.021228715801316182,0.15268902338288787,0.9437618014257992,2,1.1052408446371418e-10,1.0599543450228506,1.0599543449123265
tm257388,wilson manafa_1994,2122,0.971267776882543,0.00042089683981099606,0.015623718221128527,0.011316953970686083,0.001370654085831483,1,2223,0.9801903667691783,0.00040190731252796923,0.0029899047941444505,0.012664528966767265,0.0037532921573820246,1,0.008922589886635302,-1.898952728302683e-05,-0.012633813426984077,0.0013475749960811818,0.002382638071550542,0.015525532872179922,3,0.1563180168306352,0.11642689646141746,-0.03989112036921774
tm257456,francisco geraldes_1995,2122,0.0008337849733962337,0.0010824218350566764,0.1698357670782744,0.827500708938611,0.0007473171746615211,4,2223,0.016497747261051073,0.006071121871822635,0.09427933391573504,0.8699250294979753,0.013226767453415795,4,0.01566396228765484,0.004988700036765959,-0.07555643316253938,0.04242432055936429,0.012479450278754274,0.08819775739651707,3,0.47647166142977154,0.4997789021878598,0.023307240758088266
tm258015,diogo goncalves_1997,2122,0.012511996244245704,0.007156375953544545,0.42007407594614443,0.5446365713360733,0.01562098051999195,4,2223,0.03621092081596102,0.08441925462023331,0.4115179842844285,0.20023243399845886,0.26761940628091835,3,0.023698924571715317,0.07726287866668877,-0.008556091661715948,-0.3444041373376145,0.2519984257609264,0.3538624138920513,4,0.8504179719884474,1.3690331675591825,0.5186151955707351
tm261927,ricardo horta_1994,2122,0.011531940837804806,0.45366493489687865,0.2592259947215485,0.0921776370620606,0.18339949248170728,2,2223,0.004831626369163261,0.6713803713308902,0.2150687110486896,0.028688825001238115,0.08003046625001876,2,-0.006700314468641545,0.2177154364340116,-0.0441572836728589,-0.06348881206082249,-0.10336902623168852,0.23113978548465125,2,1.290824052107424,0.9277589751417101,-0.3630650769657138
tm262002,welinton junior_1993,2122,0.00303090931235574,0.7692248670179662,0.07904689426796205,0.042507991900296076,0.10618933750141991,2,2223,0.0013109005666193147,0.6789127682614466,0.30171128399021185,0.0026181450445926825,0.015446902137129463,2,-0.0017200087457364252,-0.09031209875651958,0.2226643897222498,-0.03988984685570339,-0.09074243536429046,0.24357722378015184,3,0.7923732130256905,0.7131386388512508,-0.07923457417443969
tm264848,ruben lameiras_1994,2122,0.004683086225602594,0.15475027227486665,0.8100344055278851,0.023894041607557797,0.006638194364087883,3,2223,0.01981438901009821,0.08895767002242921,0.5193072732160218,0.33955573269349354,0.032364935057957275,3,0.015131302784495614,-0.06579260225243744,-0.2907271323118633,0.3156616910859357,0.02572674069386939,0.4344216747776472,4,0.607044482071655,1.1110153375094676,0.5039708554378126
tm265589,fahd moufi_1996,2122,0.6327347510691961,0.0026488970005964863,0.124618316960185,0.22822596013438273,0.011772074835639752,1,2223,0.3466695927963892,0.0020161186803332788,0.0310251632581573,0.6079022873022156,0.012386837962904596,4,-0.2860651582728069,-0.0006327783202632075,-0.0935931537020277,0.3796763271678329,0.0006147631272648436,0.4845074478453301,4,0.9543175867512825,0.8444882405760107,-0.10982934617527185
tm271256,jhonder cadiz_1995,2122,0.004220896616212593,0.2688044268229895,0.03765716012259401,0.020662500858457562,0.6686550155797464,5,2223,0.00125179401942921,0.8881405263144263,0.06313078127049093,0.0022875430564035498,0.045189355339249886,2,-0.002969102596783383,0.6193360994914368,0.02547362114789692,-0.01837495780205401,-0.6234656602404965,0.6201391490239194,2,0.8489965059867491,0.44197916100411316,-0.407017344982636
tm271498,denilson_1995,2122,0.00012143024539258575,0.9939284749817985,0.0038174829219780005,0.0004828815995892982,0.0016497302512417742,2,2223,0.08553476302920174,0.05566403610736915,0.7022420040293703,0.0844339949361895,0.07212520189786945,3,0.08541333278380915,-0.9382644388744293,0.6984245211073923,0.0839511133366002,0.07047547164662767,1.1757891799927955,2,0.042661478987628586,1.0176685781286778,0.9750070991410492
tm27178,ruben fernandes_1986,2122,0.9899416354735501,0.0002833405527592202,0.004219764804909967,0.003740918302308221,0.001814340866472482,1,2223,0.9966436676230813,0.00011064559941961846,0.0002709565221952319,0.0019908825795942157,0.0009838476757095963,1,0.006702032149531245,-0.00017269495333960174,-0.003948808282714735,-0.0017500357227140054,-0.0008304931907628858,0.007975134504487745,1,0.06775376822935836,0.02577795135730533,-0.041975816872053026
tm278985,flavio ramos_1994,2122,0.9999141922646366,1.7271622450249334e-06,3.0218050002387008e-05,4.732439811864831e-05,6.538124997304493e-06,1,2223,0.9936946588230923,0.00020302753559770445,0.00044087700245443927,0.003571408353291701,0.002090028285563861,1,-0.006219533441544356,0.00020130037335267952,0.0004106589524520523,0.0035240839551730525,0.0020834901605665565,0.007163164563873824,1,0.000972533729225289,0.044438975782541676,0.04346644205331639
tm284883,fran navarro_1998,2122,0.0016379568060243639,0.9429968250916241,0.03125899829097541,0.004637074052616134,0.01946914575876003,2,2223,0.0006763725943750555,0.9511021417328679,0.03191030542731454,0.0012374534393191007,0.015073726806123402,2,-0.0009615842116493084,0.00810531664124381,0.0006513071363391312,-0.0033996206132970337,-0.004395418952636629,0.008865800773258862,2,0.2757851064634252,0.23406020374213726,-0.041724902721287926
tm290336,rochinha_1995,2122,0.004282407746371179,0.2363958271792847,0.6309786105284197,0.10991543196965957,0.018427722576264807,3,2223,0.004473673512260762,0.7779360775362893,0.10953532181916192,0.012549654288164123,0.09550527284412375,2,0.00019126576588958302,0.5415402503570046,-0.5214432887092578,-0.09736577768149544,0.07707755026785894,0.7580561175419464,2,0.971146019280513,0.7410313979510155,-0.23011462132949756
tm290391,nuno santos_1995,2122,0.026360303301222836,0.2579751779758705,0.18535306359754114,0.2656773121224782,0.2646341430028873,4,2223,0.015262204445991481,0.05848068132846358,0.6675847049029011,0.11197118817946568,0.14670122114317805,3,-0.011098098855231355,-0.19949449664740693,0.48223164130536,-0.15370612394301253,-0.11793292185970924,0.5441453394125956,3,1.461737599932158,1.0263605074151225,-0.4353770925170355
tm290530,bilel aouacheria_1994,2122,0.009956663078283011,0.005088538610304644,0.25757008544566756,0.7186812873622922,0.008703425503452674,4,2223,0.010455894337843951,0.2688129723757313,0.35764277142712825,0.3179275047867285,0.04516085707256793,3,0.0004992312595609397,0.26372443376542665,0.10007268598146069,-0.4007537825755637,0.03645743156911525,0.4900703652792236,4,0.7008477607524451,1.2727810467732832,0.571933286020838
tm291939,samu_1996,2122,0.009423213487143594,0.012583668839209925,0.13036441698918408,0.8291188586926481,0.018509841991814227,4,2223,0.016975492077424752,0.009138542749074462,0.034188140519724124,0.9298148974941235,0.00988292715965304,4,0.007552278590281158,-0.003445126090135463,-0.09617627646945995,0.10069603880147537,-0.008626914832161187,0.13949363494984415,4,0.593834799697661,0.34080590778122255,-0.2530288919164384
tm291941,carraca_1993,2122,0.05601538740672183,0.000942813972680772,0.05054534316177011,0.8855006931016399,0.006995762357187382,4,2223,0.5520847212149834,0.002188110688230765,0.008585667054719689,0.408166939963427,0.028974561078639036,1,0.49606933380826157,0.0012452967155499929,-0.041959676107050425,-0.4773337531382129,0.021978798721451653,0.6897060685631983,1,0.4612786361281786,0.8505757776201055,0.3892971414919269
tm292365,paulo henrique_1996,2122,0.8427961909707063,0.003706990125320299,0.07709823886981966,0.06541124145429104,0.010987338579862853,1,2223,0.9818245143598393,0.00023924151160616483,0.000563046320670913,0.016504159593481994,0.0008690382144014545,1,0.13902832338913296,-0.0034677486137141343,-0.07653519254914874,-0.048907081860809054,-0.0101183003654614,0.16610369754920087,1,0.5904157229918192,0.0980774193901427,-0.4923383036016765
tm295414,adrian marin_1997,2122,0.30501860490967836,0.02526168182356944,0.2041247839801592,0.3554848961844438,0.11011003310214934,4,2223,0.9923229173519234,3.124872725822517e-05,0.00025079299972998023,0.006910741530300908,0.00048429939078768253,1,0.687304312442245,-0.025230433096311216,-0.20387399098042921,-0.3485741546541429,-0.10962573371136165,0.7975539719336072,1,1.3900584284006476,0.04812627322329891,-1.3419321551773487
tm299400,pedro sa_1993,2122,0.021808815926346058,0.0005156645633168607,0.08057340232040527,0.8952300574459121,0.0018720597440196331,4,2223,0.1986798165533434,0.02066579110723317,0.015132736740721004,0.7209164211505557,0.04460523444814675,4,0.17687100062699734,0.02015012654391631,-0.06544066557968427,-0.17431363629535646,0.042733174704127116,0.25759872471064954,1,0.40110010088974063,0.8392916249754595,0.4381915240857189
tm302371,toni martinez_1997,2122,0.008114397219657187,0.3225347103779012,0.04803819418554857,0.014957239100513926,0.6063554591163791,5,2223,0.002752040345367765,0.7316673500265187,0.048014969084489025,0.005751438684037719,0.21181420185958674,2,-0.0053623568742894225,0.4091326396486175,-2.3225101059544395e-05,-0.009205800416476208,-0.39454125725679234,0.40927132686984813,2,0.9160700001087866,0.7490168431140156,-0.16705315699477097
tm307058,mehdi taremi_1992,2122,0.003841573995296314,0.6130022944997142,0.03106855086950444,0.011469443350493951,0.34061813728499124,2,2223,0.002136650728402291,0.8530330067079261,0.06599201004307689,0.003692258586229388,0.07514607393436526,2,-0.001704923266894023,0.24003071220821193,0.03492345917357245,-0.007777184764264563,-0.265472063350626,0.24268865274263057,2,0.8473074706844612,0.5432981784101886,-0.30400929227427265
tm308371,mikel villanueva_1993,2122,0.9999938013700067,9.149019063943638e-08,2.226804454240405e-06,3.0890079268870033e-06,7.913274214263465e-07,1,2223,0.9926006232627584,0.00019729529844040973,0.0005314167040237654,0.005239741839366179,0.001430922895411375,1,-0.007393178107248266,0.0001972038082497703,0.000529189899569525,0.005236652831439292,0.0014301315679899488,0.009077474687065277,1,8.697320987397461e-05,0.04995003783780704,0.049863064627933065
tm314367,marcus edwards_1998,2122,0.0008268665446939192,0.9223969304828721,0.05720042823989719,0.011430185648843974,0.008145589083692853,2,2223,0.005585589226527982,0.15690097761881608,0.7715215753238627,0.03566733227552851,0.030324525555264586,3,0.004758722681834063,-0.765495952864056,0.7143211470839654,0.02423714662668454,0.022178936471571733,1.04730551404104,2,0.33433399593139146,0.7446099216799701,0.41027592574857863
tm314942,bruno lourenco_1998,2122,0.0025354440642413626,0.7690896060531803,0.14723866698489413,0.053503388437969826,0.02763289445971438,2,2223,0.010196523130000076,0.010942646868041745,0.3057470598128034,0.6679395496949936,0.005174220494161296,4,0.007661079065758713,-0.7581469591851386,0.1585083928279093,0.6144361612570237,-0.022458673965553084,0.9886871146683758,2,0.7549692622896231,0.7552642025182237,0.0002949402286005487
tm324803,nicolas janvier_1998,2122,0.02054018884195277,0.011766814025750855,0.15584951023170923,0.7818869533074057,0.029956533593181494,4,2223,0.0279556577583198,0.0022331145591789514,0.05171030196237063,0.9021898586052514,0.015911067114879284,4,0.007415468916367032,-0.009533699466571904,-0.1041392082693386,0.12030290529784571,-0.01404546647830221,0.15957331959583856,4,0.7192503393377769,0.42555017254862093,-0.293700166789156
tm329721,jorge silva_1996,2122,0.5068105072888952,0.010500073258163696,0.11053253943127342,0.19978062833971263,0.17237625168195508,1,2223,0.8301337583752794,0.0012029026157448827,0.006178076003265211,0.14066287137861433,0.021822391627096132,1,0.32332325108638416,-0.009297170642418813,-0.1043544634280082,-0.059117756961098306,-0.15055386005485896,0.34497699242193275,1,1.2605259836579699,0.5534194908592768,-0.7071064927986931
tm329722,andre horta_1996,2122,0.001853954149524669,0.0006765341845421463,0.06899720321816441,0.9276988050214174,0.0007735034263514369,4,2223,0.0059581162608234916,0.0008539146231183139,0.006992749188920631,0.9833554441912736,0.0028397757358640057,4,0.004104162111298822,0.00017738043857616756,-0.06200445402924378,0.05565663916985619,0.002066272309512569,0.08342115687044856,3,0.27624088331358676,0.10441889836625168,-0.17182198494733508
tm334557,chiquinho_1995,2122,0.006817069413444914,0.33373332683928675,0.6070309508342843,0.031378083966655375,0.021040568946328705,3,2223,0.03069308407740183,0.0006171929196911314,0.015837443874091226,0.9483466302807086,0.004505648848107136,4,0.023876014663956918,-0.3331161339195956,-0.591193506960193,0.9169685463140532,-0.01653492009822157,1.1409984664121908,4,0.8931278554364694,0.25177667727828135,-0.6413511781581881
tm340376,abel ruiz_2000,2122,0.021310525102842596,0.3172957756515263,0.549845339594486,0.08146224325303424,0.030086116398110894,3,2223,0.006318445879301289,0.638544019272963,0.31078311062345654,0.009724606889525709,0.0346298173347535,2,-0.014992079223541307,0.3212482436214367,-0.23906222897102947,-0.07173763636350852,0.0045437009366426084,0.40708995843784057,2,1.0848061528452377,0.8431429696430129,-0.2416631832022248
tm340524,ivanildo fernandes_1996,2122,0.9994141055539536,7.777404084604223e-06,0.00023591197240807648,0.00030790210366130207,3.4302965892666764e-05,1,2223,0.9995327995959826,1.7772067358534263e-05,5.2693525374976154e-05,0.00032226529482048467,7.446951646333048e-05,1,0.00011869404202902167,9.99466327393004e-06,-0.00018321844703310034,1.4363191159182597e-05,4.016655057066372e-05,0.00021900563805674642,3,0.005489824334438283,0.004479463264706787,-0.0010103610697314962
tm343289,andre bukia_1995,2122,0.004504700658077233,0.03164263439765204,0.7580856708391974,0.19180134844766844,0.013965645657404893,3,2223,0.005975133107411524,0.011815847535884612,0.9491287543387859,0.028910372648796825,0.004169892369121149,3,0.001470432449334291,-0.019826786861767427,0.19104308349958843,-0.16289097579887163,-0.009795753288283745,0.25184557450665934,3,0.7199357873532397,0.25788673331912204,-0.46204905403411767
tm344395,jorge fernandes_1997,2122,0.999971880622219,3.889377701611886e-07,9.785784007328504e-06,1.496031910890832e-05,2.9843368944226057e-06,1,2223,0.9833050788558968,0.0005532799156915325,0.001607021268118142,0.01094884865930198,0.003585771300991658,1,-0.01666680176632218,0.0005528909779213714,0.0015972354841108135,0.010933888340193071,0.0035827869640972353,0.020004725566197097,1,0.00035091246172533135,0.10066225209260599,0.10031133963088065
tm344399,leonardo ruiz_1996,2122,0.0018817226452940389,0.947304826652383,0.03136909866399304,0.004371869948785539,0.01507248208954456,2,2223,0.007647126000513811,0.5038861191036874,0.40083554053110865,0.008597620060045833,0.07903359430464428,2,0.0057654033552197725,-0.4434187075486956,0.36946644186711564,0.004225750111260294,0.06396111221509972,0.5772146036873579,2,0.2586660837190582,0.9905497959395602,0.731883712220502
tm344474,ilija vukotic_1999,2122,0.01756688038294122,0.0005073537400599332,0.043285774234307184,0.9371998104265404,0.001440181216151001,4,2223,0.06868900861551194,0.00043857861503378775,0.0042416972010050685,0.9233059079393341,0.00332480762911498,4,0.05112212823257072,-6.87751250261455e-05,-0.039044077033302114,-0.013893902487206344,0.0018846264129639791,0.06581000837829802,1,0.28097277286180256,0.30317054514770636,0.022197772285903805
tm344519,bruno costa_1997,2122,0.15689542440822649,0.001383726527812275,0.19792761246966237,0.6378025102879529,0.00599072630634587,4,2223,0.030164668721192268,0.004810656768132132,0.019287412053853547,0.8938562548802533,0.05188100757656878,4,-0.1267307556870342,0.003426930240319857,-0.17864020041580883,0.25605374459230046,0.04589028127022291,0.33696924134439654,4,0.9378153036409166,0.4612412136146654,-0.4765740900262512
tm344869,simon banza_1996,2122,0.0013531151095242425,0.8784423435963409,0.017458426470931803,0.006420885651004435,0.09632522917219857,2,2223,0.0011829089534446857,0.8645709044623259,0.06429404798037544,0.0022829401632157168,0.06766919844063825,2,-0.00017020615607955683,-0.013871439134015007,0.046835621509443634,-0.004137945487788718,-0.028656030731560325,0.04902187092329321,3,0.4512762100744096,0.5063550557467804,0.05507884567237081
tm345061,murilo costa_1994,2122,0.011245103119709455,0.21196522375817617,0.5454503135093344,0.18633406544670597,0.04500529416607418,3,2223,0.019528521946249527,0.12978336669997304,0.6104260795992993,0.20644680358242912,0.03381522817204912,3,0.008283418826540071,-0.08218185705820313,0.06497576608996491,0.020112738135723146,-0.011190065994025063,0.106999276031592,2,1.1625573165549308,1.0834108304142795,-0.07914648614065123
tm345345,xadas_1997,2122,0.012816205610867841,0.07003706691134637,0.5347629321774606,0.33743458823110145,0.04494920706922371,3,2223,0.01880077512746247,0.410951305354803,0.3068283369656751,0.1683189253229057,0.09510065722915373,2,0.0059845695165946285,0.34091423844345664,-0.22793459521178555,-0.16911566290819574,0.05015145015993002,0.44363568407086007,2,1.0828014047042742,1.326351384896006,0.2435499801917318
tm352918,henrique gomes_1995,2122,0.31355473048137583,0.05371545742957356,0.2845590909372731,0.2416441295192653,0.10652659163251216,1,2223,0.8689039546542587,0.005328237343567726,0.02469684726558346,0.08035526121447664,0.020715699522113443,1,0.5553492241728829,-0.048387220086005836,-0.25986224367168964,-0.16128886830478867,-0.08581089211039872,0.6358431949641347,1,1.4601157989189113,0.5243090989337814,-0.9358066999851299
tm355496,lucas cunha_1997,2122,0.9730380347177663,0.0010533598917348667,0.009539072172246858,0.01303239366442205,0.0033371395538300467,1,2223,0.9980075214575935,4.9776250317259595e-05,0.00015306613548475396,0.001465936674763597,0.00032369948184081724,1,0.02496948673982724,-0.0010035836414176071,-0.009386006036762104,-0.011566456989658453,-0.0030134400719892297,0.02909230971909042,1,0.15379119445830097,0.015995074461989455,-0.13779611999631153
tm364406,joao gamboa_1996,2122,0.05148908283997406,0.0004619634204238656,0.04778068350210268,0.8984263192574756,0.0018419509800235948,4,2223,0.2695871855147452,0.0030502892828078855,0.014769996911934606,0.70242762475871,0.01016490353180216,4,0.21809810267477114,0.00258832586238402,-0.03301068659016808,-0.1959986944987656,0.008322952551778565,0.29509096139238095,1,0.40942141194594195,0.7280700623341281,0.3186486503881861
tm367652,rodrigo abascal_1994,2122,0.9886804215662115,0.0001838733786236227,0.00253960219209663,0.007193877351288964,0.0014022255117791644,1,2223,0.9976582596643366,2.4398250282178174e-05,6.600563257384005e-05,0.0020203700090204216,0.0002309664437869394,1,0.008977838098125135,-0.00015947512834144453,-0.00247359655952279,-0.005173507342268542,-0.001171259067992225,0.010654147896124596,1,0.0727233954590103,0.01770275664277173,-0.055020638816238567
tm373187,maracas_1994,2122,0.9992331330131093,1.2253337857552263e-05,0.0002336171638378976,0.0003767943231766945,0.0001442021620186111,1,2223,0.9991046685120076,1.7918865006903976e-05,7.159875928058909e-05,0.0006769918590674974,0.000128822004637615,1,-0.00012846450110171048,5.665527149351713e-06,-0.00016201840455730852,0.0003001975358908029,-1.53801573809961e-05,0.00036455966618839913,4,0.007104562488948837,0.007868601932933516,0.0007640394439846791
tm374889,kenji gorre_1994,2122,0.0019519485549605287,0.6714684831853127,0.23660582769234195,0.07611464676444402,0.013859093802940856,2,2223,0.008339263595626785,0.3348250464767542,0.47197960253048277,0.0943581747538652,0.09049791264327105,3,0.006387315040666256,-0.3366434367085585,0.23537377483814081,0.01824352798942118,0.07663881884033019,0.4112216451835124,2,0.8759850031617274,1.2007996658180617,0.3248146626563343
tm375382,andre almeida_2000,2122,0.03128523290864441,0.0011224814614216431,0.21516618946611046,0.7484713926316999,0.003954703532123639,4,2223,0.0838464070155536,0.049157960702220664,0.06563186690490992,0.18117229743466512,0.6201914679426508,5,0.052561174106909185,0.04803547924079902,-0.14953432256120053,-0.5672990951970348,0.6162367644105271,0.5909812698593768,4,0.6853142737584969,1.1404760516879808,0.455161777929484
tm375383,romario baro_2000,2122,0.050444374911500674,0.015405209435586644,0.4161395422626194,0.47648269588798264,0.04152817750231058,4,2223,0.09362794202975246,0.005206410655278781,0.033430220207725445,0.861388656211483,0.006346770895760336,4,0.04318356711825178,-0.010198798780307864,-0.38270932205489394,0.38490596032350033,-0.035181406606550246,0.5445988059534195,4,1.0651471901440128,0.5233720419398875,-0.5417751482041253
tm376441,allano_1995,2122,0.05003218233832892,0.013940828271826482,0.2014808056956408,0.5655761157544581,0.1689700679397457,4,2223,0.08223619001924692,0.017351517439943537,0.29963944254117975,0.4739409388996557,0.12683191109997408,4,0.032204007680918,0.0034106891681170547,0.09815863684553894,-0.09163517685480238,-0.04213815683977162,0.13813346638631582,3,1.1549658158307787,1.2526745560604133,0.0977087402296346
tm377641,al musrati_1996,2122,0.030356457207277785,0.00028427239471435876,0.021832522184314144,0.9462308358255269,0.0012959123881666438,4,2223,0.06946662049436315,0.0018245340095837798,0.007269785551758517,0.9146133520023888,0.006825707941905821,4,0.03911016328708537,0.001540261614869421,-0.014562736632555626,-0.031617483823138115,0.0055297955537391775,0.05238049121304895,1,0.2528175623042269,0.34823706848928154,0.09541950618505463
tm379249,matheus reis_1995,2122,0.06482186962552175,0.001625849624957014,0.14623700896328176,0.7847763091665418,0.002538962619697709,4,2223,0.3399033210714615,0.0008262999188153466,0.022323943801786556,0.6344385756334654,0.0025078595744712573,4,0.27508145144593976,-0.0007995497061416675,-0.12391306516149521,-0.15033773353307645,-3.11030452264517e-05,0.33708504275763523,1,0.6743137379464595,0.7612277748762961,0.08691403692983657
tm384741,vitor costa_1994,2122,0.5722816951025603,0.0016848799265001824,0.0454990064247906,0.3459561326033553,0.03457828594279361,1,2223,0.16812263650675358,0.0007688965083539632,0.008682023111177082,0.8194993027393923,0.0029271411343230963,4,-0.40415905859580675,-0.0009159834181462191,-0.03681698331361352,0.47354317013603703,-0.03165114480847051,0.6236537564333864,4,0.9543112115394746,0.5267027564103024,-0.4276084551291722
tm387110,petar musa_1998,2122,0.0006544174406376507,0.9691701616249762,0.006218916952263623,0.0031295387543926693,0.020826965227729782,2,2223,0.005164703189800452,0.12045466088310433,0.02198791324316015,0.007139848370776865,0.8452528743131582,5,0.004510285749162801,-0.8487155007418719,0.015768996290896526,0.0040103096163841955,0.8244259090854285,0.8488834358758021,2,0.16542014144945916,0.5434596110096472,0.3780394695601881
tm394328,rafik guitane_1999,2122,0.0023782412631613145,0.024510003835411034,0.9392002591586162,0.03182424484345697,0.002087250899354507,3,2223,0.03173884328908171,0.002917648327953464,0.018814406280972907,0.9420456993217775,0.00448340278021452,4,0.029360602025920397,-0.02159235550745757,-0.9203858528776433,0.9102214544783205,0.002396151880860013,1.2949677560223734,3,0.28677755879093386,0.28177314158699973,-0.005004417203934131
tm396429,diogo calila_1998,2122,0.37197121533754873,0.003765422366545577,0.21341765993238485,0.3926797031848307,0.018165999178690113,4,2223,0.6142724561225897,0.0025016513370771823,0.02028142692669762,0.32735037871834904,0.035594086895286384,1,0.242301240785041,-0.0012637710294683946,-0.19313623300568722,-0.06532932446648165,0.01742808771659627,0.31667177572063365,1,1.1583741294289955,0.877677005350652,-0.2806971240783436
tm396443,diogo mendes_1998,2122,0.05948469312959393,0.00047534198943750144,0.06389143010085291,0.8736690091600249,0.002479525620090885,4,2223,0.1788925788258599,0.0030563537142225773,0.023977394402809132,0.7791196702296387,0.0149540028274698,4,0.11940788569626598,0.002581011724785076,-0.039914035698043776,-0.0945493389303862,0.012474477207378916,0.15747257705979717,1,0.48011147980243934,0.6723270474460431,0.19221556764360376
tm398324,rui pires_1998,2122,0.34379096224273364,0.001530939640597853,0.10689135441558256,0.5304687844732454,0.01731795922784064,4,2223,0.4650858829954461,0.0023808769634238868,0.006751358453031092,0.5029895173899604,0.02279236419813844,4,0.12129492075271248,0.0008499373228260337,-0.10013999596255146,-0.027479267083284964,0.005474404970297799,0.1596756371669575,1,1.0225552058324279,0.8359960012536216,-0.18655920457880626
tm401534,arthur_1998,2122,0.006332933259636783,0.021066638596355224,0.6371023132135725,0.32758816471012986,0.007909950220305715,3,2223,0.018090648906084195,0.09277931444089291,0.5401599185298542,0.28920461058925634,0.05976550753391231,3,0.011757715646447411,0.07171267584453768,-0.09694239468371824,-0.03838355412087352,0.051855557313606596,0.1270908213364375,3,0.8044665213091048,1.1530232814620116,0.3485567601529068
tm410183,joao othavio basso_1997,2122,0.9948677168015245,6.604206317824617e-05,0.0016055601501885673,0.003272389147152947,0.00018829183795570842,1,2223,0.9988786623731695,1.7714446169500244e-05,5.9931527663340396e-05,0.0009069333522406123,0.0001367583007570833,1,0.004010945571644942,-4.832761700874592e-05,-0.001545628622525227,-0.0023654557949123346,-5.153353719862511e-05,0.004906563858110631,1,0.03642584347851168,0.009467445144388159,-0.026958398334123522
tm415525,kanya fujimoto_1999,2122,0.01069714840931262,0.028886578998286245,0.5898854937688849,0.3629523458140067,0.007578433009509557,3,2223,0.014272767050406577,0.0004189799226946216,0.0030614717340746314,0.9811817075375651,0.0010650737552590566,4,0.0035756186410939566,-0.028467599075591623,-0.5868240220348102,0.6182293617235584,-0.006513359254250501,0.8528734758333296,4,0.8671312510913453,0.10756207843188417,-0.7595691726594611
tm426213,rodrigo conceicao_2000,2122,0.159730608544755,0.006691530207477965,0.05988579490954795,0.14660974176910596,0.6270823245691132,5,2223,0.8408108305854658,0.0009002290447188859,0.008948323072903865,0.11528615462662575,0.03405446267028563,1,0.6810802220407108,-0.005791301162759079,-0.050937471836644085,-0.03132358714248021,-0.5930278618988275,0.6837247992962981,1,1.0692229613775697,0.5584571837563584,-0.5107657776212112
tm426620,pedro goncalves_1998,2122,0.01919509582794172,0.1762172581996531,0.17148883332063078,0.07733832061859315,0.5557604920331812,5,2223,0.012013644305098761,0.4664134009023223,0.2833978372255667,0.07718824804584658,0.1609868695211656,2,-0.00718145152284296,0.29019614270266925,0.11190900390493594,-0.00015007257274657348,-0.39477362251201564,0.31110934116843064,2,1.2085915550819322,1.2579337231178052,0.04934216803587299
tm426624,andre vidigal_1998,2122,0.0036409445145174297,0.07022372980031594,0.7398952877801467,0.18063075414086138,0.005609283764158605,3,2223,1.0972615009378847e-41,1.6212350042584918e-40,1.0,1.0778420978880663e-40,1.962187504164939e-41,3,-0.0036409445145174297,-0.07022372980031594,0.2601047122198533,-0.18063075414086138,-0.005609283764158605,0.32438643523503663,3,0.7680440402341129,1.1052408446371418e-10,-0.7680440401235888
tm435497,fabio china_1992,2122,0.6153569513302902,0.0026647074651953494,0.12129431214472382,0.23950646693130864,0.021177562128482083,1,2223,0.595231330067557,0.0020984179052600956,0.008278917339226057,0.3307741275893068,0.06361720709864997,1,-0.020125621262733207,-0.0005662895599352537,-0.11301539480549776,0.09126766065799816,0.04243964497016789,0.14665478737532814,3,0.9943905594591769,0.902637710557342,-0.09175284890183488
tm443338,safira_1995,2122,0.005046778957501848,0.6889746645944829,0.23988417049755956,0.02085231553217973,0.04524207041827591,2,2223,0.00350393530032121,0.5772816189087935,0.1546047822511339,0.006547464288888558,0.2580621992508629,2,-0.001542843657180638,-0.11169304568568938,-0.08527938824642567,-0.014304851243291172,0.21282012883258697,0.1412618832165043,2,0.846590564973349,1.0080972838813187,0.16150671890796975
tm445517,heriberto tavares_1997,2122,0.011902531786381997,0.04649837449662447,0.7597011275192492,0.12562226192709075,0.05627570427065347,3,2223,0.11293857466015304,0.048740812325339784,0.12299664826905626,0.26545380356135595,0.44987016118409495,5,0.10103604287377105,0.0022424378287153116,-0.636704479250193,0.1398315416342652,0.39359445691344147,0.6596656459298762,3,0.8267349402748976,1.3627479971077157,0.5360130568328181
tm44699,vitorino antunes_1987,2122,0.17561273056188015,0.0073505046501443905,0.11815807435241395,0.61692521153391,0.08195347890165149,4,2223,0.7543377328500743,0.0012021976484344224,0.009103731680485236,0.21732570102442123,0.01803063679658485,1,0.5787250022881942,-0.006148307001709968,-0.1090543426719287,-0.3995995105094888,-0.06392284210506663,0.7117113518888729,1,1.0969352993160668,0.6676435406350355,-0.4292917586810313
tm448470,andre franco_1998,2122,0.017722347772946616,0.17141578290769366,0.49337082347638445,0.2613616940744644,0.05612935176851085,3,2223,0.00593932686285016,0.0039072779995604255,0.6940609442510638,0.29055932969994636,0.005533121186579033,3,-0.011783020910096455,-0.16750850490813324,0.20069012077467935,0.029197635625481944,-0.05059623058193182,0.2633001429946434,3,1.2347224461408923,0.6934511193491858,-0.5412713267917065
tm450173,gaius makouta_1997,2122,1.7028249568601416e-40,1.4562483637752376e-41,5.8621779490427296e-39,1.0,2.4177825988806565e-41,4,2223,0.01936704018361696,0.0017242791080992438,0.010634181165525539,0.9651268899647487,0.003147609578009659,4,0.01936704018361696,0.0017242791080992438,0.010634181165525539,-0.03487311003525129,0.003147609578009659,0.041319184364026644,4,1.1052408446371418e-10,0.18806855428916733,0.18806855417864324
tm451317,kennedy boateng_1996,2122,0.9992314508024266,1.729806629008593e-05,0.0002681810496234126,0.00033810501206649445,0.00014496506959354533,1,2223,0.9938029372494084,0.00018478494064421748,0.000815381110391324,0.004227310078181177,0.0009695866213751935,1,-0.0054285135530182105,0.00016748687435413155,0.0005472000607679114,0.003889205066114683,0.0008246215517816481,0.006702399212310457,1,0.007146942039025448,0.043400054220978625,0.03625311218195318
tm454121,galeno_1997,2122,0.009241999290667062,0.3411991133437883,0.3471573465323001,0.20843496190196567,0.09396657893127894,3,2223,0.006186703297100866,0.21632386255560204,0.6833149023298404,0.05927782804776717,0.03489670376968953,3,-0.0030552959935661967,-0.12487525078818623,0.33615755579754025,-0.1491571338541985,-0.05906987516158941,0.3883978836095742,3,1.326528137987353,0.9074365220982423,-0.4190916158891107
tm461629,gustavo assuncao_2000,2122,0.12091553236548272,0.0021462675962942933,0.13687691965626336,0.7134192268033183,0.026642053578641342,4,2223,0.20456400966106864,0.02063713443068376,0.03146781571067593,0.640915655466571,0.10241538473100073,4,0.08364847729558592,0.01849086683438947,-0.10540910394558743,-0.07250357133674723,0.07577333115235939,0.15397021452654966,3,0.8783401669953284,1.0320356084748594,0.15369544147953107
tm461937,nuno goncalo moreira_1999,2122,0.01538610754743323,0.06145651298401833,0.5846214360954707,0.2730561725121967,0.06547977086088097,3,2223,0.0029801617606903057,0.00914314303895163,0.94840784129666,0.0366884222920487,0.002780431611649432,3,-0.012405945786742924,-0.052313369945066704,0.3637864052011893,-0.236367750220148,-0.06269933924923154,0.43715084137996485,3,1.0824207400800712,0.24812380353404348,-0.8342969365460277
tm469952,kyosuke tagawa_1999,2122,0.004398996737639949,0.6993647604900235,0.031183160921294178,0.007648020668048962,0.25740506118299333,2,2223,0.05260309973578812,0.28644666771383476,0.4765490981920571,0.11789151916448154,0.0665096151938385,3,0.04820410299814817,-0.41291809277618874,0.4453659372707629,0.11024349849643258,-0.19089544598915484,0.619136038306267,3,0.7686875126133705,1.2985615423390704,0.5298740297256999
tm476701,manuel ugarte_2001,2122,0.21597593503179502,0.0045594448040382355,0.07183409977985289,0.5591166496625559,0.14851387072175803,4,2223,0.4227194675252564,0.006413162790231346,0.024679979390504366,0.41965663802939934,0.12653075226460858,1,0.2067435324934614,0.0018537179861931102,-0.04715412038934852,-0.13946001163315658,-0.021983118457149453,0.2538088462064721,1,1.1530439571688587,1.1136920081781885,-0.03935194899067018
tm478365,moura_1999,2122,0.019565110285034822,0.007569248823937938,0.5350825631180361,0.416493079642425,0.021289998130566052,3,2223,0.8715240688745702,0.0030024038863702596,0.012681787465862049,0.1025801882459526,0.010211551527244818,1,0.8519589585895354,-0.0045668449375676785,-0.5224007756521741,-0.3139128913964724,-0.011078446603321234,1.0475203086243894,1,0.8952968245530031,0.47307123552341995,-0.4222255890295831
tm478940,reggie cannon_1998,2122,0.9673196451702261,0.00018959851205579398,0.007760268415874843,0.021930702643601627,0.0027997852582418567,1,2223,0.9905707091949891,0.00019738669786451043,0.0004789964966728833,0.006117105416671044,0.0026358021938025027,1,0.02325106402476307,7.78818580871645e-06,-0.00728127191920196,-0.015813597226930584,-0.00016398306443935395,0.02904649405619231,1,0.17170064011898356,0.06155956774543335,-0.11014107237355021
tm479636,henrique jocu_2001,2122,0.33645419111367714,0.0023307874349025822,0.2727752963085648,0.37552188963900807,0.01291783550384748,4,2223,0.1333839081484907,0.00047836431371449286,0.007641131366223165,0.8518542943386582,0.006642301832913386,4,-0.20307028296518645,-0.0018524231211880893,-0.2651341649423416,0.47633240469965016,-0.0062755336709340945,0.5817470726025228,4,1.1589719012769133,0.47949929685734216,-0.6794726044195711
tm479643,alexandre penetra_2001,2122,0.9968822526979713,5.401150845628476e-05,0.0009426733736236321,0.0016096020737102357,0.0005114603462384368,1,2223,0.933354524218827,0.00026195033487066646,0.0013374753574237905,0.06239998928648103,0.002646060802397413,1,-0.06352772847914423,0.0002079388264143817,0.0003948019838001584,0.060790387212770795,0.002134600456158976,0.08792862202013871,1,0.024439581262949213,0.2641970214110687,0.2397574401481195
tm481628,tiago araujo_2001,2122,0.3009448069938712,0.007076626749480865,0.2853146163022467,0.3139886026450979,0.09267534730930332,4,2223,0.3425862120245088,0.007748448693618222,0.20497258688548478,0.39895946317115577,0.045733289225232426,4,0.04164140503063757,0.0006718219441373564,-0.08034202941676191,0.08497086052605785,-0.0469420580840709,0.12413439002545927,4,1.3384165544212627,1.2371915252868302,-0.10122502913443254
tm487421,juan manuel boselli_1999,2122,0.0050165353307697865,0.5080018475162672,0.38675830037341435,0.04510403911389211,0.05511927766565657,2,2223,0.010877742709735969,0.14132046213061672,0.5876666451013219,0.21720731418552736,0.04292783587279798,3,0.0058612073789661824,-0.3666813853856505,0.20090834472790758,0.17210327507163525,-0.012191441792858596,0.4521872315888296,2,1.037537666772119,1.104906288344709,0.06736862157258994
tm498237,david carmo_1999,2122,0.9962527300237574,0.00012703676788292816,0.0019481142333539019,0.0012452298676020972,0.0004268891074035606,1,2223,0.9990489071048321,3.37977148216772e-05,8.418851584736802e-05,0.0006758392448453191,0.00015726741965369905,1,0.0027961770810747133,-9.323905306125096e-05,-0.0018639257175065338,-0.0005693906227567781,-0.00026962168774986156,0.003409651675964696,1,0.02867873058908932,0.008399091885050983,-0.020279638704038337
tm504090,paulo bernardo_2002,2122,0.017804014186783106,0.006911481295402133,0.6571139394928295,0.29470451126824765,0.023466053756737677,3,2223,0.028907181384230173,0.030079694773088618,0.16062877334855583,0.7548314016519204,0.02555294884220494,4,0.011103167197447066,0.023168213477686484,-0.4964851661442736,0.46012689038367277,0.0020868950854672635,0.6774026290862899,3,0.8301368840980847,0.8075763301620937,-0.02256055393599099
tm512913,stephen eustaquio_1996,2122,0.009695417233584856,0.0003764738824092825,0.03760159476321601,0.9504500187134135,0.0018764954073763748,4,2223,0.012928387705993513,0.001579390765890674,0.009230388396829528,0.9710649699915392,0.005196863139747127,4,0.0032329704724086573,0.0012029168834813914,-0.028371206366386487,0.020614951278125737,0.003320367732370753,0.035239192300443235,3,0.23136007659968888,0.1654980668328307,-0.06586200976685819
tm513346,matheus costa_1995,2122,0.6026441541506803,0.04136637239869812,0.1784366532815304,0.11878535867043587,0.058767461498655256,1,2223,1.0,2.621590915173198e-42,1.0972615009378847e-41,2.143912989276464e-40,1.962187504164939e-41,1,0.3973558458493197,-0.04136637239869812,-0.1784366532815304,-0.11878535867043587,-0.058767461498655256,0.45337892062251123,1,1.1641208374389154,1.1052408446371418e-10,-1.1641208373283913
tm514304,nelson_1998,2122,0.019767337038007097,0.3234077538953968,0.1266671618449705,0.06380325466934125,0.4663544925522845,5,2223,0.030742016708905,0.05060423778919087,0.7374889908471012,0.16935115780667753,0.011813596848125387,3,0.010974679670897904,-0.2728035161062059,0.6108218290021307,0.10554790313733628,-0.4545408957041591,0.6773373373998989,3,1.2356792991732368,0.8357700958529874,-0.3999092033202494
tm517300,vitor tormena_1996,2122,0.9984478398198258,3.0400848681059582e-05,0.00044940927768770004,0.0008482836453798979,0.0002240664084257676,1,2223,0.998787443640482,3.2674395496036046e-05,0.000130907469542411,0.0008798159453226351,0.0001691585491570059,1,0.0003396038206562313,2.273546814976464e-06,-0.0003185018081452891,3.153229994273723e-05,-5.49078592687617e-05,0.00046666220304512223,1,0.013213281730272076,0.010379052363144974,-0.002834229367127102
tm518472,willyan_1995,2122,0.17663652699575105,0.0004933237094519263,0.02155799340216756,0.7984040632022426,0.0029080926903869726,4,2223,0.8278237756082625,0.0034316761231660813,0.04113342131568776,0.1092004986126163,0.01841062834026765,1,0.6511872486125114,0.002938352413714155,0.019575427913520196,-0.6892035645896263,0.015502535649880677,0.9483871664523327,4,0.5894395056074107,0.6225286121699223,0.03308910656251163
tm520662,pepe_1997,2122,0.019839370729534365,0.025025387773172723,0.41168214974731054,0.5318973732492714,0.01155571850071085,4,2223,0.2065513705842829,0.010723085702644332,0.10556760216716797,0.6349744091647427,0.04218353238116207,4,0.18671199985474854,-0.014302302070528392,-0.30611454758014256,0.10307703591547124,0.03062781388045122,0.37335896709144534,3,0.9227661973599399,1.0336938700296006,0.11092767266966064
tm524315,hidemasa morita_1995,2122,0.0677684289638737,0.0005127962533158565,0.03671855363510146,0.8923701955357575,0.0026300256119514936,4,2223,0.07713042638285639,0.04642042080291335,0.08671491417572566,0.7600819792518276,0.029652259386676833,4,0.009361997418982693,0.045907624549597494,0.0499963605406242,-0.13228821628392984,0.02702223377472534,0.14897974769193204,4,0.42487203057169015,0.8650042188979776,0.4401321883262875
tm524929,kevin zohi_1996,2122,0.0325203748073927,0.09078948652239419,0.49416138332026605,0.36252090896581113,0.02000784638413591,3,2223,0.01266009622134192,0.4247105671601184,0.4327422629432348,0.09670310642435025,0.03318396725095453,3,-0.01986027858605078,0.3339210806377242,-0.06141912037703123,-0.26581780254146087,0.01317612086681862,0.43165858181627803,2,1.123668878160692,1.1204093878576697,-0.0032594903030223055
tm526111,alex mendez_2000,2122,0.012374559081072024,0.001095647634793112,0.716283838141756,0.2678149513637156,0.0024310037786633046,3,2223,0.0020593078564346765,0.0005733895009633971,0.0036692060919095407,0.9929869498307345,0.0007111467199579429,4,-0.010315251224637348,-0.0005222581338297148,-0.7126146320498464,0.725171998467019,-0.0017198570587053617,1.016759911844273,4,0.6682960797925365,0.04973670268754863,-0.6185593771049879
tm530032,quaresma_1996,2122,0.9905720575107246,0.00014082604120359976,0.0038820684199284473,0.0048075259944385385,0.0005975220337048752,1,2223,0.9829447562290771,0.0001028605273395121,0.0009407500122308086,0.015251317149655887,0.0007603160816966792,1,-0.007627301281647569,-3.7965513864087654e-05,-0.0029413184076976387,0.010443791155217349,0.00016279404799180396,0.01326277851321218,4,0.06227882493757512,0.09366742165707019,0.03138859671949507
tm535958,ricardo matos_2000,2122,0.00918761112267097,0.6837222163746582,0.057703746188915765,0.013996413143767695,0.2353900131699874,2,2223,0.006344262458272331,0.17564338407801522,0.7916749201509341,0.01251164696377701,0.013825786349001336,3,-0.0028433486643986393,-0.508078832296643,0.7339711739620184,-0.001484766179990684,-0.22156422682098606,0.8926746737739009,3,0.867883082287207,0.6365444407187166,-0.23133864156849038
tm537602,joao mario lopes_2000,2122,0.9424704672011595,0.000736876079795423,0.014256085086307815,0.03591875050821526,0.006617821124522216,1,2223,0.34025479188608737,0.010597237991529103,0.02922828869871669,0.5659347191445628,0.05398496227910418,4,-0.602215675315072,0.00986036191173368,0.014972203612408875,0.5300159686363476,0.04736714115458197,0.8024350691630794,1,0.274445419841014,0.9980131640135528,0.7235677441725388
tm539135,leo andrade_1998,2122,0.9988735914666261,1.5628310356240172e-05,0.00022149266356939689,0.0007211757456643655,0.00016811181378391954,1,2223,0.9910757300609396,0.0002634589702836312,0.0011540068721470362,0.004975319732039394,0.0025314843645904118,1,-0.0077978614056865014,0.00024783065992739104,0.0009325142085776393,0.004254143986375029,0.0023633725508064923,0.00893506498825303,1,0.009841088863225551,0.06038301270775495,0.0505419238445294
tm539183,anderson jesus_1995,2122,0.9999681309857007,5.521541072247443e-07,1.0498375063776798e-05,1.589934552295108e-05,4.919139605457232e-06,1,2223,0.9744686976119178,0.001328835902902008,0.004200676161460096,0.013834870624318596,0.006166919699401798,1,-0.02549943337378291,0.001328283748794783,0.0041901777863963185,0.013818971278795646,0.00616200055979634,0.02933439955388714,1,0.0003959802996251642,0.14759404169738727,0.1471980613977621
tm544784,zaidu sanusi_1997,2122,0.9470984962483803,0.002604654585472356,0.020425977007117523,0.024167149622193882,0.005703722536835959,1,2223,0.9426803078155762,0.0008069381183647203,0.01237073791217886,0.036601149255691426,0.007540866898188793,1,-0.00441818843280406,-0.0017977164671076358,-0.008055239094938663,0.012433999633497544,0.0018371443613528337,0.015564170305105212,4,0.2658897433486901,0.2736494188801333,0.007759675531443189
tm54716,steven vitoria_1987,2122,0.6892292706855813,0.0080980965590012,0.16120765762383887,0.13477609823109613,0.006688876900482692,1,2223,0.9897131904337086,0.0005082296771550717,0.0013560213349553467,0.007264140290660155,0.001158418263520973,1,0.3004839197481274,-0.007589866881846129,-0.15985163628888352,-0.12751195794043596,-0.005530458636961719,0.36353821965306515,1,0.8933371660026279,0.06664870057899461,-0.8266884654236333
tm54781,nicolas otamendi_1988,2122,0.9994775701535598,8.281582577078605e-06,0.00014320185629826797,0.0002986363643726235,7.231004319239443e-05,1,2223,0.9982181742327797,1.4023586270440448e-05,5.824912431777879e-05,0.0015545932835674184,0.00015495977306475704,1,-0.0012593959207800598,5.742003693361843e-06,-8.495273198048917e-05,0.0012559569191947948,8.264972987236261e-05,0.001780661620136768,1,0.004999977354169018,0.013917124502968036,0.008917147148799019
tm548658,mohamed aidara_1996,2122,0.998044290110536,4.398629761255479e-05,0.0006902193886188695,0.0010613893941447267,0.00016011480908787446,1,2223,0.9622147791720007,0.0010445272978013046,0.002582007341595397,0.020327671366338215,0.01383101482226462,1,-0.03582951093853526,0.0010005410001887498,0.0018917879529765274,0.01926628197219349,0.013670900013176746,0.04073724854575689,1,0.016086737541730164,0.19801905945969023,0.18193232191796005
tm549006,goncalo inacio_2001,2122,0.9208212065078538,0.00264716103412979,0.025086512552661498,0.04499566812624121,0.006449451779113851,1,2223,0.9939190697662702,0.00011189972903641696,0.0002021544011548582,0.005088179528189713,0.0006786965753487689,1,0.07309786325841638,-0.002535261305093373,-0.02488435815150664,-0.039907488598051495,-0.005770755203765082,0.08695725438195084,1,0.35619096273675693,0.040621236510428434,-0.3155697262263285
tm549013,helder sa_2002,2122,0.9980276644325622,2.2519208937948535e-05,0.0005575948344573591,0.0010021491895152294,0.0003900723345271971,1,2223,0.5555389978015043,0.0011820829351335208,0.007884898813637686,0.4248572802197347,0.010536740229990002,1,-0.4424886666310579,0.0011595637261955724,0.007327303979180327,0.42385513103021943,0.010146667895462804,0.6127841595286341,1,0.01637100012074802,0.7843590701007017,0.7679880699799537
tm550550,goncalo ramos_2001,2122,0.004075756104223844,0.7914925793544697,0.13382743640734657,0.03807032569188225,0.03253390244207762,2,2223,0.0015407758725458375,0.8568384191821351,0.06186161326242245,0.002719769059090066,0.07703942262380657,2,-0.0025349802316780063,0.0653458398276654,-0.07196582314492411,-0.035350556632792185,0.04450552018172895,0.10346616095483896,3,0.712530440230892,0.5280678082232347,-0.18446263200765722
tm552628,hernan de la fuente_1997,2122,0.32459177136863787,0.0013165137390055914,0.06268933976104042,0.6065280109705078,0.004874364160808298,4,2223,0.9447248245914611,0.00044002655597600855,0.003566364585352708,0.04564316664092334,0.0056256176262869245,1,0.6201330532228233,-0.0008764871830295828,-0.059122975175687716,-0.5608848443295844,0.0007512534654786265,0.8382440615485982,1,0.8767973201704751,0.24725918903562275,-0.6295381311348524
tm553062,vitor carvalho_1997,2122,0.13031465883774343,0.0006576556932509088,0.059872566034447426,0.8035443303372446,0.005610789097313767,4,2223,0.055082114892044044,0.0018075077264472351,0.007871367921903448,0.9312996057250139,0.003939403734591285,4,-0.07523254394569939,0.0011498520331963264,-0.05200119811254398,0.12775527538776932,-0.0016713853627224823,0.15712031320865122,4,0.6437822339657782,0.2973240447755362,-0.34645818919024196
tm553875,pedro porro_1999,2122,0.019179853120060715,0.019599088475201597,0.30823081683082976,0.5464170974312642,0.10657314414264374,4,2223,0.021078434018349534,0.08383899164940725,0.21793100681788063,0.21111841576450244,0.46603315174986026,5,0.0018985808982888187,0.06423990317420565,-0.09029981001294912,-0.3352986816667618,0.3594600076072165,0.3531425086067972,4,1.0845115932211122,1.3053875182618442,0.22087592504073195
tm56036,luis neto_1988,2122,0.9973287997051155,4.1261738789940456e-05,0.0008970402565297181,0.0014265838113596365,0.0003063144882051951,1,2223,0.9799216742983256,0.0004093860537905451,0.002103528639525652,0.014921650787374154,0.002643760220984193,1,-0.017407125406789903,0.00036812431500060465,0.001206488382995934,0.013495066976014517,0.0023374457327789977,0.022061640404657742,1,0.021204203237863473,0.11447225221421332,0.09326804897634985
tm560903,patrick_1997,2122,0.9994046845030289,7.598276980949347e-06,0.00023258579589182965,0.0003238154957827359,3.1315928315593105e-05,1,2223,0.9677759120904336,0.0005803236011199332,0.0016435323016041423,0.027875930476199125,0.002124301530643169,1,-0.03162877241259532,0.0005727253241389838,0.0014109465057123127,0.02755211498041639,0.0020929856023275757,0.041974004676236555,1,0.0055573308987558944,0.15942949858375133,0.15387216768499543
tm561217,oday dabbagh_1998,2122,0.003824393885421084,0.7323276758150379,0.04149129791352207,0.028833173905479657,0.19352345848053937,2,2223,0.016054547500032178,0.23503900258724406,0.18961106330484157,0.01287452075123082,0.5464208658566514,5,0.012230153614611093,-0.4972886732277938,0.1481197653913195,-0.01595865315424884,0.352897407376112,0.5192684707241271,2,0.8015480642742046,1.1082269985621347,0.30667893428793014
tm565232,andre silva_1997,2122,0.0005978228374954122,0.9384756818077704,0.05098740931653655,0.007092965615830109,0.00284612042236753,2,2223,0.00039942784569108107,0.8781253148007749,0.11948446937421613,0.0008898374085298117,0.0011009505707881163,2,-0.00019839499180433117,-0.060350367006995476,0.06849706005767958,-0.006203128207300297,-0.0017451698515794137,0.09150154203374601,3,0.2675603466771365,0.3848549574542199,0.11729461077708336
tm567497,filipe relvas_1999,2122,0.6349334962082909,0.0005773977616564256,0.045053558372279895,0.31689357073971386,0.0025419769180589375,1,2223,0.998659705740282,2.196732158163835e-05,8.383670275103538e-05,0.0010185619550943479,0.00021592828029078152,1,0.3637262095319911,-0.0005554304400747873,-0.04496972166952886,-0.3158750087846195,-0.002326048637768156,0.48383505561833984,1,0.8117348827163696,0.011201761148592304,-0.8005331215677773
tm57723,ivan marcano_1987,2122,0.9709459809254679,0.00045953386810759046,0.011265204202116593,0.016094212026622305,0.0012350689776857904,1,2223,0.9655806486759672,0.002538831406038096,0.009449911164117468,0.015397751792555562,0.00703285696132184,1,-0.005365332249500754,0.0020792975379305056,-0.0018152930379991255,-0.0006964602340667429,0.00579778798363605,0.006073764406874955,1,0.157424132361061,0.19217144984284745,0.034747317481786444
tm577590,pedro brazao_2002,2122,0.029800036669271713,0.028661127978386346,0.25067805548820027,0.5823170048408086,0.10854377502333318,4,2223,0.16507295065769098,0.05785499672688386,0.3200980183471855,0.41106454358490413,0.04590949068333547,4,0.13527291398841926,0.029193868748497512,0.06941996285898522,-0.1712524612559045,-0.06263428433999771,0.2308626863764925,4,1.1092546609225826,1.33375520070413,0.22450053978154738
tm581121,tiago esgaio_1995,2122,0.7303064886348911,0.0002804913184342794,0.018238884959376353,0.24967596780423973,0.00149816728305847,1,2223,0.9908558446588925,7.140703314068878e-05,0.00034450042166589775,0.008209662485234803,0.0005185854010662514,1,0.2605493560240014,-0.00020908428529359062,-0.017894384537710455,-0.24146630531900493,-0.0009795818819922186,0.3556855299884359,1,0.6610465665911476,0.05588002594655809,-0.6051665406445895
tm58267,andre castro_1988,2122,0.008748524184836806,0.00027322914541544433,0.020569996966622775,0.9690620375564142,0.0013462121467106949,4,2223,0.0500552676061673,0.00823236368630223,0.029659002982052967,0.8878777368397951,0.024175628885682452,4,0.04130674342133049,0.007959134540886785,0.009089006015430192,-0.08118430071661908,0.022829416738971757,0.09188631882881439,4,0.16294573145205346,0.48932879390358536,0.3263830624515319
tm585264,pedrao_1997,2122,0.99823356362266,2.214936527408515e-05,0.0005274203832814967,0.0010868747271166733,0.00012999190166774444,1,2223,0.9982323334058507,3.719577041206125e-05,0.00017524106578764893,0.0014227313440085777,0.0001324984139409822,1,-1.2302168093114574e-06,1.5046405137976103e-05,-0.0003521793174938478,0.00033585661689190436,2.506512273237765e-06,0.00048688586601120583,3,0.014563471197079418,0.014170521545539475,-0.0003929496515399436
tm586855,loreintz rosier_1998,2122,0.0022687834540815674,0.00047128202647105495,0.05272797666004721,0.9440443793077602,0.00048757855164026663,4,2223,0.1000649594299681,0.0009412360238135012,0.0022601674653527724,0.8900993300414535,0.006634307039412094,4,0.09779617597588652,0.00046995399734244626,-0.05046780919469444,-0.05394504926630672,0.006146728487771828,0.1225617436132602,1,0.23065974630461544,0.38757329943074864,0.1569135531261332
tm58965,ruben lima_1989,2122,0.6253457642081627,0.004888788577030803,0.11695968496677508,0.20374999778327477,0.04905576446475651,1,2223,0.8518269652172562,0.0022417490383673778,0.016722440444208248,0.09835834074732824,0.030850504552840028,1,0.22648120100909352,-0.0026470395386634254,-0.10023724452256684,-0.10539165703594652,-0.018205259911916485,0.2691758677725403,1,1.0425992984891355,0.5541196239717507,-0.4884796745173847
tm590302,kiko bondoso_1995,2122,0.00279794380940645,0.04360134407712501,0.8649748176864525,0.08188984182187177,0.006736052605144378,3,2223,0.033520925982096245,0.037354652262972694,0.3193753996903239,0.5954162077216604,0.01433281434294671,4,0.030722982172689796,-0.006246691814152314,-0.5455994179961285,0.5135263658997886,0.007596761737802332,0.7499139791897216,3,0.5171077631986394,0.9707161127939785,0.45360834959533913
tm594546,ze uilton_1992,2122,0.017820507965856987,0.004960138193354788,0.10056500941684471,0.8730015974798265,0.0036527469441168295,4,2223,0.005149600326104972,0.004860024238169029,0.4813672066974314,0.5064340984256939,0.0021890703126008354,4,-0.012670907639752016,-0.00010011395518575925,0.3808021972805867,-0.36656749905413266,-0.0014636766315159941,0.5287178895590195,3,0.4681528480308308,0.7629244125702921,0.2947715645394613
tm595012,ibrahima camara_1999,2122,0.008804570319402549,0.0017197814433063167,0.1060508352700386,0.875425578428914,0.0079992345383385,4,2223,0.0021894138830719774,0.0001227099929246501,0.0012366793164915145,0.9961888646521949,0.00026233215531722837,4,-0.006615156436330571,-0.0015970714503816667,-0.10481415595354708,0.12076328622328092,-0.007736902383021271,0.16005027185105095,4,0.4456703124841391,0.02876032290823042,-0.41690998957590863
tm596884,adrian butzke_1999,2122,0.0015368159234911646,0.9367164051134678,0.04351838156345781,0.011675921055342741,0.0065524763442405,2,2223,0.00010963427008818485,0.9901793014493132,0.008984522648633923,0.0002348804838579754,0.000491661148106799,2,-0.0014271816534029797,0.053462896335845445,-0.034533858914823884,-0.011441040571484765,-0.0060608151961337,0.06468232334259869,2,0.29251038258496875,0.058817436022889955,-0.23369294656207878
tm597087,lucas africo_1995,2122,0.9969235717659721,6.130990312318547e-05,0.0011133074187230812,0.0017009245888931872,0.00020088632328849664,1,2223,0.9898103075861119,0.00033047967728425174,0.0007789577251908713,0.007575654143580303,0.0015046008678326179,1,-0.007113264179860246,0.0002691697741610663,-0.0003343496935322099,0.005874729554687116,0.0013037145445441213,0.00923554095427464,1,0.023793515561847334,0.06513108081549814,0.0413375652536508
tm610335,ivan jaime pajuelo_2000,2122,0.007853969710602274,0.2901036295606322,0.5330599741166382,0.13039266522422116,0.03858976138790617,3,2223,0.00407387938676716,0.29272056261157925,0.6284722858909357,0.028210209106171415,0.046523063004546394,3,-0.003780090323835114,0.002616933050947068,0.09541231177429754,-0.10218245611804974,0.007933301616640222,0.13987816483598292,4,1.1236710249449244,0.9173193661267669,-0.20635165881815754
tm617679,ze carlos_1998,2122,0.964710962770218,0.0004912643328550423,0.00877312443122163,0.02286164201288159,0.003163006452823765,1,2223,0.7476536445297448,0.004087100074727989,0.01773105095653656,0.16660716525031705,0.06392103918867365,1,-0.21705731824047314,0.003595835741872947,0.00895792652531493,0.14374552323743545,0.06075803273584988,0.2605183857904574,1,0.18453672049135414,0.7857764508907882,0.601239730399434
tm631112,matheus bueno_1998,2122,0.003416937196419662,0.0033538158232214684,0.7580206479539219,0.23214302410121,0.003065574925226936,3,2223,0.012420899600176715,0.0004575750478372423,0.004814614192441117,0.9806734539396609,0.001633457219884037,4,0.009003962403757053,-0.002896240775384226,-0.7532060337614808,0.7485304298384509,-0.001432117705342899,1.0619353055805396,3,0.6052834051017089,0.11333793817179984,-0.49194546692990904
tm637782,andre amaro_2002,2122,0.9999078571880383,1.267351410312505e-06,2.8147109407078236e-05,4.982388657849229e-05,1.2904464565880575e-05,1,2223,0.9990437698070805,9.970643390407523e-06,3.187822769105695e-05,0.0008397037379871809,7.467758385065942e-05,1,-0.0008640873809577787,8.703291980095017e-06,3.7311182839787136e-06,0.0007898798514086886,6.177311928477884e-05,0.0011707462791428489,1,0.0010431583633219992,0.008057427879218215,0.0070142695158962156
tm63837,andre andre_1989,2122,0.12471494491224555,0.0046137889813453745,0.3069984886221416,0.5183343300105269,0.04533844747374065,4,2223,0.13243376768111592,0.00803685129852959,0.06983740708952864,0.7545908588992026,0.03510111503162323,4,0.00771882276887037,0.003423062317184215,-0.23716108153261295,0.23625652888867577,-0.01023733244211742,0.334863888194605,3,1.1278512719029878,0.8224328075199983,-0.3054184643829896
tm64339,pizzi_1989,2122,0.004712848547189642,0.02163896110388132,0.013121185073867279,0.014990033967376212,0.9455369713076855,5,2223,0.02273773451928248,0.03972880743076499,0.23515457652207974,0.65463161329764,0.04774726823023273,4,0.018024885972092838,0.018089846326883673,0.22203339144821246,0.6396415793302638,-0.8977897030774529,0.6775635143516411,4,0.28097360260690596,0.9771702005255108,0.6961965979186049
tm645588,tomas handel_2000,2122,0.1279327829704547,0.0015792110831563107,0.10943472015214462,0.7538103988960582,0.007242886898186147,4,2223,0.07115901443663535,0.0074722953063818725,0.04145706255789399,0.852917326996073,0.026994300703015665,4,-0.056773768533819366,0.005893084223225562,-0.06797765759425062,0.09910692810001487,0.019751413804829518,0.13304561009148863,4,0.7640940869725598,0.5898119029945468,-0.17428218397801298
tm646677,riccieli_1998,2122,0.9966526198946853,6.462562848591495e-05,0.001277432990847547,0.0018406215712379376,0.0001646999147433337,1,2223,0.9997815869026319,3.381455441433307e-06,1.501260478691574e-05,0.00017322872523819715,2.6790311901537336e-05,1,0.003128967007946515,-6.124417304448164e-05,-0.0012624203860606314,-0.0016673928459997405,-0.00013790960284179636,0.0037640522737579316,1,0.025502978495360942,0.002210075914539653,-0.02329290258082129
tm651205,luquinha_2000,2122,0.013819767372322706,0.07228045629237223,0.7383485097839734,0.12694261161722953,0.04860865493410223,3,2223,0.0038396313675796924,0.00332668735743284,0.014609545669815524,0.9765763821036578,0.001647753501514315,4,-0.009980136004743014,-0.06895376893493939,-0.7237389641141578,0.8496337704864283,-0.04696090143258791,1.1182709231188233,4,0.8820393778217139,0.1357864221641688,-0.7462529556575451
tm657387,fabiano souza_2000,2122,0.5465103194166754,0.0019677542958442358,0.05924009980094827,0.35888263351241334,0.0333991929741187,1,2223,0.8190472255586352,0.0014492975083827137,0.008209053816121888,0.12527314451170973,0.04602127860515061,1,0.2725369061419598,-0.000518456787461522,-0.051031045984826384,-0.2336094890007036,0.012622085631031912,0.3625661250204536,1,0.9911851259347229,0.6142988380314871,-0.37688628790323575
tm667121,rodrigo gomes_2003,2122,0.020638832661014343,0.06986188476913675,0.8321760247104129,0.06889307365568155,0.00843018420375461,3,2223,0.014526158757352796,0.006837113718783898,0.8721103704958355,0.08480148777854081,0.02172486924948698,3,-0.006112673903661547,-0.06302477105035285,0.039934345785422654,0.01590841412285926,0.01329468504573237,0.07653310500310302,2,0.6434544410562464,0.507330259607458,-0.13612418144878835
tm671657,ricardinho_1998,2122,0.0004203304377076093,0.007610524241115081,0.9698575874967434,0.021826983387092866,0.00028457443734087587,3,2223,0.06464851084662888,0.07351826356607426,0.11232652923593768,0.736024807574208,0.013481888777151157,4,0.06422818040892128,0.06590773932495918,-0.8575310582608058,0.7141978241871151,0.01319731433981028,1.1197799503550125,3,0.15588025212524925,0.8981860525775335,0.7423058004522842
tm673492,morato_2001,2122,0.9971270737100888,4.306776402843897e-05,0.0013156625507398365,0.001323699284534637,0.00019049669060812143,1,2223,0.8463213084612787,0.009171988211520266,0.03164278222526635,0.06608139133881942,0.04678252976311501,1,-0.15080576524881006,0.009128920447491827,0.03032711967452651,0.06475769205428478,0.04659203307250689,0.16714966015151356,1,0.022433436204203926,0.6163095618412522,0.5938761256370483
tm68275,claudemir de souza_1988,2122,0.24437466173941766,0.0027031109897512184,0.13035573130950598,0.6127576844001887,0.009808811561136426,4,2223,0.1532795183542204,0.0012673320815913744,0.006282890919306763,0.8347929910176379,0.00437726762724352,4,-0.09109514338519725,-0.001435778908159844,-0.12407284039019921,0.2220353066174492,-0.005431543933892906,0.27017426545960904,4,0.9714000487260004,0.5022966941506701,-0.46910335457533026
tm685807,luis santos_2000,2122,0.009655981281833849,0.005143525508473446,0.8414318138796153,0.13787850898565193,0.005890170344425521,3,2223,0.1378725739731466,0.33657864383790487,0.18189350823597342,0.2168771272784551,0.12677814667452006,2,0.12821659269131275,0.3314351183294314,-0.6595383056436419,0.07899861829280316,0.12088797633009454,0.7533394258943789,3,0.5206183365304146,1.5430171516017737,1.0223988150713592
tm685887,matchoi djalo_2003,2122,0.01605873627400326,0.026255990700559353,0.299993586601254,0.4404677773798068,0.21722390904437658,4,2223,0.012571771863555386,0.06128199146577887,0.7632314228095399,0.08276059369023596,0.08015422017089,3,-0.0034869644104478757,0.035026000765219514,0.4632378362082859,-0.35770718368957083,-0.13706968887348658,0.5863298575106541,3,1.2159160970642466,0.8408707813487426,-0.37504531571550404
tm690273,bernardo vital_2000,2122,0.7544368383780972,0.012716537006144762,0.13949507693072793,0.07226982538808312,0.021081722296947103,1,2223,0.9957434650191518,9.787210734312583e-05,0.000373080345891376,0.003249636723559061,0.0005359458040546795,1,0.24130662664105462,-0.012618664898801635,-0.13912199658483657,-0.06902018866452406,-0.020545776492892423,0.2872400305350063,1,0.8141006392379864,0.030750315844779833,-0.7833503233932065
tm701979,geny catamo_2001,2122,0.011299557853024611,0.011384914183994298,0.04697115294388966,0.06736474882933614,0.8629796261897553,5,2223,0.01199214069671227,0.18323891963026892,0.6258768308644765,0.058149556739243685,0.12074255206929872,3,0.0006925828436876585,0.17185400544627463,0.5789056779205869,-0.009215192090092458,-0.7422370741204566,0.603946175211728,3,0.5541545138857623,1.0779655230412057,0.5238110091554434
tm70359,david simao_1990,2122,0.011284976415187683,0.0025201297558295923,0.13229443059614895,0.827354231886378,0.026546231346455777,4,2223,0.0036234504775658426,8.422270068390107e-05,0.00040213645537310233,0.9955407559587799,0.0003494344075972768,4,-0.00766152593762184,-0.002435907055145691,-0.13189229414077586,0.16818652407240187,-0.0261967969388585,0.21388528877916713,4,0.5864142450595019,0.03152985863824288,-0.554884386421259
tm711337,evanilson_1999,2122,0.0020994989188533194,0.8626809928842855,0.02794212465665666,0.00900456690651129,0.09827281663369322,2,2223,0.003672142835520699,0.47352607153849263,0.4519048076796815,0.007899914295963472,0.06299706365034172,2,0.0015726439166673795,-0.3891549213457928,0.42396268302302487,-0.0011046526105478183,-0.035275752983351505,0.5754907495955175,3,0.5107442270646614,0.9459225123590487,0.4351782852943873
tm71830,bruno wilson_1996,2122,0.9880105158827954,0.0001363085134998255,0.0032891237481943872,0.007786267227892909,0.0007777846276174657,1,2223,0.9943036451771148,0.0002315470436295746,0.0005093840894670477,0.0037915722849330325,0.0011638514048556475,1,0.006293129294319355,9.523853012974908e-05,-0.0027797396587273394,-0.003994694942959877,0.0003860667772381818,0.007955946640736884,1,0.07530850936293126,0.040481546924467024,-0.03482696243846424
tm729140,miguel maga_2002,2122,0.9588385449672665,0.00036216556140773417,0.005539359030608797,0.027916912865033228,0.007343017575683696,1,2223,0.43839166988232947,0.0004465362597291016,0.0023238574815699483,0.5494035114620681,0.009434424914303383,4,-0.520446875084937,8.437069832136743e-05,-0.003215501549038849,0.521486598597035,0.002091407338619687,0.7367656132520083,4,0.20793879627398615,0.7521004101297214,0.5441616138557352
tm75442,nicolas gaitan_1988,2122,0.01754512786208045,0.18760950026875986,0.11563577027224337,0.05744292115352541,0.6217666804433909,5,2223,0.01178277556916383,0.05986021048557641,0.5735458652380032,0.3375322542434203,0.017278894463836344,3,-0.00576235229291662,-0.12774928978318345,0.45791009496575985,0.2800893330898949,-0.6044877859795545,0.5518013911964601,3,1.0939109966720313,0.9764380088038593,-0.11747298786817195
tm798687,antony_2001,2122,0.006836531358573783,0.19685340389369396,0.6778686841023314,0.0938263461879027,0.02461503445749824,3,2223,0.026620067936442608,0.027570703854033513,0.7744532133023203,0.16637646508261764,0.004979549824586006,3,0.019783536577868827,-0.16928270003966045,0.09658452919998894,0.07255011889471494,-0.019635484632912235,0.20890215864051362,2,0.9307909529716235,0.7182821141267929,-0.21250883884483063
tm813109,bruno marques_1999,2122,0.001858364267612021,0.07278125115838995,0.01005817557134904,0.0039422655479021415,0.9113599434547469,5,2223,0.0032900554174378487,0.03102200690599154,0.024295713332902043,0.0026544011005901207,0.9387378232430785,5,0.0014316911498258277,-0.04175924425239841,0.014237537761553003,-0.0012878644473120209,0.027377879788331616,0.04416163828965426,2,0.35506965302828875,0.2919590152434189,-0.06311063778486986
tm818252,pedro malheiro_2001,2122,0.7147182161080888,0.0013473571370766406,0.047541093346570695,0.19658654742028206,0.0398067859879818,1,2223,0.4899949983240164,0.0006435113819810706,0.002422681828490427,0.49866649363068843,0.008272314834823708,4,-0.22472321778407245,-0.00070384575509557,-0.04511841151808027,0.30207994621040635,-0.03153447115315809,0.37919518057389845,4,0.8418773718901806,0.7555087242285794,-0.08636864766160124
tm836336,nuno lima_2001,2122,0.9957718700542495,8.604400042932177e-05,0.0023979935972932337,0.001526755876864578,0.00021733647116312698,1,2223,0.9942640091048462,0.00015832215543098614,0.0005662895306152384,0.0038908415497320744,0.001120537659375407,1,-0.0015078609494032502,7.227815500166436e-05,-0.0018317040666779953,0.0023640856728674962,0.0009032011882122799,0.0033500611383925193,4,0.031225443080838657,0.04054243434839159,0.009316991267552931
tm836546,luis bastos_2001,2122,0.9372304156660403,0.0007611560091420712,0.01487491599884741,0.02442199597925126,0.022711516346718853,1,2223,0.8913881933557773,0.000732889191799943,0.010303907383021218,0.08848710125652835,0.009087908812873212,1,-0.045842222310262914,-2.8266817342128213e-05,-0.004571008615826192,0.0640651052772771,-0.01362360753384564,0.07890970776343735,4,0.3054389486271471,0.412213507294949,0.10677455866780189
tm840674,ibrahima bamba_2002,2122,0.3405861961997383,0.0038700111461486626,0.11803568647226538,0.44271713676534435,0.09479096941650327,4,2223,0.8926597616682858,0.00028505717841556516,0.0021550729968935986,0.10205982586298155,0.002840282293423321,1,0.5520735654685475,-0.0035849539677330973,-0.11588061347537178,-0.3406573109023628,-0.09195068712307994,0.6589945323253926,1,1.2246237212755084,0.3664957181200428,-0.8581280031554657
tm9335,rui fonte_1990,2122,0.0011091975178706029,0.14334182348398958,0.812317549409,0.04133116355489263,0.0019002660342470707,3,2223,0.03885088267426966,0.09448468764964188,0.7862200992641672,0.06513983019216538,0.015304500219755792,3,0.03774168515639906,-0.0488571358343477,-0.02609745014483278,0.023808666637272748,0.01340423418550872,0.07112934718867785,2,0.5984368735026678,0.7800864389771017,0.1816495654744339
tm95429,osama rashid_1992,2122,0.0059268848308001,0.0006966420996027419,0.27585851393585625,0.715935572211111,0.001582386922629955,4,2223,0.015708977752671723,0.0764720376912754,0.683900362324129,0.18225119803214435,0.041667424199779465,3,0.009782092921871623,0.07577539559167266,0.40804184838827273,-0.5336843741789667,0.04008503727714951,0.6761322068929421,4,0.6401729798977249,0.9643668107696193,0.32419383087189435
tm99499,rafael martins_1989,2122,0.0005454805020935604,0.9883133935481521,0.00807090758468449,0.0009508854943659137,0.002119332870704031,2,2223,0.0013388722215429472,0.4198880540019219,0.5673522060628285,0.002846260126031703,0.008574607587674787,3,0.0007933917194493868,-0.5684253395462302,0.559281298478144,0.0018953746316657894,0.006455274716970756,0.7974378718000925,2,0.07427873013458318,0.7522741736213773,0.6779954434867941
alemao_2002,alemao_2002,2223,0.9956109680088805,4.2155572971452e-05,0.00015152137897927141,0.0031201790020246394,0.0010751760371441545,1,2324,0.9808693676854473,0.00044109282711905204,0.0016981981981165045,0.015371304071376941,0.0016200372179402034,1,-0.01474160032343319,0.0003989372541476,0.0015466768191372332,0.012251125069352302,0.0005448611807960489,0.01923424564874748,1,0.03148879591743126,0.10777420249702832,0.07628540657959706
carlos ponck_1995,carlos ponck_1995,2223,0.9998164809830122,3.049210747798154e-06,1.3360262372918856e-05,0.00014063943390598974,2.6470109961040387e-05,1,2324,0.9989952778922726,1.7217682637173643e-05,7.229362733382884e-05,0.0008064999719629802,0.00010871082579358145,1,-0.0008212030907396306,1.416847188937549e-05,5.893336496090998e-05,0.0006658605380569905,8.224071583254106e-05,0.0010589705659191679,1,0.0018985307822845495,0.00861911873217405,0.006720587949889501
daniel bandeira_2000,daniel bandeira_2000,2223,0.021939480470269772,0.0001621383512383506,0.0019413650946148583,0.9749304953814893,0.0010265207023875548,4,2324,0.045384566263125564,0.009597571878770144,0.3478339338949592,0.5709496627599553,0.026234265203189625,4,0.023445085792855792,0.009435433527531794,0.34589256880034436,-0.40398083262153406,0.02520774450080207,0.5324292269687829,4,0.12915140374258793,0.9677732783153767,0.8386218745727888
danny loader_2000,danny loader_2000,2223,0.004602497184423905,0.2949978978444764,0.15143026106462062,0.016725154953097468,0.5322441889533817,5,2324,0.00931288634139003,0.32259618785681227,0.048697391424499754,0.018186185338402022,0.6012073490388958,5,0.004710389156966126,0.02759829001233588,-0.10273286964012088,0.0014610303853045542,0.06896316008551417,0.10648957926433888,3,1.074821979914621,0.9344679698725784,-0.14035401004204262
fabio conceicao_2001,fabio conceicao_2001,2223,0.017776472762895963,0.009150054022689653,0.20375428829350933,0.7627135878745956,0.0066055970463095234,4,2324,0.09875058777889671,0.009712110889456591,0.14771366541279843,0.7368021768877646,0.0070214590310836225,4,0.08097411501600074,0.0005620568667669378,-0.056040622880710905,-0.02591141098683103,0.0004158619847740991,0.10182865924057197,1,0.6784852359164666,0.8159958934912173,0.13751065757475067
goncalo rodrigues_1997,goncalo rodrigues_1997,2223,0.0016035908920360984,0.00022149705020509103,0.010022218874325852,0.9875861365263611,0.0005665566570719929,4,2324,0.01213811270334489,0.0017332424945924938,0.06645435133141099,0.9160838531930153,0.0035904402776361127,4,0.010534521811308793,0.0015117454443874028,0.05643213245708514,-0.07150228333334574,0.00302388362056412,0.09170836177589053,4,0.07488765563585031,0.3452440281767675,0.2703563725409172
hector_1995,hector_1995,2223,0.004799419582143635,0.834658444288263,0.1350606722747842,0.003676053108985727,0.02180541074582348,2,2324,0.00038168303637038295,0.995843951524094,0.002826824124265269,0.0002720152270401269,0.0006755260882301942,2,-0.0044177365457732515,0.16118550723583103,-0.13223384815051892,-0.0034040378819456003,-0.021129884657593287,0.20856093164745937,2,0.5508974506728739,0.030905604456134966,-0.5199918462167389
mihai dobre_1998,mihai dobre_1998,2223,0.04293099235187274,0.0700240369157008,0.2529391833076408,0.5740092023428782,0.06009658508190735,4,2324,0.05080428667046127,0.14080524277794298,0.5048989243129154,0.26582371973659835,0.03766782650208201,3,0.007873294318588527,0.07078120586224218,0.2519597410052746,-0.30818548260627987,-0.02242875857982534,0.4043933365467969,4,1.1566514162044843,1.2481697318381109,0.09151831563362656
nonoca_1998,nonoca_1998,2223,0.048718803253731506,0.0037007128204381195,0.02757225419337082,0.9030547457141581,0.016953484018301292,4,2324,0.027305648860266953,0.0006375898822123225,0.005812835424934664,0.9604231626474015,0.005820763185184605,4,-0.021413154393464553,-0.003063122938225797,-0.021759418768436158,0.05736841693324335,-0.011132720833116687,0.06505777024906133,4,0.42815525288476075,0.2016709941439947,-0.22648425874076605
ricardo guimaraes_1995,ricardo guimaraes_1995,2223,0.12469466177522155,0.001062471365700049,0.009512694086882796,0.8590314640781315,0.005698708694064324,4,2324,0.03294384361964103,0.0007416205571955564,0.009046967612217774,0.9529580917407618,0.004309476470183869,4,-0.09175081815558052,-0.00032085080850449254,-0.0004657264746650222,0.09392662766263038,-0.0013892322238804548,0.13130401312482162,4,0.4711357082815006,0.22974038774109046,-0.24139532054041013
tm102427,sebastian coates_1990,2223,0.9974884682387055,7.677280405433988e-05,0.00025613149926927213,0.0018758662606379432,0.00030276119733321224,1,2324,0.9609612833210153,0.003227358262071299,0.006807722463514591,0.024452336472065943,0.004551299481332703,1,-0.03652718491769025,0.0031505854580169594,0.0065515909642453185,0.022576470211428,0.00424853828399949,0.04355205825342452,1,0.01958504820130936,0.2060329981345643,0.18644794993325495
tm122115,vincent sasso_1991,2223,0.9644171651647794,0.0014777203184984625,0.005920451620327752,0.02024000683444902,0.007944656061945696,1,2324,0.9759173267419541,0.0012483592242907798,0.0024594017527202077,0.018016302902899396,0.0023586093781356537,1,0.011500161577174706,-0.00022936109420768265,-0.0034610498676075443,-0.002223703931549626,-0.005586046683810042,0.012215975121696877,1,0.192293199778821,0.13354337832754126,-0.05874982145127974
tm131740,nermin zolotic_1993,2223,0.9987543745458525,2.4657825368087777e-05,0.00010370962380650277,0.0009302826481267864,0.00018697535684607312,1,2324,0.9899636613706561,0.0001930163831318055,0.00071889854656339,0.008269841525118992,0.0008545821745297277,1,-0.008790713175196418,0.00016835855776371772,0.0006151889227568872,0.007339558876992205,0.0006676068176836546,0.011469636639931625,1,0.010556392168084114,0.0625324433872664,0.05197605121918229
tm139336,paulo oliveira_1992,2223,0.9960857026694907,7.333749459187167e-05,0.0002477818960916426,0.0023762762537709995,0.0012169016860547168,1,2324,0.9943688800506089,0.00012935822212519117,0.0005657889167964906,0.0034290188033042107,0.001506954007165374,1,-0.0017168226188818414,5.60207275333195e-05,0.000318007020704848,0.0010527425495332112,0.0002900523211106572,0.0020396111314250386,1,0.0291873119918536,0.040256950953102735,0.011069638961249136
tm139341,josue sa_1992,2223,0.9667030003670449,0.0017936955857942465,0.001920331775219332,0.02013225802111424,0.00945071425082731,1,2324,0.9994336763104436,9.333201370002821e-06,3.368799981280551e-05,0.0004571242421003207,6.617824627323564e-05,1,0.032730675943398624,-0.0017843623844242438,-0.0018866437754065264,-0.019675133779013917,-0.009384536004554073,0.03827729628367312,1,0.1787721854945513,0.00517357430562712,-0.17359861118892417
tm139395,ricardo esgaio_1993,2223,0.043928837055286565,0.009844648119637835,0.0833818451414693,0.8016412719449668,0.061203397738639226,4,2324,0.11392247376374554,0.009928048946386468,0.2650375670079835,0.5679603386588651,0.04315157162301946,4,0.06999363670845897,8.34008267486322e-05,0.18165572186651419,-0.23368093328610173,-0.018051826115619764,0.3041458465994259,4,0.7381367411329396,1.1021219586730386,0.36398521754009905
tm139396,bruma_1994,2223,0.02648566974975775,0.2670983453092903,0.3128320139937993,0.08285501220483212,0.31072895874232065,3,2324,0.030513529950815153,0.582153952458561,0.2616627501839776,0.060317514037322426,0.06535225336932371,2,0.0040278602010574045,0.3150556071492708,-0.051169263809821675,-0.02253749816750969,-0.24537670537299694,0.3200038931583248,2,1.3818734380455624,1.1199057702260304,-0.26196766781953196
tm14132,pepe_1983,2223,0.9999335268247018,1.012882236470531e-06,4.3391374846249355e-06,5.261176077365833e-05,8.509394803367728e-06,1,2324,0.998193931525418,7.556239261891079e-05,0.00020440064902398233,0.0014043165683169545,0.00012178886462202836,1,-0.0017395952992838026,7.454951038244026e-05,0.0002000615115393574,0.0013517048075432961,0.00011327946981866063,0.002213341349616827,1,0.0007517331075468116,0.014579584923779731,0.01382785181623292
tm149729,joao mario_1993,2223,0.0030080050256076785,0.12550486367804992,0.7975090580890914,0.044425854419319975,0.029552218787930934,3,2324,0.00922602817479329,0.004454269245204162,0.11290704375881926,0.8715089859156963,0.0019036729054868896,4,0.006218023149185611,-0.12105059443284576,-0.6846020143302722,0.8270831314963762,-0.027648545882444045,1.0804806035535055,4,0.7007962771129796,0.44539974157475093,-0.2553965355382287
tm155025,fabio cardoso_1994,2223,0.9552728324398096,0.0026360771940416505,0.007205738402879261,0.027349055561004445,0.007536296402264985,1,2324,0.9941775006662208,0.00040076897574975803,0.0005946477146632903,0.004408102914587424,0.0004189797287786768,1,0.03890466822641114,-0.0022353082182918925,-0.00661109068821597,-0.02294095264641702,-0.007117316673486308,0.04570080569367297,1,0.2301797813104775,0.040526765432017206,-0.18965301587846028
tm155395,salvador agra_1991,2223,0.025680267820162087,0.04320336123531157,0.4078827472798218,0.4565533228641649,0.06668030080053962,4,2324,0.07081854580505954,0.044147361641382735,0.40348288246951636,0.45006692179544494,0.03148428828859611,4,0.04513827798489746,0.0009440004060711632,-0.004399864810305465,-0.006486401068719949,-0.03519601251194351,0.04582343816631176,1,1.1340796547142753,1.1596568516184314,0.025577196904156052
tm159142,aderlan santos_1989,2223,0.9998480569466214,1.8455362377271378e-06,7.973792556853945e-06,0.00012659367325649492,1.553005132757522e-05,1,2324,0.979649067379396,0.00046206556692452496,0.0017398778827158918,0.015935179728580426,0.0022138094423830306,1,-0.020198989567225323,0.00046022003068679784,0.0017319040901590378,0.015808586055323932,0.0021982793910554554,0.025712290190872043,1,0.0015779833797094473,0.11423850422359236,0.11266052084388291
tm167165,pedro tiba_1988,2223,0.01340257360722249,0.006723321711634281,0.132848333303839,0.8431462964875128,0.003879474889791566,4,2324,0.0041655988382889725,0.001453182408390016,0.05883449635078166,0.9331232685589513,0.0024234538435879303,4,-0.009236974768933518,-0.005270139303244265,-0.07401383695305733,0.08997697207143851,-0.0014560210462036356,0.1169914511185142,4,0.5249801662946855,0.2781903107596531,-0.24678985553503235
tm172142,hernani fortes_1991,2223,0.003034433261698994,0.600348686327813,0.30160435857508167,0.012433625975447872,0.08257889585995841,2,2324,0.0443388994937322,0.10158290961478292,0.29380928410456997,0.0449807995184043,0.5152881072685106,5,0.04130446623203321,-0.49876577671303013,-0.007795074470511698,0.03254717354295643,0.4327092114085522,0.5015909096489903,2,0.9459348728369695,1.2114878090037098,0.26555293616674025
tm182108,sebastian perez_1993,2223,0.20316995646520097,0.0043200787774908475,0.03599855571154512,0.7342970615699018,0.022214347475861193,4,2324,0.05248892056143211,0.0005895790099129573,0.006039396955668857,0.9359278574888537,0.004954245984132252,4,-0.15068103590376886,-0.00373049976757789,-0.029959158755876264,0.20163079591895183,-0.017260101491728942,0.2535176922146038,4,0.7783361131087585,0.27820399654840516,-0.5001321165603534
tm182710,joao teixeira_1994,2223,0.007212467281599097,0.007391130804047143,0.0691410803368194,0.9069353117655663,0.009320009811968153,4,2324,0.0026031482728288403,0.00777584371812117,0.9323638854672087,0.051597540826912,0.005659581714929047,3,-0.004609319008770256,0.00038471291407402713,0.8632228051303893,-0.8553377709386543,-0.003660428097039106,1.215227430367351,3,0.38873077939100525,0.3007866214370202,-0.08794415795398508
tm182936,filipe ferreira_1990,2223,0.3582962983008383,0.001987898286883472,0.008764011425414019,0.6027548805397899,0.02819691144707442,4,2324,0.9951656085513354,4.266381314817972e-05,0.000331627491174908,0.0041353009115774894,0.0003247992327640415,1,0.6368693102504971,-0.0019452344737352922,-0.008432383934239111,-0.5986195796282123,-0.02787211221431038,0.8740839825149377,1,0.8273989386920244,0.0332130345418272,-0.7941859041501972
tm187211,ygor nogueira_1995,2223,0.9958019297617737,0.00013810029929287179,0.0007151567961811517,0.002992484127918006,0.00035232901483402693,1,2324,0.9983032876381447,2.258081155101101e-05,0.00010421618834494482,0.001384251364623415,0.00018566399733592153,1,0.0025013578763709576,-0.00011551948774186078,-0.0006109406078362069,-0.0016082327632945912,-0.0001666650174981054,0.0030380581009863193,1,0.030789126816184578,0.013599526472480063,-0.017189600343704516
tm194005,nino galovic_1992,2223,0.9938837644663284,0.0001536630761606049,0.00028858821369644666,0.004594052052054578,0.0010799321917601557,1,2324,0.9994559171446485,2.2295153302490357e-05,4.206865835265834e-05,0.0003793875460473219,0.00010033149764887464,1,0.005572152678320119,-0.00013136792285811454,-0.0002465195553437883,-0.004214664506007256,-0.0009796006941112812,0.006992160738357666,1,0.041905522661379174,0.00511880669480363,-0.036786715966575546
tm197880,raphael guzzo_1995,2223,0.0015818941906875588,7.069908424784435e-05,0.000740353267470471,0.9974629762227125,0.0001440772348815578,4,2324,0.014218857581854875,0.03179236048920452,0.7086315660666193,0.24193598567841818,0.003421230183903249,3,0.012636963391167317,0.03172166140495668,0.7078912127991488,-0.7555269905442943,0.0032771529490216913,1.035903933405607,4,0.020022460703541148,0.7769308284290563,0.7569083677255151
tm198021,joao nunes_1995,2223,0.9766242788473399,0.0005076684746129114,0.001982695224911746,0.01660408890555381,0.004281268547581614,1,2324,0.9940381357683362,0.0001670956669359079,0.0003230656210622337,0.004918750415823449,0.0005529525278422012,1,0.017413856920996285,-0.00034057280767700354,-0.0016596296038495122,-0.01168533848973036,-0.003728316019739413,0.021039484517064735,1,0.13068351461513197,0.04028293096220985,-0.09040058365292213
tm211072,paulinho_1992,2223,0.003253115660952653,0.8102659979233482,0.13211115713759408,0.00711850599530631,0.04725122328279873,2,2324,0.002774629244162905,0.06721668205920592,0.01850310723130622,0.003875517424894788,0.9076300640404302,5,-0.00047848641678974787,-0.7430493158641422,-0.11360804990628787,-0.0032429885704115223,0.8603788407576315,0.7516913068100484,2,0.6359413113303836,0.3811198773263482,-0.25482143400403534
tm222813,marko grujic_1996,2223,0.24418147228893827,0.006333769395989619,0.01872906614810256,0.683114120690681,0.047641571476288586,4,2324,0.1214035539262376,0.007981850240946584,0.032790969782988046,0.286094480478445,0.5517291455713828,5,-0.12277791836270067,0.0016480808449569652,0.014061903634885485,-0.397019640212236,0.5040875740950942,0.4158118147143484,4,0.8561700922213742,1.0927596519851481,0.23658955976377394
tm223367,fredrik aursnes_1995,2223,0.4942898601280354,0.004573033082397378,0.03142149333288012,0.4566459802238376,0.013069633232849459,1,2324,0.5890000501388398,0.004091236919390101,0.04085093230994568,0.354902060930584,0.011155719701240378,1,0.09471019001080444,-0.00048179616300727656,0.009429438977065559,-0.1017439192932536,-0.0019139135316090811,0.13932333491558288,4,0.8962868157105023,0.8827080295842292,-0.013578786126273057
tm226155,carlinhos_1994,2223,0.011677100887987535,0.0007550529860537187,0.008956497337702818,0.9770595002475282,0.001551848540727832,4,2324,0.0041929698972539555,0.03273306032302454,0.9288692113359878,0.02668565589872529,0.0075191025450080246,3,-0.00748413099073358,0.03197800733697082,0.919912713998285,-0.9503738443488029,0.0059672540042801925,1.3230753759963727,4,0.13233885045472163,0.33688863552718173,0.2045497850724601
tm228433,wendell_1993,2223,0.8571536599650784,0.0007877593751687785,0.0034559266331172524,0.13378618461971478,0.004816469406920853,1,2324,0.3537657359325092,0.04637790304705554,0.3435356040877132,0.21611696238843134,0.04020379454429074,1,-0.5033879240325692,0.04559014367188676,0.34007967745459594,0.08233077776871656,0.035387325137369884,0.614744180328262,1,0.4521485004649301,1.3373681353263775,0.8852196348614474
tm230457,bruno gaspar_1993,2223,0.14934274925117907,0.008245788869314982,0.04691755078595955,0.5692050306047364,0.22628888048880996,4,2324,0.0037316756826736067,0.0004598177675426125,0.020509346433657635,0.974801513348471,0.0004976467676553019,4,-0.14561107356850547,-0.007785971101772369,-0.026408204352301914,0.4055964827437346,-0.22579123372115467,0.431820687511578,4,1.1240861702591827,0.13277744366067515,-0.9913087265985076
tm235568,joao pedro_1993,2223,0.3654957520400102,0.006111600683392865,0.027482138750509057,0.5702282225807974,0.0306822859452903,4,2324,0.027263745278396645,0.0007372043649523045,0.007855759219130915,0.9622575040332937,0.0018857871042266515,4,-0.3382320067616136,-0.00537439631844056,-0.019626379531378142,0.39202928145249627,-0.02879649884106365,0.5181717155764546,4,0.9250098470220869,0.19045102059976313,-0.7345588264223237
tm236997,tiago silva_1993,2223,0.013015882547050977,0.0009247345140402509,0.007792651538032744,0.9742926109977392,0.003974120403136905,4,2324,0.015359710751631502,0.007351461783908666,0.6276520075305683,0.3300154018151704,0.019621418118721225,3,0.0023438282045805253,0.006426727269868416,0.6198593559925355,-0.6442772091825688,0.01564729771558432,0.8940724466381985,4,0.14814259453302017,0.8355947890916947,0.6874521945586746
tm238055,rafa silva_1993,2223,0.00408072654135441,0.19486828477816698,0.7246710163741317,0.01685212185287181,0.059527850453475174,3,2324,0.006979438890380171,0.5859207235193682,0.07550712743302011,0.008068987084725395,0.3235237230725062,2,0.002898712349025761,0.3910524387412012,-0.6491638889411115,-0.008783134768146414,0.263995872619031,0.7579058718206546,3,0.8112734807542745,0.9469236061101085,0.13565012535583398
tm238367,cassiano_1989,2223,0.01405046936654406,0.08712507073803,0.8468133582003801,0.018438946396378202,0.033572155298667916,3,2324,0.0017680486492230088,0.9568299394119459,0.02859507512672684,0.0033822664522500066,0.009424670359854196,2,-0.012282420717321052,0.8697048686739159,-0.8182182830736532,-0.015056679944128196,-0.024147484938813718,1.1942551146303404,2,0.6009293721212343,0.21827507909492797,-0.3826542930263064
tm24202,vasco fernandes_1986,2223,0.9986727737391964,3.541076587661696e-05,0.00010121544214993037,0.0008926606855873494,0.0002979393671896442,1,2324,0.9672052807937245,0.00017862926799419126,0.0008943137592630523,0.031036097325994882,0.0006856788530233179,1,-0.03146749294547191,0.0001432185021175743,0.0007930983171131219,0.03014343664040753,0.0003877394858336737,0.04358301734904944,1,0.011306756757696887,0.15284152133882803,0.14153476458113115
tm249360,ali alipour_1995,2223,0.0047081287784079846,0.24952902416084727,0.5718451078765406,0.021228715801316182,0.15268902338288787,3,2324,0.12788756708935725,0.33354861940105585,0.24406975225541536,0.10707205411298519,0.18742200714118631,2,0.12317943831094927,0.08401959524020858,-0.32777535562112525,0.08584333831166902,0.03473298375829845,0.37018674867149987,3,1.0599543450228506,1.5264952679296944,0.4665409229068438
tm257707,joao graca_1995,2223,0.0072690224040541825,0.001384903958656194,0.005895451039109396,0.9846015616233343,0.0008490609748457968,4,2324,0.06897555331898339,0.0027955583750804668,0.022137353360978305,0.8759666127731917,0.030124922171766207,4,0.06170653091492921,0.0014106544164242728,0.01624190232186891,-0.10863494885014269,0.02927586119692041,0.12599618012520833,4,0.09645728389482876,0.506743592291743,0.41028630839691427
tm261927,ricardo horta_1994,2223,0.004831626369163261,0.6713803713308902,0.2150687110486896,0.028688825001238115,0.08003046625001876,2,2324,0.005619163084400518,0.3129151014564794,0.6363194595255681,0.02782320299387628,0.01732307293967582,3,0.0007875367152372567,-0.35846526987441085,0.4212507484768785,-0.0008656220073618333,-0.06270739331034295,0.553128296432213,3,0.9277589751417101,0.8502362588366565,-0.07752271630505359
tm264848,ruben lameiras_1994,2223,0.01981438901009821,0.08895767002242921,0.5193072732160218,0.33955573269349354,0.032364935057957275,3,2324,0.05368664630861723,0.021261279770159014,0.6355410260555318,0.28137892743654597,0.008132120429145927,3,0.03387225729851902,-0.0676963902522702,0.11623375283950999,-0.05817680525694757,-0.02423281462881135,0.15041594675015624,3,1.1110153375094676,0.9228976475831124,-0.18811768992635514
tm268179,moustapha seck_1996,2223,0.5712626619099127,0.00037595390874043517,0.0029026021759176114,0.42211154097103665,0.003347241034392502,1,2324,0.2780278854077627,0.0031913041662435773,0.0417585978049308,0.6510906213571214,0.025931591263941563,4,-0.29323477650215,0.0028153502575031424,0.038855995629013186,0.22897908038608472,0.022584350229549063,0.37407989520704965,1,0.722918869162098,0.8809425696985194,0.15802370053642134
tm271256,jhonder cadiz_1995,2223,0.00125179401942921,0.8881405263144263,0.06313078127049093,0.0022875430564035498,0.045189355339249886,2,2324,0.003248237292007008,0.881936540469201,0.02365673405968927,0.005621549554219167,0.08553693862488368,2,0.001996443272577798,-0.006203985845225302,-0.039474047210801666,0.0033340064978156173,0.040347583285633794,0.040147119804992894,3,0.44197916100411316,0.45743174612400006,0.015452585119886897
tm27178,ruben fernandes_1986,2223,0.9966436676230813,0.00011064559941961846,0.0002709565221952319,0.0019908825795942157,0.0009838476757095963,1,2324,0.9949711528715739,0.00017774168777526396,0.00025211885784402684,0.0037721288076739898,0.0008268577751329691,1,-0.0016725147515074257,6.709608835564551e-05,-1.883766435120508e-05,0.001781246228079774,-0.00015698990057662723,0.002444381406763111,4,0.02577795135730533,0.03555782199622044,0.009779870638915111
tm282721,oriol busquets_1999,2223,0.3490782449100292,0.000941803618449624,0.006985502610623744,0.6323726134013411,0.010621835459556308,4,2324,0.21188231101489338,0.005085702260201226,0.03040005404445173,0.7434364201168935,0.0091955125635601,4,-0.13719593389513582,0.004143898641751602,0.023414551433827986,0.11106380671555238,-0.0014263228959962067,0.17811037744698804,1,0.7467043623359414,0.7253652303725779,-0.021339131963363456
tm288253,jerry st juste_1996,2223,0.8606327359613991,0.0038076066825403947,0.009821740282701908,0.11751167759783865,0.00822623947551982,1,2324,0.9887066345504788,0.0001622870496660796,0.0004046309834254941,0.009322060442777334,0.0014043869736521451,1,0.1280738985890797,-0.003645319632874315,-0.009417109299276414,-0.10818961715506131,-0.006821852501867674,0.16795799195853986,1,0.48689636099923633,0.06861501494864146,-0.41828134605059486
tm290391,nuno santos_1995,2223,0.015262204445991481,0.05848068132846358,0.6675847049029011,0.11197118817946568,0.14670122114317805,3,2324,0.037572367083144445,0.03832582967986079,0.6132755446538176,0.10571578775603606,0.2051104708271412,3,0.022310162637152964,-0.02015485164860279,-0.0543091602490835,-0.006255400423429619,0.05840924968396316,0.06239051469006709,3,1.0263605074151225,1.1106342952559705,0.08427378784084794
tm291399,nanu_1994,2223,0.9330480737793171,0.0005118383172284088,0.0014191248453351373,0.061424816850044174,0.0035961462080752165,1,2324,0.11583953984618132,0.013476292453744838,0.34021442266474705,0.5238245486810552,0.006645196354271537,4,-0.8172085339331358,0.012964454136516429,0.3387952978194119,0.462399731831011,0.003049050146196321,0.9982953625185974,1,0.26945391396592894,1.0465722160236925,0.7771183020577637
tm291939,samu_1996,2223,0.016975492077424752,0.009138542749074462,0.034188140519724124,0.9298148974941235,0.00988292715965304,4,2324,0.005070978061120838,0.002273158974150744,0.2167336361844255,0.7732005348774693,0.002721691902833709,4,-0.011904514016303915,-0.006865383774923718,0.18254549566470138,-0.15661436261665418,-0.007161235256819332,0.2409144402347724,3,0.34080590778122255,0.5869922261867401,0.24618631840551752
tm291941,carraca_1993,2223,0.5520847212149834,0.002188110688230765,0.008585667054719689,0.408166939963427,0.028974561078639036,1,2324,0.4458946451451773,0.003127609784994159,0.025529742545605878,0.513861070652825,0.011586931871397704,4,-0.10619007606980613,0.0009394990967633941,0.01694407549088619,0.10569413068939804,-0.01738762920724133,0.1507831750252409,1,0.8505757776201055,0.8655991751706449,0.015023397550539386
tm291968,neto_1991,2223,0.015286691319074551,0.001705084606326653,0.005439622861574968,0.9732495451456022,0.004319056067421264,4,2324,0.0022579457942879973,4.011888590896061e-05,0.0003365871775034325,0.9972429792689853,0.00012236887331438454,4,-0.013028745524786554,-0.0016649657204176925,-0.005103035684071536,0.02399343412338306,-0.004196687194106879,0.027825279424038885,4,0.15304654342801274,0.02071163482416543,-0.1323349086038473
tm295327,saviour godwin_1996,2223,0.002686191917213465,0.3908145465160695,0.5807832382424427,0.013418133271664471,0.012297890052609952,3,2324,0.055257379194643415,0.11293800334081497,0.5746219376271117,0.15134673236458981,0.10583594747284024,3,0.05257118727742995,-0.27787654317525456,-0.0061613006153310446,0.13792859909292535,0.09353805742023029,0.3147083777909275,2,0.8106025390068289,1.2481487120251684,0.43754617301833953
tm295414,adrian marin_1997,2223,0.9923229173519234,3.124872725822517e-05,0.00025079299972998023,0.006910741530300908,0.00048429939078768253,1,2324,0.9695759008746324,0.00025679275746897566,0.002319396669672917,0.024143358151199803,0.003704551547025939,1,-0.022747016477290938,0.0002255440302107505,0.0020686036699429367,0.017232616620898894,0.003220252156238256,0.02861328057867345,1,0.04812627322329891,0.15679251451365445,0.10866624129035554
tm299400,pedro sa_1993,2223,0.1986798165533434,0.02066579110723317,0.015132736740721004,0.7209164211505557,0.04460523444814675,4,2324,0.03301194394613257,0.0007365121011559505,0.00718809328515572,0.9563730318631513,0.002690418804404458,4,-0.16566787260721083,-0.01992927900607722,-0.007944643455565285,0.2354566107125956,-0.04191481564374229,0.2886969917816948,4,0.8392916249754595,0.21197169080359732,-0.6273199341718622
tm302371,toni martinez_1997,2223,0.002752040345367765,0.7316673500265187,0.048014969084489025,0.005751438684037719,0.21181420185958674,2,2324,0.0058718487332506475,0.5873127762963027,0.021113647703386064,0.008667888162483348,0.3770338391045772,2,0.0031198083878828825,-0.14435457373021598,-0.02690132138110296,0.0029164494784456292,0.16521963724499047,0.14690188198528698,2,0.7490168431140156,0.833109389221141,0.08409254610712535
tm306668,amine oudrhiri_1992,2223,0.2864857002025316,0.0017270118653741574,0.023261829834439238,0.6728474919743318,0.015677966123323204,4,2324,0.03593938894856579,0.0005187982340951102,0.0055647589542397345,0.9557544571320857,0.0022225967310136076,4,-0.2505463112539658,-0.0012082136312790473,-0.017697070880199502,0.28290696515775393,-0.013455369392309596,0.3783179233338771,4,0.7883553146358329,0.20917407597418167,-0.5791812386616512
tm307058,mehdi taremi_1992,2223,0.002136650728402291,0.8530330067079261,0.06599201004307689,0.003692258586229388,0.07514607393436526,2,2324,0.015339585004233953,0.274171616732724,0.6048695854175803,0.0237896769989295,0.08182953584653228,3,0.013202934275831663,-0.5788613899752022,0.5388775753745034,0.020097418412700113,0.006683461912167024,0.7912318078451307,2,0.5432981784101886,1.0167169736092143,0.47341879519902574
tm308371,mikel villanueva_1993,2223,0.9926006232627584,0.00019729529844040973,0.0005314167040237654,0.005239741839366179,0.001430922895411375,1,2324,0.9991066096663066,2.2609589536195035e-05,5.000415836607834e-05,0.0007024810902167428,0.00011829549557439933,1,0.0065059864035481585,-0.00017468570890421468,-0.0004814125456576871,-0.0045372607491494365,-0.0013126273998369758,0.007948387718584039,1,0.04995003783780704,0.007800366088565904,-0.04214967174924114
tm314367,marcus edwards_1998,2223,0.005585589226527982,0.15690097761881608,0.7715215753238627,0.03566733227552851,0.030324525555264586,3,2324,0.002741969724646322,0.7365492223854422,0.24114388977041154,0.004705741501453856,0.014859176618046083,2,-0.0028436195018816603,0.5796482447666261,-0.5303776855534511,-0.030961590774074656,-0.015465348937218503,0.7862946542290611,2,0.7446099216799701,0.6721525704987369,-0.0724573511812332
tm314942,bruno lourenco_1998,2223,0.010196523130000076,0.010942646868041745,0.3057470598128034,0.6679395496949936,0.005174220494161296,4,2324,0.004934988519037408,0.006679577674613018,0.8799942650962934,0.10719654427254748,0.001194624437508649,3,-0.005261534610962668,-0.004263069193428727,0.5742472052834899,-0.5607430054224462,-0.003979596056652647,0.8026446464105434,3,0.7552642025182237,0.4195854930707459,-0.3356787094474778
tm314944,ricardo mangas_1998,2223,0.002700884938857415,0.030373976224987182,0.9439485418795539,0.018843374762015922,0.004133222194585764,3,2324,0.029184381149524347,0.002638030035737053,0.15271248466487666,0.8106584510893464,0.004806653060515418,4,0.02648349621066693,-0.02773594618925013,-0.7912360572146773,0.7918150763273305,0.0006734308659296544,1.1200429775765024,4,0.27407993129726627,0.6016028854356588,0.3275229541383925
tm329722,andre horta_1996,2223,0.0059581162608234916,0.0008539146231183139,0.006992749188920631,0.9833554441912736,0.0028397757358640057,4,2324,0.005004219388501201,0.08174230399163997,0.8214490426273154,0.06947458945907294,0.022329844533470276,3,-0.0009538968723222909,0.08088838936852165,0.8144562934383948,-0.9138808547322007,0.019490068797606272,1.2268093217861293,4,0.10441889836625168,0.6629432031916411,0.5585243048253894
tm332612,emmanuel boateng_1996,2223,0.0018603364343756307,0.42086945028524686,0.5593599545324488,0.002226394215146633,0.015683864532782133,3,2324,0.0011609554410088431,0.9658117850069994,0.015376126253779354,0.0016164094832346845,0.01603472381497783,2,-0.0006993809933667876,0.5449423347217526,-0.5439838282786694,-0.0006099847319119486,0.00035085928219569587,0.769987931604034,2,0.7796627966503459,0.18229878705879743,-0.5973640095915485
tm340376,abel ruiz_2000,2223,0.006318445879301289,0.638544019272963,0.31078311062345654,0.009724606889525709,0.0346298173347535,2,2324,0.00037127158534650375,0.9942929937039264,0.0047173826671577275,0.00019955498350093212,0.0004187970600684364,2,-0.005947174293954785,0.3557489744309634,-0.3060657279562988,-0.009525051906024776,-0.03421102027468507,0.4694248162741255,2,0.8431429696430129,0.038849421439346825,-0.8042935482036662
tm340491,joca_1996,2223,0.055520392451224025,0.011753112655511398,0.052613614182670985,0.8555449321105407,0.024567948600052708,4,2324,0.009793105646477233,0.8204826292453486,0.14712505967903652,0.014788395372853773,0.007810810056283861,2,-0.04572728680474679,0.8087295165898373,0.09451144549636553,-0.8407565367376869,-0.016757138543768847,1.171297734634161,4,0.5922075973630326,0.589824517400486,-0.002383079962546608
tm344395,jorge fernandes_1997,2223,0.9833050788558968,0.0005532799156915325,0.001607021268118142,0.01094884865930198,0.003585771300991658,1,2324,0.9990334591716844,1.0805461868987748e-05,5.093989371338062e-05,0.0008574951155914103,4.730035714198823e-05,1,0.015728380315787605,-0.0005424744538225448,-0.0015560813744047613,-0.01009135354371057,-0.0035384709438496696,0.01875987823731898,1,0.10066225209260599,0.008119434369545757,-0.09254281772306022
tm344399,leonardo ruiz_1996,2223,0.007647126000513811,0.5038861191036874,0.40083554053110865,0.008597620060045833,0.07903359430464428,2,2324,0.01517507707156598,0.32683043427813013,0.6094688151297172,0.03836865347530364,0.010157020045283014,3,0.007527951071052168,-0.17705568482555728,0.20863327459860853,0.029771033415257806,-0.06887657425936126,0.2753534878601069,3,0.9905497959395602,0.9025609921243675,-0.0879888038151927
tm344474,ilija vukotic_1999,2223,0.06868900861551194,0.00043857861503378775,0.0042416972010050685,0.9233059079393341,0.00332480762911498,4,2324,0.02671680704111869,0.0016117358265417528,0.006052214967149467,0.9619488199759182,0.0036704221892720186,4,-0.041972201574393256,0.001173157211507965,0.0018105177661443981,0.0386429120365841,0.00034561456015703854,0.057092859694475924,1,0.30317054514770636,0.1959550474488424,-0.10721549769886396
tm344519,bruno costa_1997,2223,0.030164668721192268,0.004810656768132132,0.019287412053853547,0.8938562548802533,0.05188100757656878,4,2324,0.16843009725434893,0.0047952072238572575,0.0397516899746318,0.7243616219400156,0.0626613836071463,4,0.13826542853315665,-1.5449544274874147e-05,0.02046427792077825,-0.1694946329402377,0.010780376030577528,0.21969193483719568,4,0.4612412136146654,0.8609774425236942,0.3997362289090288
tm344869,simon banza_1996,2223,0.0011829089534446857,0.8645709044623259,0.06429404798037544,0.0022829401632157168,0.06766919844063825,2,2324,0.004635919907816814,0.5474405939444508,0.037203193839133314,0.006267660705835283,0.4044526316027639,2,0.0034530109543721285,-0.3171303105178751,-0.027090854141242127,0.003984720542619566,0.33678343316212567,0.31832899570997253,2,0.5063550557467804,0.87510653609886,0.3687514803520796
tm345061,murilo costa_1994,2223,0.019528521946249527,0.12978336669997304,0.6104260795992993,0.20644680358242912,0.03381522817204912,3,2324,0.0026340477585880193,0.00855130208003268,0.9740944785454881,0.01234289836100831,0.0023772732548831433,3,-0.016894474187661507,-0.12123206461994035,0.36366839894618885,-0.19410390522142082,-0.03143795491716598,0.43001589175794613,3,1.0834108304142795,0.15053578772822898,-0.9328750426860506
tm356099,cristian borja_1993,2223,0.939165832098054,0.00028956881209299206,0.0028944549148398843,0.051681110416378746,0.005969033758634323,1,2324,0.8002831501516324,0.0053910772140917055,0.09220068943346332,0.0889735312959611,0.01315155190485154,1,-0.13888268194642162,0.005101508401998713,0.08930623451862343,0.03729242087958235,0.007182518146217217,0.1693539279484295,1,0.26190433070021424,0.6984655635285726,0.43656123282835835
tm357149,paulo estrela moreira_1999,2223,0.06237344646946145,0.0011142738768130005,0.00862511853700147,0.9183043948013684,0.009582766315355809,4,2324,0.033739058701691124,0.0017409523508740091,0.05618732982944323,0.8999400476401483,0.008392611477843304,4,-0.028634387767770324,0.0006266784740610086,0.04756221129244176,-0.01836434716122004,-0.0011901548375125044,0.05847849244320146,3,0.3444371671488039,0.4221709319217908,0.07773376477298688
tm357162,florentino luis_1999,2223,0.44960613181790693,0.0030856277358178937,0.0063261815866984565,0.48611961641442736,0.05486244244514936,4,2324,0.27187104757541575,0.003243343593682046,0.01396189253052913,0.6324427300234378,0.07848098627693531,4,-0.17773508424249118,0.00015771585786415222,0.007635710943830673,0.1463231136090104,0.02361854383178595,0.23034440019855132,1,0.9191754715017065,0.9218072367758893,0.00263176527418274
tm358177,andre pereira_1995,2223,0.02101261333271209,0.43802568814306975,0.3306610945789603,0.04058182865150871,0.16971877529374912,2,2324,0.07087047484899872,0.23855844750639493,0.37887582561981425,0.1320466411491384,0.17964861087565365,3,0.04985786151628663,-0.19946724063667481,0.04821473104085394,0.09146481249762968,0.009929835581904523,0.23013791225427155,2,1.239731452841596,1.4729455813262107,0.23321412848461476
tm361504,rafa mujica_1998,2223,0.0015242684613251168,0.9553292715305076,0.0316839346781684,0.0015897900069665317,0.009872735323032244,2,2324,0.005521286922467013,0.5596307098064346,0.03510651118087517,0.007193217164886519,0.3925482749253366,2,0.003997018461141896,-0.39569856172407303,0.0034225765027067687,0.005603427157919987,0.3826755396023044,0.3957732183118379,2,0.21875271073603078,0.8737100161388529,0.6549573054028222
tm367652,rodrigo abascal_1994,2223,0.9976582596643366,2.4398250282178174e-05,6.600563257384005e-05,0.0020203700090204216,0.0002309664437869394,1,2324,0.9621227062954159,0.0006242728965674011,0.0024087588956245246,0.032610745383618786,0.0022335165287734196,1,-0.03553555336892078,0.000599874646285223,0.0023427532630506845,0.030590375374598366,0.00200255008498648,0.04695098466738522,1,0.01770275664277173,0.18154279011899077,0.16384003347621903
tm373187,maracas_1994,2223,0.9991046685120076,1.7918865006903976e-05,7.159875928058909e-05,0.0006769918590674974,0.000128822004637615,1,2324,0.8852883981679509,0.004841540283424474,0.012996336582499417,0.07794217116869015,0.01893155379743494,1,-0.11381627034405672,0.00482362141841757,0.012924737823218829,0.07726517930962265,0.018802731792797327,0.13825471963071173,1,0.007868601932933516,0.4641092781310488,0.45624067619811526
tm375376,pedro alvaro_2000,2223,0.9977002757497296,0.0001106874420597532,0.0002471162641828065,0.0015931664371624252,0.0003487541068653701,1,2324,0.9997471293406661,8.96440075870914e-06,1.649263679552031e-05,0.00019986560537259127,2.7548016407021064e-05,1,0.0020468535909364816,-0.00010172304130104406,-0.0002306236273872862,-0.001393300831789834,-0.0003212060904583491,0.0024888615198995333,1,0.0183974795285868,0.0025303228655522863,-0.015867156663034513
tm375380,benny_2000,2223,0.021825047932320568,0.018347500095725028,0.13743834815615386,0.8019908917733835,0.020398212042417162,4,2324,0.09922884082858355,0.021659574338407473,0.12338449588873408,0.7343610398245465,0.021366049119728298,4,0.07740379289626298,0.0033120742426824452,-0.014053852267419772,-0.06762985194883697,0.0009678370773111358,0.10379607231823698,1,0.6859515345166903,0.8793431178215847,0.19339158330489437
tm375383,romario baro_2000,2223,0.09362794202975246,0.005206410655278781,0.033430220207725445,0.861388656211483,0.006346770895760336,4,2324,0.06917065023103164,0.002480720946889257,0.029656597084961364,0.8884145537673357,0.010277477969781842,4,-0.024457291798720818,-0.0027256897083895236,-0.0037736231227640804,0.027025897555852718,0.003930707074021505,0.036745447019818696,4,0.5233720419398875,0.45614613811050025,-0.06722590382938726
tm377641,al musrati_1996,2223,0.06946662049436315,0.0018245340095837798,0.007269785551758517,0.9146133520023888,0.006825707941905821,4,2324,0.041896129570919406,0.017739437267218834,0.3191391779070382,0.5997517056409745,0.021473549613849154,4,-0.027570490923443748,0.015914903257635053,0.3118693923552797,-0.31486164636141434,0.014647841671943333,0.44431271684809037,4,0.34823706848928154,0.9580358907170275,0.609798822227746
tm379249,matheus reis_1995,2223,0.3399033210714615,0.0008262999188153466,0.022323943801786556,0.6344385756334654,0.0025078595744712573,4,2324,0.6901360802025953,0.0021317627576091726,0.04254170141318697,0.25479751898325154,0.01039293664335702,1,0.35023275913113383,0.001305462838793826,0.020217757611400416,-0.37964105665021386,0.007885077068885762,0.5169146732480657,4,0.7612277748762961,0.7992178466828126,0.03799007180651648
tm383014,goncalo costa_2000,2223,0.6272530319585945,0.007328528940568442,0.03162391687209049,0.11635444199910706,0.21744008022963945,1,2324,0.20755520192506438,0.014029268148588759,0.27521781135747136,0.3919406413101284,0.11125707725874706,4,-0.4196978300335301,0.006700739208020317,0.24359389448538088,0.27558619931102135,-0.10618300297089239,0.5581011620862625,1,1.019873735237585,1.3527123386583004,0.33283860342071536
tm383654,joao correia_1996,2223,0.16383440717602776,0.0028423886900150216,0.03205245334018464,0.7843941722986781,0.016876578495094354,4,2324,0.12077339884847743,0.030373384945209046,0.5501019945814131,0.2651471814808145,0.03360404014408597,3,-0.04306100832755033,0.027530996255194024,0.5180495412412285,-0.5192469908178636,0.016727461648991613,0.7352584381335876,4,0.6826702303986691,1.1561923580485656,0.47352212764989643
tm387110,petar musa_1998,2223,0.005164703189800452,0.12045466088310433,0.02198791324316015,0.007139848370776865,0.8452528743131582,5,2324,0.006741961040564152,0.26542799673165507,0.06545147262625407,0.011011968611664272,0.6513666009898624,5,0.0015772578507637003,0.14497333584855074,0.043463559383093923,0.003872120240887407,-0.19388627332329578,0.15140617609196827,2,0.5434596110096472,0.8931025368360322,0.349642925826385
tm38780,vitor gomes_1987,2223,0.018988316531533964,0.0003913175066845614,0.0015986792723974817,0.9781205367244112,0.0009011499649726454,4,2324,0.022353102295532803,0.00046352248932843797,0.004946887202306075,0.9698787770927549,0.0023577109200778176,4,0.0033647857639988385,7.220498264387656e-05,0.0033482079299085934,-0.008241759631656298,0.0014565609551051722,0.009511261481266825,4,0.11658893951029417,0.15870801829949158,0.042119078789197406
tm392655,bogdan milovanov_1998,2223,0.9887688093521877,0.00019601170554056372,0.0007239070102960565,0.007352346588947976,0.002958925343027865,1,2324,0.8640710248776111,0.0012247647499182023,0.008008122808879688,0.10481714012435325,0.02187894743923785,1,-0.12469778447457658,0.0010287530443776386,0.007284215798583632,0.09746479353540527,0.018920022096209986,0.15843939397887694,1,0.07142551102458822,0.4931561192645965,0.4217306082400083
tm394328,rafik guitane_1999,2223,0.03173884328908171,0.002917648327953464,0.018814406280972907,0.9420456993217775,0.00448340278021452,4,2324,0.04953611531734635,0.21879694713837528,0.39464548179003095,0.30712372139928884,0.02989773435495852,3,0.017797272028264637,0.2158792988104218,0.37583107550905803,-0.6349219779224886,0.025414331574744,0.7689574304952309,4,0.28177314158699973,1.3157746613707055,1.0340015197837058
tm401931,jo_1995,2223,0.0046504716833300225,0.7216907862518847,0.22515267155962526,0.005063519393951193,0.04344255111120875,2,2324,0.016360464910077196,0.35756811686545614,0.2515125827459666,0.023853017532916715,0.35070581794558336,2,0.011709993226747173,-0.3641226693864285,0.026359911186341345,0.01878949813896552,0.3072632668343746,0.3657462678695912,2,0.7590734111628453,1.238759004491602,0.4796855933287566
tm402112,morlaye sylla_1998,2223,0.02867790192365804,0.009576248001779458,0.033675507119914794,0.9225792722553593,0.00549107069928848,4,2324,0.013855810148541169,0.007906542880332209,0.24631620291639897,0.7272848368930043,0.004636607161723379,4,-0.014822091775116873,-0.0016697051214472486,0.21264069579648417,-0.19529443536235502,-0.0008544635375651016,0.2890994021302994,3,0.36348353203701855,0.6991917087926158,0.3357081767555973
tm409884,miguel nobrega_2000,2223,0.9323633393612202,0.0019359993542631252,0.0031976259609912848,0.05891023421284396,0.0035928011106815196,1,2324,0.9925804379856739,7.973249672260864e-05,0.00037496499313200186,0.006640580807741051,0.0003242837167305208,1,0.06021709862445368,-0.0018562668575405165,-0.002822660967859283,-0.05226965340510291,-0.003268517393950999,0.07980995411239532,1,0.2828035611212898,0.04700719267166303,-0.23579636844962676
tm410183,joao othavio basso_1997,2223,0.9988786623731695,1.7714446169500244e-05,5.9931527663340396e-05,0.0009069333522406123,0.0001367583007570833,1,2324,0.9899672936257754,0.00011715680020256137,0.0005052243290394985,0.008873949033984007,0.0005363762109987647,1,-0.008911368747394066,9.944235403306113e-05,0.00044529280137615816,0.007967015681743395,0.00039961791024168135,0.01196219069760677,1,0.009467445144388159,0.06084307024476033,0.05137562510037217
tm410281,renato pantalon_1997,2223,0.9311138659203705,0.0030641635796424447,0.010004954606831177,0.03314083055250892,0.022676185340646884,1,2324,0.8804329708203807,0.005036396986487751,0.007004094068433727,0.0918046138583945,0.015721924266303314,1,-0.05068089509998974,0.0019722334068453065,-0.00300086053839745,0.058663783305885585,-0.006954261074343569,0.07760726427647126,4,0.32903439535261675,0.45803902385965134,0.1290046285070346
tm412669,francisco trincao_1999,2223,0.001252318595721085,0.6439093735133202,0.34197038534856533,0.004759732090201281,0.008108190452191955,2,2324,0.008026191243593545,0.6000360024627026,0.296438567447546,0.02284824834708655,0.0726509904990713,2,0.00677387264787246,-0.043873371050617616,-0.045531817901019345,0.01808851625688527,0.06454280004687935,0.06611428665380846,3,0.723253914112582,0.9824867955992221,0.25923288148664014
tm413118,sikou niakate_1999,2223,0.9549841667968925,0.0028951440169666673,0.007737159172710922,0.021341006045707926,0.013042523967722076,1,2324,0.9999222131370963,1.9742584704787513e-06,4.935263066812131e-06,6.231349472073935e-05,8.563846645666668e-06,1,0.04493804634020382,-0.0028931697584961887,-0.00773222390964411,-0.021278692550987188,-0.01303396012107641,0.05040206824520292,1,0.23722435194173486,0.0008673457662015451,-0.23635700617553332
tm415525,kanya fujimoto_1999,2223,0.014272767050406577,0.0004189799226946216,0.0030614717340746314,0.9811817075375651,0.0010650737552590566,4,2324,0.07038597167638344,0.0553383498996657,0.596307576708262,0.2531837859493048,0.024784315766384193,3,0.05611320462597687,0.054919369976971076,0.5932461049741873,-0.7279979215882603,0.023719242011125137,0.9423835439118912,4,0.10756207843188417,1.0946673658081227,0.9871052873762386
tm415642,joao queiros_1998,2223,0.9657630009049617,0.0005015449956274562,0.001955030069446713,0.02720909687047114,0.004571327159493054,1,2324,0.9614143692515473,0.003563191308771565,0.010415639775559692,0.018372941693590057,0.006233857970531321,1,-0.00434863165341437,0.003061646313144109,0.008460609706112978,-0.008836155176881084,0.0016625308110382667,0.013339558850013063,4,0.17234618448762054,0.21054754431631595,0.03820135982869541
tm425028,jose luis rodriguez_1998,2223,0.004741699179597863,0.09975848428410417,0.7202334844720449,0.03629470108781065,0.1389716309764423,3,2324,0.005963082670882156,0.008325438389881298,0.946367443072331,0.02904841147240686,0.010295624394498654,3,0.0012213834912842931,-0.09143304589422287,0.22613395860028607,-0.007246289615403793,-0.12867600658194364,0.24402985392069154,3,0.8862990206013304,0.2724870970347566,-0.6138119235665738
tm426620,pedro goncalves_1998,2223,0.012013644305098761,0.4664134009023223,0.2833978372255667,0.07718824804584658,0.1609868695211656,2,2324,0.007010570483861365,0.35791213945159883,0.46734717481393323,0.019213995222456138,0.1485161200281504,3,-0.005003073821237396,-0.10850126145072347,0.1839493375883665,-0.05797425282339044,-0.012470749493015187,0.22135023666960066,3,1.2579337231178052,1.1171863207980803,-0.14074740231972482
tm429309,jordan holsgrove_1999,2223,0.015470660825622588,0.005132707156021208,0.027859443773993568,0.9481137892099644,0.0034233990343982314,4,2324,0.01056789309834235,0.005825015645330485,0.5879061625993289,0.38606263310848166,0.00963829554851652,3,-0.004902767727280238,0.0006923084893092762,0.5600467188253354,-0.5620511561014827,0.006214896514118289,0.7934597316590614,4,0.26125882949083135,0.8025234167030663,0.5412645872122349
tm445517,heriberto tavares_1997,2223,0.11293857466015304,0.048740812325339784,0.12299664826905626,0.26545380356135595,0.44987016118409495,5,2324,0.00570318332972375,0.07307209112485097,0.8202728964762249,0.0916087558543839,0.009343073214816608,3,-0.1072353913304293,0.024331278799511184,0.6972762482071686,-0.17384504770697207,-0.44052708796927836,0.7269853555663375,3,1.3627479971077157,0.6457841053744342,-0.7169638917332815
tm448264,afonso freitas_2000,2223,0.2634461439505128,0.0010223703375487761,0.008755707643400104,0.7243601278545866,0.0024156502139517314,4,2324,0.025686282684375172,0.0015119175922371616,0.021995123765056992,0.9457997293948242,0.005006946563506712,4,-0.23775986126613763,0.0004895472546883855,0.013239416121656888,0.22143960154023756,0.0025912963495549803,0.3251780597693349,1,0.6480752556188755,0.2670564878518004,-0.38101876776707505
tm448470,andre franco_1998,2223,0.00593932686285016,0.0039072779995604255,0.6940609442510638,0.29055932969994636,0.005533121186579033,3,2324,0.014186872806538573,0.0018447564984360673,0.109086467950644,0.8698114018360321,0.005070500908349296,4,0.008247545943688414,-0.0020625215011243585,-0.5849744763004198,0.5792520721360858,-0.0004626202782297365,0.8232863274741876,3,0.6934511193491858,0.46179284650414243,-0.23165827284504337
tm448920,enea mihaj_1998,2223,0.9976954650350075,6.329546165258967e-05,0.0001721801352646556,0.0015270243772621088,0.0005420349908132268,1,2324,0.9995682547456589,1.2498314923034656e-05,3.618837765752016e-05,0.00031293826454669826,7.012029721388271e-05,1,0.0018727897106514124,-5.0797146729555015e-05,-0.00013599175760713544,-0.0012140861127154104,-0.00047191469359934406,0.0022366091517435852,1,0.01838416870277617,0.004138825610827427,-0.014245343091948743
tm450173,gaius makouta_1997,2223,0.01936704018361696,0.0017242791080992438,0.010634181165525539,0.9651268899647487,0.003147609578009659,4,2324,0.015310638960076662,0.0007573701003914385,0.016185749284717235,0.9667240425108198,0.001022199143994926,4,-0.0040564012235402985,-0.0009669090077078053,0.005551568119191696,0.0015971525460710678,-0.002125410434014733,0.0071246128844290645,3,0.18806855428916733,0.17592720868279882,-0.012141345606368509
tm452607,alexander bah_1997,2223,0.6120662424953269,0.004360703813664869,0.01625066968653797,0.3053813459969612,0.061941038007509046,1,2324,0.37092893006906197,0.026674639213166127,0.22081099463256273,0.2568299765563884,0.12475545952882092,1,-0.24113731242626496,0.02231393539950126,0.20456032494602477,-0.04855136944057281,0.06281442152131186,0.32069810908976915,1,0.9256549026228209,1.4068459118225862,0.4811910091997653
tm454121,galeno_1997,2223,0.006186703297100866,0.21632386255560204,0.6833149023298404,0.05927782804776717,0.03489670376968953,3,2324,0.015680919570261482,0.22597143159283622,0.6132698077201181,0.05858398113577177,0.08649385998101246,3,0.009494216273160615,0.009647569037234183,-0.0700450946097223,-0.0006938469119954008,0.05159715621132293,0.0713443230635205,3,0.9074365220982423,1.0790448366159058,0.17160831451766345
tm454576,robert bozenik_1999,2223,0.0008150855089545687,0.9143078461235181,0.06657931329536836,0.0015623458148984123,0.016735409257260636,2,2324,0.005528817974994366,0.8262989351112194,0.048075737768013715,0.008161494443596274,0.11193501470217627,2,0.004713732466039797,-0.08800891101229869,-0.01850357552735464,0.006599148628697862,0.09519960544491564,0.09029794439106723,2,0.34664230168165694,0.6166656651863867,0.2700233635047297
tm461629,gustavo assuncao_2000,2223,0.20456400966106864,0.02063713443068376,0.03146781571067593,0.640915655466571,0.10241538473100073,4,2324,0.021126226968457028,0.0004589716470691996,0.004210919632722264,0.9702653995087077,0.003938482243043691,4,-0.1834377826926116,-0.02017816278361456,-0.027256896077953667,0.3293497440421367,-0.09847690248795704,0.37851125565421323,4,1.0320356084748594,0.1591461642306651,-0.8728894442441943
tm461937,nuno goncalo moreira_1999,2223,0.0029801617606903057,0.00914314303895163,0.94840784129666,0.0366884222920487,0.002780431611649432,3,2324,2.861073366308957e-41,3.883707744150311e-40,1.0,4.282993873982731e-40,2.3415830182175696e-41,3,-0.0029801617606903057,-0.00914314303895163,0.051592158703339996,-0.0366884222920487,-0.002780431611649432,0.06403334755188836,3,0.24812380353404348,1.1052408446371418e-10,-0.2481238034235194
tm461939,tomas costa silva_1999,2223,0.6247640031276196,0.0065132447794663305,0.03153627484374688,0.2652390892839989,0.07194738796516818,1,2324,0.46366884532857,0.002962988481212258,0.0849892826286295,0.4154878375302886,0.03289104603129976,1,-0.1610951577990496,-0.0035502562982540724,0.053453007784882614,0.1502487482462897,-0.03905634193386842,0.22670722215428346,1,0.9770309060083106,1.0603681670241356,0.08333726101582506
tm469822,david neres_1997,2223,0.009530850031630586,0.19620288671508526,0.5792953242170689,0.0944064583234697,0.12056448071274548,3,2324,0.013505870509383969,0.4133637570873396,0.20401301206811354,0.028391272889006367,0.3407260874461565,2,0.003975020477753383,0.21716087037225432,-0.37528231214895535,-0.06601518543446333,0.22016160673341104,0.4385994333425958,3,1.1580241819315837,1.2155800634223795,0.05755588149079571
tm471582,zaydou youssouf_1999,2223,0.08141252067955816,0.002137220892245821,0.019515276326688043,0.8869467239686978,0.009988258132810107,4,2324,0.004959557666648422,0.0004109178716963712,0.0066891994372892324,0.9868936930023438,0.0010466320220223404,4,-0.07645296301290974,-0.00172630302054945,-0.01282607688939881,0.09994696903364597,-0.008941626110787766,0.12649877684372074,4,0.44658087798295576,0.08321834838328147,-0.3633625295996743
tm478365,moura_1999,2223,0.8715240688745702,0.0030024038863702596,0.012681787465862049,0.1025801882459526,0.010211551527244818,1,2324,0.8799961986695377,0.0033951185081590174,0.04566189780868592,0.056790677261350876,0.014156107752266433,1,0.008472129794967476,0.0003927146217887578,0.032980110342823866,-0.04578951098460172,0.003944556225021614,0.05706398340872062,4,0.47307123552341995,0.49590297764234,0.02283174211892003
tm479638,tiago gouveia_2001,2223,0.005751609655644525,0.03626958886865183,0.8574796618692273,0.09231453859285225,0.008184601013624178,3,2324,0.012318484385675652,0.3157166705591223,0.22491124675974894,0.05329143340711123,0.39376216488834187,5,0.006566874730031127,0.27944708169047044,-0.6325684151094784,-0.03902310518574102,0.3855775638747177,0.6926755357607882,3,0.541086125190202,1.276970708014968,0.7358845828247659
tm479648,felix correia_2001,2223,0.008664539040012732,0.1758539754620176,0.7234108211363882,0.06796714661594722,0.0241035177456341,3,2324,0.004254883640205214,0.034069587830571235,0.9352201620444622,0.01988060826475316,0.006574758220007948,3,-0.004409655399807518,-0.14178438763144635,0.21180934090807402,-0.04808653835119406,-0.01752875952562615,0.25941813680481723,3,0.8535607890372289,0.3119256120911529,-0.541635176946076
tm481627,sandro cruz_2001,2223,0.8980537012230623,0.001754176835695079,0.0027687445595612294,0.08123612015051977,0.016187257231161586,1,2324,0.291856164089181,0.001317635449172978,0.018742222580297473,0.6837431079903585,0.004340869890990012,4,-0.6061975371338812,-0.0004365413865221009,0.015973478020736242,0.6025069878398388,-0.011846387340171575,0.8548365147743048,1,0.3946847385735518,0.7262486121365088,0.331563873562957
tm481628,tiago araujo_2001,2223,0.3425862120245088,0.007748448693618222,0.20497258688548478,0.39895946317115577,0.045733289225232426,4,2324,0.3675134265024593,0.0033058697338031844,0.11068768960039575,0.5097705730308149,0.008722441132527096,4,0.024927214477950488,-0.004442578959815037,-0.09428489728508903,0.11081110985965908,-0.03701084809270533,0.14768157113815236,4,1.2371915252868302,1.0152320718367909,-0.2219594534500393
tm482145,abass issah_1998,2223,0.0005174594835317932,0.066399605731865,0.9272116083268355,0.0016087379481102098,0.0042625885096575665,3,2324,0.019031634700054974,0.11860096764470326,0.21323427978924986,0.05325320975173384,0.5958799081142581,5,0.018514175216523182,0.052201361912838265,-0.7139773285375857,0.05164447180362363,0.5916173196046005,0.7179822657998219,3,0.28768056985627444,1.122449597010813,0.8347690271545386
tm483573,martin agirregabiria_1996,2223,0.7202169340230224,0.002572183628728728,0.007341396812054854,0.20694936820811705,0.06292011732807688,1,2324,0.9761783156410853,0.0002839136907534009,0.003583309570219297,0.017950096960224912,0.0020043641377170325,1,0.2559613816180628,-0.002288269937975327,-0.003758087241835557,-0.18899927124789212,-0.06091575319035985,0.3182079710049517,1,0.7878259533909759,0.13064786655773536,-0.6571780868332406
tm490760,duplexe tchamba_1998,2223,0.9944532579587485,7.021587065073151e-05,0.0003420206699928588,0.00463259785187132,0.0005019076487368093,1,2324,0.9953678944098835,0.00011722681735064186,0.0005970009175353744,0.0037202449056074893,0.00019763294962327506,1,0.0009146364511349869,4.7010946699910344e-05,0.0002549802475425156,-0.0009123529462638303,-0.0003042746991135342,0.0013176390598519609,1,0.03764398791181161,0.03261087245601602,-0.0050331154557955865
tm495601,victor gomez_2000,2223,0.8452425492588601,0.0024173092190055263,0.007567184054820505,0.12273772261606544,0.02203523485124843,1,2324,0.9577121311680767,0.000577528019859814,0.008512363759023162,0.03009159889387305,0.0031063781591674088,1,0.11246958190921663,-0.0018397811991457123,0.0009451797042026571,-0.09264612372219239,-0.018928856692081022,0.14572916405138586,1,0.5351686869937398,0.20962262300381576,-0.32554606398992403
tm498237,david carmo_1999,2223,0.9990489071048321,3.37977148216772e-05,8.418851584736802e-05,0.0006758392448453191,0.00015726741965369905,1,2324,0.9844027071685137,0.0003834265880714017,0.0005555444230100745,0.012314432403472875,0.0023438894169319265,1,-0.014646199936318327,0.00034962887324972453,0.00047135590716270646,0.011638593158627556,0.0021866219972782276,0.018716635382111022,1,0.008399091885050983,0.09099612399823935,0.08259703211318836
tm503212,abdul aziz yakubu_1998,2223,0.005692376951154821,0.6310653574045277,0.2615724421062703,0.01645628803371423,0.08521353550433296,2,2324,0.022957449033778967,0.5604102044559682,0.11289257350210927,0.02650199715577455,0.277237775852369,2,0.017265072082624146,-0.07065515294855951,-0.14867986860416102,0.01004570912206032,0.192024240348036,0.16582175053990408,3,0.9481434307084269,1.1093036788437998,0.16116024813537289
tm504075,rafael brito_2002,2223,0.8029282583111447,0.0016920582162624383,0.007557130282051704,0.17087227931205595,0.01695027387848528,1,2324,0.18974549917736475,0.007766897714733118,0.046025553151808604,0.41513294836108305,0.3413291015950104,4,-0.61318275913378,0.00607483949847068,0.0384684228697569,0.2442606690490271,0.3243788277165251,0.6611906637091998,1,0.5949696661966849,1.2266578999506035,0.6316882337539186
tm504087,tomas araujo_2002,2223,0.997947405522518,2.222220725390547e-05,4.624787963163416e-05,0.0018397797602255595,0.0001443446303709243,1,2324,0.6106239794854954,0.03314207809103545,0.06130100119096563,0.20820946813036878,0.08672347310213475,1,-0.38732342603702263,0.033119855883781545,0.061254753311333995,0.20636968837014322,0.08657912847176383,0.44436128802140473,1,0.015613825545444633,1.1240342994599208,1.1084204739144763
tm504503,joao mendes_1994,2223,0.009597201759710216,0.005816674007526006,0.2865191578639508,0.6933781959261153,0.0046887704426977934,4,2324,0.011434348011199351,0.3316156896030739,0.5441501648715196,0.07011506862404239,0.042684728890164725,3,0.0018371462514891346,0.3257990155955479,0.25763100700756875,-0.6232631273020729,0.037995958447466935,0.748985337169875,4,0.7117094276581406,1.0692494990559436,0.35754007139780297
tm512913,stephen eustaquio_1996,2223,0.012928387705993513,0.001579390765890674,0.009230388396829528,0.9710649699915392,0.005196863139747127,4,2324,0.0010688010704581325,0.00024323578315828902,0.011889668255812917,0.9865063064597289,0.0002919884308418217,4,-0.011859586635535381,-0.001336154982732385,0.0026592798589833884,0.015441336468189681,-0.004904874708905306,0.019696236863824757,4,0.1654980668328307,0.07781068407326634,-0.08768738275956435
tm514304,nelson_1998,2223,0.030742016708905,0.05060423778919087,0.7374889908471012,0.16935115780667753,0.011813596848125387,3,2324,0.06344352140146935,0.07323321367112427,0.2645600315607561,0.46700575161159275,0.13175748175505758,4,0.032701504692564345,0.022628975881933404,-0.4729289592863451,0.2976545938049152,0.1199438849069322,0.5602155984114129,3,0.8357700958529874,1.3408032725085661,0.5050331766555787
tm520662,pepe_1997,2223,0.2065513705842829,0.010723085702644332,0.10556760216716797,0.6349744091647427,0.04218353238116207,4,2324,0.032466381257374714,0.03807818093728534,0.7864704449174876,0.12025189768913704,0.022733095198715213,3,-0.1740849893269082,0.02735509523464101,0.6809028427503196,-0.5147225114756057,-0.019450437182446857,0.8715628662520378,3,1.0336938700296006,0.7653683590895712,-0.2683255109400293
tm524315,hidemasa morita_1995,2223,0.07713042638285639,0.04642042080291335,0.08671491417572566,0.7600819792518276,0.029652259386676833,4,2324,0.009880749194521341,0.0005134345557999816,0.006971050265822417,0.9818519218209888,0.0007828441628674243,4,-0.06724967718833505,-0.04590698624711337,-0.07974386390990325,0.22176994256916116,-0.028869415223809407,0.24934105503634602,4,0.8650042188979776,0.10770993222440614,-0.7572942866735715
tm525602,alejandro marques_2000,2223,0.036810421052673,0.25612206395580245,0.5748440340826749,0.0602737176679748,0.07194976324087475,3,2324,0.0022011180844851773,0.974612030864319,0.007810489546579628,0.0019481255511154543,0.013428235953500633,2,-0.03460930296818782,0.7184899669085165,-0.5670335445360953,-0.058325592116859344,-0.058521527287374114,0.917798753390467,2,1.147334209253791,0.14646889517979825,-1.0008653140739927
tm526111,alex mendez_2000,2223,0.0020593078564346765,0.0005733895009633971,0.0036692060919095407,0.9929869498307345,0.0007111467199579429,4,2324,0.03797005073612997,0.022387237364633036,0.7318581851524482,0.10460536958335756,0.10317915716343105,3,0.03591074287969529,0.02181384786366964,0.7281889790605386,-0.888381580247377,0.10246801044347312,1.149454847639022,4,0.04973670268754863,0.9082191051015149,0.8584824024139663
tm530032,quaresma_1996,2223,0.9829447562290771,0.0001028605273395121,0.0009407500122308086,0.015251317149655887,0.0007603160816966792,1,2324,0.1050876742430721,0.01763927607021713,0.46365323465220126,0.14364046194036423,0.2699793530941453,3,-0.877857081986005,0.017536415542877618,0.46271248463997044,0.12838914479070834,0.2692190370124486,1.0007633077830445,1,0.09366742165707019,1.2965911393099065,1.2029237176528365
tm53286,mauricio_1988,2223,0.18550503416660652,0.02293403649043433,0.2090320611653262,0.5100722778171485,0.07245659036048453,4,2324,0.06630993544536741,0.000895852706535617,0.0052011751354348245,0.9184043099815675,0.009188726731094716,4,-0.11919509872123911,-0.022038183783898713,-0.20383088602989136,0.40833203216441905,-0.06326786362938981,0.4722025324952351,4,1.2598493539179352,0.3348309950619092,-0.9250183588560259
tm537602,joao mario lopes_2000,2223,0.34025479188608737,0.010597237991529103,0.02922828869871669,0.5659347191445628,0.05398496227910418,4,2324,0.7784732132159553,0.004079774580475843,0.04051171180683862,0.1708168723443136,0.006118428052416587,1,0.43821842132986794,-0.006517463411053259,0.011283423108121932,-0.39511784680024925,-0.047866534226687595,0.5901891990025387,1,0.9980131640135528,0.6803223109708576,-0.3176908530426952
tm539154,leandro sanca_2000,2223,0.006221646532340917,0.09574131856755644,0.8033280428315924,0.031070530709176668,0.06363846135933364,3,2324,0.0008998519179716699,0.0063074504409814615,0.989780091925002,0.0020812255905057926,0.0009313801255391932,3,-0.005321794614369247,-0.08943386812657497,0.18645204909340962,-0.028989305118670875,-0.06270708123379444,0.2088815087277803,3,0.7153016796928685,0.06778321743863616,-0.6475184622542324
tm539183,anderson jesus_1995,2223,0.9744686976119178,0.001328835902902008,0.004200676161460096,0.013834870624318596,0.006166919699401798,1,2324,0.9999546418551892,6.573562146606159e-07,2.933971831360588e-06,3.912163269650529e-05,2.645184068099406e-06,1,0.02548594424327144,-0.0013281785466873473,-0.004197742189628735,-0.01379574899162209,-0.006164274515333698,0.029312815319471656,1,0.14759404169738727,0.0005231014100941844,-0.1470709402872931
tm539252,costinha_2000,2223,0.038133500517206126,0.004861965021940913,0.04684136258984038,0.8872459869376652,0.02291718493334743,4,2324,0.026319633618651788,0.006194496346311754,0.5077363120667846,0.43901236152142503,0.020737196446826714,3,-0.011813866898554338,0.0013325313243708415,0.4608949494769442,-0.4482336254162402,-0.002179988486520717,0.6430232348041309,3,0.4865226645152785,0.9131505402899834,0.42662787577470496
tm544784,zaidu sanusi_1997,2223,0.9426803078155762,0.0008069381183647203,0.01237073791217886,0.036601149255691426,0.007540866898188793,1,2324,0.01871731485710761,0.027171440431988304,0.0154040365290552,0.021513057321045442,0.9171941508608035,5,-0.9239629929584686,0.026364502313623583,0.00303329861687634,-0.015088091934645984,0.9096532839626147,0.9244671712709672,1,0.2736494188801333,0.39858459923518896,0.12493518035505569
tm54716,steven vitoria_1987,2223,0.9897131904337086,0.0005082296771550717,0.0013560213349553467,0.007264140290660155,0.001158418263520973,1,2324,0.9926410673946929,0.000579195171633662,0.0006731518590849193,0.005417375388687559,0.0006892101859008843,1,0.002927876960984288,7.096549447859033e-05,-0.0006828694758704274,-0.0018467649019725963,-0.0004692080776200888,0.0035290722469655655,1,0.06664870057899461,0.049851495856416704,-0.016797204722577903
tm54781,nicolas otamendi_1988,2223,0.9982181742327797,1.4023586270440448e-05,5.824912431777879e-05,0.0015545932835674184,0.00015495977306475704,1,2324,0.9817097023496075,0.00032658214845567984,0.0013661679872264713,0.014944815973695812,0.001652731541014739,1,-0.01650847188317217,0.0003125585621852394,0.0013079188629086926,0.013390222690128394,0.001497771767949982,0.021298733582433088,1,0.013917124502968036,0.10315950246588831,0.08924237796292028
tm549006,goncalo inacio_2001,2223,0.9939190697662702,0.00011189972903641696,0.0002021544011548582,0.005088179528189713,0.0006786965753487689,1,2324,0.9990969799127094,1.0800995614849732e-05,4.700222716604736e-05,0.0007967778360002929,4.843902850947348e-05,1,0.005177910146439202,-0.00010109873342156723,-0.00015515217398881086,-0.004291401692189421,-0.0006302575468392954,0.006727642612335851,1,0.040621236510428434,0.007660732542562195,-0.03296050396786624
tm550179,joao carlos_1995,2223,2.621590915173198e-42,1.0,1.6212350042584918e-40,6.364667626071183e-42,1.962187504164939e-41,2,2324,0.008396099495955435,0.09654214292359231,0.016432678513431206,0.013024832561130259,0.8656042465058909,5,0.008396099495955435,-0.9034578570764077,0.016432678513431206,0.013024832561130259,0.8656042465058909,0.903740158002405,2,1.1052408446371418e-10,0.5148104423114512,0.5148104422009272
tm550631,masaki watai_1999,2223,0.0410543960717674,0.13039523527452568,0.4619953767067647,0.2813739492501712,0.08518104269677108,3,2324,0.47017069418796653,0.00983316034828304,0.05290283013237996,0.4401203375732993,0.026972977758071177,1,0.4291162981161991,-0.12056207492624264,-0.40909254657438476,0.15874638832312815,-0.058208064938699906,0.6254863217431891,1,1.3200740428541322,1.01442587794207,-0.30564816491206215
tm553062,vitor carvalho_1997,2223,0.055082114892044044,0.0018075077264472351,0.007871367921903448,0.9312996057250139,0.003939403734591285,4,2324,0.019620039480432477,0.00040940506143847616,0.002807850400795713,0.9752692906304636,0.0018934144268697747,4,-0.03546207541161157,-0.001398102665008759,-0.005063517521107735,0.043969684905449724,-0.00204598930772151,0.0567317008728967,4,0.2973240447755362,0.13311400307141144,-0.16421004170412476
tm560903,patrick_1997,2223,0.9677759120904336,0.0005803236011199332,0.0016435323016041423,0.027875930476199125,0.002124301530643169,1,2324,0.9764952239207024,0.0006034993631859639,0.0011939931097218514,0.019139646718433604,0.0025676368879562765,1,0.008719311830268861,2.3175762066030676e-05,-0.000449539191882291,-0.008736283757765521,0.0004433353573131075,0.012351181129375834,4,0.15942949858375133,0.12676773823333246,-0.03266176035041887
tm565232,andre silva_1997,2223,0.00039942784569108107,0.8781253148007749,0.11948446937421613,0.0008898374085298117,0.0011009505707881163,2,2324,0.0017460511729163518,0.9766560860391182,0.012125602956524513,0.001015069570597461,0.008457190260843503,2,0.0013466233272252707,0.0985307712383433,-0.10735886641769161,0.0001252321620676492,0.007356239690055387,0.14572600370830985,3,0.3848549574542199,0.13502149405369357,-0.2498334634005263
tm567497,filipe relvas_1999,2223,0.998659705740282,2.196732158163835e-05,8.383670275103538e-05,0.0010185619550943479,0.00021592828029078152,1,2324,0.9477064391507216,0.0019391217897993577,0.006268205232337135,0.035052649764673975,0.009033584062467914,1,-0.05095326658956034,0.0019171544682177193,0.0061843685295861,0.03403408780957963,0.008817655782177133,0.06161555326816213,1,0.011201761148592304,0.2547839939431533,0.243582232794561
tm567587,habib sylla_1999,2223,0.978579845428424,0.00020220513536392008,0.0018793280090293582,0.01760097916098576,0.0017376422661967547,1,2324,0.7257079396976351,0.0022148513810855285,0.012110375258854725,0.2442364839129795,0.015730349749445167,1,-0.2528719057307889,0.0020126462457216083,0.010231047249825367,0.22663550475199373,0.013992707483248412,0.33973015437969367,1,0.11685289155330439,0.7092526185512587,0.5923997269979543
tm57723,ivan marcano_1987,2223,0.9655806486759672,0.002538831406038096,0.009449911164117468,0.015397751792555562,0.00703285696132184,1,2324,0.24698916548185898,0.3103355604398784,0.07745180115450045,0.09843211595266156,0.26679135697110057,2,-0.7185914831941081,0.3077967290338403,0.06800188999038298,0.083034364160106,0.25975850000977874,0.7890700278155144,1,0.19217144984284745,1.4873578793614763,1.2951864295186288
tm581121,tiago esgaio_1995,2223,0.9908558446588925,7.140703314068878e-05,0.00034450042166589775,0.008209662485234803,0.0005185854010662514,1,2324,0.9515031432871913,0.0013632315275675705,0.005282492010475756,0.037000315056582286,0.004850818118183152,1,-0.039352701371701215,0.0012918244944268816,0.004937991588809859,0.028790652571347483,0.004332232717116901,0.049026414841286226,1,0.05588002594655809,0.23182566768895385,0.17594564174239577
tm58267,andre castro_1988,2223,0.0500552676061673,0.00823236368630223,0.029659002982052967,0.8878777368397951,0.024175628885682452,4,2324,0.03222283020444154,0.0157686668169606,0.24215384018414868,0.6771674691216788,0.032687193672770454,4,-0.017832437401725756,0.007536303130658371,0.21249483720209572,-0.2107102677181163,0.008511564787088002,0.29987941651261935,3,0.48932879390358536,0.8953420911152521,0.40601329721166673
tm585264,pedrao_1997,2223,0.9982323334058507,3.719577041206125e-05,0.00017524106578764893,0.0014227313440085777,0.0001324984139409822,1,2324,0.9595048416401553,0.0012116835335066892,0.003403827794609055,0.03229352702398975,0.0035861200077392853,1,-0.038727491765695454,0.001174487763094628,0.0032285867288214063,0.03087079567998117,0.003453621593798303,0.04964501826113406,1,0.014170521545539475,0.198197134454267,0.18402661290872754
tm588114,rodrigo martins_1998,2223,0.00036658550951503336,0.026603937406721012,0.9684699477627202,0.0018337746211366146,0.002725754699907087,3,2324,0.04219342124538885,0.022470920390208378,0.4164733592543894,0.4579204145808743,0.0609418845291391,4,0.04182683573587382,-0.004133017016512634,-0.5519965885083309,0.4560866399597377,0.058216129829232015,0.7172738827616223,3,0.15806314395536422,1.1118232621762023,0.9537601182208381
tm58965,ruben lima_1989,2223,0.8518269652172562,0.0022417490383673778,0.016722440444208248,0.09835834074732824,0.030850504552840028,1,2324,0.786136461516619,0.0008653142731704285,0.01980344825840221,0.1887494310029909,0.004445344948817408,1,-0.06569050370063723,-0.0013764347651969494,0.0030810078141939624,0.09039109025566266,-0.02640515960402262,0.11179078072839796,4,0.5541196239717507,0.6117177311527102,0.05759810718095948
tm59084,fernando varela_1987,2223,0.9995940765148621,9.281851822915828e-06,4.2336075624468184e-05,0.00030336431755971526,5.0941240130913166e-05,1,2324,0.9987835419995936,2.782036889048737e-05,7.004544891701075e-05,0.0009331334140887744,0.00018545876851019813,1,-0.0008105345152684684,1.853851706757154e-05,2.770937329254257e-05,0.0006297690965290591,0.00013451752837928497,0.00102697945518294,1,0.0039006845311972383,0.01028165092297838,0.006380966391781141
tm594069,yuki soma_1997,2223,0.006164831623749183,0.2898187585113438,0.6323402453755441,0.04044110068405078,0.031235063805311974,3,2324,0.00641251041828625,0.2483923313587216,0.6869439903556163,0.04594370569714744,0.012307462170228602,3,0.00024767879453706666,-0.04142642715262221,0.054603744980072144,0.005502605013096656,-0.01892760163508337,0.06876087433414214,3,0.9181303727059225,0.8319214107860043,-0.08620896191991811
tm595012,ibrahima camara_1999,2223,0.0021894138830719774,0.0001227099929246501,0.0012366793164915145,0.9961888646521949,0.00026233215531722837,4,2324,0.8559608805645074,0.0008282603777771215,0.0025909527077115956,0.13734580674272778,0.0032740996072759946,1,0.8537714666814354,0.0007055503848524714,0.001354273391220081,-0.8588430579094671,0.0030117674519587662,1.2110076165311336,4,0.02876032290823042,0.445836299498925,0.41707597659069456
tm596067,felippe cardoso_1998,2223,0.00383723939335815,0.6484307252285338,0.24507836556572307,0.004378950826838768,0.09827471898554617,2,2324,0.0029458329995039442,0.9299611630503363,0.025940173560040487,0.0048738904748376315,0.03627893991528166,2,-0.0008914063938542057,0.2815304378218024,-0.21913819200568257,0.0004949396479988636,-0.06199577907026451,0.3567659935956191,2,0.8986485136119617,0.32569341775740634,-0.5729550958545554
tm596884,adrian butzke_1999,2223,0.00010963427008818485,0.9901793014493132,0.008984522648633923,0.0002348804838579754,0.000491661148106799,2,2324,0.15198497652703818,0.2351921539003251,0.3276263505980455,0.15073532552387714,0.1344611934507141,3,0.15187534225695,-0.7549871475489881,0.3186418279494116,0.15050044504001917,0.1339695323026073,0.8469089154247992,2,0.058817436022889955,1.5473533206827499,1.48853588465986
tm607093,savio_1995,2223,0.6037432951858339,0.004335672051445248,0.013118252362846475,0.3084032471858304,0.07039953321404406,1,2324,0.5811417056852429,0.006124225718621269,0.051780712485402,0.23799498724390977,0.12295836886682403,1,-0.02260158950059099,0.001788553667176021,0.03866246012255553,-0.07040825994192063,0.05255883565277997,0.08346340313545125,4,0.9346929605154638,1.09928872068754,0.1645957601720761
tm610238,pedro ortiz_2000,2223,0.5604876119564197,0.004224770051159626,0.013842888932771323,0.3852972929374251,0.03614743612222428,1,2324,0.05792152482658704,0.00047799471137519473,0.0031793435101646083,0.9343609255358161,0.004060211416057115,4,-0.5025660871298326,-0.0037467753397844314,-0.010663545422606715,0.549063632598391,-0.032087224706167164,0.744426822529628,4,0.8943248737519649,0.2727321777811315,-0.6215926959708333
tm610335,ivan jaime pajuelo_2000,2223,0.00407387938676716,0.29272056261157925,0.6284722858909357,0.028210209106171415,0.046523063004546394,3,2324,0.03302608868179554,0.06493994786117667,0.5289249501220432,0.1704139139552922,0.20269509937969238,3,0.02895220929502838,-0.22778061475040257,-0.09954733576889252,0.1422037048491208,0.15617203637514598,0.2878433681894285,2,0.9173193661267669,1.2521394721331656,0.33482010600639867
tm617679,ze carlos_1998,2223,0.7476536445297448,0.004087100074727989,0.01773105095653656,0.16660716525031705,0.06392103918867365,1,2324,0.8234947497243674,0.004141221789051057,0.035094284067274634,0.12437321649296497,0.012896527926341852,1,0.07584110519462262,5.412171432306757e-05,0.017363233110738074,-0.04223394875735208,-0.05102451126233179,0.08852719614897021,1,0.7857764508907882,0.615561167963953,-0.1702152829268352
tm631472,bruno langa_1997,2223,0.9758342506352192,0.00015638415755262416,0.002327379937623194,0.019876180069032585,0.0018058052005723588,1,2324,0.09776719095621705,0.000791789580101301,0.03101263521748906,0.8647103056529007,0.0057180785932920185,4,-0.8780670596790021,0.0006354054225486768,0.028685255279865866,0.8448341255838682,0.00391227339271966,1.2188394925727135,1,0.12863906159640348,0.495921158071099,0.3672820964746955
tm635807,marlon_1997,2223,0.060645838684230624,0.02685591517931927,0.40403179337046674,0.2563524407496231,0.2521140120163603,3,2324,0.04322594197852324,0.0060735985391229905,0.0379548560102044,0.9078811461759912,0.004864457296158259,4,-0.017419896705707386,-0.02078231664019628,-0.36607693736026237,0.6515287054263681,-0.24724955472020205,0.7478217271166969,4,1.3296047460647427,0.4045950483308438,-0.9250096977338989
tm63837,andre andre_1989,2223,0.13243376768111592,0.00803685129852959,0.06983740708952864,0.7545908588992026,0.03510111503162323,4,2324,0.10085287359240597,0.019051278805354333,0.03669552791940142,0.2175128512732067,0.6258874684096316,5,-0.031580894088709954,0.011014427506824744,-0.03314187917012722,-0.537078007625996,0.5907863533780083,0.5391380536700986,4,0.8224328075199983,1.0531996827806873,0.23076687526068906
tm641153,ne lopes_2000,2223,0.9804416546369238,0.0005644819569506844,0.0015336672088875638,0.012812013086858304,0.004648183110379676,1,2324,0.9938428476123176,7.546772041318336e-05,0.00033150066857902253,0.005147721008272507,0.0006024629904178763,1,0.013401192975393772,-0.000489014236537501,-0.0012021665403085411,-0.007664292078585797,-0.0040457201199618,0.015492504172785951,1,0.11431962419663007,0.04110175687974665,-0.07321786731688343
tm642721,matias lacava_2002,2223,0.003714456750274126,0.04311366490600944,0.8908863696479775,0.037109112169053916,0.025176396526685088,3,2324,0.024563980147947872,0.02631001868731374,0.6458429970532512,0.27187627602281517,0.03140672808867207,3,0.020849523397673746,-0.016803646218695695,-0.2450433725947263,0.23476716385376126,0.006230331561986983,0.3404099599434333,3,0.47419072436522264,0.9319024897877638,0.45771176542254116
tm64339,pizzi_1989,2223,0.02273773451928248,0.03972880743076499,0.23515457652207974,0.65463161329764,0.04774726823023273,4,2324,0.014982432803425729,0.053622665155839966,0.8179937511317201,0.0875459885843947,0.025855162324619336,3,-0.0077553017158567515,0.013893857725074975,0.5828391746096404,-0.5670856247132453,-0.021892105905613395,0.8133515803164381,3,0.9771702005255108,0.6918962603150589,-0.28527394021045194
tm645588,tomas handel_2000,2223,0.07115901443663535,0.0074722953063818725,0.04145706255789399,0.852917326996073,0.026994300703015665,4,2324,3.5079923402107816e-40,1.5154125533728616e-41,4.282993873982731e-40,1.0,2.3415830182175696e-41,4,-0.07115901443663535,-0.0074722953063818725,-0.04145706255789399,0.14708267300392697,-0.026994300703015665,0.1687348252929676,4,0.5898119029945468,1.1052408446371418e-10,-0.5898119028840227
tm646677,riccieli_1998,2223,0.9997815869026319,3.381455441433307e-06,1.501260478691574e-05,0.00017322872523819715,2.6790311901537336e-05,1,2324,0.9992847495412103,2.6743639097400775e-05,5.161548248109771e-05,0.0005932354499671435,4.365588724400657e-05,1,-0.0004968373614215871,2.336218365596747e-05,3.660287769418197e-05,0.00042000672472894635,1.6865575342469236e-05,0.0006520265138800507,1,0.002210075914539653,0.006352076519413441,0.004142000604873788
tm650568,antonio silva_2003,2223,0.9965959673354643,0.00011287773200734228,0.0005453061626096047,0.00231867133077925,0.00042717743913957084,1,2324,0.989803210130859,0.0001957054115991443,0.0007101153626937185,0.008145334265479925,0.0011456348293682633,1,-0.00679275720460526,8.282767959180201e-05,0.0001648092000841138,0.005826662934700675,0.0007184573902286925,0.0089512889514455,1,0.025902720888218534,0.06390371797285757,0.03800099708463904
tm655899,serdar saatci_2003,2223,0.9729281623676873,0.00040706458776145507,0.0013829537636509631,0.010821579197590208,0.014460240083310132,1,2324,0.9973163235298652,6.72210811518378e-05,0.0002899367970956197,0.0019801367239453372,0.00034638186794187645,1,0.0243881611621779,-0.00033984350660961726,-0.0010930169665553434,-0.008841442473644871,-0.014113858215368256,0.02596658794653808,1,0.14922397806632737,0.02077317919693282,-0.12845079886939453
tm657387,fabiano souza_2000,2223,0.8190472255586352,0.0014492975083827137,0.008209053816121888,0.12527314451170973,0.04602127860515061,1,2324,0.7261844245397966,0.0039493187612104595,0.0381251843478235,0.2217912565715419,0.00994981577962746,1,-0.09286280101883859,0.0025000212528277456,0.029916130531701612,0.09651811205983216,-0.03607146282552315,0.13726059427568105,4,0.6142988380314871,0.7586428220839541,0.14434398405246696
tm658737,mor ndiaye_2000,2223,0.026534583589037472,9.021930192328693e-05,0.0009185445357644221,0.9719404998866156,0.0005161526866590483,4,2324,0.2351175823986186,0.005637303215171194,0.03778968723146369,0.6942415726613246,0.02721385449342191,4,0.20858299880958114,0.005547083913247907,0.03687114269569927,-0.277698927225291,0.026697701806762862,0.3493047564492966,4,0.13513440737772683,0.8447856600207204,0.7096512526429936
tm663244,jota silva_1999,2223,0.007535150091553972,0.04573012914339976,0.768346911022709,0.1361046093139859,0.042283200428351514,3,2324,0.0019098473328245985,0.860623238613267,0.0906974219683865,0.004654232857582369,0.04211525922793954,2,-0.005625302758729373,0.8148931094698671,-0.6776494890543225,-0.13145037645640353,-0.00016794120041197652,1.067974931999207,2,0.7855755436864289,0.517216294446934,-0.26835924923949495
tm666539,beni_2002,2223,0.17625614473097437,0.0008727704224734125,0.002785092678570493,0.8101548253052451,0.009931166862736561,4,2324,0.06896270619125025,0.0018081632793772477,0.02438042078758343,0.8946746047799031,0.010174104961885982,4,-0.10729343853972412,0.0009353928569038352,0.021595328109012935,0.08451977947465805,0.00024293809914942115,0.13828488070665954,1,0.5448472114766717,0.43263782204050183,-0.11220938943616987
tm667121,rodrigo gomes_2003,2223,0.014526158757352796,0.006837113718783898,0.8721103704958355,0.08480148777854081,0.02172486924948698,3,2324,0.015248093458539407,0.06766541082493463,0.8451541607661804,0.06016025760251013,0.01177207734783551,3,0.000721934701186611,0.06082829710615073,-0.026956209729655067,-0.024641230176030683,-0.009952791901651471,0.07095372003020137,2,0.507330259607458,0.6095949545674111,0.10226469495995305
tm669956,leonardo lelo_2000,2223,0.06989342166044642,0.001229255227434352,0.007382336245491878,0.9107813904664165,0.010713596400210846,4,2324,0.6235536076718945,0.0006052417769455145,0.015723010198780082,0.35634191634507856,0.003776224007301436,1,0.5536601860114481,-0.0006240134504888375,0.008340673953288203,-0.5544394741213379,-0.0069373723929094105,0.7835896172569915,4,0.36416051046463754,0.7530580586360727,0.3888975481714351
tm670681,joao neves_2004,2223,0.10591949159499349,0.048934614234679014,0.2609140804488213,0.36424439079865484,0.2199874229228514,4,2324,0.025264305154552347,0.005617241513540989,0.09984231082864514,0.8534144519460989,0.015861690557162578,4,-0.08065518644044115,-0.043317372721138024,-0.16107176962017616,0.48917006114744405,-0.20412573236568882,0.5230804121459468,4,1.436964118031053,0.5530954704630441,-0.883868647568009
tm670717,dario essugo_2005,2223,0.48720328358543824,0.005841683973873798,0.01278640864658441,0.29126628401768256,0.20290233977642108,1,2324,0.12491953229033935,0.0016381386509519776,0.012077496148215532,0.8312642009584857,0.03010063195200751,4,-0.3622837512950989,-0.004203545322921821,-0.0007089124983688782,0.5399979169408031,-0.17280170782441356,0.6502810462431362,4,1.1190355250347217,0.5827625910529086,-0.5362729339818131
tm671649,alvaro djalo_1999,2223,0.008596016554523769,0.28355957948274446,0.11996652275262792,0.05454490970662883,0.533332971503475,5,2324,0.008311839367511507,0.21103532230342242,0.5280744742224466,0.04965117316937219,0.20292719093724743,3,-0.0002841771870122616,-0.07252425717932204,0.40810795146981865,-0.004893736537256638,-0.3304057805662276,0.4145309365370382,3,1.1465747450822745,1.1780527278628727,0.03147798278059821
tm673492,morato_2001,2223,0.8463213084612787,0.009171988211520266,0.03164278222526635,0.06608139133881942,0.04678252976311501,1,2324,0.9941652573374162,0.0001278193823498396,0.0006267651780160016,0.004274500670612069,0.0008056574316059747,1,0.1478439488761375,-0.009044168829170427,-0.031016017047250346,-0.061806890668207354,-0.04597687233150904,0.1634677804848636,1,0.6163095618412522,0.04064309056101405,-0.5756664712802382
tm685807,luis santos_2000,2223,0.1378725739731466,0.33657864383790487,0.18189350823597342,0.2168771272784551,0.12677814667452006,2,2324,0.3083521392171388,0.010277884227978706,0.32235081123357634,0.3055989344140723,0.05342023090723373,3,0.1704795652439922,-0.32630075960992616,0.14045730299760292,0.08872180713561723,-0.07335791576728633,0.4039000877872713,2,1.5430171516017737,1.2935481132646742,-0.24946903833709944
tm690273,bernardo vital_2000,2223,0.9957434650191518,9.787210734312583e-05,0.000373080345891376,0.003249636723559061,0.0005359458040546795,1,2324,0.997985277646756,4.014270262256926e-05,0.00011143465381942685,0.0017672677798961183,9.587721690560554e-05,1,0.002241812627604256,-5.772940472055657e-05,-0.00026164569207194914,-0.0014823689436629427,-0.000440068587149074,0.0027009133075260833,1,0.030750315844779833,0.015521953180831934,-0.015228362663947899
tm701325,bruno onyemaechi_1999,2223,0.22127120826782817,0.00016019713515394419,0.001696378750967125,0.7749336203708003,0.0019385954752505125,4,2324,0.509211627767475,0.0022459382845635427,0.07042897167894964,0.4068350830005354,0.011278379268476472,1,0.28794041949964677,0.0020857411494095987,0.06873259292798252,-0.3680985373702649,0.00933978379322596,0.47237139841707915,4,0.55567863265173,0.9606865598741785,0.4050079272224485
tm701979,geny catamo_2001,2223,0.01199214069671227,0.18323891963026892,0.6258768308644765,0.058149556739243685,0.12074255206929872,3,2324,0.0193230871666087,0.03618724170208517,0.6752912715328188,0.25582699495441147,0.013371404644075833,3,0.007330946469896429,-0.14705167792818374,0.04941444066834222,0.19767743821516778,-0.10737114742522288,0.25138833561546836,4,1.0779655230412057,0.8679416928427611,-0.21002383019844462
tm70359,david simao_1990,2223,0.0036234504775658426,8.422270068390107e-05,0.00040213645537310233,0.9955407559587799,0.0003494344075972768,4,2324,0.03414257652121851,0.000990971651758371,0.059332288052796445,0.8980509722989334,0.007483191475293211,4,0.030519126043652665,0.0009067489510744699,0.05893015159742334,-0.09748978365984651,0.007133757067695934,0.11793752555258909,4,0.03152985863824288,0.42294807834613524,0.39141821970789237
tm711337,evanilson_1999,2223,0.003672142835520699,0.47352607153849263,0.4519048076796815,0.007899914295963472,0.06299706365034172,2,2324,0.001098702176099703,0.9590702109708408,0.017519256363239488,0.0014068669468070031,0.020904963543013043,2,-0.002573440659420996,0.48554413943234814,-0.434385551316442,-0.0064930473491564685,-0.042092100107328674,0.6515310436121173,2,0.9459225123590487,0.20851608044683428,-0.7374064319122144
tm71830,bruno wilson_1996,2223,0.9943036451771148,0.0002315470436295746,0.0005093840894670477,0.0037915722849330325,0.0011638514048556475,1,2324,0.9938483437313782,0.00016993325219627446,0.0002802126079302401,0.0053435793822126385,0.0003579310262825719,1,-0.0004553014457365778,-6.161379143330013e-05,-0.00022917148153680757,0.001552007097279606,-0.0008059203785730756,0.0016347297219236727,4,0.040481546924467024,0.04069696329800751,0.00021541637354048626
tm729140,miguel maga_2002,2223,0.43839166988232947,0.0004465362597291016,0.0023238574815699483,0.5494035114620681,0.009434424914303383,4,2324,0.20966735032617706,0.002931972205804132,0.030866435865988456,0.7312334970523383,0.025300744549692132,4,-0.2287243195561524,0.0024854359460750306,0.028542578384418506,0.1818299855902702,0.01586631963538875,0.2935946426433144,1,0.7521004101297214,0.7739262264677605,0.02182581633803915
tm733579,clayton_1999,2223,0.0028996968219831875,0.6979447994425028,0.13462518665194653,0.003261050362045784,0.16126926672152178,2,2324,0.0035174878354892448,0.8663679112070012,0.026104069729265978,0.005587694187280803,0.09842283704096283,2,0.0006177910135060573,0.16842311176449842,-0.10852111692268056,0.0023266438252350185,-0.06284642968055895,0.20037208471193962,2,0.8508301636683634,0.4964932273148841,-0.3543369363534793
tm739438,matheus pereira_2000,2223,0.36061522466907525,0.049752786482107444,0.06480034563725008,0.20348908068579205,0.32134256252577514,1,2324,0.08113441038281517,0.009705803181702798,0.19422549267899475,0.6966303789364003,0.018303914820086697,4,-0.2794808142862601,-0.04004698330040465,0.12942514704174468,0.49314129825060826,-0.30303864770568845,0.5827971303572509,4,1.3832094719895425,0.892111471368248,-0.4910980006212945
tm742095,gabriel pereira_2000,2223,0.9962767140748926,0.00011650574269814956,0.000268172190508551,0.002617732878813263,0.0007208751130876078,1,2324,0.9770101143483048,0.0010907913428829267,0.00294752040816445,0.01774221139056905,0.0012093625100787365,1,-0.01926659972658784,0.0009742856001847772,0.002679348217655899,0.015124478511755787,0.0004884873969911287,0.02465927522412815,1,0.027756175856921052,0.12699557089839905,0.099239395041478
tm800177,rildo_2000,2223,0.002664000446204791,0.5025246012136737,0.4477390248011564,0.01322489736086954,0.03384747617809563,2,2324,0.05737877567186235,0.23236854240682117,0.38720728647624014,0.09207881511748597,0.2309665803275904,3,0.05471477522565756,-0.27015605880685256,-0.06053173832491626,0.07885391775661643,0.19711910414949477,0.2930188294773037,2,0.8931730782742244,1.4285948845881722,0.5354218063139478
tm818252,pedro malheiro_2001,2223,0.4899949983240164,0.0006435113819810706,0.002422681828490427,0.49866649363068843,0.008272314834823708,4,2324,0.10137431669077052,0.0018740302000470734,0.03076387265472731,0.8609023495789523,0.005085430875502772,4,-0.38862068163324587,0.0012305188180660028,0.028341190826236883,0.36223585594826385,-0.003186883959320936,0.5320202879605916,1,0.7555087242285794,0.5067083648146331,-0.2488003594139463
tm818495,otavio ataide_2002,2223,0.9991604158036154,6.322300210494825e-06,2.7345484412123535e-05,0.0007469695463815302,5.894686538037888e-05,1,2324,0.9897817427710575,0.00016881376570770397,0.0009860036645164877,0.008726278172087789,0.0003371616266304341,1,-0.009378673032557905,0.00016249146549720915,0.0009586581801043642,0.007979308625706259,0.0002782147612500552,0.01235209710852937,1,0.007154109491054036,0.06252778653629934,0.055373677045245304
tm891971,joao marques_2002,2223,0.06361632908683051,0.03428777458367823,0.41169010651772736,0.31636109197233464,0.17404469783942922,3,2324,0.007507834383699755,0.30821097934402225,0.6119627311217375,0.056446928451208134,0.015871526699332332,3,-0.05610849470313076,0.27392320476034404,0.20027262460401013,-0.2599141635211265,-0.15817317114009688,0.4310992714546085,2,1.324673797506475,0.92802071430232,-0.39665308320415504
tm908936,ze carlos_2001,2223,0.1958979930472845,0.0026694501745602416,0.01697807355938025,0.721284059258248,0.06317042396052688,4,2324,0.03299528029343758,0.0006222974639440469,0.015250770483456,0.9428693591248126,0.008262292634349747,4,-0.16290271275384693,-0.002047152710616195,-0.0017273030759242507,0.2215852998665646,-0.05490813132617714,0.27503547652921867,4,0.8144950824003175,0.2760426174411459,-0.5384524649591717
tm924885,martim tavares_2003,2223,0.023414781932796093,0.10483229358900796,0.3034808740495067,0.022170733058421002,0.5461013173702682,5,2324,0.0041600106646138,0.8930741631999672,0.07552081212366944,0.009160181866811659,0.01808483214493772,2,-0.019254771268182293,0.7882418696109593,-0.22796006192583723,-0.013010551191609343,-0.5280164852253305,0.8208721310288903,2,1.1010402959636405,0.4344528987130714,-0.6665873972505691
tm974982,ousmane diomande_2003,2223,0.9931658086088271,0.00010574067247367054,0.0004940624991322763,0.005771749843319181,0.0004626383762478518,1,2324,0.9984515740880388,3.4557062092773585e-05,0.0001132339661384977,0.0013406345459022805,6.000033782773032e-05,1,0.005285765479211668,-7.118361038089695e-05,-0.0003808285329937786,-0.0044311152974169,-0.0004026380384201215,0.006908270185665647,1,0.044844512405688215,0.012382128227869268,-0.03246238417781895
tm982575,gustavo sa_2004,2223,0.10453973460718735,0.026692165658457806,0.16219287035485158,0.46273689054686457,0.24383833883263856,4,2324,0.03005349562976528,0.020033759835795566,0.26591620072612066,0.6414094920810866,0.04258705172723197,4,-0.07448623897742207,-0.00665840582266224,0.10372333037126907,0.178672601534222,-0.20125128710540657,0.2197156388776529,4,1.3285105073801402,0.9551504277250917,-0.37336007965504847
andre inacio_2002,andre inacio_2002,2324,0.014731275238218652,0.43193599362665924,0.4353029159782122,0.0384908058221015,0.07953900933480838,3,2425,0.0013593786395821987,0.9155287983834486,0.07222107032595713,0.0039414008598507915,0.006949351791161486,2,-0.013371896598636452,0.48359280475678934,-0.36308184565225504,-0.03454940496225071,-0.0725896575436469,0.6058571584595468,2,1.1135122684544283,0.33592266761458783,-0.7775896008398404
bachir belloumi_2002,bachir belloumi_2002,2324,0.004713061949582898,0.37535080612837696,0.5941418421414784,0.018653160396306375,0.007141129384255438,3,2425,0.050776354663044254,0.1656958384219782,0.11431283340122576,0.2892302396880473,0.3799847338257046,5,0.04606329271346136,-0.20965496770639877,-0.4798290087402526,0.2705770792917409,0.37284360444144915,0.5912062803170138,3,0.8119489287686705,1.4235905071329071,0.6116415783642366
carlos ponck_1995,carlos ponck_1995,2324,0.9989952778922726,1.7217682637173643e-05,7.229362733382884e-05,0.0008064999719629802,0.00010871082579358145,1,2425,0.8109802674451636,0.0019677773759639874,0.00337740123433733,0.17290489174591783,0.010769662198617214,1,-0.188015010447109,0.0019505596933268136,0.003305107607003501,0.17209839177395486,0.010660951372823633,0.2549161215459298,1,0.00861911873217405,0.5536382824217557,0.5450191636895817
danny loader_2000,danny loader_2000,2324,0.00931288634139003,0.32259618785681227,0.048697391424499754,0.018186185338402022,0.6012073490388958,5,2425,0.001165589894425574,0.9519646776442987,0.034560660829375714,0.004439411235505876,0.007869660396394132,2,-0.008147296446964457,0.6293684897874865,-0.01413673059512404,-0.013746774102896146,-0.5933376886425017,0.6297300178067832,2,0.9344679698725784,0.23320947390448632,-0.7012584959680921
fabio conceicao_2001,fabio conceicao_2001,2324,0.09875058777889671,0.009712110889456591,0.14771366541279843,0.7368021768877646,0.0070214590310836225,4,2425,0.04885160461212611,0.27738900879003686,0.36254389073415105,0.2771756026917843,0.03403989317190165,3,-0.049898983166770605,0.26767689790058025,0.21483022532135262,-0.4596265741959803,0.027018434140818025,0.5758033028817319,4,0.8159958934912173,1.3417349929641518,0.5257390994729345
larra_1997,larra_1997,2324,0.23669640784811233,0.0014136035619882418,0.028611987138854465,0.7264540213272955,0.006823980123749442,4,2425,0.019777278441362206,0.20824970920405123,0.6604105544845813,0.10399193893894014,0.007570518931065149,3,-0.21691912940675012,0.20683610564206298,0.6317985673457268,-0.6224620823883554,0.0007465388073157071,0.9361963239679579,3,0.7182281295842499,0.9506884561073271,0.23246032652307724
luismi_2001,luismi_2001,2324,0.14723717846914863,0.06867848815779116,0.40647997253855855,0.35358817377653534,0.0240161870579663,3,2425,0.022360576293250348,0.3534920749632521,0.11536046903910473,0.02686462787153698,0.4819222518328558,5,-0.12487660217589829,0.2848135868054609,-0.2911195034994538,-0.32672354590499836,0.4579060647748895,0.536853598075391,4,1.2890835824620648,1.1506758640162924,-0.13840771844577238
manuel manu_2001,manuel manu_2001,2324,0.9495135334484223,0.0008873918132303729,0.0038379056177605918,0.042853587247946724,0.002907581872640113,1,2425,0.09634333206806209,0.05840085709818565,0.2000979193973755,0.5025232446987766,0.14263464673760007,4,-0.8531702013803601,0.057513465284955274,0.1962600137796149,0.4596696574508299,0.13972706486495995,0.9904652332122647,1,0.2287444088615363,1.3368276729003836,1.1080832640388474
tidjany chabrol_2002,tidjany chabrol_2002,2324,0.01281102488018609,0.551843808834073,0.3363415133434717,0.047937018134582815,0.05106663480768645,2,2425,0.010693392481250084,0.7335435130321224,0.15839902586844684,0.040845752777627274,0.0565183158405534,2,-0.0021176323989360053,0.18169970419804937,-0.17794248747502484,-0.007091265356955541,0.005451681032866945,0.25442696744998905,2,1.0479066795502345,0.8607126430913757,-0.1871940364588588
tm1070645,fabricio garcia_2001,2324,0.01508694284544367,0.3398763138754158,0.06366731423764684,0.03834800568508254,0.5430214233564112,5,2425,0.04337049029269229,0.12973832250724127,0.05980329945614977,0.6974097726217314,0.06967811512218516,4,0.02828354744724862,-0.21013799136817451,-0.0038640147814970674,0.6590617669366489,-0.4733433082342261,0.6923404348442614,4,1.0620314439837961,1.006446812825049,-0.05558463115874712
tm1072017,wagner pina_2002,2324,0.028738499148818167,0.0023822864777663785,0.02526840489292156,0.9334518784715207,0.010158931008973289,4,2425,0.06187474060066162,0.07878412261810483,0.038070242046614314,0.8094866238321226,0.011784270902496835,4,0.033136241451843455,0.07640183614033845,0.012801837153692753,-0.12396525463939811,0.0016253398935235468,0.1498883666449484,4,0.3202447425552934,0.720217952277324,0.3999732097220306
tm131740,nermin zolotic_1993,2324,0.9899636613706561,0.0001930163831318055,0.00071889854656339,0.008269841525118992,0.0008545821745297277,1,2425,0.9887664687074739,8.91931245288531e-05,0.00016941227269935178,0.010628569730241283,0.0003463561650567842,1,-0.0011971926631821894,-0.0001038232586029524,-0.0005494862738640382,0.0023587282051222916,-0.0005082260094729436,0.0027036241330126885,4,0.0625324433872664,0.06453116364844863,0.001998720261182224
tm134602,ze luis_1991,2324,0.0003769096134735918,0.9896061586427997,0.007634444269316432,0.0005905961129281767,0.0017918913614821922,2,2425,0.015437908606830378,0.8649602362316744,0.05320150746204891,0.015806787642508032,0.050593560056938255,2,0.015060998993356787,-0.12464592241112527,0.045567063192732474,0.015216191529579856,0.04880166869545606,0.13442964478519417,2,0.06625307424009241,0.562470733788015,0.49621765954792263
tm137313,jonathan buatu_1993,2324,0.5309649363281591,0.07942846362010349,0.0376163917102759,0.14308285705980453,0.20890735128165697,1,2425,0.9882249406753216,0.00035582138018164206,0.0007229033021056738,0.009988438835527132,0.0007078958068637397,1,0.4572600043471625,-0.07907264223992184,-0.03689348840817023,-0.1330944182242774,-0.20819945547479324,0.484163658255917,1,1.2660312308551556,0.07090380760222961,-1.1951274232529259
tm139336,paulo oliveira_1992,2324,0.9943688800506089,0.00012935822212519117,0.0005657889167964906,0.0034290188033042107,0.001506954007165374,1,2425,0.9921684200705423,0.00015416347193493842,0.00028564026924866393,0.007252749084328488,0.00013902710394577745,1,-0.0022004599800665714,2.4805249809747246e-05,-0.0002801486475478267,0.003823730281024277,-0.0013679269032195965,0.004420637505048064,4,0.040256950953102735,0.048449486061437556,0.008192535108334821
tm139341,josue sa_1992,2324,0.9994336763104436,9.333201370002821e-06,3.368799981280551e-05,0.0004571242421003207,6.617824627323564e-05,1,2425,0.920271037271608,0.005253819197825477,0.007436976816917011,0.06261730389133009,0.00442086282231922,1,-0.07916263903883558,0.005244485996455475,0.0074032888171042055,0.06216017964922977,0.0043546845760459845,0.10105901578926035,1,0.00517357430562712,0.33795160776506566,0.33277803345943857
tm139395,ricardo esgaio_1993,2324,0.11392247376374554,0.009928048946386468,0.2650375670079835,0.5679603386588651,0.04315157162301946,4,2425,0.9912715507992238,4.181045250140741e-05,8.467070979966277e-05,0.008444796129841588,0.000157171908633412,1,0.8773490770354783,-0.00988623849388506,-0.2649528962981838,-0.5595155425290235,-0.04299439971438605,1.0738234586164093,1,1.1021219586730386,0.051599453647092876,-1.0505225050259457
tm139396,bruma_1994,2324,0.030513529950815153,0.582153952458561,0.2616627501839776,0.060317514037322426,0.06535225336932371,2,2425,0.00881801668514615,0.33635163759349446,0.16424859539622635,0.01483106135335776,0.4757506889717754,5,-0.021695513265669004,-0.2458023148650666,-0.09741415478775126,-0.045486452683964666,0.4103984356024517,0.26916167672918945,2,1.1199057702260304,1.1207710582687453,0.0008652880427149068
tm154319,andre geraldes_1991,2324,0.9147999897912986,0.0007898720905897379,0.0019341955223605176,0.07867184228128442,0.0038041003144665803,1,2425,0.4261091729186494,0.010107465548142468,0.030510695894930134,0.5302645100549526,0.0030081555833255604,4,-0.4886908168726492,0.00931759345755273,0.028576500372569615,0.45159266777366813,-0.0007959447311410199,0.6660766367348276,1,0.32040633049150613,0.8702631001433794,0.5498567696518732
tm155395,salvador agra_1991,2324,0.07081854580505954,0.044147361641382735,0.40348288246951636,0.45006692179544494,0.03148428828859611,4,2425,0.05730064001729045,0.5484730587508355,0.20013297887896078,0.16277294747138718,0.03132037488152606,2,-0.013517905787769097,0.5043256971094527,-0.20334990359055558,-0.2872939743240578,-0.00016391340707005292,0.6151553897309388,2,1.1596568516184314,1.219214371890036,0.05955752027160455
tm159142,aderlan santos_1989,2324,0.979649067379396,0.00046206556692452496,0.0017398778827158918,0.015935179728580426,0.0022138094423830306,1,2425,0.9985187932193217,8.771924825963821e-06,1.7379756351828513e-05,0.0014224578232235109,3.259727627684693e-05,1,0.018869725839925633,-0.00045329364209856113,-0.0017224981263640634,-0.014512721905356915,-0.0021812121661061836,0.023871701349034137,1,0.11423850422359236,0.011434242452704241,-0.10280426177088811
tm174694,rony lopes_1995,2324,0.013900707376215331,0.13650411216891506,0.19125140373356603,0.04025672779874642,0.6180870489225572,5,2425,0.01235941602612336,0.6031449260909629,0.297666638474359,0.03671724066803061,0.05011177874052408,2,-0.0015412913500919712,0.46664081392204787,0.10641523474079295,-0.003539487130715814,-0.5679752701820331,0.47863634938327004,2,1.074334474436673,0.9912966273916075,-0.08303784704506545
tm182108,sebastian perez_1993,2324,0.05248892056143211,0.0005895790099129573,0.006039396955668857,0.9359278574888537,0.004954245984132252,4,2425,0.20598482807766025,0.01757876003033241,0.04704649973780884,0.7035504526268024,0.025839459527396226,4,0.15349590751622813,0.016989181020419453,0.04100710278213998,-0.23237740486205127,0.020885213543263975,0.2820114654849723,4,0.27820399654840516,0.8821310371310553,0.6039270405826502
tm182710,joao teixeira_1994,2324,0.0026031482728288403,0.00777584371812117,0.9323638854672087,0.051597540826912,0.005659581714929047,3,2425,0.0426411719881161,0.049775671105851675,0.10597576159237726,0.6584096123730027,0.14319778294065244,4,0.04003802371528726,0.041999827387730504,-0.8263881238748314,0.6068120715460906,0.13753820122572338,1.0268910605799657,3,0.3007866214370202,1.0752126939729465,0.7744260725359263
tm182936,filipe ferreira_1990,2324,0.9951656085513354,4.266381314817972e-05,0.000331627491174908,0.0041353009115774894,0.0003247992327640415,1,2425,0.9823741505576353,0.0002170890443942805,0.00038461601065631356,0.016706531311906397,0.00031761307540771096,1,-0.012791457993700073,0.00017442523124610077,5.298851948140555e-05,0.012571230400328908,-7.186157356330557e-06,0.017935731468976653,1,0.0332130345418272,0.09324577516198555,0.060032740620158356
tm190185,marcelo ferreira_1989,2324,0.9987533723316524,2.8422953482634224e-05,7.602729106230208e-05,0.0010640519692115254,7.812545459110504e-05,1,2425,0.9941736027045512,9.186425662182747e-05,0.00021652238999831486,0.005385324500282333,0.00013268614854622192,1,-0.00457976962710116,6.344130313919324e-05,0.0001404950989360128,0.004321272531070808,5.456069395511689e-05,0.006298527589593813,1,0.010287462702171743,0.037808175962009534,0.027520713259837792
tm207561,maxime dominguez_1996,2324,0.0016075340643399673,0.006203848972737471,0.9264485078815792,0.06277844808233149,0.0029616609990121175,3,2425,0.06640979268419092,0.15929123166836018,0.09140703652726888,0.3895814362049369,0.2933105029152431,4,0.06480225861985095,0.15308738269562272,-0.8350414713543103,0.32680298812260544,0.29034884191623095,0.9119920676136747,3,0.3036732126268499,1.4184077487976319,1.1147345361707819
tm223367,fredrik aursnes_1995,2324,0.5890000501388398,0.004091236919390101,0.04085093230994568,0.354902060930584,0.011155719701240378,1,2425,0.014017112763474917,0.10676598687081958,0.8265387116973878,0.04101580879332862,0.011662379874988962,3,-0.5749829373753649,0.10267474995142947,0.7856877793874422,-0.3138862521372554,0.000506660173748584,1.0280940368030222,3,0.8827080295842292,0.6390382147096753,-0.24366981487455397
tm225151,rafael barbosa_1996,2324,0.0029623150823806575,0.022883492699686703,0.956231822956337,0.012288070045992387,0.005634299215603321,3,2425,0.03642490993896897,0.20884113347455469,0.5671359861250903,0.13480502527492172,0.0527929451864642,3,0.03346259485658831,0.18595764077486798,-0.3890958368312467,0.12251695522892933,0.04715864597086088,0.44956196900434836,3,0.22971688851775213,1.1948186434905455,0.9651017549727934
tm230457,bruno gaspar_1993,2324,0.0037316756826736067,0.0004598177675426125,0.020509346433657635,0.974801513348471,0.0004976467676553019,4,2425,0.49192309241535087,0.0037534561233854894,0.0035751743794248947,0.4972332234854097,0.003515053596428947,4,0.48819141673267724,0.003293638355842877,-0.01693417205423274,-0.47756828986306127,0.003017406828773645,0.6831544079422813,1,0.13277744366067515,0.7573688046847067,0.6245913610240316
tm236997,tiago silva_1993,2324,0.015359710751631502,0.007351461783908666,0.6276520075305683,0.3300154018151704,0.019621418118721225,3,2425,0.009176006412805554,0.1980791836314933,0.735724339655885,0.044080402909872314,0.012940067389943659,3,-0.006183704338825948,0.19072772184758463,0.10807233212531675,-0.2859349989052981,-0.006681350728777567,0.360352264666808,4,0.8355947890916947,0.7834110354538446,-0.052183753637850105
tm238367,cassiano_1989,2324,0.0017680486492230088,0.9568299394119459,0.02859507512672684,0.0033822664522500066,0.009424670359854196,2,2425,0.004598653849888924,0.8816102271643261,0.05189876731270643,0.009171245396195453,0.052721106276883103,2,0.0028306052006659152,-0.07521971224761981,0.02330369218597959,0.005788978943945446,0.043296435917028905,0.07901007393446162,2,0.21827507909492797,0.4875509101111206,0.2692758310161927
tm257707,joao graca_1995,2324,0.06897555331898339,0.0027955583750804668,0.022137353360978305,0.8759666127731917,0.030124922171766207,4,2425,0.041225409484603154,0.3133358658285172,0.12170931503068241,0.46305010538861036,0.060679304267586935,4,-0.027750143834380236,0.31054030745343675,0.09957196166970411,-0.4129165073845813,0.030554382095820728,0.5268965464467743,4,0.506743592291743,1.2779539695493631,0.7712103772576201
tm261927,ricardo horta_1994,2324,0.005619163084400518,0.3129151014564794,0.6363194595255681,0.02782320299387628,0.01732307293967582,3,2425,0.0008550869939972318,0.47211005596157557,0.5183460550869631,0.0024672029645963654,0.006221598992867766,3,-0.004764076090403286,0.1591949545050962,-0.11797340443860505,-0.025356000029279915,-0.011101473946808056,0.19981586737092308,2,0.8502362588366565,0.7474098556581833,-0.10282640317847325
tm263860,jason_1994,2324,0.001199367142261789,0.04148798890053151,0.9492912788565451,0.004228408570391275,0.0037929565302702844,3,2425,0.0009287608321028421,0.9294503241695357,0.056478855442328335,0.002298665203110601,0.010843394352922508,2,-0.00027060631015894687,0.8879623352690041,-0.8928124234142167,-0.0019297433672806744,0.007050437822652224,1.259204085681264,3,0.23375342170987293,0.2998216655848293,0.06606824387495638
tm27178,ruben fernandes_1986,2324,0.9949711528715739,0.00017774168777526396,0.00025211885784402684,0.0037721288076739898,0.0008268577751329691,1,2425,0.9685952074055627,0.001164702889756102,0.0018366392046350502,0.026452872594457288,0.0019505779055890562,1,-0.026375945466011186,0.000986961201980838,0.0015845203467910233,0.022680743786783298,0.0011237201304560873,0.0348366392622956,1,0.03555782199622044,0.1586028620057518,0.12304504000953136
tm276030,artur jorge_1994,2324,0.9987790583938079,2.8104688730388832e-05,6.539222476855189e-05,0.0009937570418700333,0.000133687650823016,1,2425,0.9957372080892414,0.00010570821800914792,0.0001683499198812445,0.003818633183944919,0.0001701005889237001,1,-0.0030418503045664957,7.76035292787591e-05,0.00010295769511269262,0.0028248761420748853,3.641293810068409e-05,0.004153239830324587,1,0.010208130539394867,0.029422253599820244,0.01921412306042538
tm288253,jerry st juste_1996,2324,0.9887066345504788,0.0001622870496660796,0.0004046309834254941,0.009322060442777334,0.0014043869736521451,1,2425,0.7642126881807793,0.00044064006116223083,0.0007806268950965919,0.23102090009386936,0.0035451447690925154,1,-0.22449394636969955,0.0002783530114961512,0.0003759959116710978,0.22169883965109202,0.0021407577954403703,0.3155124820234641,1,0.06861501494864146,0.5729994702657593,0.5043844553171178
tm290391,nuno santos_1995,2324,0.037572367083144445,0.03832582967986079,0.6132755446538176,0.10571578775603606,0.2051104708271412,3,2425,0.06346166502259344,0.11911947900101134,0.10754471609216333,0.1299762734915606,0.5798978663926714,5,0.025889297939448996,0.08079364932115055,-0.5057308285616543,0.024260485735524542,0.3747873955655302,0.5133713194601035,3,1.1106342952559705,1.2494267471797333,0.13879245192376288
tm291939,samu_1996,2324,0.005070978061120838,0.002273158974150744,0.2167336361844255,0.7732005348774693,0.002721691902833709,4,2425,0.008215112669335478,0.4104824152757724,0.3688268131819407,0.16053277931829538,0.05194287955465593,2,0.00314413460821464,0.40820925630162164,0.1520931769975152,-0.612667755559174,0.04922118765182222,0.7517571387781234,4,0.5869922261867401,1.220110578296148,0.633118352109408
tm291968,neto_1991,2324,0.0022579457942879973,4.011888590896061e-05,0.0003365871775034325,0.9972429792689853,0.00012236887331438454,4,2425,0.12424876234297422,0.00567141558356601,0.017297272868586233,0.8387541275867253,0.014028421618148351,4,0.12199081654868622,0.005631296697657049,0.016960685691082802,-0.15848885168226,0.013906052744833967,0.20079803731955492,4,0.02071163482416543,0.5659691921437382,0.5452575573195728
tm29364,joao moutinho_1986,2324,0.001964898517638292,4.1738822693819684e-05,0.0014767312155413985,0.9963296930555846,0.00018693838854184704,4,2425,0.07745976472772609,0.026650496770653363,0.12402802922395172,0.7524184385874261,0.019443270690242702,4,0.0754948662100878,0.026608757947959544,0.12255129800841032,-0.24391125446815853,0.019256332301700856,0.2844626891586824,4,0.027560364667724123,0.844272079816897,0.8167117151491728
tm295414,adrian marin_1997,2324,0.9695759008746324,0.00025679275746897566,0.002319396669672917,0.024143358151199803,0.003704551547025939,1,2425,0.865701549656022,0.007227202955241571,0.010184198247631185,0.081563267249664,0.03532378189144123,1,-0.10387435121861044,0.006970410197772595,0.007864801577958267,0.0574199090984642,0.03161923034441529,0.1191527109391515,1,0.15679251451365445,0.5297133584995769,0.37292084398592246
tm306668,amine oudrhiri_1992,2324,0.03593938894856579,0.0005187982340951102,0.0055647589542397345,0.9557544571320857,0.0022225967310136076,4,2425,0.22497144609476685,0.00776630371915965,0.02314073306228864,0.7286832311119403,0.015438286011844318,4,0.18903205714620105,0.007247505485064539,0.017575974108048904,-0.2270712260201454,0.01321568928083071,0.29606739353873374,4,0.20917407597418167,0.755520073923381,0.5463459979491994
tm308371,mikel villanueva_1993,2324,0.9991066096663066,2.2609589536195035e-05,5.000415836607834e-05,0.0007024810902167428,0.00011829549557439933,1,2425,0.9406109320069743,0.0005179005532920801,0.0006777141975762858,0.05752369536311491,0.0006697578790422859,1,-0.05849567765933228,0.000495290963755885,0.0006277100392102074,0.05682121427289817,0.0005514623834678865,0.08155387194550125,1,0.007800366088565904,0.23561023540829287,0.22780986931972697
tm314944,ricardo mangas_1998,2324,0.029184381149524347,0.002638030035737053,0.15271248466487666,0.8106584510893464,0.004806653060515418,4,2425,0.00781961136062964,0.900222462632805,0.044714981089911024,0.03161944236553609,0.015623502551118202,2,-0.021364769788894705,0.897584432597068,-0.10799750357496564,-0.7790390087238104,0.010816849490602784,1.1935993904658861,2,0.6016028854356588,0.44569954578855364,-0.15590333964710512
tm325443,viktor gyokeres_1998,2324,0.004603188636050844,0.5362720939265115,0.040950492747132895,0.004991724434509406,0.41318250025579545,2,2425,0.0018033515901230267,0.017867328156699936,0.009082910255838485,0.0020676804738712132,0.9691787295234673,5,-0.0027998370459278174,-0.5184047657698116,-0.03186758249129441,-0.002924043960638193,0.5559962292676719,0.5193991077266693,2,0.8814350084926137,0.16913024838242394,-0.7123047601101897
tm329722,andre horta_1996,2324,0.005004219388501201,0.08174230399163997,0.8214490426273154,0.06947458945907294,0.022329844533470276,3,2425,0.03263087855862252,0.07728494402970217,0.2691148024831027,0.131335011324271,0.4896343636043017,5,0.027626659170121318,-0.004457359961937801,-0.5523342401442127,0.061860421865198065,0.4673045190708314,0.5564916216653737,3,0.6629432031916411,1.2790497336849225,0.6161065304932813
tm33829,jose fonte_1983,2324,0.9993254812658381,2.871848975181075e-05,4.5359747877621645e-05,0.0004965675385975395,0.0001038729579347082,1,2425,0.9981414263808458,2.5111786117216872e-05,5.204608048157218e-05,0.0017283687819129104,5.3046970642678836e-05,1,-0.0011840548849922916,-3.6067036345938776e-06,6.686332603950536e-06,0.001231801243315371,-5.082598729202936e-05,0.0017086187371857424,4,0.006158806294146318,0.014151819242310383,0.007993012948164065
tm344395,jorge fernandes_1997,2324,0.9990334591716844,1.0805461868987748e-05,5.093989371338062e-05,0.0008574951155914103,4.730035714198823e-05,1,2425,0.9645095832381574,0.00022116154372888501,0.0004812573043419976,0.03329209943562241,0.0014958984781493062,1,-0.034523875933527015,0.00021035608185989725,0.000430317410628617,0.032434604320031,0.001448598121007318,0.047372259705713904,1,0.008119434369545757,0.16339592688488006,0.1552764925153343
tm344474,ilija vukotic_1999,2324,0.02671680704111869,0.0016117358265417528,0.006052214967149467,0.9619488199759182,0.0036704221892720186,4,2425,0.02410714203933331,0.17245777437790408,0.4635946046888577,0.3303680932231891,0.009472385670715837,3,-0.0026096650017853815,0.17084603855136232,0.45754238972170824,-0.6315807267527291,0.005801963481443818,0.7983949098271307,4,0.1959550474488424,1.1593371341396845,0.9633820866908421
tm344519,bruno costa_1997,2324,0.16843009725434893,0.0047952072238572575,0.0397516899746318,0.7243616219400156,0.0626613836071463,4,2425,0.009510182833265943,0.2991752526850667,0.6386473948130819,0.025567255125375013,0.02709991454321058,3,-0.158919914421083,0.29438004546120944,0.59889570483845,-0.6987943668146406,-0.03556146906393573,0.9792368368945106,4,0.8609774425236942,0.8831908423146244,0.022213399790930177
tm357162,florentino luis_1999,2324,0.27187104757541575,0.003243343593682046,0.01396189253052913,0.6324427300234378,0.07848098627693531,4,2425,0.19062536679906583,0.031151942332579206,0.07347580068263256,0.5701928355097122,0.13455405467601025,4,-0.08124568077634992,0.02790859873889716,0.059513908152103424,-0.062249894513725534,0.05607306839907494,0.12164170813864908,1,0.9218072367758893,1.206054359088332,0.28424712231244265
tm364244,godfried frimpong_1999,2324,0.19048816143404504,0.04156442684039287,0.0886635241719977,0.1061056222901308,0.5731782652634335,5,2425,0.8696157595818413,0.014885092182879115,0.029319795799572244,0.07689567811473788,0.009283674320969722,1,0.6791275981477963,-0.02667933465751375,-0.05934372837242546,-0.029209944175392924,-0.5638945909424637,0.682862343667911,1,1.2199165204996743,0.5283039515881885,-0.6916125689114857
tm366278,rodrigo pinho_1991,2324,0.0025096661924596275,0.9286008436012037,0.04589304288606785,0.0022967711294507296,0.02069967619081822,2,2425,0.021354323498275762,0.5694768870720368,0.07630123908055138,0.03637981801374849,0.2964877323353876,2,0.018844657305816134,-0.35912395652916684,0.030408196194483525,0.03408304688429776,0.2757880561445694,0.36250717198816357,2,0.31945253200404816,1.080112256019515,0.7606597240154669
tm367468,nuno santos_1999,2324,0.005337897540277075,0.07903964542051845,0.8535344961775088,0.0428305655960232,0.019257395265672418,3,2425,0.001713675561128712,0.5200924731819587,0.46911557245150615,0.004946046449156172,0.004132232356250168,2,-0.003624221979148363,0.4410528277614403,-0.3844189237260026,-0.037884519146867024,-0.01512516290942225,0.5863052767722328,2,0.5746956057230829,0.7549417456683352,0.1802461399452523
tm367652,rodrigo abascal_1994,2324,0.9621227062954159,0.0006242728965674011,0.0024087588956245246,0.032610745383618786,0.0022335165287734196,1,2425,0.9805209837337371,3.848141439290821e-05,4.263748841364782e-05,0.019328254560085068,6.964280337138363e-05,1,0.01839827743832123,-0.0005857914821744928,-0.0023661214072108767,-0.013282490823533718,-0.002163873725402036,0.022822420058989084,1,0.18154279011899077,0.09704782673266116,-0.08449496338632961
tm373187,maracas_1994,2324,0.8852883981679509,0.004841540283424474,0.012996336582499417,0.07794217116869015,0.01893155379743494,1,2425,0.9650097575039421,0.0010650197765916445,0.0018833829749470886,0.030998594326085864,0.001043245418433151,1,0.07972135933599123,-0.0037765205068328294,-0.01111295360755233,-0.046943576842604286,-0.01788830837900179,0.09325746289803229,1,0.4641092781310488,0.1683239091653891,-0.29578536896565966
tm374987,elves balde_1999,2324,0.0072618537674813514,0.060246086559638035,0.8685678832798237,0.034555567203327156,0.029368609189729805,3,2425,0.0009506435992572852,0.9039175501653602,0.0873519055918192,0.0026847180105166154,0.005095182633046608,2,-0.006311210168224066,0.8436714636057222,-0.7812159776880045,-0.03187084919281054,-0.024273426556683197,1.1502762818991379,2,0.5472987536162951,0.35366729705913663,-0.19363145655715847
tm375376,pedro alvaro_2000,2324,0.9997471293406661,8.96440075870914e-06,1.649263679552031e-05,0.00019986560537259127,2.7548016407021064e-05,1,2425,0.9899085905495819,0.00022104417981884443,0.00031975461026930113,0.009098518370539113,0.00045209228979091264,1,-0.009838538791084206,0.0002120797790601353,0.00030326197347378084,0.008898652765166522,0.0004245442733838916,0.01327101398672746,1,0.0025303228655522863,0.06071589127936157,0.058185568413809285
tm379249,matheus reis_1995,2324,0.6901360802025953,0.0021317627576091726,0.04254170141318697,0.25479751898325154,0.01039293664335702,1,2425,0.2224350738384304,0.03429575522292904,0.03982382137524864,0.6925206957895611,0.010924653773830718,4,-0.4677010063641649,0.03216399246531987,-0.002717880037938332,0.43772317680630957,0.0005317171304736971,0.6413951357397951,1,0.7992178466828126,0.8821685192616262,0.08295067257881361
tm383014,goncalo costa_2000,2324,0.20755520192506438,0.014029268148588759,0.27521781135747136,0.3919406413101284,0.11125707725874706,4,2425,0.08102667380169705,0.11182949383831989,0.39672480384688535,0.1993122574855841,0.21110677102751352,3,-0.12652852812336735,0.09780022568973112,0.12150699248941399,-0.1926283838245443,0.09984969376876646,0.27828761390458356,4,1.3527123386583004,1.4652098678994858,0.11249752924118539
tm383807,kikas_1998,2324,0.0018905298998791757,0.9442001782643374,0.01748769374830179,0.0027241287625889062,0.0336974693248926,2,2425,0.013999353674065292,0.6186215341254804,0.1122115398717598,0.02779298513504125,0.22737458719365333,2,0.012108823774186116,-0.32557864413885707,0.09472384612345801,0.025068856372452347,0.19367711786876074,0.34021924066215603,2,0.26716151738093785,1.0386667398856415,0.7715052225047037
tm390638,arthur cabral_1998,2324,0.0033379335346717205,0.9437506948951848,0.012843707521315717,0.004083577249224822,0.03598408679960289,2,2425,0.009166031190556312,0.0453518568000947,0.019708405149072645,0.011509542675699737,0.9142641641845766,5,0.005828097655884591,-0.8983988380950901,0.0068646976277569275,0.007425965426474915,0.8782800773849737,0.8984746563197707,2,0.27170249565977184,0.3940215937138842,0.12231909805411234
tm394328,rafik guitane_1999,2324,0.04953611531734635,0.21879694713837528,0.39464548179003095,0.30712372139928884,0.02989773435495852,3,2425,0.04346507869565969,0.4795729817018319,0.09470158776519116,0.0981051151814665,0.28415523665585063,2,-0.006071036621686662,0.2607760345634566,-0.2999438940248398,-0.20901860621782234,0.2542575023008921,0.4491059062140336,3,1.3157746613707055,1.297236399475785,-0.018538261894920582
tm395632,marious vrousai_1998,2324,0.019006587495429567,0.004784164630572524,0.19732364767503308,0.7730323638723711,0.00585323632659373,4,2425,0.04196802759553565,0.014584900326170805,0.047097372782001455,0.8939487622150194,0.0024009370812725435,4,0.02296144010010608,0.009800735695598282,-0.1502262748930316,0.12091639834264833,-0.0034522992453211864,0.19445305656646397,3,0.6502153655246685,0.45334355478640737,-0.19687181073826115
tm396342,toni borevkovic_1997,2324,0.9991651968130111,2.511065509080236e-05,5.333249477440859e-05,0.0006223967292730768,0.00013396330785065948,1,2425,0.9994915006578042,5.350901500259743e-06,9.49798439845767e-06,0.0004835671200854179,1.008333621146759e-05,1,0.0003263038447931521,-1.9759753590542614e-05,-4.383451037595092e-05,-0.0001388296091876589,-0.0001238799716391919,0.00035785440010687293,1,0.007414336934053051,0.004490870735902674,-0.0029234661981503767
tm402112,morlaye sylla_1998,2324,0.013855810148541169,0.007906542880332209,0.24631620291639897,0.7272848368930043,0.004636607161723379,4,2425,0.013407878475600632,0.1318693563065369,0.7948623396628006,0.05307083377135223,0.006789591783709683,3,-0.000447931672940537,0.12396281342620469,0.5485461367464016,-0.674214003121652,0.0021529846219863046,0.877971734112237,4,0.6991917087926158,0.697181876056487,-0.0020098327361288693
tm406151,ze pedro figueiredo_1997,2324,0.9570985857917559,0.002381671731895334,0.003353279866754646,0.032749730373878204,0.004416732235715884,1,2425,1.0,2.2195988994179844e-41,4.72326799528761e-41,5.231444502897821e-39,4.898511945893548e-41,1,0.042901414208244115,-0.002381671731895334,-0.003353279866754646,-0.032749730373878204,-0.004416732235715884,0.05412940999800702,1,0.21137510787177305,1.1052408446371418e-10,-0.21137510776124896
tm410281,renato pantalon_1997,2324,0.8804329708203807,0.005036396986487751,0.007004094068433727,0.0918046138583945,0.015721924266303314,1,2425,0.998411946930731,1.3433567850765685e-05,2.991334789025726e-05,0.0015056568866013182,3.9049266926653725e-05,1,0.11797897611035024,-0.005022963418636985,-0.00697418072054347,-0.09029895697179319,-0.01568287499937666,0.14881804256362235,1,0.45803902385965134,0.012230026702620722,-0.4458089971570306
tm412367,weverson_2000,2324,0.9890292350871955,9.085493670867239e-05,0.0007230295014548162,0.009760362963151815,0.0003965175114891164,1,2425,0.6867016317374484,0.01480494929436784,0.023770457637879123,0.26796913855428817,0.006753822776016378,1,-0.3023276033497472,0.014714094357659168,0.023047428136424308,0.25820877559113636,0.006357305264527262,0.39852407713455107,1,0.06527558992608792,0.795993202531763,0.730717612605675
tm412669,francisco trincao_1999,2324,0.008026191243593545,0.6000360024627026,0.296438567447546,0.02284824834708655,0.0726509904990713,2,2425,0.007626695757969703,0.2796118106443631,0.4830314888951167,0.01179646898237102,0.21793353572017932,3,-0.00039949548562384207,-0.32042419181833953,0.18659292144757073,-0.011051779364715528,0.145282545221108,0.3709594081035616,2,0.9824867955992221,1.1294136057913633,0.14692681019214116
tm413118,sikou niakate_1999,2324,0.9999222131370963,1.9742584704787513e-06,4.935263066812131e-06,6.231349472073935e-05,8.563846645666668e-06,1,2425,0.9972063837133736,0.00011561177962159203,0.0002419079980990261,0.0022887343824508893,0.00014736212645507853,1,-0.0027158294237227265,0.00011363752115111328,0.00023697273503221395,0.00222642088773015,0.00013879827980941187,0.0035216117036722325,1,0.0008673457662015451,0.02106718629310702,0.020199840526905474
tm415525,kanya fujimoto_1999,2324,0.07038597167638344,0.0553383498996657,0.596307576708262,0.2531837859493048,0.024784315766384193,3,2425,0.0018737961880295672,0.25373475084855923,0.7310271651751318,0.008007413871240121,0.005356873917039327,3,-0.06851217548835388,0.19839640094889355,0.13471958846686982,-0.24517637207806467,-0.019427441849344865,0.3497368597126495,4,1.0946673658081227,0.6554577952367252,-0.43920957057139753
tm415645,alexandre pinto_1998,2324,0.9886830930513875,0.00011385326208765137,0.0008605713810908529,0.00934059126652915,0.0010018910389047648,1,2425,0.3094305700096017,0.0074248165376954185,0.009001048997424625,0.66674912221922,0.007394442236058371,4,-0.6792525230417857,0.007310963275607767,0.008140477616333772,0.6574085309526908,0.006392551197153606,0.9453516193395165,1,0.06893143371968928,0.748316497642407,0.6793850639227178
tm420196,justin de haas_2000,2324,0.9933107014970146,0.00024088354690946705,0.0008445643189310429,0.005113359825061892,0.0004904908120831554,1,2425,0.9921614263817592,0.00011071296715988993,0.00019041163905311615,0.007359431422038059,0.00017801758998954194,1,-0.0011492751152554215,-0.0001301705797495771,-0.0006541526798779268,0.002246071596976167,-0.0003124732220936134,0.0026096994113714027,4,0.04536560184685702,0.048132126955932594,0.002766525109075574
tm426620,pedro goncalves_1998,2324,0.007010570483861365,0.35791213945159883,0.46734717481393323,0.019213995222456138,0.1485161200281504,3,2425,0.00659478434955209,0.25625192119581497,0.2395921871838073,0.011681808641481873,0.48587929862934376,5,-0.0004157861343092751,-0.10166021825578386,-0.22775498763012594,-0.007532186580974265,0.33736317860119336,0.24952763590234356,3,1.1171863207980803,1.1270461659322415,0.00985984513416116
tm428786,alan_2000,2324,0.006770949777455428,0.011042532301223597,0.7128881524119963,0.2569467730318419,0.012351592477482966,3,2425,0.001343275264522403,0.6344067486176557,0.3526380278497712,0.005230442992436126,0.006381505275614667,2,-0.0054276745129330254,0.623364216316432,-0.3602501245622251,-0.25171633003940574,-0.005970087201868299,0.7627277816429814,2,0.7282765768466274,0.7248693918217737,-0.0034071850248537094
tm429309,jordan holsgrove_1999,2324,0.01056789309834235,0.005825015645330485,0.5879061625993289,0.38606263310848166,0.00963829554851652,3,2425,0.01469291281153493,0.12872467666949036,0.7762809150254968,0.07319560142859481,0.007105894064883029,3,0.00412501971319258,0.12289966102415988,0.18837475242616786,-0.31286703167988683,-0.002532401483633491,0.38534681694713785,4,0.8025234167030663,0.7490219866658286,-0.05350143003723762
tm433358,tomas ribeiro_1999,2324,0.999877411996699,3.5516700623483303e-06,8.216922473672367e-06,0.00010352597688463457,7.293433880260989e-06,1,2425,0.23829198379971678,0.0830771196727145,0.1990238184826338,0.26888717400559153,0.21071990403934332,4,-0.7615854281969823,0.08307356800265216,0.19901560156016013,0.2687836480287069,0.21071261060546306,0.8359219109789169,1,0.0012995544148656478,1.551069165178472,1.5497696107636063
tm437566,claudio falcao_1994,2324,0.025676818918331082,0.0013918477610688417,0.008785681239681828,0.9583458983451131,0.0057997537358054005,4,2425,0.16173479038005767,0.0026456296237303916,0.005538520731363095,0.8247529714748018,0.005328087790047025,4,0.1360579714617266,0.0012537818626615499,-0.0032471605083187333,-0.13359292687031132,-0.0004716659457583757,0.19071171366327314,1,0.21542676198914001,0.5259252881650669,0.3104985261759269
tm448470,andre franco_1998,2324,0.014186872806538573,0.0018447564984360673,0.109086467950644,0.8698114018360321,0.005070500908349296,4,2425,0.02676800290612775,0.2687423775782198,0.4579731500112522,0.1955380672022399,0.05097840230216038,3,0.012581130099589175,0.2668976210797837,0.34888668206060824,-0.6742733346337922,0.04590790139381108,0.8048348101878202,4,0.46179284650414243,1.2785424892604649,0.8167496427563224
tm448920,enea mihaj_1998,2324,0.9995682547456589,1.2498314923034656e-05,3.618837765752016e-05,0.00031293826454669826,7.012029721388271e-05,1,2425,0.9997954750260913,3.804993650241543e-06,8.400443433565262e-06,0.0001856128075357898,6.706729288892883e-06,1,0.00022722028043242748,-8.693321272793113e-06,-2.7787934223954896e-05,-0.00012732545701090846,-6.341356792498983e-05,0.00026208504529258154,1,0.004138825610827427,0.002024815417309699,-0.0021140101935177283
tm451858,rui costa_1996,2324,0.002705789473624867,0.8774339055083376,0.07365351225719072,0.0040575590793216565,0.042149233681525275,2,2425,0.008279316227686856,0.4917165810552001,0.09985774491913839,0.0123917548529324,0.3877546029450423,2,0.005573526754061989,-0.38571732445313744,0.02620423266194767,0.008334195773610744,0.34560536926351704,0.38673639499322987,2,0.4786547572931177,1.0405712332630648,0.5619164759699471
tm452607,alexander bah_1997,2324,0.37092893006906197,0.026674639213166127,0.22081099463256273,0.2568299765563884,0.12475545952882092,1,2425,0.5461782862555801,0.011018772786729986,0.018131032241642024,0.3981575510296783,0.026514357686369647,1,0.1752493561865181,-0.01565586642643614,-0.2026799623909207,0.14132757447328992,-0.09824110184245127,0.3033316558795666,3,1.4068459118225862,0.9156313477971897,-0.49121456402539654
tm45320,angel di maria_1988,2324,0.007002676994665749,0.17776467609507737,0.13565353194936774,0.012350995589043531,0.6672281193718457,5,2425,0.0043117117259363034,0.5663553280083411,0.12881847244254788,0.00788863945480739,0.29262584836836736,2,-0.002690965268729446,0.3885906519132637,-0.006835059506819868,-0.00446235613423614,-0.3746022710034783,0.3886856914129761,2,0.9370304730042098,1.0072654468282451,0.07023497382403532
tm454121,galeno_1997,2324,0.015680919570261482,0.22597143159283622,0.6132698077201181,0.05858398113577177,0.08649385998101246,3,2425,0.039552765382751244,0.2128588272650098,0.5335765105739286,0.09931946588943509,0.11469243088887521,3,0.023871845812489762,-0.013112604327826433,-0.07969329714618945,0.04073548475366332,0.02819857090786275,0.09355322946269787,3,1.0790448366159058,1.2699835352692426,0.1909386986533368
tm454567,orkun kokcu_2000,2324,0.013184258301977838,0.30781706934655517,0.49287871196459127,0.1138515240722052,0.07226843631467063,3,2425,0.0014487577561044247,0.24549390257101855,0.7386812101304144,0.005099940155770911,0.009276189386691794,3,-0.011735500545873414,-0.06232316677553662,0.24580249816582317,-0.10875158391643429,-0.06299224692797883,0.2761660265110216,3,1.2057234764619578,0.6483365022482309,-0.5573869742137268
tm454576,robert bozenik_1999,2324,0.005528817974994366,0.8262989351112194,0.048075737768013715,0.008161494443596274,0.11193501470217627,2,2425,0.01722415625041793,0.4363591349248544,0.05006258428367991,0.030606887488115214,0.4657472370529324,5,0.011695338275423565,-0.38993980018636504,0.0019868465156661977,0.022445393044518938,0.35381222235075616,0.3907653668568373,2,0.6166656651863867,1.0443295033976867,0.42766383821130005
tm458715,robson bambu_1997,2324,0.9971487469026389,3.0799711058175665e-05,0.00017024821306161502,0.0024271243021290754,0.00022308087111214697,1,2425,0.7475640063956924,0.03605065548361155,0.017098528368892293,0.1620483352732462,0.037238474478557514,1,-0.24958474050694646,0.03601985577255337,0.01692828015583068,0.15962121097111712,0.037015393607445365,0.29892385379008396,1,0.021134079964259374,0.8242881984582793,0.8031541184940199
tm461496,morten hjulmand_1999,2324,0.002795811446478422,0.00019882947984189195,0.0026531452363136887,0.9940402147579868,0.00031199907937950387,4,2425,0.0296435004340409,0.03266349755715631,0.07272078469808313,0.8590176432667394,0.005954574043980359,4,0.026847688987562478,0.032464668077314414,0.07006763946176944,-0.1350225714912474,0.005642574964600855,0.1578458804948568,4,0.04233206989306143,0.567719721802709,0.5253876519096476
tm461629,gustavo assuncao_2000,2324,0.021126226968457028,0.0004589716470691996,0.004210919632722264,0.9702653995087077,0.003938482243043691,4,2425,0.013531785630559604,0.006651792479324657,0.010498651022212506,0.9650963710584736,0.004221399809429907,4,-0.007594441337897424,0.006192820832255458,0.006287731389490242,-0.005169028450234148,0.0002829175663862154,0.012738955618138141,1,0.1591461642306651,0.19677331915469942,0.03762715492403432
tm461937,nuno goncalo moreira_1999,2324,2.861073366308957e-41,3.883707744150311e-40,1.0,4.282993873982731e-40,2.3415830182175696e-41,3,2425,0.004173312027094208,0.49117569775204656,0.4228967007187962,0.021564075953877868,0.06019021354818522,2,0.004173312027094208,0.49117569775204656,-0.5771032992812037,0.021564075953877868,0.06019021354818522,0.7581452433462077,3,1.1052408446371418e-10,0.9879099872240208,0.9879099871134968
tm461943,daniel braganca_1999,2324,0.031197988211393704,0.06749609154214853,0.4470087823317941,0.3785637296111422,0.07573340830352147,3,2425,0.010920550132695975,0.17440615300891618,0.7238182493234988,0.02332878199223301,0.067526265542656,3,-0.02027743807869773,0.10691006146676765,0.2768094669917047,-0.35523494761890917,-0.008207142760865468,0.4633101388529116,4,1.213203953007754,0.8575261420492375,-0.3556778109585166
tm466805,nicolas gonzalez_2002,2324,0.01025843059758019,0.0019366799757297927,0.014710400394626191,0.9712024089822061,0.001892080049857871,4,2425,0.00798752532016682,0.07241580493156985,0.8639962263764234,0.03324569961182426,0.022354743760015703,3,-0.00227090527741337,0.07047912495584005,0.8492858259817971,-0.9379567093703819,0.02046266371015783,1.2672891015596317,4,0.1613866124819851,0.5531258435758918,0.3917392310939067
tm468332,ismael_1999,2324,0.18374812850143296,0.0027043750300460505,0.00625661528872094,0.7910286014980211,0.01626227968177923,4,2425,0.09057809735563754,0.016138097771759022,0.03375578843052021,0.8447440406818786,0.0147839757602045,4,-0.09317003114579542,0.013433722741712971,0.027499173141799272,0.05371543918385746,-0.0014783039215747317,0.11181535020115552,1,0.6114582206187218,0.6033365623192849,-0.008121658299436896
tm471582,zaydou youssouf_1999,2324,0.004959557666648422,0.0004109178716963712,0.0066891994372892324,0.9868936930023438,0.0010466320220223404,4,2425,0.014577398169510421,0.05136505104130743,0.16672238228447817,0.7591531213705999,0.008182047134104121,4,0.009617840502862,0.05095413316961106,0.16003318284718893,-0.22774057163174388,0.007135415112081781,0.2831346219068947,4,0.08321834838328147,0.7613078534682538,0.6780895050849723
tm478365,moura_1999,2324,0.8799961986695377,0.0033951185081590174,0.04566189780868592,0.056790677261350876,0.014156107752266433,1,2425,0.11052691717294383,0.18967418051213822,0.3775547503196906,0.13533830133667932,0.18690585065854803,3,-0.7694692814965939,0.1862790620039792,0.3318928525110047,0.07854762407532845,0.1727497429062816,0.8620356482789661,1,0.49590297764234,1.510654576591619,1.014751598949279
tm478366,miguel reisinho_1999,2324,0.004923467836575863,0.0003174385551396436,0.005675804577758661,0.9886009945309454,0.0004822944995805209,4,2425,0.05610920470421006,0.29829269396493,0.055839709517514706,0.5715012653902387,0.0182571264231065,4,0.051185736867634196,0.29797525540979036,0.050163904939756046,-0.4170997291407067,0.01777483192352598,0.5175884792992096,4,0.07308879534580773,1.0764067886455861,1.0033179932997784
tm479648,felix correia_2001,2324,0.004254883640205214,0.034069587830571235,0.9352201620444622,0.01988060826475316,0.006574758220007948,3,2425,0.0012598442548981538,0.7997882541893249,0.18530153224020965,0.0034172469482785218,0.010233122367288806,2,-0.00299503938530706,0.7657186663587536,-0.7499186298042526,-0.01646336131647464,0.0036583641472808584,1.0719062644953952,2,0.3119256120911529,0.5657626457655213,0.2538370336743684
tm479649,goncalo borges_2001,2324,0.007046814144602704,0.013579920242784706,0.08176072365650963,0.019430298129585064,0.8781822438265179,5,2425,0.004897625094936848,0.49445716913541443,0.17633859815399006,0.014834417232845051,0.30947219038281354,2,-0.0021491890496658558,0.4808772488926297,0.09457787449748042,-0.004595880896740012,-0.5687100534437044,0.4901159495280617,2,0.48867612140029565,1.1057439028092615,0.6170677814089658
tm481627,sandro cruz_2001,2324,0.291856164089181,0.001317635449172978,0.018742222580297473,0.6837431079903585,0.004340869890990012,4,2425,0.629586581545066,0.0006730481455906253,0.000550396101418394,0.36861442076719614,0.0005755534407290912,1,0.33773041745588495,-0.0006445873035823528,-0.01819182647887908,-0.3151286872231624,-0.0037653164502609205,0.46227619712607915,1,0.7262486121365088,0.6725234371677947,-0.053725174968714096
tm490760,duplexe tchamba_1998,2324,0.9953678944098835,0.00011722681735064186,0.0005970009175353744,0.0037202449056074893,0.00019763294962327506,1,2425,0.984564551590063,0.0007085579033722176,0.0016876573498971546,0.012087516402127565,0.0009517167545402666,1,-0.010803342819820538,0.0005913310860215758,0.0010906564323617802,0.008367271496520076,0.0007540838049169915,0.013720883801191266,1,0.03261087245601602,0.09122381206496306,0.05861293960894704
tm495601,victor gomez_2000,2324,0.9577121311680767,0.000577528019859814,0.008512363759023162,0.03009159889387305,0.0031063781591674088,1,2425,0.7321722890065834,0.0051205494159092795,0.013417260845985839,0.24311993385108108,0.00616996688044024,1,-0.22553984216149336,0.004543021396049465,0.004904897086962677,0.21302833495720802,0.003063588721272831,0.3103127276727631,1,0.20962262300381576,0.6883134276009023,0.47869080459708657
tm504073,eduardo quaresma_2002,2324,0.028872091925037452,0.018169129937882056,0.016766192492793087,0.025624465767567644,0.9105681198767197,5,2425,0.3969837053773235,0.04537037122251696,0.07209340254743155,0.3264573641254585,0.1590951567272695,1,0.36811161345228605,0.027201241284634907,0.05532721005463846,0.30083289835789084,-0.7514729631494502,0.47938251990733804,1,0.422918649500193,1.3545856750588756,0.9316670255586826
tm504075,rafael brito_2002,2324,0.18974549917736475,0.007766897714733118,0.046025553151808604,0.41513294836108305,0.3413291015950104,4,2425,0.0624182902828238,0.007727171864008785,0.024867189966463286,0.8968723311728188,0.00811501671388529,4,-0.12732720889454094,-3.9725850724332996e-05,-0.02115836318534532,0.4817393828117358,-0.3332140848811251,0.4987311189283584,4,1.2266578999506035,0.4392669252494652,-0.7873909747011383
tm504087,tomas araujo_2002,2324,0.6106239794854954,0.03314207809103545,0.06130100119096563,0.20820946813036878,0.08672347310213475,1,2425,0.5072350227429344,0.022168030434806876,0.03984048110609224,0.3794935650643999,0.051262900651766564,1,-0.10338895674256099,-0.010974047656228572,-0.02146052008487339,0.17128409693403113,-0.03546057245036819,0.20151551276042287,4,1.1240342994599208,1.077131723367927,-0.046902576091993886
tm512913,stephen eustaquio_1996,2324,0.0010688010704581325,0.00024323578315828902,0.011889668255812917,0.9865063064597289,0.0002919884308418217,4,2425,5.231444502897821e-39,9.776788641797308e-41,2.178534727464092e-40,1.0,4.898511945893548e-41,4,-0.0010688010704581325,-0.00024323578315828902,-0.011889668255812917,0.013493693540271079,-0.0002919884308418217,0.018017920966816894,4,0.07781068407326634,1.1052408446371418e-10,-0.07781068396274225
tm520662,pepe_1997,2324,0.032466381257374714,0.03807818093728534,0.7864704449174876,0.12025189768913704,0.022733095198715213,3,2425,2.2195988994179844e-41,1.0,9.508554322325267e-39,9.776788641797308e-41,4.898511945893548e-41,2,-0.032466381257374714,0.9619218190627147,-0.7864704449174876,-0.12025189768913704,-0.022733095198715213,1.2487369344771624,2,0.7653683590895712,1.1052408446371418e-10,-0.7653683589790472
tm524315,hidemasa morita_1995,2324,0.009880749194521341,0.0005134345557999816,0.006971050265822417,0.9818519218209888,0.0007828441628674243,4,2425,0.03953734251844278,0.05838079386452383,0.6564505932735861,0.22965421253627072,0.015977057807176537,3,0.029656593323921437,0.057867359308723845,0.6494795430077637,-0.7521977092847181,0.015194213644309113,0.9959182774905259,4,0.10770993222440614,0.9738308078685731,0.866120875644167
tm525602,alejandro marques_2000,2324,0.0022011180844851773,0.974612030864319,0.007810489546579628,0.0019481255511154543,0.013428235953500633,2,2425,0.03250030028873362,0.594987264295699,0.17869342003105185,0.06392201909334953,0.12989699629116602,2,0.030299182204248445,-0.37962476656862,0.17088293048447223,0.06197389354223408,0.11646876033766539,0.4219890321397827,2,0.14646889517979825,1.1689268870671419,1.0224579918873435
tm536081,lawrence ofori_1998,2324,0.0272701277257847,0.0005250096477486915,0.0031819844399815925,0.9681209036880569,0.0009019744984281413,4,2425,0.19813328469588395,0.0776918748935232,0.35785802565431823,0.33653087109638485,0.029785943659889822,3,0.17086315697009924,0.0771668652457745,0.35467604121433666,-0.6315900325916721,0.02888396916146168,0.7482312523426642,4,0.15817727633768414,1.3581495338516432,1.199972257513959
tm537602,joao mario lopes_2000,2324,0.7784732132159553,0.004079774580475843,0.04051171180683862,0.1708168723443136,0.006118428052416587,1,2425,0.1212572423785243,0.06494321030583305,0.0888628656059282,0.7125575135716471,0.01237916813806742,4,-0.657215970837431,0.06086343572535721,0.04835115379908957,0.5417406412273336,0.006260740085650833,0.8552531476488042,1,0.6803223109708576,0.9443588486014872,0.2640365376306296
tm54716,steven vitoria_1987,2324,0.9926410673946929,0.000579195171633662,0.0006731518590849193,0.005417375388687559,0.0006892101859008843,1,2425,0.4677051334514137,0.046013112672871705,0.03809400370102713,0.40021501428549056,0.04797273588919676,1,-0.5249359339432793,0.04543391750123804,0.037420851841942215,0.39479763889680297,0.04728352570329587,0.6594599847113388,1,0.049851495856416704,1.1337607160647472,1.0839092202083305
tm547187,leo cordeiro_1995,2324,0.008953243066869723,0.0005419393033565081,0.012335508901596362,0.9774102106825732,0.0007590980456042038,4,2425,0.10758358060739572,0.13895194580496864,0.291943318388471,0.44255685231589403,0.018964302883270747,4,0.098630337540526,0.13841000650161214,0.27960780948687464,-0.5348533583666791,0.018205204837666543,0.6270039198165336,4,0.12830025718231847,1.3094983771118716,1.1811981199295531
tm54781,nicolas otamendi_1988,2324,0.9817097023496075,0.00032658214845567984,0.0013661679872264713,0.014944815973695812,0.001652731541014739,1,2425,0.6789009472758104,0.029339287782911838,0.11185705263464917,0.14841081142835244,0.03149190087827611,1,-0.3028087550737971,0.029012705634456157,0.1104908846474227,0.13346599545465662,0.02983916933726137,0.35008040043745225,1,0.10315950246588831,1.003518340169226,0.9003588377033377
tm549006,goncalo inacio_2001,2324,0.9990969799127094,1.0800995614849732e-05,4.700222716604736e-05,0.0007967778360002929,4.843902850947348e-05,1,2425,0.9607842693513019,0.002345194422260387,0.005893193513489744,0.029016740257584245,0.0019606024553637242,1,-0.038312710561407504,0.002334393426645537,0.005846191286323697,0.028219962421583953,0.0019121634268542509,0.04799851471519144,1,0.007660732542562195,0.19783223375357023,0.19017150121100804
tm549027,martim neto_2003,2324,0.025778089274522825,0.000501235472577536,0.00635118720346098,0.9664582605324208,0.0009112275170178035,4,2425,0.035104320344999024,0.14524152249380362,0.6110339704225516,0.20132700524024474,0.00729318149840092,3,0.009326231070476199,0.14474028702122607,0.6046827832190906,-0.7651312552921761,0.006381953981383116,0.9859532622896147,4,0.16959423702319135,1.05737960052029,0.8877853634970987
tm553062,vitor carvalho_1997,2324,0.019620039480432477,0.00040940506143847616,0.002807850400795713,0.9752692906304636,0.0018934144268697747,4,2425,0.10088782450074876,0.006380326083878751,0.0198143231213526,0.8617964829838147,0.011121043310205232,4,0.08126778502031629,0.005970921022440274,0.017006472720556887,-0.11347280764664891,0.009227628883335457,0.1407316701015553,4,0.13311400307141144,0.5195724547202482,0.38645845164883674
tm554300,madson_1999,2324,0.024603213758674716,0.1891287339334058,0.5979199623512123,0.11651589506408333,0.07183219489262385,3,2425,0.0047210329551317844,0.5481628790394291,0.3617529761661717,0.013143069038712178,0.07222004280055529,2,-0.019882180803542933,0.3590341451060233,-0.23616698618504056,-0.10337282602537115,0.0003878479079314351,0.4424495507848488,2,1.15326438355862,0.9693897474996989,-0.18387463605892118
tm560903,patrick_1997,2324,0.9764952239207024,0.0006034993631859639,0.0011939931097218514,0.019139646718433604,0.0025676368879562765,1,2425,0.944359972212631,0.0013093769437408846,0.0025715408873008554,0.04993331773205197,0.0018257922242751246,1,-0.03213525170807141,0.0007058775805549207,0.001377547777579004,0.03079367101361837,-0.0007418446636811519,0.044534486388352,1,0.12676773823333246,0.23925570148801686,0.11248796325468441
tm562671,talys oliveira_1999,2324,0.8842840107848574,0.0020124780673088354,0.023798820370123906,0.07296945353144157,0.01693523724626826,1,2425,0.8245413604144081,0.004772963280523747,0.010458060736962062,0.10939833403407066,0.05082928153403552,1,-0.059742650370449346,0.002760485213214912,-0.013340759633161843,0.03642888050262909,0.03389404428776726,0.07128705179878574,1,0.4702848200017127,0.6257873390817085,0.1555025190799958
tm567497,filipe relvas_1999,2324,0.9477064391507216,0.0019391217897993577,0.006268205232337135,0.035052649764673975,0.009033584062467914,1,2425,0.9975249328658631,8.588691194445993e-06,1.604502963870806e-05,0.0024215906054395617,2.884280786416612e-05,1,0.049818493715141465,-0.0019305330986049117,-0.006252160202698427,-0.032631059159234414,-0.009004741254603748,0.059912309279012615,1,0.2547839939431533,0.0176368817774825,-0.23714711216567083
tm57723,ivan marcano_1987,2324,0.24698916548185898,0.3103355604398784,0.07745180115450045,0.09843211595266156,0.26679135697110057,2,2425,0.9704826808736879,0.0014317076765618753,0.0034543920513375645,0.022945269513986028,0.0016859498844265354,1,0.7234935153918289,-0.30890385276331656,-0.0739974091031629,-0.07548684643867554,-0.265105407086674,0.7937495433732762,1,1.4873578793614763,0.15540901524495848,-1.3319488641165178
tm581121,tiago esgaio_1995,2324,0.9515031432871913,0.0013632315275675705,0.005282492010475756,0.037000315056582286,0.004850818118183152,1,2425,0.6911048982143044,0.002059119006555031,0.004253776149218377,0.3004108242573931,0.002171382372528981,1,-0.2603982450728869,0.0006958874789874607,-0.0010287158612573791,0.2634105092008108,-0.002679435745654171,0.370396928861696,4,0.23182566768895385,0.6658912995366266,0.4340656318476728
tm58965,ruben lima_1989,2324,0.786136461516619,0.0008653142731704285,0.01980344825840221,0.1887494310029909,0.004445344948817408,1,2425,0.9731004447240438,0.00039531100441265397,0.0008992839227812613,0.025189847266012963,0.0004151130827494567,1,0.1869639832074248,-0.00047000326875777453,-0.01890416433562095,-0.16355958373697793,-0.004030231866067951,0.24912819346934728,1,0.6117177311527102,0.13190377737589548,-0.47981395377681474
tm592375,pablo roberto_1999,2324,0.011853373443018556,0.10925714862028102,0.799652297559181,0.0641400040461614,0.015097176331357966,3,2425,0.04127790044555302,0.22980739236097927,0.10257678348461637,0.6011852907189498,0.02515263298990149,4,0.02942452700253446,0.12055024374069825,-0.6970755140745646,0.5370452866727884,0.010055456658543523,0.8886675848229418,3,0.712735898920424,1.1016336607864148,0.3888977618659908
tm59248,miguel lopes_1986,2324,0.9988061480821794,1.7148179788356694e-05,7.60451478551715e-05,0.0009376826270320526,0.00016297596314504532,1,2425,0.9884770782793858,7.151830122506139e-05,0.00010582845321822108,0.01110680157676827,0.00023877338940261593,1,-0.010329069802793578,5.4370121436704696e-05,2.978330536304958e-05,0.010169118949736218,7.579742625757062e-05,0.014494982109690574,1,0.010061620152602294,0.06508185025046571,0.05502023009786342
tm594273,jeremy antonisse_2002,2324,0.004323784801257074,0.0054607194925759585,0.8946325989901699,0.0910332862960541,0.004549610419942882,3,2425,0.01328183111386055,0.8000241831283479,0.09069888326693572,0.0706403741385126,0.02535472835234323,2,0.008958046312603475,0.7945634636357719,-0.8039337157232341,-0.020392912157541507,0.02080511793240035,1.1305470509808269,3,0.39429743108801624,0.7339691251725037,0.33967169408448744
tm595012,ibrahima camara_1999,2324,0.8559608805645074,0.0008282603777771215,0.0025909527077115956,0.13734580674272778,0.0032740996072759946,1,2425,0.641401160310012,0.0015526924330708743,0.0042356488043722215,0.35213926567310316,0.000671232779441596,1,-0.21455972025449532,0.0007244320552937529,0.0016446960966606259,0.21479345893037538,-0.002602866827834399,0.3036039087067478,4,0.445836299498925,0.6904754269594434,0.2446391274605184
tm596884,adrian butzke_1999,2324,0.15198497652703818,0.2351921539003251,0.3276263505980455,0.15073532552387714,0.1344611934507141,3,2425,0.06328212096494498,0.49591791803008234,0.11345390844888023,0.0802450756317792,0.24710097692431324,2,-0.0887028555620932,0.26072576412975723,-0.21417244214916528,-0.07049024989209794,0.11263978347359913,0.35592812613209335,2,1.5473533206827499,1.3172628470227088,-0.2300904736600411
tm606752,rodrigo zalazar_1999,2324,0.011648224903278765,0.07138519025648116,0.7695476273354934,0.07150888557451919,0.07591007193022765,3,2425,0.006867699743336832,0.19468917996210647,0.6785923468057246,0.017463396625030738,0.10238737686380141,3,-0.004780525159941933,0.12330398970562531,-0.09095528052976887,-0.05404548894948845,0.026477304933573753,0.16254385632858603,2,0.8262302397715069,0.9199268137445136,0.09369657397300668
tm610335,ivan jaime pajuelo_2000,2324,0.03302608868179554,0.06493994786117667,0.5289249501220432,0.1704139139552922,0.20269509937969238,3,2425,0.006438687012283196,0.21262087456382028,0.1211630496832471,0.011582542158128827,0.6481948465825206,5,-0.02658740166951234,0.1476809267026436,-0.4077619004387961,-0.1588313717971634,0.4454997472028282,0.4626161672009691,3,1.2521394721331656,0.9500758568717806,-0.3020636152613849
tm615302,mirko topic_2001,2324,0.3128964400268484,0.0017671003981784923,0.014722275128972392,0.6506645792353705,0.019949605210630314,4,2425,0.09390905038389358,0.006039111557828791,0.01785017475939956,0.8755346841240248,0.006666979174853424,4,-0.21898738964295483,0.004272011159650298,0.0031278996304271688,0.22487010488865433,-0.01328262603577689,0.31392686207254694,4,0.7945779355560076,0.47463418092190524,-0.3199437546341024
tm617267,henrique araujo_2002,2324,0.2558529489693992,0.2689136144096291,0.24207426116837039,0.14798585653205945,0.08517331892054188,2,2425,0.009781667620147299,0.6341409811907625,0.08328870467455066,0.017335171370626304,0.2554534751439133,2,-0.2460712813492519,0.3652273667811334,-0.15878555649381973,-0.13065068516143313,0.17028015622337145,0.48602938124659417,2,1.5378683382340665,0.9600281199640931,-0.5778402182699734
tm61764,marco matias_1989,2324,0.00019523434290133487,0.0006020912771731271,0.9971109393007878,0.0017972378239067947,0.00029449725523091513,3,2425,0.004712682798823319,0.6877749332268537,0.20227540206893718,0.020736704252256866,0.08450027765312892,2,0.0045174484559219845,0.6871728419496805,-0.7948355372318505,0.018939466428350073,0.08420578039789801,1.0508801818899183,3,0.02277258862649135,0.8951119462494777,0.8723393576229863
tm617679,ze carlos_1998,2324,0.8234947497243674,0.004141221789051057,0.035094284067274634,0.12437321649296497,0.012896527926341852,1,2425,0.8660723645025082,0.0005271087967970966,0.0006652105481543566,0.1315622668972105,0.0011730492553298482,1,0.042577614778140815,-0.00361411299225396,-0.03442907351912028,0.007189050404245542,-0.011723478671012004,0.05534400276467457,1,0.615561167963953,0.40813511329512486,-0.20742605466882813
tm632901,miguel puche garcia_2001,2324,0.023404357992138386,0.5911769443958669,0.18344993763837655,0.045155234699913914,0.1568135252737042,2,2425,0.027879573491518043,0.15705386812976152,0.6290241674849807,0.08708633799881217,0.0989560528949276,3,0.004475215499379657,-0.43412307626610536,0.4455742298466041,0.04193110329889826,-0.0578574723787766,0.6235202359408794,3,1.1401256883949422,1.1236027491232274,-0.016522939271714776
tm645588,tomas handel_2000,2324,3.5079923402107816e-40,1.5154125533728616e-41,4.282993873982731e-40,1.0,2.3415830182175696e-41,4,2425,0.11329464308574283,0.04866197200677488,0.40532246320570925,0.42107585234346084,0.011645069358312145,4,0.11329464308574283,0.04866197200677488,0.40532246320570925,-0.5789241476565392,0.011645069358312145,0.7173863196287673,4,1.1052408446371418e-10,1.175922947823012,1.175922947712488
tm646404,vinicius zanocelo_2001,2324,0.04074302011286084,0.000664547648113713,0.0044876562081718726,0.9525851333813228,0.0015196426495309007,4,2425,0.02325393137250923,0.018382958251547527,0.10237320158238236,0.850521451649184,0.005468457144377057,4,-0.017489088740351606,0.017718410603433814,0.09788554537421049,-0.10206368173213876,0.0039488144948461555,0.14359103530933157,4,0.21565508712616238,0.5604389263145624,0.3447838391884
tm646677,riccieli_1998,2324,0.9992847495412103,2.6743639097400775e-05,5.161548248109771e-05,0.0005932354499671435,4.365588724400657e-05,1,2425,0.890377194285677,0.006276219157193454,0.003984755801595428,0.08940033078040734,0.009961499975126659,1,-0.1089075552555333,0.006249475518096053,0.0039331403191143295,0.08880709533044019,0.009917844087882653,0.14071986821265878,1,0.006352076519413441,0.41900692513826704,0.4126548486188536
tm650568,antonio silva_2003,2324,0.989803210130859,0.0001957054115991443,0.0007101153626937185,0.008145334265479925,0.0011456348293682633,1,2425,0.9934110230917378,0.00035765017240368046,0.0006850743360839545,0.005293655343663515,0.0002525970561109536,1,0.0036078129608787535,0.00016194476080453617,-2.5041026609763932e-05,-0.0028516789218164104,-0.0008930377732573097,0.004601656244482244,1,0.06390371797285757,0.044234751029903915,-0.019668966942953656
tm652332,oscar aranda_2002,2324,0.018951033726625127,0.19245617672628762,0.38619383378068056,0.04451778394517545,0.35788117182123125,3,2425,0.001722110101283002,0.8282990617084417,0.14816929909937818,0.0043130727090027205,0.017496456381894447,2,-0.017228923625342125,0.635842884982154,-0.23802453468130239,-0.04020471123617273,-0.3403847154393368,0.680341905300233,2,1.266010510662714,0.5441859475867585,-0.7218245630759554
tm653415,leonardo buta_2002,2324,0.955050150090445,0.0008878131536041903,0.007793230592173114,0.0314511432203897,0.004817662943388048,1,2425,0.8524326036467995,0.006619366077610009,0.007877853400420076,0.11921799276312346,0.013852184112046967,1,-0.10261754644364551,0.005731552924005819,8.462280824696189e-05,0.08776684954273375,0.00903452116865892,0.13515264916645534,1,0.2224988412091084,0.5203035110059334,0.297804669796825
tm657387,fabiano souza_2000,2324,0.7261844245397966,0.0039493187612104595,0.0381251843478235,0.2217912565715419,0.00994981577962746,1,2425,0.6488139107617217,0.007026573949026123,0.0091194445113625,0.2830614859309045,0.05197858484698513,1,-0.07737051377807491,0.0030772551878156633,-0.029005739836461,0.06127022935936263,0.04202876906735767,0.10291277788002606,1,0.7586428220839541,0.8693043832668472,0.11066156118289316
tm657435,pedro santos_2000,2324,0.008039050526357453,0.00037781157780538907,0.0062687764701552596,0.9844120511759101,0.0009023102497717629,4,2425,0.04336524936143898,0.0032996413687629636,0.0060317206009885636,0.9409453876493307,0.0063580010194788095,4,0.03532619883508152,0.0029218297909575745,-0.00023705586916669599,-0.04346666352657946,0.005455690769707046,0.05608818455861289,4,0.09534132800069992,0.275199308104359,0.17985798010365908
tm658848,jesus castillo_2001,2324,0.20746219667762394,0.031953491448959634,0.080917570948271,0.46623324856531856,0.21343349235982684,4,2425,0.10348849162157588,0.04535729351961044,0.0707481150907239,0.7666366518245241,0.013769447943565757,4,-0.10397370505604807,0.013403802070650804,-0.010169455857547097,0.30040340325920556,-0.19966404441626107,0.3183328694545738,4,1.3251831810328412,0.8251604752762294,-0.5000227057566118
tm659705,paulo victor_2001,2324,0.01769990798552424,0.12084231208449962,0.6879806955076879,0.12174359975638406,0.05173348466590414,3,2425,0.12857147424069762,0.0020806664535111194,0.0032547589323391607,0.8558730790567645,0.010220021316687406,4,0.11087156625517339,-0.11876164563098851,-0.6847259365753487,0.7341294793003804,-0.04151346334921673,1.01695257179167,4,0.9936669639887972,0.4752699477889866,-0.5183970161998106
tm663254,dinis pinto_2000,2324,0.8994473539794737,0.001911395042166829,0.010597178877249988,0.079785965733566,0.00825810636754336,1,2425,0.05968468317156645,0.012734571301863866,0.011885791800830681,0.9108171114483513,0.004877842277387778,4,-0.8397626708079072,0.010823176259697037,0.0012886129235806926,0.8310311457147853,-0.003380264090155582,1.1814960474322687,1,0.3968129931707296,0.387528519153308,-0.009284474017421607
tm666539,beni_2002,2324,0.06896270619125025,0.0018081632793772477,0.02438042078758343,0.8946746047799031,0.010174104961885982,4,2425,0.06912522101328346,0.017479484508852373,0.0366179779678072,0.865917645503023,0.010859671007034118,4,0.00016251482203320788,0.015671321229475125,0.01223755718022377,-0.028756959276880156,0.0006855660451481355,0.03496193977364769,4,0.43263782204050183,0.5503067668512918,0.11766894481078993
tm669956,leonardo lelo_2000,2324,0.6235536076718945,0.0006052417769455145,0.015723010198780082,0.35634191634507856,0.003776224007301436,1,2425,0.04159731945676925,0.07703043204391347,0.5747563016878617,0.28394109610801654,0.022674850703438894,3,-0.5819562882151252,0.07642519026696795,0.5590332914890817,-0.07240082023706201,0.01889862669613746,0.8138022062298578,1,0.7530580586360727,1.0913816994240912,0.3383236407880186
tm681829,nilton varela_2001,2324,0.10489663357542922,0.0031146667808030475,0.05506224504338454,0.7439688432710247,0.09295761132935837,4,2425,0.4196084828588026,0.022411798953146357,0.06446562011825628,0.48915038008065903,0.004363717989135759,4,0.31471184928337337,0.019297132172343308,0.00940337507487174,-0.2548184631903657,-0.08859389334022261,0.4055080764114768,1,0.8550015296672777,0.9997647192364567,0.144763189569179
tm695121,hevertton santos_2001,2324,0.8576080033808654,0.00026944076136348834,0.0053838370446645184,0.1347414915578671,0.0019972272552394987,1,2425,0.34493186485404254,0.005908046646658076,0.00721800593650932,0.6371115731296099,0.0048305094331802835,4,-0.5126761385268228,0.005638605885294588,0.0018341688918448017,0.5023700815717428,0.002833282177940785,0.7178075507578804,1,0.44456745767183375,0.746035148186487,0.3014676905146532
tm701325,bruno onyemaechi_1999,2324,0.509211627767475,0.0022459382845635427,0.07042897167894964,0.4068350830005354,0.011278379268476472,1,2425,0.03204624249835311,0.13798567933122607,0.6799153474871337,0.1437684904323702,0.006284240250916983,3,-0.4771653852691219,0.13573974104666253,0.609486375808184,-0.2630665925681652,-0.0049941390175594885,0.8287277940431734,3,0.9606865598741785,0.9565607703740021,-0.004125789500176391
tm701979,geny catamo_2001,2324,0.0193230871666087,0.03618724170208517,0.6752912715328188,0.25582699495441147,0.013371404644075833,3,2425,0.0015728525256395835,0.2426861469264666,0.733257365000826,0.0043705923873428604,0.01811304315972497,3,-0.017750234640969115,0.2064989052243814,0.057966093468007185,-0.2514564025670686,0.004741638515649139,0.3309792426612142,4,0.8679416928427611,0.6776905919679873,-0.19025110087477382
tm70359,david simao_1990,2324,0.03414257652121851,0.000990971651758371,0.059332288052796445,0.8980509722989334,0.007483191475293211,4,2425,0.04394994466457093,0.016072908835223502,0.05825630068932153,0.8700864619865065,0.011634383824377575,4,0.009807368143352424,0.01508193718346513,-0.0010759873634749173,-0.02796451031242686,0.004151192349084364,0.03326891769994056,4,0.42294807834613524,0.5422393386641338,0.11929126031799853
tm717585,mory gbane_2000,2324,0.011423900067666935,0.0002604130840859621,0.001900881678843223,0.9853174778723077,0.0010973272970960452,4,2425,0.6770311501226786,0.0015800189371732623,0.004943982760312996,0.31292945184856474,0.0035153963312705584,1,0.6656072500550116,0.0013196058530873002,0.003043101081469773,-0.6723880260237429,0.002418069034174513,0.9461234965318746,4,0.08719968632192482,0.6839284973238936,0.5967288110019688
tm726705,samuel justo_2004,2324,0.03569866122303021,0.011558945171063527,0.140509027672562,0.8056828770758999,0.006550488857444342,4,2425,0.05734764270400085,0.3217378557164263,0.15168078945708321,0.4306016143057664,0.038632097816723276,4,0.021648981480970636,0.3101789105453628,0.011171761784521228,-0.37508126277013354,0.03208160895927893,0.4873298645567288,4,0.653291022666197,1.3033673908087142,0.6500763681425172
tm72768,nelson oliveira_1991,2324,0.002489886263345289,0.90160374345762,0.05884163284701981,0.0041583654125058565,0.03290637201950917,2,2425,0.009828244802212857,0.5406611323994798,0.06341539216281551,0.020007695652340323,0.36608753498315144,2,0.007338358538867568,-0.3609426110581402,0.004573759315795699,0.015849330239834467,0.33318116296364225,0.36139388556925395,2,0.41015328930059575,0.998958047009416,0.5888047577088202
tm729140,miguel maga_2002,2324,0.20966735032617706,0.002931972205804132,0.030866435865988456,0.7312334970523383,0.025300744549692132,4,2425,0.8214456948702885,0.0008032105562162331,0.001583118887040786,0.1754406313275404,0.0007273443589138939,1,0.6117783445441114,-0.002128761649587899,-0.02928331697894767,-0.5557928657247979,-0.02457340019077824,0.8270674076054303,1,0.7739262264677605,0.48810493531672255,-0.285821291151038
tm733579,clayton_1999,2324,0.0035174878354892448,0.8663679112070012,0.026104069729265978,0.005587694187280803,0.09842283704096283,2,2425,0.003237229482347798,0.03456109965036526,0.012063457126816479,0.004898071657868006,0.9452401420826024,5,-0.0002802583531414469,-0.8318068115566359,-0.0140406126024495,-0.0006896225294127966,0.8468173050416397,0.8319256365074024,2,0.4964932273148841,0.2674342096015204,-0.22905901771336368
tm739438,matheus pereira_2000,2324,0.08113441038281517,0.009705803181702798,0.19422549267899475,0.6966303789364003,0.018303914820086697,4,2425,0.048554836343279055,0.2377519851803592,0.09072482416731749,0.5655582753039032,0.05741007900514101,4,-0.03257957403953612,0.2280461819986564,-0.10350066851167726,-0.1310721036324971,0.03910616418505431,0.2845325543795895,2,0.892111471368248,1.1925379841564125,0.30042651278816457
tm740087,michel costa_2001,2324,0.020363445177628066,0.00040274519951805305,0.0037116211320460265,0.9730744924560503,0.002447696034757392,4,2425,0.24791302263968165,0.029067483678878653,0.03969503729246664,0.5763362766771714,0.10698817971180169,4,0.2275495774620536,0.0286647384793606,0.03598341616042061,-0.3967382157788789,0.1045404836770443,0.4596699854604731,4,0.1444919311838152,1.133401236904401,0.9889093057205859
tm740498,david pastor_2000,2324,0.9719788062296106,0.0005135100747765363,0.0020572973594564785,0.02280555247420919,0.0026448338619471205,1,2425,0.3116487881629919,0.010185625520940588,0.018018449107570795,0.65117301018146,0.008974127027036885,4,-0.6603300180666187,0.009672115446164052,0.015961151748114317,0.6283674577072508,0.0063292931650897645,0.9117179952417661,1,0.14616111505115081,0.8040712318118434,0.6579101167606926
tm741517,alfonso trezza_1999,2324,0.026416309642017334,0.0026736414083164493,0.061171000594438425,0.9014569693136033,0.00828207904162452,4,2425,0.00038414341986689693,0.9334573738326072,0.06051526764663145,0.004399478950220957,0.001243736150673671,2,-0.026032166222150436,0.9307837324242907,-0.0006557329478069779,-0.8970574903633823,-0.007038342890950848,1.292961175452171,2,0.41596848057968194,0.2692286767732983,-0.14673980380638363
tm752442,andre lacximicant_2001,2324,0.01937141239390027,0.4128026024123635,0.20444951919438978,0.09261126724701481,0.27076519875233157,2,2425,0.00692537087431511,0.2180340744265513,0.05235416587648474,0.013587674577304358,0.7090987142453444,5,-0.012446041519585161,-0.1947685279858122,-0.15209535331790502,-0.07902359266971046,0.43833351549301286,0.25974489050334376,2,1.3403017565025128,0.8231237521305278,-0.517178004371985
tm756990,alan varela_2001,2324,0.0008940862203375728,8.345959020107387e-05,0.00192582661750744,0.9970098705694626,8.675700249145707e-05,4,2425,0.028995065563267742,0.04112238278432381,0.5567193586431783,0.3701641852385531,0.002999007770677033,3,0.02810097934293017,0.04103892319412274,0.5547935320256709,-0.6268456853309095,0.0029122507681855763,0.838573332900863,4,0.022898084862713795,0.9452528592762531,0.9223547744135393
tm766258,kaio cesar_2004,2324,0.06703972401346724,0.11984581189513077,0.5331692748846211,0.20026084426105123,0.07968434494572978,3,2425,0.0024505723742026435,0.8803226817691856,0.07638971178881336,0.014455562598594639,0.026381471469203797,2,-0.0645891516392646,0.7604768698740548,-0.4567795630958077,-0.18580528166245658,-0.05330287347652598,0.9086627537643336,2,1.2943729340492651,0.4805532291497231,-0.813819704899542
tm811778,alvaro carreras_2003,2324,0.2214320830601906,0.06058555055080105,0.3042216961132109,0.32484046394514376,0.08892020633065374,4,2425,0.7500392727760119,0.007234727949262489,0.011481325894244224,0.22795932039392566,0.0032853529865556792,1,0.5286071897158213,-0.05335082260153856,-0.2927403702189667,-0.0968811435512181,-0.08563485334409807,0.6142920735474686,1,1.4461725301762687,0.6585245314926833,-0.7876479986835854
tm815652,tiago fonseca morais_2003,2324,0.0032270825248735422,0.1404102803356768,0.8169717218988141,0.029935487664141294,0.009455427576494336,3,2425,0.015186241255249693,0.5019387839753455,0.33046433322,0.10146787252347568,0.050942769025929084,2,0.01195915873037615,0.3615285036396687,-0.48650738867881405,0.07153238485933439,0.04148734144943475,0.6104524565797232,3,0.6084224613716768,1.1592931646782476,0.5508707033065708
tm816572,gilberto batista_2003,2324,0.9910313679060531,0.0002456938688996285,0.0004460942662472647,0.005294160230757689,0.0029826837280426052,1,2425,0.9976931104937298,4.449838901932343e-05,7.924277126581391e-05,0.0019809143037921046,0.00020223404219309272,1,0.006661742587676711,-0.0002011954798803051,-0.0003668514949814508,-0.0033132459269655844,-0.0027804496858495125,0.007451944210574448,1,0.05950356275263266,0.017548212398130536,-0.041955350354502124
tm818495,otavio ataide_2002,2324,0.9897817427710575,0.00016881376570770397,0.0009860036645164877,0.008726278172087789,0.0003371616266304341,1,2425,0.9604521817480103,0.00246986894922488,0.0038858510109483426,0.03190283537517932,0.0012892629166368515,1,-0.02932956102304718,0.002301055183517176,0.002899847346431855,0.023176557203091534,0.0009521012900064174,0.03756434377415665,1,0.06252778653629934,0.19363698877131383,0.1311092022350145
tm821824,matias rocha_2001,2324,0.6289043305269719,0.04272300257462681,0.03954496745615852,0.14596134679322634,0.14286635264901634,1,2425,0.9936143384007743,0.00011585379682127985,0.00018180234130972232,0.005825666513551171,0.0002623389475437548,1,0.36471000787380237,-0.042607148777805526,-0.039363165114848796,-0.14013568027967516,-0.14260401370147258,0.39498889430664913,1,1.1130058324668575,0.04112009791708274,-1.0718857345497748
tm829434,facundo caseres_2001,2324,0.10395521271841807,0.0016219881756611508,0.011779173026866633,0.8678766055132807,0.014767020565773538,4,2425,0.10193883459074711,0.008696717747133422,0.01614059579716739,0.8580563191461951,0.015167532718756871,4,-0.0020163781276709564,0.0070747295714722715,0.004361422770300756,-0.009820286367085651,0.00040051215298333304,0.013022196902830192,4,0.48330078681039645,0.5355191569855339,0.05221837017513742
tm830841,leonel bucca_1999,2324,0.03178929825457911,0.03343968025987512,0.2098966939743193,0.6876969473795641,0.03717738013166255,4,2425,0.009711349102745447,0.45412205163447905,0.46871265876444834,0.05761672860708611,0.009837211891240953,3,-0.022077949151833663,0.42068237137460396,0.258815964790129,-0.630080218772478,-0.027340168240421597,0.8009044132371417,4,0.9308044442319047,0.96855847012524,0.03775402589333532
tm858719,telasco segovia_2003,2324,0.11140061726676825,0.00499394488658321,0.030170805184541367,0.7998411982152575,0.05359343444684961,4,2425,0.03832175486305419,0.034239642699883825,0.38509915398961825,0.5172619937616487,0.02507745468579507,4,-0.07307886240371406,0.029245697813300615,0.3549283488050769,-0.28257920445360873,-0.02851597976105454,0.46045734932340976,3,0.7120424296205274,1.0414275710195864,0.32938514139905894
tm868101,marcos vinicios sorriso_2001,2324,0.010721483697110115,0.008224654736061219,0.7919405104145031,0.17728380132953409,0.011829549822791632,3,2425,0.0029352851504571746,0.20687572829950607,0.733227657701284,0.00896577309486146,0.04799555575389135,3,-0.00778619854665294,0.19865107356344486,-0.05871285271321913,-0.16831802823467262,0.03616600593109971,0.26702253016973926,2,0.6320370845841025,0.7586096619043164,0.12657257732021399
tm868622,taichi fukui_2004,2324,0.02517571405721662,0.002376329659500626,0.04305433581669739,0.927162995621885,0.0022306248447005734,4,2425,0.08280399465267618,0.012820689684251712,0.05846975084632212,0.8394329095455111,0.006472655271238884,4,0.05762828059545956,0.010444360024751086,0.015415415029624728,-0.08773008607637389,0.004242030426538311,0.10660350090038878,4,0.32620712607571833,0.6077018223646717,0.2814946962889534
tm891971,joao marques_2002,2324,0.007507834383699755,0.30821097934402225,0.6119627311217375,0.056446928451208134,0.015871526699332332,3,2425,0.04266193934600839,0.29713520130502197,0.07973420835435613,0.5422295661199404,0.03823908487467298,4,0.035154104962308634,-0.011075778039000284,-0.5322285227673813,0.4857826376687323,0.022367558175340647,0.7215334056455114,3,0.92802071430232,1.1535095950176129,0.22548888071529283
tm906329,roger fernandes_2005,2324,0.004582303341134247,0.038284475311962225,0.08469220334629944,0.009044296223310285,0.8633967217772939,5,2425,0.007812120074448986,0.3538108634996119,0.5185281529604204,0.025932590099883735,0.09391627336563492,3,0.0032298167333147387,0.31552638818764966,0.433835949614121,0.01688829387657345,-0.769480448411659,0.5367179697071096,3,0.5280473386431548,1.0629184396904034,0.5348711010472487
tm90681,eliaquim mangala_1991,2324,0.6144555066361003,0.024590723517244163,0.027140080565384663,0.13653318042570853,0.19728050885556234,1,2425,0.9290925546951343,0.00046004398581447886,0.0007831042336707765,0.0612806175468607,0.008383679538519729,1,0.31463704805903403,-0.024130679531429684,-0.026356976331713886,-0.07525256287884782,-0.1888968293170426,0.32547872453838966,1,1.0803316197547645,0.28866756753618067,-0.7916640522185838
tm908936,ze carlos_2001,2324,0.03299528029343758,0.0006222974639440469,0.015250770483456,0.9428693591248126,0.008262292634349747,4,2425,0.29049446223141934,0.0009442478990603131,0.0015194671254108948,0.7038165920780594,0.0032252306660500735,4,0.25749918193798177,0.00032195043511626625,-0.013731303358045104,-0.23905276704675327,-0.005037061968299674,0.351625804621095,1,0.2760426174411459,0.6412470970958533,0.36520447965470737
tm929573,joel silva_2003,2324,0.026180293172883663,0.09606745729803463,0.3224652972143726,0.47822352548347513,0.07706342683123386,4,2425,0.028697595375021322,0.4695053072363631,0.1078345524229692,0.3794973171877214,0.014465227777925097,2,0.00251730220213766,0.37343784993832846,-0.21463074479140343,-0.09872620829575374,-0.06259819905330877,0.44189974585997166,2,1.2356769626364967,1.1260222391506232,-0.10965472348587357
tm935480,martim fernandes_2006,2324,0.6493623484894999,0.006171270144991177,0.020880959562584993,0.16896755035882266,0.15461787144410125,1,2425,0.4084108520414933,0.05605015144514718,0.08745347509528184,0.35793738136421327,0.09014814005386451,1,-0.24095149644800662,0.049878881300156004,0.06657251553269684,0.1889698310053906,-0.06446973139023673,0.31731218585936133,1,0.9816296898989154,1.3249941872005793,0.34336449730166385
tm974982,ousmane diomande_2003,2324,0.9984515740880388,3.4557062092773585e-05,0.0001132339661384977,0.0013406345459022805,6.000033782773032e-05,1,2425,0.8996971745652493,0.0024853371486684766,0.0022015120239664374,0.09424373050359826,0.001372245758517517,1,-0.09875439952278942,0.002450780086575703,0.0020882780578279398,0.09290309595769598,0.0013122454206897867,0.13562368484859544,1,0.012382128227869268,0.35510738152232996,0.3427252532944607
tm982575,gustavo sa_2004,2324,0.03005349562976528,0.020033759835795566,0.26591620072612066,0.6414094920810866,0.04258705172723197,4,2425,0.0068815670078721984,0.5657836968283999,0.33276346993248657,0.05667736623189711,0.037893899999344206,2,-0.023171928621893084,0.5457499369926043,0.06684726920636591,-0.5847321258491894,-0.0046931517278877635,0.8029695812444892,4,0.9551504277250917,1.0093595092123995,0.05420908148730774
