uid,pid,season_t,u_1,u_2,u_3,u_4,u_5,u_6,u_noise,hard_t,season_t1,u_1_t1,u_2_t1,u_3_t1,u_4_t1,u_5_t1,u_6_t1,u_noise_t1,hard_t1,delta_u_1,delta_u_2,delta_u_3,delta_u_4,delta_u_5,delta_u_6,delta_u_noise,transition_norm,dominant,entropy_t,entropy_t1,delta_entropy
alan eduardo schons_1993,alan eduardo schons_1993,1718,0.001339402755499306,0.09054586392611837,0.519453767785351,0.012689911635030608,0.014946878545442169,0.3471440487545878,0.013880126597970615,3,1819,0.0019890795836050475,0.20176419831641104,0.618601650557287,0.11582276337682273,0.010203388521308058,0.03531708937719251,0.01630183026737369,3,0.0006496768281057414,0.11121833439029268,0.09914788277193598,0.10313285174179213,-0.004743490024134111,-0.3118269593773953,0.0024217036694030736,0.36068709575370833,6,1.111468262634227,1.114083960891809,0.002615698257582011
andre almeida pinto_1989,andre almeida pinto_1989,1718,0.0002664687622891788,0.1416725855481362,0.009182955294970038,0.8449625633001966,0.0009206272098553846,0.0017843893266116428,0.0012104105579410897,4,1819,1.2484234266779587e-05,0.0001978272020479334,0.0003115044569785948,0.9994010163867257,1.2422408726613592e-05,1.043061278083404e-05,5.431469847368269e-05,4,-0.0002539845280223992,-0.14147475834608825,-0.008871450837991443,0.15443845308652915,-0.000908204801128771,-0.0017739587138308089,-0.001156095859467407,0.20964036337126177,4,0.4903300531333452,0.005735354809347302,-0.48459469832399793
carlos ponck_1995,carlos ponck_1995,1718,3.099220626713169e-42,1.0560571845479771e-38,2.5647720017183635e-40,1.0,1.7202368950080043e-41,4.249547497200474e-41,2.0748796150737e-41,4,1819,6.56662504950038e-05,0.001362699577617837,0.0015675539669385964,0.9963682838072175,0.00011480532987540577,8.88437307044694e-05,0.0004321473371510427,4,6.56662504950038e-05,0.001362699577617837,0.0015675539669385964,-0.0036317161927824637,0.00011480532987540577,8.88437307044694e-05,0.0004321473371510427,0.004186755738245364,4,1.6578612669557127e-10,0.028590732355609626,0.028590732189823498
diederrick joel_1993,diederrick joel_1993,1718,0.3179880085682601,0.008638771575310665,0.017076730237913316,0.0087310814558455,0.20673608152652678,0.02030073245844454,0.42052859417769894,7,1819,0.9101285714563239,0.030954021991281215,0.0037270520006024615,0.0028310122329780387,0.024633382277545243,0.014540586294557128,0.013185373746711996,1,0.5921405628880638,0.02231525041597055,-0.013349678237310855,-0.0059000692228674614,-0.18210269924898154,-0.005760146163887413,-0.407343220430987,0.6201096787681912,1,1.2855494475856442,0.44055818349910403,-0.8449912640865401
eliseu cassama_1994,eliseu cassama_1994,1718,0.0005207776131161714,0.8729000126305035,0.01820453879234039,0.07505176135905439,0.00663395955890775,0.02252740471979615,0.004161545326281655,2,1819,0.0020418233351095754,0.012503005802217302,0.13810606956973664,0.8328004360798117,0.0010711936777889712,0.00689468762089029,0.006582783914445519,4,0.001521045721993404,-0.8603970068282862,0.11990153077739625,0.7577486747207574,-0.0055627658811187785,-0.01563271709890586,0.002421238588163864,1.1528747027631112,2,0.5314084297699997,0.5679237964206323,0.0365153666506326
paulinho_1994,paulinho_1994,1718,0.02872588812128431,0.006070622246800776,0.01218291970139487,0.002058405639762186,0.6441451497551557,0.30023525038583615,0.00658176414976609,5,1819,1.3874955856383703e-05,0.9991880363900054,4.855108095686644e-05,1.5667434123885624e-05,0.0001402352347853,0.0005872897268948464,6.345177377382541e-06,2,-0.028712013165427926,0.9931174141432046,-0.012134368620438003,-0.0020427382056383003,-0.6440049145203703,-0.2996479606589413,-0.006575418972388707,1.221388236356132,2,0.8770117741667153,0.007311989738870837,-0.8696997844278445
paulo sergio mota_1991,paulo sergio mota_1991,1718,0.0009095619588879214,0.7286296128163977,0.019068961783492187,0.20806028497929377,0.009242391631469522,0.027023829448074705,0.007065357382384056,2,1819,0.001699275511283904,0.10139957223972308,0.05968993430985278,0.8071776057029268,0.011318875193668296,0.011782764918689749,0.006931972123855229,4,0.0007897135523959826,-0.6272300405766746,0.0406209725263606,0.5991173207236331,0.002076483562198774,-0.015241064529384956,-0.00013338525852882744,0.868473590088574,2,0.8150592210571798,0.7215721759514435,-0.09348704510573624
pedrao_1992,pedrao_1992,1718,0.0004350935434385437,0.2961461108137391,0.020012788212665365,0.6746843964201148,0.0019168355496499549,0.003943817705336204,0.0028609577550561495,4,1819,7.012050018032808e-05,0.0013865675054970797,0.0009606572131315926,0.9971839252686264,0.0001331003517585603,7.946501629655876e-05,0.00018616414450925656,4,-0.0003649730432582156,-0.294759543308242,-0.019052130999533772,0.32249952884851163,-0.0017837351978913945,-0.0038643526890396454,-0.002674793610546893,0.43734467678560185,4,0.7581021163546491,0.022819216694069402,-0.7352828996605797
pedro rodrigues_1997,pedro rodrigues_1997,1718,0.002178428544996113,0.016000979860775286,0.12828145996239063,0.008208589016578867,0.08020801102238284,0.7622057395915027,0.002916792001373624,6,1819,0.005525223023372771,0.1959845872101122,0.5988457278634188,0.08904113174426238,0.03597922619259247,0.06298244087756424,0.011641663088677041,3,0.003346794478376658,0.1799836073493369,0.47056426790102823,0.08083254272768352,-0.04422878482979037,-0.6992232987139385,0.008724871087303417,0.8667406399891122,6,0.8087395470222148,1.216147771003625,0.4074082239814102
tm102427,sebastian coates_1990,1718,0.0001270005764331081,0.3503294054860607,0.012181711655263022,0.6331693804220078,0.0007761213358442634,0.0027466913105812355,0.0006696892138100579,4,1819,0.00010017362203405769,0.002076866552247773,0.00738662822294766,0.9896331222446928,0.00015072667907498847,0.00016630173949350622,0.0004861809395091635,4,-2.682695439905042e-05,-0.3482525389338129,-0.004795083432315363,0.35646374182268503,-0.0006253946567692749,-0.0025803895710877294,-0.00018350827430089437,0.49837362809613067,4,0.7383082550122139,0.0668007424698438,-0.6715075125423701
tm103381,tiquinho soares_1991,1718,0.3632026970703212,0.0045314524430662955,0.00843890614326935,0.003909272330824873,0.06944128566359041,0.015248413211012637,0.5352279731379153,7,1819,0.9593936237104825,0.004387462613962568,0.0007127775847080098,0.0007878610146561284,0.017256051920466024,0.005428961933901983,0.01203326122182286,1,0.5961909266401613,-0.00014398982910372726,-0.007726128558561341,-0.0031214113161687445,-0.052185233743124386,-0.009819451277110654,-0.5231947119160923,0.5986090529355876,1,1.0378323061303445,0.2259433595907252,-0.8118889465396193
tm104127,aymen tahar_1989,1718,0.0033123820413340256,0.17240434513830957,0.38073363178581837,0.12430712875049361,0.02369486139072782,0.20483986021069972,0.09070779068261683,3,1819,0.00027959138151577013,0.006682877255285398,0.9810025515118526,0.009016944726850893,0.0002127216073244584,0.0017825983216614252,0.001022715195509542,3,-0.0030327906598182556,-0.16572146788302416,0.6002689197260342,-0.11529018402364272,-0.023482139783403362,-0.2030572618890383,-0.08968507548710729,0.6654855879374374,3,1.5799894705000224,0.11715402624088583,-1.4628354442591365
tm104466,stefan ristovski_1992,1718,0.001368726242309774,0.7905315423474074,0.022407507457442292,0.1498992646529581,0.005761375026576534,0.0131462050215635,0.016885379251742536,2,1819,0.001654783980882296,0.013633719353952516,0.02518465676913463,0.9394841794478679,0.005387480992751596,0.003986617937340522,0.010668561518070748,4,0.00028605773857252187,-0.7768978229934549,0.002777149311692338,0.7895849147949098,-0.0003738940338249381,-0.00915958708422298,-0.006216817733671788,1.1077483456378014,4,0.719996581269747,0.31912941182072774,-0.40086716944901923
tm107444,antonio briseno_1994,1718,0.0015403026835567343,0.07678826333306454,0.01263245188937004,0.8966876484544339,0.0016886674956189296,0.004302077406199953,0.0063605887377559435,4,1819,2.9853974703016528e-06,7.194672781505252e-05,8.028562529405187e-05,0.9998274844490606,3.9512035322481816e-06,3.3542902413389583e-06,9.992306586399146e-06,4,-0.0015373172860864326,-0.0767163166052495,-0.012552166264075989,0.10313983599462662,-0.0016847162920866814,-0.004298723115958613,-0.0063505964311695445,0.12924572145431723,4,0.42646188798090334,0.0018603981173567251,-0.4246014898635466
tm109256,haris seferovic_1992,1718,0.23049285867249703,0.0053202757813719855,0.00703695840901204,0.004223542533483185,0.09555426823192807,0.012319401955490295,0.6450526944162174,7,1819,0.03921356879196204,0.005523213289757965,0.0015545736056443067,0.0026896305496833615,0.026530352414698095,0.006885459412944272,0.9176032019353101,7,-0.191279289880535,0.0002029375083859794,-0.005482384803367733,-0.0015339119837998235,-0.06902391581722997,-0.0054339425425460235,0.2725505075190927,0.2035044128176095,1,0.9854208991975508,0.39116132056260056,-0.5942595786349503
tm111200,fabio pacheco_1988,1718,0.0007649317016136872,0.055803256417186586,0.8193446901508213,0.05418660433576166,0.007108527768001815,0.05275660008785065,0.010035389538764233,3,1819,0.0004662278024925956,0.009609570296084492,0.942087514945218,0.03825302660937117,0.0005791872795533881,0.0014890323015331742,0.007515440765747111,3,-0.00029870389912109164,-0.0461936861211021,0.12274282479439669,-0.015933577726390494,-0.0065293404884484265,-0.051267567786317476,-0.0025199487730171227,0.14186127587570854,3,0.724313683188542,0.2800217113056749,-0.44429197188286706
tm111811,florent hanin_1990,1718,0.0011473234790449823,0.6644437177093888,0.05909107314462507,0.13667492619340288,0.018427621927424642,0.1128724629531622,0.007342874592951495,2,1819,0.002111682797731915,0.03218726189625633,0.009550061714189555,0.9151919911987109,0.016320861306682793,0.005765446637945036,0.018872694448483406,4,0.0009643593186869327,-0.6322564558131325,-0.049541011430435516,0.7785170650053079,-0.0021067606207418495,-0.10710701631521716,0.01152981985553191,1.0098359468787839,4,1.0744609420464593,0.4209514979070178,-0.6535094441394415
tm111828,fransergio_1990,1718,0.02356748614557741,0.02268403090756044,0.26326195999906965,0.006527789057408564,0.391409367100072,0.28565819878517185,0.006891168005140189,5,1819,0.03954221609747115,0.4075587441653149,0.06913905647019844,0.008157296112333916,0.03332861428317467,0.43495605997264,0.0073180128988667385,6,0.015974729951893737,0.38487471325775446,-0.1941229035288712,0.0016295070549253521,-0.35808075281689733,0.14929786118746813,0.00042684489372654937,0.5801566777716728,2,1.3177703347438008,1.2289437463670203,-0.08882658837678048
tm112465,sergio oliveira_1992,1718,0.0076526069908605275,0.03886431003968771,0.04956185126268556,0.011248451217623473,0.055688913059825436,0.7631622401103918,0.0738216273189256,6,1819,0.01930775862518924,0.0757142983499155,0.19079369567808072,0.025207275476130577,0.06737194791022513,0.5880843509244607,0.033520673035998184,6,0.01165515163432871,0.03684998831022779,0.14123184441539516,0.013958824258507104,0.011683034850399697,-0.17507788918593115,-0.04030095428292741,0.22896245857095054,6,0.9223816682286801,1.288220523031918,0.36583885480323786
tm114130,fabio espinho_1985,1718,0.0021362346211796722,0.0008073486313232966,0.0030403125780786356,0.00024000932309672265,0.9513399540925113,0.04204323392985632,0.0003929068239541158,5,1819,0.005567849392621573,0.5831197398284098,0.07259580170617594,0.01288061410856411,0.1566229140687811,0.16077263627102736,0.008440444624420085,2,0.0034316147714419007,0.5823123911970866,0.06955548912809731,0.012640604785467387,-0.7947170400237302,0.11872940234117105,0.00804753780046597,0.994871394986895,5,0.22228130278397218,1.2143996164181627,0.9921183136341906
tm119183,jose adolfo valencia_1991,1718,0.8143565220083895,0.0031505715687460394,0.009292230450591,0.004996919404037993,0.1236290550079563,0.005401408681835962,0.039173292878443365,1,1819,0.3057417268247112,0.1949249234903063,0.049249529820201275,0.05436220796837174,0.18658045909982157,0.04893451474349064,0.16020663805309732,1,-0.5086147951836784,0.19177435192156025,0.039957299369610275,0.04936528856433375,0.06295140409186527,0.04353310606165468,0.12103334517465394,0.5525920195072805,1,0.6688905514469397,1.7419110130965278,1.0730204616495882
tm122043,hector herrera_1990,1718,0.002465013346035635,0.021853095921484107,0.17600336659046467,0.008770870744996141,0.051327290050691775,0.7303307679272857,0.009249595419042153,6,1819,0.009854458836089026,0.18968320490250537,0.7462199826867453,0.01363605114586876,0.01604260920333825,0.019489553626073932,0.005074139599379462,3,0.007389445490053392,0.16783010898102127,0.5702166160962806,0.004865180400872618,-0.035284680847353526,-0.7108412143012117,-0.004175455819662691,0.9273254279321682,6,0.8709086977913533,0.8077206015295262,-0.06318809626182709
tm122115,vincent sasso_1991,1718,5.383160727075649e-06,0.0025522076049760978,0.00021148190649376765,0.9971434375849869,1.88010094076434e-05,4.539231758331013e-05,2.3296415825047835e-05,4,1819,0.0008574480862208603,0.007630433945508809,0.004209806690604586,0.9792552381336164,0.0013931416278735237,0.0005652522353193412,0.0060886792808564965,4,0.0008520649254937847,0.005078226340532711,0.003998324784110818,-0.017888199451370546,0.0013743406184658802,0.0005198599177360311,0.006065382865031449,0.019095752003097943,4,0.02085295125570788,0.13126407719148073,0.11041112593577285
tm122946,jardel_1986,1718,0.0038301875222369742,0.13353213849915965,0.04332353119225375,0.7555868132969594,0.020807169371465872,0.031152836418411992,0.011767323699512215,4,1819,4.8348246319347506e-05,0.0007465717902670648,0.00032362912864792784,0.9986949341275886,4.6922790044111806e-05,4.539568177401503e-05,9.419823535905635e-05,4,-0.003781839275917627,-0.13278556670889258,-0.04299990206360583,0.24310812083062916,-0.02076024658142176,-0.031107440736637976,-0.011673125464153158,0.2828347922959532,4,0.8788409841118059,0.011555509313232777,-0.8672854747985731
tm124384,joao silva_1990,1718,0.895842837049046,0.0029867438652679762,0.008053241394458548,0.0023623770007012387,0.08072928983106625,0.005653935030350423,0.004371575829109472,1,1819,0.9153643926497618,0.031632345391612825,0.003201755934705891,0.003755011005405436,0.02382505105595263,0.00930140114538207,0.012920042817179364,1,0.01952155560071578,0.02864560152634485,-0.004851485459752657,0.0013926340047041973,-0.05690423877511362,0.003647466115031647,0.008548466988069891,0.06692185263537365,5,0.4251939113161378,0.41828641456675136,-0.006907496749386455
tm124548,bebeto_1990,1718,0.002650057013283864,0.4548003273472998,0.054634848413814836,0.3558151686825949,0.02268873112361761,0.0630529307805572,0.046357936638831844,2,1819,0.0012712485192723317,0.02008314237899529,0.11803554251574801,0.8106895725096865,0.00422605608630492,0.011251766734798442,0.03444267125519429,4,-0.0013788084940115322,-0.4347171849683045,0.06340069410193316,0.45487440382709166,-0.01846267503731269,-0.051801164045758755,-0.011915265383637554,0.6347720332964569,4,1.3031099393601853,0.6989226685254475,-0.6041872708347378
tm125165,jesus corona_1993,1718,0.004637593829127398,0.013472609705220675,0.021522505768067527,0.0031962219899496452,0.02539729885146572,0.9182538901194434,0.013519879736725707,6,1819,0.003195472723725438,0.09446009702163645,0.010497783470425426,0.007673707532899983,0.03826970131956966,0.8348731031100826,0.01103013482166072,6,-0.0014421211054019604,0.08098748731641578,-0.011024722297642101,0.004477485542950337,0.012872402468103939,-0.0833807870093608,-0.002489744915064986,0.11756147149996868,6,0.4137116711667392,0.651718017883256,0.23800634671651683
tm125735,luis farina_1991,1718,0.08685172805358142,0.044651742926374194,0.12843071402233894,0.018632123221842788,0.25319362367820736,0.15763398740075002,0.3106060806969053,7,1819,0.05252111571111419,0.20067449956839084,0.48070221960689996,0.0173197429875318,0.02122523132088644,0.2013764593001381,0.02618073150503867,3,-0.03433061234246723,0.15602275664201665,0.352271505584561,-0.0013123802343109892,-0.23196839235732092,0.04374247189938807,-0.2844253491918666,0.45314607625288367,3,1.6910213736402406,1.3992809224091327,-0.2917404512311079
tm126956,edgar costa_1987,1718,0.006681217274133581,0.026634588385419492,0.12810022635655532,0.00629651043091707,0.09751452270968454,0.693466479985191,0.04130645485809894,6,1819,0.030716557123160803,0.11904994087420671,0.0041573973874653655,0.0025128861550678993,0.27561030088843097,0.5561519366202456,0.011800980951422598,6,0.024035339849027223,0.09241535248878723,-0.12394282896908995,-0.003783624275849171,0.17809577817874644,-0.1373145433649453,-0.029505473906676342,0.2739850828556613,5,1.0376428962917077,1.1320761413196456,0.09443324502793793
tm126964,david bruno_1992,1718,4.975250960609272e-05,0.7513652311480787,0.0038246616799605965,0.24011612249909728,0.0007578379829418748,0.003257649862454807,0.0006287443178606965,2,1819,0.00011092949030253712,0.004221718642733432,0.0020791201836114106,0.9909979886600552,0.0011660418362643816,0.0005787381311529827,0.000845463055880056,4,6.117698069644441e-05,-0.7471435125053453,-0.001745541496349186,0.7508818661609579,0.0004082038533225067,-0.002678911731301824,0.00021671873801935946,1.0592721081310392,4,0.6078632664755741,0.06406620386840144,-0.5437970626071726
tm127031,pierre sagna_1990,1718,2.621548172746363e-05,0.9335632418534834,0.0034208983540847337,0.060602538757493704,0.00025835896497536045,0.0015354716047663454,0.000593274983469048,2,1819,0.0004227844299565663,0.05094581946839234,0.1854877497452995,0.753100317519852,0.0022989694378019528,0.004253395284423716,0.003490964114274166,4,0.00039656894822910263,-0.882617422385091,0.18206685139121476,0.6924977787623583,0.002040610472826592,0.00271792367965737,0.002897689130805118,1.1365415675333541,2,0.27026394072049964,0.7379410827432313,0.4676771420227317
tm130622,tiago mesquita_1990,1718,0.0019744423174535074,0.2523097610918234,0.030654466703826714,0.6637551128973594,0.016728300338832013,0.015996634940918103,0.018581281709786762,4,1819,0.00183337314608856,0.06318550805683763,0.07711702448899467,0.8195866044648129,0.0118045396389463,0.013159841020578277,0.013313109183741468,4,-0.00014106917136494737,-0.18912425303498576,0.04646255778516796,0.15583149156745346,-0.004923760699885713,-0.002836793920339826,-0.005268172526045294,0.2494845022156808,2,0.9472551724466389,0.713612213318381,-0.23364295912825794
tm130635,vitor bruno_1990,1718,0.004752201196362453,0.41817330405145625,0.23155427406390755,0.03301864672844422,0.07075710980598014,0.21365010387404781,0.028094360279801438,2,1819,0.0019815139313489973,0.21099214667770666,0.07300631403199419,0.651982092403524,0.029073655804795262,0.023198506183593426,0.009765770967037605,4,-0.002770687265013456,-0.2071811573737496,-0.15854796003191335,0.6189634456750798,-0.04168345400118488,-0.1904515976904544,-0.018328589312763835,0.699424215187901,4,1.4588844577566085,1.0459494208486944,-0.4129350369079141
tm130940,idrissa mandiang_1984,1718,0.0002974755185336226,0.033434107754636254,0.9049055658322075,0.02395367241320873,0.0034764048704484635,0.031837977772865324,0.002094795838100313,3,1819,0.00018518293896115646,0.0042347271142682465,0.9322645376492025,0.060524714990473336,0.0002431479857367067,0.0005348248950652899,0.0020128644262926007,3,-0.00011229257957246617,-0.029199380640368006,0.02735897181699498,0.03657104257726461,-0.003233256884711757,-0.031303152877800035,-8.193141180771243e-05,0.06268103591716723,4,0.4381917966995537,0.2784223978917647,-0.159769398807789
tm131753,diego galo_1984,1718,0.0002997301031677596,0.19383181090914509,0.010384009554637795,0.7908827080781177,0.0009941949914851777,0.0015644226819804677,0.002043123681466041,4,1819,3.45255676290843e-05,0.0007084619399166268,0.0006114482449010393,0.9984310369282713,4.4312300142867054e-05,2.782852475978493e-05,0.0001423864943794429,4,-0.0002652045355386753,-0.19312334896922845,-0.009772561309736756,0.20754832885015362,-0.0009498826913423106,-0.0015365941572206827,-0.0019007371870865982,0.2836754719962786,4,0.5830719160635682,0.013582237329457555,-0.5694896787341107
tm131933,diego lopes_1994,1718,0.17803619751514507,0.02165074901947327,0.1729099209441772,0.010559774782032724,0.3784708693109165,0.15762681893800537,0.08074566949024987,5,1819,0.044640990052099316,0.43052207130902354,0.06728678676397136,0.02668952782039649,0.17845235369886656,0.2265417843810165,0.025866485974626242,2,-0.13339520746304576,0.40887132228955025,-0.10562313418020584,0.016129753038363767,-0.20001851561204995,0.06891496544301112,-0.05487918351562363,0.4910632688582012,2,1.6038794466305026,1.518383768725315,-0.08549567790518764
tm132060,jorge fellipe_1988,1718,0.010403457746411684,0.1520596992104302,0.05735940208981098,0.7215939744976848,0.014884269408932237,0.015559981943980464,0.028139215102749773,4,1819,0.007944041285894142,0.030432752764789288,0.03126284408800251,0.9105035765806012,0.003802837026115792,0.005880945312373866,0.010173002942223237,4,-0.0024594164605175415,-0.1216269464456409,-0.02609655800180847,0.1889096020829164,-0.011081432382816446,-0.009679036631606599,-0.017966212160526535,0.22667931714970282,4,0.9611834010628333,0.43646096031696996,-0.5247224407458633
tm132214,joao carlos teixeira_1993,1718,0.003507855218255708,0.023300388292332035,0.15726682542217732,0.003040492037056498,0.10668557217600634,0.7012414000251714,0.004957466829000658,6,1819,0.00022631981528710543,0.013379332459580338,0.9807048475633702,0.0019023562072228457,0.0003220617802820151,0.0028726710801597324,0.0005924110940976943,3,-0.0032815354029686024,-0.009921055832751697,0.8234380221411929,-0.0011381358298336525,-0.10636351039572432,-0.6983687289450117,-0.004365055734902964,1.084985136025548,3,0.9298873835493658,0.11444842946509338,-0.8154389540842725
tm13222,tiago gomes_1986,1718,6.407248802588307e-05,0.5188750114453843,0.005138556236783694,0.47284272215672235,0.0006071057426812953,0.0019515370270794447,0.0005209949033230619,2,1819,0.0002354397129387456,0.006525700003523468,0.03856887391760697,0.9496917695848317,0.0005011743564405271,0.0007212955463041724,0.0037557468783543397,4,0.00017136722491286255,-0.5123493114418608,0.03343031768082328,0.47684904742810935,-0.00010593138624076818,-0.0012302414807752724,0.003234751975031278,0.7007181824318321,2,0.7429006271645288,0.23937910958787254,-0.5035215175766562
tm134608,helder tavares_1989,1718,0.00043483310666577314,0.013897959525611044,0.8673290711521592,0.007675508558160613,0.01286212717273061,0.09551188106817093,0.0022886194165018863,3,1819,1.0089685861108228e-05,0.0006960135778265216,0.998747204635958,0.0004566327830502384,1.3690104052438135e-05,4.664178216087444e-05,2.9727431090932108e-05,3,-0.0004247434208046649,-0.013201945947784522,0.13141813348379883,-0.007218875775110375,-0.012848437068678172,-0.09546523928601006,-0.002258891985410954,0.1636337495953898,3,0.517843472352654,0.010868784494644432,-0.5069746878580096
tm137192,zainadine junior_1988,1718,0.00013651700539588072,0.14306064485580552,0.0041125139290434124,0.8503560734702958,0.0004121038102417934,0.0013531332664604085,0.0005690136627571137,4,1819,0.0017883224020215384,0.02241407528924721,0.03525125351817891,0.9300840490293675,0.0021337164952320888,0.0022085615574860096,0.00612002170846656,4,0.0016518053966256578,-0.12064656956655831,0.0311387395891355,0.07972797555907163,0.0017216126849902954,0.0008554282910256011,0.005551008045709446,0.1479465785579134,2,0.456231576085142,0.33959829724774565,-0.11663327883739633
tm138651,joaozinho_1989,1718,0.00010410666202108758,0.5368097967738957,0.012237730632185213,0.4457240527974084,0.0007645213329394097,0.0025123176722844057,0.0018474741292656928,2,1819,0.0014536238271399735,0.07071450179632904,0.227784570819355,0.6727736309706799,0.005922346712566274,0.007381261276198921,0.013970064597731117,4,0.001349517165118886,-0.4660952949775667,0.21554684018716977,0.22704957817327148,0.005157825379626865,0.0048689436039145145,0.012122590468465425,0.5615237361275145,2,0.7811198016531792,0.9267262195788875,0.14560641792570828
tm139393,tomane_1992,1718,0.9552654137092998,0.0005448532999162954,0.0008418901859901423,0.00034934534062682366,0.02241991189239725,0.0023288539239953465,0.01824973164777421,1,1819,0.9640803564146233,0.0019880253236460054,0.00033786463737072977,0.00021459664467618112,0.016128152290335793,0.012619043730123592,0.004631960959224348,1,0.008814942705323459,0.00144317202372971,-0.0005040255486194126,-0.00013474869595064254,-0.006291759602061457,0.010290189806128246,-0.013617770688549864,0.015017736330393175,6,0.22888394422517863,0.19878361176144724,-0.030100332463731394
tm139395,ricardo esgaio_1993,1718,0.01593264698563459,0.13391187715547323,0.2588252109603855,0.03413667676597922,0.09908317618511191,0.31817997229195394,0.1399304396554617,6,1819,0.010153010483990036,0.1382156721353693,0.38117828034012224,0.29033137247869856,0.06311932954405744,0.07733311435512269,0.03966922066263971,3,-0.0057796365016445535,0.004303794979896081,0.12235306937973672,0.25619469571271936,-0.03596384664105447,-0.24084685793683125,-0.10026121899282199,0.3741103176745612,4,1.6689210320337613,1.5471724434977532,-0.12174858853600812
tm140032,andreas samaris_1989,1718,0.0006818891827848379,0.020523871771722046,0.8316080876070507,0.013027778347264013,0.007156504393704544,0.12353216047944633,0.0034697082180273494,3,1819,0.0006263192399484128,0.00844915832411479,0.9682440881106238,0.01104994198288573,0.0020337859087255577,0.007516184465927943,0.0020805219677736183,3,-5.556994283642514e-05,-0.012074713447607256,0.13663600050357305,-0.001977836364378283,-0.005122718484978986,-0.11601597601351839,-0.001389186250253731,0.1797360820709149,3,0.6079630931030902,0.1881950646617766,-0.41976802844131356
tm141050,danilo pereira_1991,1718,0.0001430965710435173,0.006659998566043647,0.8201604522728808,0.004092426394694915,0.002685761899996122,0.16591185051273843,0.000346413782602556,3,1819,0.004392284547347481,0.5346266941823108,0.3856336582419056,0.03853651667861248,0.014920587007689282,0.016715408245909464,0.005174851096224841,2,0.004249187976303964,0.5279666956162672,-0.4345267940309752,0.03444409028391757,0.012234825107693161,-0.14919644226682896,0.004828437313622285,0.7008395584548844,2,0.5364345726404993,1.0099265679828624,0.4734919953423631
tm144927,edu machado_1990,1718,3.6935219356690994e-42,1.0,4.8157762522403625e-40,1.0560571845479771e-38,4.229949203865755e-41,2.369034037033764e-40,2.0748796150737e-41,2,1819,0.002191094389529247,0.09393969781157181,0.0975325669588753,0.7500661614170658,0.012001797642196582,0.018368589383392902,0.025900092397368554,4,0.002191094389529247,-0.9060603021884281,0.0975325669588753,0.7500661614170658,0.012001797642196582,0.018368589383392902,0.025900092397368554,1.1804843787359107,2,1.6578612669557127e-10,0.8994499119713697,0.8994499118055835
tm145692,rafael crivellaro_1989,1718,0.013563547105113349,0.00582195196939947,0.017816451271588842,0.0025154663435829204,0.7369358166858966,0.21901904076985143,0.004327725854567464,5,1819,0.0025278914036184017,0.8801017434844418,0.07791951308286647,0.0038785138637586676,0.004986375242999728,0.029171131291645686,0.001414831630669176,2,-0.011035655701494947,0.8742797915150423,0.06010306181127763,0.0013630475201757471,-0.7319494414428969,-0.18984790947820573,-0.002912894223898288,1.1575376404453523,2,0.7562117665543985,0.4867367029994354,-0.2694750635549631
tm147487,vincent aboubakar_1992,1718,0.6464995332678449,0.0038651483219262735,0.007735134157427706,0.0047920256924757825,0.08772408196674686,0.00852687972844457,0.24085719686513393,1,1819,0.23554849813673195,0.046761503295112535,0.005702077146716578,0.016245651953693256,0.41121280414449957,0.045320084138176196,0.23920938118506985,5,-0.410951035131113,0.04289635497318626,-0.0020330570107111277,0.011453626261217473,0.3234887221777527,0.03679320440973163,-0.0016478156800640853,0.526169994096576,1,0.9636479658131161,1.4279859179333165,0.46433795212020046
tm149928,jubal_1993,1718,0.00039485337050278565,0.4778657987345919,0.019109437187166862,0.49600935005940794,0.002243201876095216,0.003537961141999303,0.0008393976302359419,4,1819,7.657891559343509e-05,0.0005279841920669516,0.008516568737979393,0.989960119415028,0.0001029911522926893,0.00020866695601408518,0.0006070906310252632,4,-0.00031827445490935054,-0.47733781454252494,-0.010592868449187469,0.4939507693556201,-0.0021402107238025266,-0.0033292941859852177,-0.00023230699921067866,0.6869983454139992,4,0.8189693182351999,0.06249780615443881,-0.7564715120807611
tm153207,william_1991,1718,0.5613739313474192,0.010158833449963984,0.016548422640941106,0.011114957065330456,0.08657288693232913,0.02254681359765475,0.2916841549663612,1,1819,0.6144133951081053,0.3397815315823829,0.007866803342524223,0.012567611203693497,0.009081476432517834,0.008835621060774417,0.007453561270001732,1,0.053039463760686134,0.3296226981324189,-0.008681619298416883,0.001452654138363041,-0.0774914104998113,-0.013711192536880334,-0.28423059369635945,0.34312491028754954,2,1.1453308337172876,0.8801657767585027,-0.2651650569587849
tm156501,felipe_1989,1718,0.0010427636825841458,0.16796173015769733,0.020490898665659164,0.7882930805750569,0.007361312692570661,0.012276496491412766,0.002573717735019114,4,1819,0.0002987267502709778,0.005032156454754858,0.004963335840596956,0.9877657292165328,0.00046338069232897426,0.0004121674911401969,0.0010645035543753079,4,-0.0007440369323131681,-0.16292957370294248,-0.015527562825062208,0.19947264864147596,-0.006897932000241687,-0.011864329000272568,-0.001509214180643806,0.2583899884086414,4,0.6795119653585586,0.08160375788669351,-0.5979082074718651
tm157036,dyego sousa_1989,1718,0.017066295643154948,0.0011251785540726763,0.0019461433168620965,0.0010116055460497836,0.0054822163489018595,0.0020681794445297557,0.9713003811464289,7,1819,0.8873201201368235,0.00900877488676995,0.0009774061752643485,0.0013715855419272037,0.056178285346267405,0.012066042277985583,0.03307778563496187,1,0.8702538244936685,0.007883596332697274,-0.000968737141597748,0.0003599799958774201,0.05069606899736555,0.009997862833455828,-0.938222595511467,0.8718227955538115,1,0.16584370852313007,0.492129813532184,0.3262861050090539
tm158382,rafael costa_1991,1718,0.04210624708690147,0.022420187379966462,0.03467023657333912,0.007857595939997537,0.17922696408267638,0.6317372020708127,0.08198156686630634,6,1819,0.00840308600778035,0.15198392576599756,0.06044945585079156,0.008769013754887743,0.057402129694650667,0.7018691221803095,0.011123266745582628,6,-0.03370316107912112,0.1295637383860311,0.025779219277452442,0.0009114178148902068,-0.12182483438802572,0.07013192010949676,-0.07085830012072371,0.1958260470218201,2,1.1764704616438117,1.0001916343261075,-0.17627882731770428
tm158427,nildo petrolina_1986,1718,0.014315899361112423,0.051896968919300616,0.039248572547421694,0.009159033909866656,0.10628578818881389,0.7098509433052452,0.06924279376823958,6,1819,0.008074694475810421,0.009136303559277435,0.004201698785311377,0.0008486214245231749,0.05777831808019508,0.9060546465911444,0.013905717083738202,6,-0.006241204885302002,-0.04276066536002318,-0.03504687376211032,-0.008310412485343482,-0.048507470108618805,0.1962037032858992,-0.05533707668450138,0.2097942832778476,6,1.050798358372145,0.4243806627144384,-0.6264176956577066
tm159570,bruno nascimento_1991,1718,3.8802846403031605e-05,0.02792971099129047,0.0040053853564764215,0.9668576494159015,0.00029160526295439097,0.00044675561446089874,0.00043009051251336904,4,1819,6.595733432231482e-06,9.834223142430955e-05,0.0005690682181534707,0.9992546428170133,7.195971415264651e-06,1.2168455937549875e-05,5.1986572623934726e-05,4,-3.2207112970800126e-05,-0.027831368759866162,-0.0034363171383229507,0.032396993401111795,-0.0002844092915391263,-0.00043458715852334886,-0.0003781039398894343,0.04285124660842506,4,0.16417918485696792,0.006718712598903964,-0.15746047225806395
tm164705,raul silva_1989,1718,0.045681255253596655,0.2082247893639882,0.12095864483485158,0.17901920249280465,0.07472679004647166,0.11994157981514744,0.25144773819313987,7,1819,0.00024222418492304113,0.004607540549868554,0.014654174205385055,0.9790418187146713,0.0002711752815791165,0.00048279098331119525,0.0007002760802615713,4,-0.04543903106867361,-0.20361724881411963,-0.10630447062946652,0.8000226162218667,-0.07445561476489254,-0.11945878883183625,-0.2507474621128783,0.8453848575060766,4,1.8265002536421524,0.12042802933603323,-1.7060722243061193
tm168536,alhassan wakaso_1992,1718,0.0008289310663999727,0.04558818185800106,0.8377621700763144,0.04185577982073239,0.011218666656628733,0.050721715585187996,0.012024554936735564,3,1819,9.978469957209324e-06,0.0003679770564852196,0.9987454635042907,0.0007797098339322455,1.2230828394204368e-05,3.207928946406295e-05,5.2561017476134716e-05,3,-0.0008189525964427634,-0.04522020480151584,0.16098329342797635,-0.04107606998680014,-0.011206435828234529,-0.050689636295723935,-0.01197199391925943,0.17984277946553706,3,0.6825484239383081,0.010846685140447428,-0.6717017387978607
tm175597,ruben ferreira_1990,1718,0.001685558520038707,0.44730009049904706,0.17439266603653045,0.12682564171452204,0.022771963639391296,0.14509628319255358,0.08192779639791678,2,1819,0.00047673430780990596,0.01663412821884031,0.0360089370654599,0.9335352703216698,0.001608831871330151,0.003189252331836633,0.008546845883053461,4,-0.001208824212228801,-0.43066596228020676,-0.13838372897107054,0.8067096286071478,-0.021163131768061144,-0.14190703086071693,-0.07338095051486332,0.9359436933961736,4,1.5082756700082918,0.32506514094499367,-1.1832105290632982
tm175600,arsenio nunes_1989,1718,0.0220877214404789,0.005620006153379172,0.0514857274486774,0.003229053647376602,0.83639820277212,0.07952534316186469,0.0016539453761033386,5,1819,0.00972808441964131,0.5018464742945488,0.013226634584049225,0.0066103487556450945,0.2063685922840616,0.254383575894377,0.007836289767677048,2,-0.012359637020837592,0.4962264681411696,-0.038259092864628176,0.0033812951082684926,-0.6300296104880584,0.1748582327325123,0.00618234439157371,0.8218158986662716,5,0.6459329921870871,1.1933568200125562,0.5474238278254691
tm177964,yusupha njie_1994,1718,0.7660206916750876,0.005523953389842405,0.01883770426476555,0.004195603658737227,0.11665968125948074,0.026541286185715954,0.062221079566370525,1,1819,0.9800481849013274,0.0030668371520452473,0.0004505990222676772,0.0005255215109636679,0.005012317965311685,0.0025329035950932464,0.008363635852990986,1,0.21402749322623982,-0.0024571162377971575,-0.018387105242497873,-0.0036700821477735593,-0.11164736329416906,-0.02400838259062271,-0.05385744371337954,0.24332467319251078,1,0.8504380965874931,0.1266373518579027,-0.7238007447295904
tm182462,welthon_1992,1718,0.958701645284621,0.000861800480000394,0.00248538496265411,0.0007371727822145905,0.03093778217579661,0.002860702899546979,0.0034155114151664047,1,1819,0.7114387208076254,0.13037503634966943,0.019533307532084765,0.009823291774844383,0.032019407486017844,0.06258926409258306,0.034220971957174946,1,-0.2472629244769956,0.12951323586966904,0.017047922569430655,0.009086118992629792,0.0010816253102212334,0.05972856119303608,0.030805460542008542,0.2861022408932381,1,0.21042276970181478,1.029257892876652,0.8188351231748372
tm182710,joao teixeira_1994,1718,0.004568602762947685,0.011364198951297338,0.08797602004450619,0.003024631448986116,0.1285036031677368,0.7605271059377555,0.0040358376867703424,6,1819,0.013273231598210209,0.36162168645974385,0.2542581720542827,0.04198832184112857,0.016771575769142517,0.24801679177199765,0.0640702205054943,2,0.008704628835262525,0.35025748750844654,0.1662821520097765,0.03896369039214245,-0.11173202739859428,-0.5125103141657579,0.060034382818723954,0.6535096551985674,6,0.8009877955507073,1.4969071521761206,0.6959193566254133
tm182936,filipe ferreira_1990,1718,0.00021332612478626068,0.9134059037650444,0.010925783907293856,0.05901635663056673,0.002509150800794614,0.012493516349371502,0.0014359624221425326,2,1819,0.00021300132603660203,0.005617039143415341,0.009950177140515598,0.9813612323274862,0.0003751371580582749,0.00046499210194780047,0.0020184208025405244,4,-3.247987496586514e-07,-0.907788864621629,-0.0009756067667782576,0.9223448756969195,-0.002134013642736339,-0.012028524247423702,0.0005824583803979919,1.294198935123136,4,0.3800727673952825,0.1142963770662305,-0.265776390329052
tm183945,eber bessa_1992,1718,0.04400225089163309,0.046993809052258445,0.12366565422258748,0.012479125951117075,0.13912493964923012,0.4177178697389566,0.21601635049421708,6,1819,0.0032282447488091396,0.03032739129764285,0.03505034943495667,0.002277383674293371,0.027665967622839717,0.8713364819014815,0.03011418131997668,6,-0.040774006142823956,-0.016666417754615595,-0.0886153047876308,-0.010201742276823703,-0.11145897202639041,0.4536186121625249,-0.1859021691742404,0.4775876721516466,6,1.564401676293107,0.580584559037985,-0.983817117255122
tm184992,juan delgado_1993,1718,0.039359080401355134,0.0312823010807459,0.03383763201669524,0.013322505452313093,0.09147416820384467,0.16168434901811277,0.6290399638269332,7,1819,0.12623559210762222,0.13992027672724627,0.15457654839191382,0.017862766647814242,0.13875550794972488,0.22956777220547583,0.1930815359702029,6,0.08687651170626709,0.10863797564650038,0.12073891637521858,0.0045402611955011486,0.04728133974588021,0.06788342318736307,-0.4359584278567303,0.2019701021681282,3,1.212805855253202,1.8263596316256006,0.6135537763723986
tm187697,jean cleber_1990,1718,0.0016905539432959785,0.015763639150878538,0.7343346601345856,0.005693173245986306,0.04816955229255696,0.19096406881549843,0.0033843524171980974,3,1819,0.0009580936052021505,0.030860174751127865,0.8002499066555749,0.16277408056385922,0.000856336686991698,0.0028732685093544367,0.0014281392278896582,3,-0.000732460338093828,0.015096535600249327,0.06591524652098935,0.15708090731787291,-0.04731321560556526,-0.188090800306144,-0.001956213189308439,0.25858144284489926,6,0.8139160638638592,0.62003902885257,-0.19387703501128917
tm187896,luis martins_1992,1718,0.00019661782788224562,0.7409416599586288,0.019895147374488338,0.22258911629101194,0.001990575532056666,0.008398450893783044,0.005988432122148776,2,1819,0.0005661734816521511,0.03264294383869195,0.0457655601439698,0.9021589272565512,0.0037773434997224915,0.005239430442676593,0.00984962133673552,4,0.0003695556537699055,-0.7082987161199369,0.02587041276948146,0.6795698109655393,0.0017867679676658254,-0.003159020451106451,0.003861189214586745,0.9819291145551776,2,0.7193664895867223,0.44407928372042044,-0.2752872058663019
tm188911,shoya nakajima_1994,1718,0.6748678059710406,0.005336570683294593,0.006566512633622277,0.0027897935224767533,0.105587094358989,0.04318399485797301,0.1616682279726038,1,1819,0.08286852853757527,0.017174865989469185,0.0008272859344772032,0.0007573200749355886,0.8033505478919212,0.06783255519008013,0.02718889638154136,5,-0.5919992774334653,0.011838295306174591,-0.0057392266991450735,-0.0020324734475411646,0.6977634535329322,0.024648560332107126,-0.13447933159106243,0.9154898950843587,5,1.0103945960271719,0.7439388528544443,-0.2664557431727276
tm189516,derley_1987,1718,0.9780831774903718,0.00045108067470302703,0.0010049763493732305,0.0003981801331632879,0.015691393503936855,0.0010515510278510292,0.0033196408206009618,1,1819,0.9826133104363111,0.005696568979303388,0.0008936673085111843,0.00048222817214036595,0.0030225643488227157,0.00516954996151971,0.0021221107933918956,1,0.004530132945939291,0.005245488304600361,-0.00011130904086204625,8.404803897707805e-05,-0.01266882915511414,0.004117998933668681,-0.0011975300272090662,0.01501711867224148,5,0.12655558632683953,0.11444613546787669,-0.012109450858962839
tm18981,rodrigo defendi_1986,1718,0.0022993447763533727,0.06856046196217298,0.02467768176636026,0.8715711590071331,0.00832785180106492,0.011370077967221484,0.013193422719693718,4,1819,0.0010810696413648918,0.005853107028690589,0.006881689048484512,0.9818873345525582,0.0013035673492626904,0.0014140148383709075,0.0015792175412681438,4,-0.001218275134988481,-0.0627073549334824,-0.01779599271787575,0.11031617554542505,-0.00702428445180223,-0.009956063128850577,-0.011614205178425574,0.12871874869624658,4,0.5567488468276591,0.11780806427047164,-0.4389407825571875
tm190543,dener_1992,1718,0.001325822111866931,0.012738894238974693,0.2121774552024232,0.0046001366849400226,0.025028697887131305,0.7413290067479272,0.0027999871267366146,6,1819,0.024078651576175874,0.46721499984526793,0.1511104557698183,0.034976941096187715,0.15125130139182702,0.16121885297891406,0.0101487973418092,2,0.022752829464308944,0.45447610560629326,-0.06106699943260491,0.030376804411247692,0.12622260350469572,-0.5801101537690132,0.0073488102150725855,0.7511178912947336,6,0.7487131099033763,1.4745977194036062,0.7258846095002299
tm193082,alex grimaldo_1995,1718,0.00047465141809045037,0.8822771731126066,0.02864125037427375,0.04661962457024368,0.005056330269148174,0.030414489704780234,0.006516480550857191,2,1819,0.005327821096317615,0.21560526353809906,0.03792496908656601,0.34008215276306214,0.1983754080201754,0.14240817631603067,0.060276209179749046,4,0.004853169678227165,-0.6666719095745075,0.009283718712292256,0.2934625281928185,0.19331907775102722,0.11199368661125043,0.053759728628891855,0.7619686888720444,2,0.5245862979721544,1.6173499140731322,1.092763616100978
tm193303,nuno sequeira_1990,1718,0.0011301135073053554,0.7831572385801893,0.04399365064573183,0.08320331014486987,0.010962632776921971,0.051721231997648165,0.025831822347333593,2,1819,0.006537196000394238,0.0656050395550976,0.221792038251274,0.45182704216671393,0.03950689402461133,0.1183893484663553,0.0963424415355536,4,0.005407082493088883,-0.7175521990250917,0.17779838760554217,0.36862373202184406,0.028544261247689356,0.06666811646870713,0.07051061918822,0.8292560098759226,2,0.8405094428196562,1.5102781241800947,0.6697686813604384
tm194214,goncalo silva_1991,1718,0.00027732589996521854,0.19785237779538717,0.011131627872002267,0.7847046654937639,0.0011279896277324765,0.00225209126248066,0.0026539220486681706,4,1819,0.0005293581942310511,0.00808034427358193,0.026653201037941415,0.9548621728400667,0.0008776878648437783,0.0009861673180586994,0.008011068471276576,4,0.0002520322942658326,-0.18977203352180524,0.015521573165939148,0.17015750734630275,-0.00025030176288869815,-0.0012659239444219605,0.005357146422608406,0.25536180211914383,2,0.6002850411010359,0.23531644405895819,-0.3649685970420777
tm194641,fabio sturgeon_1994,1718,0.014869572026212748,0.03212908740780611,0.4707858467341177,0.012603106238853887,0.08346900524587948,0.37796328829231846,0.00818009405481141,3,1819,0.001338461282387789,0.9613089270580747,0.007444446306700378,0.002215348746797674,0.015913469168052405,0.011070619098316886,0.0007087283396700254,2,-0.013531110743824959,0.9291798396502686,-0.46334140042741734,-0.010387757492056213,-0.06755553607782708,-0.36689266919400154,-0.007471365715141384,1.1034153367564166,2,1.197161672903121,0.21769616679063936,-0.9794655061124815
tm195308,luis machado_1992,1718,0.16330948112705865,0.0024143694171376846,0.005325153096444341,0.0009249778158927754,0.7376657044845455,0.08347857637116719,0.006881737687753871,5,1819,0.006804503960197731,0.22045091794948118,0.667987188208688,0.016061876230895646,0.010588642397292314,0.07135666464191776,0.006750206611527392,3,-0.1565049771668609,0.2180365485323435,0.6626620351122436,0.01513689841500287,-0.7270770620872532,-0.012121911729249438,-0.00013153107622647896,1.0198881496536893,5,0.8108246965779732,0.9734571355622973,0.1626324389843241
tm197613,alexandre guedes_1994,1718,1.0,3.6935219356690994e-42,7.132595074662546e-42,3.099220626713169e-42,3.827156924969631e-40,1.858673032048089e-41,2.0748796150737e-41,1,1819,0.8840597551301042,0.01131963027858917,0.0005637666699949696,0.001013455011624931,0.0911565030690743,0.004547120940130006,0.007339768900482639,1,-0.11594024486989585,0.01131963027858917,0.0005637666699949696,0.001013455011624931,0.0911565030690743,0.004547120940130006,0.007339768900482639,0.147992579863588,1,1.6578612669557127e-10,0.44980429259048216,0.44980429242469605
tm198006,rafa soares_1995,1718,0.0005565579256345693,0.8143464461586555,0.015056989174777973,0.13243375392741158,0.0074768464329897895,0.02216452694954653,0.007964879430983847,2,1819,0.0023336168558523297,0.07249780955249047,0.050457604156401235,0.7541067184286798,0.04451003210183188,0.04802410660373673,0.02807011230100745,4,0.0017770589302177604,-0.741848636606165,0.035400614981623266,0.6216729645012682,0.03703318566884209,0.025859579654190203,0.020105232870023602,0.9695943536378571,2,0.6618567579930611,0.9525306351388655,0.2906738771458044
tm198007,francisco ramos_1995,1718,0.0002605741773154683,0.014213930347069512,0.9219034112545924,0.012164009786356822,0.003017531169705959,0.04769074634642045,0.0007497969185392456,3,1819,0.0058546539517940815,0.13351155663147593,0.6920725127182665,0.13360011831848073,0.007483782899790705,0.013839059469251042,0.013638316010941107,3,0.005594079774478613,0.11929762628440642,-0.22983089853632588,0.12143610853212392,0.004466251730084746,-0.033851686877169405,0.012888519092401862,0.2880938594486252,3,0.35923950068592203,0.9770248782420627,0.6177853775561407
tm198053,lazar rosic_1993,1718,0.0005525520228444251,0.2476093806982287,0.01976061284114788,0.7270936962706283,0.001556473162826533,0.0021814907021842534,0.001245794302139902,4,1819,0.0007425406366610739,0.011283080016359543,0.013283368152614121,0.9708395937560358,0.0008080329573923168,0.0005104651449409523,0.002532919335996126,4,0.00018998861381664875,-0.23632630068186913,-0.00647724468853376,0.24374589748540754,-0.0007484402054342161,-0.001671025557243301,0.001287125033856224,0.33956961910413397,4,0.6908125328147805,0.16684656087518432,-0.5239659719395962
tm203330,tyler boyd_1994,1718,0.01988509183795046,0.00983885094895673,0.021046886812537913,0.0036184584629451785,0.2848453800913289,0.649893524570711,0.010871807275569684,6,1819,0.0011281004484568241,0.4994016830936298,0.4410779140735389,0.0077869411116956964,0.00483040098025068,0.04221224967580267,0.0035627106166255078,2,-0.018756991389493636,0.48956283214467305,0.420031027261001,0.004168482648750518,-0.28001497911107825,-0.6076812748949083,-0.007309096658944176,0.9295977365707719,6,0.9119175329412028,0.9327058217568025,0.020788288815599687
tm203654,toze_1993,1718,0.22806237375391913,0.0040639355594681665,0.008717243100440877,0.0014134025815822635,0.602549345786299,0.1417677803217288,0.013425918896561705,5,1819,0.03833896307004599,0.06399185453147578,0.0015777348368869327,0.0009306398557112125,0.2389646516385444,0.6510482616853572,0.005147894381978501,6,-0.18972341068387316,0.05992791897200762,-0.007139508263553944,-0.00048276272587105095,-0.36358469414775463,0.5092804813636285,-0.008278024514583204,0.6566566623346004,6,1.050165951722038,0.9662226560590891,-0.083943295662949
tm205116,talocha_1989,1718,8.999119670233744e-05,0.9294156078424274,0.0030336877348323002,0.06305037879698178,0.001081664813653398,0.002954816594931232,0.00037385302047149375,2,1819,0.00036586457380187085,0.01385923126562789,0.010355653420224754,0.9695457331352155,0.0013924795735394259,0.001292079239500045,0.003188958792090685,4,0.0002758733770995334,-0.9155563765767994,0.0073219656853924535,0.9064953543382337,0.00031081475988602777,-0.0016627373554311872,0.0028151057716191913,1.2884230107834092,2,0.2882671803725351,0.17559197989618563,-0.11267520047634949
tm206843,andrija zivkovic_1996,1718,0.019003538531877927,0.01627521380766752,0.059899818871559436,0.003900457625805743,0.5120657817171561,0.346986593903318,0.04186859554261537,5,1819,0.014900090686991106,0.13546246847021812,0.11057623506663683,0.020148382221641094,0.1514071288036313,0.4059866475888441,0.1615190471620373,6,-0.004103447844886822,0.11918725466255059,0.050676416195077394,0.01624792459583535,-0.36065865291352484,0.05900005368552613,0.11965045161942192,0.38808530560503496,5,1.1754536330068193,1.601904600562655,0.42645096755583567
tm209993,mohamed abarhoun_1989,1718,2.5154816819384147e-05,0.007440733292400845,0.0008443575849871891,0.9912025211456658,7.40145645656744e-05,0.00014845004896454108,0.00026476854659640515,4,1819,0.00038531344783597217,0.006060984934272739,0.004329636178777783,0.9873708285161726,0.00037190199803391436,0.0002431667050344867,0.0012381682198724661,4,0.000360158631016588,-0.0013797483581281054,0.0034852785937905936,-0.003831692629493122,0.00029788743346823997,9.471665606994561e-05,0.000973399673276061,0.005381464784095048,4,0.05565937613428138,0.0833368364868001,0.027677460352518717
tm211072,paulinho_1992,1718,0.8275967995022976,0.0022711500596021613,0.0037630229924156613,0.0016618815872121765,0.081372759717536,0.009059161525632563,0.07427522461530389,1,1819,0.8815821339372408,0.018345123700274527,0.0036691094964472586,0.0016361627570931538,0.04348959655702181,0.02552472229039118,0.02575315126153108,1,0.053985334434943244,0.016073973640672368,-9.391349596840279e-05,-2.571883011902266e-05,-0.0378831631605142,0.016465560764758615,-0.048522073353772815,0.06985017670844323,1,0.6419430323243442,0.5397487047015023,-0.10219432762284197
tm211107,joao afonso_1990,1718,0.0024614029301663937,0.059386414633429065,0.017829931398260886,0.8918312157304792,0.004610172339496229,0.006371985412492541,0.017508877555675584,4,1819,0.00026473264125046245,0.002651331101752311,0.003971598367826767,0.9875004607290703,0.0012036188664829007,0.0006798611217341419,0.003728397171882826,4,-0.002196670288915931,-0.05673508353167676,-0.01385833303043412,0.09566924499859109,-0.0034065534730133283,-0.005692124290758399,-0.01378048038379276,0.11230475404983242,4,0.48420922876010264,0.08618674976376511,-0.3980224789963375
tm212899,filipe augusto_1993,1718,0.002039011717377413,0.08947387249327537,0.6591121366247474,0.06990339316415287,0.022670968493889866,0.07953750357773845,0.07726311392881868,3,1819,3.053672023932228e-42,1.938983014396395e-40,1.0,1.3640297295651928e-40,4.623037078669499e-42,1.8594986475783678e-41,1.5523775642263986e-41,3,-0.002039011717377413,-0.08947387249327537,0.34088786337525256,-0.06990339316415287,-0.022670968493889866,-0.07953750357773845,-0.07726311392881868,0.36870169309071965,3,1.174385425409203,1.6578612669557127e-10,-1.174385425243417
tm214070,ewerton_1992,1718,0.0015329526965950269,0.009521872773490652,0.7139035599213428,0.00362661989755124,0.02006357023269474,0.24976169183276928,0.001589732645556402,3,1819,0.0011001123394683715,0.0316132579585664,0.934427864242713,0.009400401913214637,0.003414350348569149,0.017123859480135447,0.0029201537173328108,3,-0.0004328403571266554,0.022091385185075745,0.22052430432137016,0.005773782015663397,-0.016649219884125592,-0.23263783235263383,0.0013304210717764089,0.32179198182963004,6,0.7503725852973059,0.33002023260999735,-0.42035235268730853
tm214775,oliver torres_1994,1718,0.008507736389726272,0.1014425730648816,0.27062849192611754,0.01438275400368069,0.10119402621861207,0.4292693998806784,0.07457501851630348,6,1819,0.015269830875208747,0.35998819401904425,0.3788117149265873,0.02661714637221264,0.0708332905802853,0.13122768965730297,0.01725213356935881,3,0.006762094485482475,0.25854562095416267,0.10818322300046973,0.01223439236853195,-0.030360735638326766,-0.29804171022337544,-0.057322884946944666,0.41048202084034763,6,1.475823334117198,1.4199548659696482,-0.055868468147549866
tm220722,eduardo teixeira_1993,1718,0.011593320515809533,0.02366111100610798,0.09993549986793775,0.010142512677498727,0.3255821497111513,0.5125091896680503,0.01657621655344449,6,1819,0.00666496096820166,0.23614142286530473,0.15292772283217257,0.08103466662111446,0.11129518562919834,0.2041425948654931,0.20779344621851514,2,-0.004928359547607873,0.21248031185919675,0.05299222296423482,0.07089215394361573,-0.21428696408195297,-0.3083665948025571,0.19121722966507065,0.44047123016906925,6,1.1928872928500909,1.760235662984526,0.5673483701344351
tm223029,fabio martins_1993,1718,0.07804920490075924,0.006449761135894606,0.01087345150796756,0.0026616560624572565,0.054658435125982806,0.030212310871246737,0.8170951803956917,7,1819,0.05811975451587909,0.12972665757799576,0.3748976791322941,0.013105415768524215,0.03392404189546776,0.2554408031653671,0.1347856479444718,3,-0.01992945038488015,0.12327689644210116,0.36402422762432657,0.010443759706066959,-0.02073439323051505,0.22522849229412037,-0.68230953245122,0.44651413796994804,3,0.7261868377941068,1.5884534744609808,0.8622666366668741
tm224852,patrick_1991,1718,0.004534432922344989,0.6649306614173139,0.03057755164570017,0.07578058499592866,0.010148529848374744,0.19433724589777063,0.019690993272566844,2,1819,0.006751267666415752,0.11071148326305444,0.1485947607526967,0.47654706554456555,0.04123326833280458,0.16911554120822628,0.047046613232236564,4,0.0022168347440707625,-0.5542191781542595,0.11801720910699653,0.4007664805486369,0.031084738484429837,-0.02522170468954435,0.02735561995966972,0.6952035965967831,2,1.040234040054623,1.4897356996339313,0.4495016595793082
tm226138,mattheus oliveira_1994,1718,0.002630122078380802,0.054317236443754274,0.5631478149592217,0.010735060626908084,0.08682439838764068,0.26650143718364616,0.01584393032044823,3,1819,0.005478450181141716,0.1733828728820767,0.014068236627186096,0.0019826966964841676,0.5569975017368806,0.244018905298815,0.0040713365774158235,5,0.002848328102760914,0.11906563643832244,-0.5490795783320356,-0.008752363930423916,0.4701731033492399,-0.022482531884831153,-0.011772593743032406,0.7330197386988346,3,1.1761634102899399,1.0972107898648085,-0.0789526204251314
tm226896,dankler_1992,1718,9.94205648980694e-06,0.017672561263903645,0.000691059686559961,0.9813360527072715,5.5028047763114436e-05,0.00011107101331906058,0.00012428522469287305,4,1819,7.84891794210403e-05,0.001265812319385342,0.0017534228696556593,0.9962190551786199,0.00011641069648052628,6.560202856430415e-05,0.0005012077278733403,4,6.854712293123336e-05,-0.016406748944518303,0.0010623631830956983,0.014883002471348328,6.138264871741184e-05,-4.546898475475644e-05,0.00037692250318046726,0.022177112593608987,2,0.09762286322003601,0.029583596953835223,-0.06803926626620078
tm227676,amilton_1989,1718,0.19372690536732834,0.010603819191303477,0.01878218196672497,0.003947558523791572,0.28320631364978394,0.4718180885965354,0.01791513270453225,6,1819,0.07732908354087696,0.49354450264413524,0.007979692922534597,0.005652396465603835,0.26348867330753967,0.1417240566891509,0.010281594430158905,2,-0.11639782182645138,0.48294068345283175,-0.010802489044190372,0.0017048379418122626,-0.01971764034224427,-0.3300940319073845,-0.007633538274373344,0.5968673321126963,2,1.2464361269824082,1.2896549480455,0.04321882106309172
tm228940,joao novais_1993,1718,0.28148271861241464,0.013820176969148053,0.02103131209456871,0.006795080155966402,0.26336458595878504,0.21301837655553724,0.2004877496535798,1,1819,0.0035378474497916373,0.08571033414539518,0.0036778809479645915,0.0012872165301428587,0.10995591417998796,0.7931871097119741,0.0026436970347435344,6,-0.277944871162623,0.07189015717624712,-0.01735343114660412,-0.005507863625823544,-0.15340867177879708,0.5801687331564369,-0.19784405261883625,0.6654945557613472,6,1.534115728739055,0.7019401453331797,-0.8321755834058753
tm229854,leandrinho_1993,1718,0.0005101989442821428,0.020311295999187864,0.9375218310594864,0.01814201970747781,0.0018949385364853534,0.019003765506013993,0.002615950247066558,3,1819,0.002270169460304608,0.041953701191683346,0.9042415931708779,0.03902300483082565,0.001284968079107549,0.006215562642411853,0.005011000624789066,3,0.0017599705160224652,0.02164240519249548,-0.033280237888608455,0.02088098512334784,-0.0006099704573778045,-0.01278820286360214,0.002395050377722508,0.046679665474559505,3,0.31898503000792194,0.43113094846874006,0.11214591846081812
tm231289,otavio_1995,1718,0.026383634474170192,0.0286945359137516,0.2892609143442776,0.012667194960976092,0.10012912278352676,0.49166933804130963,0.05119525948198802,6,1819,0.006080788494546937,0.07181642189345167,0.747098241680402,0.01470676740758079,0.034382091581495994,0.10258921446516024,0.023326474477362406,3,-0.020302845979623254,0.04312188597970007,0.45783732733612437,0.0020395724466046976,-0.06574703120203076,-0.3890801235761494,-0.027868785004625612,0.6062976953916958,3,1.3435915561374285,0.9371819641432054,-0.4064095919942231
tm236886,costinha_1992,1718,0.037997821130294235,0.03698670787405592,0.4028962897217465,0.016461257391429847,0.343212592652732,0.1543967624686309,0.008048568761110621,3,1819,0.031289401813876475,0.8785922447817436,0.04750469890709234,0.004843437305105244,0.012543711409247952,0.02232576424753622,0.0029007415353982163,2,-0.00670841931641776,0.8416055369076877,-0.35539159081465416,-0.011617820086324603,-0.3306688812434841,-0.1320709982210947,-0.005147827225712405,0.980595582695876,2,1.374373755150094,0.5494352771263719,-0.8249384780237222
tm236997,tiago silva_1993,1718,0.008497166834484416,0.059944274597544124,0.20987958179487265,0.012244425203611263,0.07258283850035264,0.5666266981063013,0.07022501496283368,6,1819,0.0016632096371600848,0.06671145103435655,0.26268661619546935,0.006165320113923669,0.012079610590374636,0.6426002271528453,0.008093565275870383,6,-0.006833957197324331,0.006767176436812426,0.0528070344005967,-0.006079105089687594,-0.06050322790997801,0.07597352904654397,-0.0621314496869633,0.11113349518525853,6,1.289577883437159,0.9502972599225463,-0.33928062351461263
tm238055,rafa silva_1993,1718,0.0960955943608553,0.005324004464507382,0.01692725080814713,0.0026861866754684734,0.7839757651308188,0.07940840376983938,0.015582794790363631,5,1819,0.2313859148499568,0.052389387649294246,0.024900554808591747,0.018804393490293402,0.22475219388959766,0.08669578073784795,0.3610717745744182,7,0.1352903204891015,0.04706538318478686,0.007973304000444617,0.01611820681482493,-0.5592235712412211,0.007287376968008574,0.3454889797840546,0.5776037567180832,5,0.794718519622219,1.5751659416148904,0.7804474219926715
tm240306,bruno fernandes_1994,1718,0.1783538436351933,0.02069642758112749,0.03737385286359922,0.006544637411633704,0.22768541155589406,0.2951427164431703,0.23420311050938195,6,1819,0.046745001630765205,0.020562268610055896,0.004386632337989895,0.0026361300120580733,0.3623207009680904,0.4191185499619539,0.14423071647908658,6,-0.1316088420044281,-0.00013415897107159347,-0.032987220525609325,-0.0039085073995756316,0.13463528941219632,0.1239758335187836,-0.08997239403029536,0.2278618153448637,5,1.5805390919560938,1.274105728789971,-0.3064333631661227
tm240578,luiz phellype_1993,1718,0.6283463538015153,0.0038653739157843182,0.008139317846478863,0.00372571325508215,0.039831576706415614,0.008297111554690303,0.30779455292003344,1,1819,0.5758981752502388,0.03420909809083426,0.008306781058768916,0.009037055127543457,0.10742270770213667,0.030137500981704063,0.23498868178877383,1,-0.05244817855127648,0.03034372417504994,0.00016746321229005323,0.005311341872461307,0.06759113099572106,0.02184038942701376,-0.07280587113125961,0.09351660294394819,5,0.9042601013734115,1.201100954637145,0.29684085326373344
tm240773,edson rodrigues farias_1992,1718,0.005263260041386256,0.027462282690590308,0.08526605600704826,0.003726579146073154,0.07672639228905488,0.7903307492258194,0.011224680600027714,6,1819,0.0034156377866515343,0.07491362398602533,0.6317104722910902,0.21032265680472187,0.006986386178106571,0.03676359751340057,0.03588762544000394,3,-0.0018476222547347218,0.04745134129543502,0.546444416284042,0.2065960776586487,-0.06974000611094831,-0.7535671517124188,0.024662944839976227,0.9572176364249672,6,0.7904632109212236,1.10713725388752,0.3166740429662963
tm24202,vasco fernandes_1986,1718,0.0006320684236058822,0.3083457339062007,0.013236940246411956,0.6692384685386144,0.0023845209154904983,0.004876855274423391,0.0012854126952534571,4,1819,2.460240257587552e-05,0.00033021416376131756,0.0008777969429519594,0.9986155047185342,2.3631817563398347e-05,3.980348518754904e-05,8.844646942560681e-05,4,-0.0006074660210300067,-0.30801551974243935,-0.012359143303459996,0.32937703617991987,-0.0023608890979271,-0.004837051789235843,-0.0011969662258278504,0.45115948473946543,4,0.7423745886431504,0.011950072446567584,-0.7304245161965829
tm243783,antonio xavier_1992,1718,0.07330654806204111,0.07167998961273443,0.08957332881219789,0.022222039860250304,0.40959479212729827,0.18330681064281554,0.15031649088266255,5,1819,0.00666763074820605,0.051260897445128344,0.0021478831850396795,0.0016576394401684646,0.7660549130726447,0.15251304100889224,0.01969799509992037,5,-0.06663891731383506,-0.02041909216760609,-0.0874254456271582,-0.02056440042008184,0.35646012094534646,-0.0307937696339233,-0.13061849578274218,0.37541425360006264,5,1.6426266017783244,0.7778182103902355,-0.864808391388089
tm248901,platiny_1990,1718,0.7011577744053364,0.006135580720552568,0.014611205486759584,0.0062259120312847475,0.1171955768315535,0.014704747786329636,0.13996920273818364,1,1819,0.7249335330545671,0.049531383324258146,0.01386822841583567,0.010505946012609752,0.07445659547548752,0.03889750833749745,0.08780680537974436,1,0.02377575864923065,0.043395802603705576,-0.0007429770709239149,0.004280033981325005,-0.04273898135606598,0.024192760551167813,-0.05216239735843928,0.06985172352358786,2,0.9620781524797276,1.0225335315035888,0.06045537902386122
tm248903,marcelo goiano_1987,1718,0.00012107431211689369,0.8899800740488482,0.008464128686748819,0.09362227320104143,0.0008782390775707053,0.005734622220242906,0.001199588453431208,2,1819,0.0008130344519303824,0.008292089070818574,0.07508844266667511,0.9065066033888686,0.000812164978936303,0.002133279955859294,0.006354385486911902,4,0.0006919601398134886,-0.8816879849780296,0.0666243139799263,0.8128843301878271,-6.607409863440235e-05,-0.0036013422643836122,0.005154797033480694,1.2010857126673156,2,0.41080452130807016,0.37995798670267344,-0.030846534605396714
tm24946,cris_1984,1718,0.000733511707734885,0.0630779417231176,0.7428167000810996,0.15369939193061438,0.008012668460204894,0.024868732947902886,0.0067910531493258035,3,1819,0.001329926988298356,0.05506548264424704,0.7946475054346999,0.14058176584328266,0.0017812214223759287,0.0030478424008421852,0.003546255266253911,3,0.0005964152805634711,-0.00801245907887057,0.051830805353600296,-0.013117626087331719,-0.006231447037828965,-0.0218208905470607,-0.0032447978830718923,0.05863481820470992,3,0.8527338425827224,0.6758674571840343,-0.17686638539868815
tm255755,alex telles_1992,1718,0.0052514026202914324,0.3000707406432776,0.06910595258739437,0.13064410541818472,0.035024826927019234,0.12318073534629129,0.33672223645754124,7,1819,0.005522224958416398,0.15002785045331737,0.04547296604963153,0.45995408741518373,0.09593845239075108,0.08969527132956985,0.15338914740313003,4,0.00027082233812496595,-0.15004289018996023,-0.023632986537762836,0.329309981996999,0.060913625463731844,-0.033485464016721436,-0.1833330890544112,0.36925366701551404,4,1.5811952392464779,1.5397972230226644,-0.04139801622381345
tm256696,perdigao_1991,1718,0.018633513767228344,0.09826246961757008,0.4797767380570355,0.027653415162792443,0.2378517699043895,0.1275086984378388,0.010313395053145262,3,1819,0.010168287594651989,0.7893111781350053,0.07676933276371943,0.014099068071975269,0.06082666037900483,0.04392195633431228,0.004903516721330791,2,-0.008465226172576355,0.6910487085174352,-0.4030074052933161,-0.013554347090817175,-0.17702510952538467,-0.08358674210352651,-0.005409878331814471,0.8237373971734154,2,1.4051492503981,0.8241971511976245,-0.5809520992004755
tm257388,wilson manafa_1994,1718,0.02363227951041664,0.09451481627324691,0.20207758317262847,0.0186173579644066,0.16155170976291972,0.23104999731624545,0.26855625600013616,7,1819,0.008634697810567034,0.07357140360477986,0.045760282819105186,0.70744779703565,0.07187285312545272,0.02521741601423118,0.06749554959021398,4,-0.014997581699849605,-0.020943412668467054,-0.1563173003535233,0.6888304390712434,-0.089678856637467,-0.20583258130201426,-0.20106070640992219,0.7416167305456334,4,1.6948580186395015,1.0829820186057266,-0.6118760000337748
tm258004,ruben dias_1997,1718,0.0012338542746623555,0.11176541961521885,0.02618965475053034,0.8448966108257618,0.0030016956604402146,0.009796942312598308,0.003115822560787958,4,1819,1.979111299514029e-05,0.0001973142149741395,0.00018266410567695837,0.999528671573247,2.144345835665405e-05,2.1689976012433317e-05,2.842555873792642e-05,4,-0.0012140631616672152,-0.11156810540024471,-0.02600699064485338,0.15463206074748514,-0.0029802522020835605,-0.009775252336585874,-0.0030873970020500316,0.19271946276079127,4,0.571709442194374,0.004702144344555369,-0.5670072978498186
tm258475,nikola maras_1995,1718,6.044476644112071e-05,0.0134347025528817,0.003089551976223422,0.9826806842410702,0.00024999431053402836,0.0002948164075330983,0.0001898057453165598,4,1819,0.0014807484665597089,0.00911993294415628,0.0044793530201689535,0.9785049294325122,0.0019292019304379974,0.0007935197092622474,0.0036923144969024688,4,0.0014203037001185883,-0.00431476960872542,0.0013898010439455316,-0.00417575480855803,0.0016792076199039691,0.0004987033017291491,0.003502508751585909,0.006562881817753369,2,0.0996114210315303,0.13638057074902482,0.03676914971749452
tm261927,ricardo horta_1994,1718,0.22767270837096734,0.013471220332977027,0.018045764254396173,0.00719728056718539,0.4370718027146828,0.061662294264992173,0.234878929494799,5,1819,0.007753323311702615,0.07248274614650299,0.0006980294236746476,0.0007482097829849163,0.8871520455719851,0.02931936276944873,0.0018462829937009053,5,-0.21991938505926473,0.059011525813525964,-0.017347734830721526,-0.006449070784200474,0.4500802428573023,-0.032342931495543445,-0.2330326465010981,0.5057743773162455,5,1.3767142456043964,0.4596918407342783,-0.9170224048701181
tm262999,cristian arango_1995,1718,0.17309815433738807,0.010195961871701959,0.024421636332770582,0.006512274190888085,0.43946362941958067,0.059702164311176364,0.28660617953649425,5,1819,0.6597101352729832,0.067080631389069,0.025993921558413787,0.0065529872668515865,0.025760227560322573,0.14921725967751426,0.0656848372748458,1,0.4866119809355951,0.056884669517367044,0.0015722852256432052,4.0713075963501495e-05,-0.4137034018592581,0.0895150953663379,-0.22092134226164845,0.6474511690953355,1,1.3615430936690096,1.140445219005516,-0.2210978746634935
tm265648,pablo santos_1992,1718,0.00015803537335631237,0.24282453902703519,0.018390002778243347,0.7334084487366042,0.0014038275370866456,0.0025948881117320356,0.0012202584359422683,4,1819,8.04665327651417e-05,0.0007478493979869874,0.0016496978852630672,0.9970115265426147,7.510807399273592e-05,0.00011434645077774585,0.00032100511659958987,4,-7.756884059117067e-05,-0.2420766896290482,-0.01674030489298028,0.26360307780601056,-0.0013287194630939097,-0.0024805416609542897,-0.0008992533193426784,0.35829578381239496,4,0.6788196007578793,0.024029042294288157,-0.6547905584635911
tm269467,cesar_1992,1718,1.5846709802376062e-05,0.011156075659343583,0.0005889596836160997,0.9879572458707329,8.16278102447229e-05,9.17285318959682e-05,0.0001085157343644529,4,1819,1.3115275878067731e-05,0.00021646893552553452,0.0001904676136458127,0.9994582898339386,2.4218750855895693e-05,1.3688875362695382e-05,8.375071479337072e-05,4,-2.7314339243083315e-06,-0.010939606723818048,-0.000398492069970287,0.011501043963205726,-5.740905938882721e-05,-7.803965653327282e-05,-2.476501957108218e-05,0.015878198792496842,4,0.06929219806234613,0.005344062064686069,-0.06394813599766005
tm271256,jhonder cadiz_1995,1718,0.9154528269586574,0.0013887864777655128,0.0028092271540595083,0.0012342359595238232,0.054270796752923955,0.006372694386062442,0.01847143231100713,1,1819,0.9660104135636536,0.0035560835662540855,0.0006946106639074328,0.00043758870951301717,0.009602196128191789,0.006186807804271066,0.013512299564208975,1,0.05055758660499621,0.0021672970884885727,-0.0021146164901520753,-0.000796647250010806,-0.044668600624732165,-0.00018588658179137605,-0.004959132746798154,0.06753659323156558,1,0.3788554347673425,0.196124667540518,-0.18273076722682452
tm27178,ruben fernandes_1986,1718,0.007170918715361569,0.12387076348443185,0.036929760722424355,0.7535899757216242,0.01679496974208735,0.01891775062263701,0.0427258609914335,4,1819,0.0005769050983026365,0.011206206723719907,0.019815133195056886,0.9623374088488845,0.0006901766172012101,0.0005956089531395469,0.0047785605636951976,4,-0.006594013617058932,-0.11266455676071194,-0.01711462752736747,0.2087474331272603,-0.01610479312488614,-0.01832214166949746,-0.037947300427738306,0.23916573733551946,4,0.9075387305867806,0.20425953917580453,-0.7032791914109761
tm278985,flavio ramos_1994,1718,2.6533804772739e-05,0.05095452279068415,0.0012582478392182553,0.9471357825493035,0.00016568475491314657,0.000364044745260819,9.51835158475394e-05,4,1819,0.0001850546284347038,0.003888783472197015,0.0015033559407519634,0.9936005598457216,0.00036229259325278393,0.00017869515500507335,0.00028125836463702315,4,0.0001585208236619648,-0.047065739318487135,0.00024510810153370805,0.04646477729641807,0.00019660783833963736,-0.00018534959025574564,0.00018607484878948376,0.06613862383469427,2,0.2170126727038922,0.046034966187300144,-0.17097770651659205
tm282513,fabricio baiano_1992,1718,3.943280012970347e-05,0.005501746263283403,0.9852757229677623,0.0048964983245639885,0.0007336572530510337,0.0031284828323668214,0.00042445955884267816,3,1819,1.3064628819243997e-06,5.1243320120862236e-05,0.9998625449156239,6.800230219513165e-05,1.9704685263506822e-06,7.237149756896064e-06,7.695380894634374e-06,3,-3.8126337247779074e-05,-0.0054505029431625406,0.014586821947861539,-0.004828496022368857,-0.000731686784524683,-0.0031212456826099255,-0.0004167641779480438,0.016615556701161764,3,0.09631828244071967,0.0015160824908388704,-0.0948021999498808
tm283130,moussa marega_1991,1718,0.3056992200922365,0.005003619947646323,0.007310740012851676,0.0036936221444184565,0.07146972548176081,0.017703104009642995,0.5891199683114432,7,1819,0.6890238215055289,0.014196708933449275,0.0012153758412379527,0.001402545614801798,0.2385728250234021,0.017025370683030887,0.03856335239854913,1,0.3833246014132924,0.009193088985802952,-0.006095364171613723,-0.0022910765296166582,0.1671030995416413,-0.0006777333266121087,-0.5505566159128941,0.41831635233241266,1,1.017157910946244,0.8712034906223669,-0.14595442032387718
tm288498,indio_1996,1718,0.030462479266702435,0.054146417494202626,0.17977350412319587,0.028661454776413877,0.562319855017119,0.11741333030428819,0.02722295901807811,5,1819,0.0028102571701837642,0.6150815604462905,0.3311325274970478,0.03367806147831546,0.007002084008852057,0.007096618016307316,0.0031988913830032265,2,-0.027652222096518672,0.5609351429520879,0.15135902337385193,0.005016606701901582,-0.555317771008267,-0.11031671228798087,-0.024024067635074885,0.8117236007981175,2,1.3478875867322349,0.8838513851128574,-0.4640362016193774
tm289216,stephane sparagna_1995,1718,0.0001233988595399338,0.28383633958948035,0.17007228726987922,0.5355219646814926,0.0015656930335532073,0.006949782045709707,0.0019305345203451112,4,1819,0.0008038133379842679,0.015242185429240501,0.41366578983160396,0.5604275176320505,0.0008507517254950715,0.0010875274536252257,0.007922414590000452,4,0.0006804144784443341,-0.26859415416023985,0.24359350256172474,0.024905552950557852,-0.0007149413080581357,-0.005862254592084481,0.005991880069655341,0.3635054894234138,2,1.051004115047537,0.8109212427246789,-0.2400828723228582
tm290336,rochinha_1995,1718,0.09288310286838582,0.006946059771305403,0.039113833040406505,0.004415390315286896,0.6770954145760545,0.16874701144892815,0.010799187979632722,5,1819,0.16133825129333093,0.47944156834509205,0.06859869171744595,0.01439138926204701,0.04625396029624541,0.19747799816598327,0.03249814091985552,2,0.06845514842494511,0.47249550857378664,0.029484858677039448,0.009975998946760115,-0.6308414542798091,0.028730986717055124,0.021698952940222796,0.7922710397648479,5,1.0191609181846226,1.4654781206202108,0.44631720243558815
tm290391,nuno santos_1995,1718,0.0044970363655069375,0.00974061419760717,0.040970223696154065,0.0024244459120195674,0.07354489893101893,0.8663884545806426,0.0024343263170509277,6,1819,0.03430727889244078,0.05028016787781169,0.00224209494656097,0.0022449672245083738,0.834011225865448,0.04686987886551549,0.030044386327714775,5,0.02981024252693384,0.040539553680204524,-0.038728128749593096,-0.00017947868751119365,0.7604663269344291,-0.8195185757151271,0.027610060010663847,1.1197998644777742,6,0.5457641254147473,0.6935401714931115,0.14777604607836425
tm290530,bilel aouacheria_1994,1718,0.03689609720856682,0.02971996550184457,0.13044178912356538,0.007247330031294694,0.4889251705474571,0.2922769908551821,0.014492656732089281,5,1819,0.14739022330501092,0.4784879507499747,0.049941375062456134,0.009335706002474858,0.05268745194230082,0.22805751706489952,0.03409977587288313,2,0.1104941260964441,0.4487679852481301,-0.08050041406110925,0.002088375971180164,-0.43623771860515625,-0.06421947379028259,0.01960711914079385,0.6438274787638549,2,1.298361887857403,1.43560164478255,0.1372397569251469
tm291402,pite_1994,1718,4.559675899903639e-06,0.7104937471312324,0.0007845962226368866,0.28839021564404027,4.8523436129187414e-05,0.0002137111109164416,6.46467791447951e-05,2,1819,0.03437438372667765,0.12134250404290381,0.06027992758516176,0.01811348172426221,0.4108758402852183,0.2908952043095386,0.06411865832623775,5,0.03436982405077774,-0.5891512430883286,0.05949533136252488,-0.2702767339197781,0.4108273168490891,0.29068149319862213,0.06405401154709296,0.8234952909080208,2,0.6100173453849068,1.5145413125439675,0.9045239671590607
tm291941,carraca_1993,1718,0.002085120899000334,0.7132935266057234,0.046680879807551694,0.05778160614928251,0.00852637936849622,0.16305300838687437,0.008579478783071474,2,1819,0.0025932934692683833,0.13606094331662794,0.20707824295799407,0.615317713568279,0.01047526855653077,0.017793275491893384,0.010681262639406676,4,0.0005081725702680492,-0.5772325832890954,0.16039736315044237,0.5575361074189965,0.0019488891880345503,-0.14525973289498098,0.002101783856335202,0.8311893447351776,2,0.9388314901628932,1.0796499097784056,0.14081841961551234
tm291968,neto_1991,1718,0.00011191294290081685,0.004543554476901848,0.9470734317703219,0.0018774485974332837,0.004399773787574582,0.041502911178995607,0.0004909672458720603,3,1819,8.95339066869322e-05,0.0033450473323485396,0.9925516242235684,0.0022299787244218533,0.00017856168797853998,0.0006674026855278791,0.0009378514394677605,3,-2.2379036213884658e-05,-0.0011985071445533083,0.04547819245324647,0.0003525301269885696,-0.004221212099596042,-0.040835508493467725,0.0004468841935957003,0.061279560801392956,3,0.2484899235168752,0.05389835444528213,-0.19459156907159308
tm291981,djavan da silva ferreira_1987,1718,0.0008674699364883467,0.6682806597326075,0.04053305000666957,0.2669454390960646,0.007286812466867274,0.011576547109377132,0.004510021651925779,2,1819,0.002176378127126364,0.03837987571499386,0.19248871400600803,0.7100641651294071,0.008592884761864535,0.016064605536221622,0.032233376724378426,4,0.0013089081906380176,-0.6299007840176136,0.15195566399933846,0.44311872603334246,0.0013060722949972611,0.00448805842684449,0.027723355072452646,0.7850116487179222,2,0.8697974947980448,0.9167148940518904,0.04691739925384564
tm292733,icaro do carmo silva_1989,1718,3.842532802368201e-06,0.020003106035678106,0.0004844279931753505,0.979385675847883,2.219444867933932e-05,7.00403199852956e-05,3.071282179638444e-05,4,1819,2.666822167907314e-06,4.6345216302107774e-05,4.1653083978419e-05,0.9998936070858311,4.387139999605265e-06,2.8678500676995716e-06,8.472801653354258e-06,4,-1.1757106344608874e-06,-0.019956760819375998,-0.0004427749091969315,0.02050793123794803,-1.7807308679734054e-05,-6.717246991759603e-05,-2.2240020143030185e-05,0.028619022106033825,4,0.10362220587732435,0.0012129042948486853,-0.10240930158247566
tm292775,ricardo valente_1991,1718,0.29736716137092717,0.008676580597828106,0.029416863346876817,0.005641266916289384,0.4229838978065495,0.20844895994408497,0.02746527001744419,5,1819,0.3871698573497082,0.26054241849472476,0.02497152376893267,0.011070022049199645,0.22765025985376441,0.05056060917498786,0.03803530930868222,1,0.08980269597878104,0.25186583789689665,-0.004445339577944147,0.005428755132910261,-0.19533363795278508,-0.1578883507690971,0.010570039291238034,0.366925221748621,2,1.3243079721357878,1.4719672307413845,0.1476592586055967
tm29366,edinho_1982,1718,0.98008498097102,0.0002984396452495954,0.0007651368956517738,0.0002963733298226172,0.01093063945683444,0.0011308720561564467,0.0064935576452651335,1,1819,0.9691779951778495,0.020051103699054145,0.0005629843154168989,0.00078963802139278,0.005205877285177006,0.003107477264212861,0.0011049242368969903,1,-0.01090698579317051,0.01975266405380455,-0.00020215258023487494,0.0004932646915701628,-0.005724762171657434,0.0019766052080564143,-0.005388633408368143,0.023368656831471653,2,0.11978090197452076,0.1714218093878177,0.05164090741329694
tm294576,bruno gomes_1996,1718,0.5000661864023148,0.0005649229387625505,0.0014454579120910783,0.00043814425417722545,0.49462649652343504,0.0016667005720341882,0.0011920913971851224,1,1819,0.4040481294704334,0.30919760078365377,0.11583930448239395,0.037140267911169256,0.018471759209373162,0.025584881975471725,0.08971805616750474,1,-0.09601805693188142,0.30863267784489123,0.11439384657030287,0.03670212365699203,-0.4761547373140619,0.023918181403437537,0.08852596477031961,0.5883893340068602,5,0.7304991451236033,1.484923627064524,0.7544244819409208
tm299400,pedro sa_1993,1718,0.0017393926704564527,0.08651093612368725,0.723091319502631,0.07286492387044223,0.007734369573552278,0.07469743251471075,0.033361625744520076,3,1819,3.239505536317389e-05,0.0005307572501040663,0.9975738671180516,0.0013929392387941443,3.168212800754478e-05,0.00012145475380036485,0.00031690445587921227,3,-0.0017069976150932789,-0.08598017887358318,0.2744825476154207,-0.07147198463164808,-0.007702687445544734,-0.07457597776091039,-0.03304472128864087,0.3057209943486202,3,0.9929057253248053,0.019897584246319808,-0.9730081410784854
tm311867,jefferson de jesus santos_1993,1718,0.0005579405711710014,0.07456573060704173,0.7912678805495109,0.08143837561039195,0.007352471948885754,0.034789286429727076,0.010028314283271429,3,1819,0.0008619640958791953,0.009593469591436731,0.922641056706431,0.05211963157833971,0.0011872373951994555,0.002536679015984386,0.011059961616729381,3,0.00030402352470819394,-0.064972261015605,0.13137317615692012,-0.029318744032052244,-0.0061652345536862985,-0.03225260741374269,0.0010316473334579523,0.15303015421492794,3,0.7863607714426619,0.3518965738809343,-0.4344641975617276
tm312123,lucas possignolo_1994,1718,0.00011833716386786827,0.46146810270758953,0.009402304001778949,0.5256909697625779,0.000923739396552403,0.0016635958518968219,0.0007329511157366299,4,1819,2.3890986998389834e-05,0.0005724275918401736,0.0008172390424236834,0.9984126877873709,3.442782849680964e-05,2.546451919858566e-05,0.00011386224367143743,4,-9.444617686947844e-05,-0.46089567511574936,-0.008585064959355265,0.472721718024793,-0.0008893115680555934,-0.0016381313326982363,-0.0006190888720651925,0.6602786022903356,4,0.762252715985247,0.013581155188732917,-0.7486715607965141
tm325223,mama samba balde_1995,1718,0.10959069788478332,0.05821093846069098,0.0748059440311524,0.05868842773383118,0.394069289040094,0.17444793108570686,0.13018677176374133,5,1819,0.7526457157858497,0.035683395111149596,0.01183232820906684,0.011847249263255132,0.14317012456779932,0.029591450148855017,0.015229736914024475,1,0.6430550179010663,-0.022527543349541386,-0.06297361582208556,-0.04684117847057605,-0.25089916447229466,-0.14485648093685183,-0.11495703484971685,0.7100146543203388,1,1.7052117103455302,0.8840386846358621,-0.8211730257096681
tm332220,iago santos_1992,1718,4.537324521855089e-06,0.0500387681023161,0.00042905753431107135,0.9493848114153897,2.9665571660060758e-05,8.934589087385577e-05,2.3814160927442392e-05,4,1819,5.689162349737341e-05,0.001411101718996924,0.007636795304374891,0.9902799483340096,8.915147054666985e-05,0.00011530688284296656,0.0004108046657317856,4,5.235429897551832e-05,-0.048627666383319175,0.00720773777006382,0.0408951369186199,5.94858988866091e-05,2.596099196911079e-05,0.0003869905048043432,0.06394545018029002,2,0.20395449211992192,0.061798167610047125,-0.1421563245098748
tm332615,nelson monte_1995,1718,0.0005547375720662413,0.1316022783428916,0.011481774060243631,0.8488294969305582,0.0013417671781842829,0.001982192180044214,0.004207753736011745,4,1819,0.00047550373529704943,0.00514063158516925,0.008242641660722786,0.9828933953134955,0.00043369855467141643,0.0003084413862196301,0.002505687764424456,4,-7.923383676919186e-05,-0.12646164675772234,-0.0032391323995208457,0.1340638983829373,-0.0009080686235128665,-0.001673750793824584,-0.0017020659715872894,0.18433610942339226,4,0.5056843534891035,0.1081021471306606,-0.3975822063584429
tm335380,pedro nuno_1995,1718,0.16704752948856566,0.008288021377881802,0.014967519069673422,0.0028069273339309422,0.5370822302277694,0.2543137958124792,0.01549397668969965,5,1819,0.1830026096900519,0.029855045822254546,0.0009210097431782492,0.0006365669475030619,0.6832948481112641,0.09826573901425228,0.004024180671495995,5,0.015955080201486227,0.021567024444372744,-0.014046509326495173,-0.0021703603864278802,0.1462126178834947,-0.15604805679822692,-0.011469796018203655,0.21598805910265922,6,1.1646594820587248,0.937138613591983,-0.2275208684667418
tm33648,fabio coentrao_1988,1718,0.00020502044572661955,0.9071328911168003,0.01030443523127243,0.06199807780558858,0.0022055728758699593,0.016868881281829853,0.0012851212429122844,2,1819,0.006923108230127936,0.25957541448388505,0.2653582622149761,0.14539626096275737,0.10269368010903551,0.19491939612212245,0.025133877877095548,3,0.006718087784401316,-0.6475574766329153,0.25505382698370366,0.08339818315716879,0.10048810723316555,0.1780505148402926,0.023848756634183264,0.7301940669368758,2,0.4006052302382176,1.6619689231243544,1.2613636928861367
tm33710,jose semedo_1985,1718,0.0010477531251573042,0.21165832606324428,0.16421051004948206,0.5727049965020895,0.007238479316737095,0.02305997014039691,0.020079964802892918,4,1819,0.00037773732314435546,0.013402269446038654,0.9219291923987598,0.06131394937734199,0.0005395071017687812,0.0008536133547628518,0.0015837309981836187,3,-0.0006700158020129488,-0.19825605661720563,0.7577186823492778,-0.5113910471247475,-0.006698972214968313,-0.022206356785634058,-0.0184962338047093,0.9356828074072318,3,1.1528036495789427,0.3271891306259336,-0.8256145189530091
tm34077,tarantini_1983,1718,0.0003532231286958627,0.009279601425993956,0.9381779956792259,0.006430203236418697,0.016231910765183946,0.028723546952089295,0.0008035188123923432,3,1819,0.0027821475424309452,0.4140629404639297,0.46498104059073886,0.0936002497301754,0.01177101843426501,0.008460400504156928,0.004342202734303159,3,0.0024289244137350825,0.4047833390379358,-0.473196955088487,0.0871700464937567,-0.004460892330918936,-0.020263146447932368,0.003538683921910816,0.629126315783727,3,0.31314155213480194,1.0755257595548295,0.7623842074200275
tm341110,franco cervi_1994,1718,0.01739375127640385,0.02483193350159585,0.06251391036521303,0.005919089467789749,0.10755240328717917,0.7368834445204793,0.04490546758133903,6,1819,0.03945927898189977,0.050235061247308456,0.013253855185094417,0.005298107227600988,0.31524647832892944,0.5425934234375214,0.03391379559164559,6,0.02206552770549592,0.025403127745712607,-0.04926005518011861,-0.0006209822401887612,0.20769407504175025,-0.1942900210829579,-0.01099167198969344,0.290593506753579,5,0.9700743321650815,1.173295199949839,0.20322086778475756
tm344395,jorge fernandes_1997,1718,1.8676593601481465e-05,0.23759030729425798,0.0028176441436570964,0.7589406092473713,0.00011888358752406097,0.0003755670170751329,0.00013831211651296014,4,1819,0.00022137712773799507,0.0037559875002897173,0.023101528630016802,0.9693959628131618,0.00035589230151351084,0.0003822893178667329,0.002786962309413435,4,0.0002027005341365136,-0.23383431979396826,0.020283884486359705,0.21045535356579048,0.00023700871398944987,6.722300791599982e-06,0.002648650192900475,0.3152482803025134,2,0.5728201983246891,0.16224172022313899,-0.4105784781015501
tm345345,xadas_1997,1718,0.11539932415573893,0.006468195688565304,0.01135601820368702,0.002529058342310512,0.6928629995777885,0.1569431748556389,0.014441229176270796,5,1819,0.028010527412847666,0.04874140329115293,0.006366038796560621,0.003597002020575314,0.67257580151217,0.17385090601231226,0.06685832095438128,5,-0.08738879674289127,0.042273207602587626,-0.004989979407126398,0.0010679436782648024,-0.020287198065618517,0.01690773115667335,0.052417091778110485,0.10073384760637959,1,0.9538325298334893,1.0516323183537573,0.09779978852026794
tm352811,aylton boa morte_1993,1718,0.05640552952281236,0.030272674896681374,0.04564024181656197,0.007463836566189704,0.6589089786196859,0.183292474868861,0.018016263709207735,5,1819,0.17475511101345825,0.07466134167129866,0.026310636843350405,0.010434069126158338,0.3737365380240327,0.30863841416712046,0.03146388915458129,5,0.1183495814906459,0.04438866677461729,-0.019329604973211564,0.0029702325599686337,-0.28517244059565316,0.12534593929825946,0.013447625445373552,0.3367407882344579,5,1.1037270472655267,1.4813825152499667,0.37765546798443994
tm358165,yordan osorio_1994,1718,7.833614615310931e-05,0.06280429152495588,0.00537945508282989,0.9302425714682937,0.0005085351358339009,0.0006041636560861972,0.00038264698584739254,4,1819,0.000396125895040897,0.006768143892577695,0.0025560268753843057,0.9883207453474436,0.0005307881796753614,0.00027038878402421836,0.001157781025853847,4,0.0003177897488877877,-0.056036147632378186,-0.002823428207445584,0.05807817387914993,2.2253043841460483e-05,-0.00033377487206197884,0.0007751340400064543,0.08075462067674354,4,0.2812857668947203,0.07783431543692534,-0.20345145145779495
tm358177,andre pereira_1995,1718,0.9296657054064696,0.0006693726536463086,0.002172756550946572,0.0005569045902522799,0.0490023379110994,0.005320444665352367,0.012612478222233506,1,1819,0.17911343423354759,0.030690216850805835,0.029557606116378487,0.0135997728887859,0.06069131923617536,0.09374144169863526,0.5926062089756716,7,-0.750552271172922,0.030020844197159526,0.027384849565431916,0.01304286829853362,0.01168898132507596,0.08842099703328289,0.5799937307534381,0.7570369305714837,1,0.3209887105022323,1.2795060283374242,0.9585173178351919
tm35871,fernando tissone_1986,1718,0.0007452099930835542,0.055321209617132286,0.8207881103388499,0.06039823505495106,0.007338298506479532,0.03532156793517787,0.02008736855432555,3,1819,0.002222740811866292,0.19739658694759293,0.42717655556175443,0.3571617098876786,0.005100828295809657,0.004128848351044985,0.0068127301442530335,3,0.0014775308187827377,0.14207537733046066,-0.3936115547770955,0.2967634748327275,-0.002237470210669875,-0.031192719584132885,-0.013274638410072516,0.5139690691255151,3,0.7297718529576775,1.1485016574383984,0.41872980448072084
tm364406,joao gamboa_1996,1718,0.0006314634684070621,0.023212811568233363,0.715401455095648,0.025523541796961847,0.006495242049718055,0.22676638740015048,0.00196909862088122,3,1819,0.0006410564683649048,0.06536862009760348,0.8956760645967466,0.0342286628840688,0.0009798070248686118,0.0016067158458740083,0.0014990730824737863,3,9.592999957842656e-06,0.04215580852937012,0.18027460950109864,0.00870512108710695,-0.005515435024849444,-0.22515967155427646,-0.00047002553840743365,0.291683259661312,6,0.8066898925331605,0.4240872429283628,-0.3826026496047977
tm364857,falaye sacko_1995,1718,0.00016211301848070993,0.08019405129712998,0.002751419784731167,0.9135962232365198,0.00048754245723064797,0.0009344544287783975,0.001874195777129021,4,1819,0.0005963836507257024,0.01779643482958738,0.042760085799415475,0.9281738134363896,0.002153482531563183,0.0027067337854144034,0.005813065966904104,4,0.00043427063224499247,-0.06239761646754259,0.04000866601468431,0.014577590199869817,0.0016659400743325352,0.001772279356636006,0.0039388701897750825,0.07558284828300461,2,0.32455440711145217,0.3392439411189012,0.014689534007449045
tm366278,rodrigo pinho_1991,1718,0.9677649667977236,0.0002816822902389646,0.0008165537134289318,0.00022955086354065776,0.02814979228138431,0.0010085533643863006,0.0017489006892970837,1,1819,0.9913489836937042,0.002417734575395538,0.00022232122192367433,0.00020246281162681576,0.0032510181102364845,0.0018971481606734366,0.00066033142643988,1,0.023584016895980553,0.0021360522851565735,-0.0005942324915052575,-2.7088051913841995e-05,-0.024898774171147827,0.000888594796287136,-0.0010885692628572036,0.03437820493087361,5,0.1603044541474817,0.06212216035279475,-0.09818229379468696
tm375039,emmanuel hackman_1995,1718,0.0001569273098377033,0.8561909908528642,0.012611442694639138,0.11844995663400826,0.0018758647478347816,0.007327354571610877,0.0033874631892051405,2,1819,0.0008647168376490085,0.022692435834448382,0.3595272263197629,0.6044114820418394,0.0030486800742082457,0.00619221964630972,0.003263239245782547,4,0.0007077895278113052,-0.8334985550184159,0.34691578362512376,0.4859615254078311,0.001172815326373464,-0.0011351349253011572,-0.00012422394342259365,1.0252961383501993,2,0.5092123113842669,0.8319387546419627,0.3227264432576957
tm375770,gabriel airton de souza_1996,1718,0.14593939102101167,0.03987692827170189,0.22531839499939899,0.027764101063479655,0.33611153915746783,0.11261614113366226,0.1123735043532776,5,1819,0.171230161428987,0.3994620974838286,0.07082217069363106,0.03534210109952915,0.1296167414165547,0.16045576192067051,0.033070965956798946,2,0.025290770407975338,0.3595851692121267,-0.15449622430576793,0.007578000036049495,-0.20649479774091314,0.04783962078700825,-0.07930253839647866,0.44586585113185406,2,1.702671539759582,1.645547276273955,-0.05712426348562705
tm376306,wellington_1992,1718,0.5465292421709071,0.0014361063825733408,0.0033800058783233786,0.0006784066087503494,0.4187401251390643,0.021543876343067064,0.007692237477314353,1,1819,0.8858687737927211,0.03758447401709403,0.0010956153197976958,0.0009069799387205485,0.022909485017261044,0.04985891053234191,0.0017757613820637555,1,0.33933953162181396,0.03614836763452069,-0.002284390558525683,0.0002285733299701991,-0.39583064012180325,0.02831503418927485,-0.005916476095250598,0.5233993978887632,5,0.8484127271337187,0.4917606311117891,-0.35665209602192965
tm377605,hamdou elhouni_1994,1718,0.1775034898019092,0.013718693760260697,0.057608260018169766,0.00554302980632158,0.5893245064446516,0.1460814291127417,0.0102205910559456,5,1819,0.009911900324951787,0.4514655850293091,0.2695060977445497,0.021423292058127236,0.0859511106151912,0.14586077774711068,0.01588123648076031,2,-0.1675915894769574,0.4377468912690484,0.21189783772637993,0.015880262251805655,-0.5033733958294604,-0.00022065136563101384,0.00566064542481471,0.7198937299055593,5,1.1983850895983028,1.397975744642595,0.1995906550442923
tm37947,mateus galiano da costa_1984,1718,0.08647546395429499,0.012238801923852467,0.08929350653155833,0.004413651091376583,0.5820013100110802,0.20755456793281826,0.018022698555019093,5,1819,0.07823165825654925,0.27716008888544746,0.054984512226166564,0.010268052683625281,0.3420337217330497,0.229429845198465,0.007892121016696698,5,-0.008243805697745743,0.264921286961595,-0.03430899430539177,0.005854401592248698,-0.23996758827803055,0.021875277265646725,-0.010130577538322395,0.3598966530900836,2,1.218984364955202,1.5044088825053654,0.2854245175501635
tm38780,vitor gomes_1987,1718,5.663243809985005e-05,0.0012830353240547486,0.9393667528027898,0.0005451676914025693,0.001653972652488885,0.05696776648837304,0.00012667260279113632,3,1819,0.009042470721948836,0.7203076695201157,0.12647532640225065,0.08980215197048992,0.03187623262568571,0.017137387895058306,0.005358760864450953,2,0.008985838283848985,0.719024634196061,-0.8128914264005391,0.08925698427908735,0.030222259973196823,-0.03983037859331473,0.005232088261659817,1.0901083864851777,3,0.24690803152554525,0.9643711890682407,0.7174631575426955
tm388236,rodrigo alves soares_1992,1718,0.00015208187608844784,0.5027368680857615,0.00564116636218107,0.4831280134744314,0.0014482957939742777,0.005855402007145646,0.0010381724004175708,2,1819,0.004847610625988307,0.22074363046696813,0.14962256868492974,0.25046215982265935,0.11892049428477594,0.14733496133527957,0.10806857477939895,4,0.004695528749899859,-0.28199323761879336,0.14398140232274867,-0.23266585365177206,0.11747219849080166,0.1414795593281339,0.10703040237898138,0.43384612577416054,2,0.7744338606182285,1.766126172040663,0.9916923114224344
tm397090,davidson da luz pereira_1991,1718,0.24888518719441347,0.009740567599114616,0.02856059896323647,0.00483346865324374,0.41864539243777626,0.27374123601677247,0.015593549135443049,5,1819,0.08807866587004658,0.014223523689810948,0.002401145077347883,0.0008519937591614269,0.6141614474690507,0.27613161234293004,0.0041516117916524636,5,-0.1608065213243669,0.004482956090696332,-0.026159453885888587,-0.003981474894082313,0.1955160550312744,0.002390376326157573,-0.011441937343790586,0.2545805276129113,5,1.3026423270081693,0.9725032790722339,-0.3301390479359354
tm40858,nuno andre coelho_1986,1718,0.0007633071711735735,0.15203282913181085,0.011574872065095481,0.8245122736986695,0.002379842239086562,0.004284273749685512,0.004452601944478704,4,1819,0.000701488621551656,0.011026770903089728,0.015675161294881078,0.9672182911084636,0.0007566923995534398,0.0005001348148817011,0.004121460857578632,4,-6.181854962191758e-05,-0.14100605822872112,0.004100289229785597,0.14270601740979405,-0.001623149839533122,-0.003784138934803811,-0.0003311410869000723,0.20070248224261297,4,0.5644137069024098,0.1840487052507642,-0.38036500165164555
tm411838,bruno viana_1995,1718,0.017763925209327156,0.1584746289492236,0.06360169844124358,0.5074943702269084,0.045794189641189496,0.06440285621534904,0.14246833131675873,4,1819,7.964614742121285e-05,0.0012386534999081892,0.002078842029242694,0.9959852937876627,0.00012750391951740019,7.876540218954145e-05,0.00041129521405858347,4,-0.017684279061905943,-0.15723597544931542,-0.061522856412000886,0.4884909235607543,-0.045666685721672096,-0.0643240908131595,-0.14205703610270015,0.5231322632064562,4,1.4784436264909069,0.030982525875958327,-1.4474611006149485
tm419458,diga_1998,1718,0.00011742967425156608,0.3855847074505401,0.01025960655810337,0.6002341749600528,0.0015573897749556252,0.0016415852991952856,0.0006051062829013124,4,1819,0.0004001382085161583,0.0061815789624613685,0.11191853954135808,0.8696893951910809,0.0006908575834074324,0.0011701835060814842,0.009949307007094683,4,0.0002827085342645922,-0.3794031284880787,0.10165893298325471,0.2694552202310281,-0.0008665321915481928,-0.0004714017931138014,0.00934420072419337,0.476328081571297,2,0.7469658461677774,0.4598923175046524,-0.28707352866312497
tm435497,fabio china_1992,1718,3.543443341132952e-05,0.9459277491877081,0.004928838225494804,0.0466229927581584,0.00035706999197027524,0.0016646300805211144,0.00046328532273593267,2,1819,0.00046713129509281463,0.0116554668073711,0.032542765708349644,0.9488093754785683,0.0009475737858367048,0.0020419180452084487,0.0035357688795731083,4,0.00043169686168148514,-0.934272282380337,0.02761392748285484,0.9021863827204099,0.0005905037938664296,0.0003772879646873344,0.0030724835568371757,1.2990643452825767,2,0.23910344760870736,0.2559980078189358,0.01689456021022842
tm437566,claudio falcao_1994,1718,0.000504648800102214,0.03755332599507351,0.877994246595675,0.04498101996154805,0.00599743723389493,0.021508040775394234,0.011461280638312024,3,1819,0.0002943647073481366,0.008807031615880605,0.9689948812017128,0.017563218112021214,0.00041233979232634165,0.0010503228677560116,0.0028778417029548774,3,-0.0002102840927540774,-0.028746294379192905,0.0910006346060378,-0.027417801849526833,-0.005585097441568588,-0.020457717907638222,-0.008583438935357146,0.10153303182864541,3,0.5453104140482387,0.17283397513469106,-0.3724764389135476
tm438202,bruno tabata_1997,1718,0.06860223433431127,0.022138969221336714,0.05133572955015335,0.00841852279839458,0.2728654304427564,0.523060162825613,0.053578950827434677,6,1819,6.228581383912808e-41,5.6419036800402326e-40,1.8594986475783678e-41,5.127617428767375e-42,1.488491118227695e-39,1.0,1.5523775642263986e-41,6,-0.06860223433431127,-0.022138969221336714,-0.05133572955015335,-0.00841852279839458,-0.2728654304427564,0.47693983717438704,-0.053578950827434677,0.5566235537443939,6,1.3109953061555892,1.6578612669557127e-10,-1.3109953059898032
tm439022,marcao_1996,1718,4.8129796820457685e-05,0.14805545503233472,0.005107096730624627,0.8452296500319607,0.00039005868028244375,0.0007412003813691331,0.00042840934660788154,4,1819,0.0006966936730095337,0.008080839034507617,0.06985548989752165,0.9144831203745369,0.0008035424450867814,0.0012784367252897417,0.004801877850047721,4,0.000648563876189076,-0.1399746159978271,0.06474839316689703,0.06925347034257623,0.00041348376480433767,0.0005372363439206085,0.0043734685034398394,0.16906262426313748,2,0.46408903844892485,0.35153915547442804,-0.1125498829744968
tm442424,murilo oliveira de freitas_1996,1718,0.15966724957627917,0.012623239132360258,0.02864496128355846,0.003955374516621472,0.44034418267669745,0.32176954764405563,0.03299544517042747,5,1819,0.03219005417742022,0.08535071658189546,0.359355444621618,0.026208328897211836,0.06394803903962899,0.2771958281232014,0.155751588559024,3,-0.12747719539885896,0.0727274774495352,0.3307104833380595,0.022252954380590363,-0.37639614363706847,-0.044573719520854205,0.12275614338859653,0.5244665980861599,5,1.3103708803428842,1.6049841005921337,0.2946132202492495
tm454121,galeno_1997,1718,0.07225621848063728,0.04385471879596622,0.0336933276993748,0.012928667601832752,0.1494023281555571,0.11988570538792852,0.5679790338787034,7,1819,0.025859791674257043,0.03509887178066795,0.0014841170305829449,0.0009144432492500231,0.39073180834281956,0.5244478258499456,0.02146314207247691,6,-0.04639642680638023,-0.008755847015298267,-0.03220921066879186,-0.012014224352582729,0.24132948018726247,0.4045621204620171,-0.5465158918062265,0.474680414001077,6,1.35706086172297,1.0162667763816908,-0.3407940853412792
tm46110,ljubomir fejsa_1988,1718,0.0004755223357046837,0.0713192910246112,0.7791697993613053,0.10886161316055486,0.005081849651485477,0.0208306983408438,0.014261226125494601,3,1819,0.00018749836088741378,0.0038937971124751508,0.966262055232451,0.026168969494030903,0.00023705755210351326,0.0005465049298069497,0.002704117318245158,3,-0.0002880239748172699,-0.06742549391213605,0.18709225587114575,-0.08269264366652396,-0.004844792099381963,-0.02028419341103685,-0.011557108807249443,0.21638573479654596,3,0.7959049016887881,0.17378737847501763,-0.6221175232137706
tm48206,nuno pinto_1986,1718,0.004635383654680413,0.5788413262747568,0.05332711673462098,0.14973604748582642,0.015178837611441696,0.1090556171917044,0.08922567104696935,2,1819,0.005007136815506337,0.13462674990311896,0.10424480757494567,0.4705421079230085,0.07950980664974579,0.13709472334659145,0.06897466778708325,4,0.0003717531608259236,-0.44421457637163786,0.050917690840324686,0.3208060604371821,0.0643309690383041,0.028039106154887056,-0.020251003259886102,0.5547616900675049,2,1.302872470519536,1.545075686986364,0.24220321646682796
tm48703,mano_1987,1718,6.4346942571000145e-06,0.9727130524376544,0.0008608606288311304,0.02611012471868819,6.912950907564414e-05,0.0001843072050113008,5.609080648222467e-05,2,1819,0.00036687417788040235,0.01020224449569904,0.032945474965417845,0.952615383125017,0.0006766342545276423,0.0010391266363930724,0.0021542623450651246,4,0.0003604394836233023,-0.9625108079419553,0.032084614336586714,0.9265052584063288,0.0006075047454519981,0.0008548194313817716,0.0020981715385829,1.336364359533611,2,0.13104253859340356,0.23366872475908151,0.10262618616567795
tm50143,jonas_1984,1718,0.08327568742194956,0.002376530528305502,0.0033011831097399776,0.002124860382890217,0.01981670256487303,0.00580636252371113,0.8832986734685305,7,1819,0.3073037339258849,0.01458932128885478,0.003482674285373161,0.004173970317729787,0.03489928242277698,0.013376975097095772,0.6221740426622846,7,0.22402804650393532,0.012212790760549277,0.00018149117563318355,0.00204910993483957,0.015082579857903948,0.007570612573384642,-0.2611246308062459,0.22500388454204204,1,0.4704987786735654,0.9369017679889673,0.4664029893154019
tm51058,lica_1988,1718,0.5084046977551545,0.007146186132627761,0.030554167540171887,0.007163319553923014,0.37722017683818443,0.02179047647388223,0.04772097570605612,1,1819,0.5912061569344725,0.049064078062295007,0.004062981830219675,0.0043845035002267095,0.2806066790963934,0.01413912851278099,0.05653647206361159,1,0.08280145917931803,0.041917891929667245,-0.026491185709952212,-0.0027788160536963043,-0.09661349774179101,-0.007651347961101241,0.00881549635755547,0.13680426571037868,5,1.1175175862926836,1.0840519352489544,-0.03346565104372923
tm512913,stephen eustaquio_1996,1718,0.0017156752249345287,0.06485196819428093,0.6277776999375283,0.04351640754372178,0.01037873969480545,0.2451814677138015,0.006578041690927501,3,1819,0.00042550119587454955,0.045973548987377946,0.8781744244829617,0.0716246158635397,0.0010428373703509897,0.0010265505022557166,0.0017325215976395792,3,-0.001290174029059979,-0.018878419206902988,0.2503967245454334,0.028108208319817918,-0.009335902324454462,-0.24415491721154578,-0.0048455200932879215,0.35149030281018745,3,1.0421424260494148,0.47303577488386966,-0.5691066511655452
tm5404,jeremy mathieu_1983,1718,0.0011324518711815846,0.14136484860029364,0.03574799335319184,0.8001569296791649,0.007409468102850236,0.011185195798842714,0.003003112594475143,4,1819,0.00036408217033497334,0.008184555430739256,0.0025298378209655365,0.986668671980815,0.0007835276005446229,0.00037622030481399785,0.0010931046917864997,4,-0.0007683697008466113,-0.13318029316955438,-0.033218155532226304,0.18651174230165013,-0.006625940502305613,-0.010808975494028716,-0.0019100079026886435,0.23192324978935716,4,0.6857711549190921,0.08660704088273098,-0.5991641140363612
tm55734,gevorg ghazaryan_1988,1718,0.03969303221612733,0.08437186974267975,0.32747252984949005,0.019046052305692833,0.05478639232772973,0.4144434687237648,0.06018665483451534,6,1819,0.008625436982498921,0.16712275190386908,0.011287424729853399,0.0026237555019513778,0.1061909425415996,0.694196929991721,0.009952758348506605,6,-0.031067595233628405,0.08275088216118932,-0.31618510511963666,-0.016422296803741455,0.051404550213869867,0.2797534612679562,-0.05023389648600873,0.4346953454753957,3,1.471006956556004,0.9435888479836894,-0.5274181085723146
tm56183,bruno moreira_1987,1718,0.9652949703235839,0.0003875932828728478,0.000635346577779003,0.0003001667817669501,0.027430995978957252,0.0012070514384696592,0.004743875616570412,1,1819,0.7552625586255358,0.01948176607052563,0.002319128473068499,0.002941223097686974,0.13307618622664694,0.019899846853892,0.06701929065264434,1,-0.2100324116980481,0.019094172787652783,0.001683781895289496,0.002641056315920024,0.10564519024768969,0.01869279541542234,0.06227541503607392,0.2366396807828122,1,0.1763911685882418,0.8474115391554592,0.6710203705672174
tm56331,bas dost_1989,1718,0.1248315835472067,0.00472596658287483,0.007756093018704927,0.006016107651951439,0.040964329659274115,0.008476786865332403,0.8072291326746556,7,1819,0.854934283229167,0.02617784041825215,0.001927350821718668,0.00571009685282675,0.059256984244326585,0.005856228519513644,0.046137215914195326,1,0.7301026996819603,0.02145187383537732,-0.0058287421969862585,-0.00030601079912468895,0.01829265458505247,-0.0026205583458187593,-0.7610919167604603,0.7306748191842632,1,0.6976929631473184,0.6103802506334114,-0.08731271251390704
tm57834,maxi pereira_1984,1718,0.0002750530499653879,0.8673507950721908,0.024373869651464843,0.08879825118824146,0.003869644835714408,0.010502235348485498,0.0048301508539375475,2,1819,0.0009116486639572462,0.017803059161125102,0.08202088948389254,0.8771382257040189,0.004305945928710374,0.008464637281347396,0.009355593776948643,4,0.0006365956139918583,-0.8495477359110657,0.05764701983242769,0.7883399745157774,0.0004363010929959656,-0.002037598067138102,0.004525442923011096,1.16040475581808,2,0.526337649480359,0.5057573955786537,-0.02058025390170526
tm58181,nelson lenho_1984,1718,7.171943002935874e-05,0.9523278984803938,0.0025208731913556664,0.036818357755467906,0.000490390724783307,0.007280193869847581,0.0004905665481222457,2,1819,0.004592454390636632,0.09191525152784405,0.049490317065776085,0.7927714903164171,0.01855879049147085,0.013687855245470847,0.028983840962384346,4,0.004520734960607273,-0.8604126469525497,0.04696944387442042,0.7559531325609492,0.018068399766687542,0.006407661375623266,0.0284932744142621,1.1464593985665148,2,0.2271622699876288,0.812339231368606,0.5851769613809772
tm58965,ruben lima_1989,1718,0.0006045049662424871,0.7634188331434315,0.025192006695538213,0.16982636657023542,0.004446735554424313,0.02191339096180167,0.014598162108326361,2,1819,0.0013619070943893315,0.05236045707050694,0.12030074008206672,0.7989323680786337,0.004446152512147256,0.0067951630134929,0.01580321214876319,4,0.0007574021281468444,-0.7110583760729245,0.0951087333865285,0.6291060015083982,-5.830422770570359e-07,-0.01511822794830877,0.0012050500404368284,0.9542814998512544,2,0.7739094784090572,0.7210832649293295,-0.05282621347972771
tm60410,marcos acuna_1991,1718,0.0067802766011132234,0.013292513769789353,0.05381048754494006,0.003285174050468072,0.08161922245672318,0.8015152687368517,0.039697056840114306,6,1819,0.0020380714423938093,0.0545462339230648,0.6532535994420834,0.062065018198765295,0.028131299756925247,0.1566426213708056,0.04332315586596194,3,-0.004742205158719414,0.04125372015327544,0.5994431118971433,0.058779844148297226,-0.053487922699797935,-0.6448726473660462,0.003626099025847637,0.8850046110676,6,0.7772558169908911,1.148779255556807,0.37152343856591596
tm60517,yacine brahimi_1990,1718,0.5066136068355457,0.00991998384614305,0.026965269140943736,0.008175928007074234,0.28871678499336056,0.10009837410953373,0.05951005306739891,1,1819,0.5449366288588026,0.07651486127912742,0.00395315195734784,0.004475014524098419,0.3127804147265156,0.0471849285222276,0.010155000131880651,1,0.03832302202325688,0.06659487743298437,-0.023012117183595894,-0.003700913482975815,0.024063629733155012,-0.05291344558730613,-0.049355052935518264,0.0991245530383086,2,1.2839689446964042,1.1277946151874338,-0.15617432950897037
tm60799,wilson eduardo_1990,1718,0.5804498873205411,0.006590477747543762,0.01054023584448621,0.004371939771719776,0.2003735051003554,0.023183847109061136,0.1744901071062927,1,1819,0.08151511301193197,0.030909379300982656,0.0013333989260635502,0.002478761406704499,0.8248929193148514,0.03923363785488694,0.019636790184578947,5,-0.49893477430860916,0.024318901553438896,-0.00920683691842266,-0.0018931783650152768,0.6245194142144961,0.016049790745825805,-0.15485331692171375,0.7999360989924851,5,1.1345966360965063,0.6985378148261946,-0.4360588212703117
tm63837,andre andre_1989,1718,0.06671751136349081,0.05746150090253251,0.2078787776245262,0.04734329637084762,0.1954325659106457,0.18553735040162705,0.23962899742633012,7,1819,0.04904278143173018,0.216507639046278,0.30859189903168693,0.04997870168036431,0.08142266849864203,0.26816186278335336,0.026294447527945203,3,-0.017674729931760634,0.1590461381437455,0.10071312140716074,0.0026354053095166835,-0.11400989741200367,0.0826245123817263,-0.2133345498983849,0.23576092779664026,2,1.78965716299462,1.6445494379337142,-0.14510772506090586
tm64339,pizzi_1989,1718,0.023958532468268023,0.015255855150860236,0.03315741449297675,0.006398701468086617,0.29445912983840783,0.5950708562295232,0.03169951035187742,6,1819,0.024059506370806567,0.020444523452739023,0.0020644235722170954,0.0015486963530194063,0.8074677043624835,0.08737951261779235,0.05703563327094199,5,0.00010097390253854463,0.005188668301878786,-0.031092990920759657,-0.00485000511506721,0.5130085745240757,-0.5076913436117308,0.02533612291906457,0.7224579759556948,5,1.0767919564620687,0.7410103415831769,-0.3357816148788918
tm66008,renan bardini bressan_1988,1718,0.0009167218014874849,0.0037068201558747276,0.027178747754433408,0.0006213219796355132,0.15916460838014773,0.8070181768292296,0.001393603099191432,6,1819,0.00257024388044689,0.2561519509674578,0.08021688138777557,0.006203863881330078,0.06856261086432075,0.5726273298366132,0.013667119182055588,6,0.0016535220789594051,0.2524451308115831,0.05303813363334216,0.005582541901694564,-0.09060199751582698,-0.23439084699261636,0.012273516082864156,0.36017117834011836,2,0.6044486289375274,1.1597931460622546,0.5553445171247272
tm67815,rafik halliche_1986,1718,0.0012221359821935095,0.24659283387088948,0.06174521266367729,0.6501818812921691,0.008181022632731004,0.016961484447541364,0.015115429110798169,4,1819,8.51605449356639e-06,0.00016940286102245117,0.000706602070054029,0.9990459145012438,1.2232386235548187e-05,1.4764795481123045e-05,4.256733146928512e-05,4,-0.001213619927699943,-0.24642343100986702,-0.06103861059362326,0.34886403320907466,-0.008168790246495456,-0.01694671965206024,-0.015072861779328884,0.431870034055574,4,0.9771114970698234,0.00838144942965779,-0.9687300476401656
tm70359,david simao_1990,1718,0.003038344736767737,0.1573192688631391,0.19798984999690544,0.017135262638365404,0.032904214262279914,0.55002980244062,0.04158325706192242,6,1819,0.0007854763429719487,0.03089049018686015,0.93934450272839,0.012928005810532404,0.001640732264979269,0.009991689266938929,0.004419103399327355,3,-0.0022528683937957884,-0.12642877867627894,0.7413546527314845,-0.0042072568278329996,-0.03126348199730065,-0.5400381131736811,-0.03716415366259506,0.9264082807364126,3,1.2722806376426983,0.3085271553982828,-0.9637534822444155
tm72855,diogo viana_1990,1718,0.030472232541632394,0.05383136521529136,0.09151140548022667,0.0091653552160646,0.22942845663249173,0.5547281594669072,0.03086302544738611,6,1819,0.005924989919132857,0.08850168273011645,0.17521362692461445,0.16797452956626818,0.0703804464216707,0.4447329891736393,0.0472717352645582,6,-0.024547242622499535,0.03467031751482509,0.08370222144438778,0.15880917435020359,-0.15904801021082104,-0.10999517029326794,0.016408709817172087,0.2672568442703232,5,1.2974963929990748,1.5412180780365576,0.24372168503748282
tm73852,fredy montero_1987,1718,0.8022420650898451,0.008733113236209341,0.012752362873850778,0.0038784958570595588,0.07658014772359104,0.019915751712523952,0.0758980635069204,1,1819,0.8768276708837294,0.004970058990232408,0.0003662261221692783,0.00045236808185645226,0.10130855072913876,0.008930413678509948,0.007144711514363672,1,0.07458560579388429,-0.0037630542459769333,-0.012386136751681499,-0.0034261277752031067,0.024728403005547725,-0.010985338034014004,-0.06875335199255672,0.0804642745011013,1,0.7657854875349771,0.45739415480775397,-0.30839133272722313
tm74550,jefferson nascimento_1988,1718,0.002429932652134844,0.7620172626738159,0.038441337274953746,0.08936196572492217,0.02514847348708041,0.05188484967894133,0.030716178508151757,2,1819,0.0026266453986961715,0.05250782135614343,0.04332227636249482,0.8067981668122227,0.02904961330128636,0.02322439247673742,0.04247108429241912,4,0.00019671274656132744,-0.7095094413176725,0.004880939087541072,0.7174362010873006,0.0039011398142059506,-0.02866045720220391,0.011754905784267366,1.0094448241041527,4,0.9159312647284066,0.8038801990179595,-0.1120510657104471
tm75116,lionn_1989,1718,0.013513896031091998,0.22585171481831331,0.06713563035231614,0.05075852458097524,0.07795634103163984,0.06482611962634985,0.4999577735593136,7,1819,0.0024141706727138874,0.07747975767966388,0.10113923743515833,0.6710604767643408,0.050706749484070106,0.047483008456273665,0.0497165995077791,4,-0.01109972535837811,-0.14837195713864942,0.0340036070828422,0.6203019521833655,-0.027249591547569736,-0.017343111170076184,-0.4502411740515345,0.6396182630990849,4,1.4497022705076654,1.1572523423265373,-0.29244992818112814
tm75296,radosav petrovic_1989,1718,0.0010572318089164673,0.19266850050425335,0.36248555156606643,0.4093042216455223,0.008211784832506482,0.01694602589416762,0.009326683748567287,4,1819,0.0004036555839494308,0.005322582410463119,0.6328817192058249,0.35300395465241646,0.0004669549928798979,0.0008779732601263873,0.007043159894339731,3,-0.0006535762249670364,-0.18734591809379023,0.2703961676397585,-0.05630026699310586,-0.007744829839626584,-0.016068052634041232,-0.002283523854227556,0.33421683445144634,3,1.2101342427749742,0.7327866222261029,-0.47734762054887125
tm79128,bruno braga_1983,1718,0.02276008288824104,0.03203821911534834,0.2654039544329433,0.009915790363600966,0.4593704586684441,0.18310986945581662,0.02740162507560556,5,1819,2.713992290862231e-05,0.0009230635905866437,0.9981061114338564,0.0005408966019067111,4.500413264480595e-05,0.00010765634403386004,0.0002501279740629998,3,-0.022732942965332417,-0.031115155524761698,0.7327021570009131,-0.009374893761694255,-0.4593254545357993,-0.18300221311178275,-0.02715149710154256,0.884813518372294,3,1.3609115346253584,0.01620491966244839,-1.34470661496291
tm80462,babanco_1985,1718,0.0029905367870891124,0.08779958129335313,0.47207921574935247,0.03585002125573409,0.029046994313029373,0.35418196325897333,0.018051687342468512,3,1819,0.005450908177497189,0.0331644181109702,0.7921438285610248,0.09678454571090263,0.006777245295385333,0.051145736640161046,0.014533317504058752,3,0.0024603713904080764,-0.054635163182382936,0.32006461281167237,0.06093452445516854,-0.02226974901764404,-0.3030362266188123,-0.0035183698384097604,0.4488566848036071,3,1.247524764351049,0.7993762862488774,-0.4481484781021716
tm83466,andre almeida_1990,1718,0.0014026618443860187,0.6071684250310154,0.03961962252163314,0.2701901766139593,0.017144318243795587,0.057465789548402875,0.007009006196807666,2,1819,0.0025192769895797077,0.07606658297860829,0.08476880540953961,0.7216304834421141,0.034491708873040906,0.05540873366408242,0.02511440864303477,4,0.001116615145193689,-0.5311018420524072,0.045149182887906474,0.45144030682815484,0.01734739062924532,-0.0020570558843204523,0.018105402446227103,0.6987219591840101,2,1.0622823973704887,1.0246171308722547,-0.037665266498233985
tm83485,nuno reis_1991,1718,9.798847688617929e-05,0.14158558668555474,0.10090429594919756,0.7514998253214936,0.0007500571435461773,0.0035238928124828356,0.001638353610838964,4,1819,4.340846385482198e-05,0.000366662177065391,0.0034406301304547265,0.9954273928508066,4.153761187666339e-05,5.370963701392393e-05,0.0006266591289280194,4,-5.4580013031357314e-05,-0.14121892450848936,-0.09746366581874283,0.243927567529313,-0.0007085195316695139,-0.0034701831754689115,-0.0010116944819109446,0.2982535098621732,4,0.7596163158536109,0.0329832756603522,-0.7266330401932587
tm84491,ruben micael_1986,1718,0.08606824638710898,0.028939636452441967,0.25265701648312777,0.037327146634877524,0.29612547364561864,0.28371326091371163,0.01516921948311355,5,1819,0.004650256379243036,0.06043505001054927,0.8011668263609303,0.02584002494096809,0.012341590786709657,0.08067154075064303,0.014894710770956597,3,-0.08141799000786595,0.031495413558107296,0.5485098098778025,-0.011487121693909433,-0.283783882858909,-0.2030417201630686,-0.0002745087121569529,0.6560297614943759,3,1.5652629742522925,0.7866189945856913,-0.7786439796666013
tm84535,eduardo salvio_1990,1718,0.3611703244957046,0.011081648917081703,0.022970277589030908,0.008433184724950214,0.3528443965574319,0.07052751840620018,0.1729726493096003,1,1819,0.04057150332586939,0.06554286947619267,0.0035285893412239314,0.002439213651360084,0.7088114673216334,0.13886320745833017,0.04024314942539039,5,-0.3205988211698352,0.05446122055911097,-0.019441688247806975,-0.00599397107359013,0.3559670707642015,0.06833568905212999,-0.1327294998842099,0.4873867637493938,5,1.4027565847514867,0.9906219719165356,-0.4121346128349511
tm84711,joao aurelio_1988,1718,0.002439740629382966,0.7370385230049141,0.06198943386618602,0.06965631586322345,0.012965359962943228,0.09162756734407153,0.024283059329278794,2,1819,0.0029581871975522343,0.036466560684040986,0.05329059671880199,0.8241493335097299,0.01423815774148692,0.047126895030031736,0.0217702691183562,4,0.0005184465681692682,-0.7005719623208732,-0.00869883714738403,0.7544930176465064,0.0012727977785436922,-0.04450067231403979,-0.0025127902109225927,1.0305914110221361,4,0.963131996977,0.741447231405771,-0.22168476557122907
tm85588,bruno monteiro_1984,1718,5.1855349639126385e-05,0.003905723453891932,0.9724345415047966,0.004728978886655395,0.0013673381957069917,0.017271362296241582,0.0002402003130682925,3,1819,0.0002537148481183776,0.008069365535258352,0.9578488632672394,0.03176513683990591,0.0003883187803716803,0.0008765217911971829,0.0007980789379089392,3,0.0002018594984792512,0.004163642081366419,-0.014585678237557187,0.02703615795325051,-0.0009790194153353113,-0.0163948405050444,0.0005578786248406467,0.03508306975398475,4,0.15578993309008388,0.20672557581717949,0.05093564272709561
tm86536,erdem sen_1989,1718,0.0006625517218291354,0.101330310101998,0.6847549802759415,0.1638333301863896,0.0061393665539465,0.03638488614033208,0.006894575019563244,3,1819,0.0010052442039141366,0.014550555692231007,0.672330252839378,0.2883657171909862,0.0012725672205986622,0.0023093933144786682,0.02016626953841343,3,0.0003426924820850013,-0.086779754409767,-0.012424727436563532,0.1245323870045966,-0.004866799333347838,-0.03407549282585341,0.013271694518850186,0.15613570195688148,4,0.9786512706434435,0.7952260834099325,-0.18342518723351098
tm86804,andre claro_1991,1718,0.04437016774964028,0.021232148376520328,0.1347734989666868,0.010463805827260529,0.700860600685684,0.08189799765621679,0.006401780737991295,5,1819,0.1168448857841555,0.47103925297117466,0.11453728780412216,0.024514617469819273,0.12256791330748537,0.12995211813075971,0.020543924532483493,2,0.07247471803451522,0.44980710459465434,-0.020236211162564646,0.014050811642558744,-0.5782926873781986,0.048054120474542925,0.014142143794492197,0.7381853266068895,5,1.0242201482337687,1.5468349016681628,0.5226147534343941
tm87854,fredy_1990,1718,0.04455808790299647,0.03698131140556583,0.11661484014017676,0.007817503188146195,0.19848101629106257,0.5170229771600358,0.07852426391201646,6,1819,0.019094429927730364,0.04708973220863735,0.008684563083677653,0.001389048412841775,0.11539554307681647,0.8039942528265605,0.004352430463736002,6,-0.025463657975266108,0.010108420803071526,-0.1079302770564991,-0.00642845477530442,-0.0830854732142461,0.2869712756665247,-0.07417183344828046,0.3188989756989066,6,1.4108880513702438,0.7180823034122682,-0.6928057479579756
tm89297,rodrigo battaglia_1991,1718,0.0011782845135938258,0.01556813651806559,0.8615032089030765,0.005062051958320495,0.013613983859554127,0.09788299181483592,0.005191342432553464,3,1819,0.000436992995364574,0.00601376530576972,0.986690683618406,0.0036479782578942924,0.00027113142862224027,0.0015594473750940704,0.0013800010188489678,3,-0.0007412915182292519,-0.00955437121229587,0.12518747471532943,-0.0014140737004262023,-0.013342852430931886,-0.09632354443974185,-0.003811341413704496,0.1588143440525363,3,0.5412200249990825,0.08922597385550265,-0.4519940511435798
tm96140,jorge correa_1993,1718,0.059365558360120835,0.028960803046699412,0.08214679633309188,0.006714067583769247,0.5257038535975578,0.28477758928807784,0.01233133179068287,5,1819,4.2151809723278664e-41,1.0,1.938983014396395e-40,5.835553253587611e-41,5.62081774254314e-40,5.6419036800402326e-40,1.5523775642263986e-41,2,-0.059365558360120835,0.9710391969533005,-0.08214679633309188,-0.006714067583769247,-0.5257038535975578,-0.28477758928807784,-0.01233133179068287,1.1448569270605307,2,1.2590582058962185,1.6578612669557127e-10,-1.2590582057304325
tm9819,ricardo costa_1981,1718,5.169607371098139e-06,0.010990983645953994,0.0003838816437329613,0.9885043185794462,2.922643903775363e-05,6.451629648247476e-05,2.190378797552623e-05,4,1819,0.0001408104799223726,0.002356596388076573,0.0021951455503038996,0.9946512023490469,0.00017564315224921702,0.00011586302356098241,0.00036473905684024404,4,0.00013564087255127445,-0.008634387257877421,0.0018112639065709384,0.006146883769600708,0.00014641671321146337,5.134672707850765e-05,0.0003428352688647178,0.010754532677983687,2,0.06525101732843704,0.0397357289182311,-0.025515288410205936
carlos_1995,carlos_1995,1819,0.09328978142405742,0.08980406074959034,0.408515826728068,0.18537173192341347,0.0657638584931975,0.025926301769401573,0.13132843891227167,3,1920,0.023830586286121173,0.026028574570294057,0.03274746467204496,0.010078013704846598,0.2318628468364979,0.6562815609215737,0.019170953008621497,6,-0.06945919513793625,-0.06377548617929628,-0.37576836205602304,-0.17529371821856687,0.1660989883433004,0.6303552591521722,-0.11215748590365017,0.7783047402304847,6,1.6561520900397064,1.0334153260041257,-0.6227367640355808
diederrick joel_1993,diederrick joel_1993,1819,0.9101285714563239,0.030954021991281215,0.0037270520006024615,0.0028310122329780387,0.024633382277545243,0.014540586294557128,0.013185373746711996,1,1920,0.3409718884561536,0.001242059158768164,0.0023367227258928457,0.0009600653829680633,0.6417691534484015,0.009374319362599689,0.003345791465215922,5,-0.5691566830001702,-0.02971196283251305,-0.0013903292747096158,-0.0018709468500099755,0.6171357711708563,-0.005166266931957439,-0.009839582281496074,0.840065958344572,5,0.44055818349910403,0.7434992362611437,0.30294105276203964
francisco reis ferreira_1997,francisco reis ferreira_1997,1819,0.0012194655305193445,0.00794294718285299,0.012958994153000418,0.9601877568534897,0.0021718475209786736,0.0011795307336500951,0.014339458025508638,4,1920,1.5422266217771652e-05,0.3883896084178697,0.00217315114221725,0.6087171763225532,0.00010304668242930265,0.0002701967801529898,0.000331398388559731,4,-0.0012040432643015727,0.3804466612350167,-0.010785843010783168,-0.3514705805309365,-0.002068800838549371,-0.0009093339534971053,-0.014008059636948907,0.5180676808858174,2,0.2240566212564961,0.6888031501032242,0.4647465288467281
hildeberto pereira_1996,hildeberto pereira_1996,1819,0.5986936714914303,0.2572906277022885,0.01150408547763443,0.00891480956466577,0.07908837506141844,0.02987123623401086,0.014637194468551629,1,1920,0.021759718018411353,0.01937293320008499,0.009363565379894096,0.004054299326974086,0.7139919583189784,0.22172905157224676,0.009728474183410312,5,-0.5769339534730189,-0.23791769450220351,-0.002140520097740333,-0.004860510237691684,0.63490358325756,0.1918578153382359,-0.004908720285141317,0.9107127998183406,5,1.1172284000631965,0.8453531211295233,-0.27187527893367314
mamadu cande_1990,mamadu cande_1990,1819,0.0007152563635893985,0.09151506451249462,0.09655539196032009,0.8033791929393638,0.002285743932792391,0.0031431731707762824,0.0024061771206637435,4,1920,4.146257807548137e-05,0.023593696204572724,0.010300640038102556,0.9633518074939148,0.00028779816738967897,0.00185027842382103,0.0005743170941237599,4,-0.0006737937855139172,-0.06792136830792189,-0.08625475192221754,0.15997261455455103,-0.001997945765402712,-0.0012928947469552524,-0.0018318600265399836,0.19403749449932664,4,0.6721311464073676,0.190193012220298,-0.4819381341870696
pedrao_1992,pedrao_1992,1819,7.012050018032808e-05,0.0013865675054970797,0.0009606572131315926,0.9971839252686264,0.0001331003517585603,7.946501629655876e-05,0.00018616414450925656,4,1920,1.6819713839647504e-05,0.2753687102169609,0.005220371379862231,0.7186147317259506,0.00011196413487300259,0.0003067774797879991,0.0003606253487255802,4,-5.330078634068057e-05,0.2739821427114638,0.004259714166730638,-0.27856919354267584,-2.1136216885557713e-05,0.00022731246349144035,0.00017446120421632364,0.3907495492501988,4,0.022819216694069402,0.6265575492777471,0.6037383325836777
pedro rodrigues_1997,pedro rodrigues_1997,1819,0.005525223023372771,0.1959845872101122,0.5988457278634188,0.08904113174426238,0.03597922619259247,0.06298244087756424,0.011641663088677041,3,1920,0.001816727472071583,0.0645396442054593,0.15263556957057606,0.043407933016993853,0.010276700172146647,0.7031829635372115,0.02414046202554104,6,-0.003708495551301188,-0.1314449430046529,-0.4462101582928428,-0.04563319872726853,-0.025702526020445825,0.6402005226596473,0.012498798936863998,0.7930918920453506,6,1.216147771003625,0.9959780287773093,-0.2201697422263157
tm102427,sebastian coates_1990,1819,0.00010017362203405769,0.002076866552247773,0.00738662822294766,0.9896331222446928,0.00015072667907498847,0.00016630173949350622,0.0004861809395091635,4,1920,6.507022474709333e-05,0.9640922587309052,0.0021675514052679687,0.03133816873993173,0.0004778319025628112,0.0013273893082409156,0.0005317296883444275,2,-3.510339728696436e-05,0.9620153921786574,-0.005219076817679691,-0.9582949535047611,0.0003271052234878227,0.0011610875687474095,4.5548748835263944e-05,1.3578775820443445,2,0.0668007424698438,0.1741559823576091,0.1073552398877653
tm103381,tiquinho soares_1991,1819,0.9593936237104825,0.004387462613962568,0.0007127775847080098,0.0007878610146561284,0.017256051920466024,0.005428961933901983,0.01203326122182286,1,1920,1.0,2.2398883821436054e-42,2.8539575447300326e-42,1.1301162269108501e-42,4.0710062876537285e-40,2.603726471016468e-41,1.644580565191719e-41,1,0.040606376289517465,-0.004387462613962568,-0.0007127775847080098,-0.0007878610146561284,-0.017256051920466024,-0.005428961933901983,-0.01203326122182286,0.04468222639909585,1,0.2259433595907252,1.6578612669557127e-10,-0.22594335942493907
tm104466,stefan ristovski_1992,1819,0.001654783980882296,0.013633719353952516,0.02518465676913463,0.9394841794478679,0.005387480992751596,0.003986617937340522,0.010668561518070748,4,1920,0.0020009555944059654,0.27494311306119157,0.1394976134288409,0.4779991496369633,0.015461002481789839,0.062123285993462,0.02797487980334647,4,0.0003461716135236695,0.26130939370723905,0.11431295665970627,-0.46148502981090456,0.010073521489038242,0.05813666805612148,0.01730631828527572,0.5457105018983454,4,0.31912941182072774,1.3321733869536918,1.013043975132964
tm109256,haris seferovic_1992,1819,0.03921356879196204,0.005523213289757965,0.0015545736056443067,0.0026896305496833615,0.026530352414698095,0.006885459412944272,0.9176032019353101,7,1920,0.39189346332929387,0.017994091219375667,0.006137361668872091,0.004205978467502302,0.4190255165451881,0.04355048872495772,0.1171931000448103,5,0.35267989453733184,0.012470877929617702,0.004582788063227785,0.0015163479178189401,0.39249516413049,0.036665029312013445,-0.8004101018904998,0.5291112456798762,5,0.39116132056260056,1.2458913129336495,0.854729992371049
tm111200,fabio pacheco_1988,1819,0.0004662278024925956,0.009609570296084492,0.942087514945218,0.03825302660937117,0.0005791872795533881,0.0014890323015331742,0.007515440765747111,3,1920,0.0012266394996593968,0.13051246170959283,0.49295199718507904,0.31432947104501896,0.004493027186421887,0.028654783181724697,0.027831620192503174,3,0.0007604116971668012,0.12090289141350834,-0.449135517760139,0.27607644443564777,0.003913839906868498,0.027165750880191523,0.020316179426756065,0.5415831423038335,3,0.2800217113056749,1.212208999652167,0.9321872883464921
tm111811,florent hanin_1990,1819,0.002111682797731915,0.03218726189625633,0.009550061714189555,0.9151919911987109,0.016320861306682793,0.005765446637945036,0.018872694448483406,4,1920,8.788062953936911e-05,0.945387226119393,0.002634894067801582,0.04338200103553651,0.0004188916534408216,0.006684959876895039,0.0014041466173937403,2,-0.0020238021681925457,0.9131999642231367,-0.0069151676463879725,-0.8718099901631744,-0.015901969653241973,0.0009195132389500033,-0.017468547831089667,1.2626529479899435,2,0.4209514979070178,0.2516414837914046,-0.1693100141156132
tm111828,fransergio_1990,1819,0.03954221609747115,0.4075587441653149,0.06913905647019844,0.008157296112333916,0.03332861428317467,0.43495605997264,0.0073180128988667385,6,1920,0.004705742365283413,0.01965611196958143,0.45922177503363676,0.011459656317473746,0.025119749572029504,0.4723905585013842,0.007446406240611025,6,-0.034836473732187734,-0.38790263219573345,0.39008271856343835,0.0033023602051398294,-0.008208864711145167,0.0374344985287442,0.0001283933417442866,0.5525632923124585,3,1.2289437463670203,0.9943430011048902,-0.23460074526213015
tm112465,sergio oliveira_1992,1819,0.01930775862518924,0.0757142983499155,0.19079369567808072,0.025207275476130577,0.06737194791022513,0.5880843509244607,0.033520673035998184,6,1920,0.018767621705409326,0.041782547529750254,0.10839116235306295,0.051984944707165665,0.03125043028796115,0.5574279140588092,0.1903953793578415,6,-0.000540136919779912,-0.033931750820165245,-0.08240253332501776,0.026777669231035087,-0.03612151762226398,-0.03065643686565145,0.15687470632184333,0.10441962308912286,3,1.288220523031918,1.3517176170042973,0.06349709397237935
tm113025,ze manuel_1990,1819,0.3509303683714513,0.1553854333659637,0.010923594933930386,0.012971994871892207,0.40706194214196806,0.025627314274804337,0.03709935203999005,5,1920,0.08493937101060112,0.019888925316224902,0.025945962388565735,0.006897016013228425,0.1643833459728127,0.6871798311574365,0.010765548141130501,6,-0.2659909973608502,-0.13549650804973878,0.015022367454635348,-0.0060749788586637815,-0.24267859616915535,0.6615525168826322,-0.026333803898859545,0.7654526274663543,6,1.3444647188706602,1.0198216802610287,-0.3246430386096315
tm118323,ricardo alves_1991,1819,4.684908208164536e-05,0.001114770282187201,0.0018797357996068566,0.9966048259457765,6.694729549081595e-05,4.377402928930505e-05,0.000243097565567558,4,1920,2.5011254402885024e-05,0.9721911842101992,0.0018480775490156895,0.025204914125705212,0.0001993356314265905,0.00022485208187731926,0.0003066251473730052,2,-2.1837827678760335e-05,0.971076413928012,-3.165825059116712e-05,-0.9713999118200712,0.00013238833593577458,0.00018107805258801423,6.352758180544723e-05,1.3735382201330977,4,0.026340137167681278,0.13815453410478562,0.11181439693710435
tm122946,jardel_1986,1819,4.8348246319347506e-05,0.0007465717902670648,0.00032362912864792784,0.9986949341275886,4.6922790044111806e-05,4.539568177401503e-05,9.419823535905635e-05,4,1920,3.5383391943294308e-06,0.007445478512453642,0.000741998818064696,0.9917055362053202,2.8789340240149035e-05,3.5625378854604574e-05,3.903340587236176e-05,4,-4.480990712501808e-05,0.006698906722186577,0.0004183696894167681,-0.006989397922268381,-1.813344980396277e-05,-9.770302919410458e-06,-5.516482948669459e-05,0.009690433426528778,4,0.011555509313232777,0.05119742555444431,0.03964191624121153
tm124548,bebeto_1990,1819,0.0012712485192723317,0.02008314237899529,0.11803554251574801,0.8106895725096865,0.00422605608630492,0.011251766734798442,0.03444267125519429,4,1920,0.0018757106722598691,0.13938069249923762,0.09530369991726644,0.548070965398464,0.00503325725617749,0.03531481236804603,0.1750208618885485,4,0.0006044621529875374,0.11929755012024233,-0.022731842598481572,-0.26261860711122254,0.0008072011698725696,0.02406304563324759,0.14057819063335422,0.2903398388906065,4,0.6989226685254475,1.2897881047100694,0.590865436184622
tm124550,ola john_1992,1819,0.0034498532348909328,0.8337936985978953,0.005106992736511236,0.002057658757481718,0.06960464118934524,0.08300491917245567,0.0029822363114199745,2,1920,0.009011778625156244,0.07569109001772605,0.23286557879575415,0.0459427238134929,0.03110309700471285,0.47738235053696715,0.1280033812061907,6,0.005561925390265312,-0.7581026085801693,0.2277585860592429,0.04388506505601118,-0.03850154418463239,0.3943774313645115,0.12502114489477073,0.8863217812301869,2,0.6202164226068316,1.4427505402846748,0.8225341176778431
tm125165,jesus corona_1993,1819,0.003195472723725438,0.09446009702163645,0.010497783470425426,0.007673707532899983,0.03826970131956966,0.8348731031100826,0.01103013482166072,6,1920,0.005741075406178493,0.26437378662577743,0.12135557255891198,0.12235654013005429,0.02711852973237826,0.36847120584187204,0.09058328970482771,6,0.0025456026824530547,0.169913689604141,0.11085778908848655,0.11468283259715431,-0.011151171587191398,-0.4664018972682105,0.07955315488316698,0.5215110947095536,6,0.651718017883256,1.5775808922810501,0.9258628743977941
tm126956,edgar costa_1987,1819,0.030716557123160803,0.11904994087420671,0.0041573973874653655,0.0025128861550678993,0.27561030088843097,0.5561519366202456,0.011800980951422598,6,1920,0.0014795450121192928,0.010327438409818066,0.40034904755358713,0.010760467360557325,0.009604840457204685,0.5586545355623811,0.008824125644332392,6,-0.02923701211104151,-0.10872250246438865,0.3961916501661218,0.008247581205489424,-0.2660054604312263,0.0025025989421354478,-0.002976855307090206,0.49038393087160786,3,1.1320761413196456,0.8837413549520339,-0.24833478636761175
tm127031,pierre sagna_1990,1819,0.0004227844299565663,0.05094581946839234,0.1854877497452995,0.753100317519852,0.0022989694378019528,0.004253395284423716,0.003490964114274166,4,1920,1.7399660099513343e-05,0.08078859946890606,0.001661544157200705,0.9165371851135617,0.0001167972267961132,0.0005348228924666851,0.00034365148096936773,4,-0.00040538476985705295,0.029842780000513713,-0.18382620558809878,0.1634368675937098,-0.0021821722110058396,-0.0037185723919570305,-0.0031473126333047986,0.24781652297803952,3,0.7379410827432313,0.30178848021267846,-0.4361526025305529
tm127769,nwankwo obiora_1991,1819,0.016140121928529406,0.10770780926116995,0.4744168394466002,0.3268264613929817,0.024996376159944447,0.015618349173617391,0.034294042637156796,3,1920,1.169377698287991e-05,0.0018307275031404966,0.9951340425244991,0.0026554519020704067,7.394107931117117e-05,0.00018336893724766798,0.00011077427674831729,3,-0.016128428151546526,-0.10587708175802946,0.5207172030778989,-0.3241710094909113,-0.024922435080633278,-0.015434980236369723,-0.03418326836040848,0.6233479750485341,3,1.2987068217041227,0.03556589705904571,-1.2631409246450769
tm130940,idrissa mandiang_1984,1819,0.00018518293896115646,0.0042347271142682465,0.9322645376492025,0.060524714990473336,0.0002431479857367067,0.0005348248950652899,0.0020128644262926007,3,1920,0.0002727994867435658,0.25428191043417375,0.18436340425217465,0.5431480020703507,0.0015814717716543312,0.0060819191441544235,0.010270492840748591,4,8.761654778240935e-05,0.2500471833199055,-0.7479011333970278,0.4826232870798774,0.0013383237859176246,0.005547094249089134,0.00825762841445599,0.9245742293057851,3,0.2784223978917647,1.0819387159196512,0.8035163180278865
tm131933,diego lopes_1994,1819,0.044640990052099316,0.43052207130902354,0.06728678676397136,0.02668952782039649,0.17845235369886656,0.2265417843810165,0.025866485974626242,2,1920,0.0015138423292940428,0.003430472464885828,0.005465092015809123,0.0012666842113186296,0.013055513157003595,0.9726593177929483,0.002609078028740542,6,-0.04312714772280527,-0.4270915988441377,-0.06182169474816224,-0.02542284360907786,-0.16539684054186296,0.7461175334119319,-0.0232574079458857,0.8790807221857324,6,1.518383768725315,0.16534404615439613,-1.353039722570919
tm132214,joao carlos teixeira_1993,1819,0.00022631981528710543,0.013379332459580338,0.9807048475633702,0.0019023562072228457,0.0003220617802820151,0.0028726710801597324,0.0005924110940976943,3,1920,0.7997517246120168,0.002903960131085781,0.005961817892676092,0.0014362818244157947,0.022906874880782482,0.14639478572603085,0.020644554932992307,1,0.7995254047967297,-0.010475372328494558,-0.974743029670694,-0.00046607438280705095,0.022584813100500468,0.1435221146458711,0.02005214383889461,1.269087652068578,3,0.11444842946509338,0.68351264693511,0.5690642174700167
tm137192,zainadine junior_1988,1819,0.0017883224020215384,0.02241407528924721,0.03525125351817891,0.9300840490293675,0.0021337164952320888,0.0022085615574860096,0.00612002170846656,4,1920,1.3740184758931486e-05,0.8953448478909397,0.000649570555228965,0.10364200372660771,9.079287917229316e-05,0.00016007851760931874,9.896624568302639e-05,2,-0.001774582217262607,0.8729307726016925,-0.03460168296294995,-0.8264420453027598,-0.0020429236160597955,-0.0020484830398766907,-0.006021055462783534,1.2025902807792754,2,0.33959829724774565,0.34199184323562937,0.002393545987883716
tm137313,jonathan buatu_1993,1819,0.00047306752819453274,0.010655370433444528,0.014771121382281939,0.9716010582292905,0.0007262920626780236,0.00042719217669510474,0.0013458981874150645,4,1920,4.247417346104834e-05,0.13245273712182118,0.009266826821339844,0.8562815941098895,0.0002998735931967531,0.0009003370742890054,0.0007561571060029265,4,-0.0004305933547334844,0.12179736668837665,-0.005504294560942095,-0.11531946411940108,-0.0004264184694812705,0.0004731448975939006,-0.000589741081412138,0.1678215293252469,2,0.1597295468255731,0.4586039709269824,0.2988744241014093
tm139395,ricardo esgaio_1993,1819,0.010153010483990036,0.1382156721353693,0.38117828034012224,0.29033137247869856,0.06311932954405744,0.07733311435512269,0.03966922066263971,3,1920,0.001654498526773525,0.5423862664875823,0.04829733114901352,0.19794697563376615,0.00660443366957722,0.1573512145091149,0.04575928002417231,2,-0.008498511957216511,0.4041705943522129,-0.3328809491911087,-0.09238439684493241,-0.05651489587448022,0.08001810015399222,0.006090059361532597,0.5407102060875503,2,1.5471724434977532,1.2746783684524587,-0.27249407504529444
tm140032,andreas samaris_1989,1819,0.0006263192399484128,0.00844915832411479,0.9682440881106238,0.01104994198288573,0.0020337859087255577,0.007516184465927943,0.0020805219677736183,3,1920,4.691447355492805e-05,0.001033606207822082,0.9930725931077057,0.0016980751161832725,0.00037296785869945153,0.0033916314845535756,0.0003842117514811682,3,-0.0005794047663934848,-0.007415552116292709,0.02482850499708189,-0.009351866866702457,-0.0016608180500261062,-0.004124552981374367,-0.00169631021629245,0.02791072287216648,3,0.1881950646617766,0.0505595618153818,-0.1376355028463948
tm141050,danilo pereira_1991,1819,0.004392284547347481,0.5346266941823108,0.3856336582419056,0.03853651667861248,0.014920587007689282,0.016715408245909464,0.005174851096224841,2,1920,0.0005302316147335664,0.05006389238756089,0.8538006697991873,0.03591975555195002,0.00352597031152515,0.053728095020488566,0.002431385314554493,3,-0.003862052932613915,-0.4845628017947499,0.46816701155728174,-0.0026167611266624605,-0.011394616696164133,0.0370126867745791,-0.002743465781670348,0.6749096226586401,2,1.0099265679828624,0.5999884535864443,-0.40993811439641814
tm14132,pepe_1983,1819,0.0022528964058751827,0.018836949874508273,0.007944222592620873,0.9626072073757678,0.003165799487293766,0.0010157757701271162,0.004177148493807353,4,1920,2.9226561762153685e-06,0.992846601324262,0.00019458540767856438,0.006883306221433196,1.8364716550470508e-05,3.357225258077597e-05,2.064742131867697e-05,2,-0.0022499737496989676,0.9740096514497537,-0.007749637184942309,-0.9557239011543346,-0.0031474347707432957,-0.0009822035175463403,-0.004156501072488676,1.364616783819798,2,0.2117534006368785,0.04386613900658755,-0.16788726163029094
tm148489,mikel agu_1993,1819,0.0020436495593576113,0.021945250217865468,0.8852593048244838,0.07947613732326389,0.002501313937035589,0.003982767309584904,0.004791576828408928,3,1920,0.0022429655677596782,0.13357851807816304,0.5481630473469482,0.16737867165611478,0.00698887973395859,0.03385566933782952,0.10779224827922627,3,0.00019931600840206697,0.11163326786029756,-0.3370962574775356,0.08790253433285089,0.0044875657969230005,0.029872902028244615,0.10300067145081734,0.36706306963505597,3,0.4682021717051333,1.3007440006215552,0.8325418289164219
tm149928,jubal_1993,1819,7.657891559343509e-05,0.0005279841920669516,0.008516568737979393,0.989960119415028,0.0001029911522926893,0.00020866695601408518,0.0006070906310252632,4,1920,2.5022059915721922e-05,0.9705163335500393,0.0006077786783045624,0.02823919779381962,0.00018091617388973956,0.000245189030194022,0.00018556271383709616,2,-5.1556855677713166e-05,0.9699883493579724,-0.007908790059674832,-0.9617209216212084,7.792502159705026e-05,3.652207417993684e-05,-0.00042152791718816704,1.3659601341176246,2,0.06249780615443881,0.13973310213180717,0.07723529597736836
tm154990,rene santos_1992,1819,3.230417367825531e-05,0.0007387592755499057,0.9953514258401048,0.0034919723329902407,4.6864862085850505e-05,9.000698573572759e-05,0.00024866652985520765,3,1920,0.00012844688321860838,0.4865585763114502,0.06611392943727724,0.4394357060321734,0.001003571341773874,0.0052643521005770084,0.0014954178935297495,2,9.614270954035307e-05,0.4858198170359003,-0.9292374964028276,0.43594373369918316,0.0009567064796880234,0.005174345114841281,0.0012467513636745418,1.135595815717657,3,0.03342314928088295,0.9368671309387084,0.9034439816578255
tm155025,fabio cardoso_1994,1819,0.000612602839685678,0.003366010569954904,0.0016444785288216865,0.9924554310500279,0.000545304516004884,0.0003040650968250891,0.001072107398679808,4,1920,2.1355921375887754e-05,0.612845435840977,0.003331755275726898,0.383100211171932,0.0001826928561309474,0.0003347473426668448,0.00018380159119042242,2,-0.0005912469183097903,0.6094794252710221,0.0016872767469052114,-0.6093552198780958,-0.0003626116598739366,3.068224584175573e-05,-0.0008883058074893856,0.8618481784663311,2,0.05564687310662406,0.6927111116131486,0.6370642385065245
tm157036,dyego sousa_1989,1819,0.8873201201368235,0.00900877488676995,0.0009774061752643485,0.0013715855419272037,0.056178285346267405,0.012066042277985583,0.03307778563496187,1,1920,0.042412394112270796,0.016013953204650398,0.02348599478200322,0.013678579886952808,0.03419525138943956,0.029949573994962446,0.8402642526297207,7,-0.8449077260245527,0.0070051783178804485,0.02250858860673887,0.012306994345025603,-0.021983033956827845,0.01788353171697686,0.8071864669947588,0.845800987927267,1,0.492129813532184,0.7137953084461817,0.22166549491399767
tm157387,anthony d alberto_1994,1819,0.0004323358490544887,0.013569567026224668,0.04744816957391547,0.9305837494242594,0.0016736630085383546,0.0017352731291984068,0.004557241988809367,4,1920,3.4175142497220435e-05,0.5614605912923116,0.0017263295206339875,0.4351796819859363,0.00013813500503456234,0.0004737573313604851,0.0009873297222257567,2,-0.00039816070655726826,0.5478910242660869,-0.04572184005328148,-0.49540406743832305,-0.0015355280035037923,-0.0012615157978379218,-0.00356991226658361,0.7400705094542953,2,0.31957187691397004,0.7091715523189887,0.3895996754050186
tm158382,rafael costa_1991,1819,0.00840308600778035,0.15198392576599756,0.06044945585079156,0.008769013754887743,0.057402129694650667,0.7018691221803095,0.011123266745582628,6,1920,0.00038122727485539397,0.007812465235656329,0.8745911254060171,0.007536306971772729,0.0015514554033488753,0.10665830826068218,0.0014691114476671765,3,-0.008021858732924957,-0.14417146053034124,0.8141416695552256,-0.0012327067831150148,-0.05585067429130179,-0.5952108139196273,-0.009654155297915452,1.0203299215189292,3,1.0001916343261075,0.45327267095423934,-0.5469189633718681
tm164705,raul silva_1989,1819,0.00024222418492304113,0.004607540549868554,0.014654174205385055,0.9790418187146713,0.0002711752815791165,0.00048279098331119525,0.0007002760802615713,4,1920,0.00026194147047559985,0.8505257390622524,0.004406212266995275,0.13869791712918106,0.0016462053106414728,0.003086240735866364,0.0013757440245879325,2,1.971728555255872e-05,0.8459181985123838,-0.010247961938389779,-0.8403439015854903,0.0013750300290623564,0.0026034497525551687,0.0006754679443263613,1.1924215535108453,2,0.12042802933603323,0.4752116745335182,0.35478364519748495
tm166230,josip vukovic_1992,1819,0.0008815397207903653,0.02054157881515071,0.9066756506130819,0.0599385162831151,0.0012061410838136485,0.0037798956812449824,0.006976677802803165,3,1920,0.00010115201856757265,0.022807385610457937,0.9142091435351254,0.057605607653287524,0.00039870554222688043,0.0035721470970892753,0.0013058585432454638,3,-0.0007803877022227926,0.0022658067953072285,0.007533492922043528,-0.0023329086298275736,-0.0008074355415867681,-0.0002077485841557071,-0.0056708192595577005,0.008284562469381295,3,0.4073620990994329,0.36549315886009504,-0.04186894023933785
tm167291,gabriel_1993,1819,0.00040190924880614256,0.005164515819481463,0.9694150447756253,0.016978251621274466,0.000577120649125501,0.0014797270568034674,0.005983430828883888,3,1920,0.0026670640936004445,0.051022648489959646,0.5537747111141565,0.09979641446652018,0.015373691091638296,0.2590539227941265,0.01831154794999847,3,0.002265154844794302,0.04585813267047818,-0.4156403336614688,0.08281816284524572,0.014796570442512796,0.257574195737323,0.012328117121114581,0.49828429548638375,3,0.17422477587185647,1.2122427547210264,1.03801797884917
tm169681,frederico venancio_1993,1819,0.00448487338939608,0.04773417972471385,0.041793148072228246,0.8863781894924901,0.0040371964390108015,0.002049519907791117,0.013522892974369732,4,1920,2.1660090727087077e-05,0.6280574325879792,0.005109048068597421,0.3660294881201962,0.0001518420150022007,0.00024018485785511326,0.0003903442596427148,2,-0.004463213298668993,0.5803232528632654,-0.03668410000363083,-0.5203487013722939,-0.003885354424008601,-0.001809335049936004,-0.013132548714727018,0.7803344551998093,2,0.5021988050909938,0.6935913469988613,0.19139254190786748
tm175597,ruben ferreira_1990,1819,0.00047673430780990596,0.01663412821884031,0.0360089370654599,0.9335352703216698,0.001608831871330151,0.003189252331836633,0.008546845883053461,4,1920,0.00030186393807762267,0.17339398224028446,0.014872286982535014,0.7798551876744885,0.001100917155623592,0.011841431905670963,0.018634330103320083,4,-0.0001748703697322833,0.15675985402144416,-0.021136650082924886,-0.15368008264718136,-0.0005079147157065591,0.00865217957383433,0.010087484220266622,0.22071050355698868,2,0.32506514094499367,0.6970061180456557,0.37194097710066204
tm176997,anderson carvalho_1990,1819,0.00015260608360015662,0.0017349067045857444,0.9850505470108235,0.010464763842905475,0.00023556861827696944,0.0005029288254469672,0.0018586789143612303,3,1920,0.0006557952970461199,0.07946337778014076,0.7929308553309745,0.09630936803155526,0.0033786118540195995,0.013654966027566778,0.013607025678696922,3,0.0005031892134459633,0.07772847107555501,-0.192119691679849,0.0858446041886498,0.00314304323574263,0.01315203720211981,0.011748346764335692,0.22473116209805394,3,0.0923980407186325,0.7517285656062329,0.6593305248876005
tm177184,nuno valente_1991,1819,3.8201755156337685e-05,0.9984898348219378,8.792659253210502e-05,7.440869283403095e-05,0.0008894712265519397,0.00040268511296788744,1.747179801990622e-05,2,1920,0.0023442061385689386,0.06393317453124567,0.6654724875607096,0.03355191746619127,0.013854458500545943,0.20669461715025195,0.014149138652486595,3,0.002306004383412601,-0.9345566602906921,0.6653845609681776,0.033477508773357235,0.012964987273994004,0.20629193203728405,0.014131666854466688,1.1661832097218185,2,0.013013874763164249,1.0203138281781274,1.0072999534149631
tm177859,tiago ilori_1993,1819,7.487658437596422e-05,0.0006988732349625745,0.002498997529517345,0.9955830575387774,6.894624134902506e-05,8.256353665612754e-05,0.0009926853343616955,4,1920,2.271036271784192e-05,0.799871662899892,0.003906406314625697,0.19551207255887637,0.00018464186481659514,0.00026237097887403483,0.00024013502019744473,2,-5.2166221658122306e-05,0.7991727896649294,0.0014074087851083522,-0.800070984979901,0.00011569562346757007,0.0001798074422179073,-0.0007525503141642509,1.1308371934034234,4,0.03347160360716584,0.5253728481652157,0.49190124455804984
tm177964,yusupha njie_1994,1819,0.9800481849013274,0.0030668371520452473,0.0004505990222676772,0.0005255215109636679,0.005012317965311685,0.0025329035950932464,0.008363635852990986,1,1920,0.08879403843661701,0.010869836052616653,0.08018373635024094,0.006542035839310152,0.6049266734694595,0.1704608814363776,0.03822279841537807,5,-0.8912541464647104,0.007802998900571406,0.07973313732797326,0.006016514328346483,0.5999143555041478,0.16792797784128435,0.029859162562387083,1.0903602394149496,1,0.1266373518579027,1.2298261013496554,1.1031887494917527
tm178078,mato milos_1993,1819,0.0013110137979403579,0.13110782407434546,0.33769148295564905,0.5067364608823609,0.0057249525593369285,0.0067243831492777,0.010703882581089499,4,1920,3.963631598997817e-05,0.34120847270843085,0.004960582813349227,0.6510364438068074,0.0002573450153685009,0.001647452475376139,0.0008500668646780277,4,-0.0012713774819503797,0.2101006486340854,-0.33273090014229983,0.14429998292444646,-0.005467607543968428,-0.005076930673901561,-0.009853815716411472,0.4192038953731086,3,1.0979023799703675,0.6917250950064167,-0.4061772849639509
tm181686,matija ljujic_1993,1819,0.0014022656374589393,0.8482534502096365,0.1046375517690625,0.01341155692855383,0.005868748801581261,0.024674621708571952,0.0017518049451352637,2,1920,0.012021001014769819,0.09356196488192264,0.23215052813827777,0.06940525027733839,0.03377213672160181,0.4731947105616196,0.08589440840446998,6,0.01061873537731088,-0.7546914853277138,0.12751297636921527,0.05599369334878456,0.027903387920020548,0.44852008885304767,0.08414260345933472,0.8893906439617514,2,0.5754517565721988,1.4783216850476353,0.9028699284754365
tm182462,welthon_1992,1819,0.7114387208076254,0.13037503634966943,0.019533307532084765,0.009823291774844383,0.032019407486017844,0.06258926409258306,0.034220971957174946,1,1920,0.060624447173042974,0.01970103834630022,0.11697568186498133,0.01792086831710721,0.5885655221586628,0.12311643082855168,0.07309601131135379,5,-0.6508142736345824,-0.11067399800336922,0.09744237433289657,0.008097576542262829,0.5565461146726449,0.06052716673596863,0.038875039354178846,0.8710772958425387,1,1.029257892876652,1.3314602415114172,0.30220234863476514
tm182936,filipe ferreira_1990,1819,0.00021300132603660203,0.005617039143415341,0.009950177140515598,0.9813612323274862,0.0003751371580582749,0.00046499210194780047,0.0020184208025405244,4,1920,3.3340788600365947e-05,0.2620188962472653,0.0032273093539534965,0.7324838057088078,0.0002126223580293472,0.0012271969125300652,0.0007968286308135623,4,-0.00017966053743623608,0.25640185710385,-0.006722867786562102,-0.2488774266186784,-0.0001625148000289277,0.0007622048105822648,-0.0012215921717269622,0.3573901543174582,2,0.1142963770662305,0.6135295562415857,0.49923317917535515
tm183945,eber bessa_1992,1819,0.0032282447488091396,0.03032739129764285,0.03505034943495667,0.002277383674293371,0.027665967622839717,0.8713364819014815,0.03011418131997668,6,1920,0.004239270141177277,0.016543266960360306,0.1124598018065277,0.010569250361761645,0.017832902686729674,0.7834757169301189,0.054879791113324715,6,0.0010110253923681376,-0.013784124337282544,0.07740945237157104,0.008291866687468275,-0.009833064936110043,-0.08786076497136264,0.024765609793348034,0.1186094676369038,6,0.580584559037985,0.8071306507000318,0.22654609166204676
tm188911,shoya nakajima_1994,1819,0.08286852853757527,0.017174865989469185,0.0008272859344772032,0.0007573200749355886,0.8033505478919212,0.06783255519008013,0.02718889638154136,5,1920,0.0016656110022042273,0.029627157850167226,0.5465413253544786,0.025017147374193614,0.007222925255421957,0.37417322600011405,0.01575260716342031,3,-0.08120291753537104,0.012452291860698041,0.5457140394200014,0.024259827299258026,-0.7961276226364992,0.3063406708100339,-0.011436289218121051,1.0162702020362058,5,0.7439388528544443,1.006197833943455,0.2622589810890107
tm190543,dener_1992,1819,0.024078651576175874,0.46721499984526793,0.1511104557698183,0.034976941096187715,0.15125130139182702,0.16121885297891406,0.0101487973418092,2,1920,0.03527858754726862,0.023196563061025254,0.08451373471234931,0.03543987588846172,0.09453863927880388,0.7031272811701731,0.023905318341918134,6,0.011199935971092746,-0.4440184367842427,-0.06659672105746899,0.00046293479227400153,-0.05671266211302314,0.5419084281912591,0.013756521000108934,0.7061120441707351,6,1.4745977194036062,1.092381396145138,-0.3822163232584681
tm193082,alex grimaldo_1995,1819,0.005327821096317615,0.21560526353809906,0.03792496908656601,0.34008215276306214,0.1983754080201754,0.14240817631603067,0.060276209179749046,4,1920,0.0020893368849812547,0.5261570382810136,0.10686442059101323,0.15610869286458723,0.007921567430071802,0.09332765520405208,0.10753128874428064,2,-0.0032384842113363605,0.3105517747429145,0.06893945150444722,-0.1839734598984749,-0.1904538405901036,-0.049080521111978595,0.047255079564531594,0.4168133124611722,2,1.6173499140731322,1.3791201463756764,-0.23822976769745585
tm193303,nuno sequeira_1990,1819,0.006537196000394238,0.0656050395550976,0.221792038251274,0.45182704216671393,0.03950689402461133,0.1183893484663553,0.0963424415355536,4,1920,0.0026865656857382914,0.18713974481284407,0.12458963685417536,0.35226220987970647,0.012034876172650096,0.1499632967766704,0.1713236698182155,4,-0.0038506303146559465,0.12153470525774647,-0.09720240139709864,-0.09956483228700747,-0.027472017851961232,0.0315739483103151,0.0749812282826619,0.18946926024653968,2,1.5102781241800947,1.5965381603710946,0.08626003619099998
tm194214,goncalo silva_1991,1819,0.0005293581942310511,0.00808034427358193,0.026653201037941415,0.9548621728400667,0.0008776878648437783,0.0009861673180586994,0.008011068471276576,4,1920,1.879675375412496e-05,0.11139728995842642,0.002243485832787694,0.8852233534296365,7.714785636013811e-05,0.00039217440738333254,0.0006477517616517834,4,-0.0005105614404769262,0.1033169456848445,-0.024409715205153722,-0.06963881941043015,-0.0008005400084836402,-0.0005939929106753669,-0.007363316709624793,0.1269686772231165,2,0.23531644405895819,0.37485227396401954,0.13953582990506136
tm195308,luis machado_1992,1819,0.006804503960197731,0.22045091794948118,0.667987188208688,0.016061876230895646,0.010588642397292314,0.07135666464191776,0.006750206611527392,3,1920,0.0007540981280710714,0.012711286608241957,0.05230929139227759,0.005428926694503478,0.00989248359890276,0.9169918402526914,0.001912073325311955,6,-0.00605040583212666,-0.20773963134123924,-0.6156778968164104,-0.010632949536392168,-0.0006961587983895547,0.8456351756107736,-0.004838133286215437,1.0665195867643436,6,0.9734571355622973,0.3806660123540173,-0.59279112320828
tm197734,alhassane keita_1992,1819,0.8456704276759937,0.08815767973792313,0.002428084973175437,0.0033269006565337187,0.04196811441487903,0.006292119397411506,0.012156673144083556,1,1920,0.011357540035494109,0.013207215091488578,0.034198410821750486,0.01735048457029281,0.8764239867240039,0.03207487956501558,0.015387483191954637,5,-0.8343128876404995,-0.07495046464643455,0.031770325848575046,0.01402358391375909,0.8344558723091249,0.02578276016760407,0.003230810047871081,1.1831664864663378,5,0.6080343745099533,0.5839484896585596,-0.024085884851393735
tm198006,rafa soares_1995,1819,0.0023336168558523297,0.07249780955249047,0.050457604156401235,0.7541067184286798,0.04451003210183188,0.04802410660373673,0.02807011230100745,4,1920,0.009520969895963068,0.3021220195661994,0.10903804108093974,0.09389986781538151,0.0479429599696191,0.27001916346655247,0.16745697820534472,2,0.007187353040110738,0.22962421001370892,0.05858043692453851,-0.6602068506132983,0.0034329278677872194,0.22199505686281573,0.13938686590433727,0.7357834459407286,4,0.9525306351388655,1.6681022973395707,0.7155716622007052
tm198007,francisco ramos_1995,1819,0.0058546539517940815,0.13351155663147593,0.6920725127182665,0.13360011831848073,0.007483782899790705,0.013839059469251042,0.013638316010941107,3,1920,3.1707321260886586e-05,0.0044133304965251335,0.9835800653089293,0.008879694973460755,0.0002758495892048503,0.0023842585971739854,0.00043509371344503797,3,-0.005822946630533195,-0.1290982261349508,0.29150755259066274,-0.12472042334501998,-0.0072079333105858545,-0.011454800872077056,-0.013203222297496068,0.34265910564443014,3,0.9770248782420627,0.10252104950166366,-0.8745038287403991
tm198053,lazar rosic_1993,1819,0.0007425406366610739,0.011283080016359543,0.013283368152614121,0.9708395937560358,0.0008080329573923168,0.0005104651449409523,0.002532919335996126,4,1920,0.00019220257402860494,0.9722502453929852,0.002553089552587527,0.021007559281414425,0.0013727353186528597,0.0010706210793769752,0.0015535468009545365,2,-0.0005503380626324689,0.9609671653766256,-0.010730278600026594,-0.9498320344746214,0.0005647023612605429,0.0005601559344360228,-0.0009793725350415896,1.3512049663394634,2,0.16684656087518432,0.15181569772703044,-0.015030863148153883
tm210146,douglas grolli_1989,1819,5.832248873860154e-06,0.0001301620492041625,0.00018176121940339517,0.9996400206834883,8.277762960612944e-06,6.196475936529103e-06,2.774956013320425e-05,4,1920,3.031465443019102e-05,0.3127437082849343,0.00728802642625366,0.6783467559915539,0.00018796961430978388,0.0005205313076299484,0.0008826937208881956,4,2.4482405556330865e-05,0.3126135462357301,0.007106265206850265,-0.3212932646919344,0.00017969185134917095,0.0005143348316934193,0.0008549441607549914,0.4483384744370476,4,0.0036225337748009563,0.6747277628743193,0.6711052290995184
tm211072,paulinho_1992,1819,0.8815821339372408,0.018345123700274527,0.0036691094964472586,0.0016361627570931538,0.04348959655702181,0.02552472229039118,0.02575315126153108,1,1920,0.9583115508862944,0.0006815655965288648,0.00044775456515841743,0.00029034176395191773,0.022021637882622083,0.0024287555047975166,0.015818393800646785,1,0.07672941694905355,-0.01766355810374566,-0.0032213549312888412,-0.001345820993141236,-0.021467958674399726,-0.023095966785593662,-0.009934757460884295,0.08488751382489657,1,0.5397487047015023,0.21583686222735626,-0.323911842474146
tm211107,joao afonso_1990,1819,0.00026473264125046245,0.002651331101752311,0.003971598367826767,0.9875004607290703,0.0012036188664829007,0.0006798611217341419,0.003728397171882826,4,1920,7.731319322594394e-06,0.9741656409508865,0.000306718298034803,0.025327718584961374,4.888831281062564e-05,6.997699215954699e-05,7.332554182442417e-05,2,-0.00025700132192786807,0.9715143098491342,-0.003664880069791964,-0.9621727421441089,-0.001154730553672275,-0.0006098841295745949,-0.003655071630058402,1.3673447417252396,2,0.08618674976376511,0.12302386718377166,0.036837117420006546
tm212899,filipe augusto_1993,1819,3.053672023932228e-42,1.938983014396395e-40,1.0,1.3640297295651928e-40,4.623037078669499e-42,1.8594986475783678e-41,1.5523775642263986e-41,3,1920,0.0011872689531894386,0.051977304059540014,0.8023088232784473,0.05906232425631886,0.0043228376049436815,0.06004498943484485,0.0210964524127161,3,0.0011872689531894386,0.051977304059540014,-0.19769117672155267,0.05906232425631886,0.0043228376049436815,0.06004498943484485,0.0210964524127161,0.2211273319292872,3,1.6578612669557127e-10,0.7793294228635597,0.7793294226977735
tm216118,eduardo henrique_1995,1819,0.015000316697977512,0.25756104847120903,0.5737021922926963,0.06741718770737008,0.012336515177119256,0.05788300862978536,0.016099731023842486,3,1920,8.101876770568507e-06,0.0005097044645323722,0.9971806157235782,0.0009129103910832374,8.022649548159593e-05,0.0012409717600989096,6.746928845499157e-05,3,-0.014992214821206943,-0.2570513440066767,0.42347842343088193,-0.06650427731628684,-0.01225628868163766,-0.056642036869686455,-0.016032261735387493,0.503403904361841,3,1.1985910831310167,0.02287310994498297,-1.1757179731860337
tm223029,fabio martins_1993,1819,0.05811975451587909,0.12972665757799576,0.3748976791322941,0.013105415768524215,0.03392404189546776,0.2554408031653671,0.1347856479444718,3,1920,0.04619490761537168,0.009431613036922472,0.02031600734718875,0.005652860705782489,0.03807587070402291,0.809957724692677,0.07037101589803452,6,-0.011924846900507415,-0.12029504454107329,-0.35458167178510536,-0.007452555062741726,0.00415182880855515,0.5545169215273099,-0.06441463204643727,0.669255598557235,6,1.5884534744609808,0.7763640943207143,-0.8120893801402665
tm224852,patrick_1991,1819,0.006751267666415752,0.11071148326305444,0.1485947607526967,0.47654706554456555,0.04123326833280458,0.16911554120822628,0.047046613232236564,4,1920,0.00027961035564392866,0.04383924739506199,0.1418955557239775,0.7624858627031904,0.001917446959456402,0.03993231236351579,0.009649964499154078,4,-0.006471657310771823,-0.06687223586799246,-0.006699205028719207,0.28593879715862486,-0.03931582137334818,-0.12918322884471048,-0.03739664873308249,0.32334763610064693,4,1.4897356996339313,0.8086070234929286,-0.6811286761410027
tm225119,ruben macedo_1996,1819,0.004987309076201899,0.13664262104622527,0.00882094905420044,0.0016213007205953267,0.029929197652345044,0.8147153481715784,0.003283274278853551,6,1920,0.006737749842679511,0.030093750299037183,0.16279869296574,0.021496664310234927,0.08947975071959482,0.6625253821039304,0.02686800975878295,6,0.001750440766477612,-0.10654887074718808,0.15397774391153957,0.0198753635896396,0.05955055306724978,-0.152189966067648,0.0235847354799294,0.24933502710323946,3,0.6412978884241004,1.1031006563386816,0.4618027679145812
tm228940,joao novais_1993,1819,0.0035378474497916373,0.08571033414539518,0.0036778809479645915,0.0012872165301428587,0.10995591417998796,0.7931871097119741,0.0026436970347435344,6,1920,0.012320805501614313,0.028056169107254877,0.4786161620092749,0.02791407491845777,0.02245532031817152,0.34245954605399687,0.08817792209122967,3,0.008782958051822675,-0.057654165038140304,0.4749382810613103,0.02662685838831491,-0.08750059386181644,-0.4507275636579773,0.08553422505648614,0.6636928461801553,3,0.7019401453331797,1.2733502728503265,0.5714101275171468
tm229854,leandrinho_1993,1819,0.002270169460304608,0.041953701191683346,0.9042415931708779,0.03902300483082565,0.001284968079107549,0.006215562642411853,0.005011000624789066,3,1920,0.00022408933554830078,0.025404092035011514,0.9012074153851354,0.06270627880346434,0.001343011539371387,0.006788790226271182,0.0023263226751978226,3,-0.0020460801247563073,-0.01654960915667183,-0.0030341777857425534,0.02368327397263869,5.804346026383814e-05,0.0005732275838593289,-0.002684677949591243,0.02912922358938278,4,0.43113094846874006,0.419463593126406,-0.01166735534233404
tm231289,otavio_1995,1819,0.006080788494546937,0.07181642189345167,0.747098241680402,0.01470676740758079,0.034382091581495994,0.10258921446516024,0.023326474477362406,3,1920,0.0018270303273974495,0.039502055891088905,0.7386928886982651,0.024613539435212342,0.007994597894913653,0.15617985544601287,0.031190032307109747,3,-0.004253758167149488,-0.03231436600236276,-0.008405352982136849,0.009906772027631553,-0.02638749368658234,0.05359064098085263,0.00786355782974734,0.06927743805337415,6,0.9371819641432054,0.8908252041537787,-0.04635675998942668
tm232577,jonatan lucca_1994,1819,0.0014401139068108816,0.16227846112650468,0.8093394450454744,0.011557157980269534,0.004277937580275179,0.009621335909394912,0.0014855484512704786,3,1920,0.0005579564900524156,0.050370318931689764,0.7017209835091965,0.20697346958828894,0.002711674101585357,0.02330094087852911,0.014364656500657868,3,-0.000882157416758466,-0.11190814219481492,-0.10761846153627785,0.1954163116080194,-0.0015662634786898222,0.013679604969134198,0.012879108049387388,0.24996612444592756,4,0.6049580900162042,0.8938544256890723,0.2888963356728681
tm235568,joao pedro_1993,1819,0.0017269129787976785,0.06729446591846978,0.9096311823074857,0.016696231199779327,0.0010045560995143102,0.0023188633967585436,0.0013277880991947296,3,1920,0.0007872152573605317,0.009230357940390125,0.7755288695089663,0.0076675610630206744,0.0069905529074834934,0.19858213621305473,0.0012133071097241077,3,-0.0009396977214371468,-0.05806410797807966,-0.13410231279851947,-0.009028670136758652,0.005985996807969183,0.19626327281629619,-0.0001144809894706219,0.24493340985622408,6,0.37687692218700847,0.6472274727195374,0.27035055053252893
tm236886,costinha_1992,1819,0.031289401813876475,0.8785922447817436,0.04750469890709234,0.004843437305105244,0.012543711409247952,0.02232576424753622,0.0029007415353982163,2,1920,0.0010716211605261794,0.061493214120513895,0.7128989037887372,0.03928998502489295,0.005270959438848697,0.1645212230256878,0.015454093440793322,3,-0.030217780653350294,-0.8170990306612297,0.6653942048816449,0.0344465477197877,-0.007272751970399255,0.1421954587781516,0.012553351905395107,1.0643178069229957,2,0.5494352771263719,0.9362566201239291,0.3868213429975572
tm237000,afonso figueiredo_1993,1819,0.0015812581248796072,0.11681766911223944,0.20968005004968274,0.6358981462584972,0.007909712986347723,0.008587641506459898,0.019525521961893527,4,1920,0.00020807467001683733,0.13377123072945776,0.07277554191150809,0.7659985600375186,0.0011036100309361632,0.02154448230808594,0.004598500312476684,4,-0.0013731834548627699,0.016953561617218324,-0.13690450813817465,0.13010041377902148,-0.00680610295541156,0.01295684080162604,-0.014927021649416844,0.19019062453059035,3,1.0324491657280763,0.7807004927797058,-0.25174867294837056
tm238055,rafa silva_1993,1819,0.2313859148499568,0.052389387649294246,0.024900554808591747,0.018804393490293402,0.22475219388959766,0.08669578073784795,0.3610717745744182,7,1920,0.15137846964516166,0.04789879370876153,0.03624435723475352,0.014033512547937436,0.0823172227971871,0.5673821665715955,0.10074547749460327,6,-0.08000744520479514,-0.004490593940532715,0.011343802426161773,-0.004770880942355966,-0.14243497109241054,0.4806863858337475,-0.2603262970798149,0.5078581715366931,6,1.5751659416148904,1.3697929725849203,-0.20537296902997015
tm240306,bruno fernandes_1994,1819,0.046745001630765205,0.020562268610055896,0.004386632337989895,0.0026361300120580733,0.3623207009680904,0.4191185499619539,0.14423071647908658,6,1920,0.07611349154951905,0.011148239140137713,0.018829385777980965,0.007804586007593747,0.05005169784593318,0.3814816117539368,0.45457098792489864,7,0.02936848991875384,-0.009414029469918183,0.01444275343999107,0.005168455995535674,-0.3122690031221572,-0.03763693820801711,0.31034027144581205,0.31640939879190466,5,1.274105728789971,1.2347380671633892,-0.039367661626581896
tm240578,luiz phellype_1993,1819,0.5758981752502388,0.03420909809083426,0.008306781058768916,0.009037055127543457,0.10742270770213667,0.030137500981704063,0.23498868178877383,1,1920,0.9800763360141129,0.00013688998679803333,0.00011994018562178672,5.9678394012102764e-05,0.0178208319071295,0.0011003943302958564,0.0006859291820298503,1,0.40417816076387414,-0.034072208104036224,-0.00818684087314713,-0.008977376733531354,-0.08960187579500717,-0.029037106651408205,-0.234302752606744,0.41658152667721593,1,1.201100954637145,0.10686920618839948,-1.0942317484487454
tm243783,antonio xavier_1992,1819,0.00666763074820605,0.051260897445128344,0.0021478831850396795,0.0016576394401684646,0.7660549130726447,0.15251304100889224,0.01969799509992037,5,1920,0.006744575230171233,0.04190895680116637,0.11248104052483188,0.015352073558249692,0.0519881466763261,0.7456408545734264,0.025884352635828074,6,7.694448196518284e-05,-0.009351940643961977,0.1103331573397922,0.013694434118081227,-0.7140667663963186,0.5931278135645341,0.006186357535907704,0.9349547357729051,5,0.7778182103902355,0.9437017578837075,0.165883547493472
tm255755,alex telles_1992,1819,0.005522224958416398,0.15002785045331737,0.04547296604963153,0.45995408741518373,0.09593845239075108,0.08969527132956985,0.15338914740313003,4,1920,0.010446624076144948,0.18306699917025968,0.06498550231308346,0.23961317974081592,0.03763050770084401,0.16673626383041473,0.2975209231684372,7,0.0049243991177285494,0.0330391487169423,0.01951253626345193,-0.22034090767436781,-0.05830794468990707,0.07704099250084488,0.14413177576530717,0.24368385391790778,4,1.5397972230226644,1.6612516237429205,0.12145440072025604
tm257388,wilson manafa_1994,1819,0.008634697810567034,0.07357140360477986,0.045760282819105186,0.70744779703565,0.07187285312545272,0.02521741601423118,0.06749554959021398,4,1920,5.41332338567481e-06,0.9504223316199967,0.0003096985854039517,0.04893570558579891,2.5675580642715696e-05,0.00020915860509292082,9.201669967924185e-05,2,-0.008629284487181359,0.8768509280152168,-0.045450584233701234,-0.658512091449851,-0.07184717754481,-0.02500825740913826,-0.06740353289053473,1.1001969708032042,2,1.0829820186057266,0.20144563806995783,-0.8815363805357688
tm257455,joao palhinha_1995,1819,0.0037787364449767867,0.015118309824369918,0.7202155900481539,0.2307759168705913,0.0030303442541128106,0.016939769917301645,0.010141332640493422,3,1920,0.0012280442916567586,0.0432009798334536,0.8425013038225494,0.03944304235915965,0.0087337306731106,0.05265269304091931,0.01224020597915067,3,-0.002550692153320028,0.028082670009083682,0.12228571377439545,-0.19133287451143163,0.00570338641899779,0.035712923123617665,0.002098873338657249,0.23165739474944147,4,0.7924349321990125,0.6661751325943617,-0.12625979960465084
tm258004,ruben dias_1997,1819,1.979111299514029e-05,0.0001973142149741395,0.00018266410567695837,0.999528671573247,2.144345835665405e-05,2.1689976012433317e-05,2.842555873792642e-05,4,1920,2.2398883821436054e-42,1.0,1.5411251627401604e-40,9.9523936886411e-39,1.24655252297354e-41,4.0342273174945783e-41,1.644580565191719e-41,2,-1.979111299514029e-05,0.9998026857850258,-0.00018266410567695837,-0.999528671573247,-2.144345835665405e-05,-2.1689976012433317e-05,-2.842555873792642e-05,1.4137407861726532,2,0.004702144344555369,1.6578612669557127e-10,-0.004702144178769242
tm261927,ricardo horta_1994,1819,0.007753323311702615,0.07248274614650299,0.0006980294236746476,0.0007482097829849163,0.8871520455719851,0.02931936276944873,0.0018462829937009053,5,1920,0.6642720847764966,0.014030339959043963,0.009467708956151547,0.004396478552163203,0.04245249719811132,0.20872643700200558,0.0566544535560278,1,0.6565187614647939,-0.058452406187459026,0.008769679532476898,0.0036482687691782867,-0.8446995483738738,0.17940707423255686,0.0548081705623269,1.0863829943423258,5,0.4596918407342783,1.0233520931002595,0.5636602523659813
tm265589,fahd moufi_1996,1819,0.0018768618888864426,0.02234597823638091,0.04859152185542989,0.9039570812893206,0.0023185657065409124,0.010291390914519959,0.010618600108921442,4,1920,9.331886611660636e-05,0.04763192491116606,0.00573468058770528,0.9413934340978752,0.0006474499331166591,0.0035330540916470713,0.0009661375123729166,4,-0.0017835430227698362,0.025285946674785148,-0.04285684126772461,0.03743635280855462,-0.0016711157734242534,-0.006758336822872888,-0.009652462596548525,0.06268346851082233,3,0.4443813935958746,0.26372932470892313,-0.18065206888695146
tm265648,pablo santos_1992,1819,8.04665327651417e-05,0.0007478493979869874,0.0016496978852630672,0.9970115265426147,7.510807399273592e-05,0.00011434645077774585,0.00032100511659958987,4,1920,1.8190764617979633e-05,0.03460062061461839,0.006587802902808572,0.958069223730126,0.00013306741239708865,0.00034805558082255254,0.00024303899460918099,4,-6.227576814716206e-05,0.033852771216631404,0.004938105017545505,-0.03894230281248867,5.7959338404352736e-05,0.0002337091300448067,-7.796612199040888e-05,0.05183589302851,4,0.024029042294288157,0.19669944992615782,0.17267040763186967
tm269467,cesar_1992,1819,1.3115275878067731e-05,0.00021646893552553452,0.0001904676136458127,0.9994582898339386,2.4218750855895693e-05,1.3688875362695382e-05,8.375071479337072e-05,4,1920,4.5148298562136204e-05,0.75808982726929,0.0016227971346982702,0.23845713724123807,0.0002897992396149306,0.0006977182099277768,0.0007975726066688243,2,3.2033022684068474e-05,0.7578733583337645,0.0014323295210524575,-0.7610011525927005,0.0002655804887590349,0.0006840293345650814,0.0007138218918754536,1.0740099499271947,4,0.005344062064686069,0.5757968993552196,0.5704528372905335
tm27178,ruben fernandes_1986,1819,0.0005769050983026365,0.011206206723719907,0.019815133195056886,0.9623374088488845,0.0006901766172012101,0.0005956089531395469,0.0047785605636951976,4,1920,0.0002719267328325494,0.8803215186630573,0.003386303727889915,0.10973323442217665,0.0014266784447291435,0.001537820947722826,0.003322517061591715,2,-0.0003049783654700871,0.8691153119393374,-0.01642882946716697,-0.8526041744267079,0.0007365018275279334,0.0009422119945832792,-0.0014560435021034827,1.217606969980506,2,0.20425953917580453,0.41445556529832944,0.21019602612252491
tm275287,ruben oliveira_1994,1819,0.008222211872941544,0.22199059197847465,0.5980081059526251,0.08308832060636455,0.021225592707084212,0.033214525164823844,0.034250651717686036,3,1920,4.576297343003083e-05,0.005490352532616818,0.9724280928737872,0.019457259522619647,0.0001965950998131296,0.0018308776881717198,0.000551059309561439,3,-0.008176448899511513,-0.21650023944585783,0.3744199869211621,-0.0636310610837449,-0.02102899760727108,-0.03138364747665212,-0.0336995924081246,0.43886854365141276,3,1.1981982698296587,0.1502267921482526,-1.0479714776814062
tm276030,artur jorge_1994,1819,1.5453895182829084e-05,0.000297028286502766,0.0007285512884919931,0.9988333342965263,2.0588317666130454e-05,1.8269430728663475e-05,8.67744849013493e-05,4,1920,2.364182983748571e-06,0.02604207894198564,0.00042395849846456655,0.9734546656518189,1.3372178268337553e-05,2.736622333975725e-05,3.619432313892348e-05,4,-1.3089712199080514e-05,0.02574505065548287,-0.0003045927900274266,-0.02537866864470739,-7.2161393977929015e-06,9.096792611093775e-06,-5.058016176242582e-05,0.03615214431211292,2,0.010245952491135286,0.12532319956782167,0.11507724707668639
tm283130,moussa marega_1991,1819,0.6890238215055289,0.014196708933449275,0.0012153758412379527,0.001402545614801798,0.2385728250234021,0.017025370683030887,0.03856335239854913,1,1920,0.8848934916197749,0.0016535649689577551,0.001358640996266511,0.0007066668393189863,0.07515950248472074,0.01747162113989232,0.01875651195106865,1,0.19586967011424605,-0.01254314396449152,0.0001432651550285584,-0.0006958787754828118,-0.16341332253868135,0.00044625045686143283,-0.019806840447480482,0.2553955285942839,1,0.8712034906223669,0.47271240477449433,-0.3984910858478726
tm290336,rochinha_1995,1819,0.16133825129333093,0.47944156834509205,0.06859869171744595,0.01439138926204701,0.04625396029624541,0.19747799816598327,0.03249814091985552,2,1920,0.010220005878652894,0.03517254720865594,0.11735198813983347,0.03312394961677849,0.039351151577195626,0.697511051213557,0.06726930636532662,6,-0.15111824541467803,-0.4442690211364361,0.048753296422387515,0.01873256035473148,-0.006902808719049781,0.5000330530475738,0.0347711654454711,0.6877646275263947,6,1.4654781206202108,1.0890302866867523,-0.3764478339334585
tm290391,nuno santos_1995,1819,0.03430727889244078,0.05028016787781169,0.00224209494656097,0.0022449672245083738,0.834011225865448,0.04686987886551549,0.030044386327714775,5,1920,0.004437980899125111,0.0964458595421345,0.2040466561634216,0.0345075448661233,0.015498937777981267,0.5680882319865728,0.07697478876464141,6,-0.029869297993315665,0.04616569166432281,0.20180456121686063,0.03226257764161493,-0.8185122880874667,0.5212183531210572,0.04693040243692663,0.9931869603825239,5,0.6935401714931115,1.2733036752110007,0.5797635037178892
tm290530,bilel aouacheria_1994,1819,0.14739022330501092,0.4784879507499747,0.049941375062456134,0.009335706002474858,0.05268745194230082,0.22805751706489952,0.03409977587288313,2,1920,0.007370544451534362,0.021719923994553567,0.08092418885371734,0.014681473696914842,0.10260422046365049,0.7476511316733412,0.025048516866288166,6,-0.14001967885347655,-0.4567680267554211,0.030982813791261207,0.005345767694439984,0.04991676852134967,0.5195936146084417,-0.009051259006594967,0.7083080268050183,6,1.43560164478255,0.9282048473741253,-0.5073967974084246
tm291399,nanu_1994,1819,0.0006899247361135442,0.022330081861335255,0.02213938271351521,0.938557960682533,0.006459878977034282,0.004290205735118163,0.005532565294350498,4,1920,0.000957878816026406,0.5287348556336915,0.17350578570553088,0.06584597919905753,0.006147713414495255,0.22013072888203156,0.0046770583491667714,2,0.00026795407991286174,0.5064047737723563,0.15136640299201568,-0.8727119814834755,-0.0003121655625390272,0.2158405231469134,-0.0008555069451837262,1.0428667633777804,4,0.31850398043499273,1.2162070795173232,0.8977030990823305
tm291402,pite_1994,1819,0.03437438372667765,0.12134250404290381,0.06027992758516176,0.01811348172426221,0.4108758402852183,0.2908952043095386,0.06411865832623775,5,1920,0.00025822153660412696,0.016005303685375522,0.9323167707141683,0.016471607670389413,0.001928520332553571,0.03153864271069347,0.0014809333502157338,3,-0.034116162190073525,-0.10533720035752829,0.8720368431290065,-0.0016418740538727966,-0.4089473199526647,-0.2593565615988451,-0.06263772497602202,1.0036007803740472,3,1.5145413125439675,0.33200443221692844,-1.182536880327039
tm291941,carraca_1993,1819,0.0025932934692683833,0.13606094331662794,0.20707824295799407,0.615317713568279,0.01047526855653077,0.017793275491893384,0.010681262639406676,4,1920,0.0019101118707909694,0.17813836582758488,0.12702632118954693,0.11246540100917492,0.006965099422628363,0.5571664606747846,0.016328240005489325,6,-0.0006831815984774138,0.04207742251095695,-0.08005192176844714,-0.5028523125591041,-0.003510169133902408,0.5393731851828912,0.0056469773660826495,0.7429505291934374,6,1.0796499097784056,1.2547969260785932,0.17514701630018759
tm291981,djavan da silva ferreira_1987,1819,0.002176378127126364,0.03837987571499386,0.19248871400600803,0.7100641651294071,0.008592884761864535,0.016064605536221622,0.032233376724378426,4,1920,1.416651608281725e-05,0.014126714722186757,0.0013142682687352944,0.9838047868413061,8.745883597008777e-05,0.00030472965501586767,0.0003478751607031762,4,-0.0021622116110435467,-0.0242531609928071,-0.19117444573727274,0.27374062171189906,-0.008505425925894447,-0.015759875881205754,-0.03188550156367525,0.3352539389974953,4,0.9167148940518904,0.09117111737442049,-0.8255437766774699
tm292775,ricardo valente_1991,1819,0.3871698573497082,0.26054241849472476,0.02497152376893267,0.011070022049199645,0.22765025985376441,0.05056060917498786,0.03803530930868222,1,1920,0.01548632829878935,0.028584499253701056,0.1718544244467938,0.02812361750480925,0.10188639679130962,0.5684060359883969,0.08565869771620015,6,-0.37168352905091884,-0.2319579192410237,0.14688290067786114,0.017053595455609603,-0.1257638630624548,0.5178454268134091,0.047623388407517925,0.7055487006719169,6,1.4719672307413845,1.3335442029739581,-0.13842302776742632
tm299400,pedro sa_1993,1819,3.239505536317389e-05,0.0005307572501040663,0.9975738671180516,0.0013929392387941443,3.168212800754478e-05,0.00012145475380036485,0.00031690445587921227,3,1920,1.5277110728916965e-05,0.0008486589049074782,0.9940605551466883,0.004239834635453168,8.649455071523037e-05,0.0005214342165107893,0.00022774543499581813,3,-1.7117944634256924e-05,0.0003179016548034119,-0.0035133119713632865,0.0028468953966590237,5.481242270768558e-05,0.00039997946271042446,-8.915902088339414e-05,0.004551100621396035,3,0.019897584246319808,0.041916811088194554,0.022019226841874746
tm308560,jhon murillo_1995,1819,0.219704670265633,0.48263404747857525,0.04547772508047389,0.03984177848779955,0.08648980790662837,0.041463894622434445,0.08438807615845532,2,1920,0.0012813250155273056,0.09378736653872279,0.7698816288824981,0.044261020120046304,0.012911712798302841,0.07449375234433103,0.00338319430057161,3,-0.2184233452501057,-0.3888466809398525,0.7244039038020242,0.004419241632246752,-0.07357809510832553,0.03302985772189659,-0.08100488185788371,0.8545149221337808,3,1.5058228107797242,0.8387021412068644,-0.6671206695728599
tm312123,lucas possignolo_1994,1819,2.3890986998389834e-05,0.0005724275918401736,0.0008172390424236834,0.9984126877873709,3.442782849680964e-05,2.546451919858566e-05,0.00011386224367143743,4,1920,1.1975791281807723e-05,0.14544323540328663,0.0020753123223764746,0.8521000602317029,9.064907235198217e-05,0.00011441688311358113,0.0001643502958865032,4,-1.1915195716582112e-05,0.14487080781144646,0.0012580732799527912,-0.14631262755566798,5.6221243855172535e-05,8.895236391499547e-05,5.048805221506576e-05,0.2059041765042312,4,0.013581155188732917,0.43306038727196056,0.4194792320832276
tm332220,iago santos_1992,1819,5.689162349737341e-05,0.001411101718996924,0.007636795304374891,0.9902799483340096,8.915147054666985e-05,0.00011530688284296656,0.0004108046657317856,4,1920,1.9722379491194825e-05,0.8810900290310182,0.0027625537523072253,0.1155296990730964,0.00011845079946984715,0.0002840708634645363,0.0001954741011528494,2,-3.716924400617858e-05,0.8796789273120212,-0.0048742415520676655,-0.8747502492609132,2.9299328923177302e-05,0.00016876398062156973,-0.0002153305645789362,1.240583251011737,2,0.061798167610047125,0.38243100859065216,0.320632840980605
tm332615,nelson monte_1995,1819,0.00047550373529704943,0.00514063158516925,0.008242641660722786,0.9828933953134955,0.00043369855467141643,0.0003084413862196301,0.002505687764424456,4,1920,5.306115355744771e-06,0.033178939693812345,0.0005395293109179542,0.966030635214366,3.771393109445097e-05,0.0001230281035833166,8.484763087025368e-05,4,-0.00047019761994130467,0.028038308108643096,-0.007703112349804832,-0.01686276009912946,-0.00039598462357696545,-0.00018541328263631352,-0.0024208401335542025,0.033619185108193735,2,0.1081021471306606,0.15279941265302,0.04469726552235939
tm333166,ronan_1995,1819,0.5867717574479413,0.021384856254187116,0.006072382590564649,0.006112546973952857,0.18631391354353807,0.03992605944389313,0.15341848374592287,1,1920,0.9112592624313975,0.001120243739867524,0.0029654543002087105,0.0008922013383145948,0.06440983601350607,0.012620099368857583,0.006732902807847729,1,0.32448750498345624,-0.02026461251431959,-0.003106928290355938,-0.005220345635638262,-0.121904077530032,-0.027305960075035548,-0.14668558093807516,0.3483474127889692,1,1.1864517928675786,0.38131224246820733,-0.8051395503993712
tm334557,chiquinho_1995,1819,1.0628646643942373e-40,5.62081774254314e-40,4.623037078669499e-42,4.5457548875988654e-42,1.0,1.488491118227695e-39,1.5523775642263986e-41,5,1920,0.08636109784104654,0.08078280549400348,0.11413016547147253,0.03598881731936279,0.13464136478962138,0.4622815823300178,0.08581416675447547,6,0.08636109784104654,0.08078280549400348,0.11413016547147253,0.03598881731936279,-0.8653586352103786,0.4622815823300178,0.08581416675447547,0.9954169073413909,5,1.6578612669557127e-10,1.6195077770879909,1.6195077769222048
tm335062,nikola jambor_1995,1819,0.0015366649314389673,0.5552153689638794,0.4028984411092367,0.01748886970031596,0.006301992797258344,0.012786483370597712,0.003772179127272876,2,1920,0.0005126083677819611,0.09852299988285343,0.7684203313833021,0.10792986514947127,0.0026898685580778567,0.013576062879333618,0.008348263779179617,3,-0.0010240565636570062,-0.45669236908102595,0.3655218902740654,0.0904409954491553,-0.003612124239180487,0.0007895795087359062,0.004576084651906741,0.5919193065556871,2,0.8823911107022498,0.7891458250426666,-0.09324528565958323
tm335380,pedro nuno_1995,1819,0.1830026096900519,0.029855045822254546,0.0009210097431782492,0.0006365669475030619,0.6832948481112641,0.09826573901425228,0.004024180671495995,5,1920,0.036097587438141156,0.016182625815864864,0.049066146697210856,0.009486429544921004,0.051132333835634175,0.7716915962350258,0.06634328043320228,6,-0.14690502225191074,-0.013672420006389682,0.04814513695403261,0.008849862597417942,-0.6321625142756299,0.6734258572207735,0.06231909976170629,0.9366408727686406,6,0.937138613591983,0.9107510680474672,-0.026387545544515834
tm336158,gustavo sauer_1993,1819,0.012962899354441348,0.17737544324979077,0.4878520977316248,0.046135849227508165,0.02663779884478511,0.16184466681704854,0.08719124477480128,3,1920,0.006728568621150351,0.024635639537537238,0.6205503888393449,0.03804974053060219,0.0564638340970296,0.21564416746425039,0.03792766091008541,3,-0.006234330733290997,-0.15273980371225354,0.13269829110772008,-0.008086108696905972,0.029826035252244486,0.05379950064720185,-0.04926358386471587,0.21172273090831226,2,1.4592026071107884,1.1625789765748247,-0.29662363053596374
tm336697,philipe sampaio_1994,1819,0.0018685508200591212,0.0048694235382070825,0.006717941944424257,0.9809624500134183,0.000765842002304601,0.0005339264391925401,0.004281865242394223,4,1920,0.002444806657719458,0.6357916046488677,0.031212466213267565,0.2888231396636255,0.021082135822227777,0.015483282469944893,0.005162564524347013,2,0.000576255837660337,0.6309221811106607,0.024494524268843305,-0.6921393103497928,0.020316293819923177,0.014949356030752353,0.0008806992819527905,0.9372065793512011,4,0.12300122144439046,0.9426404406643363,0.8196392192199458
tm33710,jose semedo_1985,1819,0.00037773732314435546,0.013402269446038654,0.9219291923987598,0.06131394937734199,0.0005395071017687812,0.0008536133547628518,0.0015837309981836187,3,1920,0.0002050449134419539,0.3421314504449442,0.14189573529334565,0.5072761012432347,0.0013355595755892148,0.005795667764618792,0.0013604407648253498,4,-0.00017269240970240157,0.3287291809989055,-0.7800334571054142,0.4459621518658928,0.0007960524738204336,0.00494205440985594,-0.0002232902333582688,0.9567770884406107,3,0.3271891306259336,1.0377301589590702,0.7105410283331366
tm337800,gedson fernandes_1999,1819,0.01288334875475153,0.08728785008160474,0.6406042172492751,0.01629328111205561,0.01813715322214782,0.19446407704470844,0.03033007253545676,3,1920,0.004536946660211205,0.10706054682812365,0.3374727561187371,0.22085472431207695,0.012128942032870368,0.2751157902619926,0.042830293785988016,3,-0.008346402094540325,0.01977269674651891,-0.30313146113053796,0.20456144320002134,-0.0060082111892774525,0.08065171321728418,0.012500221250531258,0.3751472859855739,3,1.1184745966365892,1.5073299757405216,0.3888553791039324
tm34077,tarantini_1983,1819,0.0027821475424309452,0.4140629404639297,0.46498104059073886,0.0936002497301754,0.01177101843426501,0.008460400504156928,0.004342202734303159,3,1920,0.0003656880716512807,0.05240902890652635,0.8896221529666333,0.02611093167075835,0.0035837221457650555,0.02638256202829554,0.0015259142103701596,3,-0.0024164594707796645,-0.36165391155740334,0.4246411123758944,-0.06748931805941705,-0.008187296288499955,0.017922161524138613,-0.0028162885239329995,0.5621943694909433,3,1.0755257595548295,0.4826438674500276,-0.592881892104802
tm341110,franco cervi_1994,1819,0.03945927898189977,0.050235061247308456,0.013253855185094417,0.005298107227600988,0.31524647832892944,0.5425934234375214,0.03391379559164559,6,1920,0.0011464559602864894,0.027451397033731305,0.06900590249298656,0.040657329114925395,0.007346474624604807,0.8439256194943909,0.010466821279074568,6,-0.03831282302161328,-0.02278366421357715,0.05575204730789214,0.035359221887324405,-0.30790000370432463,0.30133219605686956,-0.02344697431257102,0.43811988972878163,5,1.173295199949839,0.6481872505507924,-0.5251079493990467
tm345061,murilo costa_1994,1819,0.044698579053710115,0.2859368267745282,0.024470376772094213,0.024601981063155004,0.45189589200492,0.09091092970118377,0.0774854146304088,5,1920,0.004501428337493021,0.05639810408750882,0.10891141394768417,0.043259226173392125,0.0404860137581572,0.7181692649606719,0.028274548735092685,6,-0.040197150716217094,-0.2295387226870194,0.08444103717558996,0.01865724511023712,-0.4114098782467628,0.6272583352594882,-0.04921086589531611,0.7902489005145177,6,1.4539614034739698,1.0322251913879887,-0.4217362120859811
tm345345,xadas_1997,1819,0.028010527412847666,0.04874140329115293,0.006366038796560621,0.003597002020575314,0.67257580151217,0.17385090601231226,0.06685832095438128,5,1920,0.002485035275307249,0.0013859186825178717,0.009780463434275603,0.0012764685787986219,0.01887278877696776,0.9642186474597276,0.001980677792405279,6,-0.025525492137540417,-0.04735548460863506,0.0034144246377149816,-0.002320533441776692,-0.6537030127352023,0.7903677414474154,-0.064877643161976,1.0270929516953233,6,1.0516323183537573,0.20017635808180292,-0.8514559602719544
tm347905,joao paulo lazaro lucas_1996,1819,0.0002735206708932003,0.012654342449434476,0.014023208251701872,0.9657776365950259,0.0016441497360460547,0.0017861632550743888,0.003840979041824023,4,1920,0.0007482229212786842,0.36608124468081066,0.18925536336443033,0.3897134084372901,0.004698957293586768,0.02902215805731684,0.020480645245286675,4,0.0004747022503854839,0.3534269022313762,0.17523215511272847,-0.5760642281577358,0.003054807557540713,0.027235994802242453,0.016639666203462654,0.6987261516313769,4,0.19421375512285471,1.2631023756464557,1.068888620523601
tm349513,neris_1992,1819,3.0141116376271648e-05,0.00023117420405862,0.0009269924192186764,0.9984890600164983,2.8628255804347927e-05,4.31372638282561e-05,0.00025086672421556245,4,1920,3.5448433389675916e-05,0.6394540213788895,0.0018020335682119206,0.3574137765604967,0.00022902532966705507,0.0005275073755128297,0.0005381873538322237,2,5.307317013404268e-06,0.6392228471748309,0.0008750411489932442,-0.6410752834560016,0.00020039707386270716,0.00048437011168457356,0.00028732062961666125,0.9053090123858607,4,0.013045630606195012,0.6753569844326187,0.6623113538264237
tm349903,bruno lamas_1994,1819,0.0006391749746775101,0.961323097373918,0.0015328527445143177,0.0004272955651265206,0.007549004122904108,0.028262577631823053,0.0002659975870363102,2,1920,0.05287848095289663,0.0327792598704641,0.21637384273213386,0.04081305468585433,0.07607825085382187,0.4844239424017217,0.09665316850310768,6,0.05223930597821912,-0.9285438375034538,0.21484098998761955,0.04038575912072781,0.06852924673091777,0.45616136476989866,0.09638717091607137,1.060890999179269,2,0.19573645156117703,1.5021801315071077,1.3064436799459307
tm352811,aylton boa morte_1993,1819,0.17475511101345825,0.07466134167129866,0.026310636843350405,0.010434069126158338,0.3737365380240327,0.30863841416712046,0.03146388915458129,5,1920,0.0007236947579467151,0.002240746608085421,0.0237725901290832,0.0010163851924360604,0.008566373859701791,0.9629842211521893,0.0006959883005575816,6,-0.17403141625551155,-0.07242059506321324,-0.0025380467142672065,-0.009417683933722278,-0.36517016416433096,0.6543458069850688,-0.030767900854023707,0.7727512502738211,6,1.4813825152499667,0.1969564431482952,-1.2844260721016716
tm356099,cristian borja_1993,1819,0.001034495016333508,0.02381951538452124,0.07623421782080682,0.8428122678597894,0.013898856030884888,0.017262091972075583,0.0249385559155883,4,1920,0.00013668322588207858,0.9037816256832913,0.0028819218421903673,0.0870159434845558,0.0009211840723338038,0.004375306909382833,0.0008873347823638894,2,-0.0008978117904514294,0.8799621102987701,-0.07335229597861645,-0.7557963243752336,-0.012977671958551084,-0.012886785062692752,-0.024051221133224412,1.162444516564399,2,0.6580418238868384,0.3584106286073395,-0.2996311952794989
tm357156,diogo leite_1999,1819,0.005614314880675274,0.01725999894195642,0.008667408624794074,0.9537291551068854,0.0027658359197625217,0.001473404515458603,0.010489882010467836,4,1920,2.203952953696192e-05,0.01284334282999097,0.005150446159972764,0.9813156197634678,0.00012179236619917297,0.00020736867896597463,0.0003393906718663213,4,-0.005592275351138312,-0.0044166561119654505,-0.00351696246482131,0.027586464656582432,-0.002644043553563349,-0.0012660358364926284,-0.010150491338601514,0.028857516613433113,4,0.25920312517549093,0.10738052716950885,-0.15182259800598208
tm357162,florentino luis_1999,1819,0.00421110259526107,0.03972817534271051,0.24171508018384402,0.599437961517391,0.005279441089674769,0.007394432472895365,0.10223380679822323,4,1920,0.0009247507431983287,0.09593068034563168,0.3786938924406489,0.46340215857431366,0.00403552676511396,0.011776526256450577,0.04523646487464283,4,-0.0032863518520627414,0.05620250500292117,0.13697881225680486,-0.13603580294307738,-0.0012439143245608084,0.004382093783555212,-0.05699734192358041,0.20114474001456373,3,1.0983034190176952,1.170085538887798,0.07178211987010275
tm358177,andre pereira_1995,1819,0.17911343423354759,0.030690216850805835,0.029557606116378487,0.0135997728887859,0.06069131923617536,0.09374144169863526,0.5926062089756716,7,1920,0.030574857047195377,0.004044028732576907,0.03918660569462502,0.0035182566012076947,0.09723310109509045,0.8161725538936846,0.009270596935619957,6,-0.14853857718635222,-0.026646188118228928,0.00962899957824653,-0.010081516287578206,0.036541781858915094,0.7224311121950493,-0.5833356120400517,0.7390602793724697,6,1.2795060283374242,0.7115354154525301,-0.5679706128848941
tm364237,mamadou loum_1996,1819,0.005216708800254352,0.06815439434591668,0.30112686145399203,0.6029945671761995,0.004936286500040326,0.009099040153796329,0.00847214156980076,4,1920,0.04188821300359755,0.0746634119028353,0.30324641846405326,0.08989501692389683,0.17223919389610434,0.24886633323833882,0.0692014125711739,3,0.036671504203343204,0.006509017556918628,0.0021195570100612238,-0.5130995502523027,0.16730290739606402,0.23976729308454248,0.060729271001373146,0.5917274923285136,4,0.9863217739541889,1.7389368246040455,0.7526150506498567
tm364857,falaye sacko_1995,1819,0.0005963836507257024,0.01779643482958738,0.042760085799415475,0.9281738134363896,0.002153482531563183,0.0027067337854144034,0.005813065966904104,4,1920,0.00023728087341445302,0.6722670466073885,0.013689505604090099,0.29116057334170886,0.0009195212536828503,0.011240972856323651,0.010485099463391536,2,-0.00035910277731124936,0.6544706117778011,-0.029070580195325376,-0.6370132400946807,-0.001233961277880333,0.008534239070909248,0.004672033496487433,0.9138037170100507,2,0.3392439411189012,0.7916076931414524,0.4523637520225512
tm366278,rodrigo pinho_1991,1819,0.9913489836937042,0.002417734575395538,0.00022232122192367433,0.00020246281162681576,0.0032510181102364845,0.0018971481606734366,0.00066033142643988,1,1920,0.9667463797668131,0.0002614486477654431,0.0008020701676875774,0.00018516644809911335,0.0248875872269745,0.0026170823404443595,0.004500265402216306,1,-0.024602603926891065,-0.002156285927630095,0.000579748945763903,-1.7296363527702412e-05,0.021636569116738016,0.000719934179770923,0.003839933975776426,0.03284712354767249,1,0.06212216035279475,0.17395758521727062,0.11183542486447587
tm371245,guilherme schettine_1995,1819,0.951519453747328,0.007076043952840369,0.0014754688484269855,0.001427268087423799,0.01826108468194205,0.00395247044311056,0.016288210238927958,1,1920,0.8134558507843118,0.00012356161217996731,0.0003567553251411446,9.448771843720723e-05,0.18267588644391125,0.0021912385823108075,0.0011022195337076802,1,-0.13806360296301623,-0.006952482340660401,-0.001118713523285841,-0.001332780368986592,0.1644148017619692,-0.0017612318607997525,-0.015185990705220278,0.21482144276906076,5,0.2633225250460144,0.5042494738111917,0.24092694876517728
tm372459,andre martins sousa_1998,1819,0.00041991215748160505,0.014525679517420282,0.045251067343847144,0.9257333792850491,0.0017262953605808097,0.004008301291584633,0.008335365044036633,4,1920,4.033080590281849e-06,0.02352495806794499,0.0006243695705401031,0.9755873331447349,2.3237740113768216e-05,9.1376935619381e-05,0.00014469146045641913,4,-0.0004158790768913232,0.008999278550524707,-0.04462669777330704,0.04985395385968583,-0.0017030576204670415,-0.003916924355965252,-0.008190673583580214,0.0676488103450407,4,0.34925838217507543,0.1193577722852934,-0.22990060988978203
tm375025,lucas marques_1995,1819,0.00015314904860447688,0.004957199933099605,0.9497953733206639,0.04305445684744851,0.0002529607644404379,0.0004857722859439986,0.0013010877997990085,3,1920,0.00013516542208694352,0.010191092810595019,0.9442502378815564,0.040601575456801695,0.0006938263669609834,0.0023809307194426915,0.0017471713425562803,3,-1.7983626517533363e-05,0.0052338928774954135,-0.005545135439107507,-0.0024528813906468175,0.00044086560252054553,0.0018951584334986928,0.00044608354275727175,0.008242881788919118,3,0.2264407526886434,0.2627163484373606,0.03627559574871719
tm375039,emmanuel hackman_1995,1819,0.0008647168376490085,0.022692435834448382,0.3595272263197629,0.6044114820418394,0.0030486800742082457,0.00619221964630972,0.003263239245782547,4,1920,0.00026356558621879877,0.5663406666832678,0.024527681954552794,0.3863551704442122,0.0013152865500399178,0.018201319040739603,0.0029963097409689632,2,-0.0006011512514302097,0.5436482308488194,-0.3349995443652101,-0.21805631159762717,-0.0017333935241683278,0.012009099394429883,-0.0002669295048135837,0.6748883116203104,2,0.8319387546419627,0.8815951615691615,0.04965640692719886
tm375770,gabriel airton de souza_1996,1819,0.171230161428987,0.3994620974838286,0.07082217069363106,0.03534210109952915,0.1296167414165547,0.16045576192067051,0.033070965956798946,2,1920,0.008454570947629919,0.12909229509692743,0.22366852324546915,0.027275849003352975,0.05380284595703451,0.5455288557690223,0.012177059980563653,6,-0.1627755904813571,-0.27036980238690117,0.1528463525518381,-0.008066252096176174,-0.07581389545952018,0.3850730938483518,-0.02089390597623529,0.526357130816383,6,1.645547276273955,1.2793442337023524,-0.3662030425716025
tm375820,henrique_1995,1819,0.003940655264529659,0.2187145153241741,0.10947547865940589,0.5958743762209595,0.029936361262730363,0.03491116520861498,0.007147448059585467,4,1920,0.0009648535830513994,0.28339633655929775,0.21532366346071463,0.435209703645359,0.0033053978030012977,0.03674866292304322,0.02505138202553287,4,-0.0029758016814782594,0.06468182123512364,0.10584818480130874,-0.16066467257560052,-0.026630963459729064,0.0018374977144282392,0.017903933965947406,0.20474900059863752,4,1.1624034243231305,1.28939911776522,0.1269956934420895
tm376175,thiago santana_1993,1819,0.7084432868954896,0.011597120088398376,0.003206404432380906,0.0016913040897890707,0.20500846445069737,0.03923180489256623,0.030821615150678248,1,1920,0.028005971049673044,0.00029930806493354636,0.0010574959161237377,0.00027859760702430534,0.9629834850827751,0.005232268077416615,0.0021428742020536055,5,-0.6804373158458166,-0.01129781202346483,-0.0021489085162571687,-0.0014127064827647653,0.7579750206320777,-0.03399953681514962,-0.028678740948624642,1.0192209256609863,5,0.8842515895114491,0.18906241859267361,-0.6951891709187755
tm379249,matheus reis_1995,1819,0.003075008703267338,0.05470290480096627,0.27416824086820707,0.5744048245160237,0.02095251058564148,0.0468201939241928,0.02587631660170131,4,1920,0.00046968183361316114,0.4329717425643171,0.040373967386132664,0.50306505536793,0.001765668408264468,0.015315370790688194,0.006038513649054486,4,-0.002605326869654177,0.3782688377633508,-0.2337942734820744,-0.0713397691480937,-0.01918684217737701,-0.03150482313350461,-0.019837802952646824,0.4518892730741251,2,1.168876634109981,0.9472880831015577,-0.22158855100842334
tm37947,mateus galiano da costa_1984,1819,0.07823165825654925,0.27716008888544746,0.054984512226166564,0.010268052683625281,0.3420337217330497,0.229429845198465,0.007892121016696698,5,1920,0.0009604341195290207,0.006022271206096113,0.10762752071975247,0.0036229226390197974,0.00509520058893717,0.8743719947321588,0.002299655994506647,6,-0.07727122413702023,-0.27113781767935136,0.052643008493585906,-0.006645130044605483,-0.33693852114411255,0.6449421495336938,-0.0055924650221900515,0.7821636309801443,6,1.5044088825053654,0.4559877754108877,-1.0484211070944778
tm380409,joao jaquite_1996,1819,0.0003582003034005921,0.0030892696840415165,0.9833757350290536,0.007673629952294054,0.00019793947574064716,0.0012394484840237974,0.004065777071445587,3,1920,6.911049827883081e-05,0.0051944299449360656,0.9786877736888815,0.011829933205128828,0.00044767087977128534,0.0025196809504148083,0.0012514008325885768,3,-0.00028908980512176133,0.002105160260894549,-0.004687961340172131,0.004156303252834774,0.00024973140403063815,0.001280232466391011,-0.00281437623885701,0.006743031353783628,3,0.10691954997787284,0.1284527316069153,0.02153318162904247
tm383807,kikas_1998,1819,0.6008536620961754,0.033155660085158196,0.006022596449363124,0.006448257978521255,0.16071157921611368,0.024439098550714782,0.1683691456239535,1,1920,4.0710062876537285e-40,1.24655252297354e-41,1.9817820501877374e-41,8.43283565645595e-42,1.0,4.037073154401932e-40,1.644580565191719e-41,5,-0.6008536620961754,-0.033155660085158196,-0.006022596449363124,-0.006448257978521255,0.8392884207838863,-0.024439098550714782,-0.1683691456239535,1.0330559498637517,5,1.1668141385922108,1.6578612669557127e-10,-1.1668141384264248
tm387378,luther singh_1997,1819,0.11390921744323682,0.11338443482651961,0.03829918332282159,0.0035809693470563618,0.07212288080289,0.6471714286498444,0.011531885607631208,6,1920,0.01030494242464508,0.003591124904551054,0.013060383348607093,0.0018862904723883284,0.023064169737887316,0.93772639328612,0.010366695825801036,6,-0.10360427501859173,-0.10979330992196855,-0.025238799974214497,-0.0016946788746680333,-0.04905871106500269,0.2905549646362755,-0.0011651897818301723,0.33205004181978776,6,1.1621128284200324,0.3304530322578458,-0.8316597961621865
tm388588,jadson_1991,1819,0.0013781278051797129,0.010719111373878001,0.005713144430313309,0.9704898085851309,0.002758512434818483,0.0012884188476177019,0.007652876523061795,4,1920,0.0009039099739756377,0.7722834395273758,0.009244767693527783,0.19002068303472955,0.0050565164568760245,0.007979819747065416,0.014510863566449749,2,-0.00047421783120407516,0.7615643281534977,0.003531623263214474,-0.7804691255504014,0.0022980040220575413,0.0066914008994477135,0.006857987043387954,1.090493023713221,4,0.17839509506453027,0.6914542966689051,0.5130592016043749
tm396342,toni borevkovic_1997,1819,1.1521730589816406e-05,0.00021913423774024593,0.00025606254941705915,0.999422969495815,2.1515072020035003e-05,1.4121513838568082e-05,5.467540057949705e-05,4,1920,1.6706202771935793e-06,0.044185524691676685,0.00047271872398496856,0.9552683465927567,1.1131064402170726e-05,2.3747062067611973e-05,3.686124483469902e-05,4,-9.851110312622827e-06,0.04396639045393644,0.0002166561745679094,-0.04415462290305827,-1.0384007617864277e-05,9.625548229043891e-06,-1.781415574479803e-05,0.0623114873091665,4,0.005597441073344151,0.18594435029213582,0.18034690921879168
tm397090,davidson da luz pereira_1991,1819,0.08807866587004658,0.014223523689810948,0.002401145077347883,0.0008519937591614269,0.6141614474690507,0.27613161234293004,0.0041516117916524636,5,1920,0.03844821416476981,0.008538293015210544,0.024009123485319663,0.0053656809275212354,0.021641710189660733,0.8396407692141057,0.06235620900341213,6,-0.04963045170527677,-0.0056852306746004045,0.02160797840797178,0.0045136871683598085,-0.5925197372793899,0.5635091568711756,0.05820459721175966,0.8195150948154201,5,0.9725032790722339,0.6862796047649795,-0.28622367430725437
tm401539,messias_1994,1819,3.376415132194148e-05,0.0003435923007151072,0.0006539963733289345,0.998717725917303,2.6052171373362716e-05,2.2048453059323066e-05,0.0002028206328979927,4,1920,9.44880707741051e-06,0.18195476159388818,0.0010962268460522552,0.8164984033311743,5.871308940217773e-05,0.00013692428534201043,0.0002455220470635707,4,-2.431534424453097e-05,0.18161116929317309,0.0004422304727233207,-0.18221932258612872,3.266091802881501e-05,0.00011487583228268736,4.270141416557797e-05,0.25726777636929304,4,0.011400993652153104,0.486991389011963,0.4755903953598099
tm407907,gelson_1996,1819,0.9138504358866445,0.003668458089203383,0.0003019226483859494,0.00029363973473569817,0.06414117844553031,0.012982969056572712,0.00476139613892728,1,1920,0.7853752455721301,0.001497523193810656,0.00228732319211364,0.00113581886492085,0.07829295854871539,0.013630148837870072,0.11778098179043901,1,-0.12847519031451438,-0.0021709348953927268,0.0019854005437276905,0.0008421791301851519,0.014151780103185074,0.0006471797812973596,0.11301958565151174,0.1292901012739773,1,0.3657696508254035,0.7309990392382879,0.3652293884128844
tm411295,raphinha_1996,1819,0.528885521872421,0.05973315716032478,0.01168044187264513,0.0038009327611464917,0.1902103947102012,0.18845551821482656,0.017234033408434872,1,1920,0.6364444407585742,0.004466203097039052,0.008086087072335569,0.003237452317897503,0.18956196347210466,0.09386714110588554,0.06433671217616341,1,0.10755891888615321,-0.05526695406328573,-0.003594354800309561,-0.0005634804432489886,-0.0006484312380965473,-0.09458837710894102,0.047102678767728536,0.15357075140535595,1,1.2785433370410664,1.0831087459528577,-0.1954345910882087
tm411838,bruno viana_1995,1819,7.964614742121285e-05,0.0012386534999081892,0.002078842029242694,0.9959852937876627,0.00012750391951740019,7.876540218954145e-05,0.00041129521405858347,4,1920,5.0838647331679345e-05,0.1146676454766394,0.008646547629347983,0.8748355737767186,0.00026290978067862355,0.0004899060659412693,0.001046578623342406,4,-2.880750008953351e-05,0.1134289919767312,0.0065677056001052884,-0.12114972001094404,0.00013540586116122337,0.00041114066375172784,0.0006352834092838225,0.1660924857954201,4,0.030982525875958327,0.41998194777241765,0.3889994218964593
tm430579,idrissa doumbia_1998,1819,0.0045567182781151684,0.047129672790285,0.46929881598066425,0.43327634182226826,0.006708153851183444,0.007221908037073086,0.031808389240410906,3,1920,6.015836497917463e-05,0.027824719215663783,0.928584845571997,0.03883203570518246,0.00045251474643232475,0.0033959299735878395,0.0008497964221572236,3,-0.004496559913135994,-0.01930495357462122,0.4592860295913328,-0.3944443061170858,-0.006255639104751119,-0.0038259780634852464,-0.030958592818253684,0.6057859679938796,3,1.064810724372132,0.3239960841922673,-0.7408146401798648
tm430761,lucas fernandes_1997,1819,0.014120825165318424,0.46335236350505665,0.1429207021496874,0.015265690520043375,0.17280469642058097,0.18234662546592478,0.009189096773388384,2,1920,0.0002768749588050932,0.001973383770509666,0.020435910850306677,0.0011329129742664306,0.004908425928513202,0.9708780247861434,0.00039446673145575003,6,-0.013843950206513331,-0.461378979734547,-0.12248479129938074,-0.014132777545776944,-0.16789627049206776,0.7885313993202185,-0.008794630041932634,0.9371421465061054,6,1.4152837940284895,0.15963072502431433,-1.2556530690041752
tm435497,fabio china_1992,1819,0.00046713129509281463,0.0116554668073711,0.032542765708349644,0.9488093754785683,0.0009475737858367048,0.0020419180452084487,0.0035357688795731083,4,1920,7.650078677821794e-05,0.024993371180996045,0.0714472566486968,0.897312971040566,0.0004707349855179023,0.0036797414188008016,0.002019423938644434,4,-0.0003906305083145967,0.013337904373624945,0.03890449094034716,-0.0514964044380023,-0.0004768388003188025,0.0016378233735923529,-0.0015163449409286742,0.06592724179949,4,0.2559980078189358,0.41544978389403137,0.15945177607509559
tm437566,claudio falcao_1994,1819,0.0002943647073481366,0.008807031615880605,0.9689948812017128,0.017563218112021214,0.00041233979232634165,0.0010503228677560116,0.0028778417029548774,3,1920,0.00011945181137142658,0.06335159480082088,0.28765627200469807,0.6427611712917956,0.0004506921757392238,0.0023028991085474048,0.00335791880702724,4,-0.00017491289597671,0.054544563184940276,-0.6813386091970148,0.6251979531797743,3.835238341288213e-05,0.0012525762407913932,0.00048007710407236247,0.9263214838426254,3,0.17283397513469106,0.8549624419959384,0.6821284668612473
tm438202,bruno tabata_1997,1819,6.228581383912808e-41,5.6419036800402326e-40,1.8594986475783678e-41,5.127617428767375e-42,1.488491118227695e-39,1.0,1.5523775642263986e-41,6,1920,0.003809774984128044,0.02853948184856489,0.050629777385181256,0.019534084630337994,0.020086299466102707,0.7844028034910199,0.09299777819466527,6,0.003809774984128044,0.02853948184856489,0.050629777385181256,0.019534084630337994,0.020086299466102707,-0.21559719650898013,0.09299777819466527,0.22507683532253206,6,1.6578612669557127e-10,0.8404952311995286,0.8404952310337425
tm442424,murilo oliveira de freitas_1996,1819,0.03219005417742022,0.08535071658189546,0.359355444621618,0.026208328897211836,0.06394803903962899,0.2771958281232014,0.155751588559024,3,1920,0.0008325248761453544,0.004773955806054792,0.4990144002808599,0.004696571800396103,0.004629282024426803,0.4833697970407856,0.002683468171331428,3,-0.03135752930127487,-0.08057676077584067,0.1396589556592419,-0.021511757096815732,-0.059318757015202186,0.20617396891758416,-0.15306812038769257,0.2710529634652376,6,1.6049841005921337,0.7956400949905453,-0.8093440056015884
tm445517,heriberto tavares_1997,1819,0.22849551901513362,0.17895184254934057,0.004361410198818818,0.0017433523570840753,0.42530431560220644,0.15376276603054248,0.007380794246873911,5,1920,0.02988232296435318,0.0010702918048066921,0.006195196761815229,0.0009064204913817439,0.4752306621778275,0.48401804195162945,0.0026970638481861437,6,-0.19861319605078046,-0.17788155074453388,0.0018337865629964112,-0.0008369318657023314,0.04992634657562106,0.33025527592108694,-0.004683730398687767,0.4273807416402787,6,1.3677454288129478,0.8707932604385759,-0.49695216837437195
tm446043,getterson_1991,1819,0.1370185055029229,0.5861615946468165,0.12958219473330831,0.041089512494034,0.039437949445305924,0.027412114561272904,0.03929812861633949,2,1920,0.008907276268008024,0.004125166253037579,0.004846753923172547,0.0019377486322221715,0.9251150816919849,0.052199041917441485,0.0028689313141334978,5,-0.1281112292349149,-0.5820364283937789,-0.12473544081013577,-0.03915176386181183,0.885677132246679,0.02478692735616858,-0.03642919730220599,1.0757829967951336,5,1.334689049031747,0.34556436956527375,-0.9891246794664732
tm448466,jovane cabral_1998,1819,0.23522431648875447,0.03578187003701499,0.01535759274963072,0.006265443611692523,0.29161778199553823,0.177970957499046,0.23778203761832298,5,1920,0.26158393466209723,0.0073849707633098175,0.026353466735298592,0.004390816304467384,0.04670574745273217,0.5523122763418843,0.10126878774021054,6,0.026359618173342758,-0.028396899273705173,0.010995873985667872,-0.0018746273072251388,-0.24491203454280605,0.3743413188428383,-0.13651324987811242,0.44915360901115686,6,1.563619557592944,1.2095714599994423,-0.35404809759350164
tm45335,alberto bueno_1988,1819,0.028689831843910968,0.4217471903875972,0.027934288758751542,0.01884644330538062,0.25545680012196104,0.20070477941977996,0.04662066616261849,2,1920,0.005470368639151303,0.021078974449121875,0.036227777807422215,0.006843788380256162,0.0391977187369678,0.8727814150949721,0.018399956892108688,6,-0.023219463204759663,-0.40066821593847535,0.008293489048670673,-0.01200265492512446,-0.21625908138499322,0.6720766356751922,-0.028220709270509806,0.8122450387184005,6,1.4546560133548454,0.583400828462578,-0.8712551848922674
tm454121,galeno_1997,1819,0.025859791674257043,0.03509887178066795,0.0014841170305829449,0.0009144432492500231,0.39073180834281956,0.5244478258499456,0.02146314207247691,6,1920,0.1477940575481455,0.012002976219219056,0.02934326943024507,0.007816064192333754,0.04653052983325276,0.6370712918747473,0.11944181090205654,6,0.12193426587388846,-0.023095895561448893,0.027859152399662124,0.006901620943083731,-0.34420127850956683,0.11262346602480167,0.09797866882957962,0.3839058680941451,5,1.0162667763816908,1.1609035756548183,0.14463679927312745
tm45717,nene_1983,1819,0.8236297793778778,0.061820156813446187,0.01235612399071066,0.00565726228556209,0.02713821615806589,0.026886879813354393,0.0425115815609831,1,1920,0.8984409274462093,0.0007972610310814152,0.0022506197423679784,0.0006747701376571886,0.07260679411915896,0.018085254593983812,0.00714437292954129,1,0.07481114806833145,-0.06102289578236477,-0.010105504248342681,-0.004982492147904902,0.045468577961093076,-0.008801625219370581,-0.03536720863144181,0.10766758248140723,1,0.7448127224328064,0.4188524210948389,-0.3259603013379675
tm46110,ljubomir fejsa_1988,1819,0.00018749836088741378,0.0038937971124751508,0.966262055232451,0.026168969494030903,0.00023705755210351326,0.0005465049298069497,0.002704117318245158,3,1920,0.002045896477494924,0.13696300699945568,0.6179809563888422,0.12094091802741926,0.008615141896455594,0.018409523324058975,0.09504455688627322,3,0.0018583981166075101,0.13306920988698054,-0.3482810988436088,0.09477194853338836,0.00837808434435208,0.017863018394252025,0.09234043956802807,0.3852033151823416,3,0.17378737847501763,1.1760524911514203,1.0022651126764026
tm46717,nuno miguel prata coelho_1987,1819,0.0004313816721231163,0.01258423927185558,0.01169225308775519,0.9734558186363848,0.0005515851056382358,0.0003365869756346949,0.0009481352506084532,4,1920,4.786998369160323e-07,0.0023911652350650917,7.915379457765769e-05,0.9975129631499965,3.693947396623864e-06,6.392485316576577e-06,6.15268781064064e-06,4,-0.0004309029722862002,-0.010193074036790489,-0.011613099293177533,0.02405714451361174,-0.000547891158241612,-0.0003301944903181183,-0.0009419825627978125,0.028602516080857874,4,0.15003801231596114,0.017867945129460494,-0.13217006718650065
tm48206,nuno pinto_1986,1819,0.005007136815506337,0.13462674990311896,0.10424480757494567,0.4705421079230085,0.07950980664974579,0.13709472334659145,0.06897466778708325,4,1920,0.00019297185028058103,0.18666512238525343,0.017591716501163722,0.7792327485587512,0.001372109058361353,0.011002125660274772,0.003943205985915008,4,-0.004814164965225755,0.05203837248213447,-0.08665309107378194,0.30869064063574275,-0.07813769759138443,-0.12609259768631667,-0.06503146180116824,0.35711998149055474,4,1.545075686986364,0.6608976007211946,-0.8841780862651694
tm48703,mano_1987,1819,0.00036687417788040235,0.01020224449569904,0.032945474965417845,0.952615383125017,0.0006766342545276423,0.0010391266363930724,0.0021542623450651246,4,1920,1.6696117693128278e-05,0.025442404079793965,0.0021417024495350425,0.9714923931178067,8.818603073501544e-05,0.0002721281847521028,0.0005464900196839621,4,-0.0003501780601872741,0.015240159584094925,-0.030803772515882802,0.01887700999278963,-0.0005884482237926269,-0.0007669984516409696,-0.0016077723253811625,0.03922414504151184,3,0.23366872475908151,0.14201441541314438,-0.09165430934593713
tm499721,wendel_1997,1819,0.02498502836262934,0.4576593389283267,0.28107432824769674,0.019966798551389928,0.016588672837302487,0.1916981592285126,0.008027673844142274,2,1920,0.0008322131049327243,0.06251847649616636,0.7136867368357814,0.015791777972911626,0.007295349022920515,0.19747547313670594,0.002399973430581301,3,-0.024152815257696615,-0.39514086243216034,0.4326124085880847,-0.0041750205784783015,-0.00929332381438197,0.005777313908193332,-0.005627700413560973,0.5865239379029907,3,1.3081507574779059,0.8561714017487166,-0.45197935572918924
tm51058,lica_1988,1819,0.5912061569344725,0.049064078062295007,0.004062981830219675,0.0043845035002267095,0.2806066790963934,0.01413912851278099,0.05653647206361159,1,1920,0.041375656310109754,0.032995253459355736,0.015949072136716216,0.007456479091275659,0.6445488830029407,0.20171075818719464,0.05596389781240713,5,-0.5498305006243628,-0.01606882460293927,0.011886090306496542,0.0030719755910489496,0.36394220390654725,0.18757162967441365,-0.0005725742512044593,0.685827636334986,1,1.0840519352489544,1.1142319060103096,0.030179970761355257
tm512913,stephen eustaquio_1996,1819,0.00042550119587454955,0.045973548987377946,0.8781744244829617,0.0716246158635397,0.0010428373703509897,0.0010265505022557166,0.0017325215976395792,3,1920,1.3775020093368058e-05,0.0011083463861413193,0.9938553842784672,0.004408621720883542,0.00010811617606648354,0.00037646500465451173,0.0001292914136933378,3,-0.0004117261757811815,-0.04486520260123663,0.11568095979550552,-0.06721599414265617,-0.0009347211942845061,-0.0006500854976012049,-0.0016032301839462415,0.14111848413852107,3,0.47303577488386966,0.04284852568420398,-0.43018724919966567
tm517300,vitor tormena_1996,1819,0.00035236429379759734,0.009862786240878413,0.02633500044067572,0.9581239805695762,0.0017313717440367751,0.0011092341308123626,0.0024852625802228617,4,1920,1.0806502144000669e-05,0.6692605082926795,0.0016603733298534368,0.3285485251338234,6.832832798183765e-05,0.00017163867129073976,0.00027981974222723144,2,-0.00034155779165359666,0.659397722051801,-0.024674627110822283,-0.6295754554357528,-0.0016630434160549374,-0.0009375954595216228,-0.0022054428379956305,0.912021495699346,2,0.2185829017565317,0.6496445854394264,0.43106168368289466
tm520469,junio_1997,1819,0.0004982435674665758,0.008992276341305273,0.024783110123946978,0.9626252573875416,0.0006112800090489729,0.0011537761732759064,0.0013360563974145322,4,1920,0.00010697695772028729,0.027640300834906525,0.010019579016052797,0.958672666084889,0.0008106664580470513,0.0017438461846019902,0.0010059644637822633,4,-0.0003912666097462885,0.018648024493601253,-0.014763531107894181,-0.003952591302652575,0.00019938644899807837,0.0005900700113260838,-0.00033009193363226896,0.024122078547001897,2,0.1956307368047046,0.210537710774061,0.01490697396935639
tm525287,carlos vinicius_1995,1819,0.9093018003103629,0.011152310258642825,0.0023403464321051348,0.003332061505059832,0.020189089280370005,0.004592059684629059,0.04909233252883026,1,1920,0.5243503772513606,0.0051813639086309106,0.002384474163765726,0.001994640621542329,0.044235083109114295,0.0089666902537188,0.4128873706918675,1,-0.3849514230590023,-0.005970946350011914,4.4127731660591196e-05,-0.0013374208835175028,0.02404599382874429,0.0043746305690897415,0.3637950381630372,0.385775048660706,1,0.4212580536257856,0.9380252133992818,0.5167671597734962
tm5404,jeremy mathieu_1983,1819,0.00036408217033497334,0.008184555430739256,0.0025298378209655365,0.986668671980815,0.0007835276005446229,0.00037622030481399785,0.0010931046917864997,4,1920,3.152811525776447e-05,0.9263465465117773,0.0035025147505854067,0.06893933963655124,0.00015713360768769297,0.0005506233081795681,0.0004723140699609026,2,-0.0003325540550772089,0.918161991081038,0.0009726769296198702,-0.9177293323442637,-0.00062639399285693,0.00017440300336557025,-0.0006207906218255971,1.298171810196707,2,0.08660704088273098,0.284508338424199,0.197901297541468
tm544792,miguel tavares_1998,1819,0.005234723346081257,0.11068066239024901,0.7553583043417527,0.013778346560252805,0.00577507974869348,0.09538776292841365,0.013785120684557256,3,1920,0.0015333652947218362,0.015914166802576683,0.46544302759221956,0.04629605865691802,0.00938694049573069,0.4503243775234594,0.011102063634373889,3,-0.0037013580513594203,-0.09476649558767233,-0.2899152767495331,0.032517712096665215,0.0036118607470372105,0.3549366145950457,-0.002683057050183367,0.4691435856413265,6,0.8550424073545233,1.0270901532022791,0.17204774584775584
tm55994,ukra_1988,1819,0.006394264989592879,0.4407417638385196,0.1419560858859414,0.02751789480628033,0.05946644387303458,0.2664936106210987,0.05742993598553258,2,1920,0.005499474042541688,0.23677489609568633,0.26939181631483733,0.06763288905942402,0.04525260600315126,0.34268629343436685,0.0327620250499923,6,-0.0008947909470511913,-0.20396686774283326,0.12743573042889592,0.040114994253143695,-0.014213837869883325,0.07619268281326813,-0.02466791093554028,0.25585097233118337,2,1.4537410828316037,1.524306361127425,0.07056527829582127
tm56183,bruno moreira_1987,1819,0.7552625586255358,0.01948176607052563,0.002319128473068499,0.002941223097686974,0.13307618622664694,0.019899846853892,0.06701929065264434,1,1920,0.13012903713943566,0.005793636965030096,0.003590285901617835,0.001982104139398055,0.7959305962024502,0.030331917366137565,0.03224242228593063,5,-0.6251335214861001,-0.013688129105495536,0.001271157428549336,-0.0009591189582889193,0.6628544099758032,0.010432070512245564,-0.034776868366713704,0.9112994114087576,5,0.8474115391554592,0.7261816783235121,-0.12122986083194709
tm58175,zequinha_1987,1819,0.02811817061747237,0.3008909204541816,0.0068075508996734615,0.0035297024105435683,0.26948762918925645,0.37267355031585114,0.018492476113021485,6,1920,0.00029107596600543587,0.001657816267142768,0.002821319884913468,0.0004396703036225776,0.004362372081825313,0.9899309528396727,0.0004967926568176283,6,-0.027827094651466933,-0.2992331041870388,-0.003986231014759993,-0.0030900321069209907,-0.2651252571074311,0.6172574025238216,-0.017995683456203858,0.7359608271511564,6,1.310691745457838,0.07045061382182549,-1.2402411316360125
tm58965,ruben lima_1989,1819,0.0013619070943893315,0.05236045707050694,0.12030074008206672,0.7989323680786337,0.004446152512147256,0.0067951630134929,0.01580321214876319,4,1920,6.725946659839772e-05,0.04407036077614517,0.030564758532184762,0.9173289803375605,0.00038282481016144,0.005068228883268827,0.0025175871940809596,4,-0.0012946476277909337,-0.008290096294361768,-0.08973598154988195,0.11839661225892684,-0.004063327701985816,-0.0017269341302240731,-0.01328562495468223,0.1488630206655273,4,0.7210832649293295,0.3688577836161942,-0.3522254813131353
tm595012,ibrahima camara_1999,1819,0.007663251464718463,0.2208483779708689,0.6688801919960845,0.05824559055872693,0.008774224931378362,0.00939510892780593,0.02619325415041705,3,1920,0.0033327153889845815,0.04574887157852293,0.5667266812354225,0.2437963406363959,0.02129498950870471,0.05816155936945523,0.06093884228251407,3,-0.004330536075733881,-0.17509950639234598,-0.10215351076066204,0.18555075007766897,0.012520764577326348,0.0487664504416493,0.03474558813209702,0.27942431449489036,4,0.9862693769985883,1.243969986755503,0.25770060975691467
tm60410,marcos acuna_1991,1819,0.0020380714423938093,0.0545462339230648,0.6532535994420834,0.062065018198765295,0.028131299756925247,0.1566426213708056,0.04332315586596194,3,1920,0.0018487338251009762,0.3338532571959265,0.27736973303161205,0.1638058613710683,0.007068686733083108,0.1874100230899965,0.028643704753212585,2,-0.0001893376172928331,0.2793070232728617,-0.37588386641047133,0.10174084317230302,-0.021062613023842137,0.0307674017191909,-0.014679451112749358,0.4806689047268594,3,1.148779255556807,1.480506948010046,0.33172769245323885
tm606050,pedro pelagio_2000,1819,0.0013084173325615457,0.018830184837764594,0.9641095420842762,0.010055994112322683,0.0006402788075639161,0.0032292477960450677,0.0018263350294659348,3,1920,1.0854776282446712e-05,0.0005056376982283864,0.9976338960622521,0.0009743340513411242,7.426764923714615e-05,0.0006779455891815407,0.00012306417347722357,3,-0.0012975625562790989,-0.018324547139536206,0.03352435397797582,-0.009081660060981558,-0.0005660111583267699,-0.0025513022068635273,-0.0017032708559887111,0.03937843403618902,3,0.1997230775466758,0.01984144977006124,-0.17988162777661454
tm60799,wilson eduardo_1990,1819,0.08151511301193197,0.030909379300982656,0.0013333989260635502,0.002478761406704499,0.8248929193148514,0.03923363785488694,0.019636790184578947,5,1920,0.34462506937628334,0.03361464956952844,0.025930164923779288,0.013857661465682028,0.09944580107410156,0.21703944852455867,0.26548720506606666,1,0.26310995636435136,0.0027052702685457855,0.024596765997715736,0.011378900058977529,-0.7254471182407498,0.17780581066967172,0.2458504148814877,0.7923743279290937,5,0.6985378148261946,1.5483649869835774,0.8498271721573828
tm61743,andre santos_1989,1819,0.00010524777056192117,0.00460968078430371,0.991834504319487,0.002483442884733093,0.00010726320442949924,0.0006832826510173393,0.00017657838546695763,3,1920,0.0008903874243481954,0.05149204667443182,0.5495136272056929,0.021459712053354497,0.006931368218214262,0.3658242003976526,0.003888658026305562,3,0.0007851396537862743,0.04688236589012811,-0.4423208771137942,0.018976269168621406,0.006824105013784763,0.36514091774663526,0.0037120796408386045,0.5758306070539341,3,0.05627676770473657,0.9943563503532281,0.9380795826484916
tm63837,andre andre_1989,1819,0.04904278143173018,0.216507639046278,0.30859189903168693,0.04997870168036431,0.08142266849864203,0.26816186278335336,0.026294447527945203,3,1920,0.0050074846680076635,0.02595100479196321,0.23396112492518487,0.01311904550161333,0.02876480952949113,0.6780776786832524,0.015118851900487285,6,-0.04403529676372252,-0.1905566342543148,-0.07463077410650207,-0.03685965617875098,-0.0526578589691509,0.40991581589989906,-0.011175595627457919,0.46473987471794176,6,1.6445494379337142,0.9468698902302044,-0.6976795477035098
tm64339,pizzi_1989,1819,0.024059506370806567,0.020444523452739023,0.0020644235722170954,0.0015486963530194063,0.8074677043624835,0.08737951261779235,0.05703563327094199,5,1920,0.19252943165011202,0.013281771522891122,0.01219252765146682,0.006097196569527124,0.06123856648439164,0.16439323649360935,0.5502672696280019,7,0.16846992527930546,-0.0071627519298479,0.010128104079249724,0.0045485002165077185,-0.7462291378780919,0.077013723875817,0.4932316363570599,0.7689900701366591,5,0.7410103415831769,1.2559674539943602,0.5149571124111832
tm67815,rafik halliche_1986,1819,8.51605449356639e-06,0.00016940286102245117,0.000706602070054029,0.9990459145012438,1.2232386235548187e-05,1.4764795481123045e-05,4.256733146928512e-05,4,1920,2.3562499399157e-05,0.166973138094207,0.0021256943244442397,0.8301118883080738,0.00011113977805442439,0.00020988742961306246,0.0004446895662081996,4,1.504644490559061e-05,0.16680373523318454,0.0014190922543902108,-0.16893402619317,9.89073918188762e-05,0.00019512263413193942,0.0004021222347389145,0.23741156921749507,4,0.00838144942965779,0.4729849166455706,0.4646034672159128
tm68275,claudemir de souza_1988,1819,0.007142275832397838,0.14424549800089367,0.3458539954785075,0.38677772770853075,0.04903650754199111,0.04339114583081464,0.023552849606864535,4,1920,0.00023117510601190666,0.022018618367155754,0.9501305266171001,0.021856617451878037,0.001608061228887563,0.0028637963720827787,0.0012912048568838126,3,-0.006911100726385931,-0.12222687963373792,0.6042765311385926,-0.3649211102566527,-0.04742844631310355,-0.04052734945873186,-0.022261644749980724,0.7191638476647128,3,1.4214796835565544,0.2538265382679568,-1.1676531452885976
tm72855,diogo viana_1990,1819,0.005924989919132857,0.08850168273011645,0.17521362692461445,0.16797452956626818,0.0703804464216707,0.4447329891736393,0.0472717352645582,6,1920,0.0030996695308519273,0.19989842267269917,0.21074588631532915,0.37489894646582866,0.02356501513686598,0.1494319404581346,0.038360119420290516,4,-0.0028253203882809296,0.11139673994258271,0.03553225939071469,0.20692441689956048,-0.04681543128480472,-0.29530104871550467,-0.008911615844267681,0.38195793727925476,6,1.5412180780365576,1.5331575957268535,-0.008060482309704131
tm74418,jackson martinez_1986,1819,0.9986460653576228,0.00024845501792582355,4.576640254495433e-05,3.101566092597998e-05,0.00048970118996189,0.00030033124142756634,0.00023866512959069898,1,1920,0.1326677361198467,0.00946373673896804,0.04098325914468463,0.00932697076365865,0.6718329962132753,0.11859003874768322,0.017135262271883448,5,-0.8659783292377761,0.009215281721042216,0.04093749274213968,0.009295955102732671,0.6713432950233134,0.11828970750625564,0.01689659714229275,1.1029324348728748,1,0.012353337629242766,1.0763520803412767,1.0639987427120339
tm75116,lionn_1989,1819,0.0024141706727138874,0.07747975767966388,0.10113923743515833,0.6710604767643408,0.050706749484070106,0.047483008456273665,0.0497165995077791,4,1920,3.074483479386372e-06,0.015782161398886215,0.0003565358057066538,0.9836879905106377,2.077837877499735e-05,9.059029275303309e-05,5.886912976204332e-05,4,-0.002411096189234501,-0.06169759628077766,-0.10078270162945167,0.31262751374629694,-0.05068597110529511,-0.04739241816352063,-0.04965773037801705,0.3413511843202753,4,1.1572523423265373,0.0861667822280099,-1.0710855600985274
tm83466,andre almeida_1990,1819,0.0025192769895797077,0.07606658297860829,0.08476880540953961,0.7216304834421141,0.034491708873040906,0.05540873366408242,0.02511440864303477,4,1920,0.0037893624277892455,0.6566758793784031,0.047066743118035145,0.14156742713179826,0.01027436254272106,0.1186508337141588,0.02197539168709451,2,0.0012700854382095379,0.5806092963997949,-0.03770206229150447,-0.5800630563103158,-0.02421734633031985,0.06324210005007638,-0.003139016955940259,0.8243721283874224,2,1.0246171308722547,1.1017567665100518,0.07713963563779713
tm84511,silvio_1987,1819,0.001007225672535197,0.03129207986048828,0.09767149093404022,0.8595704553979372,0.0015433104635290908,0.0040003154645549726,0.004915122206915344,4,1920,5.739706781503726e-06,0.020215327128744045,0.0005055575919578652,0.9789516903878199,2.8486544751356916e-05,0.0001559495885163311,0.0001372490514288681,4,-0.0010014859657536933,-0.011076752731744233,-0.09716593334208236,0.11938123498988273,-0.0015148239187777338,-0.0038443658760386416,-0.004777873155486476,0.1543822176795668,4,0.5308332592459266,0.10648378557282795,-0.42434947367309866
tm84711,joao aurelio_1988,1819,0.0029581871975522343,0.036466560684040986,0.05329059671880199,0.8241493335097299,0.01423815774148692,0.047126895030031736,0.0217702691183562,4,1920,0.0007581542945324922,0.3940080652471291,0.014267103075175902,0.5416914404364402,0.002918090781387967,0.02855894648213222,0.017798199683202124,4,-0.002200032903019742,0.35754150456308814,-0.03902349364362609,-0.2824578930732896,-0.011320066960098954,-0.018567948547899515,-0.003972069435154078,0.4578416480343676,2,0.741447231405771,0.9554255316034388,0.21397830019766784
tm89297,rodrigo battaglia_1991,1819,0.000436992995364574,0.00601376530576972,0.986690683618406,0.0036479782578942924,0.00027113142862224027,0.0015594473750940704,0.0013800010188489678,3,1920,2.8539575447300326e-42,1.5411251627401604e-40,1.0,3.167194923114041e-40,1.9817820501877374e-41,1.4599240226566797e-40,1.644580565191719e-41,3,-0.000436992995364574,-0.00601376530576972,0.01330931638159405,-0.0036479782578942924,-0.00027113142862224027,-0.0015594473750940704,-0.0013800010188489678,0.015142898411915368,3,0.08922597385550265,1.6578612669557127e-10,-0.08922597368971653
tm95429,osama rashid_1992,1819,0.01121410900655822,0.46155623707591814,0.027392670610344148,0.026164487189136967,0.3755018866861923,0.09135949593556343,0.006811113496286752,2,1920,0.0009861411302269805,0.09703393430084355,0.492651541877156,0.04594577187824195,0.005907364422424348,0.35018334400251233,0.007291902388594662,3,-0.010227967876331241,-0.3645223027750746,0.4652588712668118,0.01978128468910498,-0.36959452226376793,0.2588238480669489,0.0004807888923079101,0.7439275047202567,3,1.2214837461818893,1.1571211735005698,-0.06436257268131951
tm96140,jorge correa_1993,1819,4.2151809723278664e-41,1.0,1.938983014396395e-40,5.835553253587611e-41,5.62081774254314e-40,5.6419036800402326e-40,1.5523775642263986e-41,2,1920,0.010134576708800783,0.011382919294624991,0.03075533244159792,0.004880122173395212,0.0758090902951708,0.8613088715506693,0.005729087535741081,6,0.010134576708800783,-0.988617080705375,0.03075533244159792,0.004880122173395212,0.0758090902951708,0.8613088715506693,0.005729087535741081,1.3137869455725208,2,1.6578612669557127e-10,0.5842595677009619,0.5842595675351757
tm9819,ricardo costa_1981,1819,0.0001408104799223726,0.002356596388076573,0.0021951455503038996,0.9946512023490469,0.00017564315224921702,0.00011586302356098241,0.00036473905684024404,4,1920,6.234626970636805e-06,0.5367601825770562,0.001325314983719445,0.46168074964627964,4.775686913467149e-05,9.744789284498363e-05,8.23134039945703e-05,2,-0.0001345758529517358,0.5344035861889795,-0.0008698305665844545,-0.5329704527027672,-0.00012788628311454552,-1.841513071599878e-05,-0.00028242565284567373,0.7547486255672997,2,0.0397357289182311,0.7018045965172767,0.6620688675990456
carlos_1995,carlos_1995,1920,0.023830586286121173,0.026028574570294057,0.03274746467204496,0.010078013704846598,0.2318628468364979,0.6562815609215737,0.019170953008621497,6,2021,0.22257650303774448,0.001603367764713403,0.012793174526794779,0.0024522519184665527,0.7467128094813237,0.006967635924677722,0.00689425734627952,5,0.1987459167516233,-0.024425206805580656,-0.01995429014525018,-0.007625761786380045,0.5148499626448257,-0.649313924996896,-0.012276695662341977,0.852778935786535,6,1.0334153260041257,0.7022534129411142,-0.33116191306301146
diederrick joel_1993,diederrick joel_1993,1920,0.3409718884561536,0.001242059158768164,0.0023367227258928457,0.0009600653829680633,0.6417691534484015,0.009374319362599689,0.003345791465215922,5,2021,0.11320166717183666,0.0007622170683490952,0.004797625163774245,0.0009115642205389571,0.8724715694873213,0.002847014524016235,0.005008342364163471,5,-0.22777022128431695,-0.0004798420904190688,0.002460902437881399,-4.850116242910614e-05,0.23070241603891983,-0.006527304838583454,0.0016625508989475488,0.32427114089934156,5,0.7434992362611437,0.4463326711954294,-0.29716656506571426
goncalo rodrigues_1997,goncalo rodrigues_1997,1920,0.004382929230904144,0.014970924564490864,0.03773771046340586,0.005373741916823643,0.035677149426578805,0.896605067031335,0.005252477366461787,6,2021,0.00018953309220158825,0.0045462086896231,0.11558022984901897,0.16592724246886686,0.013836072319548446,0.6983872469166177,0.0015334666641233735,6,-0.004193396138702556,-0.010424715874867763,0.07784251938561311,0.16055350055204323,-0.021841077107030357,-0.19821782011471734,-0.003719010702338414,0.2678254664819759,6,0.48280299463762066,0.8934519870593286,0.41064899242170794
jose luis garcia vaya_1998,jose luis garcia vaya_1998,1920,0.0006187186183828139,0.11987038251893647,0.4235228957905349,0.30296914041208606,0.002863232615262546,0.1388693873190466,0.011286242725750593,3,2021,6.0268555581146084e-05,0.03642280961544929,0.8345829728720832,0.11750061900084542,0.0003428970195980927,0.009620498183092472,0.0014699347533502765,3,-0.0005584500628016678,-0.08344757290348719,0.41106007708154824,-0.18546852141124065,-0.0025203355956644534,-0.12924888913595414,-0.009816307972400316,0.47649175872108074,3,1.326043790015264,0.5807552978740633,-0.7452884921412006
lamine diaby_1996,lamine diaby_1996,1920,0.009308219671573324,0.04404606450607141,0.4534968894921524,0.04241230065867033,0.04038642087280735,0.2921670946182789,0.11818301018044634,3,2021,0.007733758175088198,0.06503344869777905,0.4359787299888891,0.13774045139561364,0.051219353046759016,0.07727050560665179,0.2250237530892192,3,-0.0015744614964851265,0.02098738419170764,-0.017518159503263298,0.09532815073694331,0.010832932173951662,-0.21489658901162711,0.10684074290877286,0.2369286556072081,6,1.4151983909189145,1.536003160737009,0.12080476981809452
pedro rodrigues_1997,pedro rodrigues_1997,1920,0.001816727472071583,0.0645396442054593,0.15263556957057606,0.043407933016993853,0.010276700172146647,0.7031829635372115,0.02414046202554104,6,2021,3.526002805565175e-05,0.027592097863531978,0.09182079908571267,0.8511457425080841,0.000951475572063162,0.02728002218124339,0.0011746027613090903,4,-0.0017814674440159311,-0.03694754634192732,-0.06081477048486339,0.8077378094910902,-0.009325224600083485,-0.6759029413559682,-0.02296585926423195,1.0556698565105596,4,0.9959780287773093,0.5686610245590233,-0.427317004218286
rui filipe cunha correia_1995,rui filipe cunha correia_1995,1920,0.0002194344177341087,0.0036051590273286386,0.9828308101468685,0.005361105709497693,0.0014234364048640626,0.004869544613553469,0.0016905096801534797,3,2021,0.0004288204883500845,0.014188293864901733,0.5711293614382851,0.17237980934743702,0.004719205364305209,0.23127134520199324,0.005883164294727468,3,0.00020938607061597579,0.010583134837573095,-0.4117014487085834,0.16701870363793933,0.0032957689594411465,0.22640180058843978,0.004192654614573988,0.49877250748400587,3,0.11323034687191141,1.0807762219870052,0.9675458751150938
thibang phete_1994,thibang phete_1994,1920,5.49637248750187e-05,0.02899478508239423,0.1976297687121675,0.7699479193501005,0.0004171495413187464,0.00220463742622538,0.0007507761629186162,4,2021,3.0985645401391655e-05,0.2551952388965241,0.4660757744662963,0.2665315266284915,0.0005217387231251171,0.011222096355798957,0.00042263928436273094,3,-2.3978079473627047e-05,0.2262004538141299,0.2684460057541288,-0.5034163927216091,0.00010458918180637067,0.009017458929573577,-0.00032813687855588525,0.613790920306983,4,0.6470513759479943,1.1146915255624694,0.4676401496144751
tm102427,sebastian coates_1990,1920,6.507022474709333e-05,0.9640922587309052,0.0021675514052679687,0.03133816873993173,0.0004778319025628112,0.0013273893082409156,0.0005317296883444275,2,2021,9.625275475721253e-05,0.9885247166737108,0.005723986438583426,0.003083353701276681,0.0007479041216413016,0.0010506214167025408,0.0007731648933283007,2,3.1182530010119195e-05,0.024432457942805574,0.0035564350333154573,-0.028254815038655047,0.00027007221907849043,-0.00027676789153837484,0.0002414352049838732,0.03752436962776652,4,0.1741559823576091,0.07780886788715415,-0.09634711447045495
tm109256,haris seferovic_1992,1920,0.39189346332929387,0.017994091219375667,0.006137361668872091,0.004205978467502302,0.4190255165451881,0.04355048872495772,0.1171931000448103,5,2021,0.8030307707820115,0.002076945347490273,0.002110826551617292,0.000906579241497626,0.04973359173694656,0.0015353955032606375,0.14060589083717615,1,0.4111373074527176,-0.015917145871885394,-0.004026535117254799,-0.0032993992260046756,-0.3692919248082415,-0.04201509322169708,0.023412790792365842,0.5544872711969899,1,1.2458913129336495,0.6433809377011745,-0.602510375232475
tm111200,fabio pacheco_1988,1920,0.0012266394996593968,0.13051246170959283,0.49295199718507904,0.31432947104501896,0.004493027186421887,0.028654783181724697,0.027831620192503174,3,2021,0.00021921137295890933,0.40821149833925985,0.15029797553857652,0.40775478198075443,0.001780229711516608,0.014552346901674547,0.017183956155259222,2,-0.0010074281267004874,0.277699036629667,-0.3426540216465025,0.09342531093573547,-0.0027127974749052786,-0.014102436280050151,-0.010647664037243952,0.45106992263906154,3,1.212208999652167,1.1608785670800734,-0.051330432572093576
tm111828,fransergio_1990,1920,0.004705742365283413,0.01965611196958143,0.45922177503363676,0.011459656317473746,0.025119749572029504,0.4723905585013842,0.007446406240611025,6,2021,0.010698190234043455,0.012535367270610753,0.3174562683976016,0.0230694639625354,0.5276000141909808,0.10344424484156738,0.005196451102660555,5,0.005992447868760042,-0.0071207446989706765,-0.14176550663603515,0.011609807645061655,0.5024802646189512,-0.3689463136598168,-0.00224995513795047,0.6394737364712908,5,0.9943430011048902,1.1540232913758572,0.15968029027096708
tm112465,sergio oliveira_1992,1920,0.018767621705409326,0.041782547529750254,0.10839116235306295,0.051984944707165665,0.03125043028796115,0.5574279140588092,0.1903953793578415,6,2021,0.009491920733323247,0.00983519373440335,0.06515363049687471,0.034361766227675505,0.32672649207785803,0.518847143005339,0.035583853724526195,6,-0.00927570097208608,-0.031947353795346904,-0.04323753185618824,-0.01762317847949016,0.2954760617898969,-0.03858077105347024,-0.15481152563331532,0.3034490263779581,5,1.3517176170042973,1.208054085967727,-0.14366353103657037
tm113504,nikola stojiljkovic_1992,1920,0.07946811359913991,0.008224731380648883,0.02052472099392625,0.004824471309964858,0.8144628895441394,0.04825287747887846,0.024242195693302295,5,2021,0.08415994040793978,0.003001789394358748,0.008012677299614834,0.003101867670651366,0.8875841279339012,0.004102707756862551,0.010036889536671641,5,0.0046918268087998705,-0.005222941986290135,-0.012512043694311416,-0.001722603639313492,0.07312123838976181,-0.04415016972201591,-0.014205306156630654,0.08663004070550612,5,0.7498153325414544,0.4569052917913409,-0.2929100407501135
tm118323,ricardo alves_1991,1920,2.5011254402885024e-05,0.9721911842101992,0.0018480775490156895,0.025204914125705212,0.0001993356314265905,0.00022485208187731926,0.0003066251473730052,2,2021,0.011436905637569234,0.7797586611392352,0.09641013739737972,0.03410027268688982,0.025348085292139222,0.021484930968648508,0.03146100687813837,2,0.01141189438316635,-0.19243252307096403,0.09456205984836404,0.008895358561184605,0.025148749660712632,0.02126007888677119,0.031154381730765363,0.21740760888095934,2,0.13815453410478562,0.8703279824824665,0.7321734483776808
tm122946,jardel_1986,1920,3.5383391943294308e-06,0.007445478512453642,0.000741998818064696,0.9917055362053202,2.8789340240149035e-05,3.5625378854604574e-05,3.903340587236176e-05,4,2021,0.00012884449674521866,0.9559996153059408,0.010299509052286791,0.02985437893197476,0.00032752541876931334,0.0016550018813680334,0.0017351249129148975,2,0.00012530615755088924,0.9485541367934871,0.009557510234222095,-0.9618511572733455,0.0002987360785291643,0.0016193765025134287,0.0016960915070425358,1.3509280782125759,4,0.05119742555444431,0.2203865411945868,0.1691891156401425
tm124548,bebeto_1990,1920,0.0018757106722598691,0.13938069249923762,0.09530369991726644,0.548070965398464,0.00503325725617749,0.03531481236804603,0.1750208618885485,4,2021,0.0006996059047298354,0.2300978881329947,0.11571296066634934,0.5375030178663897,0.0037731018881993314,0.05584432148486159,0.05636910405647546,4,-0.0011761047675300338,0.09071719563375708,0.020409260749082905,-0.010567947532074351,-0.0012601553679781586,0.02052950911681556,-0.11865175783207305,0.09582411482278952,2,1.2897881047100694,1.270681570567471,-0.01910653414259844
tm125165,jesus corona_1993,1920,0.005741075406178493,0.26437378662577743,0.12135557255891198,0.12235654013005429,0.02711852973237826,0.36847120584187204,0.09058328970482771,6,2021,0.002594661435334332,0.014346211105458698,0.13839297784811505,0.10044088462792061,0.24134304201429907,0.4884346286341454,0.01444759433472689,6,-0.003146413970844161,-0.25002757552031873,0.01703740528920307,-0.021915655502133674,0.2142245122819208,0.11996342279227334,-0.07613569537010081,0.351536089252563,2,1.5775808922810501,1.3351475880184767,-0.24243330426257348
tm126956,edgar costa_1987,1920,0.0014795450121192928,0.010327438409818066,0.40034904755358713,0.010760467360557325,0.009604840457204685,0.5586545355623811,0.008824125644332392,6,2021,0.0003075257947404206,0.016882944266801213,0.045969927684896286,0.6242442946227493,0.008992782943906031,0.2947809964542565,0.008821528232650167,4,-0.0011720192173788721,0.006555505856983147,-0.35437911986869086,0.613483827262192,-0.0006120575132986545,-0.2638735391081246,-2.5974116822247845e-06,0.7560561714933014,4,0.8837413549520339,0.951303308298706,0.06756195334667214
tm127031,pierre sagna_1990,1920,1.7399660099513343e-05,0.08078859946890606,0.001661544157200705,0.9165371851135617,0.0001167972267961132,0.0005348228924666851,0.00034365148096936773,4,2021,0.0006239218680220065,0.46637823636802656,0.21946842024834676,0.1958883407963724,0.008144485245828254,0.0533714943908719,0.05612510108253223,2,0.0006065222079224932,0.3855896368991205,0.21780687609114605,-0.7206488443171893,0.00802768801903214,0.052836671498405215,0.05578144960156286,0.8475319968422608,4,0.30178848021267846,1.3697437958757168,1.0679553156630384
tm129670,luiz carlos_1985,1920,1.656484127299219e-05,0.0009495222611540798,0.9961472234240539,0.0019735408192680525,8.4792482632485e-05,0.0006374989304691115,0.00019085724114928636,3,2021,0.00010648306866561381,0.0009407263914913029,0.968850220344312,0.004413741255677031,0.0012798571564516402,0.024102689344913376,0.00030628243848908684,3,8.991822739262162e-05,-8.795869662776823e-06,-0.02729700307974192,0.002440200436408979,0.0011950646738191552,0.023465190414444264,0.00011542519733980048,0.03609892600509008,3,0.030047154050533976,0.162921411810456,0.132874257759922
tm131015,marco baixinho_1989,1920,2.8678423999590353e-05,0.3682557305759141,0.0020068816975026093,0.6289736677722475,0.00024792235457308105,0.00023630705287263802,0.0002508121228903797,4,2021,7.686562963992857e-06,0.9958234632671463,0.0010392846824920428,0.002726141148760343,4.7681271111676355e-05,0.00013107370639532396,0.00022466936113009912,2,-2.0991861035597496e-05,0.6275677326912322,-0.0009675970150105665,-0.6262475266234871,-0.0002002410834614047,-0.00010523334647731406,-2.614276176028061e-05,0.8865823208097708,2,0.6783889674755966,0.031028563774919346,-0.6473604037006773
tm131933,diego lopes_1994,1920,0.0015138423292940428,0.003430472464885828,0.005465092015809123,0.0012666842113186296,0.013055513157003595,0.9726593177929483,0.002609078028740542,6,2021,0.004982292830820342,0.011127378437391857,0.04463840570053436,0.03265109481919239,0.5922981781578733,0.2882615360663062,0.02604111398788157,5,0.0034684505015262993,0.007696905972506029,0.039173313684725236,0.03138441060787377,0.5792426650008697,-0.6843977817266421,0.023432035959141027,0.8980607946204615,6,0.16534404615439613,1.090764355178328,0.9254203090239318
tm137192,zainadine junior_1988,1920,1.3740184758931486e-05,0.8953448478909397,0.000649570555228965,0.10364200372660771,9.079287917229316e-05,0.00016007851760931874,9.896624568302639e-05,2,2021,1.0478319033990781e-05,0.9871682905323631,0.002343042658408883,0.00992465941028909,9.298047915034418e-05,0.00028557059539139706,0.00017497800536299589,2,-3.2618657249407044e-06,0.09182344264142339,0.0016934721031799179,-0.09371734431631862,2.1875999780510174e-06,0.00012549207778207833,7.60117596799695e-05,0.13121497191889875,4,0.34199184323562937,0.07754656292507574,-0.26444528031055364
tm139395,ricardo esgaio_1993,1920,0.001654498526773525,0.5423862664875823,0.04829733114901352,0.19794697563376615,0.00660443366957722,0.1573512145091149,0.04575928002417231,2,2021,0.0002827669659983655,0.0951117211559862,0.07869314079878917,0.7769484601526406,0.01023976543332404,0.03378535629811796,0.004938789195143444,4,-0.0013717315607751595,-0.44727454533159605,0.030395809649775646,0.5790014845188745,0.0036353317637468196,-0.12356585821099694,-0.04082049082902887,0.7426336659624577,4,1.2746783684524587,0.8098179184467488,-0.46486045000570997
tm141050,danilo pereira_1991,1920,0.0005302316147335664,0.05006389238756089,0.8538006697991873,0.03591975555195002,0.00352597031152515,0.053728095020488566,0.002431385314554493,3,2021,0.0006301743561932323,0.09890476217120324,0.398029280720229,0.4340460728466781,0.016299606587582307,0.04641840133051969,0.0056717019875944935,4,9.994274145966591e-05,0.04884086978364235,-0.45577138907895837,0.3981263172947281,0.012773636276057158,-0.007309693689968873,0.0032403166730400005,0.6073171836700771,3,0.5999884535864443,1.2013451616264783,0.601356708040034
tm14132,pepe_1983,1920,2.9226561762153685e-06,0.992846601324262,0.00019458540767856438,0.006883306221433196,1.8364716550470508e-05,3.357225258077597e-05,2.064742131867697e-05,2,2021,4.3442685817905214e-05,0.9874249095753468,0.005000045490873951,0.0061402273780257225,0.00030588613743604356,0.0006418373454612238,0.0004436513870385982,2,4.0520029641689844e-05,-0.005421691748915158,0.0048054600831953865,-0.0007430788434074735,0.00028752142088557303,0.0006082650928804478,0.0004230039657199212,0.007313935401850757,2,0.04386613900658755,0.0813141168461028,0.037447977839515256
tm145918,diogo salomao_1988,1920,0.00628432558007394,0.2855673817396722,0.233533343152633,0.13482405063765768,0.027530830503703845,0.17523179325250757,0.13702827513375176,2,2021,0.00030252142851861267,0.16073015247448116,0.13157687584801656,0.6576955516442865,0.008074496676065567,0.03435813231553418,0.007262269613097419,4,-0.005981804151555327,-0.12483722926519106,-0.10195646730461644,0.5228715010066288,-0.019456333827638277,-0.1408736609369734,-0.12976600552065434,0.5653616372318497,4,1.6760188981846667,1.0292101748049747,-0.646808723379692
tm148489,mikel agu_1993,1920,0.0022429655677596782,0.13357851807816304,0.5481630473469482,0.16737867165611478,0.00698887973395859,0.03385566933782952,0.10779224827922627,3,2021,0.00037073015275959344,0.34446703863182837,0.208883198636179,0.39387839193204954,0.0019384101389069552,0.02530007331974884,0.025162157188527656,4,-0.0018722354150000847,0.21088852055366533,-0.3392798487107692,0.22649972027593476,-0.005050469595051635,-0.008555596018080678,-0.08263009109069862,0.45933551774209364,3,1.3007440006215552,1.2619270872396424,-0.03881691338191273
tm154990,rene santos_1992,1920,0.00012844688321860838,0.4865585763114502,0.06611392943727724,0.4394357060321734,0.001003571341773874,0.0052643521005770084,0.0014954178935297495,2,2021,3.576066441727892e-05,0.16537068604858318,0.05370714627707471,0.7710467377607209,0.0006056536529917621,0.008619238370429168,0.0006147772257832491,4,-9.268621880132946e-05,-0.32118789026286704,-0.012406783160202536,0.33161103172854745,-0.0003979176887821119,0.0033548862698521593,-0.0008806406677465004,0.46183642956686877,4,0.9368671309387084,0.7054964997970712,-0.23137063114163725
tm155025,fabio cardoso_1994,1920,2.1355921375887754e-05,0.612845435840977,0.003331755275726898,0.383100211171932,0.0001826928561309474,0.0003347473426668448,0.00018380159119042242,2,2021,0.0021212320892400323,0.9020026695043706,0.04555697787514499,0.031987360475995756,0.005769778305221918,0.005537577003535048,0.0070244047464918,2,0.0020998761678641445,0.28915723366339363,0.04222522259941809,-0.35111285069593623,0.0055870854490909705,0.005202829660868203,0.006840603155301378,0.45687832468555506,4,0.6927111116131486,0.4502659366555512,-0.24244517495759738
tm157036,dyego sousa_1989,1920,0.042412394112270796,0.016013953204650398,0.02348599478200322,0.013678579886952808,0.03419525138943956,0.029949573994962446,0.8402642526297207,7,2021,0.02201999878151842,0.043571921768549064,0.03268167909616954,0.03385737696661671,0.8164169854539705,0.02570292104830183,0.025749116884873868,5,-0.020392395330752378,0.027557968563898666,0.009195684314166324,0.020178797079663906,0.7822217340645309,-0.0042466529466606145,-0.8145151357448468,0.7832980985451539,5,0.7137953084461817,0.8009006313180753,0.08710532287189365
tm157387,anthony d alberto_1994,1920,3.4175142497220435e-05,0.5614605912923116,0.0017263295206339875,0.4351796819859363,0.00013813500503456234,0.0004737573313604851,0.0009873297222257567,2,2021,0.00010443659543566817,0.566559142780698,0.06349343030314436,0.35350723049146704,0.000809332769755546,0.012253124783007371,0.0032733022764920086,2,7.026145293844773e-05,0.005098551488386338,0.061767100782510374,-0.08167245149446928,0.0006711977647209837,0.011779367451646885,0.0022859725542662516,0.10320255927129429,4,0.7091715523189887,0.9439257929373859,0.23475424061839723
tm159142,aderlan santos_1989,1920,1.6722210871307588e-05,0.19862840491422643,0.003780289925290949,0.7968069762400847,0.00011580823542557498,0.0003355083968054311,0.00031629007729557895,4,2021,3.083566573019361e-07,0.9996017878486705,0.0001480431336434445,0.00022913422420878072,2.344160160741402e-06,1.3074437707181895e-05,5.307838952066153e-06,2,-1.6413854214005652e-05,0.8009733829344441,-0.0036322467916475045,-0.7965778420158759,-0.00011346407526483357,-0.00032243395909824923,-0.0003109822383435128,1.1296494716875858,2,0.5295887498287641,0.0038705010338123467,-0.5257182487949518
tm164705,raul silva_1989,1920,0.00026194147047559985,0.8505257390622524,0.004406212266995275,0.13869791712918106,0.0016462053106414728,0.003086240735866364,0.0013757440245879325,2,2021,2.5651977878072637e-05,0.9456111653755965,0.01154106932047273,0.041572914696812915,0.00011914009703853967,0.0008324229204235319,0.0002976356117777547,2,-0.0002362894925975272,0.09508542631334416,0.007134857053477454,-0.09712500243236814,-0.001527065213602933,-0.002253817815442832,-0.001078108412810178,0.1361355134984534,4,0.4752116745335182,0.24625841042068441,-0.2289532641128338
tm167291,gabriel_1993,1920,0.0026670640936004445,0.051022648489959646,0.5537747111141565,0.09979641446652018,0.015373691091638296,0.2590539227941265,0.01831154794999847,3,2021,0.00016922347481528418,0.012479998324809503,0.8870870439260112,0.0187909583945489,0.002451414487068436,0.07591173777654439,0.0031096236162021927,3,-0.00249784061878516,-0.03854265016515014,0.3333123328118547,-0.08100545607197128,-0.01292227660456986,-0.1831421850175821,-0.015201924333796277,0.39097162988262707,3,1.2122427547210264,0.4655462216315969,-0.7466965330894295
tm168530,douglas tanque_1993,1920,0.9880706981123648,0.00013263143530371283,0.00029141636237968666,8.029632233759998e-05,0.008057764659987511,0.001487806416103942,0.001879386691522939,1,2021,0.20567580842987476,0.002682396939911358,0.010708347355773258,0.0027641150694901026,0.7478282319529069,0.010788792038581057,0.019552308213462592,5,-0.78239488968249,0.002549765504607645,0.010416930993393572,0.0026838187471525028,0.7397704672929194,0.009300985622477114,0.017672921521939652,1.0768522798657794,1,0.07650180407616583,0.7491160661376995,0.6726142620615337
tm172181,diogo figueiras_1991,1920,0.00024037789074094634,0.26155931199646637,0.031141095882417327,0.6895798772302542,0.0008692153216815773,0.011941420497276109,0.004668701181163432,4,2021,4.358987658787412e-05,0.6902607544580951,0.04315878705374099,0.2564580469794629,0.0010913559827630374,0.007780398945684559,0.0012070667036656968,2,-0.00019678801415307223,0.4287014424616287,0.01201769117132366,-0.43312183025079126,0.0002221406610814601,-0.004161021551591549,-0.0034616344774977357,0.6095418555619576,4,0.8011684136133127,0.7942727218339503,-0.006895691779362445
tm176485,lucas piazon_1994,1920,0.0023304764689061714,0.005747126019478181,0.005827360904967475,0.0014385838450444138,0.051638968206610646,0.9313775761590545,0.0016399083959386682,6,2021,0.08401384167356042,0.01270921604005619,0.06321736959406819,0.012863861054756804,0.7497591355812345,0.03894668958944269,0.038489886466881215,5,0.08168336520465425,0.006962090020578009,0.05739000868910072,0.01142527720971239,0.6981201673746239,-0.8924308865696118,0.03684997807094255,1.137518988106951,6,0.3129334890727557,0.9618317825886249,0.6488982935158691
tm176997,anderson carvalho_1990,1920,0.0006557952970461199,0.07946337778014076,0.7929308553309745,0.09630936803155526,0.0033786118540195995,0.013654966027566778,0.013607025678696922,3,2021,0.00012234070513014814,0.014883443173131394,0.8184979338219659,0.11961017702384333,0.0009553793531562107,0.043271547775350985,0.002659178147422176,3,-0.0005334545919159718,-0.06457993460700936,0.02556707849099138,0.023300808992288063,-0.002423232500863389,0.029616581747784206,-0.010947847531274747,0.07905991209255973,2,0.7517285656062329,0.6399462400153301,-0.11178232559090284
tm177964,yusupha njie_1994,1920,0.08879403843661701,0.010869836052616653,0.08018373635024094,0.006542035839310152,0.6049266734694595,0.1704608814363776,0.03822279841537807,5,2021,0.6883192002056289,0.007038317972698837,0.008193129115193147,0.0048745789141404995,0.21947209003189408,0.008242729816945857,0.06385995394349861,1,0.5995251617690118,-0.003831518079917816,-0.0719906072350478,-0.0016674569251696521,-0.38545458343756545,-0.16221815161943176,0.025637155528120542,0.7345205869650467,1,1.2298261013496554,0.9053589941781739,-0.32446710717148153
tm179860,andraz sporar_1994,1920,0.17333518759114874,0.001097108545140478,0.0012543162709582915,0.0006974406158144989,0.8086243513056982,0.01298406590535089,0.002007529765888777,5,2021,0.8011244043572664,0.0006775559314334152,0.001104661720737052,0.00040338941815667436,0.18360755136611126,0.0009773895134150606,0.01210504769288005,1,0.6277892167661177,-0.0004195526137070627,-0.0001496545502212396,-0.00029405119765782455,-0.6250167999395869,-0.012006676391935828,0.010097517926991272,0.8859513226241635,1,0.5653413226641987,0.5646718829483587,-0.0006694397158399923
tm182711,carlos mane_1994,1920,0.0034051793276268054,0.06678155648558481,0.0787239830654497,0.02073273103745735,0.021801680729428806,0.7804656062881173,0.028089263066335298,6,2021,0.00596155727766194,0.008455950868762961,0.05705778887239179,0.025783491297267442,0.7417571344157585,0.15345175060337396,0.00753232666478341,5,0.002556377950035134,-0.05832560561682185,-0.02166619419305791,0.0050507602598100915,0.7199554536863297,-0.6270138556847433,-0.020556936401551887,0.956757846062494,5,0.857747897822712,0.8746443239198386,0.016896426097126604
tm182882,franck yves bambock_1995,1920,0.011113868841976444,0.29020164798243026,0.39797590915221354,0.0904335298774,0.04639577858289606,0.13836674091285658,0.02551252465022705,3,2021,0.00015506599565787724,0.08063389020320072,0.3489856011050794,0.4979718897129848,0.00324170782392443,0.06536107264732625,0.0036507725118265296,4,-0.010958802846318567,-0.20956775777922954,-0.04899030804713411,0.4075383598355848,-0.04315407075897163,-0.07300566826553033,-0.021861752138400522,0.4687413006152082,4,1.5027676612687493,1.1363259111507666,-0.36644175011798263
tm182936,filipe ferreira_1990,1920,3.3340788600365947e-05,0.2620188962472653,0.0032273093539534965,0.7324838057088078,0.0002126223580293472,0.0012271969125300652,0.0007968286308135623,4,2021,9.027363605046404e-05,0.8300852662948609,0.017179315799664453,0.13866050715305595,0.0013260467848404348,0.009046558295414947,0.0036120320361126054,2,5.6932847450098095e-05,0.5680663700475956,0.013952006445710957,-0.5938232985557519,0.0011134244268110876,0.007819361382884882,0.002815203405299043,0.8219382911984854,4,0.6135295562415857,0.5708631221581114,-0.04266643408347426
tm183945,eber bessa_1992,1920,0.004239270141177277,0.016543266960360306,0.1124598018065277,0.010569250361761645,0.017832902686729674,0.7834757169301189,0.054879791113324715,6,2021,0.0014463642669958236,0.007755096356256694,0.05220438298912473,0.1537175717323844,0.012580410279736911,0.7251381217645458,0.04715805261095546,6,-0.002792905874181454,-0.008788170604103612,-0.06025541881740298,0.14314832137062275,-0.005252492406992763,-0.05833759516557302,-0.007721738502369256,0.16624696496497132,4,0.8071306507000318,0.921271931700546,0.11414128100051424
tm187211,ygor nogueira_1995,1920,1.328727069692397e-05,0.15009154742285633,0.0011356025444214557,0.8483714570353902,6.510962148195519e-05,0.00012347638932206495,0.00019951971583107332,4,2021,3.0594361668014876e-06,0.9847012366363914,0.0015251384404989063,0.01353363791353675,1.9866677874085595e-05,0.0001616556190183035,5.540527651401543e-05,2,-1.0227834530122482e-05,0.8346096892135351,0.0003895358960774506,-0.8348378191218534,-4.5242943607869594e-05,3.817922969623854e-05,-0.0001441144393170579,1.180477730799123,4,0.4354414267001122,0.08551041066048572,-0.3499310160396265
tm190185,marcelo ferreira_1989,1920,3.111080643300161e-05,0.04196728742445944,0.008394469485774072,0.9484892681189105,0.0001457900852432308,0.0004328578937338751,0.0005392161854457988,4,2021,1.433537953648519e-05,0.9281875882610471,0.005171997790188691,0.06527687019038429,0.00010262864786256804,0.0007730976148748048,0.00047348211610606324,2,-1.6775426896516422e-05,0.8862203008365876,-0.003222471695585381,-0.8832123979285262,-4.316143738066275e-05,0.0003402397211409297,-6.573406933973558e-05,1.2511838648659,2,0.2323813814055204,0.28481255382251053,0.052431172416990135
tm190543,dener_1992,1920,0.03527858754726862,0.023196563061025254,0.08451373471234931,0.03543987588846172,0.09453863927880388,0.7031272811701731,0.023905318341918134,6,2021,2.4636792970358257e-06,0.0003871671799026517,0.997721874036569,0.0006004136437695158,2.72463381063176e-05,0.0012438344414577114,1.700068089776359e-05,3,-0.03527612386797158,-0.0228093958811226,0.9132081393242196,-0.0348394622446922,-0.09451139294069756,-0.7018834467287154,-0.02388831766102037,1.15693575599533,3,1.092381396145138,0.018596768223538646,-1.0737846279215995
tm193082,alex grimaldo_1995,1920,0.0020893368849812547,0.5261570382810136,0.10686442059101323,0.15610869286458723,0.007921567430071802,0.09332765520405208,0.10753128874428064,2,2021,0.0019110848214845485,0.2543654154115575,0.21108048984356625,0.2597676311355484,0.03439995759767467,0.19199963080455154,0.046475790385617,4,-0.0001782520634967062,-0.2717916228694561,0.10421606925255303,0.10365893827096118,0.026478390167602867,0.09867197560049946,-0.06105549835866364,0.32544453678699237,2,1.3791201463756764,1.614076211910539,0.2349560655348626
tm193303,nuno sequeira_1990,1920,0.0026865656857382914,0.18713974481284407,0.12458963685417536,0.35226220987970647,0.012034876172650096,0.1499632967766704,0.1713236698182155,4,2021,3.9690570560154754e-05,0.12346592193028695,0.017426087915907326,0.8468209786570093,0.00047102358429530023,0.010122254429668263,0.0016540429122726414,4,-0.0026468751151781365,-0.06367382288255712,-0.10716354893826803,0.49455876877730287,-0.011563852588354795,-0.13984104234700212,-0.16966962690594287,0.528982989778785,4,1.5965381603710946,0.5307298851854102,-1.0658082751856846
tm193994,yves baraye_1992,1920,0.019429671760530936,0.007829419319014725,0.04689908155260828,0.005756764654048947,0.16946982337387476,0.7386700503667483,0.011945188973174068,6,2021,0.02187864022960149,0.012706032719412863,0.14283145402590494,0.019545309565490478,0.5819697052599565,0.1745032625054716,0.04656559569416217,5,0.0024489684690705525,0.004876613400398138,0.09593237247329667,0.01378854491144153,0.4124998818860818,-0.5641667878612766,0.034620406720988095,0.7055942459698008,6,0.8651877837303461,1.2564732520865545,0.39128546835620837
tm194214,goncalo silva_1991,1920,1.879675375412496e-05,0.11139728995842642,0.002243485832787694,0.8852233534296365,7.714785636013811e-05,0.00039217440738333254,0.0006477517616517834,4,2021,9.678285691444224e-06,0.9978875052867683,0.0007905057055446488,0.001037591290695531,4.198195745527882e-05,6.947895391164165e-05,0.00016325851993311626,2,-9.118468062680736e-06,0.8864902153283418,-0.0014529801272430455,-0.884185762138941,-3.516589890485929e-05,-0.0003226954534716909,-0.0004844932417186672,1.2520589364904122,2,0.37485227396401954,0.017509569002748537,-0.357342704961271
tm196792,julian weigl_1995,1920,0.00013559135556316331,0.027737375234976807,0.931910564763221,0.0309369303501348,0.0009849582495253426,0.007345578349234705,0.0009490016973440238,3,2021,3.884103285132581e-05,0.017575968700307178,0.4524296115084635,0.5101875542459191,0.0005140268984325087,0.018487769319998976,0.0007662282940275626,4,-9.67503227118375e-05,-0.01016140653466963,-0.4794809532547575,0.4792506238957843,-0.0004709313510928339,0.01114219097076427,-0.00018277340331646118,0.678093488228536,3,0.3234105125354572,0.8567675972403987,0.5333570847049416
tm197981,pedrinho_1992,1920,0.0011566405227621198,0.03271798354921256,0.19558714462806964,0.014508143059108282,0.005983014990561486,0.742567780967042,0.007479292283243854,6,2021,7.967145757985808e-05,0.0012624309788763165,0.010899674962199932,0.018357998419115836,0.008627224585487902,0.9595895514699836,0.0011834481267565132,6,-0.0010769690651822618,-0.03145555257033625,-0.1846874696658697,0.0038498553600075543,0.002644209594926416,0.21702177050294158,-0.0062958441564873405,0.28674088512864787,6,0.7885347329820708,0.22038584722728935,-0.5681488857547814
tm198007,francisco ramos_1995,1920,3.1707321260886586e-05,0.0044133304965251335,0.9835800653089293,0.008879694973460755,0.0002758495892048503,0.0023842585971739854,0.00043509371344503797,3,2021,0.0001474344842579918,0.019760178984082402,0.20852888490213467,0.41441475702305586,0.01022027912774417,0.3432927619838608,0.00363570349486402,4,0.00011572716299710522,0.015346848487557269,-0.7750511804067945,0.4055350620495951,0.00994442953853932,0.34090850338668677,0.003200609781418982,0.9389973681076047,3,0.10252104950166366,1.205104304630353,1.1025832551286892
tm198053,lazar rosic_1993,1920,0.00019220257402860494,0.9722502453929852,0.002553089552587527,0.021007559281414425,0.0013727353186528597,0.0010706210793769752,0.0015535468009545365,2,2021,2.1362414005997595e-05,0.9906372374717705,0.001650829781199227,0.006911567144057558,9.56003690992283e-05,0.00025641730635772434,0.00042698551350978575,2,-0.00017084016002260735,0.018386992078785247,-0.0009022597713883001,-0.014095992137356867,-0.0012771349495536313,-0.0008142037730192508,-0.0011265612874447506,0.0232360868598921,2,0.15181569772703044,0.060824454819161766,-0.09099124290786867
tm203348,chancel mbemba_1994,1920,4.1171077073321943e-05,0.9723806132377144,0.0008573772605734608,0.025660856286762977,0.0003016247796006691,0.00041074683177026315,0.00034761052650486535,2,2021,3.3766171691528434e-05,0.9937602788178918,0.0017444278368535981,0.003408836668662299,0.00017354192435433137,0.0003662855985751896,0.0005128629819712569,2,-7.404905381793509e-06,0.021379665580177343,0.0008870505762801373,-0.02225201961810068,-0.0001280828552463377,-4.446123319507353e-05,0.00016525245546639155,0.030871471830496277,4,0.1361113208743854,0.04530021414312277,-0.09081110673126264
tm207571,alex soares_1991,1920,8.84087073827251e-06,0.0007125416137978084,0.9968454308460579,0.0016094837125893617,7.357736567064344e-05,0.0006982625410610366,5.1863050084933374e-05,3,2021,3.901476341768295e-06,0.0008089191750233844,0.9875291902467266,0.010038542417732227,4.785150104388108e-05,0.0015343517547299291,3.724342840233664e-05,3,-4.939394396504216e-06,9.637756122557602e-05,-0.009316240599331338,0.008429058705142864,-2.572586462676236e-05,0.0008360892136688925,-1.4619621682596736e-05,0.012591679379043262,3,0.02505415300381696,0.07518911166009613,0.05013495865627918
tm211072,paulinho_1992,1920,0.9583115508862944,0.0006815655965288648,0.00044775456515841743,0.00029034176395191773,0.022021637882622083,0.0024287555047975166,0.015818393800646785,1,2021,0.14563273951737024,0.0015338258748194829,0.0048269426068587975,0.0018782271199577867,0.8234917405429747,0.007320788798149318,0.015315735539869466,5,-0.8126788113689242,0.0008522602782906181,0.00437918804170038,0.001587885356005869,0.8014701026603526,0.004892033293351802,-0.0005026582607773195,1.1414234678293316,1,0.21583686222735626,0.5879828219587924,0.3721459597314361
tm211107,joao afonso_1990,1920,7.731319322594394e-06,0.9741656409508865,0.000306718298034803,0.025327718584961374,4.888831281062564e-05,6.997699215954699e-05,7.332554182442417e-05,2,2021,1.2337475046383577e-05,0.9807379195771474,0.003121929303377151,0.014919917275598375,8.132983954536734e-05,0.0004231861340672135,0.000703380395218255,2,4.606155723789183e-06,0.0065722786262608635,0.002815211005342348,-0.010407801309362998,3.2441526734741704e-05,0.0003532091419076665,0.0006300548533938309,0.012632039336870304,4,0.12302386718377166,0.10912462756538518,-0.013899239618386475
tm212899,filipe augusto_1993,1920,0.0011872689531894386,0.051977304059540014,0.8023088232784473,0.05906232425631886,0.0043228376049436815,0.06004498943484485,0.0210964524127161,3,2021,8.641119014063254e-05,0.014803830461535814,0.40135837250299566,0.5027969431696543,0.0010655037967582349,0.0762440355310758,0.0036449033478395073,4,-0.001100857763048806,-0.0371734735980042,-0.40095045077545166,0.44373461891333543,-0.003257333808185447,0.01619904609623095,-0.01745154906487659,0.5994312090176175,4,0.7793294228635597,0.9992777118320475,0.21994828896848784
tm214538,mateus uribe_1991,1920,0.00022280653094522968,0.03285773046060547,0.922660487611691,0.030580008065917503,0.0009288152425090141,0.010289534452888353,0.0024606176354435476,3,2021,1.757336756554648e-05,0.0022112170907640817,0.9847054295030621,0.005851529859607817,0.00020466363312649023,0.006862799244287887,0.00014678730158602867,3,-0.00020523316337968321,-0.03064651336984139,0.06204494189137111,-0.024728478206309686,-0.0007241516093825239,-0.003426735208600466,-0.002313830333857519,0.07357030828279845,3,0.36337278375311177,0.09619434962458054,-0.26717843412853126
tm224878,joao afonso crispim_1995,1920,0.000586784653914494,0.055237083981037355,0.7729296327716033,0.139533383196203,0.002101455660517945,0.018458667719318124,0.011152992017405551,3,2021,0.00011415643680296807,0.5723615206072201,0.2212908271035555,0.19679826572008274,0.0003959207126902458,0.00579768844722811,0.0032416209724202495,2,-0.0004726282171115259,0.5171244366261828,-0.5516388056680478,0.057264882523879734,-0.001705534947827699,-0.012660979272090013,-0.007911371044985302,0.7583968316576152,3,0.7750162353055328,1.025625180310348,0.25060894500481523
tm225119,ruben macedo_1996,1920,0.006737749842679511,0.030093750299037183,0.16279869296574,0.021496664310234927,0.08947975071959482,0.6625253821039304,0.02686800975878295,6,2021,0.0017319883745377897,0.004613180912500474,0.024314960792897786,0.04773865355365327,0.06904375727422528,0.8409128533915692,0.011644605700616059,6,-0.005005761468141721,-0.025480569386536707,-0.1384837321728422,0.02624198924341834,-0.020435993445369546,0.17838747128763877,-0.015223404058166893,0.22973990267388586,6,1.1031006563386816,0.6535285936435653,-0.4495720626951163
tm228940,joao novais_1993,1920,0.012320805501614313,0.028056169107254877,0.4786161620092749,0.02791407491845777,0.02245532031817152,0.34245954605399687,0.08817792209122967,3,2021,4.037321708191963e-05,0.00026459534680745337,0.005551951699079116,0.0035672787005405536,0.0017455410559821586,0.9882466084837795,0.0005836514967290597,6,-0.012280432284532393,-0.027791573760447424,-0.4730642103101958,-0.024346796217917216,-0.02070977926218936,0.6457870624297827,-0.0875942705945006,0.8017328227722998,6,1.2733502728503265,0.0786431131604959,-1.1947071596898307
tm231289,otavio_1995,1920,0.0018270303273974495,0.039502055891088905,0.7386928886982651,0.024613539435212342,0.007994597894913653,0.15617985544601287,0.031190032307109747,3,2021,3.865241285293977e-05,0.00048549898417447754,0.02187829014224691,0.007736293923783989,0.0016701490089007778,0.9673317845420099,0.0008593309860309693,6,-0.0017883779145445098,-0.039016556906914426,-0.7168145985560181,-0.016877245511428354,-0.006324448886012875,0.811151929095997,-0.030330701321078776,1.0833471054363801,6,0.8908252041537787,0.17420971632541024,-0.7166154878283685
tm232577,jonatan lucca_1994,1920,0.0005579564900524156,0.050370318931689764,0.7017209835091965,0.20697346958828894,0.002711674101585357,0.02330094087852911,0.014364656500657868,3,2021,0.00021458798830742534,0.017544062624021067,0.10389650937900817,0.05188889894958839,0.007854381340778182,0.8162795980036327,0.0023219617146640927,6,-0.00034336850174499026,-0.032826256307668694,-0.5978244741301884,-0.15508457063870054,0.005142707239192825,0.7929786571251036,-0.012042694785993775,1.005666249318337,6,0.8938544256890723,0.6793787293418311,-0.21447569634724117
tm235568,joao pedro_1993,1920,0.0007872152573605317,0.009230357940390125,0.7755288695089663,0.0076675610630206744,0.0069905529074834934,0.19858213621305473,0.0012133071097241077,3,2021,0.0001889890062050133,0.0051065069211352065,0.5936171579838435,0.10031256562768448,0.00898341391301829,0.29071426716064375,0.0010770993874696594,3,-0.0005982262511555184,-0.004123851019254918,-0.18191171152512275,0.0926450045646638,0.001992861005534797,0.09213213094758901,-0.00013620772225444826,0.22401926865917965,3,0.6472274727195374,0.9776635581262523,0.3304360854067149
tm236886,costinha_1992,1920,0.0010716211605261794,0.061493214120513895,0.7128989037887372,0.03928998502489295,0.005270959438848697,0.1645212230256878,0.015454093440793322,3,2021,0.0003216586380436839,0.0035115703717612137,0.09420026767756517,0.06355768181121947,0.011356343723748932,0.8242751492935856,0.0027773284840760027,6,-0.0007499625224824955,-0.057981643748752684,-0.618698636111172,0.024267696786326523,0.006085384284900235,0.6597539262678978,-0.01267676495671732,0.9066706303926093,6,0.9362566201239291,0.6466116229373701,-0.289644997186559
tm237000,afonso figueiredo_1993,1920,0.00020807467001683733,0.13377123072945776,0.07277554191150809,0.7659985600375186,0.0011036100309361632,0.02154448230808594,0.004598500312476684,4,2021,0.0002217343908635864,0.7496376336883299,0.04507722123730997,0.1909762890025374,0.002398513199783884,0.00888252808953069,0.00280608039164454,2,1.3659720846749085e-05,0.6158664029588722,-0.02769832067419812,-0.5750222710349813,0.0012949031688477208,-0.012661954218555248,-0.0017924199208321436,0.8431318031561469,2,0.7807004927797058,0.7466946781106588,-0.03400581466904695
tm238055,rafa silva_1993,1920,0.15137846964516166,0.04789879370876153,0.03624435723475352,0.014033512547937436,0.0823172227971871,0.5673821665715955,0.10074547749460327,6,2021,0.007649165306553694,0.011393142983251064,0.07681425098822045,0.013238484128802927,0.767482370006147,0.11044765463273698,0.012974931954287793,5,-0.14372930433860798,-0.036505650725510465,0.04056989375346693,-0.0007950284191345098,0.6851651472089599,-0.4569345119388585,-0.08777054554031548,0.8377814458202011,5,1.3697929725849203,0.8454606984012326,-0.5243322741836877
tm240262,tomislav strkalj_1996,1920,0.0207397844136988,0.004058652088733027,0.009973985956281314,0.0036981791975392855,0.9338970707875154,0.0174546440927374,0.010177683463494722,5,2021,0.017070737010574308,0.11615208994748091,0.12425586142302757,0.10373710837952445,0.37598124073091654,0.14855906772138283,0.11424389478709338,5,-0.003669047403124494,0.11209343785874788,0.11428187546674626,0.10003892918198516,-0.5579158300565988,0.13110442362864544,0.10406621132359865,0.6034111189352227,5,0.35061724664154764,1.7126274876083976,1.36201024096685
tm243779,adriano castanheira_1993,1920,0.0012272856551156185,0.08993107039909119,0.6929625805275085,0.06399671961812425,0.0056320252565755955,0.1247511030931551,0.021499215450429716,3,2021,0.002596405815502605,0.05156280723849504,0.10716203372327655,0.5539181586825992,0.09164403429353812,0.1746931050828785,0.018423455163710127,4,0.0013691201603869866,-0.038368263160596154,-0.5858005468042319,0.48992143906447494,0.08601200903696253,0.0499420019897234,-0.0030757602867195893,0.7710716986509318,3,1.0263133803252804,1.33228913666188,0.3059757563365997
tm255755,alex telles_1992,1920,0.010446624076144948,0.18306699917025968,0.06498550231308346,0.23961317974081592,0.03763050770084401,0.16673626383041473,0.2975209231684372,7,2021,0.032443328520911,0.014670006790275093,0.026226406098207096,0.05531755422909029,0.0830367595142291,0.07912503212263337,0.7091809127246541,7,0.021996704444766056,-0.1683969923799846,-0.038759096214876367,-0.18429562551172562,0.0454062518133851,-0.08761123170778136,0.4116599895562169,0.27211395185896353,4,1.6612516237429205,1.0798354204956655,-0.581416203247255
tm257388,wilson manafa_1994,1920,5.41332338567481e-06,0.9504223316199967,0.0003096985854039517,0.04893570558579891,2.5675580642715696e-05,0.00020915860509292082,9.201669967924185e-05,2,2021,2.58980285757983e-05,0.939299348519329,0.004287726340113364,0.05326543296868062,0.00040839611846369236,0.0021760790707869462,0.0005371189540507626,2,2.048470519012349e-05,-0.011122983100667727,0.0039780277547094125,0.004329727382881711,0.0003827205378209767,0.0019669204656940255,0.00044510225437152076,0.0127400026623481,2,0.20144563806995783,0.25924009229261086,0.05779445422265303
tm257455,joao palhinha_1995,1920,0.0012280442916567586,0.0432009798334536,0.8425013038225494,0.03944304235915965,0.0087337306731106,0.05265269304091931,0.01224020597915067,3,2021,0.0004055063878453776,0.04477158376819978,0.5790207372099084,0.19518266829160577,0.0032029939472012605,0.15827389450730775,0.019142615887931504,3,-0.000822537903811381,0.00157060393474618,-0.26348056661264097,0.1557396259324461,-0.00553073672590934,0.10562120146638844,0.0069024099087808335,0.323830836520172,3,0.6661751325943617,1.1634044197934146,0.4972292871990529
tm257456,francisco geraldes_1995,1920,0.04940644867804027,0.028404421428451055,0.2172238942237669,0.047086117571990764,0.1363546376339525,0.49999360657251407,0.02153087389128438,6,2021,0.004193136094295734,0.051052349090062156,0.24516872847439056,0.08698146260858611,0.22401609609092982,0.37286651287440875,0.01572171476732688,6,-0.04521331258374454,0.0226479276616111,0.027944834250623662,0.039895345036595344,0.08766145845697731,-0.12712709369810532,-0.005809159123957498,0.16963358697491482,6,1.4262034412321885,1.500174620671169,0.07397117943898057
tm258015,diogo goncalves_1997,1920,0.0045941414797962335,0.004259649771923675,0.00796215773063307,0.002226713541413594,0.008434270590733815,0.9666061951484711,0.00591687173702835,6,2021,0.00043898000973998866,0.06843330726417562,0.1299091541085111,0.41999188647330876,0.007251559625094097,0.35374275754415246,0.020232354975017817,4,-0.004155161470056245,0.06417365749225196,0.12194699637787802,0.4177651729318952,-0.0011827109656397184,-0.6128634376043187,0.014315483237989469,0.7544119069053645,6,0.20352294223436965,1.2986553589636616,1.095132416729292
tm261927,ricardo horta_1994,1920,0.6642720847764966,0.014030339959043963,0.009467708956151547,0.004396478552163203,0.04245249719811132,0.20872643700200558,0.0566544535560278,1,2021,0.041351964010415826,0.0012903628404253638,0.0037803888877356424,0.0015677254729586814,0.9424757521783415,0.004832632224406868,0.004701174385715985,5,-0.6229201207660807,-0.012739977118618599,-0.005687320068415904,-0.0028287530792045212,0.9000232549802302,-0.20389380477759872,-0.05195327917031182,1.113484025236846,5,1.0233520931002595,0.2783325968609425,-0.7450194962393171
tm262002,welinton junior_1993,1920,0.4915997995226333,0.005222297347943732,0.007331489888927741,0.002689395128018184,0.16215158231292645,0.26458653426935386,0.06641890153019679,1,2021,0.014525519838322263,0.0219209990782784,0.0647200491395467,0.19376479732660473,0.3785828003292363,0.17152450632235192,0.1549613279656596,5,-0.477074279684311,0.01669870173033467,0.057388559250618955,0.19107540219858654,0.21643121801630985,-0.09306202794700194,0.0885424264354628,0.5684936096488933,1,1.255371813960172,1.5994529338422105,0.3440811198820386
tm264848,ruben lameiras_1994,1920,0.003854891447379695,0.04215806159571619,0.03600160621766102,0.00957306920840595,0.02946134833617372,0.8616913882087739,0.017259634985889512,6,2021,0.0057780935233818775,0.009811521221316937,0.07475372439654547,0.03688144934012843,0.6240342097342172,0.23862098194267078,0.010120019841739382,5,0.0019232020760021826,-0.032346540374399255,0.03875211817888445,0.02730838013172248,0.5945728613980434,-0.6230704062661031,-0.0071396151441501295,0.8631518350469113,6,0.6212678677004002,1.0733993776018977,0.45213150990149753
tm265589,fahd moufi_1996,1920,9.331886611660636e-05,0.04763192491116606,0.00573468058770528,0.9413934340978752,0.0006474499331166591,0.0035330540916470713,0.0009661375123729166,4,2021,5.418305418576975e-05,0.060074539070262716,0.018880150611284483,0.8928674943228772,0.0010026102208551292,0.024283868248922855,0.002837154471611817,4,-3.9135811930836614e-05,0.012442614159096657,0.013145470023579204,-0.048525939774998084,0.0003551602877384702,0.020750814157275782,0.0018710169592389004,0.05579527595532862,4,0.26372932470892313,0.45944563165286295,0.19571630694393982
tm269467,cesar_1992,1920,4.5148298562136204e-05,0.75808982726929,0.0016227971346982702,0.23845713724123807,0.0002897992396149306,0.0006977182099277768,0.0007975726066688243,2,2021,2.7561920134029447e-06,0.9992418120611566,0.00032729985487223916,0.00033572225315751995,1.46094763013289e-05,2.821403686501253e-05,4.958612563370521e-05,2,-4.239210654873326e-05,0.2411519847918666,-0.0012954972798260309,-0.23812141498808054,-0.0002751897633136017,-0.0006695041730627643,-0.0007479864810351191,0.33890749788182417,2,0.5757968993552196,0.007054872899798303,-0.5687420264554213
tm27178,ruben fernandes_1986,1920,0.0002719267328325494,0.8803215186630573,0.003386303727889915,0.10973323442217665,0.0014266784447291435,0.001537820947722826,0.003322517061591715,2,2021,6.740571238476708e-05,0.9859001806798615,0.0033118537958404604,0.009009770087482763,0.00031226203727595505,0.00044788547104729375,0.0009506422161070861,2,-0.0002045210204477823,0.10557866201680421,-7.444993204945441e-05,-0.1007234643346939,-0.0011144164074531884,-0.0010899354766755324,-0.002371874845484629,0.14592651368327017,2,0.41445556529832944,0.08857892164774202,-0.32587664365058744
tm280178,claude goncalves_1994,1920,0.0009474934498825318,0.08090417720535148,0.7404444075590176,0.13568643865435137,0.005666287838685036,0.027437141816386592,0.00891405347632524,3,2021,1.9436919157096956e-42,1.8936707306944852e-40,1.0,1.9051280044266288e-39,2.5653919410629534e-41,2.5556674313478355e-39,1.2677429223544664e-41,3,-0.0009474934498825318,-0.08090417720535148,0.25955559244098236,-0.13568643865435137,-0.005666287838685036,-0.027437141816386592,-0.00891405347632524,0.30514128269397806,3,0.873605667286445,1.6578612669557127e-10,-0.8736056671206588
tm282820,easah suliman_1998,1920,4.202164363834774e-05,0.40092244656842063,0.00414330830392405,0.5932875988369288,0.000276637323254709,0.0002958914947909577,0.0010320958290425573,4,2021,4.488330592738223e-06,0.9980343643333148,0.00044192223226942757,0.0013251098289197459,2.0667185804324858e-05,5.235342821192626e-05,0.00012109466088696109,2,-3.7533313045609516e-05,0.5971119177648943,-0.0037013860716546224,-0.5919624890080091,-0.00025597013745038414,-0.00024353806657903147,-0.0009110011681555962,0.8408186827304263,2,0.7111015357659707,0.016044222880022146,-0.6950573128859485
tm283130,moussa marega_1991,1920,0.8848934916197749,0.0016535649689577551,0.001358640996266511,0.0007066668393189863,0.07515950248472074,0.01747162113989232,0.01875651195106865,1,2021,0.47784491641064125,0.0015861864779715487,0.0022593981149743644,0.001195900769224786,0.5005612557146152,0.0021654085381369445,0.014386933974435955,5,-0.4070485752091337,-6.737849098620644e-05,0.0009007571187078533,0.0004892339299057998,0.42540175322989443,-0.015306212601755374,-0.004369577976632696,0.5889741332419871,5,0.47271240477449433,0.8056190804359628,0.3329066756614684
tm288248,denis will poha_1997,1920,0.00015523740312750001,0.01741042878183395,0.9585191840730869,0.010563298718829063,0.000628258599660188,0.01105993576820769,0.0016636566552547332,3,2021,5.9258802268567064e-05,0.027517687071595787,0.048546095389542826,0.8865354900326902,0.0015253700556397726,0.03384652981483495,0.0019695688334280706,4,-9.597860085893296e-05,0.010107258289761837,-0.9099730886835441,0.8759721913138611,0.0008971114559795846,0.022786594046627258,0.0003059121781733374,1.263329134328309,3,0.22565678726784613,0.4898433220843563,0.2641865348165102
tm290336,rochinha_1995,1920,0.010220005878652894,0.03517254720865594,0.11735198813983347,0.03312394961677849,0.039351151577195626,0.697511051213557,0.06726930636532662,6,2021,0.007649888509936106,0.020505382799148188,0.068361796034922,0.041411007725213174,0.4476328161811371,0.360231095625544,0.05420801312409956,5,-0.0025701173687167882,-0.01466716440950775,-0.04899019210491147,0.008287058108434685,0.40828166460394144,-0.33727995558801305,-0.013061293241227054,0.5321110143220967,5,1.0890302866867523,1.3178671223546288,0.2288368356678765
tm290388,rafael ramos_1995,1920,0.00041353589351524446,0.33327889273735783,0.038599750410356216,0.6006231940781261,0.0012814287969991121,0.009397234623417934,0.016405963460227473,4,2021,4.673676589979434e-05,0.07752817369842858,0.013406451033282245,0.8934569295798612,0.0007631675845221555,0.013013882586275404,0.0017846587517305619,4,-0.0003667991276154501,-0.25575071903892926,-0.02519329937707397,0.2928337355017351,-0.0005182612124769566,0.0036166479628574697,-0.014621304708496912,0.38962573394105265,4,0.9210583795871832,0.4304527477822423,-0.4906056318049409
tm290391,nuno santos_1995,1920,0.004437980899125111,0.0964458595421345,0.2040466561634216,0.0345075448661233,0.015498937777981267,0.5680882319865728,0.07697478876464141,6,2021,0.040851980568098065,0.019901534730598185,0.05747056874128271,0.03593057552821794,0.5070827721390336,0.21745276845693715,0.12130979983583229,5,0.036413999668972956,-0.07654432481153631,-0.1465760874221389,0.0014230306620946417,0.49158383436105235,-0.3506354635296356,0.04433501107119088,0.6271136116707646,5,1.2733036752110007,1.4242905014154288,0.15098682620442805
tm290530,bilel aouacheria_1994,1920,0.007370544451534362,0.021719923994553567,0.08092418885371734,0.014681473696914842,0.10260422046365049,0.7476511316733412,0.025048516866288166,6,2021,0.016760471003559728,0.025441507713938022,0.2650653317530145,0.0855129154116348,0.4773735989984017,0.11467894515784965,0.015167229961601466,5,0.009389926552025366,0.0037215837193844553,0.18414114289929717,0.07083144171471996,0.37476937853475123,-0.6329721865154916,-0.0098812869046867,0.7616645918901599,6,0.9282048473741253,1.3890436132520465,0.46083876587792116
tm291399,nanu_1994,1920,0.000957878816026406,0.5287348556336915,0.17350578570553088,0.06584597919905753,0.006147713414495255,0.22013072888203156,0.0046770583491667714,2,2021,8.145931374894637e-05,0.172838270101262,0.11447131713060757,0.648356331291494,0.0019434209641915519,0.0613145294530088,0.0009946717456872443,4,-0.0008764195022774596,-0.35589658553242953,-0.05903446857492331,0.5825103520924364,-0.004204292450303703,-0.15881619942902275,-0.003682386603479527,0.7033539562380029,4,1.2162070795173232,1.0234019581144653,-0.19280512140285788
tm292398,fabio abreu_1993,1920,0.8982170994094058,0.001753088235394049,0.001257831508287011,0.0007502051580372385,0.07288468374929716,0.016528569841794488,0.008608522097784194,1,2021,0.2564111594264631,0.040103846418415814,0.031905789270002316,0.015833631161087214,0.4916824281230132,0.03449331430984201,0.12956983129117644,5,-0.6418059399829427,0.03835075818302176,0.030647957761715305,0.015083426003049976,0.4187977443737161,0.017964744468047522,0.12096130919339225,0.7682881848901942,1,0.42096234909673547,1.3834840659628531,0.9625217168661176
tm293607,bozhidar kraev_1997,1920,0.13023571916570814,0.003741409811813897,0.012385096835576205,0.0018313945037869107,0.10949466324207015,0.7333667497175642,0.008944966723480288,6,2021,0.12527305852238826,0.008843504876699734,0.027211995179558482,0.013318219312560251,0.786520478026288,0.017214845361738826,0.021617898720766394,5,-0.004962660643319877,0.005102095064885837,0.014826898343982277,0.01148682480877334,0.6770258147842179,-0.7161519043558254,0.012672931997286106,0.9857179857495305,6,0.8641139713920067,0.7993151908822401,-0.06479878050976662
tm298410,joao pedro sousa silva_1996,1920,0.8666478398069302,0.002448396811206085,0.006416091260939742,0.0019318798200828077,0.0320233364583261,0.018217967158301755,0.07231448868421321,1,2021,0.8908260365306457,0.0032704941612319524,0.0034286845006374304,0.001836929141499657,0.029693754930931092,0.0029564350732774365,0.06798766566177675,1,0.024178196723715573,0.0008220973500258672,-0.0029874067603023113,-9.495067858315072e-05,-0.002329581527395007,-0.015261532085024319,-0.004326823022436463,0.028853699369777185,1,0.5563463072864989,0.45715832496349906,-0.09918798232299986
tm299400,pedro sa_1993,1920,1.5277110728916965e-05,0.0008486589049074782,0.9940605551466883,0.004239834635453168,8.649455071523037e-05,0.0005214342165107893,0.00022774543499581813,3,2021,0.00015854142491781496,0.07663242728707761,0.569726810760113,0.3301140232520984,0.0007753876130184454,0.016411916302247198,0.006180893360527595,3,0.000143264314188898,0.07578376838217013,-0.42433374438657534,0.3258741886166452,0.000688893062303215,0.01589048208573641,0.005953147925531777,0.5406008652426694,3,0.041916811088194554,0.9890740365183271,0.9471572254301326
tm302371,toni martinez_1997,1920,0.996925650125656,1.3261486199337256e-05,1.9743396218170392e-05,6.646580018875447e-06,0.0028110621945583118,0.00012197489643534082,0.00010166132091401794,1,2021,0.724059072950479,0.0036319396490002557,0.0042782873147985635,0.002417626906952248,0.08057877921171973,0.0029154393140482177,0.18211885465300207,1,-0.27286657717517704,0.0036186781628009183,0.004258543918580393,0.002410980326933373,0.07776771701716141,0.002793464417612877,0.18201719333208805,0.28381126307266225,1,0.022058247389028215,0.822215497183357,0.8001572497943288
tm307058,mehdi taremi_1992,1920,0.8757305134163526,0.0013399461451462744,0.0011470139053128294,0.0004623092190177563,0.09917445166519102,0.009245383971302906,0.012900381677676518,1,2021,0.9360210710627748,0.0004221207582328942,0.0007384395481992958,0.00028400464895278986,0.04712512769140241,0.0005877123249273108,0.014821523965510546,1,0.060290557646422216,-0.0009178253869133802,-0.0004085743571135336,-0.00017830457006496643,-0.052049323973788614,-0.008657671646375594,0.0019211422878340281,0.08012540093345731,1,0.46499157494199994,0.28357179430073065,-0.1814197806412693
tm308560,jhon murillo_1995,1920,0.0012813250155273056,0.09378736653872279,0.7698816288824981,0.044261020120046304,0.012911712798302841,0.07449375234433103,0.00338319430057161,3,2021,0.060039234393535694,0.02547326234150019,0.09511616408253967,0.019130543081479722,0.7114332132812742,0.04456881326353584,0.04423876955613463,5,0.058757909378008386,-0.0683141041972226,-0.6747654647999585,-0.025130477038566582,0.6985215004829713,-0.029924939080795195,0.04085557525556302,0.9761593469949486,5,0.8387021412068644,1.0806396554189754,0.24193751421211107
tm310822,koki anzai_1995,1920,0.0002305177552853297,0.9082339817474195,0.013660199165461585,0.025623345433000315,0.0013120153406323961,0.049336920794474666,0.0016030197637261253,2,2021,2.7793865753784604e-05,0.1161779226008887,0.010047201849488404,0.8667253124990661,0.0007267992471834819,0.005737861271761867,0.000557108665857761,4,-0.0002027238895315451,-0.7920560591465309,-0.0036129973159731814,0.8411019670660659,-0.0005852160934489142,-0.0435990595227128,-0.0010459110978683643,1.1561659202505754,4,0.4093708565038667,0.45961013376354865,0.05023927725968197
tm312123,lucas possignolo_1994,1920,1.1975791281807723e-05,0.14544323540328663,0.0020753123223764746,0.8521000602317029,9.064907235198217e-05,0.00011441688311358113,0.0001643502958865032,4,2021,5.63865442186495e-06,0.9980773768599671,0.0009227446673275513,0.0008048720292864669,3.1480069068164074e-05,8.152150280543296e-05,7.636621712338704e-05,2,-6.337136859942773e-06,0.8526341414566805,-0.0011525676550489233,-0.8512951882024165,-5.91690032838181e-05,-3.2895380308148176e-05,-8.798407876311615e-05,1.2048609088478195,2,0.43306038727196056,0.015989554102114504,-0.41707083316984606
tm31316,silvestre varela_1985,1920,2.603726471016468e-41,4.0342273174945783e-41,1.4599240226566797e-40,2.008586018348155e-41,4.037073154401932e-40,1.0,1.644580565191719e-41,6,2021,0.0019836009271291173,0.008128270831013204,0.06655210712320334,0.07011684944667768,0.7138676241329661,0.13113401027608393,0.008217537262926513,5,0.0019836009271291173,0.008128270831013204,0.06655210712320334,0.07011684944667768,0.7138676241329661,-0.868865989723916,0.008217537262926513,1.1286942242619888,6,1.6578612669557127e-10,0.964617459467099,0.9646174593013128
tm314367,marcus edwards_1998,1920,0.03613275608896319,0.010107454038739088,0.008344861696422333,0.0030451473437123813,0.059030052554235185,0.8470509555081762,0.03628877276975157,6,2021,0.017955816454540148,0.01938685765209579,0.031060794393027696,0.042567613956507606,0.7065177129878567,0.13333711897443365,0.049174085581538275,5,-0.018176939634423045,0.009279403613356703,0.022715932696605365,0.03952246661279522,0.6474876604336215,-0.7137138365337425,0.012885312811786703,0.9649467644926573,6,0.651989082051847,1.0530719336268113,0.40108285157496426
tm314944,ricardo mangas_1998,1920,0.0004210894630033553,0.21844286578665315,0.106888338929345,0.5218787695549637,0.003792728079318118,0.14308994531783123,0.005486262868885541,4,2021,0.0009544331330011782,0.1438173975011638,0.4465320197664709,0.26087133068571056,0.029004090169209757,0.10670190422278676,0.012118824521657148,3,0.0005333436699978229,-0.07462546828548935,0.33964368083712587,-0.26100743886925315,0.02521136208989164,-0.03638804109504447,0.006632561652771607,0.4370488077585152,3,1.2418715340579316,1.3910163224266143,0.14914478836868272
tm319623,pedro amaral_1997,1920,0.0013180263280107153,0.26622816834440394,0.2689864299247167,0.22659577229777583,0.010064781513426076,0.21082823898295958,0.015978582608707135,3,2021,4.209563603219056e-06,0.003953042182275994,0.006256809753643589,0.982494228705085,0.00017534796977652142,0.007034360525974029,8.200129964166322e-05,4,-0.0013138167644074963,-0.26227512616212795,-0.26272962017107315,0.7558984564073091,-0.009889433543649555,-0.20379387845698554,-0.01589658130906547,0.8665039200282906,4,1.4912525456450019,0.10818161575134505,-1.3830709298936568
tm329722,andre horta_1996,1920,0.0005361881270518671,0.05758787975089587,0.8305913726436785,0.03517522270044725,0.002585475261972122,0.06531642963683099,0.008207431879123355,3,2021,0.0003322381713385274,0.0027403348762984874,0.08416846842898042,0.02916429350602194,0.07940820555045083,0.8014455623126435,0.0027408971542664143,6,-0.00020394995571333972,-0.05484754487459738,-0.7464229042146981,-0.006010929194425307,0.0768227302884787,0.7361291326758126,-0.00546653472485694,1.0526060088387585,3,0.6733760041141412,0.7249434827579385,0.05156747864379729
tm332615,nelson monte_1995,1920,5.306115355744771e-06,0.033178939693812345,0.0005395293109179542,0.966030635214366,3.771393109445097e-05,0.0001230281035833166,8.484763087025368e-05,4,2021,1.4155106279308468e-05,0.9816467906380398,0.0033663875983134628,0.014170532577105497,8.52482709920536e-05,0.00024198461359079446,0.00047490119567915947,2,8.848990923563698e-06,0.9484678509442275,0.0028268582873955087,-0.9518601026372605,4.753433989760262e-05,0.00011895651000747785,0.00039005356480890577,1.34373990298853,4,0.15279941265302,0.10427570356455795,-0.04852370908846204
tm333166,ronan_1995,1920,0.9112592624313975,0.001120243739867524,0.0029654543002087105,0.0008922013383145948,0.06440983601350607,0.012620099368857583,0.006732902807847729,1,2021,0.13994313458774593,0.07515158655369474,0.13387123139983192,0.09827473367431086,0.2930839060935831,0.14320801532509203,0.11646739236574156,5,-0.7713161278436516,0.07403134281382721,0.13090577709962323,0.09738253233599627,0.228674070080077,0.13058791595623445,0.10973448955789383,0.8344902174343033,1,0.38131224246820733,1.8553476894100493,1.474035446941842
tm334557,chiquinho_1995,1920,0.08636109784104654,0.08078280549400348,0.11413016547147253,0.03598881731936279,0.13464136478962138,0.4622815823300178,0.08581416675447547,6,2021,0.24562632774061632,0.04161695735372685,0.3023213479321706,0.049924553054553324,0.21022205803270733,0.08925769042422815,0.06103106546199738,3,0.1592652298995698,-0.03916584814027663,0.18819118246069805,0.013935735735190531,0.07558069324308594,-0.37302389190578966,-0.024783101292478085,0.4553776104790337,6,1.6195077770879909,1.7026414416113047,0.08313366452331383
tm335062,nikola jambor_1995,1920,0.0005126083677819611,0.09852299988285343,0.7684203313833021,0.10792986514947127,0.0026898685580778567,0.013576062879333618,0.008348263779179617,3,2021,4.1985045489913105e-05,0.017478081171636396,0.1860657016167606,0.7188451762007902,0.0017914843312478506,0.07481921329963032,0.0009583583344447056,4,-0.00047062332229204807,-0.08104491871121704,-0.5823546297665415,0.610915311051319,-0.0008983842268300061,0.061243150420296696,-0.007389905444734911,0.8501026190938932,4,0.7891458250426666,0.8333232335726654,0.04417740852999874
tm335380,pedro nuno_1995,1920,0.036097587438141156,0.016182625815864864,0.049066146697210856,0.009486429544921004,0.051132333835634175,0.7716915962350258,0.06634328043320228,6,2021,0.6704398434998615,0.0031617875921292034,0.003894669541534219,0.004770390090068649,0.21117384652462357,0.008260918879070251,0.09829854387271267,1,0.6343422560617203,-0.013020838223735662,-0.04517147715567664,-0.0047160394548523546,0.1600415126889894,-0.7634306773559556,0.031955263439510384,1.0065098252585718,6,0.9107510680474672,0.9294045316332056,0.018653463585738383
tm336158,gustavo sauer_1993,1920,0.006728568621150351,0.024635639537537238,0.6205503888393449,0.03804974053060219,0.0564638340970296,0.21564416746425039,0.03792766091008541,3,2021,0.00010704912658540168,0.000845160507188021,0.020988352762785746,0.02898525991158056,0.006727712914609678,0.9415465702210293,0.000799894556221361,6,-0.006621519494564949,-0.023790479030349216,-0.5995620360765591,-0.009064480619021632,-0.04973612118241992,0.7259024027567789,-0.03712776635386405,0.9431726307545238,6,1.1625789765748247,0.2867530163673284,-0.8758259602074963
tm337798,abdu conte_1998,1920,0.00015303136284892208,0.7423720277570375,0.013226253208726595,0.23854113154816026,0.0006069066141282486,0.0034134317209376947,0.001687217788160705,2,2021,7.482611217856274e-05,0.02517303858633127,0.022606463415550455,0.8630211702990198,0.0024992372555488677,0.08474295700905987,0.0018823073223112176,4,-7.820525067035935e-05,-0.7171989891707062,0.00938021020682386,0.6244800387508596,0.001892330641420619,0.08132952528812218,0.00019508953415051252,0.9544924179500804,2,0.6562479436797966,0.5421457250760999,-0.11410221860369663
tm34077,tarantini_1983,1920,0.0003656880716512807,0.05240902890652635,0.8896221529666333,0.02611093167075835,0.0035837221457650555,0.02638256202829554,0.0015259142103701596,3,2021,0.0003874480755947825,0.09117559087341098,0.4047176999716409,0.430146764219879,0.007942956533870673,0.05836303168270546,0.007266508642898089,4,2.1760003943501784e-05,0.03876656196688463,-0.48490445299499235,0.4040358325491207,0.004359234388105617,0.03198046965440991,0.005740594432527929,0.6331839248449308,3,0.4826438674500276,1.1903895717366981,0.7077457042866706
tm341110,franco cervi_1994,1920,0.0011464559602864894,0.027451397033731305,0.06900590249298656,0.040657329114925395,0.007346474624604807,0.8439256194943909,0.010466821279074568,6,2021,0.0005967932031331446,0.04308634305374121,0.0944698659929649,0.6022156939090476,0.030576205505638925,0.21748435085530482,0.011570747480169447,4,-0.0005496627571533448,0.015634946020009907,0.025463963499978343,0.5615583647941222,0.023229730881034118,-0.6264412686390861,0.0011039262010948785,0.8421456213889168,6,0.6481872505507924,1.1582573133791372,0.5100700628283448
tm344392,fernando ferreira fonseca_1997,1920,0.000126162426382437,0.41988942222515224,0.006361802017407698,0.5644378708054527,0.0004931401158812066,0.004393299420899817,0.004298302988823951,4,2021,2.4557019746252412e-05,0.7581713056864043,0.01070273944188721,0.2273224522350312,0.00030370228523795916,0.0024667557089345445,0.0010084876227586307,2,-0.0001016054066361846,0.3382818834612521,0.004340937424479512,-0.3371154185704215,-0.00018943783064324747,-0.001926543711965273,-0.00328981536606532,0.4776023865463303,2,0.7715123922976261,0.6197007950155249,-0.15181159728210125
tm344519,bruno costa_1997,1920,0.0008429998299363155,0.011762330545672108,0.5604208401529387,0.02057943804323593,0.00861712100013464,0.39038616876395366,0.007391101664128658,3,2021,9.929080246006947e-43,1.694302085766928e-41,2.5556674313478355e-39,8.051476026082186e-40,5.287722332798065e-41,1.0,1.2677429223544664e-41,6,-0.0008429998299363155,-0.011762330545672108,-0.5604208401529387,-0.02057943804323593,-0.00861712100013464,0.6096138312360464,-0.007391101664128658,0.828454810128532,6,0.9071084647152845,1.6578612669557127e-10,-0.9071084645494983
tm347905,joao paulo lazaro lucas_1996,1920,0.0007482229212786842,0.36608124468081066,0.18925536336443033,0.3897134084372901,0.004698957293586768,0.02902215805731684,0.020480645245286675,4,2021,7.431790564328659e-05,0.5692591851583414,0.020758978771288798,0.39339738389141404,0.0010321085871798858,0.010503055634492973,0.004974970051639634,2,-0.0006739050156353976,0.20317794047753074,-0.16849638459314153,0.0036839754541239667,-0.003666848706406882,-0.01851910242282387,-0.015505675193647041,0.2646558819953758,2,1.2631023756464557,0.8502225704843294,-0.4128798051621263
tm350311,helder ferreira_1997,1920,0.0070054748881484335,0.01778869602032386,0.05309766093130203,0.008431853614626218,0.04964162002984257,0.8570454343704089,0.006989260145347812,6,2021,0.006203731349186622,0.0112649810645836,0.09838307314512411,0.016148553312228694,0.8086809993971319,0.05305295071910054,0.006265711012644621,5,-0.0008017435389618115,-0.006523714955740261,0.045285412213822075,0.007716699697602476,0.7590393793672894,-0.8039924836513084,-0.0007235491327031909,1.1066608382251557,6,0.618543696998391,0.7361293340925148,0.11758563709412384
tm351738,lincoln_1998,1920,0.0046771708619619485,0.04149614666530192,0.12537785153351946,0.03270215566478449,0.03437046168495135,0.6819667168188694,0.07940949677061122,6,2021,0.0006360961547015525,0.006254183460270078,0.03160174750592655,0.04530060506087608,0.037039461016469856,0.8715573583334264,0.007610548468329562,6,-0.004041074707260396,-0.03524196320503185,-0.09377610402759291,0.012598449396091595,0.0026689993315185054,0.18959064151455696,-0.07179894830228166,0.2148551599949305,6,1.107371813351994,0.5647836725036386,-0.5425881408483555
tm352811,aylton boa morte_1993,1920,0.0007236947579467151,0.002240746608085421,0.0237725901290832,0.0010163851924360604,0.008566373859701791,0.9629842211521893,0.0006959883005575816,6,2021,0.002827389766426708,0.0012816325171843901,0.007421159804463333,0.0013675464691324426,0.981188582581469,0.004673478502295925,0.0012402103590282735,5,0.002103695008479993,-0.0009591140909010309,-0.016351430324619866,0.0003511612766963822,0.9726222087217672,-0.9583107426498934,0.000544222058470692,1.3655131923190746,5,0.1969564431482952,0.12254574724066537,-0.07441069590762982
tm352898,joao amaral_1991,1920,0.008055599087197274,0.05362585372775113,0.056475895207060416,0.01792171128951887,0.03949719290767468,0.7536304853935697,0.07079326238722818,6,2021,0.005379400124840115,0.01121100873608446,0.02923276504401511,0.04188817609522758,0.6849896286493969,0.19923071913907708,0.028068302211358694,5,-0.0026761989623571587,-0.04241484499166667,-0.027243130163045307,0.02396646480570871,0.6454924357417222,-0.5543997662544926,-0.04272496017586948,0.8527264192668915,5,0.9583813993441679,0.9954953249853976,0.03711392564122973
tm352918,henrique gomes_1995,1920,0.0013660982669282638,0.1711522438155288,0.04610308607596272,0.6716627206977428,0.005577761315534217,0.054722133564939594,0.04941595626336373,4,2021,4.6344865149920625e-05,0.9228020756849783,0.013389607389565662,0.06055581737147312,0.0002476784395962762,0.002431489295406441,0.0005269869538301693,2,-0.0013197534017783431,0.7516498318694496,-0.032713478686397054,-0.6111069033262697,-0.005330082875937941,-0.05229064426953316,-0.04888896930953356,0.970702710277863,2,1.0568581430867128,0.32283414410707323,-0.7340239989796395
tm356099,cristian borja_1993,1920,0.00013668322588207858,0.9037816256832913,0.0028819218421903673,0.0870159434845558,0.0009211840723338038,0.004375306909382833,0.0008873347823638894,2,2021,0.00039886521262819666,0.4396593757568154,0.2122874613147678,0.3030965904882155,0.011974692842104794,0.027741797037924978,0.004841217347543232,2,0.0002621819867461181,-0.46412224992647594,0.20940553947257745,0.21608064700365973,0.01105350876977099,0.023366490128542146,0.003953882565179343,0.5537320927168484,2,0.3584106286073395,1.2334710580779962,0.8750604294706567
tm357156,diogo leite_1999,1920,2.203952953696192e-05,0.01284334282999097,0.005150446159972764,0.9813156197634678,0.00012179236619917297,0.00020736867896597463,0.0003393906718663213,4,2021,0.0002798256896216373,0.9709052433628422,0.012334203899655413,0.012004311081141732,0.0008064937739895821,0.0022053111029723075,0.001464611089777064,2,0.00025778616008467536,0.9580619005328512,0.007183757739682649,-0.9693113086823261,0.0006847014077904091,0.001997942424006333,0.0011252204179107428,1.3629024733307138,4,0.10738052716950885,0.1670515673981363,0.05967104022862746
tm357163,filipe soares_1999,1920,0.0006913026770743539,0.03296534522893281,0.9163194031611491,0.012565783354243546,0.002454326069828844,0.03214880711134577,0.0028550323974258058,3,2021,0.0008249127737532551,0.011504371639639072,0.4820394628040207,0.07290888851278782,0.10933841090725918,0.3208790245653773,0.002504928797162619,3,0.00013361009667890115,-0.02146097358929374,-0.4342799403571284,0.06034310515854427,0.10688408483743034,0.28873021745403155,-0.00035010360026318686,0.5361812139924447,3,0.3945778351364799,1.2216410348146403,0.8270631996781603
tm358177,andre pereira_1995,1920,0.030574857047195377,0.004044028732576907,0.03918660569462502,0.0035182566012076947,0.09723310109509045,0.8161725538936846,0.009270596935619957,6,2021,0.03887824124076671,0.03778013226791938,0.07910718615877207,0.05999345398143492,0.4476266271688959,0.08923207379640291,0.2473822853858081,5,0.008303384193571337,0.033736103535342475,0.03992058046414706,0.05647519738022723,0.3503935260738055,-0.7269404800972816,0.23811168845018812,0.8106838201500288,6,0.7115354154525301,1.5404802944921152,0.8289448790395851
tm362667,mateo cassierra_1997,1920,0.013764106445761448,0.0029377240379643227,0.0018958401966847353,0.0012116515808152082,0.9643586363817243,0.011416385107051953,0.004415656249998228,5,2021,0.8256604292682865,0.004852804851829078,0.0043816336372699835,0.0016874144932595627,0.09946549678495142,0.0023029809369854567,0.06164924002741805,1,0.8118963228225251,0.0019150808138647555,0.002485793440585248,0.00047576291244435446,-0.8648931395967728,-0.009113404170066498,0.05723358377741982,1.1863005138344034,5,0.20614145896518826,0.6339180462172372,0.427776587252049
tm364857,falaye sacko_1995,1920,0.00023728087341445302,0.6722670466073885,0.013689505604090099,0.29116057334170886,0.0009195212536828503,0.011240972856323651,0.010485099463391536,2,2021,0.00010007910848825214,0.4029743414792117,0.03608902888858088,0.5424016037087817,0.0018319187295350052,0.010831274367093354,0.005771753718309305,4,-0.00013720176492620087,-0.26929270512817677,0.02239952328449078,0.2512410303670728,0.0009123974758521549,-0.0004096984892302969,-0.004713345745082231,0.36897611598159347,2,0.7916076931414524,0.9091832430850082,0.11757554994355579
tm366278,rodrigo pinho_1991,1920,0.9667463797668131,0.0002614486477654431,0.0008020701676875774,0.00018516644809911335,0.0248875872269745,0.0026170823404443595,0.004500265402216306,1,2021,0.9828425261675797,0.0002613097187294699,0.0004125136301385911,0.00020868628547084393,0.010874449688721782,0.00022500249533242555,0.00517551201402713,1,0.01609614640076662,-1.389290359732104e-07,-0.0003895565375489863,2.351983737173058e-05,-0.014013137538252719,-0.002392079845111934,0.0006752466118108242,0.021478554562732774,1,0.17395758521727062,0.10244846743916257,-0.07150911777810805
tm367468,nuno santos_1999,1920,0.002479448926918818,0.07375469470416474,0.13703410676160793,0.04170596673402472,0.008199998303322013,0.7173760001345004,0.019449784435461463,6,2021,0.00017302302562514902,0.026223594797876882,0.6964084451155569,0.12557586733275475,0.0032942480171114135,0.14664917819359935,0.001675643517475492,3,-0.002306425901293669,-0.04753109990628786,0.5593743383539489,0.08386990059873004,-0.0049057502862106,-0.5707268219409011,-0.017774140917985973,0.8049543511049122,6,0.9663189442023467,0.9205683126962984,-0.0457506315060483
tm371245,guilherme schettine_1995,1920,0.8134558507843118,0.00012356161217996731,0.0003567553251411446,9.448771843720723e-05,0.18267588644391125,0.0021912385823108075,0.0011022195337076802,1,2021,0.14068288269018916,0.02088027896476901,0.023879456995075453,0.026911902814441873,0.574320305562182,0.030773187894532646,0.1825519850788098,5,-0.6727729680941227,0.020756717352589042,0.02352270166993431,0.026817415096004667,0.3916444191182708,0.028581949312221838,0.18144976554510212,0.7800827379276438,1,0.5042494738111917,1.279268109039525,0.7750186352283334
tm373187,maracas_1994,1920,1.8296185811340604e-05,0.9459728410245195,0.0007359426154120035,0.05279978219645113,0.0001002950040605114,0.00021312271672808077,0.00015972025701736724,2,2021,7.5929335299338925e-06,0.9870478647636919,0.0018630042947521983,0.010491892468709229,5.102932499891282e-05,0.00019676995749134415,0.0003418462568266944,2,-1.0703252281406712e-05,0.04107502373917238,0.0011270616793401947,-0.0423078897277419,-4.9265679061598575e-05,-1.6352759236736627e-05,0.00018212599980932715,0.058977861825407485,4,0.21746829037388735,0.07739237362626626,-0.1400759167476211
tm373300,cryzan_1996,1920,0.5971732816315016,0.021111737278243923,0.02772245411283847,0.009717601261724038,0.11323828224272976,0.06824424055962289,0.16279240291333918,1,2021,0.04945401063729411,0.0066022499301660684,0.045554099372084655,0.016054062577375825,0.6656351898211827,0.07029462382340833,0.1464057638384882,5,-0.5477192709942075,-0.014509487348077854,0.017831645259246187,0.0063364613156517875,0.552396907578453,0.0020503832637854408,-0.016386639074850995,0.7782747528539987,5,1.2591367532328819,1.1277406956340739,-0.131396057598808
tm373374,braian mansilla_1997,1920,0.00554461010942579,0.015277495823070086,0.11785984297318697,0.051071540228028255,0.024021757394715414,0.7610716111321966,0.025153142339376853,6,2021,0.008052421852411448,0.010014407877857248,0.20957741925553502,0.11168352953949835,0.1390558984313484,0.46066469016077394,0.06095163288257555,6,0.002507811742985658,-0.005263087945212838,0.09171757628234806,0.0606119893114701,0.115034141036633,-0.30040692097142263,0.0357984905431987,0.33999571766924647,6,0.8866126330294584,1.459166810424799,0.5725541773953406
tm375382,andre almeida_2000,1920,0.06615187338520395,0.07476028261158582,0.2936660132069581,0.07270756635429397,0.0926398440463017,0.22119226297261685,0.17888215742303962,3,2021,0.0012104114290095887,0.023192991226944414,0.6861134103824389,0.08124793316298744,0.048114697272626156,0.15638692887779426,0.0037336276481992536,3,-0.06494146195619437,-0.0515672913846414,0.39244739717548077,0.008540366808693467,-0.04452514677367554,-0.06480533409482259,-0.17514852977484036,0.408835781774482,3,1.7859380084531358,1.0148704976881702,-0.7710675107649656
tm375770,gabriel airton de souza_1996,1920,0.008454570947629919,0.12909229509692743,0.22366852324546915,0.027275849003352975,0.05380284595703451,0.5455288557690223,0.012177059980563653,6,2021,0.00033824278991103035,0.022877083657365575,0.19140506976001687,0.618081550796388,0.02171136801972759,0.14051092542220195,0.0050757595543891145,4,-0.008116328157718889,-0.10621521143956186,-0.03226345348545229,0.590805701793035,-0.03209147793730692,-0.4050179303468204,-0.007101300426174539,0.725609564769171,4,1.2793442337023524,1.0886846990531018,-0.19065953464925056
tm375820,henrique_1995,1920,0.0009648535830513994,0.28339633655929775,0.21532366346071463,0.435209703645359,0.0033053978030012977,0.03674866292304322,0.02505138202553287,4,2021,0.0023731745187666703,0.09073142294298298,0.12199843093987495,0.2767945374478408,0.009257471496566264,0.1519864239673803,0.346858538686588,7,0.001408320935715271,-0.19266491361631477,-0.09332523252083968,-0.15841516619751816,0.005952073693564966,0.11523776104433708,0.32180715666105514,0.29024452615830926,2,1.28939911776522,1.5412256579804735,0.2518265402152535
tm376175,thiago santana_1993,1920,0.028005971049673044,0.00029930806493354636,0.0010574959161237377,0.00027859760702430534,0.9629834850827751,0.005232268077416615,0.0021428742020536055,5,2021,0.9341662703177218,0.0010389313154993663,0.001094123145899837,0.0007196304257311691,0.032085102833966,0.001141868057936776,0.029754073903244898,1,0.9061602992680488,0.00073962325056582,3.66272297760992e-05,0.0004410328187068638,-0.930898382248809,-0.004090400019479839,0.027611199701191292,1.2991211492041006,5,0.18906241859267361,0.3060897119758766,0.11702729338320297
tm377641,al musrati_1996,1920,0.00021769070018970378,0.02399603249347933,0.926865307316736,0.0374743547500502,0.0007939291990481108,0.005959927701221127,0.004692757839275611,3,2021,0.0005697436269700484,0.10604718214933534,0.8361052256618907,0.02389157542750123,0.005336326284388842,0.022364884659567923,0.0056850621903457976,3,0.00035205292678034463,0.08205114965585601,-0.09076008165484528,-0.013582779322548966,0.004542397085340731,0.016404956958346796,0.0009923043510701862,0.12427451629886274,3,0.3461595019043811,0.6234024001300749,0.27724289822569376
tm379249,matheus reis_1995,1920,0.00046968183361316114,0.4329717425643171,0.040373967386132664,0.50306505536793,0.001765668408264468,0.015315370790688194,0.006038513649054486,4,2021,4.55295708403654e-06,0.9913070831943798,0.0010660258618983142,0.0073762761031418095,3.5126610194179414e-05,0.00013423650965984211,7.669876364190492e-05,2,-0.0004651288765291246,0.5583353406300626,-0.03930794152423435,-0.4956887792647882,-0.0017305417980702886,-0.015181134281028352,-0.005961814885412581,0.7478131522714895,2,0.9472880831015577,0.05450432406722661,-0.892783759034331
tm380409,joao jaquite_1996,1920,6.911049827883081e-05,0.0051944299449360656,0.9786877736888815,0.011829933205128828,0.00044767087977128534,0.0025196809504148083,0.0012514008325885768,3,2021,0.00016926493339278762,0.03373700649715109,0.8756695684126957,0.04923336550184882,0.0011263999266650892,0.037366719449250796,0.002697675278995745,3,0.0001001544351139568,0.028542576552215024,-0.10301820527618577,0.037403432296719996,0.0006787290468938038,0.03484703849883599,0.0014462744464071682,0.1184957081008002,3,0.1284527316069153,0.5267482994043429,0.3982955677974276
tm387378,luther singh_1997,1920,0.01030494242464508,0.003591124904551054,0.013060383348607093,0.0018862904723883284,0.023064169737887316,0.93772639328612,0.010366695825801036,6,2021,0.00027277992922699603,5.779287829600633e-05,0.00044007313341722505,0.0002169133653134007,0.997332366745814,0.0014835368330431294,0.00019653711488907137,5,-0.010032162495418084,-0.0035333320262550478,-0.012620310215189869,-0.0016693771070749278,0.9742681970079268,-0.9362428564530768,-0.010170158710911965,1.3513047005505046,5,0.3304530322578458,0.02203787127685909,-0.3084151609809867
tm396342,toni borevkovic_1997,1920,1.6706202771935793e-06,0.044185524691676685,0.00047271872398496856,0.9552683465927567,1.1131064402170726e-05,2.3747062067611973e-05,3.686124483469902e-05,4,2021,4.177039311286068e-07,0.9994930431703886,0.0001145352688057238,0.00036627963451497345,3.1063273882559946e-06,1.1253530875325617e-05,1.1364364095786384e-05,2,-1.2529163460649726e-06,0.9553075184787119,-0.00035818345517924476,-0.9549020669582418,-8.024737013914731e-06,-1.2493531192286357e-05,-2.5496880738912636e-05,1.3507222293501056,2,0.18594435029213582,0.0047473850319596,-0.18119696526017623
tm396429,diogo calila_1998,1920,0.00024570774665930373,0.10062522697496787,0.5917519462160402,0.24717394402247866,0.001988239600990635,0.056082610539849066,0.0021323248990142503,3,2021,2.445211885863312e-05,0.0023617601105275963,0.03796332102875431,0.6256246595146056,0.0006057677800279971,0.3329486094661277,0.0004714299810981461,4,-0.00022125562780067062,-0.09826346686444028,-0.5537886251872859,0.3784507154921269,-0.0013824718209626378,0.2768659989262786,-0.0016608949179161042,0.7322699201164695,3,1.0761050187075896,0.8064135382095028,-0.2696914804980868
tm400831,rafael camacho_2000,1920,0.011928555687749337,0.05697204826754974,0.06644388596996796,0.015126322822905833,0.14456226512513207,0.6835626654505169,0.02140425667617811,6,2021,0.09777186934167426,0.004881369444045434,0.0045445620197934215,0.003283644751813805,0.872134141045814,0.0033396356378025353,0.014044777759056666,5,0.08584331365392492,-0.0520906788235043,-0.06189932395017454,-0.011842678071092029,0.727571875920682,-0.6802230298127144,-0.007359478917121444,1.0030545815493257,5,1.081544372316559,0.49487126451543745,-0.5866731078011216
tm407907,gelson_1996,1920,0.7853752455721301,0.001497523193810656,0.00228732319211364,0.00113581886492085,0.07829295854871539,0.013630148837870072,0.11778098179043901,1,2021,0.003841323929335314,0.001710061617453772,0.0035897107416973653,0.001231136932209119,0.982976390257248,0.003936698570667544,0.0027146779513888266,5,-0.7815339216427948,0.000212538423643116,0.0013023875495837252,9.531806728826898e-05,0.9046834317085326,-0.009693450267202527,-0.11506630383905019,1.1955513772882456,5,0.7309990392382879,0.1154359818470149,-0.615563057391273
tm411502,danny henriques_1997,1920,0.00023014861510131863,0.9689803715927621,0.002512780099300443,0.02380368645750268,0.0015828280264107433,0.0013592975422804896,0.0015308876666421378,2,2021,5.21898395601323e-05,0.7696248769396278,0.034110865468920795,0.19274987448705858,0.0008117268517298248,0.0019080601706297903,0.0007424062424731293,2,-0.00017795877554118632,-0.1993554946531343,0.03159808536962035,0.1689461880295559,-0.0007711011746809184,0.0005487626283493007,-0.0007884814241690086,0.26322004882590044,2,0.16558238391672583,0.6576834510608842,0.49210106714415836
tm411838,bruno viana_1995,1920,5.0838647331679345e-05,0.1146676454766394,0.008646547629347983,0.8748355737767186,0.00026290978067862355,0.0004899060659412693,0.001046578623342406,4,2021,4.897131094470463e-05,0.9883006653757994,0.005727273897079318,0.004713468037174793,0.0003132671813877806,0.0004686602455134962,0.0004276939521003753,2,-1.8673363869747134e-06,0.87363301989916,-0.002919273732268665,-0.8701221057395438,5.035740070915705e-05,-2.124582042777306e-05,-0.0006188846712420306,1.2330270303219664,2,0.41998194777241765,0.07637320967003304,-0.3436087381023846
tm415645,alexandre pinto_1998,1920,0.00011833482347233606,0.3744874920720651,0.006339741924119749,0.6071321373041957,0.0004277714575440675,0.004612001118889319,0.006882521299713801,4,2021,5.0609192552130195e-05,0.2719736534746196,0.01561311930606734,0.7056398579271337,0.0003610442241171871,0.004149851443062158,0.0022118644324480487,4,-6.772563092020587e-05,-0.1025138385974455,0.009273377381947591,0.098507720622938,-6.67272334268804e-05,-0.00046214967582716097,-0.004670656867265752,0.1424748268150748,2,0.7663326958984382,0.7047360656610868,-0.0615966302373514
tm426620,pedro goncalves_1998,1920,0.008267785085636836,0.026789448380895694,0.11970835704055251,0.01397125374069313,0.021866153563460472,0.799164402176539,0.010232600012222282,6,2021,0.5907836516316824,0.007335928900454772,0.02147107607379972,0.008624287219726672,0.20935957483534992,0.019193793226768546,0.14323168811221798,1,0.5825158665460456,-0.019453519480440922,-0.09823728096675279,-0.005346966520966457,0.18749342127188945,-0.7799706089497704,0.1329990880999957,0.996438789623576,6,0.7600319959589251,1.1520459319740042,0.39201393601507906
tm430761,lucas fernandes_1997,1920,0.0002768749588050932,0.001973383770509666,0.020435910850306677,0.0011329129742664306,0.004908425928513202,0.9708780247861434,0.00039446673145575003,6,2021,0.000419518303858061,0.00927687879900762,0.11096540951019608,0.6162145760533949,0.01529775482228029,0.23675819303241288,0.011067669478850085,4,0.00014264334505296783,0.007303495028497953,0.0905294986598894,0.6150816630791285,0.010389328893767088,-0.7341198317537305,0.010673202747394335,0.9620884934867172,6,0.15963072502431433,1.0438807085568083,0.884249983532494
tm432960,lourency_1996,1920,0.016392674292890316,0.0007485072571722035,0.002516077671031655,0.00045878257291315087,0.01722906918797852,0.9608806502861417,0.0017742387318725812,6,2021,0.0026653618611944606,0.005569718610240772,0.02421086235742227,0.02189319104216808,0.8705827865157797,0.07086335640772913,0.004214723205465586,5,-0.013727312431695855,0.004821211353068569,0.021694784686390613,0.02143440846925493,0.8533537173278012,-0.8900172938784126,0.0024404844735930044,1.2334849537040788,6,0.21091448426838316,0.5497445624958834,0.3388300782275003
tm433358,tomas ribeiro_1999,1920,1.1301162269108501e-42,9.9523936886411e-39,3.167194923114041e-40,1.0,8.43283565645595e-42,2.008586018348155e-41,1.644580565191719e-41,4,2021,1.1523838307012674e-06,0.9979575480517078,0.00036385147603603383,0.001597635251301422,9.999034256732864e-06,3.813609547094165e-05,3.1677707396306003e-05,2,1.1523838307012674e-06,0.9979575480517078,0.00036385147603603383,-0.9984023647486986,9.999034256732864e-06,3.813609547094165e-05,3.1677707396306003e-05,1.4116397145138475,4,1.6578612669557127e-10,0.01605622514210329,0.016056224976317163
tm435497,fabio china_1992,1920,7.650078677821794e-05,0.024993371180996045,0.0714472566486968,0.897312971040566,0.0004707349855179023,0.0036797414188008016,0.002019423938644434,4,2021,0.00022934563265195558,0.09484439650842266,0.05683080734824922,0.802774447563484,0.0045711321299157235,0.035224700312458536,0.005525170504817785,4,0.00015284484587373766,0.06985102532742662,-0.014616449300447587,-0.09453852347708191,0.004100397144397821,0.031544958893657736,0.003505746566173351,0.12264689070891023,4,0.41544978389403137,0.7358703305386484,0.320420546644617
tm437566,claudio falcao_1994,1920,0.00011945181137142658,0.06335159480082088,0.28765627200469807,0.6427611712917956,0.0004506921757392238,0.0023028991085474048,0.00335791880702724,4,2021,0.00034577985974468094,0.08697076397597389,0.23999369146065258,0.6162547602634368,0.0027549754826944623,0.040927251191004085,0.012752777766493391,4,0.00022632804837325436,0.023619169175153013,-0.047662580544045485,-0.026506411028358712,0.0023042833069552384,0.03862435208245668,0.009394858959466151,0.07091810827976297,3,0.8549624419959384,1.058653581303063,0.20369113930712468
tm438202,bruno tabata_1997,1920,0.003809774984128044,0.02853948184856489,0.050629777385181256,0.019534084630337994,0.020086299466102707,0.7844028034910199,0.09299777819466527,6,2021,0.0016626599419663904,0.005379992077181711,0.058601948024690806,0.07977838133877252,0.023945029798827212,0.7326556253146483,0.09797636350391292,6,-0.0021471150421616533,-0.023159489771383178,0.00797217063950955,0.06024429670843452,0.0038587303327245054,-0.05174717817637153,0.004978585309247649,0.08322597616773421,4,0.8404952311995286,0.9516023888306507,0.11110715763112211
tm445517,heriberto tavares_1997,1920,0.02988232296435318,0.0010702918048066921,0.006195196761815229,0.0009064204913817439,0.4752306621778275,0.48401804195162945,0.0026970638481861437,6,2021,4.017594842684652e-41,5.049433165886267e-42,2.5653919410629534e-41,1.0484062829437378e-41,1.0,5.287722332798065e-41,1.2677429223544664e-41,5,-0.02988232296435318,-0.0010702918048066921,-0.006195196761815229,-0.0009064204913817439,0.5247693378221725,-0.48401804195162945,-0.0026970638481861437,0.71455554274271,5,0.8707932604385759,1.6578612669557127e-10,-0.8707932602727897
tm448466,jovane cabral_1998,1920,0.26158393466209723,0.0073849707633098175,0.026353466735298592,0.004390816304467384,0.04670574745273217,0.5523122763418843,0.10126878774021054,6,2021,0.13235394835972916,0.00337655240504763,0.01637834228479059,0.007501066317752496,0.7091398665141143,0.03291725169625921,0.0983329724223066,5,-0.12922998630236807,-0.004008418358262187,-0.009975124450508,0.003110250013285112,0.6624341190613822,-0.519395024645625,-0.0029358153179039476,0.8517134419883557,5,1.2095714599994423,0.975094487048188,-0.23447697295125425
tm45287,adel taarabt_1989,1920,0.0008519068053699727,0.02436866363396909,0.7478993910194944,0.017103746268637005,0.007678236336860722,0.20018950887617318,0.0019085470594957183,3,2021,0.00013227846771761463,0.009325211975726612,0.4984371184228567,0.14366767308093692,0.004533697793737367,0.3417617843143532,0.0021422359446714445,3,-0.000719628337652358,-0.015043451658242479,-0.24946227259663772,0.12656392681229992,-0.003144538543123355,0.14157227543818005,0.00023368888517572625,0.31389372981529867,3,0.754719772019061,1.0751396546488992,0.3204198826298381
tm454121,galeno_1997,1920,0.1477940575481455,0.012002976219219056,0.02934326943024507,0.007816064192333754,0.04653052983325276,0.6370712918747473,0.11944181090205654,6,2021,0.0013075433852916003,0.012061764389572273,0.08540334596137149,0.07659106955990103,0.14047159023817096,0.671159747451047,0.01300493901464591,6,-0.1464865141628539,5.87881703532165e-05,0.05606007653112642,0.06877500536756727,0.0939410604049182,0.03408845557629969,-0.10643687188741063,0.19828762307616551,1,1.1609035756548183,1.0686816155337469,-0.09222196012107142
tm461512,oleg reabciuk_1998,1920,0.00030803594602328864,0.03653146292694112,0.03339172393584045,0.9031473722762078,0.0018587684304578879,0.017986463859641397,0.006776172624888124,4,2021,0.00270044039701912,0.15406116264934197,0.26679780290984995,0.33619775082337905,0.031590185113822736,0.19165722199630245,0.01699543611028461,4,0.0023924044509958313,0.11752969972240085,0.2334060789740095,-0.5669496214528287,0.029731416683364847,0.17367075813666105,0.010219263485396486,0.6486714994919884,4,0.4467132415576507,1.5181339510453091,1.0714207094876584
tm461629,gustavo assuncao_2000,1920,4.4433144528119546e-06,0.0005270782439198903,0.9979292408062487,0.0012717769239221977,2.850411892557099e-05,0.0001992816240241377,3.967496850684038e-05,3,2021,0.00032856277026000917,0.0679298569422116,0.8623107075274615,0.042880868505463195,0.0018194042128214754,0.022819306762943838,0.0019112932788381914,3,0.0003241194558071972,0.06740277869829171,-0.13561853327878715,0.041609091581541,0.0017909000938959045,0.0226200251389197,0.001871618310331351,0.15868779272847283,3,0.016979658161306484,0.5578101603022775,0.540830502140971
tm478366,miguel reisinho_1999,1920,0.00041414572594586,0.026553078344132848,0.7497982162813102,0.19939289972073174,0.0018838057342267169,0.006462578033701616,0.015495276159951159,3,2021,0.00043381028927039965,0.06566142309510012,0.7882771177757296,0.1028531216058251,0.0016069895437381917,0.028849232817964338,0.012318304872372138,3,1.966456332453965e-05,0.03910834475096727,0.03847890149441946,-0.09653977811490663,-0.00027681619048852517,0.022386654784262723,-0.0031769712875790203,0.11327513661073763,4,0.7459732343031239,0.7704289709105443,0.024455736607420397
tm480692,luis diaz_1997,1920,0.6539242212966411,0.0035575451041598054,0.01274289895372434,0.001682566355947918,0.1614907002163963,0.1549674507282624,0.011634617344868224,1,2021,0.03398214618251866,0.0072637418602953165,0.0956531499408014,0.015267915125838447,0.698435407448498,0.11996998455757661,0.029427654884471674,5,-0.6199420751141225,0.003706196756135511,0.08291025098707706,0.013585348769890529,0.5369447072321016,-0.03499746617068579,0.01779303753960345,0.8251878725927053,1,0.999373169489093,1.0478806262097151,0.048507456720622066
tm498237,david carmo_1999,1920,3.346422927938052e-06,0.061929333369814946,0.0011692310728926027,0.9367481443842937,2.2622835366317527e-05,5.87275620110632e-05,6.859435269332944e-05,4,2021,7.896719906914573e-05,0.8922329291591524,0.03339325896444751,0.06899656951576219,0.00028107946278779615,0.0034321688307921354,0.0015850268679884645,2,7.562077614120768e-05,0.8303035957893374,0.03222402789155491,-0.8677515748685315,0.0002584566274214786,0.003373441268781072,0.0015164325152951352,1.2014352656158382,4,0.2428884463725478,0.4324719728447079,0.1895835264721601
tm51058,lica_1988,1920,0.041375656310109754,0.032995253459355736,0.015949072136716216,0.007456479091275659,0.6445488830029407,0.20171075818719464,0.05596389781240713,5,2021,0.0008946875120085908,0.0005479793677854229,0.0015027558627978147,0.0007138768385687758,0.9947547909578593,0.0011513222408701747,0.0004345872201097278,5,-0.04048096879810116,-0.03244727409157031,-0.014446316273918403,-0.0067426022527068835,0.3502059079549187,-0.20055943594632447,-0.055529310592297404,0.40720260127296265,5,1.1142319060103096,0.04172169804760406,-1.0725102079627056
tm510782,rodrigao_1995,1920,0.00022099662485717864,0.9819142765480989,0.0017820766414451319,0.011659906443273088,0.001267245161835752,0.0019138904548874434,0.0012416081256027642,2,2021,1.2289368873695409e-05,0.9947013329967322,0.0015885367125168734,0.003221393268680795,7.609063674511139e-05,0.00019690317653244587,0.0002034538399187183,2,-0.00020870725598348322,0.012787056448633316,-0.00019353992892825848,-0.008438513174592294,-0.0011911545250906407,-0.0017169872783549976,-0.001038154285684046,0.0154649677677572,2,0.11170714011446128,0.038276869193832684,-0.0734302709206286
tm512913,stephen eustaquio_1996,1920,1.3775020093368058e-05,0.0011083463861413193,0.9938553842784672,0.004408621720883542,0.00010811617606648354,0.00037646500465451173,0.0001292914136933378,3,2021,1.2707143250167825e-05,0.010025385043697791,0.9584073360799753,0.026897170509552065,0.00022664381756611724,0.004193268032317573,0.00023748937364097693,3,-1.067876843200233e-06,0.008917038657556471,-0.0354480481984919,0.022488548788668523,0.0001185276414996337,0.003816803027663061,0.00010819795994763913,0.04308589747721897,3,0.04284852568420398,0.21109396638055236,0.1682454406963484
tm516127,walterson_1994,1920,0.0014875455610088917,0.018342155141918556,0.8294717958655625,0.029225809493504794,0.00487340002996101,0.102844575027686,0.013754718880358266,3,2021,0.000619170137736875,0.009141031175512349,0.23802862735427607,0.06904345496547291,0.06974697604591402,0.6104688420724762,0.002951898248611422,6,-0.0008683754232720167,-0.009201123966406207,-0.5914431685112864,0.039817645471968116,0.06487357601595302,0.5076242670447902,-0.010802820631746844,0.7831774119480083,3,0.6601836076300944,1.0779102556480296,0.41772664801793513
tm517300,vitor tormena_1996,1920,1.0806502144000669e-05,0.6692605082926795,0.0016603733298534368,0.3285485251338234,6.832832798183765e-05,0.00017163867129073976,0.00027981974222723144,2,2021,2.318600230613987e-05,0.9808146965336612,0.003789353948529508,0.014200806543601119,0.0001779188980260213,0.0005290877927383758,0.00046495028113761124,2,1.23795001621392e-05,0.3115541882409817,0.0021289806186760712,-0.31434771859022226,0.00010959057004418365,0.00035744912144763605,0.0001851305389103798,0.442589169416818,4,0.6496445854394264,0.10988764480435477,-0.5397569406350716
tm518472,willyan_1995,1920,0.009748161641382935,0.18969312969892396,0.19034067639464244,0.3765729749440428,0.03621416910776617,0.10455582959531515,0.09287505861792661,4,2021,0.0001522364184173325,0.06547480887212204,0.4068546817468277,0.475795931026953,0.0012979469362582507,0.04677649963245685,0.0036478953669646787,4,-0.009595925222965603,-0.12421832082680193,0.21651400535218526,0.09922295608291021,-0.034916222171507916,-0.0577793299628583,-0.08922716325096193,0.2771342203320969,3,1.6209956166209278,1.0714700339691905,-0.5495255826517373
tm520530,fali cande_1998,1920,2.5654416591426478e-05,0.1600307316814481,0.004108900343086742,0.8344297711110882,0.00020748375777138314,0.0009464382525104141,0.00025102043750372527,4,2021,0.000477663671618154,0.45678373149274065,0.051015483101943634,0.43587504418412665,0.008340585486551252,0.04163151920788846,0.005875972855131112,2,0.00045200925502672756,0.29675299981129255,0.046906582758856896,-0.39855472692696153,0.008133101728779868,0.040685080955378046,0.005624952417627387,0.5008293803556081,4,0.4775543202410289,1.077766477691109,0.60021215745008
tm522714,anderson_1997,1920,0.7853474499923906,0.0015520174497650264,0.002467783678983306,0.0009650573735925662,0.027749200737936405,0.009250503644161964,0.17266798712317025,1,2021,0.8782478231062278,0.001508871478557897,0.0029935281355102906,0.0014661514413381966,0.08417983354184232,0.0017128359795980231,0.029890956316925423,1,0.09290037311383725,-4.3145971207129334e-05,0.0005257444565269845,0.0005010940677456304,0.05643063280390591,-0.00753766766456394,-0.14277703080624482,0.10895981571769466,1,0.6673804455513557,0.4749466833793323,-0.19243376217202335
tm534473,paulinho_1997,1920,0.001284481479890995,0.01460912371595241,0.8964256129196371,0.013944692153085008,0.006150119484021986,0.0531643519768778,0.01442161827053468,3,2021,0.00010810384749659579,0.0026175450793432635,0.88301816144929,0.014796966597299703,0.0010924518430633714,0.09695143119692241,0.0014153399865847092,3,-0.0011763776323943994,-0.011991578636609147,-0.013407451470347054,0.0008522744442146946,-0.005057667640958614,0.043787079220044614,-0.01300627828394997,0.04762936339884058,6,0.4763364402061819,0.4317258251502001,-0.044610615055981795
tm535955,nuno tavares_2000,1920,0.003421603132731613,0.463532893339354,0.08834653883956836,0.14809676287006693,0.0133253130983512,0.15567276020641319,0.1276041285135148,2,2021,9.319773707722728e-05,0.005974907392075688,0.0312521117447149,0.7405062593240666,0.0013159320585127922,0.2187405145230624,0.0021170772204903167,4,-0.003328405395654386,-0.4575579859472783,-0.05709442709485346,0.5924094964539997,-0.012009381039838408,0.06306775431664921,-0.12548705129302448,0.7534593159210945,4,1.4828525022619492,0.7164529896053822,-0.766399512656567
tm537598,fabio vieira_2000,1920,0.0843756522271894,0.03689766851386478,0.032342954009936434,0.01386179564981635,0.04401463413277038,0.13957054448192785,0.6489367509844949,7,2021,0.0009000854222721472,0.0040696333599135204,0.026060140062087327,0.06063315949034447,0.025013605001011154,0.8502440349125936,0.03307934175177754,6,-0.08347556680491726,-0.03282803515395126,-0.0062828139478491064,0.04677136384052812,-0.019001029131759228,0.7106734904306657,-0.6158574092327174,0.718116100279787,6,1.1935756841100145,0.6366699412626535,-0.5569057428473609
tm544784,zaidu sanusi_1997,1920,0.0023908353793672885,0.32403648295203785,0.09156367808737712,0.20939894553456956,0.013111532570519046,0.33899978951048526,0.02049873596564384,6,2021,4.838455660920703e-05,0.2782713516061007,0.019429155093955597,0.6934815302692346,0.0008708300782061212,0.00679586687433941,0.0011028815215544671,4,-0.0023424508227580815,-0.04576513134593713,-0.07213452299342152,0.4840825847346651,-0.012240702492312924,-0.33220392263614584,-0.019395854444089373,0.593421059270901,4,1.4291195940587207,0.7344069023877081,-0.6947126916710126
tm54716,steven vitoria_1987,1920,0.00010022828843791834,0.9439541513748599,0.002687638823409913,0.050875180537482,0.0010423902103814072,0.000963710547925102,0.00037670021750400504,2,2021,0.0007466287164113237,0.9513382655050421,0.02417707261854359,0.014218787162008953,0.0032637166977231465,0.0024838308986050786,0.0037716984016659665,2,0.0006464004279734053,0.00738411413018214,0.021489433795133676,-0.03665639337547305,0.002221326487341739,0.0015201203506799766,0.0033949981841619615,0.0432166052852097,4,0.2396219297925118,0.257933768353187,0.018311838560675198
tm550549,tomas tavares_2001,1920,8.988704130160404e-05,0.11056072468666699,0.0064507400747620255,0.876964883886967,0.000622986652489407,0.0039011844871180024,0.0014095931706949263,4,2021,1.2222814877730235e-05,0.8567740806456234,0.0029525838405753393,0.13892619817814802,0.00020017298994591624,0.000757472436199868,0.00037726909462951647,2,-7.76642264238738e-05,0.7462133559589564,-0.003498156234186686,-0.738038685708819,-0.00042281366254349074,-0.003143712050918134,-0.0010323240760654099,1.049551227449119,2,0.42747247498879987,0.4341139679465643,0.00664149295776445
tm553062,vitor carvalho_1997,1920,0.303207160981252,0.03761313381853185,0.08064675594558214,0.05443289836786275,0.04157295406467072,0.07685320401584303,0.40567389280625754,7,2021,0.0007678546351805077,0.06911813312829412,0.6461935131857092,0.1961212009495469,0.005954227768914237,0.0677672138174639,0.014077856514891227,3,-0.30243930634607147,0.03150499930976227,0.565546757240127,0.14168830258168416,-0.035618726295756485,-0.009085990198379135,-0.3915960362913663,0.6585833717903301,3,1.5421105320389261,1.0647675260692828,-0.4773430059696433
tm55994,ukra_1988,1920,0.005499474042541688,0.23677489609568633,0.26939181631483733,0.06763288905942402,0.04525260600315126,0.34268629343436685,0.0327620250499923,6,2021,0.0005325532878757628,0.012505448568420348,0.06599274280851711,0.13361162123504403,0.04849244998682652,0.7337355332870835,0.005129650826232763,6,-0.004966920754665925,-0.224269447527266,-0.20339907350632022,0.06597873217562,0.0032398439836752654,0.39104923985271667,-0.02763237422375954,0.4989747851115585,6,1.524306361127425,0.9080976719681684,-0.6162086891592566
tm56036,luis neto_1988,1920,8.665579411282737e-08,0.0007001019468370394,1.8589605177574738e-05,0.9992772986683376,5.72621234274279e-07,1.3853034453720205e-06,1.9651991741649262e-06,4,2021,9.915529801721532e-06,0.9909738441555943,0.002574315449087542,0.005741379271036939,7.019594569494176e-05,0.00028689087761737573,0.00034345877116724496,2,9.828874007608704e-06,0.9902737422087573,0.0025557258439099675,-0.9935359193973007,6.962332446066749e-05,0.0002855055741720037,0.00034149357199308,1.4027695198544956,4,0.006064823944225748,0.059824833992487114,0.053760010048261364
tm560903,patrick_1997,1920,2.4175176218925097e-05,0.15499181584165495,0.0017691324577223122,0.8422523225360973,0.00017644405169453368,0.00041623160926240174,0.000369878327349663,4,2021,3.582820864612851e-05,0.8242471428097092,0.011327407656794318,0.16129104501300337,0.0002485300599346654,0.0018832325073743625,0.0009668137445379103,2,1.165303242720341e-05,0.6692553269680543,0.009558275199072005,-0.6809612775230939,7.208600824013174e-05,0.0014670008981119607,0.0005969354171882473,0.9548321696558004,4,0.4527146370065035,0.5253075624122076,0.07259292540570406
tm56183,bruno moreira_1987,1920,0.13012903713943566,0.005793636965030096,0.003590285901617835,0.001982104139398055,0.7959305962024502,0.030331917366137565,0.03224242228593063,5,2021,0.04839483132985471,0.06825676324013824,0.06608337184826611,0.06528925885796455,0.44935546965369116,0.04289369486787583,0.25972661020220944,5,-0.08173420580958095,0.062463126275108145,0.06249308594664828,0.06330715471856649,-0.34657512654875905,0.012561777501738265,0.2274841879162788,0.3725149940195297,5,0.7261816783235121,1.5321739440127815,0.8059922656892694
tm564544,pedro amador_1998,1920,9.767310651455992e-05,0.23903799326607444,0.028797001862955973,0.7212820983545748,0.0005317635653085855,0.005983768010447696,0.004269701834124036,4,2021,9.967963290025181e-05,0.3014928368156748,0.019868364984791467,0.6547403518980549,0.0007476806864335853,0.013628072321817656,0.009423013660327377,4,2.0065263856918917e-06,0.06245484354960035,-0.008928636878164507,-0.06654174645651989,0.00021591712112499983,0.0076443043113699595,0.005153311826203341,0.09201420582402005,4,0.7387494435948687,0.8254389641080437,0.08668952051317502
tm568216,show_1999,1920,7.129671095783277e-06,0.0004645082855961823,0.9983321425551238,0.0007564273481872328,3.0547657237495964e-05,0.0003335404640924134,7.570401866710464e-05,3,2021,5.840579502502911e-05,0.006471834517235746,0.8575332974131704,0.10159343817026112,0.0005270242941262799,0.0327354650742138,0.0010805347359674016,3,5.127612392924583e-05,0.006007326231639564,-0.1407988451419534,0.10083701082207389,0.0004964766368887839,0.03240192461012139,0.001004830717300297,0.17629134791595422,3,0.014458367134476987,0.5206003324699722,0.5061419653354952
tm581121,tiago esgaio_1995,1920,0.0007005369201573533,0.46233380906428034,0.11000936279144281,0.32259958487923446,0.0025797843298519412,0.09339994046653047,0.008376981548502718,2,2021,9.085185424102406e-05,0.4645537529417331,0.22030534432763826,0.298308038531725,0.001295856124022845,0.01379019355291408,0.0016559626677255933,2,-0.0006096850659163293,0.002219943877452779,0.11029598153619545,-0.024291546347509463,-0.0012839282058290963,-0.07960974691361639,-0.0067210188807771245,0.13820254306260932,3,1.2464219326326402,1.1294092113244245,-0.11701272130821572
tm589374,milson_1999,1920,0.0287532474349055,0.03857190553459092,0.25964373220175824,0.03520451969471016,0.04347681607489905,0.12837640910179587,0.46597336995734046,7,2021,0.008661807645338283,0.005613817175668818,0.09816554679047708,0.044577106599541165,0.3929193433904955,0.39381871681553154,0.05624366158294745,6,-0.020091439789567216,-0.0329580883589221,-0.16147818541128117,0.009372586904831004,0.34944252731559644,0.26544230771373567,-0.409729708374393,0.4692788615644284,5,1.4512180294381696,1.3326423269633834,-0.11857570247478622
tm58965,ruben lima_1989,1920,6.725946659839772e-05,0.04407036077614517,0.030564758532184762,0.9173289803375605,0.00038282481016144,0.005068228883268827,0.0025175871940809596,4,2021,7.10069002977721e-05,0.0874496585559865,0.04500807373116938,0.7961295163773225,0.0017618446171573372,0.06602059430282853,0.0035593055152379175,4,3.747433699374377e-06,0.043379297779841335,0.014443315198984615,-0.12119946396023795,0.0013790198069958972,0.0609523654195597,0.0010417183211569579,0.14316694958672996,4,0.3688577836161942,0.7455152097063311,0.3766574260901369
tm592735,gonzalo plata_2000,1920,0.0008353855424286495,0.0015528236697921237,0.006149076628894434,0.0009045345692355306,0.00589171124364593,0.9817382081475503,0.0029282601984531326,6,2021,0.0087670725273671,0.026404247854972942,0.19242318384251245,0.09100649555477618,0.0286012870594849,0.3607550849803014,0.2920426281805851,6,0.00793168698493845,0.02485142418518082,0.186274107213618,0.09010196098554064,0.02270957581583897,-0.6209831231672489,0.2891143679821319,0.6554637102284269,6,0.1190357103891394,1.501667713190773,1.3826320028016337
tm594546,ze uilton_1992,1920,0.009488143338550706,0.019423918061307124,0.03162844936153897,0.009942273601738378,0.06726329530329478,0.8497250775967533,0.012528842736816582,6,2021,0.006848138055819402,0.6838377626112438,0.07980659282130886,0.07752829388600106,0.1133669696644419,0.022956416670030268,0.015655826291154695,2,-0.0026400052827313036,0.6644138445499367,0.048178143459769895,0.06758602028426268,0.04610367436114712,-0.8267686609267231,0.0031269835543381135,1.0649007923664913,6,0.6506233274845221,1.0925582457621983,0.44193491827767617
tm595012,ibrahima camara_1999,1920,0.0033327153889845815,0.04574887157852293,0.5667266812354225,0.2437963406363959,0.02129498950870471,0.05816155936945523,0.06093884228251407,3,2021,0.00023543621138107635,0.023441066859914726,0.6563829508593667,0.23544655678238383,0.0019581385417873384,0.07678941902773007,0.005746431717436169,3,-0.0030972791776035053,-0.0223078047186082,0.08965626962394424,-0.008349783854012083,-0.019336850966917372,0.018627859658274834,-0.0551924105650779,0.09662353659291736,3,1.243969986755503,0.9457632323904784,-0.29820675436502453
tm598629,bruno duarte_1996,1920,0.7906990887884456,0.006769094202711105,0.0022268599453749522,0.0016929599933429218,0.1387633479522413,0.013951614234517082,0.0458970348833671,1,2021,0.01880126293183884,0.001353493861091261,0.0019771190374731533,0.0005824648143337453,0.9731181428444033,0.001136551091011918,0.0030309654198476888,5,-0.7718978258566068,-0.005415600341619844,-0.0002497409079017989,-0.0011104951790091764,0.834354794892162,-0.012815063143505164,-0.04286606946351941,1.1367361292147768,5,0.7189874834320745,0.1521000556533304,-0.5668874277787441
tm601883,matheus nunes_1998,1920,0.00014333984983453136,0.00911031382144806,0.9441513564421145,0.03888670419251069,0.0008589494766445868,0.0033281553714151033,0.0035211808460324607,3,2021,0.002471516183488982,0.009720637611574942,0.5326398733324254,0.02453913598010325,0.06350028481477116,0.35853104557615606,0.008597506501480254,3,0.0023281763336544504,0.0006103237901268817,-0.4115114831096891,-0.01434756821240744,0.06264133533812657,0.35520289020474094,0.005076325655447794,0.5473996496597892,3,0.26954365700316657,1.070074230815599,0.8005305738124324
tm606050,pedro pelagio_2000,1920,1.0854776282446712e-05,0.0005056376982283864,0.9976338960622521,0.0009743340513411242,7.426764923714615e-05,0.0006779455891815407,0.00012306417347722357,3,2021,0.00016882901086354008,0.00720950269874386,0.5966358112567087,0.10119422939998846,0.00208595875571785,0.2883670223607407,0.004338646517236851,3,0.00015797423458109336,0.006703865000515474,-0.40099808480554333,0.10021989534864734,0.002011691106480704,0.28768907677155914,0.004215582343759627,0.5036442295886963,3,0.01984144977006124,0.9720341983851734,0.9521927486151122
tm616341,nuno mendes_2002,1920,0.0018380734869729743,0.1013887484905097,0.2798934059839547,0.3715566012201851,0.010260866499167375,0.16552817440988804,0.06953412990932226,4,2021,0.00010791943159232459,0.05343881586725436,0.11988391994764706,0.5733786243556096,0.003816771653667918,0.24382710372583782,0.005546845018390965,4,-0.0017301540553806497,-0.047949932623255344,-0.1600094860363076,0.20182202313542452,-0.006444094845499456,0.07829892931594978,-0.06398728489093129,0.27351344172839315,4,1.49798207859074,1.1249181112441777,-0.37306396734656233
tm61764,marco matias_1989,1920,0.0006843750073080276,0.0030906966066763055,0.07004786358557541,0.003424693179248849,0.007743301217552982,0.9132427332638293,0.0017663371398091402,6,2021,0.0071650778693252495,0.01574845526237722,0.09351398325170511,0.1455807339888725,0.27434659944246476,0.40869482071266144,0.05495032947259367,6,0.006480702862017222,0.012657758655700914,0.0234661196661297,0.14215604080962366,0.2666032982249118,-0.5045479125511678,0.05318399233278453,0.5887334980776671,6,0.3602342003632681,1.4828427293561846,1.1226085289929164
tm63837,andre andre_1989,1920,0.0050074846680076635,0.02595100479196321,0.23396112492518487,0.01311904550161333,0.02876480952949113,0.6780776786832524,0.015118851900487285,6,2021,8.7014474466729e-05,0.0011633294564175312,0.6726137600992018,0.004821844974977126,0.0021575179630711756,0.31880104849715946,0.0003554845347061389,3,-0.004920470193540935,-0.02478767533554568,0.438652635174017,-0.008297200526636204,-0.026607291566419954,-0.35927663018609296,-0.014763367365781146,0.5682528158483067,3,0.9468698902302044,0.6816613932656759,-0.26520849696452853
tm64339,pizzi_1989,1920,0.19252943165011202,0.013281771522891122,0.01219252765146682,0.006097196569527124,0.06123856648439164,0.16439323649360935,0.5502672696280019,7,2021,0.004400081361293594,0.0019518286399619303,0.0065806273752909514,0.005829744757154927,0.9402225852029082,0.034183550391833455,0.006831582271556948,5,-0.18812935028881841,-0.011329942882929192,-0.005611900276175868,-0.00026745181237219744,0.8789840187185166,-0.13020968610177588,-0.5434356873564449,0.9083611905614868,5,1.2559674539943602,0.30652593365389375,-0.9494415203404665
tm646677,riccieli_1998,1920,2.99142749206786e-06,0.08120751382724554,0.0004152743090568966,0.9182502604259484,2.2588000839983314e-05,6.10592764323311e-05,4.031273298460682e-05,4,2021,2.992823731273569e-06,0.9986384797952484,0.000576279975308007,0.0006460647611311375,1.4883525908933555e-05,5.3258282291151735e-05,6.80408363808845e-05,2,1.396239205708848e-09,0.9174309659680029,0.00016100566625111036,-0.9176041956648172,-7.704474931049758e-06,-7.800994141179364e-06,2.7728103396277688e-05,1.2975658223233602,4,0.2867184999223441,0.011784572149581056,-0.27493392777276304
tm694928,samuel lino_1999,1920,0.0038487642310549345,0.0020588816911864334,0.0035903391452233027,0.001773433207356251,0.014163105553630895,0.9723302440236419,0.0022352321479063957,6,2021,0.027235340154109708,0.0017791428770307727,0.0020279078846078737,0.0011648165696159039,0.9623195842868818,0.002138869668989219,0.003334338558764634,5,0.023386575923054775,-0.0002797388141556607,-0.001562431260615429,-0.000608616637740347,0.9481564787332509,-0.9701913743546526,0.0010991064108582384,1.3567688944064396,6,0.16680067532531048,0.19897084760671457,0.03217017228140409
tm782612,tiago melo almeida_2001,1920,2.1040851702523248e-05,0.04316340437959653,0.0018175880170038644,0.954098099077866,0.00013820660695741178,0.00035071571046495095,0.00041094535640875615,4,2021,0.00018151654532540647,0.8573532353002208,0.021440462741697315,0.10809562761951534,0.0010939400401922658,0.00549938127685992,0.006335836476188948,2,0.00016047569362288323,0.8141898309206242,0.01962287472469345,-0.8460024714583507,0.0009557334332348541,0.0051486655663949684,0.005924891119780192,1.1743243877381628,4,0.19940274463854996,0.5245252387728973,0.3251224941343473
tm82281,ivo pinto_1990,1920,9.116829208374318e-05,0.710370896479305,0.005454388561254782,0.2783077358388385,0.00038512796120259443,0.0032532929741995427,0.002137389893116057,2,2021,4.6661445685997866e-06,0.027147627571164484,0.0030081794937697787,0.9676062460843762,0.00011158362094061454,0.001974968006472956,0.00014672907870726056,4,-8.65021475151434e-05,-0.6832232689081404,-0.0024462090674850037,0.6892985102455377,-0.0002735443402619799,-0.0012783249677265868,-0.0019906608144087965,0.9705329318301854,4,0.6629642890024938,0.1619035208528013,-0.5010607681496926
tm83466,andre almeida_1990,1920,0.0037893624277892455,0.6566758793784031,0.047066743118035145,0.14156742713179826,0.01027436254272106,0.1186508337141588,0.02197539168709451,2,2021,0.0004157872265974252,0.6971915538374516,0.03862357656180733,0.20152032514264284,0.003879047005757423,0.024527710599359823,0.033841999626383505,2,-0.0033735752011918203,0.04051567445904847,-0.008443166556227816,0.05995289801084458,-0.006395315536963637,-0.09412312311479898,0.011866607939288995,0.11924177243569285,6,1.1017567665100518,0.9302714036008806,-0.17148536290917127
tm84511,silvio_1987,1920,5.739706781503726e-06,0.020215327128744045,0.0005055575919578652,0.9789516903878199,2.8486544751356916e-05,0.0001559495885163311,0.0001372490514288681,4,2021,3.9288166328239036e-07,0.9992437267188329,7.280384398715309e-05,0.0006598557940164549,4.091081798479339e-06,1.1364476993159008e-05,7.765202708414654e-06,2,-5.346825118221335e-06,0.9790283995900888,-0.00043275374797071214,-0.9782918345938034,-2.4395462952877578e-05,-0.0001445851115231721,-0.00012948384872045343,1.3840345839758588,2,0.10648378557282795,0.006559391057279512,-0.09992439451554844
tm85953,yohan tavares_1988,1920,0.0013269635292414083,0.856550442159264,0.009339899321064623,0.1051772194076882,0.006097589523856961,0.006286515363093379,0.015221370695791558,2,2021,9.28132861558495e-07,0.9988807619355398,0.00020686427467646396,0.0008436886300974483,6.192860590080289e-06,2.3979549816653278e-05,3.758461641781445e-05,2,-0.0013260353963798499,0.14233031977627575,-0.00913303504638816,-0.10433353077759076,-0.0060913966632668804,-0.006262535813276725,-0.015183786079373743,0.17693190989555344,2,0.5486088238420033,0.009570137262832774,-0.5390386865791705
tm9413,ricardo vaz te_1986,1920,0.6217375503238163,0.027614041488805058,0.010053290548091445,0.007103385539936824,0.20328214491315658,0.0948590158287854,0.03535057135740852,1,2021,0.09043740060416101,0.0389742968245564,0.07411276180479949,0.05104346231210345,0.3125817183493089,0.04793712115125895,0.3849132389538117,7,-0.5313001497196552,0.011360255335751343,0.06405947125670805,0.04394007677216663,0.10929957343615235,-0.04692189467752646,0.3495626675964032,0.5500830043287178,1,1.1414226707377937,1.5651233277655787,0.42370065702778503
tm95429,osama rashid_1992,1920,0.0009861411302269805,0.09703393430084355,0.492651541877156,0.04594577187824195,0.005907364422424348,0.35018334400251233,0.007291902388594662,3,2021,0.0013798351229403496,0.08943457541014345,0.17493428070571837,0.41817418290718006,0.0553751252510799,0.24731382493986123,0.013388175663076662,4,0.00039369399271336905,-0.0075993588907000975,-0.3177172611714376,0.3722284110289381,0.049467760828655546,-0.1028695190626511,0.006096273274482,0.5025787008892233,4,1.1571211735005698,1.4580681387762053,0.3009469652756356
tm96140,jorge correa_1993,1920,0.010134576708800783,0.011382919294624991,0.03075533244159792,0.004880122173395212,0.0758090902951708,0.8613088715506693,0.005729087535741081,6,2021,0.0005868543478943597,0.011977418420700756,0.07760553678247895,0.3633283949263229,0.06661501090809618,0.4712188281297465,0.008667956484760342,6,-0.009547722360906423,0.0005944991260757645,0.046850204340881024,0.3584482727529277,-0.009194079387074616,-0.39009004342092274,0.0029388689490192615,0.5320022475420049,6,0.5842595677009619,1.1997488596067025,0.6154892919057406
anderson_1998,anderson_1998,2021,0.0006701827761258806,0.027672973580471064,0.43836254494207316,0.1561491764126092,0.07352837468992413,0.29828049191352374,0.005336255685273014,3,2122,0.024755922711145815,0.008381848346235246,0.0179602926932483,0.3789278514147079,0.016975287121795433,0.551428391608111,0.001570406104756315,6,0.024085739935019935,-0.019291125234235817,-0.4204022522488249,0.22277867500209872,-0.05655308756812869,0.25314789969458723,-0.0037658495805166993,0.5427732242344541,3,1.3363278789293351,0.9791165566134904,-0.35721132231584474
diederrick joel_1993,diederrick joel_1993,2021,0.11320166717183666,0.0007622170683490952,0.004797625163774245,0.0009115642205389571,0.8724715694873213,0.002847014524016235,0.005008342364163471,5,2122,0.41247041965879516,0.002932841369081006,0.003889069852242857,0.00879828951073574,0.4957805083652053,0.02570861036694892,0.050420260876990836,5,0.2992687524869585,0.002170624300731911,-0.000908555311531388,0.007886725290196782,-0.376691061122116,0.022861595842932684,0.045411918512827366,0.4817139522863167,5,0.4463326711954294,1.038201954348008,0.5918692831525787
francisco chico_1998,francisco chico_1998,2021,0.04346422764953395,0.006142061372050047,0.02324125176069392,0.035577114817909546,0.6728815808108846,0.1307397235840455,0.08795404000488258,5,2122,0.0015487505155540498,0.029942450201241432,0.20481183202933778,0.1763188750039128,0.001339407958542797,0.5796799617989884,0.006358722492422759,6,-0.041915477133979896,0.023800388829191384,0.18157058026864387,0.14074176018600326,-0.6715421728523417,0.4489402382149429,-0.08159531751245983,0.8411989727875745,5,1.1200849449199568,1.1029407727977651,-0.01714417212219166
lamine diaby_1996,lamine diaby_1996,2021,0.007733758175088198,0.06503344869777905,0.4359787299888891,0.13774045139561364,0.051219353046759016,0.07727050560665179,0.2250237530892192,3,2122,0.007750053522015303,0.015714098751169726,0.13460260204511423,0.024676949713506702,0.005373319176284378,0.018037048361458384,0.7938459284304512,7,1.629534692710547e-05,-0.049319349946609324,-0.3013761279437749,-0.11306350168210694,-0.04584603387047464,-0.059233457245193404,0.568822175341232,0.3341463537591989,3,1.536003160737009,0.7479958060197504,-0.7880073547172587
paulo sergio mota_1991,paulo sergio mota_1991,2021,0.00027697344441005375,0.6965032586041929,0.011544278132563108,0.2765074003375102,0.0022061235250531437,0.008678319995927438,0.004283645960343231,2,2122,0.011175410002830524,0.2739712745926127,0.017441359087659758,0.5146666010960335,0.015113598333028739,0.15020006591397606,0.017431690973858757,4,0.01089843655842047,-0.4225319840115802,0.00589708095509665,0.23815920075852326,0.012907474807975595,0.1415217459180486,0.013148045013515526,0.5055706096832776,2,0.7391904734262189,1.2361156949774719,0.49692522155125296
pedro borges_1997,pedro borges_1997,2021,4.4612156175028385e-06,0.0006903384675375478,0.9927478373311164,0.002943147489662053,4.961870407873852e-05,0.0035088396093818854,5.575718260578373e-05,3,2122,0.004947659865159681,0.0209108998483767,0.7167158671863139,0.1983823858300003,0.00204736318240415,0.04953217864984743,0.007463645437897955,3,0.004943198649542178,0.02022056138083915,-0.2760319701448025,0.19543923834033827,0.0019977444783254115,0.046023339040465544,0.007407888255292172,0.3419730829465269,3,0.05033025193857337,0.8648360127008664,0.8145057607622931
pedro rodrigues_1997,pedro rodrigues_1997,2021,3.526002805565175e-05,0.027592097863531978,0.09182079908571267,0.8511457425080841,0.000951475572063162,0.02728002218124339,0.0011746027613090903,4,2122,0.009249104872137478,0.029449665640531805,0.015839524660569166,0.7613538436021017,0.012370148078363756,0.1581419503109955,0.013595762835300547,4,0.009213844844081826,0.0018575677769998265,-0.0759812744251435,-0.08979189890598238,0.011418672506300593,0.13086192812975211,0.012421160073991456,0.17657665469396186,6,0.5686610245590233,0.8248003921432623,0.25613936758423894
rui filipe cunha correia_1995,rui filipe cunha correia_1995,2021,0.0004288204883500845,0.014188293864901733,0.5711293614382851,0.17237980934743702,0.004719205364305209,0.23127134520199324,0.005883164294727468,3,2122,0.0009286439689636571,0.033849755479667766,0.7505795425278879,0.1691533988392598,0.0005074568638053576,0.04257266842496742,0.0024085338954480573,3,0.0004998234806135725,0.019661461614766035,0.17945018108960287,-0.0032264105081772076,-0.004211748500499851,-0.18869867677702581,-0.0034746303992794106,0.26119825718605233,6,1.0807762219870052,0.789770900551537,-0.2910053214354682
sphephelo sithole_1999,sphephelo sithole_1999,2021,0.00020190968230686734,0.06916054010978652,0.5239423234596008,0.37309875580135343,0.0010673438526445746,0.02456437392410757,0.007964753170200145,3,2122,0.0002860076261479167,0.030742524878524597,0.6992435471814445,0.25843336821187457,0.00022412365812780614,0.009603737373908175,0.0014666910699723326,3,8.409794384104933e-05,-0.038418015231261926,0.17530122372184376,-0.11466538758947886,-0.0008432201945167685,-0.014960636550199394,-0.006498062100227813,0.21349274643996352,3,1.0298148715002067,0.7653001797899489,-0.26451469171025777
thibang phete_1994,thibang phete_1994,2021,3.0985645401391655e-05,0.2551952388965241,0.4660757744662963,0.2665315266284915,0.0005217387231251171,0.011222096355798957,0.00042263928436273094,3,2122,0.0006801275026840024,0.5898077100374839,0.2047454359300845,0.18548621407258428,0.00041174590180666464,0.017608209510522912,0.0012605570448336676,2,0.0006491418572826107,0.33461247114095977,-0.2613303385362118,-0.08104531255590722,-0.00010999282131845243,0.006386113154723955,0.0008379177604709367,0.4322830210574918,2,1.1146915255624694,1.0363324626994934,-0.078359062862976
tm102427,sebastian coates_1990,2021,9.625275475721253e-05,0.9885247166737108,0.005723986438583426,0.003083353701276681,0.0007479041216413016,0.0010506214167025408,0.0007731648933283007,2,2122,0.00013026750916949776,0.9934333176344184,0.0009384168702511688,0.004600245432583066,9.39997920146226e-05,0.0005717038537424834,0.00023204890782067014,2,3.4014754412285236e-05,0.004908600960707665,-0.004785569568332257,0.001516891731306385,-0.000653904329626679,-0.0004789175629600574,-0.0005411159855076306,0.007067892890900903,2,0.07780886788715415,0.046091680427895854,-0.03171718745925829
tm106837,abdoulaye ba_1991,2021,1.589575247027921e-05,0.9857633328796708,0.0023653314760753563,0.011102849167430586,0.00012867391873566222,0.0002538389150590091,0.0003700778905584717,2,2122,5.460702094882929e-07,0.9999622326284142,1.1346496508710285e-05,1.9847863617019676e-05,4.10630821181622e-07,2.741816700672781e-06,2.8744937287395367e-06,2,-1.5349682260790918e-05,0.014198899748743443,-0.002353984979566646,-0.011083001303813567,-0.0001282632879144806,-0.00025109709835833627,-0.0003672033968297322,0.018167626539969423,2,0.08476067708008968,0.00046757054158505875,-0.08429310653850462
tm109256,haris seferovic_1992,2021,0.8030307707820115,0.002076945347490273,0.002110826551617292,0.000906579241497626,0.04973359173694656,0.0015353955032606375,0.14060589083717615,1,2122,0.442981277396726,0.005802335583991802,0.0022030156975333176,0.012073611103946596,0.1805641932596014,0.01609216093257282,0.3402834060256282,1,-0.36004949338528547,0.0037253902365015287,9.218914591602569e-05,0.01116703186244897,0.13083060152265485,0.01455676542931218,0.19967751518845203,0.38353979328540894,1,0.6433809377011745,1.1997055251734312,0.5563245874722567
tm111200,fabio pacheco_1988,2021,0.00021921137295890933,0.40821149833925985,0.15029797553857652,0.40775478198075443,0.001780229711516608,0.014552346901674547,0.017183956155259222,2,2122,0.0003352613640090769,0.061368946073283165,0.880809482081368,0.05035350261243657,0.00023541664638958052,0.004176006758590841,0.002721384463922753,3,0.00011604999105016756,-0.3468425522659767,0.7305115065427915,-0.3574012793683179,-0.0015448130651270274,-0.010376340143083706,-0.01446257169133647,0.8841903415541688,3,1.1608785670800734,0.4771504627733951,-0.6837281043066783
tm112465,sergio oliveira_1992,2021,0.009491920733323247,0.00983519373440335,0.06515363049687471,0.034361766227675505,0.32672649207785803,0.518847143005339,0.035583853724526195,6,2122,0.08640998478658524,0.015814718336118735,0.19107847441241263,0.08203913141238092,0.027747721070332094,0.09206174544581822,0.5048482245363521,7,0.07691806405326199,0.005979524601715386,0.12592484391553793,0.04767736518470542,-0.29897877100752596,-0.4267853975595207,0.4692643708118259,0.5437061907330847,6,1.208054085967727,1.4626823105628488,0.2546282245951219
tm118323,ricardo alves_1991,2021,0.011436905637569234,0.7797586611392352,0.09641013739737972,0.03410027268688982,0.025348085292139222,0.021484930968648508,0.03146100687813837,2,2122,0.00030845651916727566,0.776580256902435,0.03019238264265964,0.18817408254094414,0.000244163632637786,0.003984530646464338,0.000516127115691589,2,-0.011128449118401959,-0.0031784042368001586,-0.06621775475472008,0.15407380985405433,-0.025103921659501437,-0.01750040032218417,-0.030944879762446777,0.1708623582158926,4,0.8703279824824665,0.6468113790513959,-0.2235166034310706
tm124548,bebeto_1990,2021,0.0006996059047298354,0.2300978881329947,0.11571296066634934,0.5375030178663897,0.0037731018881993314,0.05584432148486159,0.05636910405647546,4,2122,0.00271295909077909,0.15036453421736948,0.575845010516731,0.13832974590953043,0.003011584459537818,0.08193718511067485,0.04779898069537728,3,0.002013353186049255,-0.07973335391562522,0.46013204985038164,-0.39917327195685925,-0.0007615174286615136,0.026092863625813263,-0.008570123361098178,0.6149013604659973,3,1.270681570567471,1.2601965995715065,-0.01048497099596446
tm125165,jesus corona_1993,2021,0.002594661435334332,0.014346211105458698,0.13839297784811505,0.10044088462792061,0.24134304201429907,0.4884346286341454,0.01444759433472689,6,2122,0.012231373683642974,0.5248601650497017,0.025705375206586587,0.2752792864295436,0.018587995816908502,0.09423109559395823,0.04910470821965836,2,0.009636712248308643,0.5105139539442429,-0.11268760264152847,0.17483840180162297,-0.22275504619739056,-0.3942035330401872,0.034657113884931465,0.7134427531317068,2,1.3351475880184767,1.2860553652509557,-0.04909222276752101
tm126956,edgar costa_1987,2021,0.0003075257947404206,0.016882944266801213,0.045969927684896286,0.6242442946227493,0.008992782943906031,0.2947809964542565,0.008821528232650167,4,2122,0.001559437050407212,0.000681712618289358,0.0025022526565247802,0.022724404476009243,0.0024704078555581235,0.9668900162085046,0.003171769134706823,6,0.0012519112556667912,-0.016201231648511855,-0.043467675028371504,-0.6015198901467401,-0.0065223750883479075,0.6721090197542481,-0.005649759097943343,0.9031903121795808,6,0.951303308298706,0.1816709803136107,-0.7696323279850953
tm127031,pierre sagna_1990,2021,0.0006239218680220065,0.46637823636802656,0.21946842024834676,0.1958883407963724,0.008144485245828254,0.0533714943908719,0.05612510108253223,2,2122,0.00020154040610126424,0.9787658889160835,0.0023493398096116093,0.013982500426854935,0.00024916201496170514,0.0026522165171106384,0.001799351909276409,2,-0.0004223814619207423,0.512387652548057,-0.21711908043873515,-0.18190584036951746,-0.007895323230866549,-0.050719277873761265,-0.05432574917325582,0.5877129367453686,2,1.3697437958757168,0.12582243519007424,-1.2439213606856425
tm129386,zouhair feddal_1989,2021,8.20822009702691e-05,0.9586499404539619,0.0194471360910108,0.015944788534701756,0.0010614874430164341,0.0034289253455973283,0.0013856399307413786,2,2122,3.548904568007913e-05,0.9985506544197753,0.00038608147574206475,0.0007531577204293502,2.5947119704630825e-05,0.00015273772613480204,9.59324925335546e-05,2,-4.6593155290189974e-05,0.039900713965813406,-0.019061054615268736,-0.015191630814272406,-0.0010355403233118033,-0.0032761876194625263,-0.001289707438207824,0.04688266571800615,2,0.21971735985370383,0.012766069201352087,-0.20695129065235174
tm129670,luiz carlos_1985,2021,0.00010648306866561381,0.0009407263914913029,0.968850220344312,0.004413741255677031,0.0012798571564516402,0.024102689344913376,0.00030628243848908684,3,2122,7.875875160744773e-05,0.002810999321146248,0.9460170669431339,0.0479596816307907,5.28138163750512e-05,0.0027647246274872758,0.00031595490945942304,3,-2.772431705816608e-05,0.001870272929654945,-0.022833153401178086,0.04354594037511367,-0.001227043340076589,-0.0213379647174261,9.672470970336201e-06,0.05364620098855453,4,0.162921411810456,0.2347811944170863,0.07185978260663031
tm131015,marco baixinho_1989,2021,7.686562963992857e-06,0.9958234632671463,0.0010392846824920428,0.002726141148760343,4.7681271111676355e-05,0.00013107370639532396,0.00022466936113009912,2,2122,8.708649320124675e-06,0.9995561244043752,0.00011160840528360696,0.00023718184580405753,6.928813644571821e-06,3.666083430255926e-05,4.278704726972454e-05,2,1.0220863561318178e-06,0.003732661137228921,-0.0009276762772084359,-0.0024889593029562857,-4.0752457467104534e-05,-9.441287209276469e-05,-0.00018188231386037458,0.0045824487395184224,2,0.031028563774919346,0.004427785127934537,-0.026600778646984808
tm137192,zainadine junior_1988,2021,1.0478319033990781e-05,0.9871682905323631,0.002343042658408883,0.00992465941028909,9.298047915034418e-05,0.00028557059539139706,0.00017497800536299589,2,2122,7.351255166724053e-05,0.9923814917790945,0.002348263003438864,0.004049917928272123,6.659433934688605e-05,0.0006646831232220723,0.0004155372749582148,2,6.303423263324975e-05,0.005213201246731414,5.220345029980939e-06,-0.0058747414820169664,-2.638613980345813e-05,0.00037911252783067524,0.0002405592695952189,0.007863744516645402,4,0.07754656292507574,0.05355564874282652,-0.023990914182249218
tm139395,ricardo esgaio_1993,2021,0.0002827669659983655,0.0951117211559862,0.07869314079878917,0.7769484601526406,0.01023976543332404,0.03378535629811796,0.004938789195143444,4,2122,0.008809175654565614,0.06369448080383684,0.20221737712711377,0.3760456790640493,0.017829958968844033,0.24487498801762397,0.08652834036396644,4,0.00852640868856725,-0.031417240352149364,0.1235242363283246,-0.40090278108859134,0.007590193535519993,0.211089631719506,0.081589551168823,0.4708051222522067,4,0.8098179184467488,1.5361929242091523,0.7263750057624035
tm14132,pepe_1983,2021,4.3442685817905214e-05,0.9874249095753468,0.005000045490873951,0.0061402273780257225,0.00030588613743604356,0.0006418373454612238,0.0004436513870385982,2,2122,0.00014361628358771608,0.995322142639421,0.0005617687651057473,0.002995772389472866,0.00010421187311763401,0.0006522305702798596,0.00022025747901514094,2,0.00010017359776981087,0.007897233064074194,-0.004438276725768203,-0.0031444549885528564,-0.00020167426431840955,1.0393224818635856e-05,-0.00022339390802345727,0.00959181957792879,2,0.0813141168461028,0.03514371389995847,-0.046170402946144336
tm149729,joao mario_1993,2021,0.00018322277977874052,0.01705466355261995,0.2894155481962122,0.31917117468896117,0.0135657360671088,0.35841051588439093,0.00219913883092842,6,2122,0.012236591042818105,0.005748960195667478,0.02992436228677337,0.6860286185154961,0.014714540729175433,0.24252907403428825,0.008817853195781081,4,0.012053368263039365,-0.011305703356952473,-0.2594911859094388,0.36685744382653496,0.001148804662066634,-0.11588144185010268,0.0066187143648526615,0.4643522268579277,4,1.2339081198253354,0.8944377094336629,-0.3394704103916726
tm155025,fabio cardoso_1994,2021,0.0021212320892400323,0.9020026695043706,0.04555697787514499,0.031987360475995756,0.005769778305221918,0.005537577003535048,0.0070244047464918,2,2122,3.220463490510491e-05,0.9985822482055546,0.000486935704565161,0.0006262286239016167,2.474392755438305e-05,0.00011178601087133961,0.0001358528926478546,2,-0.0020890274543349276,0.09657957870118405,-0.045070042170579826,-0.03136113185209414,-0.005745034377667535,-0.005425790992663709,-0.006888551853843946,0.11139682660651559,2,0.4502659366555512,0.012572043895262446,-0.43769389276028875
tm155395,salvador agra_1991,2021,0.00322722066432617,0.0020464804942507673,0.008775364943919523,0.008318077444468643,0.8765668135568048,0.0971114019809048,0.003954640915325319,5,2122,0.20100509841362618,0.0009378932392970504,0.0009985564976223353,0.012045004007383994,0.690023942413224,0.09045588918806617,0.004533616240780435,5,0.1977778777493,-0.0011085872549537168,-0.007776808446297188,0.0037269265629153517,-0.1865428711435808,-0.00665551279283863,0.0005789753254551167,0.27209231016138785,1,0.4763944359399735,0.8870030087453409,0.4106085728053674
tm164705,raul silva_1989,2021,2.5651977878072637e-05,0.9456111653755965,0.01154106932047273,0.041572914696812915,0.00011914009703853967,0.0008324229204235319,0.0002976356117777547,2,2122,0.029300638286850478,0.6027754909714049,0.0776986522805245,0.16364462997437437,0.015522754887130053,0.07037294888008845,0.040684884719627376,2,0.029274986308972406,-0.3428356744041916,0.06615758296005177,0.12207171527756146,0.015403614790091514,0.06954052595966492,0.04038724910784962,0.37781584141065067,2,0.24625841042068441,1.2849808584901727,1.0387224480694883
tm172181,diogo figueiras_1991,2021,4.358987658787412e-05,0.6902607544580951,0.04315878705374099,0.2564580469794629,0.0010913559827630374,0.007780398945684559,0.0012070667036656968,2,2122,0.0026684457526681437,0.3833900113143835,0.16092748408773352,0.3943030410499902,0.003700411748347548,0.035686872380879066,0.01932373366599785,4,0.0026248558760802697,-0.3068707431437116,0.11776869703399254,0.1378449940705273,0.0026090557655845106,0.027906473435194507,0.01811666696233215,0.3575371724575071,2,0.7942727218339503,1.2602285482111217,0.4659558263771715
tm173617,fabricio_1990,2021,0.006056007291172049,0.002370477196932577,0.021254920547393974,0.0044659747598058555,0.9496484906717849,0.012436269797144421,0.003767859735766087,5,2122,0.13074237909026995,0.03937611330240522,0.013558329028635513,0.037380935106250915,0.6728500617320626,0.07369707671116206,0.03239510502921366,5,0.1246863717990979,0.037005636105472646,-0.007696591518758461,0.03291496034644506,-0.2767984289397223,0.06126080691401764,0.028627245293447574,0.31373395939691207,5,0.2759288460507739,1.1444306035458554,0.8685017574950815
tm176485,lucas piazon_1994,2021,0.08401384167356042,0.01270921604005619,0.06321736959406819,0.012863861054756804,0.7497591355812345,0.03894668958944269,0.038489886466881215,5,2122,0.0012143066608341973,0.008752291936667291,0.03694448021299441,0.9170303312386,0.0013853392432438792,0.03381707972121114,0.000856170986448991,4,-0.08279953501272623,-0.003956924103388899,-0.026272889381073784,0.9041664701838432,-0.7483737963379906,-0.005129609868231549,-0.03763371548043223,1.1769317493850528,4,0.9618317825886249,0.38060484448482385,-0.5812269381038011
tm176997,anderson carvalho_1990,2021,0.00012234070513014814,0.014883443173131394,0.8184979338219659,0.11961017702384333,0.0009553793531562107,0.043271547775350985,0.002659178147422176,3,2122,0.00013869955711388293,0.009061511503027538,0.9586735369448014,0.027980408788346126,0.0001001577090932957,0.002536284349677403,0.0015094011479403605,3,1.635885198373479e-05,-0.005821931670103857,0.1401756031228355,-0.0916297682354972,-0.000855221644062915,-0.04073526342567358,-0.0011497769994818154,0.17245057954134138,3,0.6399462400153301,0.2102673453066207,-0.42967889470870935
tm177964,yusupha njie_1994,2021,0.6883192002056289,0.007038317972698837,0.008193129115193147,0.0048745789141404995,0.21947209003189408,0.008242729816945857,0.06385995394349861,1,2122,0.6297888637470893,0.0004567020858409022,0.0007356989477258877,0.0036137888292272257,0.3412306766759094,0.020596274829054427,0.0035779948851529723,1,-0.058530336458539556,-0.006581615886857935,-0.00745743016746726,-0.0012607900849132738,0.12175858664401532,0.01235354501210857,-0.06028195905834564,0.13602971846580889,5,0.9053589941781739,0.7873495214306824,-0.11800947274749152
tm181783,claudio winck_1994,2021,1.153533552810144e-05,0.004910323070624592,0.01647817394236455,0.9618516260116746,0.00028903882598817763,0.01599043787070057,0.00046886494311947487,4,2122,0.006671818187771304,0.02683371363837036,0.1941129346133161,0.2940221687690367,0.004357013298209696,0.4654687285851853,0.008533622908110529,6,0.006660282852243202,0.021923390567745768,0.17763476067095155,-0.667829457242638,0.004067974472221519,0.4494782907144847,0.008064757964991055,0.8246954400390498,4,0.2033844992598759,1.228922014942904,1.0255375156830282
tm182108,sebastian perez_1993,2021,0.0017114075313376925,0.04415103294309307,0.8503642603232964,0.016860313719210398,0.020689968114832886,0.05970317665238797,0.0065198407158416054,3,2122,0.0004869911304245744,0.046533954057003356,0.4585633565639361,0.48512038124202295,0.0003758215913778238,0.007577554689222089,0.001341940726013042,4,-0.0012244164009131181,0.002382921113910287,-0.3918009037593603,0.4682600675228126,-0.020314146523455062,-0.05212562196316588,-0.005177899989828563,0.6131169232256616,4,0.636650174684647,0.9037354594797674,0.2670852847951204
tm182936,filipe ferreira_1990,2021,9.027363605046404e-05,0.8300852662948609,0.017179315799664453,0.13866050715305595,0.0013260467848404348,0.009046558295414947,0.0036120320361126054,2,2122,0.0009153554960550821,0.866229931608411,0.023768647809904456,0.08572424709654353,0.0009965169576919399,0.016924695002422194,0.005440606028971854,2,0.000825081860004618,0.036144665313550095,0.006589332010240003,-0.05293626005651242,-0.00032952982714849494,0.007878136707007247,0.0018285739928592488,0.06492270899845,4,0.5708631221581114,0.5345601976046086,-0.03630292455350281
tm193082,alex grimaldo_1995,2021,0.0019110848214845485,0.2543654154115575,0.21108048984356625,0.2597676311355484,0.03439995759767467,0.19199963080455154,0.046475790385617,4,2122,0.07903620408554163,0.07537380661125359,0.037650862760846636,0.37672002837681534,0.09678135696693559,0.1937796433047395,0.1406580978938677,4,0.07712511926405707,-0.1789916088003039,-0.1734296270827196,0.11695239724126694,0.06238139936926092,0.0017800125001879719,0.09418230750825071,0.29263729469210586,2,1.614076211910539,1.7065943578574643,0.09251814594692531
tm193303,nuno sequeira_1990,2021,3.9690570560154754e-05,0.12346592193028695,0.017426087915907326,0.8468209786570093,0.00047102358429530023,0.010122254429668263,0.0016540429122726414,4,2122,0.003123703165396254,0.8779043210960616,0.011150211405760184,0.062397167261486704,0.004249520829198165,0.025556524221617943,0.015618552020479078,2,0.003084012594836099,0.7544383991657747,-0.006275876510147141,-0.7844238113955226,0.0037784972449028645,0.01543426979194968,0.013964509108206437,1.088484912851433,4,0.5307298851854102,0.5374584194660066,0.006728534280596388
tm193830,iuri medeiros_1994,2021,0.1356641357530243,0.02393999624604353,0.03894199329001438,0.02857792344924,0.42362936632770043,0.14060569696047293,0.20864088797350439,5,2122,0.43002486388673394,0.005868883945035426,0.0027014191714464326,0.021917029622776054,0.3494628778441902,0.045599036494859566,0.14442588903495843,1,0.2943607281337096,-0.018071112301008104,-0.03624057411856795,-0.006660893826463947,-0.0741664884835102,-0.09500666046561336,-0.06421499893854596,0.3207171395997058,1,1.5550022992209898,1.2804449468562793,-0.27455735236471046
tm193994,yves baraye_1992,2021,0.02187864022960149,0.012706032719412863,0.14283145402590494,0.019545309565490478,0.5819697052599565,0.1745032625054716,0.04656559569416217,5,2122,0.012704835038105022,0.0016168913296670904,0.006423395210315743,0.12735437546033815,0.00953121090760834,0.8405659424575375,0.0018033495964282402,6,-0.009173805191496466,-0.011089141389745772,-0.1364080588155892,0.10780906589484768,-0.5724384943523482,0.6660626799520659,-0.044762246097733924,0.8954118629986548,6,1.2564732520865545,0.5624658431798042,-0.6940074089067503
tm196792,julian weigl_1995,2021,3.884103285132581e-05,0.017575968700307178,0.4524296115084635,0.5101875542459191,0.0005140268984325087,0.018487769319998976,0.0007662282940275626,4,2122,0.00021986015319810188,0.006256514093276554,0.13962136923098864,0.8471507087614744,0.00017287597947887376,0.006016913407022317,0.0005617583745611955,4,0.00018101912034677607,-0.011319454607030623,-0.31280824227747484,0.33696315451555525,-0.000341150918953635,-0.012470855912976659,-0.00020446991946636707,0.46008365042617155,4,0.8567675972403987,0.4854778055760343,-0.37128979166436443
tm197981,pedrinho_1992,2021,7.967145757985808e-05,0.0012624309788763165,0.010899674962199932,0.018357998419115836,0.008627224585487902,0.9595895514699836,0.0011834481267565132,6,2122,0.015208813830351775,0.020068549130583046,0.06982418773206463,0.6014916047390759,0.017433483031663737,0.23308327983198274,0.04289008170427812,4,0.015129142372771917,0.01880611815170673,0.0589245127698647,0.5831336063199601,0.008806258446175835,-0.7265062716380009,0.04170663357752161,0.9338031778543749,6,0.22038584722728935,1.178835682576664,0.9584498353493746
tm198053,lazar rosic_1993,2021,2.1362414005997595e-05,0.9906372374717705,0.001650829781199227,0.006911567144057558,9.56003690992283e-05,0.00025641730635772434,0.00042698551350978575,2,2122,6.835902573234223e-07,0.9999660725360484,9.803632392515052e-06,1.8882893370439854e-05,5.122460558232004e-07,2.1756566139409696e-06,1.8694452615488005e-06,2,-2.0678823748674172e-05,0.009328835064277952,-0.0016410261488067118,-0.006892684250687118,-9.50881230434051e-05,-0.00025424164974378335,-0.00042511606824823694,0.011717650568206898,2,0.060824454819161766,0.0004225319668449736,-0.06040192285231679
tm203348,chancel mbemba_1994,2021,3.3766171691528434e-05,0.9937602788178918,0.0017444278368535981,0.003408836668662299,0.00017354192435433137,0.0003662855985751896,0.0005128629819712569,2,2122,0.0008945825874031262,0.9784348449689863,0.004713119749690069,0.010456309939599194,0.0004836548793219474,0.0027227760320208028,0.0022947118429786474,2,0.0008608164157115978,-0.0153254338489055,0.0029686919128364703,0.007047473270936895,0.000310112954967616,0.0023564904334456133,0.0017818488610073905,0.017312976518912254,2,0.04530021414312277,0.13426535138701648,0.08896513724389371
tm205116,talocha_1989,2021,0.00024479665596622847,0.3129516102050431,0.07654748778182983,0.4996937974167294,0.0043301929515766144,0.09378169816955208,0.012450416819302939,4,2122,0.00029571114251417796,0.9886132671231107,0.0015716012738650807,0.006752289885619628,0.00036079990609691215,0.0017511399830708828,0.0006551906857223714,2,5.091448654794949e-05,0.6756616569180676,-0.07497588650796476,-0.49294150753110977,-0.003969393045479702,-0.09203055818648119,-0.011795226133580567,0.8447584094565241,2,1.2091102844692099,0.07639585754616239,-1.1327144269230476
tm211072,paulinho_1992,2021,0.14563273951737024,0.0015338258748194829,0.0048269426068587975,0.0018782271199577867,0.8234917405429747,0.007320788798149318,0.015315735539869466,5,2122,0.6261176999327663,0.00010586926249755048,8.172654387269941e-05,0.00046849116556904244,0.37049971044433955,0.000922295215855464,0.0018042074350994044,1,0.4804849604153961,-0.0014279566123219323,-0.004745216062986098,-0.0014097359543887443,-0.45299203009863515,-0.0063984935822938545,-0.01351152810477006,0.6604052246381932,1,0.5879828219587924,0.6842026651008889,0.09621984314209653
tm211107,joao afonso_1990,2021,1.2337475046383577e-05,0.9807379195771474,0.003121929303377151,0.014919917275598375,8.132983954536734e-05,0.0004231861340672135,0.000703380395218255,2,2122,2.547854847433377e-05,0.9990883484311383,0.00022482073320385443,0.0004900794755862347,1.845942150997115e-05,7.82791104139478e-05,7.453427967356076e-05,2,1.3141073427950193e-05,0.018350428853990852,-0.0028971085701732964,-0.01442983780001214,-6.287041803539619e-05,-0.0003449070236532657,-0.0006288461155446942,0.023526044766591155,2,0.10912462756538518,0.008453894162227112,-0.10067073340315807
tm211345,mansur_1993,2021,7.369242188317368e-06,0.9888343817210011,0.0014274537744858912,0.009195892488622563,7.846976483345126e-05,0.0003019152442627391,0.00015451776460597222,2,2122,1.2256794157168088e-05,0.9973272726302012,0.0009899388266838714,0.0012212101272286377,1.4801099095690093e-05,0.0003362227072520025,9.829781538144973e-05,2,4.88755196885072e-06,0.008492890909200024,-0.00043751494780201977,-0.007974682361393926,-6.366866573776117e-05,3.430746298926343e-05,-5.621994922452248e-05,0.011658534585419723,2,0.06820696330571471,0.02160847151146991,-0.0465984917942448
tm214070,ewerton_1992,2021,6.326657653212907e-05,0.009313407671685228,0.8193896945353772,0.12472153940010557,0.0012233653986653632,0.04461118424495225,0.0006775421726821965,3,2122,0.002307346188560021,0.006350381405839012,0.2552650303208659,0.6980293392465132,0.0012744009552621638,0.03562057373280627,0.001152928150153548,4,0.002244079612027892,-0.0029630262658462154,-0.5641246642145114,0.5733077998464077,5.1035556596800606e-05,-0.008990610512145981,0.0004753859774713514,0.8043712570945273,4,0.6188906700661385,0.7807103084563994,0.16181963839026092
tm214538,mateus uribe_1991,2021,1.757336756554648e-05,0.0022112170907640817,0.9847054295030621,0.005851529859607817,0.00020466363312649023,0.006862799244287887,0.00014678730158602867,3,2122,0.00026170117090499207,0.007780756675979954,0.12045349348621076,0.866551250566721,0.00023922687449308655,0.003962685613950451,0.0007508856117396058,4,0.0002441278033394456,0.005569539585215872,-0.8642519360168512,0.8606997207071132,3.456324136659632e-05,-0.002900113630337436,0.000604098310153577,1.2197437884069917,3,0.09619434962458054,0.44831487640869405,0.35212052678411354
tm215122,ivo rodrigues_1995,2021,0.05938732349573212,0.016728072806154085,0.15937644414595792,0.042914737633672644,0.4603784966105951,0.2111794892138316,0.05003543609405649,5,2122,0.006036584261949024,0.003636161106782304,0.035396544060890774,0.16066985005160833,0.00691267778287713,0.7737442461115664,0.013603936624325892,6,-0.0533507392337831,-0.01309191169937178,-0.12397990008506715,0.11775511241793568,-0.45346581882771797,0.5625647568977349,-0.036431499469730594,0.7445571409924825,6,1.4993006938369904,0.7546283809970682,-0.7446723128399222
tm222813,marko grujic_1996,2021,0.0009385921262289805,0.012308638792508087,0.9163024457266766,0.023241932918464235,0.005931819242459561,0.03921731520412215,0.0020592559895402113,3,2122,0.00097826105150642,0.022464333475863893,0.7185397448888344,0.23374950366770894,0.0007093904409855556,0.020873889359639696,0.002684877115461174,3,3.966892527743949e-05,0.010155694683355806,-0.1977627008378422,0.2105075707492447,-0.005222428801474005,-0.018343425844482456,0.0006256211259209627,0.2896384261935039,4,0.39835698573408496,0.7711130138253726,0.3727560280912876
tm225151,rafael barbosa_1996,2021,0.0003951060187587615,0.0004396318369046077,0.0023573061699950393,0.0008241266968242834,0.9921765035527688,0.00342804543335269,0.00037928029139576544,5,2122,0.07526065286195033,0.005215053974151679,0.01109993456440256,0.23563264346966376,0.2520272703603643,0.4105614737669057,0.010202971002561725,6,0.07486554684319156,0.004775422137247072,0.008742628394407521,0.23480851677283948,-0.7401492331924044,0.40713342833355304,0.009823690711165959,0.8800100247854903,5,0.05684616638540017,1.3722807257520797,1.3154345593666796
tm231289,otavio_1995,2021,3.865241285293977e-05,0.00048549898417447754,0.02187829014224691,0.007736293923783989,0.0016701490089007778,0.9673317845420099,0.0008593309860309693,6,2122,0.003563544159436621,0.004425497635687809,0.33180959327438325,0.22573490606710017,0.003945532537935561,0.40950788321719844,0.021013043108258102,6,0.003524891746583681,0.003939998651513332,0.30993130313213635,0.21799861214331617,0.0022753835290347836,-0.5578239013248114,0.020153712122227132,0.6743748499671621,6,0.17420971632541024,1.2147210699879865,1.0405113536625763
tm231614,gilberto_1993,2021,5.905789040715513e-06,0.0025545560258596746,0.015872688993255404,0.9761700851180563,6.303220099524598e-05,0.005206217915694537,0.0001275139570984122,4,2122,0.006561518329697893,0.06597906252711805,0.35016902433102853,0.2986434067139611,0.00670277413506709,0.21836119741418514,0.05358301654894208,3,0.006555612540657178,0.06342450650125837,0.33429633533777314,-0.6775266784040952,0.006639741934071844,0.2131549794984906,0.05345550259184367,0.787617429535568,4,0.13375507820844926,1.463318851158277,1.3295637729498277
tm235568,joao pedro_1993,2021,0.0001889890062050133,0.0051065069211352065,0.5936171579838435,0.10031256562768448,0.00898341391301829,0.29071426716064375,0.0010770993874696594,3,2122,0.006022473324561182,0.007833616030587973,0.11295563955443673,0.7116372212982598,0.008771288867119278,0.14684654234928665,0.005933218575748367,4,0.005833484318356169,0.0027271091094527664,-0.4806615184294068,0.6113246556705754,-0.00021212504589901253,-0.1438677248113571,0.004856119188278708,0.7908810048499264,4,0.9776635581262523,0.9108646482445317,-0.06679890988172055
tm238055,rafa silva_1993,2021,0.007649165306553694,0.011393142983251064,0.07681425098822045,0.013238484128802927,0.767482370006147,0.11044765463273698,0.012974931954287793,5,2122,0.5312859084163025,0.005008382060385534,0.004968663232991879,0.02940233844462138,0.18330477558281597,0.0793758962959021,0.16665403596698067,1,0.5236367431097488,-0.00638476092286553,-0.07184558775522858,0.016163854315818453,-0.5841775944233311,-0.031071758336834884,0.15367910401269289,0.7885988705072033,5,0.8454606984012326,1.3033075115270267,0.4578468131257941
tm249360,ali alipour_1995,2021,0.002888647744580729,0.00220317101960157,0.009678344790319846,0.001542494184652103,0.9780551754180808,0.00447923771747727,0.0011529291252875022,5,2122,0.6122860509534144,0.00024015244323647222,0.00019699721612856825,0.000798246352430075,0.3820186991325695,0.0029033720062049675,0.0015564818960159686,1,0.6093974032088336,-0.0019630185763650975,-0.009481347574191277,-0.000744247832222028,-0.5960364762855114,-0.0015758657112723024,0.00040355277072846646,0.8524795966777435,1,0.13896943072831971,0.7043721721617873,0.5654027414334676
tm255995,mario gonzalez_1996,2021,0.976599852548381,0.00043706805065601615,0.000496771854159488,0.00016296763071206228,0.013714521186416395,0.0002665832540078524,0.00832223547566723,1,2122,0.35475300587350417,0.0006389080652607958,0.00047923427662112904,0.0022194191034177963,0.6248906276320527,0.006306481503652612,0.010712323545490855,5,-0.6218468466748768,0.00020184001460477963,-1.753757753835891e-05,0.002056451472705734,0.6111761064456364,0.00603989824964476,0.0023900880698236246,0.8719349082471807,1,0.1325789918756124,0.7639217326693304,0.631342740793718
tm257388,wilson manafa_1994,2021,2.58980285757983e-05,0.939299348519329,0.004287726340113364,0.05326543296868062,0.00040839611846369236,0.0021760790707869462,0.0005371189540507626,2,2122,0.0007034123998611673,0.962903682869616,0.005889826507733047,0.021625971042356598,0.0007103061708282912,0.006444075408861725,0.0017227256007432354,2,0.000677514371285369,0.02360433435028708,0.0016021001676196833,-0.031639461926324025,0.0003019100523645989,0.00426799633807478,0.0011856066466924726,0.03974358871817408,4,0.25924009229261086,0.2032789804358329,-0.05596111185677796
tm257455,joao palhinha_1995,2021,0.0004055063878453776,0.04477158376819978,0.5790207372099084,0.19518266829160577,0.0032029939472012605,0.15827389450730775,0.019142615887931504,3,2122,0.003431707826943203,0.005968167489075756,0.8626698634963803,0.07463093162847341,0.0016646287310805644,0.043160238478877046,0.008474462349169595,3,0.0030262014390978254,-0.03880341627912402,0.2836491262864719,-0.12055173666313236,-0.001538365216120696,-0.11511365602843071,-0.01066815353876191,0.33129734595590576,3,1.1634044197934146,0.5578825247184105,-0.6055218950750041
tm257456,francisco geraldes_1995,2021,0.004193136094295734,0.051052349090062156,0.24516872847439056,0.08698146260858611,0.22401609609092982,0.37286651287440875,0.01572171476732688,6,2122,0.0016575582469114003,0.0007311283171547686,0.0036086771623343714,0.6415966024910723,0.002281039354865857,0.34966989382282176,0.0004551006048394924,4,-0.0025355778473843335,-0.05032122077290739,-0.24156005131205618,0.5546151398824862,-0.22173505673606397,-0.023196619051586986,-0.015266614162487388,0.646677960590137,4,1.500174620671169,0.705725160286875,-0.794449460384294
tm258015,diogo goncalves_1997,2021,0.00043898000973998866,0.06843330726417562,0.1299091541085111,0.41999188647330876,0.007251559625094097,0.35374275754415246,0.020232354975017817,4,2122,0.0014452378900404116,0.0023106138789742645,0.01964487112459196,0.09487748990643682,0.0016885483987628936,0.8779839935576954,0.0020492452434984283,6,0.001006257880300423,-0.06612269338520135,-0.11026428298391913,-0.3251143965668719,-0.005563011226331203,0.5242412360135429,-0.01818310973151939,0.6301512728887767,6,1.2986553589636616,0.46184700015659635,-0.8368083588070652
tm258135,andrija lukovic_1994,2021,0.012178875623958047,0.04075037903452345,0.41252719183573044,0.1587139454159305,0.04803508674442217,0.2963965079743379,0.031398013371097246,3,2122,0.004112953638203937,0.010997068300962008,0.01848355238538727,0.8606214993083208,0.006839410079048031,0.09519112227943474,0.003754394008643318,4,-0.00806592198575411,-0.029753310733561442,-0.39404363945034315,0.7019075538923902,-0.04119567666537414,-0.20120538569490318,-0.02764361936245393,0.8313095774788786,4,1.456438772453651,0.5540778597319848,-0.9023609127216662
tm261927,ricardo horta_1994,2021,0.041351964010415826,0.0012903628404253638,0.0037803888877356424,0.0015677254729586814,0.9424757521783415,0.004832632224406868,0.004701174385715985,5,2122,0.7563724239896412,0.0015101509549250713,0.0009845104225571725,0.00903752432706026,0.1898572127305148,0.017238116834912543,0.025000060740388907,1,0.7150204599792254,0.00021978811449970752,-0.00279587846517847,0.007469798854101579,-0.7526185394478266,0.012405484610505675,0.02029888635467292,1.0382227522531147,5,0.2783325968609425,0.7480190153728901,0.46968641851194753
tm262002,welinton junior_1993,2021,0.014525519838322263,0.0219209990782784,0.0647200491395467,0.19376479732660473,0.3785828003292363,0.17152450632235192,0.1549613279656596,5,2122,0.7936663627402109,0.0006019616901283047,0.0016316209740572176,0.007441507797014313,0.14535036423924463,0.03479975466594465,0.016508427893400266,1,0.7791408429018886,-0.021319037388150098,-0.06308842816548947,-0.18632328952959043,-0.23323243608999167,-0.13672475165640727,-0.13845290007225933,0.8481170316545474,1,1.5994529338422105,0.6997494610858861,-0.8997034727563245
tm264848,ruben lameiras_1994,2021,0.0057780935233818775,0.009811521221316937,0.07475372439654547,0.03688144934012843,0.6240342097342172,0.23862098194267078,0.010120019841739382,5,2122,0.11066981811930822,0.0039540656803338315,0.0018665507128336355,0.01919780381072966,0.7411600765596137,0.11925938906508203,0.0038922960520989397,5,0.10489172459592634,-0.005857455540983106,-0.07288717368371184,-0.01768364552939877,0.1171258668253965,-0.11936159287758875,-0.0062277237896404426,0.2112522038105331,6,1.0733993776018977,0.8503048074726302,-0.2230945701292676
tm265589,fahd moufi_1996,2021,5.418305418576975e-05,0.060074539070262716,0.018880150611284483,0.8928674943228772,0.0010026102208551292,0.024283868248922855,0.002837154471611817,4,2122,0.003682388699412365,0.5672897803085846,0.05831952103516897,0.24209539554839524,0.00371039290032416,0.1149167404126636,0.009985781095451146,2,0.003628205645226595,0.5072152412383218,0.039439370423884484,-0.6507720987744819,0.002707782679469031,0.09063287216374075,0.007148626623839329,0.8310005432652362,4,0.45944563165286295,1.1667460696475982,0.7073004379947352
tm27178,ruben fernandes_1986,2021,6.740571238476708e-05,0.9859001806798615,0.0033118537958404604,0.009009770087482763,0.00031226203727595505,0.00044788547104729375,0.0009506422161070861,2,2122,0.0004396090626309752,0.9865147294297258,0.003244748743102951,0.0059248601923969114,0.0003308860191712033,0.0013941700139624676,0.0021509965390099023,2,0.0003722033502462081,0.0006145487498643298,-6.710505273750927e-05,-0.003084909895085851,1.862398189524827e-05,0.0009462845429151739,0.0012003543229028163,0.003306535791074645,4,0.08857892164774202,0.09080289033977143,0.0022239686920294127
tm290336,rochinha_1995,2021,0.007649888509936106,0.020505382799148188,0.068361796034922,0.041411007725213174,0.4476328161811371,0.360231095625544,0.05420801312409956,5,2122,0.22903418461966363,0.0027547599667122435,0.00878841169415285,0.0542873733627184,0.3012146948700947,0.3940059936846204,0.00991458180203772,6,0.2213842961097275,-0.017750622832435944,-0.05957338434076915,0.012876365637505223,-0.14641812131104237,0.03377489805907641,-0.044293431322061844,0.27499070907203166,1,1.3178671223546288,1.3277324490842222,0.009865326729593393
tm290388,rafael ramos_1995,2021,4.673676589979434e-05,0.07752817369842858,0.013406451033282245,0.8934569295798612,0.0007631675845221555,0.013013882586275404,0.0017846587517305619,4,2122,8.664903793428915e-05,0.9876191751118648,0.005347655670482727,0.004046872760450203,0.00010599593794500425,0.001455947749431289,0.0013377037318917783,2,3.991227203449481e-05,0.9100910014134362,-0.008058795362799517,-0.889410056819411,-0.0006571716465771513,-0.011557934836844115,-0.0004469550198387836,1.2726016044046047,2,0.4304527477822423,0.08271775678252015,-0.34773499099972216
tm290391,nuno santos_1995,2021,0.040851980568098065,0.019901534730598185,0.05747056874128271,0.03593057552821794,0.5070827721390336,0.21745276845693715,0.12130979983583229,5,2122,0.10404982325129894,0.012137005833786766,0.007536495070466853,0.10720156270190513,0.5912713446792988,0.07949360528640977,0.0983101631768338,5,0.06319784268320087,-0.007764528896811418,-0.04993407367081586,0.07127098717368718,0.08418857254026513,-0.13795916317052737,-0.022999636658998485,0.19428758839399404,6,1.4242905014154288,1.305247877428362,-0.11904262398706678
tm290530,bilel aouacheria_1994,2021,0.016760471003559728,0.025441507713938022,0.2650653317530145,0.0855129154116348,0.4773735989984017,0.11467894515784965,0.015167229961601466,5,2122,0.0033855814552503105,0.005717978956197776,0.02383189686334562,0.44229743291504514,0.005373879148730445,0.5158604186118616,0.0035328120495690548,6,-0.013374889548309418,-0.019723528757740246,-0.2412334348896689,0.35678451750341034,-0.47199971984967126,0.40118147345401195,-0.01163441791203241,0.7548423527312154,5,1.3890436132520465,0.8881418479711307,-0.5009017652809158
tm298410,joao pedro sousa silva_1996,2021,0.8908260365306457,0.0032704941612319524,0.0034286845006374304,0.001836929141499657,0.029693754930931092,0.0029564350732774365,0.06798766566177675,1,2122,0.1421638300266161,0.030352991799693044,0.020524556399079904,0.0419446763443626,0.5847198452261304,0.11156829057917503,0.06872580962494305,5,-0.7486622065040296,0.02708249763846109,0.017095871898442472,0.04010774720286294,0.5550260902951993,0.1086118555058976,0.0007381439631663073,0.9396701322337988,1,0.45715832496349906,1.3386723801078353,0.8815140551443362
tm299400,pedro sa_1993,2021,0.00015854142491781496,0.07663242728707761,0.569726810760113,0.3301140232520984,0.0007753876130184454,0.016411916302247198,0.006180893360527595,3,2122,0.0007737110316384991,0.016491351282248542,0.5372893191560424,0.4370592689311412,0.0004356183561322999,0.0067651241202774,0.001185607122519653,3,0.0006151696067206842,-0.06014107600482907,-0.03243749160407061,0.10694524567904284,-0.00033976925688614546,-0.009646792181969798,-0.004995286238007942,0.12727914178736704,4,0.9890740365183271,0.8139184669403936,-0.17515556957793355
tm302371,toni martinez_1997,2021,0.724059072950479,0.0036319396490002557,0.0042782873147985635,0.002417626906952248,0.08057877921171973,0.0029154393140482177,0.18211885465300207,1,2122,0.3886554387086811,0.006882634584296655,0.005541448727438973,0.012407284423492815,0.1567145868646491,0.029465957585096264,0.40033264910634525,7,-0.3354036342417979,0.003250694935296399,0.0012631614126404093,0.009989657516540566,0.07613580765292936,0.026550518271048047,0.21821379445334319,0.3451219276453546,1,0.822215497183357,1.2456078299175306,0.42339233273417365
tm307058,mehdi taremi_1992,2021,0.9360210710627748,0.0004221207582328942,0.0007384395481992958,0.00028400464895278986,0.04712512769140241,0.0005877123249273108,0.014821523965510546,1,2122,0.514482337829325,0.002774454899534072,0.002098275629938554,0.007849939162113044,0.25846292213945576,0.0114751628496385,0.2028569074899951,1,-0.4215387332334498,0.002352334141301178,0.0013598360817392583,0.007565934513160254,0.21133779444805334,0.01088745052471119,0.18803538352448457,0.4717432877660224,1,0.28357179430073065,1.1338214718175732,0.8502496775168426
tm308371,mikel villanueva_1993,2021,5.083521151264065e-07,0.99950994143774,9.406775645126723e-05,0.000369736030954423,4.043417712398198e-06,1.1810604140107158e-05,9.892400886647354e-06,2,2122,1.7613443413965376e-07,0.9999869188640255,4.785277493431245e-06,6.105571533071818e-06,1.3102565946839173e-07,8.350771593333827e-07,1.0480496950500795e-06,2,-3.3221768098675267e-07,0.00047697742628549644,-8.928247895783599e-05,-0.0003636304594213512,-3.912392052929806e-06,-1.0975526980773776e-05,-8.844351191597274e-06,0.0006064996427257354,2,0.004589594611011254,0.00017593932080552774,-0.0044136552902057265
tm308560,jhon murillo_1995,2021,0.060039234393535694,0.02547326234150019,0.09511616408253967,0.019130543081479722,0.7114332132812742,0.04456881326353584,0.04423876955613463,5,2122,0.37289876174934017,0.008427907943003986,0.007217437798716979,0.06701342083455852,0.3718136666320111,0.14256953621245133,0.030059268829917947,1,0.31285952735580447,-0.017045354398496203,-0.0878987262838227,0.0478828777530788,-0.3396195466492631,0.09800072294891549,-0.014179500726216682,0.48284175688610803,5,1.0806396554189754,1.3757364085410573,0.29509675312208183
tm312123,lucas possignolo_1994,2021,5.63865442186495e-06,0.9980773768599671,0.0009227446673275513,0.0008048720292864669,3.1480069068164074e-05,8.152150280543296e-05,7.636621712338704e-05,2,2122,0.006169502469106621,0.815934558945063,0.03894388654655096,0.08265526835368127,0.0036889841257040533,0.023686041478352987,0.028921758081541342,2,0.006163863814684756,-0.18214281791490416,0.03802114187922341,0.08185039632439481,0.0036575040566358893,0.023604519975547553,0.028845391864417955,0.20476729387909773,2,0.015989554102114504,0.7416284936800075,0.7256389395778929
tm314367,marcus edwards_1998,2021,0.017955816454540148,0.01938685765209579,0.031060794393027696,0.042567613956507606,0.7065177129878567,0.13333711897443365,0.049174085581538275,5,2122,0.9884511760150704,7.217801387736412e-06,8.486773668933892e-06,8.376002992176961e-05,0.010946656536690028,0.0004443525495940782,5.83502936672195e-05,1,0.9704953595605302,-0.019379639850708053,-0.031052307619358763,-0.04248385392658584,-0.6955710564511667,-0.13289276642483958,-0.049115735287871054,1.2026992637242477,1,1.0530719336268113,0.06587260289270826,-0.987199330734103
tm321239,everton soares_1996,2021,0.056287539137752,0.0192059235338751,0.038399354780571784,0.022433586851076482,0.6843566752632957,0.10377334601802428,0.07554357441540478,5,2122,0.10607166472200336,0.007231471473760103,0.013083369340839018,0.11779481315844553,0.19333947511421246,0.5384010031440989,0.024078203046640583,6,0.049784125584251354,-0.011974452060114996,-0.025315985439732767,0.09536122630736905,-0.49101720014908323,0.4346276571260746,-0.051465371368764196,0.6650981885745172,5,1.1380188021579176,1.3231028826798876,0.18508408052197
tm323945,yan matheus_1998,2021,0.0049194106869183815,0.010412673048607926,0.04870975956605061,0.026220363157087038,0.7758164428803275,0.12368737933047014,0.010233971330538329,5,2122,0.1634078404504655,0.006208779360730911,0.009419989025883164,0.09485439668238821,0.37730397710750047,0.3323044317038515,0.01650058566918007,5,0.15848842976354713,-0.004203893687877015,-0.03928977054016744,0.06863403352530117,-0.398512465772827,0.20861705237338135,0.006266614338641742,0.48344992670948017,5,0.8186761210288104,1.3965158507969382,0.5778397297681278
tm324803,nicolas janvier_1998,2021,0.00014571482430377183,0.03940422712542097,0.3610769826549289,0.40617613892704313,0.004037559870055419,0.18630897066791038,0.002850405930337294,4,2122,0.024638049190495486,0.017772939019097156,0.08682769886739226,0.6166969003936166,0.03357087670321828,0.20163285705262624,0.0188606787735539,4,0.024492334366191713,-0.021631288106323816,-0.2742492837875366,0.21052076146657345,0.029533316833162862,0.015323886384715851,0.016010272843216607,0.3488645668900562,3,1.214507639796886,1.184870523639122,-0.029637116157763987
tm327911,felipe pires_1995,2021,0.0004603040659008221,5.575478875981579e-05,0.00017897136802016235,8.424076776505068e-05,0.9989156718380093,0.00017439526129370254,0.000130661910251294,5,2122,0.06733168076301113,0.005196547467865672,0.005148425767339474,0.06630207145494355,0.10160117428004482,0.7447449618064835,0.009675138460311773,6,0.06687137669711031,0.005140792679105856,0.004969454399319312,0.0662178306871785,-0.8973144975579646,0.7445705665451898,0.00954447655006048,1.1698146611501357,5,0.01017892975312254,0.9127351379951025,0.90255620824198
tm329722,andre horta_1996,2021,0.0003322381713385274,0.0027403348762984874,0.08416846842898042,0.02916429350602194,0.07940820555045083,0.8014455623126435,0.0027408971542664143,6,2122,0.0021321926925480365,0.00348265894640622,0.00523624163167105,0.9621318765390894,0.0033997355564561703,0.022522978527237322,0.001094316106591557,4,0.001799954521209509,0.0007423240701077325,-0.07893222679730937,0.9329675830330675,-0.07600846999399466,-0.7789225837854062,-0.0016465810476748572,1.2203115492941998,4,0.7249434827579385,0.20968894032248495,-0.5152545424354535
tm329723,gil bastiao dias_1996,2021,0.000398857385467798,0.09521905389500096,0.40637023987489956,0.2541278037001212,0.018762041629329408,0.2204648291276135,0.004657174387567536,3,2122,0.04037734050472228,0.021058261496081514,0.0421897762042731,0.5691213102979029,0.061825331778951755,0.24449440956946975,0.020933570148598788,4,0.03997848311925448,-0.07416079239891944,-0.36418046367062645,0.3149935065977817,0.043063290149622346,0.02402958044185624,0.01627639576103125,0.4913026452753878,3,1.3740523610075974,1.262642573524943,-0.11140978748265451
tm334557,chiquinho_1995,2021,0.24562632774061632,0.04161695735372685,0.3023213479321706,0.049924553054553324,0.21022205803270733,0.08925769042422815,0.06103106546199738,3,2122,0.11730285760727349,0.005941940548484659,0.007064671123367406,0.029713819509800555,0.7738683290340188,0.052126686139823936,0.013981696037230982,5,-0.12832347013334283,-0.03567501680524219,-0.2952566768088032,-0.02021073354475277,0.5636462710013115,-0.03713100428440422,-0.047049369424766396,0.6514602282983701,5,1.7026414416113047,0.8333752915586847,-0.86926615005262
tm335380,pedro nuno_1995,2021,0.6704398434998615,0.0031617875921292034,0.003894669541534219,0.004770390090068649,0.21117384652462357,0.008260918879070251,0.09829854387271267,1,2122,0.003306731214529041,0.0005608248660084145,0.0012327629655328254,0.007529231865717906,0.006321800533555483,0.9800719248837735,0.0009767236708826325,6,-0.6671331122853325,-0.002600962726120789,-0.0026619065760013936,0.0027588417756492572,-0.20485204599106807,0.9718110060047033,-0.09732182020183004,1.1964401546286296,6,0.9294045316332056,0.1266637283869049,-0.8027408032463007
tm336158,gustavo sauer_1993,2021,0.00010704912658540168,0.000845160507188021,0.020988352762785746,0.02898525991158056,0.006727712914609678,0.9415465702210293,0.000799894556221361,6,2122,0.04760805455761839,0.002817067421387281,0.0073091775071169,0.11720206567079833,0.05315542568601586,0.7599623163522118,0.011945892804851449,6,0.04750100543103299,0.00197190691419926,-0.013679175255668845,0.08821680575921777,0.046427712771406185,-0.1815842538688175,0.011145998248630088,0.21297401802602942,6,0.2867530163673284,0.8661868596935671,0.5794338433262387
tm337798,abdu conte_1998,2021,7.482611217856274e-05,0.02517303858633127,0.022606463415550455,0.8630211702990198,0.0024992372555488677,0.08474295700905987,0.0018823073223112176,4,2122,0.001991543785798629,0.6983474005683401,0.05875181026301578,0.14622307441456148,0.0023288464500712653,0.08463210912175365,0.007725215396459112,2,0.0019167176736200663,0.6731743619820089,0.03614534684746532,-0.7167980958844583,-0.00017039080547760245,-0.00011084788730622575,0.005842908074147894,0.9840088582523606,4,0.5421457250760999,0.9714607229176874,0.42931499784158744
tm340376,abel ruiz_2000,2021,0.14038496748930054,0.005498317925285985,0.01014170757820654,0.0024043209796980563,0.8249445756588353,0.00554864789151454,0.011077462477159043,5,2122,0.33609454710730663,0.029126796209120877,0.007315032185928995,0.10479642231551345,0.2889584703737244,0.20191058882287266,0.03179814298553287,1,0.19570957961800609,0.02362847828383489,-0.0028266753922775445,0.10239210133581539,-0.5359861052851109,0.19636194093135811,0.020720680508373827,0.6125290147862676,5,0.6027499079903349,1.533255065355086,0.9305051573647511
tm344392,fernando ferreira fonseca_1997,2021,2.4557019746252412e-05,0.7581713056864043,0.01070273944188721,0.2273224522350312,0.00030370228523795916,0.0024667557089345445,0.0010084876227586307,2,2122,8.213213965620179e-06,0.9991110809805779,0.0002486283084241559,0.0004973669249444183,9.879518314143717e-06,8.137822436580688e-05,4.3452829407861615e-05,2,-1.6343805780632233e-05,0.24093977529417354,-0.010454111133463055,-0.22682508531008677,-0.0002938227669238154,-0.0023853774845687377,-0.000965034793350769,0.33108406743455354,2,0.6197007950155249,0.008147850780464112,-0.6115529442350608
tm344395,jorge fernandes_1997,2021,3.737048828955018e-07,0.9993326943510895,0.00012283540531797695,0.0005222779137825551,2.7403298581420783e-06,9.588105782336182e-06,9.490189286396636e-06,2,2122,1.448254701058741e-06,0.9998471673162171,8.38561296301535e-05,5.305144359793085e-05,1.0406481991274205e-06,5.831159977243526e-06,7.6050476773599755e-06,2,1.074549818163239e-06,0.0005144729651276325,-3.897927568782345e-05,-0.0004692264701846242,-1.6996816590146578e-06,-3.7569458050926557e-06,-1.8851416090366609e-06,0.0006974191381939011,2,0.005981365346755944,0.0016559053283240297,-0.004325460018431915
tm344519,bruno costa_1997,2021,9.929080246006947e-43,1.694302085766928e-41,2.5556674313478355e-39,8.051476026082186e-40,5.287722332798065e-41,1.0,1.2677429223544664e-41,6,2122,0.0018860413297439045,0.15111747053732758,0.16192916307804597,0.5995093871849999,0.002304544201660614,0.07854330336957438,0.004710090298647641,4,0.0018860413297439045,0.15111747053732758,0.16192916307804597,0.5995093871849999,0.002304544201660614,-0.9214566966304256,0.004710090298647641,1.121409987881605,6,1.6578612669557127e-10,1.1379953295718939,1.1379953294061078
tm350311,helder ferreira_1997,2021,0.006203731349186622,0.0112649810645836,0.09838307314512411,0.016148553312228694,0.8086809993971319,0.05305295071910054,0.006265711012644621,5,2122,6.492722375128077e-41,1.8648722026335278e-41,1.3262222923329373e-40,1.4157367977140239e-39,6.404553207677688e-41,1.0,1.7089085509636658e-41,6,-0.006203731349186622,-0.0112649810645836,-0.09838307314512411,-0.016148553312228694,-0.8086809993971319,0.9469470492808995,-0.006265711012644621,1.2493114358975272,6,0.7361293340925148,1.6578612669557127e-10,-0.7361293339267286
tm351738,lincoln_1998,2021,0.0006360961547015525,0.006254183460270078,0.03160174750592655,0.04530060506087608,0.037039461016469856,0.8715573583334264,0.007610548468329562,6,2122,0.11747604887113491,0.007157621349364442,0.010540545362316195,0.15744819037146904,0.13182505445802165,0.5448115124187064,0.03074102716898737,6,0.11683995271643337,0.0009034378890943641,-0.021061202143610354,0.11214758531059296,0.0947855934415518,-0.32674584591472,0.02313047870065781,0.3773860124913504,6,0.5647836725036386,1.331019042622178,0.7662353701185394
tm352811,aylton boa morte_1993,2021,0.002827389766426708,0.0012816325171843901,0.007421159804463333,0.0013675464691324426,0.981188582581469,0.004673478502295925,0.0012402103590282735,5,2122,0.04835749649452562,0.001439577637298323,0.004080021156581944,0.046085199221763976,0.6695266997527501,0.22562171174282947,0.004889293994250495,5,0.045530106728098915,0.00015794512011393295,-0.0033411386478813887,0.04471765275263153,-0.3116618828287189,0.22094823324053353,0.003649083635222221,0.38734364357887385,5,0.12254574724066537,0.9507094536370077,0.8281637063963423
tm352918,henrique gomes_1995,2021,4.6344865149920625e-05,0.9228020756849783,0.013389607389565662,0.06055581737147312,0.0002476784395962762,0.002431489295406441,0.0005269869538301693,2,2122,0.10595547777893374,0.36158384581982866,0.07277928754523026,0.22924266259027973,0.02277460455027424,0.13878873269658407,0.06887538901886918,2,0.10590913291378383,-0.5612182298651496,0.0593896801556646,0.1686868452188066,0.022526926110677963,0.13635724340117764,0.068348402065039,0.6142196610776564,2,0.32283414410707323,1.6785306584957758,1.3556965143887025
tm357156,diogo leite_1999,2021,0.0002798256896216373,0.9709052433628422,0.012334203899655413,0.012004311081141732,0.0008064937739895821,0.0022053111029723075,0.001464611089777064,2,2122,2.991081464452903e-06,0.9997325875909057,7.881716238655642e-05,0.00015701394778286164,2.1594742254107117e-06,1.665782070316637e-05,9.772922531836285e-06,2,-0.0002768346081571844,0.028827344228063434,-0.012255386737268857,-0.01184729713335887,-0.0008043342997641714,-0.0021886532822691413,-0.0014548381672452278,0.03357204972809106,2,0.1670515673981363,0.0027496211034451624,-0.16430194629469116
tm357158,ruben vinagre_1999,2021,0.0001540690776240581,0.07841402252912107,0.0435785171505819,0.7923060151990168,0.005824325656343393,0.0747166782994832,0.005006372087829645,4,2122,0.003022371147271988,0.06719686004381828,0.27162409392001613,0.5749562237317817,0.0038982808710434887,0.050557129814405945,0.028745040471662615,4,0.00286830206964793,-0.011217162485302787,0.22804557676943424,-0.2173497914672351,-0.0019260447852999041,-0.024159548485077252,0.02373866838383297,0.31617584072388694,3,0.7722780108535692,1.1457531843411053,0.3734751734875361
tm357163,filipe soares_1999,2021,0.0008249127737532551,0.011504371639639072,0.4820394628040207,0.07290888851278782,0.10933841090725918,0.3208790245653773,0.002504928797162619,3,2122,0.0004898843372811511,0.005914025238388926,0.5134832931278752,0.4400194171540395,0.00029699887318101104,0.03904702470311115,0.0007493565661228857,3,-0.0003350284364721039,-0.005590346401250146,0.031443830323854505,0.3671105286412517,-0.10904141203407818,-0.28183199986226615,-0.0017555722310397333,0.476560095482599,4,1.2216410348146403,0.8719928507914709,-0.34964818402316933
tm358143,chidozie awaziem_1997,2021,8.908350128740807e-05,0.9048160756216367,0.01514102754645344,0.0743031410205424,0.0007361054266228291,0.0022450315505836175,0.0026695353328735085,2,2122,0.003788583513782523,0.8926575889096541,0.014249636898494867,0.04560291957265295,0.003149297041790463,0.009537517747129865,0.03101445631649531,2,0.003699500012495115,-0.012158486711982608,-0.0008913906479585728,-0.028700221447889453,0.002413191615167634,0.007292486196546248,0.0283449209836218,0.03232671088452093,4,0.38276065795475533,0.4941128222738787,0.11135216431912337
tm36350,javi garcia_1987,2021,0.00010452782076839213,0.022039277655758846,0.9015522654445847,0.04136078564269505,0.0029179914199300716,0.03124961585023324,0.0007755361660297691,3,2122,0.0026849993103852127,0.5429805214566858,0.05205848121497489,0.38380873755748834,0.001473003527938391,0.013662215974094115,0.003332040958433043,2,0.0025804714896168206,0.520941243800927,-0.8494937842296097,0.34244795191479327,-0.0014449878919916806,-0.017587399876139123,0.002556504792403274,1.0538539425203837,3,0.44111191834241503,0.9561408923098664,0.5150289739674514
tm364857,falaye sacko_1995,2021,0.00010007910848825214,0.4029743414792117,0.03608902888858088,0.5424016037087817,0.0018319187295350052,0.010831274367093354,0.005771753718309305,4,2122,0.0002419604911653076,0.9827401284597767,0.0027381286986613218,0.009795754340193058,0.0002889572646733399,0.0032501453994842455,0.0009449253460461475,2,0.00014188138267705547,0.579765786980565,-0.033350900189919555,-0.5326058493685886,-0.0015429614648616652,-0.007581128967609109,-0.004826828372263158,0.7880161898432924,2,0.9091832430850082,0.10815021883924827,-0.80103302424576
tm367468,nuno santos_1999,2021,0.00017302302562514902,0.026223594797876882,0.6964084451155569,0.12557586733275475,0.0032942480171114135,0.14664917819359935,0.001675643517475492,3,2122,0.04444215360736105,0.01875544419066898,0.012028524756362702,0.3486369876974004,0.02935657672352462,0.5410459082931575,0.005734404731524909,6,0.0442691305817359,-0.007468150607207902,-0.6843799203591941,0.22306112036464568,0.02606232870641321,0.3943967300995581,0.004058761214049416,0.8224206306361528,3,0.9205683126962984,1.0990012099090958,0.17843289721279743
tm371245,guilherme schettine_1995,2021,0.14068288269018916,0.02088027896476901,0.023879456995075453,0.026911902814441873,0.574320305562182,0.030773187894532646,0.1825519850788098,5,2122,0.8773335526208258,0.0009687105290176606,0.0005256970389883121,0.0024699710047018267,0.10824374634470363,0.006924456169330658,0.0035338662924321784,1,0.7366506699306367,-0.01991156843575135,-0.02335375995608714,-0.024441931809740046,-0.4660765592174784,-0.023848731725201987,-0.1790181187863776,0.8729201608729232,1,1.279268109039525,0.43538437183464324,-0.8438837372048817
tm373187,maracas_1994,2021,7.5929335299338925e-06,0.9870478647636919,0.0018630042947521983,0.010491892468709229,5.102932499891282e-05,0.00019676995749134415,0.0003418462568266944,2,2122,1.1640335725992537e-05,0.998940514224353,0.0003855306870861528,0.00044735404147977595,9.17653359567955e-06,9.061860759629467e-05,0.00011516557016327626,2,4.047402196058645e-06,0.011892649460661153,-0.0014774736076660455,-0.010044538427229452,-4.185279140323327e-05,-0.00010615134989504948,-0.00022668068666341812,0.015637257682160902,2,0.07739237362626626,0.00966629595810227,-0.06772607766816399
tm373300,cryzan_1996,2021,0.04945401063729411,0.0066022499301660684,0.045554099372084655,0.016054062577375825,0.6656351898211827,0.07029462382340833,0.1464057638384882,5,2122,0.6035023934096826,0.0004668967880834948,0.001453700700151617,0.005604830945403665,0.3661348618383199,0.01544693832285473,0.007390377995504018,1,0.5540483827723884,-0.006135353142082574,-0.044100398671933036,-0.01044923163197216,-0.29950032798286286,-0.0548476855005536,-0.13901538584298417,0.6338532950787661,1,1.1277406956340739,0.8154700193372524,-0.3122706762968215
tm374889,kenji gorre_1994,2021,0.03818859243629283,0.011652164498197911,0.3394532464909012,0.03132280812892656,0.3832841569080142,0.16346438057471227,0.03263465096295491,5,2122,0.03951773917985673,0.0004604065410064896,0.0007652083579400003,0.015925031905617757,0.8872466510708501,0.05365507403888652,0.002429888905842393,5,0.0013291467435639012,-0.011191757957191422,-0.3386880381329612,-0.0153977762233088,0.5039624941628359,-0.10980930653582574,-0.03020476205711252,0.617341056539188,5,1.427117736630753,0.480359368174426,-0.946758368456327
tm375378,afonso sousa_2000,2021,0.0018606587357205145,0.025001502100953508,0.08274634033977166,0.12146670594201665,0.2995384890978382,0.46248378228150067,0.00690252150219885,6,2122,0.004277226809266889,0.008666942733305873,0.023143387682965033,0.5740176307219564,0.003498804290242625,0.38513223067115765,0.0012637770911055604,4,0.0024165680735463747,-0.016334559367647633,-0.059602952656806624,0.4525509247799398,-0.29603968480759557,-0.07735155161034302,-0.00563874441109329,0.5497729227900239,4,1.318276192572487,0.8659780924074495,-0.4522981001650376
tm375382,andre almeida_2000,2021,0.0012104114290095887,0.023192991226944414,0.6861134103824389,0.08124793316298744,0.048114697272626156,0.15638692887779426,0.0037336276481992536,3,2122,0.0010530034561968937,0.025814541190093437,0.5672662702432423,0.2921785670283495,0.0008751846856170251,0.10896001085747162,0.003852422539029319,3,-0.00015740797281269502,0.002621549963149023,-0.11884714013919662,0.21093063386536204,-0.04723951258700913,-0.047426918020322645,0.00011879489083006529,0.25120540684060333,4,1.0148704976881702,1.0518282784766058,0.03695778078843559
tm376441,allano_1995,2021,0.07967038490401082,0.014163681674746095,0.05938990912094415,0.043871454188009404,0.5766362292130224,0.1602968391372754,0.06597150176199171,5,2122,0.004194375387876804,0.015553612172336181,0.2050920462017521,0.17334389043375822,0.0047502364800473896,0.5589848598373706,0.03808097948685877,6,-0.07547600951613402,0.0013899304975900865,0.14570213708080793,0.12947243624574883,-0.571885992732975,0.3986880207000951,-0.027890522275132938,0.7278025219457072,5,1.3569784530122762,1.1914106899662384,-0.1655677630460377
tm377641,al musrati_1996,2021,0.0005697436269700484,0.10604718214933534,0.8361052256618907,0.02389157542750123,0.005336326284388842,0.022364884659567923,0.0056850621903457976,3,2122,0.0005614774770616774,0.03445404251030527,0.0629819658923181,0.8956856767489029,0.000385631692847884,0.0048738107098549996,0.0010573949687092976,4,-8.266149908371027e-06,-0.07159313963903008,-0.7731232597695726,0.8717941013214017,-0.004950694591540958,-0.017491073949712922,-0.0046276672216365,1.1675617990719276,4,0.6234024001300749,0.4292855227284116,-0.19411687740166328
tm379249,matheus reis_1995,2021,4.55295708403654e-06,0.9913070831943798,0.0010660258618983142,0.0073762761031418095,3.5126610194179414e-05,0.00013423650965984211,7.669876364190492e-05,2,2122,0.011064651941361142,0.11747889780997864,0.02863859030164364,0.7272688662134346,0.011261505331750217,0.0984690566516413,0.005818431750190645,4,0.011060098984277105,-0.8738281853844011,0.027572564439745324,0.7198925901102927,0.011226378721556038,0.09833482014198146,0.00574173298654874,1.1368814271500711,2,0.05450432406722661,0.9434957400688605,0.8889914160016339
tm388266,oscar estupinan_1996,2021,0.9974400995619639,2.660473341627605e-05,6.486242853179335e-05,1.4680432279872634e-05,0.002085405053913982,3.433781036938417e-05,0.00033400997952465943,1,2122,0.5505452610139727,0.0016590531685395675,0.0010789235393591416,0.0040265848539528595,0.3798223389744592,0.006662873121901883,0.05620496532781474,1,-0.44689483854799117,0.0016324484351232914,0.0010140611108273483,0.004011904421672987,0.37773693392054525,0.006628535311532499,0.055870955348290084,0.5852041644023256,1,0.019525017848580416,0.9316648983922334,0.912139880543653
tm394328,rafik guitane_1999,2021,0.0011686171680529947,0.08805399050947599,0.38460576340972297,0.17624845130118952,0.04381557780387272,0.2968791410751614,0.00922845873252447,3,2122,0.4336102473487536,0.018826639835677044,0.023611104389007927,0.12468126117969693,0.15251175673108333,0.22266564467287236,0.02409334584290883,1,0.4324416301807006,-0.06922735067379894,-0.36099465902071504,-0.05156719012149259,0.10869617892721062,-0.07421349640228903,0.014864887110384362,0.5848905973725276,1,1.4361154942292718,1.4961814194135055,0.060065925184233704
tm396342,toni borevkovic_1997,2021,4.177039311286068e-07,0.9994930431703886,0.0001145352688057238,0.00036627963451497345,3.1063273882559946e-06,1.1253530875325617e-05,1.1364364095786384e-05,2,2122,2.8318965039579956e-06,0.9997891708329645,5.04248331091824e-05,0.0001298419889003618,2.179894539060684e-06,1.4832008877722826e-05,1.0718545105010453e-05,2,2.4141925728293887e-06,0.00029612766257591794,-6.411043569654141e-05,-0.00023643764561461164,-9.264328491953107e-07,3.5784780023972095e-06,-6.458189907759316e-07,0.00038434879065774903,2,0.0047473850319596,0.0022239078479720617,-0.002523477183987538
tm396429,diogo calila_1998,2021,2.445211885863312e-05,0.0023617601105275963,0.03796332102875431,0.6256246595146056,0.0006057677800279971,0.3329486094661277,0.0004714299810981461,4,2122,0.004420507416935699,0.25783064582997,0.08296892410953195,0.37109170192049196,0.004949303646106327,0.26772027199112075,0.011018645085843349,4,0.004396055298077066,0.25546888571944243,0.04500560308077764,-0.2545329575941136,0.00434353586607833,-0.06522833747500695,0.010547215104745203,0.36928283198215694,2,0.8064135382095028,1.3765944865243893,0.5701809483148865
tm400831,rafael camacho_2000,2021,0.09777186934167426,0.004881369444045434,0.0045445620197934215,0.003283644751813805,0.872134141045814,0.0033396356378025353,0.014044777759056666,5,2122,0.16120320175782266,0.012018440690216117,0.011695792275505828,0.15111285847097466,0.22543769547859713,0.4255815412958598,0.012950470031023854,6,0.0634313324161484,0.007137071246170683,0.007151230255712407,0.14782921371916086,-0.6466964455672168,0.42224190565805725,-0.001094307728032812,0.78897630372786,5,0.49487126451543745,1.4406405522747592,0.9457692877593218
tm404383,pedro marques_1998,2021,0.9179563660627463,0.0008182746023547556,0.0013661369046543792,0.0004241256508115974,0.07212782432830118,0.0009819655278540936,0.006325306923277833,1,2122,0.08741544052830674,0.054736004402576637,0.07306409881141232,0.3863852787653138,0.044805243949416984,0.2897982842233008,0.06379564931967278,4,-0.8305409255344396,0.05391772980022188,0.07169796190675794,0.3859611531145022,-0.0273225803788842,0.2888163186954467,0.05747034239639495,0.9648696022638619,1,0.3251769756104701,1.6042925961760108,1.2791156205655407
tm411502,danny henriques_1997,2021,5.21898395601323e-05,0.7696248769396278,0.034110865468920795,0.19274987448705858,0.0008117268517298248,0.0019080601706297903,0.0007424062424731293,2,2122,1.0439106794112432e-05,0.9995124296733406,0.00015342357669496159,0.0002422769331999623,8.380704184475175e-06,3.8459111244899406e-05,3.459089454095856e-05,2,-4.175073276601987e-05,0.22988755273371286,-0.03395744189222583,-0.1925075975538586,-0.0008033461475453497,-0.001869601059384891,-0.0007078153479321707,0.30176930326657747,2,0.6576834510608842,0.0048159138925325815,-0.6528675371683517
tm411662,lucas verissimo_1995,2021,0.001071950546252653,0.8995659385298488,0.050843541970782696,0.024512429515904887,0.0036076156362556187,0.006701144683924902,0.013697379117030367,2,2122,0.13604716251086993,0.27016700595100906,0.06501023594698811,0.2148996459144529,0.04786884687981428,0.08657225755160057,0.17943484524526526,2,0.1349752119646173,-0.6293989325788397,0.014166693976205416,0.19038721639854803,0.04426123124355866,0.07987111286767568,0.1657374661282349,0.6776044294604308,2,0.45751569583559293,1.7986342207706263,1.3411185249350335
tm415525,kanya fujimoto_1999,2021,0.001244387316028494,0.026196943086972943,0.325842944451597,0.09931523448307047,0.09682258796246479,0.44508899671018365,0.0054889059896826254,6,2122,0.09299807841946726,0.013759315284015295,0.007637058101311432,0.30007235341160277,0.33926782486384893,0.2374363398858328,0.008829030033921508,5,0.09175369110343877,-0.012437627802957648,-0.31820588635028557,0.2007571189285323,0.24244523690138414,-0.20765265682435086,0.0033401240442388824,0.5020270511708564,3,1.3134105445094046,1.4281898441347494,0.11477929962534472
tm416089,david tavares_1999,2021,0.004486858490980564,0.0734324031415322,0.3560544828893408,0.31116078355060306,0.038520315362707364,0.12509126047502434,0.09125389608981187,3,2122,0.0014083600156768227,0.015875771380868278,0.783726968646456,0.11822973373338741,0.0007863341535074763,0.0743420578927189,0.005630774177385013,3,-0.0030784984753037415,-0.05755663176066392,0.4276724857571152,-0.19293104981721565,-0.037733981209199886,-0.05074920258230543,-0.08562312191242685,0.4769147963424642,3,1.5509144674822968,0.7464506968049159,-0.8044637706773808
tm4188,ricardo quaresma_1983,2021,0.013692188676443912,0.009039909987008406,0.015669192676719873,0.017079658449254576,0.6226580120685995,0.10220956723481293,0.2196514709071608,5,2122,0.25969658508827215,0.005863275385136856,0.004297209675030632,0.022065839734568878,0.4345057605712543,0.12249612227145819,0.151075207274279,5,0.24600439641182822,-0.0031766346018715502,-0.011371983001689241,0.004986181285314303,-0.1881522514973452,0.020286555036645254,-0.0685762636328818,0.3106368492650502,1,1.0969592023343724,1.392748705707107,0.2957895033727347
tm426620,pedro goncalves_1998,2021,0.5907836516316824,0.007335928900454772,0.02147107607379972,0.008624287219726672,0.20935957483534992,0.019193793226768546,0.14323168811221798,1,2122,0.22613934673720995,0.013653969592833015,0.006177259846281284,0.05263673540233272,0.32746422058393765,0.06948040068064333,0.3044480671567621,5,-0.3646443048944725,0.006318040692378244,-0.015293816227518435,0.04401244818260605,0.11810464574858773,0.05028660745387478,0.1612163790445441,0.38942757141297885,1,1.1520459319740042,1.4941332897757573,0.34208735780175314
tm430761,lucas fernandes_1997,2021,0.000419518303858061,0.00927687879900762,0.11096540951019608,0.6162145760533949,0.01529775482228029,0.23675819303241288,0.011067669478850085,4,2122,0.003981933921655051,0.003204167880931666,0.017427412356348225,0.8500729723601954,0.005102738128364591,0.11668126648083364,0.0035295088716713993,4,0.00356241561779699,-0.006072710918075953,-0.09353799715384786,0.2338583963068005,-0.010195016693915697,-0.12007692655157924,-0.007538160607178686,0.2793046396197758,4,1.0438807085568083,0.5465918795670712,-0.49728882898973703
tm43250,jan vertonghen_1987,2021,6.435097805720932e-05,0.9750095992548952,0.006401139794835684,0.016080023196635516,0.00035056048374642945,0.0010065007524532243,0.0010878255393765985,2,2122,0.00011521443692499568,0.994641879037967,0.0007788543633496894,0.0037407197691975013,9.235287333276576e-05,0.00039913206815315555,0.00023184745107470076,2,5.0863458867786356e-05,0.019632279783071804,-0.005622285431485995,-0.012339303427438015,-0.00025820761041366367,-0.0006073686843000687,-0.0008559780883018977,0.023869081821647122,2,0.14120191245361022,0.03879038435917425,-0.10241152809443596
tm432958,lucas mineiro_1996,2021,0.00011171562650752775,0.003786383680086593,0.7752420167475607,0.023246461561292713,0.002100650404684769,0.19465487344133206,0.0008578985385356244,3,2122,0.0032845703496645574,0.01766050655090552,0.4119925493729176,0.38831179383732306,0.002521486882868998,0.1640044253242437,0.012224667682076506,3,0.0031728547231570296,0.013874122870818927,-0.36324946737464303,0.36506533227603033,0.0004208364781842287,-0.030650448117088364,0.011366769143540881,0.516105665289017,4,0.6445030204665192,1.1881490898525917,0.5436460693860725
tm433358,tomas ribeiro_1999,2021,1.1523838307012674e-06,0.9979575480517078,0.00036385147603603383,0.001597635251301422,9.999034256732864e-06,3.813609547094165e-05,3.1677707396306003e-05,2,2122,6.547294090459963e-07,0.9999678363750126,8.396854720127508e-06,1.7858811123252204e-05,5.188230885284214e-07,2.1588663949926994e-06,2.5755402514269374e-06,2,-4.976544216552711e-07,0.002010288323304854,-0.00035545462131590633,-0.0015797764401781697,-9.480211168204443e-06,-3.597722907594895e-05,-2.9102167144879067e-05,0.002581605162422865,2,0.01605622514210329,0.0004036944370577928,-0.0156525307050455
tm435497,fabio china_1992,2021,0.00022934563265195558,0.09484439650842266,0.05683080734824922,0.802774447563484,0.0045711321299157235,0.035224700312458536,0.005525170504817785,4,2122,0.002315994113192067,0.32645148491594017,0.24354231684117225,0.174201936814349,0.0019611682603911202,0.2414688445404943,0.010058254514461039,2,0.002086648480540111,0.2316070884075175,0.18671150949292303,-0.628572510749135,-0.0026099638695246032,0.20624414422803578,0.004533084009643254,0.7253649050573383,4,0.7358703305386484,1.4295456498477077,0.6936753193090593
tm438202,bruno tabata_1997,2021,0.0016626599419663904,0.005379992077181711,0.058601948024690806,0.07977838133877252,0.023945029798827212,0.7326556253146483,0.09797636350391292,6,2122,0.3899919277255188,0.005973546492568173,0.015191321569199554,0.02218236232849319,0.15180026816767617,0.09860744149964865,0.31625313221689555,1,0.3883292677835524,0.0005935544153864618,-0.04341062645549125,-0.05759601901027933,0.12785523836884896,-0.6340481838149997,0.21827676871298263,0.7578692616782261,6,0.9516023888306507,1.424583602940674,0.47298121411002325
tm445517,heriberto tavares_1997,2021,4.017594842684652e-41,5.049433165886267e-42,2.5653919410629534e-41,1.0484062829437378e-41,1.0,5.287722332798065e-41,1.2677429223544664e-41,5,2122,0.014559349561065856,0.0033868566114132184,0.03464187799461771,0.03498015772370249,0.016170505349300163,0.8848950600159247,0.011366192743975649,6,0.014559349561065856,0.0033868566114132184,0.03464187799461771,0.03498015772370249,-0.9838294946506998,0.8848950600159247,0.011366192743975649,1.3242382181420211,5,1.6578612669557127e-10,0.5404150742844167,0.5404150741186305
tm44699,vitorino antunes_1987,2021,0.0002469669789414819,0.0365505566011264,0.1745336261400011,0.47476857115556487,0.00564916289281929,0.2966518888081117,0.011599227423435256,4,2122,0.005234805643222245,0.1488250524162552,0.11626759806176773,0.49702556043239826,0.005821680864348594,0.17738088380306358,0.049444418778944434,4,0.004987838664280763,0.11227449581512881,-0.05826602807823336,0.022256989276833394,0.0001725179715293037,-0.11927100500504814,0.03784519135550918,0.17534636278557234,6,1.222767395990554,1.3940803672743056,0.17131297128375156
tm448466,jovane cabral_1998,2021,0.13235394835972916,0.00337655240504763,0.01637834228479059,0.007501066317752496,0.7091398665141143,0.03291725169625921,0.0983329724223066,5,2122,0.08687389855784204,0.005283407936272666,0.015664630522819942,0.2103017784981119,0.10222712721190808,0.5616268091526119,0.01802234812043354,6,-0.04548004980188712,0.0019068555312250356,-0.0007137117619706486,0.20280071218035942,-0.6069127393022062,0.5287095574563526,-0.08031062430187305,0.8313107593110649,5,0.975094487048188,1.2625010377117498,0.2874065506635618
tm451801,abdul mumin_1998,2021,4.4786190124239704e-05,0.9727522835129413,0.003463621015040331,0.021456495411440478,0.00031848650698542086,0.0009602523928162171,0.0010040749706520212,2,2122,3.53964001039165e-42,1.0,1.1547358995106583e-40,1.759748673179014e-40,2.796977813322639e-42,1.8648722026335278e-41,1.7089085509636658e-41,2,-4.4786190124239704e-05,0.027247716487058704,-0.003463621015040331,-0.021456495411440478,-0.00031848650698542086,-0.0009602523928162171,-0.0010040749706520212,0.034868918018085865,2,0.14554289399551495,1.6578612669557127e-10,-0.14554289382972882
tm451858,rui costa_1996,2021,0.8533334596610358,0.0006588624509997751,0.000989072779104931,0.001027315838066973,0.13551491734409932,0.0011054318422299982,0.007370940084463316,1,2122,2.7111506488912642e-39,2.796977813322639e-42,2.1526691601967474e-42,3.0618114465793954e-41,1.0,6.404553207677688e-41,1.7089085509636658e-41,5,-0.8533334596610358,-0.0006588624509997751,-0.000989072779104931,-0.001027315838066973,0.8644850826559007,-0.0011054318422299982,-0.007370940084463316,1.214708253546395,5,0.4686491121296515,1.6578612669557127e-10,-0.4686491119638654
tm45287,adel taarabt_1989,2021,0.00013227846771761463,0.009325211975726612,0.4984371184228567,0.14366767308093692,0.004533697793737367,0.3417617843143532,0.0021422359446714445,3,2122,0.006853972302161062,0.008236396245908667,0.014477409205717306,0.8743064786854801,0.010023751803255444,0.0762243407690062,0.00987765098847123,4,0.0067216938344434474,-0.0010888157298179456,-0.4839597092171394,0.7306388056045432,0.005490054009518077,-0.26553744354534703,0.007735415043799786,0.9157710989685659,4,1.0751396546488992,0.5403900210449586,-0.5347496336039406
tm454121,galeno_1997,2021,0.0013075433852916003,0.012061764389572273,0.08540334596137149,0.07659106955990103,0.14047159023817096,0.671159747451047,0.01300493901464591,6,2122,0.1609198861552367,0.002969685863494493,0.009065313120946626,0.05471894332429361,0.4978813846045713,0.25003704599082405,0.02440774094063314,5,0.1596123427699451,-0.00909207852607778,-0.07633803284042487,-0.021872126235607414,0.35740979436640036,-0.42112270146022296,0.011402801925987232,0.580474583263243,6,1.0686816155337469,1.2973125194324737,0.22863090389872687
tm461629,gustavo assuncao_2000,2021,0.00032856277026000917,0.0679298569422116,0.8623107075274615,0.042880868505463195,0.0018194042128214754,0.022819306762943838,0.0019112932788381914,3,2122,9.208978976893995e-05,0.0038075470852947236,0.9715301676108243,0.02232919618159306,6.595413864435947e-05,0.0015683980115184571,0.0006066471823562452,3,-0.00023647298049106922,-0.06412230985691687,0.10921946008336281,-0.020551672323870136,-0.001753450074177116,-0.02125090875142538,-0.0013046460964819461,0.1300679205145912,3,0.5578101603022775,0.15027681704032542,-0.40753334326195206
tm461943,daniel braganca_1999,2021,0.00033195422067387964,0.010886578213435175,0.463510104809961,0.32610662563349113,0.005301759885374456,0.1851137830369959,0.008749194200068481,3,2122,0.022154579282342553,0.013123044309103929,0.4780972034684142,0.3035280218709862,0.013346002437124943,0.11589780692665924,0.05385334170536891,3,0.021822625061668672,0.0022364660956687536,0.014587098658453201,-0.022578603762504923,0.008044242551750487,-0.06921597611033667,0.045104147505300424,0.07784193424789099,6,1.1551743467781057,1.320673916159562,0.16549956938145627
tm462738,naoufel khacef_1997,2021,4.586553731806414e-43,5.214760671553718e-40,1.9051280044266288e-39,1.0,1.0484062829437378e-41,8.051476026082186e-40,1.2677429223544664e-41,4,2122,0.001354183936945797,0.3521043954611218,0.3816534013346725,0.14377006694174618,0.001193192261135021,0.11058391129113362,0.00934084877324494,3,0.001354183936945797,0.3521043954611218,0.3816534013346725,-0.8562299330582538,0.001193192261135021,0.11058391129113362,0.00934084877324494,1.0074713798796773,4,1.6578612669557127e-10,1.3181408888339226,1.3181408886681365
tm466336,nahuel ferraresi_1998,2021,0.0005859178105608101,0.8882956827778273,0.0570773263955129,0.03761903117590488,0.0028661570181921204,0.006624707610964702,0.00693117721103724,2,2122,9.988246182676117e-09,0.9999989688411125,3.8214925338034337e-07,5.362030662417239e-07,7.91473290402678e-09,5.555349745937722e-08,3.935009116044122e-08,2,-0.0005859078223146274,0.11170328606328517,-0.05707694424625952,-0.03761849497283864,-0.002866149103459216,-0.006624652057467243,-0.00693113786094608,0.13116019578892918,2,0.48088813791329504,1.6351124415491483e-05,-0.48087178678887954
tm467486,antoine leautey_1996,2021,0.0015833024988814017,0.010164264638120193,0.05953522079981039,0.06766013171934548,0.23142708517119137,0.6227223013649075,0.006907693807743541,6,2122,0.02705746510958801,0.0025110694163126297,0.0012107618394472802,0.040062788395000506,0.6827118273190923,0.24290581309222564,0.0035402748283335462,5,0.02547416261070661,-0.007653195221807563,-0.05832445896036311,-0.027597343324344978,0.45128474214790093,-0.37981648827268183,-0.0033674189794099946,0.5939607255439457,5,1.0750514946226328,0.8740224674980893,-0.2010290271245435
tm476701,manuel ugarte_2001,2021,3.752634230383859e-05,0.0023705459351611485,0.8082662555581258,0.025229228969400098,0.0006781812146729184,0.1628101997942848,0.0006080621860513715,3,2122,0.00013927790679182147,0.005071392445755084,0.9736544315395221,0.015020989646440315,9.829425353140163e-05,0.0034640095063541124,0.0025516047016051805,3,0.00010175156448798288,0.0027008465105939354,0.16538817598139632,-0.010208239322959783,-0.0005798869611415167,-0.15934619028793068,0.001943542515553809,0.22990499441714599,3,0.5845785267220358,0.15286024060601405,-0.43171828611602175
tm478940,reggie cannon_1998,2021,4.732479617661287e-05,0.7088527751859109,0.05349203596983973,0.22884221519315234,0.0006895865585953816,0.006512357114311949,0.0015637051820130722,2,2122,0.0002424313431861361,0.8869913877828147,0.08288993260944934,0.026471671964149724,0.00019638016828037573,0.0014503436003945513,0.0017578525317250436,2,0.00019510654700952322,0.17813861259690378,0.029397896639609608,-0.2023705432290026,-0.0004932063903150058,-0.005062013513917397,0.0001941473497119714,0.2712514399805239,4,0.7864141106760456,0.43324560902783477,-0.35316850164821084
tm480692,luis diaz_1997,2021,0.03398214618251866,0.0072637418602953165,0.0956531499408014,0.015267915125838447,0.698435407448498,0.11996998455757661,0.029427654884471674,5,2122,0.41794131203754964,0.0022090466751758533,0.002791648072220329,0.015397903876746192,0.27948254424110325,0.016521595373403745,0.26565594972380097,1,0.383959165855031,-0.005054695185119463,-0.09286150186858107,0.000129988750907745,-0.4189528632073947,-0.10344838918417287,0.23622829483932928,0.585061139735279,5,1.0478806262097151,1.2350275624361808,0.18714693622646572
tm487474,francisco conceicao_2002,2021,0.0006085062594724663,0.023178903792159318,0.2315532075209194,0.24990788044213927,0.015402300801804584,0.46200851024064427,0.017340690942860563,6,2122,0.327187231227302,0.007392318767778913,0.03632432416408502,0.10043009342764661,0.16218022094245796,0.1604450654586641,0.20604074601206523,1,0.3265787249678295,-0.015786585024380406,-0.1952288833568344,-0.14947778701449266,0.14677792014065338,-0.30156344478198016,0.18870005506920468,0.5290038512576654,1,1.2683894812792202,1.6671352544082625,0.39874577312904225
tm491616,jackson porozo_2000,2021,0.0015498364744876427,0.9252249186426704,0.029939905021743977,0.016525355603573186,0.006093390625356429,0.003376386376532815,0.017290207255635612,2,2122,3.7014520773869155e-07,0.9999711603467916,1.2323381777062895e-05,1.1988070666228265e-05,2.983512714714319e-07,2.15620701880089e-06,1.703497266976032e-06,2,-0.0015494663292799041,0.07474624170412114,-0.029927581639966915,-0.01651336753290696,-0.0060930922740849575,-0.0033742301695140137,-0.017288503758368635,0.08250008574291055,2,0.3752325962458742,0.0003647108795532174,-0.374867885366321
tm498237,david carmo_1999,2021,7.896719906914573e-05,0.8922329291591524,0.03339325896444751,0.06899656951576219,0.00028107946278779615,0.0034321688307921354,0.0015850268679884645,2,2122,0.00027773721158713243,0.9940530123903141,0.0012740589020149742,0.0028691949192668938,0.00021460795303909457,0.0006515490487413211,0.000659839575036414,2,0.0001987700125179867,0.10182008323116165,-0.03211920006243254,-0.0661273745964953,-6.647150974870158e-05,-0.0027806197820508145,-0.0009251872929520506,0.12561678951170613,2,0.4324719728447079,0.04491632751192053,-0.38755564533278736
tm51058,lica_1988,2021,0.0008946875120085908,0.0005479793677854229,0.0015027558627978147,0.0007138768385687758,0.9947547909578593,0.0011513222408701747,0.0004345872201097278,5,2122,0.046469262486431885,0.21576120533073373,0.03980361862337953,0.1867999054844268,0.2821201589603828,0.18948176462985009,0.039564084484795196,5,0.04557457497442329,0.2152132259629483,0.038300862760581714,0.18608602864585802,-0.7126346319974766,0.18833044238897992,0.03912949726468547,0.7923416024111558,5,0.04172169804760406,1.7151987798575674,1.6734770818099634
tm512913,stephen eustaquio_1996,2021,1.2707143250167825e-05,0.010025385043697791,0.9584073360799753,0.026897170509552065,0.00022664381756611724,0.004193268032317573,0.00023748937364097693,3,2122,0.00042931710007869964,0.00948782470560564,0.2705260982841773,0.6791566681379007,0.0005198087152513893,0.03849019046530496,0.0013900925916814585,4,0.0004166099568285318,-0.0005375603380921509,-0.687881237795798,0.6522594976283486,0.0002931648976852721,0.03429692243298739,0.0011526032180404816,0.9485778180660086,3,0.21109396638055236,0.8024222625359677,0.5913282961554154
tm516127,walterson_1994,2021,0.000619170137736875,0.009141031175512349,0.23802862735427607,0.06904345496547291,0.06974697604591402,0.6104688420724762,0.002951898248611422,6,2122,0.009171768964417031,0.004494994557982289,0.056398876475031036,0.05379070440044356,0.021438651306005734,0.8467795308851915,0.007925473410928837,6,0.008552598826680156,-0.004646036617530059,-0.18162975087924504,-0.015252750565029352,-0.04830832473990829,0.23631068881271533,0.004973575162317415,0.30247839806094184,6,1.0779102556480296,0.6482529018563201,-0.42965735379170944
tm517300,vitor tormena_1996,2021,2.318600230613987e-05,0.9808146965336612,0.003789353948529508,0.014200806543601119,0.0001779188980260213,0.0005290877927383758,0.00046495028113761124,2,2122,3.462493126819259e-05,0.9973944894088348,0.0008961653617154431,0.0012493586877887171,2.6306359145320222e-05,0.00019927311318494024,0.00019978213806247876,2,1.1438928962052723e-05,0.016579792875173638,-0.002893188586814065,-0.012951447855812401,-0.00015161253888070107,-0.0003298146795534356,-0.00026516814307513245,0.02123986743080681,2,0.10988764480435477,0.021275793508485224,-0.08861185129586954
tm518472,willyan_1995,2021,0.0001522364184173325,0.06547480887212204,0.4068546817468277,0.475795931026953,0.0012979469362582507,0.04677649963245685,0.0036478953669646787,4,2122,0.0006329673244739224,0.1658503981249052,0.0724337727219021,0.7452424030162713,0.000601511620514017,0.012816628341145159,0.002422318850788373,4,0.00048073090605658985,0.10037558925278317,-0.3344209090249256,0.2694464719893183,-0.0006964353157442337,-0.03395987129131169,-0.0012255765161763056,0.4423437504485251,3,1.0714700339691905,0.7868128916274773,-0.28465714234171324
tm520530,fali cande_1998,2021,0.000477663671618154,0.45678373149274065,0.051015483101943634,0.43587504418412665,0.008340585486551252,0.04163151920788846,0.005875972855131112,2,2122,0.008739932820922083,0.06326622463904981,0.05291762061513589,0.628508881549933,0.009062585247968017,0.22403447157499387,0.013470283551997083,4,0.00826226914930393,-0.39351750685369086,0.0019021375131922577,0.19263383736580636,0.0007219997614167657,0.1824029523671054,0.007594310696865971,0.4746652136328585,2,1.077766477691109,1.099267430614018,0.0215009529229091
tm524315,hidemasa morita_1995,2021,0.00015858677751305755,0.027475069733937447,0.8877114969454958,0.06588334012385787,0.0011899351149303387,0.01604903980233175,0.0015325315019337074,3,2122,0.0007834524528523456,0.06421941431378136,0.0629352262824634,0.8554370573801701,0.0005276598186301879,0.014126850007243738,0.0019703397448590557,4,0.000624865675339288,0.03674434457984392,-0.8247762706630324,0.7895537172563122,-0.0006622752963001508,-0.0019221897950880123,0.0004378082429253483,1.1423684343590605,3,0.4693353326409597,0.5659737744404403,0.09663844179948056
tm537296,jean patric_1997,2021,0.0005001271958760277,0.027304831771102243,0.12411318226172706,0.49050618481073305,0.010025715539590424,0.33571013483373197,0.01183982358723911,4,2122,0.7667763362704524,0.000455104341336405,0.0016308555359484853,0.00936488122998956,0.1653838265991985,0.05258173874795583,0.0038072572751188154,1,0.7662762090745764,-0.026849727429765838,-0.12248232672577858,-0.4811413035807435,0.1553581110596081,-0.2831283960857761,-0.008032566312120296,0.9688636860623931,1,1.1755826788581016,0.7350256257997936,-0.44055705305830806
tm537598,fabio vieira_2000,2021,0.0009000854222721472,0.0040696333599135204,0.026060140062087327,0.06063315949034447,0.025013605001011154,0.8502440349125936,0.03307934175177754,6,2122,0.21759500425050293,0.006551446060255776,0.008301584365220159,0.034688155933938064,0.06819318436166182,0.09643218064061451,0.5682384443878067,7,0.21669491882823078,0.0024818127003422554,-0.01775855569686717,-0.025945003556406408,0.04317957936065066,-0.753811854271979,0.5351591026360292,0.786160380879726,6,0.6366699412626535,1.251024106432629,0.6143541651699755
tm537602,joao mario lopes_2000,2021,0.05455428989362011,0.021543299353564548,0.08026140372220615,0.032284211056815046,0.22251059658955535,0.191695044565669,0.39715115481856983,7,2122,0.0008501902981775931,0.9153512786910843,0.018579839627834483,0.045262644068517995,0.0012271839689797902,0.014039145768258043,0.004689717577147762,2,-0.05370409959544251,0.8938079793375198,-0.06168156409437167,0.012978433011702949,-0.22128341262057558,-0.17765589879741095,-0.3924614372414221,0.9414233141323135,2,1.5724255431032426,0.3943884071918997,-1.1780371359113428
tm539135,leo andrade_1998,2021,5.4219054483636965e-06,0.9987361221867476,0.000641887731591858,0.00044524404278718864,2.5809337630972117e-05,6.050247462060423e-05,8.501232117374583e-05,2,2122,1.558533941088373e-05,0.998249709312525,0.000831160530200684,0.0007252772767782459,1.1943825432638088e-05,7.47420669331848e-05,9.158164871922381e-05,2,1.0163433962520033e-05,-0.00048641287422257484,0.00018927279860882597,0.0002800332339910573,-1.386551219833403e-05,1.4239592312580565e-05,6.569327545477975e-06,0.0005927382242186132,2,0.01114041327053053,0.014756532748979059,0.0036161194784485283
tm539203,andre luis_1994,2021,0.08412708526403778,0.06008496239842906,0.06840170132223107,0.02693473134330843,0.680537527802435,0.04842078142757853,0.03149321044198007,5,2122,1.0,3.53964001039165e-42,3.776048463462867e-42,2.4892512594797777e-41,2.7111506488912642e-39,6.492722375128077e-41,1.7089085509636658e-41,1,0.9158729147359622,-0.06008496239842906,-0.06840170132223107,-0.02693473134330843,-0.680537527802435,-0.04842078142757853,-0.03149321044198007,1.1459989397775143,1,1.1754709087537503,1.6578612669557127e-10,-1.1754709085879642
tm544784,zaidu sanusi_1997,2021,4.838455660920703e-05,0.2782713516061007,0.019429155093955597,0.6934815302692346,0.0008708300782061212,0.00679586687433941,0.0011028815215544671,4,2122,0.0064619910168193335,0.8715883496609124,0.013991697577419015,0.0498458535180084,0.005033526456963049,0.04171596841031442,0.011362613359563335,2,0.006413606460210127,0.5933169980548116,-0.005437457516536582,-0.6436356767512262,0.004162696378756927,0.03492010153597501,0.010259731838008868,0.876127494370698,4,0.7344069023877081,0.571620063902471,-0.16278683848523712
tm546543,darwin nunez_1999,2021,0.4357446869686268,0.004315140283417449,0.006987878943058421,0.0025649521959218006,0.43947673182017966,0.004783382852828732,0.10612722693596724,5,2122,0.11288808524591543,0.001958042299077045,0.0015738465522036334,0.006326941106697666,0.1838562544738599,0.00863540186570701,0.6847614284565393,7,-0.32285660172271136,-0.0023570979843404037,-0.005414032390854787,0.0037619889107758657,-0.25562047734631976,0.0038520190128782782,0.5786342015205721,0.4118762823753939,1,1.0603944285630102,0.912372546359902,-0.1480218822031083
tm54716,steven vitoria_1987,2021,0.0007466287164113237,0.9513382655050421,0.02417707261854359,0.014218787162008953,0.0032637166977231465,0.0024838308986050786,0.0037716984016659665,2,2122,0.008341486117710762,0.7639563342315571,0.03246152676075333,0.148690812062117,0.005671235816587157,0.03519553011533578,0.005683074895938703,2,0.007594857401299438,-0.18738193127348501,0.008284454142209744,0.13447202490010807,0.002407519118864011,0.0327116992167307,0.0019113764942727367,0.23323138532764054,2,0.257933768353187,0.8167841970900431,0.5588504287368561
tm54781,nicolas otamendi_1988,2021,1.034035422926235e-05,0.975318891590664,0.0037915386372606055,0.020039544228268716,6.271469614467131e-05,0.0004488660927938453,0.0003281044006389469,2,2122,2.955893940851149e-05,0.9971555076359068,0.0011199487283740975,0.0012248799397215104,2.558825419925581e-05,0.00018887259369722618,0.00025564390869275906,2,1.921858517924914e-05,0.021836616045242785,-0.002671589908886508,-0.018814664288547205,-3.7126441945415495e-05,-0.0002599934990966191,-7.246049194618783e-05,0.028948853683447167,2,0.13068524345542273,0.022975536968400826,-0.10770970648702191
tm549006,goncalo inacio_2001,2021,1.1283851832150709e-05,0.9948512944482856,0.0027562910281506837,0.0019120935711112782,7.113878023314508e-05,0.0002445519043376666,0.00015334641604976585,2,2122,0.009136576688093702,0.8727258691582946,0.012063524850144799,0.07162706095454625,0.004144261977188547,0.0188466323202098,0.011456074051522259,2,0.009125292836261551,-0.12212542528999093,0.009307233821994115,0.06971496738343498,0.004073123196955402,0.018602080415872135,0.011302727635472493,0.14250375250734806,2,0.037538016646612216,0.5526119471462834,0.5150739304996712
tm553062,vitor carvalho_1997,2021,0.0007678546351805077,0.06911813312829412,0.6461935131857092,0.1961212009495469,0.005954227768914237,0.0677672138174639,0.014077856514891227,3,2122,0.00015558844475137444,0.025541115058488793,0.8091043152704299,0.1600917994193403,0.00011784007024107825,0.004203038138178076,0.000786303598570534,3,-0.0006122661904291333,-0.04357701806980533,0.16291080208472075,-0.03602940153020662,-0.005836387698673159,-0.06356417567928582,-0.013291552916320693,0.18387997834297332,3,1.0647675260692828,0.5894007715235159,-0.47536675454576693
tm553875,pedro porro_1999,2021,3.8110396438975356e-05,0.0011998002108607067,0.0688731000679304,0.031820022806703034,0.002902803215719702,0.8946513990804568,0.0005147642218906404,6,2122,0.02383563902304984,0.01626373539045703,0.0540227982189683,0.45643817148314686,0.0265481191608998,0.3598722721169347,0.06301926460654361,4,0.023797528626610862,0.015063935179596323,-0.014850301848962105,0.4246181486764438,0.023645315945180097,-0.534779126963522,0.06250450038465297,0.6840045056607884,6,0.4228807241478369,1.310028207989638,0.887147483841801
tm56036,luis neto_1988,2021,9.915529801721532e-06,0.9909738441555943,0.002574315449087542,0.005741379271036939,7.019594569494176e-05,0.00028689087761737573,0.00034345877116724496,2,2122,7.33670412401033e-05,0.992680249964598,0.0031269299521712634,0.003264810206880035,5.710589895959248e-05,0.00038783458997916853,0.00040970234617156837,2,6.345151143838176e-05,0.0017064058090037193,0.0005526145030837213,-0.002476569064156904,-1.3090046735349286e-05,0.0001009437123617928,6.624357500432341e-05,0.0030602262955951214,4,0.059824833992487114,0.05151622243524635,-0.008308611557240761
tm560903,patrick_1997,2021,3.582820864612851e-05,0.8242471428097092,0.011327407656794318,0.16129104501300337,0.0002485300599346654,0.0018832325073743625,0.0009668137445379103,2,2122,8.700849402446e-06,0.9990028768093943,0.0003582086567108939,0.0005058874234577625,7.0830023197992665e-06,8.197110185948197e-05,3.527215685524874e-05,2,-2.712735924368251e-05,0.17475573399968503,-0.010969199000083424,-0.16078515758954562,-0.00024144705761486616,-0.0018012614055148805,-0.0009315415876826616,0.2377289640931314,2,0.5253075624122076,0.008996348575507334,-0.5163112138367002
tm564544,pedro amador_1998,2021,9.967963290025181e-05,0.3014928368156748,0.019868364984791467,0.6547403518980549,0.0007476806864335853,0.013628072321817656,0.009423013660327377,4,2122,0.0022154807031665364,0.622307255296907,0.023786916370205607,0.28664433414140106,0.002991278588076511,0.04145284160496392,0.020601893295279238,2,0.0021158010702662846,0.3208144184812322,0.003918551385414141,-0.36809601775665385,0.0022435979016429256,0.02782476928314627,0.011178879634951861,0.489096772193491,4,0.8254389641080437,0.9851336644453613,0.15969470033731759
tm581121,tiago esgaio_1995,2021,9.085185424102406e-05,0.4645537529417331,0.22030534432763826,0.298308038531725,0.001295856124022845,0.01379019355291408,0.0016559626677255933,2,2122,0.0006219256704349737,0.6307447953086722,0.020318216329746966,0.3368369473421854,0.0008623480141260601,0.009172629575719593,0.0014431377591148235,2,0.0005310738161939496,0.1661910423669391,-0.1999871279978913,0.038528908810460394,-0.0004335081098967848,-0.004617563977194487,-0.00021282490861076987,0.2629079356119601,3,1.1294092113244245,0.7995263016324848,-0.3298829096919397
tm58267,andre castro_1988,2021,6.272180125916852e-05,0.0022660197637737254,0.9640197286263612,0.006499239442721027,0.0007045501949461271,0.025862992472156298,0.0005847476987824164,3,2122,0.0005073328705973897,0.010597402574739383,0.04313045818507062,0.9291546325877817,0.00045477058434095714,0.014975652133417845,0.0011797510640519445,4,0.00044461106933822123,0.008331382810965657,-0.9208892704412905,0.9226553931450607,-0.00024977961060517,-0.010887340338738453,0.000595003365269528,1.3036557172434793,4,0.18645648494918338,0.33026468128073894,0.14380819633155556
tm585264,pedrao_1997,2021,6.908089099798847e-43,1.0,1.8936707306944852e-40,5.214760671553718e-40,5.049433165886267e-42,1.694302085766928e-41,1.2677429223544664e-41,2,2122,2.147510322355133e-05,0.997742381441131,0.0006652309923033872,0.001256747215798654,1.668155799985961e-05,0.00018252222899269057,0.00011496146055065528,2,2.147510322355133e-05,-0.002257618558868968,0.0006652309923033872,0.001256747215798654,1.668155799985961e-05,0.00018252222899269057,0.00011496146055065528,0.0026744796154393176,2,1.6578612669557127e-10,0.018544003279013798,0.01854400311322767
tm58965,ruben lima_1989,2021,7.10069002977721e-05,0.0874496585559865,0.04500807373116938,0.7961295163773225,0.0017618446171573372,0.06602059430282853,0.0035593055152379175,4,2122,0.007054127163805896,0.7156272449639105,0.032285658572222646,0.16879115752307144,0.006255356385493647,0.04249095296941827,0.02749550242207761,2,0.006983120263508124,0.628177586407924,-0.012722415158946732,-0.6273383588542512,0.00449351176833631,-0.023529641333410255,0.023936196906839693,0.8882257348448154,2,0.7455152097063311,0.9502884754990217,0.20477326579269062
tm593208,matheus silva_1997,2021,0.00010864100067170597,0.20168358812626688,0.02729393110711705,0.7536257192448643,0.001505735291693003,0.011693231185921584,0.004089154043465671,4,2122,0.012421800518532984,0.24865818037214713,0.09441948317534106,0.26610168522901567,0.009676003814231842,0.35674183855998726,0.011981008330744058,6,0.012313159517861279,0.04697459224588024,0.06712555206822401,-0.48752403401584865,0.00817026852253884,0.3450486073740657,0.007891854287278387,0.6030497860343221,4,0.7196493927567628,1.4412754342261234,0.7216260414693606
tm594546,ze uilton_1992,2021,0.006848138055819402,0.6838377626112438,0.07980659282130886,0.07752829388600106,0.1133669696644419,0.022956416670030268,0.015655826291154695,2,2122,0.006469838391576979,0.025451435698245765,0.015447311046003892,0.8168004986951839,0.02648484907069031,0.1051063822018472,0.004239684896451862,4,-0.00037829966424242356,-0.658386326912998,-0.06435928177530498,0.7392722048091829,-0.0868821205937516,0.08214996553181694,-0.011416141394702834,0.9992173578588567,4,1.0925582457621983,0.7118676392767483,-0.38069060648544994
tm595012,ibrahima camara_1999,2021,0.00023543621138107635,0.023441066859914726,0.6563829508593667,0.23544655678238383,0.0019581385417873384,0.07678941902773007,0.005746431717436169,3,2122,0.0020916411177572852,0.009475414657330036,0.031590645926364604,0.6182999460544653,0.0034415015529248457,0.32830766328070227,0.006793187410455682,4,0.0018562049063762089,-0.01396565220258469,-0.6247923049330021,0.38285338927208146,0.0014833630111375073,0.2515182442529722,0.0010467556930195123,0.7748575704454541,3,0.9457632323904784,0.8825616352126553,-0.06320159717782314
tm595809,beto_1998,2021,1.0,6.908089099798847e-43,1.9436919157096956e-42,4.586553731806414e-43,4.017594842684652e-41,9.929080246006947e-43,1.2677429223544664e-41,1,2122,0.3237709038639688,0.0029217022323023987,0.0031094911172655864,0.007962635942416103,0.3119091216210472,0.014947036989025525,0.3353791082339744,7,-0.6762290961360312,0.0029217022323023987,0.0031094911172655864,0.007962635942416103,0.3119091216210472,0.014947036989025525,0.3353791082339744,0.7449014118500598,1,1.6578612669557127e-10,1.2312211329323808,1.2312211327665947
tm597087,lucas africo_1995,2021,9.099084510597068e-06,0.9938137092439092,0.0019250321865812681,0.0037091431751187787,9.74618352702855e-05,0.00037162490253900727,7.392957207081904e-05,2,2122,6.768215880124614e-05,0.996040141045955,0.0012237188959274819,0.0020675984994035766,4.6946656983539824e-05,0.00039257866292541116,0.00016133408000386685,2,5.858307429064907e-05,0.0022264318020457363,-0.0007013132906537863,-0.001641544675715202,-5.051517828674567e-05,2.0953760386403894e-05,8.740450793304781e-05,0.0028548083373638607,2,0.0436078670098617,0.030544052262307653,-0.01306381474755405
tm598629,bruno duarte_1996,2021,0.01880126293183884,0.001353493861091261,0.0019771190374731533,0.0005824648143337453,0.9731181428444033,0.001136551091011918,0.0030309654198476888,5,2122,0.7204796888230697,0.001142359006102174,0.0005987748198569573,0.00392029258300455,0.2440002241667573,0.005333883993183959,0.024524776608025215,1,0.7016784258912309,-0.00021113485498908688,-0.001378344217616196,0.0033378277686708043,-0.7291179186776461,0.004197332902172041,0.021493811188177527,1.0119270012241162,5,0.1521000556533304,0.7331464606054722,0.5810464049521418
tm601883,matheus nunes_1998,2021,0.002471516183488982,0.009720637611574942,0.5326398733324254,0.02453913598010325,0.06350028481477116,0.35853104557615606,0.008597506501480254,3,2122,0.0017957546718851154,0.005453024230610974,0.028197811955300824,0.8839354121438131,0.0007912810336302506,0.07909627426838359,0.0007304416963760093,4,-0.0006757615116038665,-0.004267613380963969,-0.5044420613771246,0.8593962761637098,-0.0627090037811409,-0.2794347713077725,-0.007867064805104245,1.0368503423923312,4,1.070074230815599,0.46104938892331193,-0.6090248418922871
tm606050,pedro pelagio_2000,2021,0.00016882901086354008,0.00720950269874386,0.5966358112567087,0.10119422939998846,0.00208595875571785,0.2883670223607407,0.004338646517236851,3,2122,0.0001117410820702435,0.001515063922349597,0.9287332589699312,0.06360988772024444,8.863319105455506e-05,0.00522095673168755,0.0007204583826624577,3,-5.708792879329658e-05,-0.005694438776394263,0.33209744771322247,-0.03758434167974402,-0.0019973255646632947,-0.28314606562905315,-0.0036181881345743938,0.43807466395555145,3,0.9720341983851734,0.28823860011483077,-0.6837955982703425
tm610335,ivan jaime pajuelo_2000,2021,0.008913180137357687,0.0008840253701338572,0.0044187113087646385,0.0015971917986008469,0.9694118051294472,0.010795623643764775,0.003979462611930876,5,2122,0.06909370698025005,0.003499732909327426,0.003613925013653889,0.05421793280214547,0.39713710787939094,0.4603712892579084,0.012066305157323872,6,0.060180526842892365,0.002615707539193569,-0.0008047862951107497,0.05262074100354462,-0.5722746972500563,0.4495756656141436,0.008086842545392995,0.7321302725791397,5,0.18352846604306908,1.1599488413197618,0.9764203752766928
tm617679,ze carlos_1998,2021,0.000655137665089942,0.23692628660720183,0.10863579144678823,0.4714088103679835,0.010784756406400912,0.09637909619151991,0.07521012131501564,4,2122,0.0005488165831633169,0.9591805232331098,0.007933306146616028,0.02315402237487516,0.0006378970242984795,0.006280383435944338,0.00226505120199291,2,-0.00010632108192662503,0.7222542366259079,-0.1007024853001722,-0.4482547879931083,-0.010146859382102432,-0.09009871275557557,-0.07294507011302273,0.8607817818286789,2,1.4105664404926042,0.21998587202811168,-1.1905805684644926
tm629567,yanis hamache_1999,2021,0.0028415730607085606,0.03173599976578164,0.22499624769378654,0.15434332384837518,0.03502185901348489,0.5008289247634033,0.050232071854459735,6,2122,0.02311264758508814,0.07487620222855547,0.020052197836007857,0.5617381897620687,0.03297097900649759,0.2371643298831267,0.05008545369865568,4,0.02027107452437958,0.04314020246277383,-0.20494404985777867,0.4073948659136935,-0.0020508800069872976,-0.26366459488027666,-0.0001466181558040583,0.5289308637034046,4,1.3641362481438923,1.2872429961731373,-0.07689325197075503
tm637782,andre amaro_2002,2021,1.2200019924692013e-05,0.9868071759080355,0.003066606199851722,0.009605979153413163,7.40295021145474e-05,0.0003034149081570055,0.00013059430850351393,2,2122,2.287912026192523e-05,0.9983400549130939,0.0007751293867678176,0.0006550517400138538,1.5907383300001753e-05,8.158757640677407e-05,0.00010938988015562982,2,1.0679100337233218e-05,0.011532879005058394,-0.002291476813083904,-0.008950927413399309,-5.812211881454565e-05,-0.00022182733175023141,-2.120442834788411e-05,0.014779376349465901,2,0.07994362431057221,0.014198445325701244,-0.06574517898487096
tm63837,andre andre_1989,2021,8.7014474466729e-05,0.0011633294564175312,0.6726137600992018,0.004821844974977126,0.0021575179630711756,0.31880104849715946,0.0003554845347061389,3,2122,0.0004229860094076479,0.009006061608508881,0.9198467698826976,0.04172314683330258,0.00026194483061229136,0.02640818175421024,0.0023309090812606934,3,0.00033597153494091894,0.00784273215209135,0.24723300978349583,0.03690130185832546,-0.0018955731324588844,-0.29239286674294923,0.0019754245465545546,0.3847657342456416,6,0.6816613932656759,0.3673551411625796,-0.31430625210309626
tm64339,pizzi_1989,2021,0.004400081361293594,0.0019518286399619303,0.0065806273752909514,0.005829744757154927,0.9402225852029082,0.034183550391833455,0.006831582271556948,5,2122,0.01898257520146529,0.006147325831443929,0.003851048627566775,0.01958961903777208,0.050014901324588065,0.02495685689374522,0.8764576730834187,7,0.014582493840171696,0.004195497191481998,-0.0027295787477241763,0.013759874280617153,-0.8902076838783202,-0.009226693498088235,0.8696260908118617,0.8904953050817009,5,0.30652593365389375,0.5625006992063525,0.25597476555245874
tm644158,lucas_1999,2021,0.001973630976229902,0.044673605443745774,0.24720112087441862,0.09641340971660518,0.24207240076505343,0.3564085584065998,0.011257273817347297,6,2122,0.046545388153394686,0.008862595457257958,0.01265815545231342,0.0672538127672079,0.3375446053972075,0.5162629425881934,0.01087250018442513,6,0.044571757177164786,-0.03581100998648781,-0.2345429654221052,-0.02915959694939728,0.09547220463215406,0.1598543841815936,-0.0003847736329221675,0.3062647885356053,3,1.4837433279504069,1.178574719411003,-0.30516860853940386
tm646677,riccieli_1998,2021,2.992823731273569e-06,0.9986384797952484,0.000576279975308007,0.0006460647611311375,1.4883525908933555e-05,5.3258282291151735e-05,6.80408363808845e-05,2,2122,0.0002919045353332636,0.9896010482278391,0.0019500193499550663,0.006341588764018468,0.00016257758677683,0.001163449383350664,0.0004894121527265758,2,0.00028891171160199005,-0.009037431567409326,0.0013737393746470594,0.0056955240028873306,0.00014769406086789644,0.0011101911010595123,0.0004213713163456913,0.010832318803751862,2,0.011784572149581056,0.06999041883839388,0.058205846688812825
tm651205,luquinha_2000,2021,0.005214953845269809,0.015701555238281567,0.05709411036186016,0.04287904979745236,0.17893494880968036,0.6735241295929839,0.02665125235447192,6,2122,0.18154216317184146,0.020017204516108653,0.043353718878620384,0.15238312833209744,0.3148211141808069,0.22809256904326722,0.059790101877257994,5,0.17632720932657164,0.0043156492778270855,-0.01374039148323978,0.10950407853464508,0.13588616537112652,-0.44543156054971667,0.033138849522786076,0.5100629139865447,6,1.0618465958701404,1.6801968666351583,0.6183502707650179
tm657386,bruno rodrigues_2001,2021,2.821851206080762e-06,0.9982471802600319,0.0003955574422523918,0.001249465734502821,1.7078856405683492e-05,4.780635331707919e-05,4.0089502284309816e-05,2,2122,2.7459349660765876e-05,0.9983945251751231,0.0005591055651938453,0.000749682901997672,1.928890618423528e-05,0.00014018205077130823,0.00010975605106898194,2,2.4637498454685115e-05,0.0001473449150911632,0.00016354812294145353,-0.000499782832505149,2.2100497785517886e-06,9.237569745422904e-05,6.966654878467213e-05,0.0005544245235539714,4,0.014308307944075194,0.013928285045905299,-0.00038002289816989505
tm674798,goncalo franco_2000,2021,6.618129810525684e-05,0.006323904830958331,0.9567045105454144,0.01870274389837001,0.000711012597453136,0.016930541638505353,0.0005611051911933572,3,2122,0.00034204363085284093,0.014242952307246247,0.6323746279581278,0.3001201068870439,0.00029659915339873467,0.051288449444140426,0.001335220619190015,3,0.0002758623327475841,0.007919047476287917,-0.32432988258728657,0.28141736298867387,-0.00041441344405440135,0.03435790780563507,0.0007741154279966579,0.43084687524783505,3,0.22782939844837927,0.8778884733550545,0.6500590749066752
tm694928,samuel lino_1999,2021,0.027235340154109708,0.0017791428770307727,0.0020279078846078737,0.0011648165696159039,0.9623195842868818,0.002138869668989219,0.003334338558764634,5,2122,0.8452970989668179,0.0006362265893843994,0.0018422547092216389,0.00737131826628334,0.1250774335628889,0.015905275335772646,0.003870392569631204,1,0.8180617588127083,-0.0011429162876463732,-0.00018565317538623487,0.006206501696667436,-0.8372421507239929,0.013766405666783426,0.00053605401086657,1.1706531661827573,5,0.19897084760671457,0.5419206997908024,0.3429498521840878
tm700933,derik lacerda_1999,2021,0.06441126365109487,0.021259675586741415,0.062253787513494405,0.030399729848592467,0.4298367648279948,0.052423329970040636,0.3394154486020414,5,2122,0.25858207141645034,0.008678528955405948,0.10003392608751444,0.16619218209390474,0.1762103221768032,0.2195544100481177,0.07074855922180373,1,0.19417080776535547,-0.012581146631335466,0.03778013857402003,0.13579245224531228,-0.2536264426511916,0.1671310800780771,-0.2686668893802377,0.38728114740617076,5,1.421807874804503,1.7456717193403144,0.3238638445358113
tm70359,david simao_1990,2021,0.000996660803586911,0.02897204689115441,0.11365715175885592,0.20956453862368005,0.013431406377826575,0.5368848881506958,0.0964933073942003,6,2122,0.0031483203781354553,0.009089323504051465,0.053207829392040246,0.6415079251367443,0.004260346752854953,0.273499423891488,0.015286830944685704,4,0.0021516595745485444,-0.019882723387102945,-0.060449322366815675,0.4319433865130642,-0.009171059624971622,-0.2633854642592078,-0.08120647644951459,0.5099854636878169,4,1.3015842189059381,0.9434829405638605,-0.3581012783420776
tm711337,evanilson_1999,2021,0.6592361644264256,0.003442490900115472,0.008684218768594496,0.003991350191181774,0.2611676496503233,0.008459095583265377,0.055019030480093836,1,2122,0.6685344588536549,0.0023463861457268136,0.0024493666508641266,0.00768238149176109,0.16203493480293235,0.01665326573268947,0.1402992063223714,1,0.009298294427229292,-0.0010961047543886584,-0.00623485211773037,0.0036910313005793158,-0.09913271484739095,0.008194170149424092,0.08528017584227755,0.10017283262108394,5,0.9080469860575194,0.974170209610318,0.06612322355279854
tm740273,nathan_2001,2021,0.002068001859397419,0.16503535961623908,0.39082796821635146,0.16210551885828545,0.02608974219567763,0.12323913155693485,0.13063427769711405,3,2122,0.0013088093867331533,0.5369955958029854,0.11212130117275788,0.3157814865796316,0.0016196104594758084,0.02793077847002443,0.004242418128391773,2,-0.0007591924726642657,0.37196023618674634,-0.2787066670435936,0.15367596772134617,-0.02447013173620182,-0.09530835308691042,-0.1263918595687223,0.4993307245726801,2,1.5912726919628835,1.0854364293541472,-0.5058362626087363
tm75442,nicolas gaitan_1988,2021,0.007685730373032202,0.016950760413836027,0.1258321351737579,0.09043322794491089,0.2141316162984298,0.5023168146967502,0.04264971509928308,6,2122,0.37936311551863744,0.016320267625863152,0.027235566690637276,0.05753850362624197,0.22830491592070767,0.07536811909031953,0.2158695115275928,1,0.3716773851456052,-0.0006304927879728743,-0.09859656848312064,-0.03289472431866892,0.014173299622277868,-0.4269486956064306,0.1732197964283097,0.5757029559214488,6,1.3951004539921894,1.560314507482791,0.1652140534906017
tm782612,tiago melo almeida_2001,2021,0.00018151654532540647,0.8573532353002208,0.021440462741697315,0.10809562761951534,0.0010939400401922658,0.00549938127685992,0.006335836476188948,2,2122,0.0003171879069388673,0.8640105117315683,0.01861201938936727,0.11313350691979279,0.0003493507257614628,0.0020071364733282105,0.0015702868532430747,2,0.00013567136161346082,0.006657276431347503,-0.0028284433523300435,0.005037879300277451,-0.0007445893144308029,-0.0034922448035317093,-0.004765549622945873,0.0095114795304516,2,0.5245252387728973,0.4749219316505435,-0.049603307122353724
tm83466,andre almeida_1990,2021,0.0004157872265974252,0.6971915538374516,0.03862357656180733,0.20152032514264284,0.003879047005757423,0.024527710599359823,0.033841999626383505,2,2122,0.0002891364128759666,0.9731563192026174,0.0064045262527691,0.01106352048338726,0.0003402559921353127,0.006710610600893542,0.0020356310553216045,2,-0.0001266508137214586,0.2759647653651658,-0.03221905030903823,-0.19045680465925557,-0.0035387910136221103,-0.01781709999846628,-0.0318063685710619,0.3373401866091605,2,0.9302714036008806,0.15992732681465108,-0.7703440767862295
tm85953,yohan tavares_1988,2021,9.28132861558495e-07,0.9988807619355398,0.00020686427467646396,0.0008436886300974483,6.192860590080289e-06,2.3979549816653278e-05,3.758461641781445e-05,2,2122,2.484522226779751e-05,0.9974494422048691,0.0010052690315380745,0.0011181325808706196,1.8165639850254255e-05,0.00025162549480163034,0.00013251982580265203,2,2.3917089406239016e-05,-0.001431319730670677,0.0007984047568616106,0.0002744439507731713,1.1972779260173967e-05,0.00022764594498497705,9.493520938483758e-05,0.001677493326418736,2,0.009570137262832774,0.02081543702969471,0.011245299766861937
tm95429,osama rashid_1992,2021,0.0013798351229403496,0.08943457541014345,0.17493428070571837,0.41817418290718006,0.0553751252510799,0.24731382493986123,0.013388175663076662,4,2122,0.0016107868522194288,0.007870398890762367,0.07242761543374761,0.7757898510937062,0.0017436266837912997,0.13900378497427102,0.0015539360715019406,4,0.00023095172927907926,-0.08156417651938108,-0.10250666527197076,0.3576156681865262,-0.0536314985672886,-0.10831003996559022,-0.011834239591574721,0.39957071111829795,4,1.4580681387762053,0.7309897081749012,-0.7270784306013042
tm99499,rafael martins_1989,2021,0.8503734125931414,0.0015586967729275803,0.0014262032915061883,0.0004064398730236732,0.13983521580225022,0.0006742811034821954,0.005725750563668812,1,2122,0.16855732859454772,0.0017067904280712875,0.0008367796709240427,0.0029132634357997185,0.8114048073593754,0.009535513559866699,0.0050455169514151054,5,-0.6818160839985936,0.00014809365514370726,-0.0005894236205821456,0.0025068235627760454,0.6715695915571251,0.008861232456384503,-0.0006802336122537066,0.9570601149668381,1,0.47000341277309327,0.5745561229551177,0.10455271018202444
anderson_1998,anderson_1998,2122,0.024755922711145815,0.008381848346235246,0.0179602926932483,0.3789278514147079,0.016975287121795433,0.551428391608111,0.001570406104756315,6,2223,0.07045443481442491,0.01352970763381301,0.028240541001268635,0.04462351284846085,0.028836936470276756,0.7998176339164867,0.014497233315269357,6,0.0456985121032791,0.005147859287577763,0.010280248308020337,-0.3343043385662471,0.011861649348481322,0.24838924230837578,0.012926827210513043,0.41930638341549736,4,0.9791165566134904,0.8269012237677733,-0.1522153328457171
christian neiva afonso_1994,christian neiva afonso_1994,2122,0.003657996065250585,0.4383754036397653,0.1649943004737867,0.22560987561024556,0.005061834679368274,0.09305665826812581,0.06924393126345775,2,2223,0.007246738393318719,0.48749869864095785,0.1942066713273773,0.2245583115863669,0.0034602807225286654,0.05457134503490636,0.028457954294544032,2,0.0035887423280681337,0.04912329500119256,0.029212370853590602,-0.0010515640238786539,-0.0016015539568396083,-0.03848531323321945,-0.040785976968913715,0.06902267664174701,2,1.4478730877729549,1.3192405901813349,-0.12863249759162
cristian gonzalez_1996,cristian gonzalez_1996,2122,3.6235212513984127e-08,0.9999969004893043,1.1947044108565503e-06,1.4553627299974246e-06,2.9080436284087293e-08,2.128901772182611e-07,1.712377287085793e-07,2,2223,0.000103083699426111,0.984876070705157,0.007955866309463036,0.004586748494336454,6.367688760905611e-05,0.0020986430503554575,0.0003159108536530191,2,0.00010304746421359701,-0.015120829784147305,0.007954671605052178,0.0045852931316064565,6.364780717277202e-05,0.0020984301601782392,0.00031573961592431057,0.017814580707064688,2,4.601677599485428e-05,0.09521314048787442,0.09516712371187958
diederrick joel_1993,diederrick joel_1993,2122,0.41247041965879516,0.002932841369081006,0.003889069852242857,0.00879828951073574,0.4957805083652053,0.02570861036694892,0.050420260876990836,5,2223,0.008136993622319573,0.0025162001784214513,0.0019989288161209747,0.0030354970843563317,0.940564512184964,0.012857636569678876,0.030890231544138853,5,-0.4043334260364756,-0.0004166411906595547,-0.001890141036121882,-0.0057627924263794076,0.44478400381975863,-0.012850973797270043,-0.019530029332851983,0.6012656925115842,5,1.038201954348008,0.3052588327858466,-0.7329431215621616
lamine diaby_1996,lamine diaby_1996,2122,0.007750053522015303,0.015714098751169726,0.13460260204511423,0.024676949713506702,0.005373319176284378,0.018037048361458384,0.7938459284304512,7,2223,0.0006384468699050754,0.007331106129899317,0.5500196686561853,0.1647705379000246,0.00035350634604383395,0.2762134251750142,0.0006733089229276366,3,-0.007111606652110228,-0.008382992621270409,0.41541706661107114,0.1400935881865179,-0.005019812830240544,0.2581763768135558,-0.7931726195075236,0.5089190920594444,3,0.7479958060197504,1.0297486026266758,0.2817527966069254
paulo sergio mota_1991,paulo sergio mota_1991,2122,0.011175410002830524,0.2739712745926127,0.017441359087659758,0.5146666010960335,0.015113598333028739,0.15020006591397606,0.017431690973858757,4,2223,0.002615954402921586,0.07311581568045476,0.10890381883232209,0.7385155131901304,0.0006008583925716568,0.07383611902678738,0.0024119204748121433,4,-0.008559455599908939,-0.20085545891215795,0.09146245974466233,0.22384891209409696,-0.014512739940457082,-0.07636394688718867,-0.015019770499046615,0.323932043255995,4,1.2361156949774719,0.8835339358491813,-0.3525817591282906
tm102427,sebastian coates_1990,2122,0.00013026750916949776,0.9934333176344184,0.0009384168702511688,0.004600245432583066,9.39997920146226e-05,0.0005717038537424834,0.00023204890782067014,2,2223,0.0003060284740262845,0.9763280514890192,0.011759479374444508,0.004680975994173299,0.0002484795519315333,0.005618081005462764,0.0010589041109425248,2,0.00017576096485678674,-0.0171052661453992,0.01082106250419334,8.073056159023286e-05,0.0001544797599169107,0.005046377151720281,0.0008268552031218547,0.020861752546671854,2,0.046091680427895854,0.14165231042156345,0.0955606299936676
tm126956,edgar costa_1987,2122,0.001559437050407212,0.000681712618289358,0.0025022526565247802,0.022724404476009243,0.0024704078555581235,0.9668900162085046,0.003171769134706823,6,2223,0.05616725255306155,0.03776927610149176,0.1604722437984215,0.179692887148105,0.020095615920661003,0.27579790737730997,0.27000481710094926,6,0.05460781550265434,0.0370875634832024,0.15796999114189672,0.15696848267209576,0.017625208065102878,-0.6910921088311945,0.2668330479662424,0.72929423032198,6,0.1816709803136107,1.6748124071219586,1.4931414268083478
tm127031,pierre sagna_1990,2122,0.00020154040610126424,0.9787658889160835,0.0023493398096116093,0.013982500426854935,0.00024916201496170514,0.0026522165171106384,0.001799351909276409,2,2223,0.0013589086243670034,0.3451165883684747,0.5093470658851633,0.11191680952736886,0.00033872164150234284,0.023476537958172988,0.008445367994950787,3,0.0011573682182657392,-0.6336493005476088,0.5069977260755517,0.09793430910051393,8.955962654063769e-05,0.02082432144106235,0.006646016085674378,0.8176700184761877,2,0.12582243519007424,1.0959508425100357,0.9701284073199614
tm129670,luiz carlos_1985,2122,7.875875160744773e-05,0.002810999321146248,0.9460170669431339,0.0479596816307907,5.28138163750512e-05,0.0027647246274872758,0.00031595490945942304,3,2223,0.00053456237915085,0.00594851921856296,0.8536304146261207,0.03599521949514715,0.00027429807158571747,0.10288932813500735,0.0007276580744253517,3,0.00045580362754340224,0.0031375198974167118,-0.09238665231701326,-0.011964462135643554,0.00022148425521066628,0.10012460350752007,0.00041170316496592864,0.13679721836136477,6,0.2347811944170863,0.5307538100681037,0.2959726156510174
tm137192,zainadine junior_1988,2122,7.351255166724053e-05,0.9923814917790945,0.002348263003438864,0.004049917928272123,6.659433934688605e-05,0.0006646831232220723,0.0004155372749582148,2,2223,0.00015852616900835197,0.9764657269252475,0.015117179701106716,0.004190572869677355,0.00013057718616662361,0.0033070248701345998,0.0006303922786588134,2,8.501361734111144e-05,-0.015915764853847048,0.012768916697667852,0.00014065494140523202,6.398284681973757e-05,0.0026423417469125274,0.0002148550037005986,0.020575953911174394,2,0.05355564874282652,0.13565732978865672,0.0821016810458302
tm138651,joaozinho_1989,2122,0.0005922395449642307,0.9661305571957038,0.0032348490120228572,0.02066799653164031,0.0007390001264720051,0.0059457753268493995,0.0026895822623474296,2,2223,0.006185036733569727,0.8442863837466345,0.03574459092174558,0.09018516500921075,0.0008075786261033577,0.013396473227544677,0.009394771735191518,2,0.005592797188605497,-0.12184417344906939,0.03250974190972272,0.06951716847757045,6.857849963135259e-05,0.007450697900695277,0.006705189472844089,0.14429940962551965,2,0.18813194070327036,0.6177932624764879,0.4296613217732176
tm139336,paulo oliveira_1992,2122,4.123722192988027e-05,0.99740459516034,0.0009373758081248618,0.0011439688121646391,2.7332998734386986e-05,0.000159042622561465,0.0002864473761448538,2,2223,0.00012164416752452241,0.9825216633017106,0.01172556043609906,0.002693406402947331,6.890302329863199e-05,0.0016524298309393672,0.001216392837480439,2,8.040694559464215e-05,-0.014882931858629322,0.0107881846279742,0.001549437590782692,4.1570024564245e-05,0.0014933872083779023,0.0009299454613355851,0.018507451035233942,2,0.02130760897213663,0.10589884942256415,0.08459124045042753
tm139395,ricardo esgaio_1993,2122,0.008809175654565614,0.06369448080383684,0.20221737712711377,0.3760456790640493,0.017829958968844033,0.24487498801762397,0.08652834036396644,4,2223,0.06495218050060295,0.016674021498691575,0.046203063483688134,0.7796113763790815,0.005296326918346791,0.0410116938376256,0.0462513373819635,4,0.056143004846037334,-0.04702045930514527,-0.15601431364342563,0.4035656973150322,-0.012533632050497241,-0.20386329417999838,-0.04027700298200294,0.48403102518713015,4,1.5361929242091523,0.882905621469593,-0.6532873027395594
tm14132,pepe_1983,2122,0.00014361628358771608,0.995322142639421,0.0005617687651057473,0.002995772389472866,0.00010421187311763401,0.0006522305702798596,0.00022025747901514094,2,2223,3.4831883642737146e-05,0.9964354976590386,0.0023406294794350363,0.0007626356372299709,1.3605325723987602e-05,0.0002924064049242396,0.0001203936100058133,2,-0.00010878439994497894,0.0011133550196176234,0.001778860714329289,-0.0022331367522428953,-9.060654739364641e-05,-0.00035982416535562005,-9.986386900932763e-05,0.0030887411055291877,4,0.03514371389995847,0.027186811438082572,-0.007956902461875897
tm149729,joao mario_1993,2122,0.012236591042818105,0.005748960195667478,0.02992436228677337,0.6860286185154961,0.014714540729175433,0.24252907403428825,0.008817853195781081,4,2223,0.8946921482962296,0.0021652493475169954,0.0036439977899011614,0.04087285978994928,0.017520243087052283,0.02195281439374194,0.0191526872956088,1,0.8824555572534114,-0.0035837108481504825,-0.026280364496872207,-0.6451557587255469,0.00280570235787685,-0.2205762596405463,0.010334834099827718,1.115490485108874,1,0.8944377094336629,0.49443230392306114,-0.4000054055106017
tm155025,fabio cardoso_1994,2122,3.220463490510491e-05,0.9985822482055546,0.000486935704565161,0.0006262286239016167,2.474392755438305e-05,0.00011178601087133961,0.0001358528926478546,2,2223,0.0021807054281541872,0.9165380036846381,0.03145677721896093,0.02042323792308736,0.0017720033313925307,0.02089069982716568,0.0067385725866013655,2,0.0021485007932490825,-0.08204424452091652,0.03096984151439577,0.019797009299185743,0.0017472594038381475,0.020778913816294337,0.006602719693953511,0.09231328696398293,2,0.012572043895262446,0.4072570711120712,0.39468502721680876
tm155395,salvador agra_1991,2122,0.20100509841362618,0.0009378932392970504,0.0009985564976223353,0.012045004007383994,0.690023942413224,0.09045588918806617,0.004533616240780435,5,2223,0.32370326826301266,0.013115432132895935,0.034795855283952085,0.53499952443826,0.017928551699819998,0.037543599389020924,0.037913768793038316,4,0.12269816984938647,0.012177538893598886,0.03379729878632975,0.5229545204308761,-0.672095390713404,-0.05291228979904525,0.03338015255225788,0.8627506857790467,5,0.8870030087453409,1.1928410992852765,0.3058380905399356
tm167791,stefano beltrame_1993,2122,0.0008162639460821162,0.0025984963507493515,0.00299860029610667,0.9790547654897364,0.0011857665465036798,0.012439554168151193,0.0009065532026705861,4,2223,0.003069208870252521,0.00963888427720284,0.04610190058476254,0.08471928723243491,0.000878298722020897,0.8529931912140808,0.0025992290992455248,6,0.002252944924170405,0.007040387926453487,0.04310330028865587,-0.8943354782573014,-0.0003074678244827828,0.8405536370459296,0.0016926758965749387,1.2281201066166452,4,0.1283285729508521,0.5707579328128279,0.44242935986197585
tm175600,arsenio nunes_1989,2122,0.09054886790145684,0.006486297477838554,0.004002863486448051,0.16006895323707265,0.26733797809322557,0.4630598300645774,0.008495209739380942,6,2223,0.06701647746954371,0.03622412122890375,0.1523188722067549,0.6195384021869321,0.008959926825262548,0.09457989557590986,0.021362304506693096,4,-0.02353239043191313,0.029737823751065193,0.14831600872030687,0.45946944894985947,-0.25837805126796304,-0.36847993448866756,0.012867094767312154,0.6611237433489301,4,1.315233798014785,1.2320363001989034,-0.0831974978158816
tm176997,anderson carvalho_1990,2122,0.00013869955711388293,0.009061511503027538,0.9586735369448014,0.027980408788346126,0.0001001577090932957,0.002536284349677403,0.0015094011479403605,3,2223,0.0011141557703667458,0.005637632419417408,0.27390967866191734,0.04878260228045036,0.00041597754402637375,0.6694563511976788,0.0006836021261429573,6,0.0009754562132528628,-0.0034238790836101296,-0.6847638582828841,0.020802193492104232,0.00031581983493307803,0.6669200668480013,-0.0008257990217974033,0.9561011571136491,3,0.2102673453066207,0.8156786688018169,0.6054113234951962
tm177859,tiago ilori_1993,2122,0.008913972158279698,0.8877627564256358,0.014548644243089864,0.038646955835693324,0.005149872710891999,0.009462814369143565,0.03551498425726578,2,2223,0.0002986316231187981,0.9819859834404514,0.009376995085789779,0.00236621539353514,0.000266916915868751,0.0037400280732082783,0.001965229468027776,2,-0.008615340535160899,0.09422322701481556,-0.005171649157300085,-0.036280740442158184,-0.004882955795023247,-0.005722786295935286,-0.033549754789238,0.10174415080949276,2,0.5248139870695154,0.11371333628005291,-0.4111006507894625
tm177964,yusupha njie_1994,2122,0.6297888637470893,0.0004567020858409022,0.0007356989477258877,0.0036137888292272257,0.3412306766759094,0.020596274829054427,0.0035779948851529723,1,2223,0.05391306141249248,0.00270741178382234,0.0025454094967588933,0.00552188031752094,0.8914542610340969,0.008185430961641631,0.03567254499366698,5,-0.5758758023345968,0.002250709697981438,0.0018097105490330057,0.0019080914882937143,0.5502235843581875,-0.012410843867412796,0.03209455010851401,0.7965832932616224,1,0.7873495214306824,0.47803902167582235,-0.30931049975486
tm181783,claudio winck_1994,2122,0.006671818187771304,0.02683371363837036,0.1941129346133161,0.2940221687690367,0.004357013298209696,0.4654687285851853,0.008533622908110529,6,2223,0.014844442522200565,0.025907472649895943,0.05274994862551363,0.7882472423357799,0.0020242851734456,0.10891705844113786,0.007309550252026619,4,0.008172624334429262,-0.0009262409884744152,-0.14136298598780248,0.4942250735667432,-0.0023327281247640962,-0.35655167014404743,-0.00122407265608391,0.6256549384152055,4,1.228922014942904,0.7898973699736197,-0.4390246449692844
tm182108,sebastian perez_1993,2122,0.0004869911304245744,0.046533954057003356,0.4585633565639361,0.48512038124202295,0.0003758215913778238,0.007577554689222089,0.001341940726013042,4,2223,0.012495255697372745,0.08547229032657569,0.19202829587645204,0.6239894159837658,0.0027274386520464667,0.06318018682234407,0.02010711664144323,4,0.01200826456694817,0.038938336269572334,-0.26653506068748406,0.13886903474174284,0.002351617060668643,0.05560263213312198,0.01876517591543019,0.30835551339009265,3,0.9037354594797674,1.145283896271162,0.2415484367913946
tm182936,filipe ferreira_1990,2122,0.0009153554960550821,0.866229931608411,0.023768647809904456,0.08572424709654353,0.0009965169576919399,0.016924695002422194,0.005440606028971854,2,2223,0.015554763048791978,0.5235354245213187,0.1537949535929043,0.2721134518337967,0.0004948194880915525,0.023747128379589283,0.010759459135507462,2,0.014639407552736896,-0.34269450708709226,0.13002630578299984,0.18638920473725318,-0.0005016974696003874,0.0068224333771670885,0.005318853106535608,0.4115196357123886,2,0.5345601976046086,1.1870062106615096,0.652446013056901
tm184992,juan delgado_1993,2122,0.03263111621180765,0.13510535521810574,0.1252967627699683,0.1246253644065636,0.021457460191676023,0.4557263976468168,0.10515754355506171,6,2223,0.0030499300125969896,0.1287346863389736,0.4605097732826524,0.2878334731945746,0.001608283628732245,0.11115547001121952,0.007108383531250721,3,-0.02958118619921066,-0.006370668879132152,0.33521301051268415,0.16320810878801098,-0.019849176562943778,-0.3445709276355973,-0.09804916002381099,0.5089630587497869,6,1.579312481601867,1.2868186590539716,-0.29249382254789547
tm186848,giorgi aburjania_1995,2122,0.012221293457039076,0.004097428835016555,0.12894473518699104,0.787170372278735,0.005254373113284267,0.058510854668635155,0.0038009424602989455,4,2223,0.0007887401213423871,0.00885350297494371,0.88645354926801,0.02961959803232489,0.00022398606239926866,0.07340061988948504,0.0006600036514947803,3,-0.011432553335696689,0.004756074139927155,0.757508814081019,-0.75755077424641,-0.005030387050884998,0.014889765220849886,-0.0031409388088041654,1.071495736058235,4,0.7437046442319782,0.45699277183285486,-0.2867118723991234
tm190442,alan ruiz_1993,2122,0.1797903896353551,0.006120902324095451,0.01518410327537267,0.1922662745887746,0.34140591690671146,0.20711554911018362,0.05811686415950706,5,2223,0.0163388016347334,0.0025169819756077198,0.016478259660602734,0.059666584899914825,0.01122696577890762,0.8898530959582227,0.0039193100920110625,6,-0.1634515880006217,-0.0036039203484877313,0.0012941563852300643,-0.13259968968885977,-0.3301789511278038,0.6827375468480391,-0.054197554067496,0.7870593751757675,6,1.578674582218091,0.4941065881800053,-1.0845679940380857
tm193082,alex grimaldo_1995,2122,0.07903620408554163,0.07537380661125359,0.037650862760846636,0.37672002837681534,0.09678135696693559,0.1937796433047395,0.1406580978938677,4,2223,0.16776650355675043,0.09524791516429729,0.060365815348924094,0.5056534581094616,0.006464204509856844,0.049672426495019587,0.11482967681569006,4,0.0887302994712088,0.019874108553043696,0.02271495258807746,0.12893342973264627,-0.09031715245707875,-0.14410721680971994,-0.02582842107817765,0.23309209032768408,6,1.7065943578574643,1.4679688037262473,-0.238625554131217
tm193303,nuno sequeira_1990,2122,0.003123703165396254,0.8779043210960616,0.011150211405760184,0.062397167261486704,0.004249520829198165,0.025556524221617943,0.015618552020479078,2,2223,0.004414214833715012,0.5222597137690771,0.13996731298064113,0.2871063007890144,0.0015642470014170494,0.02834962844222423,0.01633858218391109,2,0.0012905116683187578,-0.35564460732698455,0.12881710157488094,0.2247091335275277,-0.0026852738277811155,0.002793104220606288,0.000720030163432011,0.4399861413916283,2,0.5374584194660066,1.1750376849910356,0.637579265525029
tm193830,iuri medeiros_1994,2122,0.43002486388673394,0.005868883945035426,0.0027014191714464326,0.021917029622776054,0.3494628778441902,0.045599036494859566,0.14442588903495843,1,2223,0.7309352808639863,0.004788911634301717,0.007051174715710423,0.046134685221906405,0.04046142714662388,0.03340901451602782,0.13721950590144347,1,0.30091041697725235,-0.001079972310733709,0.00434975554426399,0.02421765559913035,-0.30900145069756635,-0.012190021978831747,-0.00720638313351496,0.43218532340961524,5,1.2804449468562793,0.947404442059465,-0.33304050479681435
tm194005,nino galovic_1992,2122,1.0420702750543581e-05,0.9994972262328623,0.0001536343392628774,0.0002592685159372214,6.9875461396628196e-06,4.3494611889860585e-05,2.89680511573607e-05,2,2223,7.945741134655615e-05,0.9928469931501273,0.004398268024460901,0.0015486099954264416,4.875644032119167e-05,0.0007094840462324738,0.00036843093208502027,2,6.903670859601256e-05,-0.006650233082735046,0.004244633685198024,0.0012893414794892203,4.1768894181528853e-05,0.0006659894343426133,0.00033946288092765955,0.008022154901350621,2,0.004934650633397672,0.050306428895130144,0.04537177826173247
tm197880,raphael guzzo_1995,2122,0.025073034814707042,0.006117165254307356,0.011802426974839339,0.7304720347203872,0.0302801760858743,0.192094340638879,0.004160821511005702,4,2223,7.287544979436779e-41,1.8448969258361287e-40,6.167975089036884e-39,1.0,5.195792281072874e-42,1.4601475543222733e-39,1.9846679519810012e-41,4,-0.025073034814707042,-0.006117165254307356,-0.011802426974839339,0.26952796527961276,-0.0302801760858743,-0.192094340638879,-0.004160821511005702,0.3335683181975018,4,0.8510255844206666,1.6578612669557127e-10,-0.8510255842548804
tm211072,paulinho_1992,2122,0.6261176999327663,0.00010586926249755048,8.172654387269941e-05,0.00046849116556904244,0.37049971044433955,0.000922295215855464,0.0018042074350994044,1,2223,0.2113044168933071,0.0018745364326627507,0.00236604545071614,0.005313413992436171,0.749058969517516,0.005633934026857776,0.02444868368650394,5,-0.41481328303945925,0.0017686671701652,0.0022843189068434406,0.004844922826867128,0.3785592590731765,0.004711638811002312,0.022644476251404536,0.5616326125946726,1,0.6842026651008889,0.7187123117101673,0.034509646609278355
tm214070,ewerton_1992,2122,0.002307346188560021,0.006350381405839012,0.2552650303208659,0.6980293392465132,0.0012744009552621638,0.03562057373280627,0.001152928150153548,4,2223,0.1981037926278051,0.01898379184207545,0.06947585159601621,0.5836132422342382,0.008011897067412416,0.10832415079092693,0.013487273841525694,4,0.19579644643924507,0.012633410436236439,-0.18578917872484968,-0.11441609701227506,0.0067374961121502526,0.07270357705812067,0.012334345691372145,0.3023833951379777,1,0.7807103084563994,1.2330525373839574,0.45234222892755793
tm214538,mateus uribe_1991,2122,0.00026170117090499207,0.007780756675979954,0.12045349348621076,0.866551250566721,0.00023922687449308655,0.003962685613950451,0.0007508856117396058,4,2223,0.00026201659561074454,0.006313239677113653,0.7235908194592229,0.10364999389267168,0.0001239205567252723,0.16534396539715118,0.0007160444215046321,3,3.1542470575247243e-07,-0.0014675169988663007,0.6031373259730122,-0.7629012566740493,-0.00011530631776781426,0.16138127978320074,-3.484119023497369e-05,0.9858189721155559,4,0.44831487640869405,0.8070622522369815,0.3587473758282874
tm215122,ivo rodrigues_1995,2122,0.006036584261949024,0.003636161106782304,0.035396544060890774,0.16066985005160833,0.00691267778287713,0.7737442461115664,0.013603936624325892,6,2223,0.11044200901782558,0.016882004043298236,0.08602176816832346,0.3271808065327857,0.013440757602229571,0.383700660545682,0.0623319940898554,6,0.10440542475587655,0.013245842936515932,0.05062522410743269,0.16651095648117736,0.006528079819352441,-0.3900435855658844,0.04872805746552951,0.4399333716427721,6,0.7546283809970682,1.4872571963464027,0.7326288153493346
tm222813,marko grujic_1996,2122,0.00097826105150642,0.022464333475863893,0.7185397448888344,0.23374950366770894,0.0007093904409855556,0.020873889359639696,0.002684877115461174,3,2223,0.0011687564068440911,0.027986347539590076,0.6840338292100192,0.08954794717550109,0.0008137170943688527,0.18794993607822777,0.008499466495448861,3,0.00019049535533767112,0.005522014063726183,-0.034505915678815224,-0.14420155649220784,0.00010432665338329708,0.16707604671858808,0.005814589379987687,0.22344952967185172,6,0.7711130138253726,0.9442947336188441,0.17318171979347152
tm223977,igor juliao_1994,2122,0.001636208217879201,0.886452511431863,0.011200411344285847,0.0665687740257469,0.0024249624063748232,0.02208978399863487,0.009627348575215449,2,2223,0.009156074544242868,0.3083772192851052,0.2070786998804898,0.419600720777986,0.0024724058172039057,0.043356056035526634,0.009958823659445497,4,0.007519866326363667,-0.5780752921467578,0.19587828853620395,0.3530319467522391,4.7443410829082436e-05,0.021266272036891763,0.00033147508423004776,0.7054641788956391,2,0.49154302422679885,1.2930466110973922,0.8015035868705933
tm226155,carlinhos_1994,2122,0.007209996476839695,0.005376714435433574,0.009735975430259784,0.7381385542363417,0.009670580027303158,0.22820888690744676,0.0016592924863754646,4,2223,0.0008041479952211286,0.003802510714444943,0.09266377303073017,0.02598029858452373,0.000287084567283351,0.8758148005551053,0.0006473845526916289,6,-0.006405848481618567,-0.001574203720988631,0.0829277976004704,-0.7121582556518179,-0.009383495460019807,0.6476059136476585,-0.0010119079336838358,0.9662149776827598,4,0.725529033610484,0.46541196011787556,-0.2601170734926085
tm228433,wendell_1993,2122,0.009918247611335208,0.21941264995406948,0.24609951898551527,0.29105012510233325,0.01208698927523194,0.16903893961425814,0.05239352945725674,4,2223,0.0025649284144607,0.7426205874804663,0.06784177292434015,0.1609520333926206,0.0006979974669571667,0.018978416894689928,0.00634426342646496,2,-0.0073533191968745085,0.5232079375263968,-0.17825774606117512,-0.13009809170971265,-0.011388991808274775,-0.1500605227195682,-0.04604926603079178,0.5874945312974711,2,1.5911964356329804,0.8252347713962123,-0.7659616642367681
tm231289,otavio_1995,2122,0.003563544159436621,0.004425497635687809,0.33180959327438325,0.22573490606710017,0.003945532537935561,0.40950788321719844,0.021013043108258102,6,2223,0.3061067782646695,0.010590481489362315,0.040498516100882946,0.4515646261415444,0.009545751431441738,0.13001657160118987,0.05167727497090916,4,0.30254323410523287,0.006164983853674506,-0.2913110771735003,0.22582972007444424,0.005600218893506177,-0.2794913116160086,0.03066423186265106,0.5527914411440799,1,1.2147210699879865,1.3621633885353734,0.14744231854738699
tm231614,gilberto_1993,2122,0.006561518329697893,0.06597906252711805,0.35016902433102853,0.2986434067139611,0.00670277413506709,0.21836119741418514,0.05358301654894208,3,2223,0.12618097425031496,0.1718647450166021,0.06768884324327955,0.44222176960255416,0.012370226636875403,0.03641630154832369,0.14325713970205017,4,0.11961945592061707,0.10588568248948405,-0.28248018108774897,0.14357836288859305,0.005667452501808313,-0.18194489586586143,0.08967412315310809,0.3988313630315997,3,1.463318851158277,1.5603027345032967,0.09698388334501962
tm235568,joao pedro_1993,2122,0.006022473324561182,0.007833616030587973,0.11295563955443673,0.7116372212982598,0.008771288867119278,0.14684654234928665,0.005933218575748367,4,2223,7.587249831152808e-05,0.010690243658742899,0.9518932185830626,0.009285475556121733,6.425655038116217e-05,0.027700547954965776,0.0002903851984141527,3,-0.0059466008262496544,0.002856627628154926,0.8389375790286259,-0.7023517457421381,-0.008707032316738115,-0.11914599439432087,-0.005642833377334214,1.100649507803556,3,0.9108646482445317,0.2419446038434182,-0.6689200444011135
tm236997,tiago silva_1993,2122,0.0011957502971584881,0.0033547541977488183,0.05674247970080457,0.8177532297465824,0.0013945390825718875,0.11653685808898619,0.0030223888861478027,4,2223,0.0013116614277941634,0.006158551590755985,0.22644753361175732,0.5806657462381644,0.0005829367670402857,0.1820533617516098,0.0027802086128779577,4,0.00011591113063567525,0.0028037973930071665,0.16970505391095275,-0.23708748350841802,-0.0008116023155316017,0.06551650366262361,-0.00024218027326984495,0.2988498382548971,4,0.6317003235072586,1.022842293082831,0.39114196957557235
tm238055,rafa silva_1993,2122,0.5312859084163025,0.005008382060385534,0.004968663232991879,0.02940233844462138,0.18330477558281597,0.0793758962959021,0.16665403596698067,1,2223,0.3844134608222468,0.003846671412703528,0.00620246273579924,0.022051391392791827,0.47935006618085646,0.03535508244726227,0.06878086500834002,5,-0.1468724475940557,-0.001161710647682006,0.0012337995028073607,-0.007350947051829555,0.2960452905980405,-0.044020813848639824,-0.09787317095864065,0.33348023967672263,5,1.3033075115270267,1.1593013234769276,-0.14400618805009913
tm238367,cassiano_1989,2122,0.28126544068376713,0.001292042187069877,0.002465956246113846,0.011222594270532463,0.6244255362380849,0.05555784788839979,0.023770582486031974,5,2223,0.004952854625018226,0.0020527971403935348,0.0018462179455041186,0.0024631074193370824,0.9780364053730091,0.006706634978696014,0.003941982518041781,5,-0.2763125860587489,0.0007607549533236578,-0.0006197383006097273,-0.008759486851195382,0.3536108691349241,-0.048851212909703776,-0.019828599967990194,0.45150130057524274,5,0.9740855161885971,0.14251615331197737,-0.8315693628766196
tm249360,ali alipour_1995,2122,0.6122860509534144,0.00024015244323647222,0.00019699721612856825,0.000798246352430075,0.3820186991325695,0.0029033720062049675,0.0015564818960159686,1,2223,0.4029310873513683,0.006329682668317945,0.008069543176679512,0.036049069839232825,0.24697054074041783,0.03409134675059615,0.26555872947338743,1,-0.20935496360204608,0.006089530225081473,0.007872545960550942,0.03525082348680275,-0.13504815839215165,0.03118797474439118,0.26400224757737145,0.25373583813356637,1,0.7043721721617873,1.3696624012836027,0.6652902291218155
tm257388,wilson manafa_1994,2122,0.0007034123998611673,0.962903682869616,0.005889826507733047,0.021625971042356598,0.0007103061708282912,0.006444075408861725,0.0017227256007432354,2,2223,0.00040420998416956636,0.9870458932245075,0.005332733986151273,0.0037666900130934764,0.0001270758653838495,0.0022393686814355454,0.0010840282452587186,2,-0.00029920241569160097,0.024142210354891502,-0.0005570925215817746,-0.01785928102926312,-0.0005832303054444418,-0.00420470672742618,-0.0006386973554845167,0.03033512535194206,2,0.2032789804358329,0.08716746017155033,-0.11611152026428256
tm257456,francisco geraldes_1995,2122,0.0016575582469114003,0.0007311283171547686,0.0036086771623343714,0.6415966024910723,0.002281039354865857,0.34966989382282176,0.0004551006048394924,4,2223,0.07095305645818487,0.004907738152037911,0.023196884276997957,0.7603182493390964,0.0015722655093875256,0.13456907769237342,0.004482728571921747,4,0.06929549821127347,0.004176609834883142,0.019588207114663584,0.11872164684802411,-0.0007087738454783314,-0.21510081613044835,0.004027627967082254,0.25605995565625705,6,0.705725160286875,0.8137572718028212,0.10803211151594616
tm258015,diogo goncalves_1997,2122,0.0014452378900404116,0.0023106138789742645,0.01964487112459196,0.09487748990643682,0.0016885483987628936,0.8779839935576954,0.0020492452434984283,6,2223,0.10383307896623693,0.02743476508001324,0.044200277680401225,0.10829802278874642,0.15293537720002295,0.17395532486696194,0.38934315341761727,7,0.10238784107619651,0.025124151201038974,0.024555406555809265,0.0134205328823096,0.15124682880126006,-0.7040286686907334,0.38729390817411885,0.7283059393061871,6,0.46184700015659635,1.6711050736194828,1.2092580734628864
tm261927,ricardo horta_1994,2122,0.7563724239896412,0.0015101509549250713,0.0009845104225571725,0.00903752432706026,0.1898572127305148,0.017238116834912543,0.025000060740388907,1,2223,0.8677611473733813,0.003067150681866735,0.003892355028858507,0.019690340634038732,0.022215141458493574,0.01977972665965873,0.06359413816370238,1,0.11138872338374006,0.0015569997269416639,0.0029078446063013344,0.010652816306978471,-0.16764207127202124,0.0025416098247461882,0.03859407742331347,0.20159894305677392,5,0.7480190153728901,0.5771529430573064,-0.1708660723155837
tm262002,welinton junior_1993,2122,0.7936663627402109,0.0006019616901283047,0.0016316209740572176,0.007441507797014313,0.14535036423924463,0.03479975466594465,0.016508427893400266,1,2223,0.010386903399796086,0.0013152327614621292,0.0016672302560287644,0.0022091661673715223,0.9567302526921739,0.014916611615537695,0.01277460310762976,5,-0.7832794593404148,0.0007132710713338245,3.560928197154684e-05,-0.005232341629642791,0.8113798884529293,-0.019883143050406955,-0.003733824785770506,1.1279571186931863,5,0.6997494610858861,0.24108741943774958,-0.4586620416481365
tm264848,ruben lameiras_1994,2122,0.11066981811930822,0.0039540656803338315,0.0018665507128336355,0.01919780381072966,0.7411600765596137,0.11925938906508203,0.0038922960520989397,5,2223,0.30640050398568697,0.018062502808837172,0.04404854456522104,0.22244285299853533,0.08042079268123321,0.28665357594230934,0.041971227018176786,1,0.19573068586637876,0.014108437128503341,0.042181993852387405,0.20324504918780567,-0.6607392838783804,0.1673941868772273,0.03807893096607785,0.7390498190738236,5,0.8503048074726302,1.6007699417404941,0.750465134267864
tm265589,fahd moufi_1996,2122,0.003682388699412365,0.5672897803085846,0.05831952103516897,0.24209539554839524,0.00371039290032416,0.1149167404126636,0.009985781095451146,2,2223,0.00603047990156431,0.19667792308335955,0.2710845488707695,0.44350237827194666,0.002073270152078249,0.0691682533389086,0.011463146381373147,4,0.0023480912021519454,-0.37061185722522505,0.21276502783560053,0.20140698272355143,-0.001637122748245911,-0.045748487073755006,0.001477365285922001,0.4746451266455218,2,1.1667460696475982,1.313897991372716,0.14715192172511782
tm271256,jhonder cadiz_1995,2122,0.06868125542283117,0.0036991797079789853,0.006264154447082496,0.01772468789894621,0.4209480264325267,0.057512332236648735,0.42517036385398577,7,2223,0.0400653834348132,0.0006974317254001256,0.0007188012441372206,0.001721257767758435,0.9238846293050216,0.002329565749015253,0.030582930773854065,5,-0.028615871988017967,-0.0030017479825788598,-0.005545353202945275,-0.016003430131187775,0.5029366028724949,-0.05518276648763348,-0.3945874330801317,0.5070553259407192,5,1.200017429479817,0.34404341013976364,-0.8559740193400533
tm271498,denilson_1995,2122,0.09931350537815846,0.0008748415030994213,0.0009054059573016135,0.0032047144641042685,0.8669995441784146,0.018735811742151526,0.009966176776770298,5,2223,0.04973484169692725,0.037689517197470435,0.027670209026209168,0.03055429831434184,0.6723786868193163,0.13845468266075814,0.043517764284976966,5,-0.04957866368123121,0.03681467569437101,0.026764803068907553,0.02734958385023757,-0.1946208573590983,0.11971887091860661,0.033551587508206665,0.23976572906112625,5,0.5044549138353549,1.1557162786714168,0.6512613648360619
tm27178,ruben fernandes_1986,2122,0.0004396090626309752,0.9865147294297258,0.003244748743102951,0.0059248601923969114,0.0003308860191712033,0.0013941700139624676,0.0021509965390099023,2,2223,0.0006697782626830405,0.8919579197667953,0.07300183285315277,0.010436474518842163,0.0007667449556297507,0.014409869997921699,0.008757379644975423,2,0.00023016920005206526,-0.09455680966293056,0.06975708411004983,0.004511614326445252,0.00043585893645854733,0.013015699983959232,0.006606383105965521,0.11830911671525746,2,0.09080289033977143,0.45364667427583016,0.36284378393605876
tm278985,flavio ramos_1994,2122,2.073287023280059e-06,0.999871222472914,4.1700564430961765e-05,6.843360855849276e-05,1.7230659966011166e-06,8.59991911196201e-06,6.2470819646610254e-06,2,2223,6.0575705769401934e-05,0.990621186937923,0.006288111959183782,0.0011547967658389285,5.877149345834938e-05,0.00114269061839066,0.0006738665194361307,2,5.8502418746121874e-05,-0.009250035534991041,0.00624641139475282,0.0010863631572804358,5.704842746174826e-05,0.001134090699278698,0.0006676194374714697,0.011271816020094394,2,0.001430741320908559,0.0628433128363281,0.061412571515419546
tm284883,fran navarro_1998,2122,0.9031461299371494,0.001341395534989479,0.0017578667663071023,0.0031077772187369022,0.06026055921195863,0.008353274066918015,0.022032997263940687,1,2223,0.018639320756587786,0.0016129293567869111,0.0016170754331960339,0.002983777648386882,0.933349174388043,0.004595780389702764,0.037201942027296604,5,-0.8845068091805616,0.0002715338217974322,-0.00014079133311106838,-0.00012399957035002032,0.8730886151760844,-0.0037574936772152515,0.015168944763355917,1.2428395926765106,1,0.4232799466322376,0.32390613134191426,-0.09937381529032335
tm290336,rochinha_1995,2122,0.22903418461966363,0.0027547599667122435,0.00878841169415285,0.0542873733627184,0.3012146948700947,0.3940059936846204,0.00991458180203772,6,2223,0.8209119268656394,0.003082421649281462,0.003337742087587471,0.014360598897381437,0.06310490020063877,0.014459513745198622,0.08074289655427262,1,0.5918777422459758,0.0003276616825692185,-0.005450669606565378,-0.03992677446533696,-0.23810979466945595,-0.3795464799394218,0.0708283147522349,0.7434346178371534,1,1.3277324490842222,0.698590942808029,-0.6291415062761931
tm290391,nuno santos_1995,2122,0.10404982325129894,0.012137005833786766,0.007536495070466853,0.10720156270190513,0.5912713446792988,0.07949360528640977,0.0983101631768338,5,2223,0.5003028603418539,0.011923888354460871,0.0186179307532913,0.19115143081133718,0.038403369007965794,0.08733255438295895,0.15226796634813194,1,0.3962530370905549,-0.00021311747932589546,0.011081435682824447,0.08394986810943204,-0.552867975671333,0.007838949096549183,0.05395780317129814,0.6855007957988001,5,1.305247877428362,1.4144423175515022,0.10919444012314017
tm290530,bilel aouacheria_1994,2122,0.0033855814552503105,0.005717978956197776,0.02383189686334562,0.44229743291504514,0.005373879148730445,0.5158604186118616,0.0035328120495690548,6,2223,0.10422281849315164,0.009950839982539626,0.04556589363055727,0.20441581929720185,0.08648409732439671,0.5169412314867635,0.032419299785389225,6,0.10083723703790133,0.00423286102634185,0.02173399676721165,-0.2378816136178433,0.08111021817566627,0.0010808128749019152,0.02888648773582017,0.271709642537373,4,0.8881418479711307,1.4107629406506068,0.5226210926794761
tm291939,samu_1996,2122,0.024978670751942836,0.008559421658157772,0.04720831791349197,0.5870372052359664,0.04378782090028758,0.2755324816927387,0.01289608184741469,4,2223,0.005678303918476133,0.0027663720424498457,0.06324260135307623,0.7395207597540883,0.0010345536077906077,0.18490896784076122,0.0028484414833578418,4,-0.019300366833466705,-0.005793049615707927,0.01603428343958426,0.1524835545181219,-0.04275326729249697,-0.09062351385197748,-0.010047640364056849,0.1842684437301234,4,1.1380143483800054,0.7793211766244427,-0.3586931717555627
tm291941,carraca_1993,2122,0.0011993783191853286,0.06375455271727497,0.030008290600184846,0.8568710312793877,0.0017991392301513027,0.040445428696171785,0.005922179157644314,4,2223,0.007031398260233521,0.459488070896236,0.1983763392036953,0.2252373045908309,0.002203361150735947,0.0628942446498198,0.04476928124844858,2,0.005832019941048192,0.395733518178961,0.16836804860351046,-0.6316337266885568,0.0004042219205846445,0.02244881595364801,0.03884710209080427,0.7644946743313529,4,0.5926290404290733,1.3753328169062378,0.7827037764771645
tm292365,paulo henrique_1996,2122,0.0028163769870933595,0.7743814731089553,0.08474615489871333,0.06613385972060203,0.00225792791361735,0.06229559284150057,0.007368614529518236,2,2223,0.0005333192461307722,0.8862575858143402,0.06316782012922355,0.034652780905783186,0.0003439059773385369,0.013205988601325045,0.0018385993258589553,2,-0.002283057740962587,0.11187611270538489,-0.021578334769489782,-0.03148107881481884,-0.001914021936278813,-0.04908960424017552,-0.0055300152036592805,0.12802973297603637,2,0.8261929252351224,0.4734825620280216,-0.35271036320710086
tm295414,adrian marin_1997,2122,0.11138419507201258,0.19485389824702842,0.040118926595773215,0.1989981460059167,0.08799645347812335,0.1287557688410332,0.23789261176011262,7,2223,0.0003724069573066371,0.9500072488331487,0.02697712023592923,0.01328175804183467,0.00013838793012150896,0.006667594300001057,0.0025554837016580883,2,-0.11101178811470594,0.7551533505861203,-0.013141806359843983,-0.18571638796408202,-0.08785806554800184,-0.12208817454103216,-0.23533712805845453,0.7999175244231694,2,1.832839241284868,0.2564120254436595,-1.5764272158412085
tm299400,pedro sa_1993,2122,0.0007737110316384991,0.016491351282248542,0.5372893191560424,0.4370592689311412,0.0004356183561322999,0.0067651241202774,0.001185607122519653,3,2223,0.0006124070298812158,0.03780718425975352,0.843497894278861,0.04409878471663558,0.0006377117878660877,0.07093258340130863,0.002413434525694048,3,-0.00016130400175728326,0.021315832977504976,0.3062085751228186,-0.39296048421450563,0.0002020934317337878,0.06416745928103124,0.001227827403174395,0.5027459876117256,4,0.8139184669403936,0.6164934863947276,-0.19742498054566604
tm302371,toni martinez_1997,2122,0.3886554387086811,0.006882634584296655,0.005541448727438973,0.012407284423492815,0.1567145868646491,0.029465957585096264,0.40033264910634525,7,2223,0.21460470622026798,0.0034517145335041105,0.004983213178608015,0.008929765245833075,0.5015197368736457,0.013646421302564191,0.2528644426455769,5,-0.1740507324884131,-0.0034309200507925443,-0.0005582355488309579,-0.0034775191776597394,0.3448051500089966,-0.015819536282532073,-0.14746820646076836,0.38659886531083876,5,1.2456078299175306,1.170758427465986,-0.0748494024515447
tm307058,mehdi taremi_1992,2122,0.514482337829325,0.002774454899534072,0.002098275629938554,0.007849939162113044,0.25846292213945576,0.0114751628496385,0.2028569074899951,1,2223,0.307437127203343,0.004728884867898197,0.004425098149097031,0.010987952223409182,0.41960772989870126,0.011713120373769887,0.24110008728378157,5,-0.20704521062598197,0.0019544299683641247,0.002326822519158477,0.0031380130612961386,0.1611448077592455,0.0002379575241313863,0.03824317979378647,0.2624014214142417,1,1.1338214718175732,1.2209544743576481,0.08713300254007494
tm308371,mikel villanueva_1993,2122,1.7613443413965376e-07,0.9999869188640255,4.785277493431245e-06,6.105571533071818e-06,1.3102565946839173e-07,8.350771593333827e-07,1.0480496950500795e-06,2,2223,0.0001550113444761645,0.9836560324622663,0.010108779357900326,0.0032828304511428345,0.00010512071042307873,0.0018534793352393095,0.0008387463385519727,2,0.00015483521004202485,-0.01633088640175917,0.010103994080406895,0.0032767248796097626,0.00010498968476361034,0.001852644258079976,0.0008376982888569226,0.0195702008294214,2,0.00017593932080552774,0.10135134076622751,0.10117540144542199
tm314367,marcus edwards_1998,2122,0.9884511760150704,7.217801387736412e-06,8.486773668933892e-06,8.376002992176961e-05,0.010946656536690028,0.0004443525495940782,5.83502936672195e-05,1,2223,0.7522486588434919,0.007626268955913595,0.007732965780352624,0.04610645441761539,0.09283103497063883,0.048081049974430363,0.04537356705755728,1,-0.23620251717157847,0.007619051154525859,0.00772447900668369,0.04602269438769362,0.0818843784339488,0.04763669742483628,0.04531521676389006,0.25884694590891427,1,0.06587260289270826,0.9377125750635716,0.8718399721708634
tm314942,bruno lourenco_1998,2122,0.15887831831907914,0.0022760551314669323,0.006327399174842762,0.03829695382994475,0.6655452827362197,0.1082996822969536,0.020376308511493205,5,2223,0.031361989179809036,0.010215321143660814,0.07412001554065879,0.46587771735034533,0.010001784074058578,0.40396458525419116,0.00445858745727622,4,-0.1275163291392701,0.007939266012193882,0.06779261636581603,0.4275807635204006,-0.6555434986621611,0.2956649029572376,-0.015917721054216984,0.8490580709158343,5,1.0541427564719499,1.1404806086286143,0.08633785215666445
tm324803,nicolas janvier_1998,2122,0.024638049190495486,0.017772939019097156,0.08682769886739226,0.6166969003936166,0.03357087670321828,0.20163285705262624,0.0188606787735539,4,2223,0.010488618618060915,0.033711179798515165,0.10907357344609418,0.34799133741455784,0.0030671918716782772,0.4682473789719872,0.02742071987910638,6,-0.014149430572434571,0.01593824077941801,0.02224587457870192,-0.26870556297905873,-0.030503684831540003,0.26661452191936097,0.00856004110555248,0.3810059979881188,4,1.184870523639122,1.242743608477659,0.05787308483853715
tm329721,jorge silva_1996,2122,0.008730172720258061,0.5336283372734573,0.02901309441639586,0.24412801871592382,0.011668024443208478,0.10190087953091082,0.07093147289984567,2,2223,0.00041663732568889813,0.9486792057868619,0.02192044660497199,0.01635103476615461,0.00020016885432270256,0.008647381604984267,0.0037851250570157024,2,-0.008313535394569162,0.41505086851340467,-0.00709264781142387,-0.22777698394976922,-0.011467855588885776,-0.09325349792592655,-0.06714634784282997,0.48280091650901713,2,1.2958176015828937,0.2681189223291416,-1.0276986792537521
tm329722,andre horta_1996,2122,0.0021321926925480365,0.00348265894640622,0.00523624163167105,0.9621318765390894,0.0033997355564561703,0.022522978527237322,0.001094316106591557,4,2223,0.02916468564803983,0.009364959862291806,0.07576453864497334,0.6285413144736768,0.0010828075677760268,0.24897983671756535,0.007101857085676813,4,0.02703249295549179,0.005882300915885586,0.0705282970133023,-0.3335905620654126,-0.0023169279886801437,0.22645685819032801,0.006007540979085256,0.41025642919387295,4,0.20968894032248495,1.0228870165431478,0.8131980762206629
tm334557,chiquinho_1995,2122,0.11730285760727349,0.005941940548484659,0.007064671123367406,0.029713819509800555,0.7738683290340188,0.052126686139823936,0.013981696037230982,5,2223,0.001126036424611404,0.011200109047472971,0.12638064497798618,0.7934934832515959,0.00038199608114141846,0.06502617431067509,0.0023915559065170733,4,-0.1161768211826621,0.005258168498988312,0.11931597385461877,0.7637796637417953,-0.7734863329528774,0.012899488170851153,-0.011590140130713909,1.099803565432681,5,0.8333752915586847,0.6980651976961423,-0.13531009386254245
tm340376,abel ruiz_2000,2122,0.33609454710730663,0.029126796209120877,0.007315032185928995,0.10479642231551345,0.2889584703737244,0.20191058882287266,0.03179814298553287,1,2223,0.8973795728265564,0.0023256752614368285,0.002348286277061539,0.006646258604555196,0.06392235013890415,0.006624427967317875,0.020753428924167924,1,0.5612850257192499,-0.026801120947684047,-0.004966745908867457,-0.09815016371095825,-0.22503612023482025,-0.19528616085555478,-0.011044714061364948,0.6435800209874174,1,1.533255065355086,0.44825344445586035,-1.0850016208992257
tm340524,ivanildo fernandes_1996,2122,7.353972922026911e-06,0.9992877158805694,0.0002130303817311603,0.0003898914276205964,5.879092545291685e-06,6.572665410880449e-05,3.0402590502659463e-05,2,2223,6.211536879633437e-05,0.9934716665931768,0.003942502985689906,0.0011127975630368103,6.267211844775425e-05,0.0010718615621947859,0.0002763838086578059,2,5.4761395874307456e-05,-0.005816049287392655,0.0037294726039587456,0.000722906135416214,5.6793025902462565e-05,0.0010061349080859813,0.00024598121815514644,0.00701972365618621,2,0.006680412859444888,0.046703017760940234,0.04002260490149535
tm343289,andre bukia_1995,2122,0.0021259672641587733,0.00034043370562043894,0.0011002012975622412,0.013900119655322691,0.0022928047956222554,0.9794442495849217,0.0007962236967918363,6,2223,0.37702849895851037,0.01977376647343376,0.023301129392064048,0.10930271309672641,0.0658017654174606,0.3860968267097232,0.018695299952081582,6,0.3749025316943516,0.01943333276781332,0.022200928094501807,0.09540259344140373,0.06350896062183835,-0.5933474228751985,0.017899076255289748,0.7117714879431515,6,0.12269065359725226,1.3957850702130468,1.2730944166157945
tm344395,jorge fernandes_1997,2122,1.448254701058741e-06,0.9998471673162171,8.38561296301535e-05,5.305144359793085e-05,1.0406481991274205e-06,5.831159977243526e-06,7.6050476773599755e-06,2,2223,7.407489960436103e-05,0.9960701190195217,0.0020290827084783352,0.0005955038642064016,6.019862145250098e-05,0.0008224991222303509,0.00034852176450629894,2,7.262664490330229e-05,-0.003777048296695451,0.0019452265788481816,0.0005424524206084707,5.915797325337356e-05,0.0008166679622531074,0.00034091671682893895,0.004361189718777595,2,0.0016559053283240297,0.03083177814485271,0.02917587281652868
tm344399,leonardo ruiz_1996,2122,0.10183841584153089,0.0040106135199737235,0.0038552847427165593,0.008829251220259857,0.8204780685108811,0.0342229370980967,0.026765429066541127,5,2223,0.01160177079775341,0.0021447110787296006,0.0018009382963845742,0.002246039814461184,0.9522363636607245,0.010366751604301163,0.019603424747645717,5,-0.09023664504377749,-0.0018659024412441228,-0.002054346446331985,-0.006583211405798673,0.13175829514984339,-0.023856185493795534,-0.00716200431889541,0.16162629315652682,5,0.6927107950455133,0.2610150122665159,-0.43169578277899734
tm344474,ilija vukotic_1999,2122,0.0010089685686351618,0.015554328570132786,0.024793648770065336,0.9420911442216795,0.0008258111457671552,0.014701478061091474,0.0010246206626287036,4,2223,0.0001517146762306345,0.008452091571785034,0.671041465096318,0.29902293993234647,4.158403451049456e-05,0.020917653965011666,0.00037255072379761443,3,-0.0008572538924045273,-0.007102236998347751,0.6462478163262527,-0.643068204289333,-0.0007842271112566605,0.006216175903920191,-0.0006520699388310892,0.9117364684951483,3,0.2945377885030723,0.7546173386855587,0.4600795501824864
tm344519,bruno costa_1997,2122,0.0018860413297439045,0.15111747053732758,0.16192916307804597,0.5995093871849999,0.002304544201660614,0.07854330336957438,0.004710090298647641,4,2223,0.23726076562805568,0.023440869083435945,0.10174622972372392,0.42458032315490335,0.0032808774723794743,0.14594686119188524,0.06374407374561637,4,0.23537472429831177,-0.12767660145389162,-0.06018293335432205,-0.17492906403009656,0.0009763332707188603,0.06740355782231086,0.05903398344696873,0.33236866750742267,1,1.1379953295718939,1.5006604625922804,0.3626651330203865
tm344869,simon banza_1996,2122,0.6424717639782718,0.001515224073303618,0.0024233253106110634,0.005968848602845114,0.21480964634893693,0.023381338751185882,0.1094298529348455,1,2223,0.06824495306708347,0.004902429762630955,0.005838586408344808,0.010995551392469962,0.5860923958761525,0.017629436670964962,0.3062966468223534,5,-0.5742268109111883,0.0033872056893273364,0.003415261097733745,0.005026702789624848,0.3712827495272155,-0.00575190208022092,0.1968667938875079,0.6838631440244063,1,0.9995542353424054,1.0356450960295525,0.036090860687147064
tm345061,murilo costa_1994,2122,0.10301040832397318,0.0029100458829973965,0.0018808630016599085,0.036968230763533644,0.7979857148181189,0.047106108358012704,0.010138628851704185,5,2223,0.2984350931992852,0.017405494750860992,0.032031293747299634,0.18875847022013167,0.0866381291322138,0.33391952893036664,0.04281199001984209,6,0.195424684875312,0.014495448867863595,0.030150430745639726,0.15179023945659803,-0.7113475856859051,0.2868134205723539,0.032673361168137904,0.8066148874441351,5,0.7553961744897713,1.5693907115966095,0.8139945371068382
tm345345,xadas_1997,2122,0.21481036566988967,0.009576117571553407,0.006684782227794945,0.22504605137761488,0.3544588315862504,0.16431593595499502,0.025107915611901878,5,2223,0.5550884082114645,0.01067002832808158,0.02241869927268594,0.14306778963902275,0.06651213057727545,0.12754188298425886,0.07470106098721081,1,0.3402780425415749,0.0010939107565281735,0.015733917044890994,-0.08197826173859213,-0.28794670100897496,-0.03677405297073616,0.049593145375308935,0.45499886594778705,1,1.5009067836680035,1.3752300906701314,-0.1256766929978721
tm352918,henrique gomes_1995,2122,0.10595547777893374,0.36158384581982866,0.07277928754523026,0.22924266259027973,0.02277460455027424,0.13878873269658407,0.06887538901886918,2,2223,0.000769822969985078,0.9180129655829513,0.029569786943239158,0.021161279247257112,0.0011245619515583291,0.025503549197672445,0.0038580341073364377,2,-0.10518565480894866,0.5564291197631226,-0.04320950060199111,-0.20808138334302262,-0.02165004259871591,-0.11328518349891162,-0.06501735491153274,0.6157471619740349,2,1.6785306584957758,0.39240226594805544,-1.2861283925477203
tm355496,lucas cunha_1997,2122,0.0032127695076627277,0.955913779305683,0.007270637746052271,0.02194705734352966,0.0014096596296541062,0.0050475691088350035,0.005198527358583213,2,2223,7.202291322890665e-06,0.9987431064099729,0.0008197354477212467,0.00017875270886751136,7.138759660434452e-06,0.00020008217281029266,4.398220964475528e-05,2,-0.003205567216339837,0.04282932710428988,-0.0064509022983310245,-0.021768304634662148,-0.0014025208699936717,-0.004847486936024711,-0.005154545148938458,0.04884224956838594,2,0.24445202152834472,0.010939275814376979,-0.23351274571396774
tm364406,joao gamboa_1996,2122,0.0005742770266251633,0.05291281472746234,0.18276321945000248,0.7517376022186728,0.00046600265175140304,0.010010882175186251,0.001535201750299505,4,2223,7.209388850203296e-06,0.0009760245366412583,0.9824089567859569,0.0020893025647025706,7.29250053232393e-06,0.014485866805654194,2.534741766257766e-05,3,-0.00056706763777496,-0.051936790190821085,0.7996457373359543,-0.7496482996539703,-0.0004587101512190791,0.004474984630467943,-0.0015098543326369273,1.0973257793641449,3,0.7445541293628773,0.098875615411543,-0.6456785139513344
tm367652,rodrigo abascal_1994,2122,0.00020888173462808862,0.9841928466648231,0.005461575396942008,0.007724210964157273,0.000157595403121037,0.001159511368006387,0.0010953784683220078,2,2223,0.000483167416601764,0.9315321685314898,0.04756553880150152,0.014691127815221366,0.00017182246605100925,0.003450506490289168,0.002105668478845372,2,0.0002742856819736754,-0.052660678133333305,0.04210396340455951,0.006966916851064093,1.4227062929972253e-05,0.002290995122282781,0.0010102900105233641,0.0678214772762997,2,0.10015702192807334,0.31065822162695944,0.2105011996988861
tm373187,maracas_1994,2122,1.1640335725992537e-05,0.998940514224353,0.0003855306870861528,0.00044735404147977595,9.17653359567955e-06,9.061860759629467e-05,0.00011516557016327626,2,2223,1.8598658246400919e-06,0.9996378874194928,0.00023514747381564392,6.907914752482097e-05,1.389059297427602e-06,4.515647159415718e-05,9.4805624504542e-06,2,-9.780469901352446e-06,0.0006973731951397388,-0.0001503832132705089,-0.000378274893954955,-7.787474298251948e-06,-4.546213600213749e-05,-0.00010568500771282207,0.0008088630833997298,2,0.00966629595810227,0.0035933074447980664,-0.006072988513304203
tm374889,kenji gorre_1994,2122,0.03951773917985673,0.0004604065410064896,0.0007652083579400003,0.015925031905617757,0.8872466510708501,0.05365507403888652,0.002429888905842393,5,2223,0.5364398850307512,0.004767459319275644,0.012768563380808038,0.05075344465451752,0.23079254330187474,0.12044693800268923,0.04403116631008363,1,0.4969221458508945,0.004307052778269154,0.012003355022868038,0.034828412748899765,-0.6564541077689754,0.06679186396380271,0.04160127740424124,0.8268617885146379,5,0.480359368174426,1.2973780211829187,0.8170186530084926
tm375382,andre almeida_2000,2122,0.0010530034561968937,0.025814541190093437,0.5672662702432423,0.2921785670283495,0.0008751846856170251,0.10896001085747162,0.003852422539029319,3,2223,0.15823321037677932,0.04396986196787024,0.21220643254638583,0.13394752582329425,0.0167199918061434,0.18996580175432676,0.24495717572520023,7,0.15718020692058243,0.018155320777776804,-0.35505983769685645,-0.15823104120505524,0.015844807120526373,0.08100579089685514,0.24110475318617092,0.42772979781376785,3,1.0518282784766058,1.7558369996643453,0.7040087211877395
tm375383,romario baro_2000,2122,0.0089099249095265,0.020120657521643603,0.23537946137957752,0.21154025885582625,0.00509186787169408,0.5071836088773419,0.011774220584390132,6,2223,0.012754992472266833,0.0442403668685077,0.6728179471996512,0.17293305510892712,0.004056783232184589,0.08703657544373132,0.0061602796747312945,3,0.0038450675627403324,0.024119709346864096,0.4374384858200736,-0.03860720374689913,-0.0010350846395094909,-0.4201470334336106,-0.005613940909658837,0.6082467353669291,3,1.2132379220285545,1.029867315600392,-0.1833706064281626
tm376441,allano_1995,2122,0.004194375387876804,0.015553612172336181,0.2050920462017521,0.17334389043375822,0.0047502364800473896,0.5589848598373706,0.03808097948685877,6,2223,0.02176730607565109,0.04670339339954847,0.16460053306625247,0.3021717677736081,0.07586844815165202,0.29084180973220647,0.09804674180108121,4,0.017572930687774286,0.031149781227212292,-0.04049151313549962,0.12882787733984988,0.07111821167160462,-0.2681430501051641,0.05996576231422244,0.31060231282207473,6,1.1914106899662384,1.667535859966714,0.4761251700004756
tm377641,al musrati_1996,2122,0.0005614774770616774,0.03445404251030527,0.0629819658923181,0.8956856767489029,0.000385631692847884,0.0048738107098549996,0.0010573949687092976,4,2223,0.0013384619255163046,0.009660962465018479,0.2352073044156667,0.7345147290475971,0.0003084728911286861,0.017463052603477823,0.0015070166515948628,4,0.0007769844484546273,-0.02479308004528679,0.1722253385233486,-0.1611709477013058,-7.715880171919789e-05,0.012589241893622823,0.00044962168288556524,0.23751091996015894,3,0.4292855227284116,0.7036932260833993,0.27440770335498776
tm379249,matheus reis_1995,2122,0.011064651941361142,0.11747889780997864,0.02863859030164364,0.7272688662134346,0.011261505331750217,0.0984690566516413,0.005818431750190645,4,2223,0.004530746030389682,0.3832571821214954,0.09325810445727933,0.38159483029107755,0.0007730016460437568,0.13356682640075884,0.00301930905295567,2,-0.00653390591097146,0.26577828431151673,0.06461951415563569,-0.345674035922357,-0.01048850368570646,0.03509776974911755,-0.0027991226972349744,0.44236734871542605,4,0.9434957400688605,1.2728346864366873,0.3293389463678268
tm384741,vitor costa_1994,2122,0.001095573375366113,0.29205982955039633,0.4751471589308161,0.18558951498145873,0.0013587095038068953,0.02859042767527994,0.01615878598287594,3,2223,0.0013530931949063284,0.13948133088741257,0.21969575459000618,0.581329025584563,0.00033097393707987656,0.056407527405684936,0.001402294400347092,4,0.0002575198195402153,-0.15257849866298376,-0.25545140434080993,0.3957395106031043,-0.0010277355667270187,0.027817099730404995,-0.014756491582528846,0.49590351085729417,4,1.2103377414232852,1.1060231360677009,-0.10431460535558434
tm387110,petar musa_1998,2122,0.3672837228966415,0.0005892033571667291,0.0006550657233338555,0.002581731147069501,0.6079566471801446,0.005443821321714668,0.015489808373929171,5,2223,0.041794372265193176,0.004107363313915896,0.005988839581969003,0.009115682778059988,0.07291469945956165,0.009570000791529266,0.8565090418097709,7,-0.32548935063144835,0.0035181599567491667,0.005333773858635147,0.006533951630990487,-0.535041947720583,0.0041261794698145985,0.8410192334358417,0.626349541126284,5,0.7879338479826192,0.5968217503060151,-0.1911120976766041
tm394328,rafik guitane_1999,2122,0.4336102473487536,0.018826639835677044,0.023611104389007927,0.12468126117969693,0.15251175673108333,0.22266564467287236,0.02409334584290883,1,2223,0.015533558775544564,0.01722298954792539,0.17136211970161647,0.6899807595500376,0.0015645108813781491,0.10060629644392337,0.0037297650995744267,4,-0.418076688573209,-0.001603650287751654,0.14775101531260854,0.5652994983703407,-0.15094724584970518,-0.122059348228949,-0.020363580743334404,0.7442231722581191,4,1.4961814194135055,0.9549776334323948,-0.5412037859811106
tm396429,diogo calila_1998,2122,0.004420507416935699,0.25783064582997,0.08296892410953195,0.37109170192049196,0.004949303646106327,0.26772027199112075,0.011018645085843349,4,2223,0.0020665091969362653,0.3938624467763091,0.34432554893164224,0.17778916825664992,0.0013003147761978117,0.06497213748272615,0.015683874579538386,2,-0.002353998219999434,0.1360318009463391,0.2613566248221103,-0.19330253366384204,-0.003648988869908515,-0.2027481345083946,0.004665229493695038,0.406575292168618,3,1.3765944865243893,1.3053660597427985,-0.0712284267815908
tm396443,diogo mendes_1998,2122,0.00011174682643337502,0.009002511378509222,0.820154189014976,0.1676449055073305,6.545694510210707e-05,0.0027488663861239106,0.00027232394152477886,3,2223,0.0009459908756942315,0.03843851564185455,0.7706778716883749,0.040939856907500245,0.0008465384795086628,0.14534629624480308,0.0028049301622643788,3,0.0008342440492608565,0.029436004263345326,-0.04947631732660118,-0.12670504859983026,0.0007810815344065558,0.14259742985867918,0.0025326062207396,0.19925834165142903,6,0.5245001874981035,0.7662176391415378,0.2417174516434344
tm398324,rui pires_1998,2122,0.00025656395599650555,0.0406229681992059,0.8811417729486687,0.07100258643287505,0.0001849705443799775,0.0053082705248981375,0.0014828673939758395,3,2223,4.766070660583368e-05,0.009691014747968,0.9759876665648646,0.005681530513359635,3.618527272175021e-05,0.008145900295381009,0.00041004189909929527,3,-0.00020890324939067188,-0.0309319534512379,0.09484589361619589,-0.06532105591951541,-0.0001487852716582273,0.0028376297704828714,-0.0010728254948765442,0.11927903230217687,3,0.4706114855737919,0.1412572977825801,-0.32935418779121184
tm401534,arthur_1998,2122,0.007559067455006727,0.004942265661388693,0.003745686121842777,0.24171915764657675,0.040455756765608065,0.6971995557093156,0.004378510640261363,6,2223,0.9274001449486134,0.0016355179669118411,0.002841914206746485,0.03872837293093857,0.004353176025024375,0.0182079288615427,0.006832945060222478,1,0.9198410774936068,-0.0033067476944768524,-0.000903771915096292,-0.2029907847156382,-0.03610258074058369,-0.6789916268477729,0.0024544344199611146,1.1617476677719543,1,0.8323450246126046,0.35364312122606567,-0.47870190338653895
tm410183,joao othavio basso_1997,2122,4.926095420233101e-05,0.9959825219489643,0.0010209552120058565,0.0025337643064683455,3.687518350092734e-05,0.00026265952185341497,0.00011396287300467879,2,2223,3.9564904552313e-05,0.9949826249937471,0.0033417739070551993,0.0010829203783190404,1.7096558209535853e-05,0.0003933726947215775,0.0001426465633951785,2,-9.696049650018014e-06,-0.0009998969552171832,0.002320818695049343,-0.001450843928149305,-1.9778625291391486e-05,0.0001307131728681625,2.8683690390499716e-05,0.002916935477714467,3,0.030252987968952105,0.03638759712435491,0.006134609155402804
tm415525,kanya fujimoto_1999,2122,0.09299807841946726,0.013759315284015295,0.007637058101311432,0.30007235341160277,0.33926782486384893,0.2374363398858328,0.008829030033921508,5,2223,0.0048754062932232995,0.022595162182248586,0.6217474991515367,0.20353905148397392,0.0007993176395200732,0.14255371779865592,0.003889845450841535,3,-0.08812267212624396,0.008835846898233291,0.6141104410502253,-0.09653330192762885,-0.33846850722432886,-0.09488262208717688,-0.0049391845830799724,0.7196232570434582,3,1.4281898441347494,1.0360580895989673,-0.3921317545357821
tm426213,rodrigo conceicao_2000,2122,0.006764191877384309,0.13140861189259284,0.26342614175831397,0.13388551067051524,0.00784867570118995,0.08678052844740962,0.36988633965259415,7,2223,0.001297730289893004,0.8836807594669277,0.04570442326360233,0.04102598752629006,0.0005683684745673137,0.011620202270454547,0.016102528708265364,2,-0.005466461587491305,0.7522721475743348,-0.21772171849471164,-0.09285952314422519,-0.007280307226622635,-0.07516032617695508,-0.3537838109443288,0.792256891081165,2,1.5391435429327278,0.5124430819623923,-1.0267004609703356
tm426620,pedro goncalves_1998,2122,0.22613934673720995,0.013653969592833015,0.006177259846281284,0.05263673540233272,0.32746422058393765,0.06948040068064333,0.3044480671567621,5,2223,0.9573947125204244,0.0009147327265943907,0.0015997978905865477,0.011468508762462385,0.004578469379480584,0.004415478202790509,0.019628300517661235,1,0.7312553657832145,-0.012739236866238625,-0.004577461955694737,-0.04116822663987033,-0.32288575120445706,-0.06506492247785282,-0.28481976663910086,0.8031818764471843,1,1.4941332897757573,0.23538666603771088,-1.2587466237380465
tm426624,andre vidigal_1998,2122,0.007656290854627089,0.0025431493854325936,0.0035807459275723234,0.11562859501409778,0.06546432475848486,0.8023444222791821,0.002782471780603345,6,2223,0.33462972519421436,0.010080387183009352,0.011627135472686756,0.06363841102922063,0.1792291954336903,0.3844303986169031,0.016364747070275493,6,0.32697343433958725,0.0075372377975767586,0.008046389545114434,-0.05199018398487715,0.11376487067520545,-0.41791402366227903,0.013582275289672149,0.5452804207985803,6,0.6936536361714905,1.3826828660321397,0.6890292298606493
tm435497,fabio china_1992,2122,0.002315994113192067,0.32645148491594017,0.24354231684117225,0.174201936814349,0.0019611682603911202,0.2414688445404943,0.010058254514461039,2,2223,0.0010421695749147667,0.4574559103765834,0.38112723935450377,0.09869054671614845,0.0005354095800694197,0.0411260446699681,0.020022679727812194,2,-0.0012738245382773001,0.13100442546064323,0.13758492251333151,-0.07551139009820056,-0.0014257586803217005,-0.2003427998705262,0.009964425213351155,0.28624226330953617,6,1.4295456498477077,1.17468601032139,-0.2548596395263176
tm443338,safira_1995,2122,0.2661907322553781,0.006549600465661949,0.01468343656620785,0.026328561679081878,0.19262718953318805,0.450774823305136,0.04284565619534633,6,2223,0.04365193636492453,0.0039021478990894486,0.004945411945116417,0.00825673884304131,0.6546612835386932,0.01584711383441159,0.2687353675747235,5,-0.22253879589045356,-0.0026474525665725005,-0.009738024621091433,-0.018071822836040568,0.4620340940055052,-0.43492770947072446,0.22588971137937716,0.6727477692824722,5,1.3543859724990293,0.920347921171873,-0.4340380513271562
tm445517,heriberto tavares_1997,2122,0.014559349561065856,0.0033868566114132184,0.03464187799461771,0.03498015772370249,0.016170505349300163,0.8848950600159247,0.011366192743975649,6,2223,0.049667637122609846,0.06345281624577825,0.09874035654910063,0.17528068324316665,0.015844650584690787,0.282792185616852,0.3142216706378019,7,0.035108287561543994,0.060065959634365035,0.06409847855448292,0.14030052551946415,-0.00032585476460937624,-0.6021028743990726,0.3028554778938262,0.6254289258719105,6,0.5404150742844167,1.644542743618949,1.1041276693345323
tm44699,vitorino antunes_1987,2122,0.005234805643222245,0.1488250524162552,0.11626759806176773,0.49702556043239826,0.005821680864348594,0.17738088380306358,0.049444418778944434,4,2223,0.00827604304346136,0.42182967020062123,0.2272880650025593,0.24986140222149367,0.0030177369307935967,0.051027847921496144,0.03869923467957463,2,0.003041237400239115,0.273004617784366,0.11102046694079157,-0.2471641582109046,-0.002803943933554997,-0.12635303588156743,-0.010745184099369802,0.4048819425689914,2,1.3940803672743056,1.3822256318099757,-0.011854735464329913
tm448470,andre franco_1998,2122,0.1940434050484838,0.0053241323118031385,0.0026797938559810714,0.05999731739901742,0.6268983321650112,0.09597715579225383,0.015079863427449493,5,2223,0.06430785511239036,0.020929468776299476,0.03439589216125118,0.4558516458972129,0.006640066264135914,0.4053212507492019,0.012553821039508258,4,-0.12973554993609343,0.015605336464496338,0.03171609830527011,0.39585432849819546,-0.6202582659008753,0.30934409495694803,-0.0025260423879412356,0.8094414649799896,5,1.1116424651777126,1.1857010797148282,0.0740586145371156
tm450173,gaius makouta_1997,2122,2.4892512594797777e-41,1.759748673179014e-40,1.4674995784806894e-39,1.0,3.0618114465793954e-41,1.4157367977140239e-39,1.7089085509636658e-41,4,2223,0.005770059311237819,0.00970269566127547,0.19346937369406497,0.6470740788167285,0.000598042386067723,0.14159526562655395,0.0017904845040715293,4,0.005770059311237819,0.00970269566127547,0.19346937369406497,-0.3529259211832715,0.000598042386067723,0.14159526562655395,0.0017904845040715293,0.42680688512573806,4,1.6578612669557127e-10,0.9667398632561772,0.9667398630903911
tm451317,kennedy boateng_1996,2122,2.893209329003821e-05,0.9970828828564104,0.0016477816810659054,0.0007529903163379446,2.4141536786011404e-05,0.0002190785697325278,0.00024419294637737096,2,2223,0.008377959026587502,0.7894112187693266,0.05271746438622018,0.11248891819041112,0.002181742292902112,0.019167782783823067,0.01565491455072955,2,0.008349026933297464,-0.20767166408708382,0.05106968270515427,0.11173592787407317,0.0021576007561161003,0.01894870421409054,0.01541072160435218,0.24218580680405818,2,0.023323557912173533,0.7818949772029022,0.7585714192907287
tm454121,galeno_1997,2122,0.1609198861552367,0.002969685863494493,0.009065313120946626,0.05471894332429361,0.4978813846045713,0.25003704599082405,0.02440774094063314,5,2223,0.4364854456932785,0.011897456046163952,0.021086073115558258,0.3154986815993388,0.05271137130472358,0.09155410638542145,0.0707668658555156,1,0.27556555953804185,0.00892777018266946,0.012020759994611632,0.2607797382750452,-0.44517001329984773,-0.1584829396054026,0.04635912491488246,0.6061846551480449,5,1.2973125194324737,1.4213348501471441,0.12402233071467039
tm461629,gustavo assuncao_2000,2122,9.208978976893995e-05,0.0038075470852947236,0.9715301676108243,0.02232919618159306,6.595413864435947e-05,0.0015683980115184571,0.0006066471823562452,3,2223,0.003513635488901613,0.03475582179776948,0.2388738320570944,0.6768249600340859,0.0008970909061796224,0.0381944967290133,0.006940162986955794,4,0.003421545699132673,0.030948274712474758,-0.7326563355537299,0.6544957638524929,0.0008311367675352629,0.036626098717494844,0.006333515804599548,0.9835962970172863,3,0.15027681704032542,0.9083301667180547,0.7580533496777293
tm461937,nuno goncalo moreira_1999,2122,0.004491241839301006,0.0015568197848887647,0.0060886125620300885,0.02458756724168855,0.006497583949868669,0.9518922933890542,0.004885881233168785,6,2223,0.09214871355944838,0.018527281122344984,0.051491048623676476,0.24361915695100783,0.1791411491360106,0.3941484994491642,0.020924151158347403,6,0.08765747172014737,0.01697046133745622,0.04540243606164639,0.2190315897093193,0.17264356518614193,-0.55774379393989,0.01603826992517862,0.6315789639276645,6,0.2621678356880261,1.5462995466514162,1.28413171096339
tm469952,kyosuke tagawa_1999,2122,0.4995103519893888,0.00286525983902132,0.0019704311253155265,0.004589800167740805,0.312970136016573,0.0059632968366381866,0.17213072402532242,1,2223,0.008719371913809885,0.00611838780491905,0.006060478778078523,0.013331884755846995,0.9505542178594231,0.009196390318528607,0.00601926856939385,5,-0.4907909800755789,0.00325312796589773,0.004090047652762996,0.00874208458810619,0.6375840818428501,0.00323309348189042,-0.16611145545592856,0.8046759818776189,5,1.097455852872139,0.2831367704531056,-0.8143190824190334
tm476701,manuel ugarte_2001,2122,0.00013927790679182147,0.005071392445755084,0.9736544315395221,0.015020989646440315,9.829425353140163e-05,0.0034640095063541124,0.0025516047016051805,3,2223,0.0012299304206440371,0.05087313624018589,0.8130870442688368,0.03893407691949001,0.0013208192957993746,0.06976449733969577,0.024790495515348183,3,0.0010906525138522157,0.045801743794430805,-0.1605673872706853,0.023913087273049694,0.0012225250422679729,0.06630048783334165,0.022238890813743004,0.18124557955933004,3,0.15286024060601405,0.7405514630856995,0.5876912224796855
tm478365,moura_1999,2122,0.018762551369327193,0.02637528797329284,0.12060691121160849,0.36018734070177316,0.02513338326872988,0.4210466253086135,0.02788790016665503,6,2223,0.0017612413034357145,0.8702400956359331,0.03925696446769279,0.06966343502688961,0.0008139024497012903,0.014094820651983513,0.0041695404643638,2,-0.01700131006589148,0.8438648076626403,-0.0813499467439157,-0.29052390567488356,-0.02431948081902859,-0.40695180465662995,-0.02371835970229123,0.9846928557778223,2,1.3500061692205236,0.5335190579661813,-0.8164871112543424
tm478940,reggie cannon_1998,2122,0.0002424313431861361,0.8869913877828147,0.08288993260944934,0.026471671964149724,0.00019638016828037573,0.0014503436003945513,0.0017578525317250436,2,2223,1.353724069696436e-05,0.9951740435899276,0.003790481890602649,0.0004865420761468113,1.1107321247773834e-05,0.00037844298470682405,0.00014584489667125264,2,-0.00022889410248917174,0.10818265580711284,-0.07909945071884669,-0.025985129888002913,-0.0001852728470326019,-0.0010719006156877273,-0.001612007635053791,0.13651619972101406,2,0.43324560902783477,0.034207285342115486,-0.3990383236857193
tm479636,henrique jocu_2001,2122,0.002717277888845244,0.1996732998205943,0.42141815641007624,0.3455852244767866,0.002031334398003791,0.02341719755225534,0.00515750945343836,3,2223,0.0002779534636067616,0.027805597027314142,0.8100429538062036,0.14524776609408763,4.9018497977109056e-05,0.015871496658841272,0.0007052144519695428,3,-0.0024393244252384825,-0.17186770279328017,0.3886247973961274,-0.20033745838269895,-0.0019823159000266818,-0.007545700893414067,-0.0044522950014688175,0.46986131478108717,3,1.1967653492677541,0.624132108980699,-0.5726332402870551
tm479643,alexandre penetra_2001,2122,8.083521389662366e-05,0.9961546326322792,0.0009593163196461017,0.002026332978712905,4.956501990511633e-05,0.00026633979627695175,0.00046297803928314993,2,2223,0.0038243872478528735,0.7065194382189068,0.0957431810733861,0.15999720602399758,0.0007816060456868898,0.022968852136178167,0.01016532925399148,2,0.00374355203395625,-0.2896351944133724,0.09478386475374,0.15797087304528468,0.0007320410257817735,0.022702512339901216,0.009702351214708329,0.3440309255338166,2,0.030070749091445182,0.9234821648231212,0.893411415731676
tm481628,tiago araujo_2001,2122,0.005829619920463298,0.184892177326945,0.39789148151667353,0.21032926900214324,0.006368646796586126,0.1507981382360941,0.04389066720109471,3,2223,0.018601793242039314,0.10865963440202979,0.09813259869707815,0.5466710956185371,0.004334297669257856,0.1968047658155997,0.02679581455545806,4,0.012772173321576017,-0.0762325429249152,-0.2997588828195954,0.3363418266163939,-0.0020343491273282707,0.046006627579505605,-0.017094852645636652,0.45943061449001293,4,1.4913833048141505,1.313726272602287,-0.17765703221186357
tm487421,juan manuel boselli_1999,2122,0.9056003578128378,0.0005391361728446562,0.0010600089328257284,0.003815104737110776,0.05639430024486209,0.02712768900911083,0.005463403090408017,1,2223,0.185245640041671,0.012899968861365449,0.043358673035555635,0.20993368970660026,0.25048692845874787,0.2197963663767325,0.07827873351932739,5,-0.7203547177711668,0.012360832688520793,0.04229866410272991,0.20611858496948948,0.1940926282138858,0.19266867736762167,0.07281533042891937,0.7988309741241845,1,0.41083313827032836,1.7114064087283725,1.3005732704580442
tm498237,david carmo_1999,2122,0.00027773721158713243,0.9940530123903141,0.0012740589020149742,0.0028691949192668938,0.00021460795303909457,0.0006515490487413211,0.000659839575036414,2,2223,6.5582554470644256e-06,0.9978029574781323,0.0015621668043044128,0.0002520283312893304,9.565244875003166e-06,0.00032100114275248807,4.572274319954585e-05,2,-0.000271178956140068,0.0037499450878182294,0.0002881079022894386,-0.0026171665879775635,-0.0002050427081640914,-0.000330547905988833,-0.0006141168318368681,0.004606462604951645,2,0.04491632751192053,0.017605028762301033,-0.0273112987496195
tm504090,paulo bernardo_2002,2122,0.003932649079015798,0.00866963549478262,0.6793436611483511,0.13974204424474862,0.0033340668433905355,0.15680342027680413,0.00817452291290702,3,2223,0.4556074440434985,0.010140443334575748,0.048001254280072625,0.3388035118843685,0.004410335852239804,0.13346581147723693,0.009571199128007815,1,0.4516747949644827,0.0014708078397931285,-0.6313424068682785,0.1990614676396199,0.001076269008849269,-0.0233376087995672,0.0013966762151007943,0.8017336145069884,3,0.9494315716168699,1.254382293304799,0.30495072168792914
tm512913,stephen eustaquio_1996,2122,0.00042931710007869964,0.00948782470560564,0.2705260982841773,0.6791566681379007,0.0005198087152513893,0.03849019046530496,0.0013900925916814585,4,2223,0.010451206956788708,0.0023865295716998585,0.024979023660729512,0.9415013705148059,0.00024872565478630324,0.01881280139487637,0.0016203422463134222,4,0.01002188985671001,-0.007101295133905782,-0.24554707462344777,0.2623447023769052,-0.0002710830604650861,-0.01967738907042859,0.00023024965463196373,0.36007811446531096,4,0.8024222625359677,0.2982192558362542,-0.5042030066997135
tm513346,matheus costa_1995,2122,0.1536624068750861,0.326440645170392,0.07199845730532782,0.12236154174087477,0.06797861289370613,0.0624508378062673,0.19510749820834608,2,2223,4.0204282860869876e-05,0.9943618771195227,0.0037686863138762126,0.0012979372556911558,1.5051630388010462e-05,0.0003969324517344528,0.00011931094592691752,2,-0.15362220259222523,0.6679212319491308,-0.06822977099145161,-0.1210636044851836,-0.06796356126331812,-0.06205390535453285,-0.19498818726241918,0.7053367876607347,2,1.7745618152547433,0.040043272098930605,-1.7345185431558128
tm514304,nelson_1998,2122,0.3296590198941004,0.010945232499762961,0.008082103513064041,0.032606965921713936,0.37615200603321364,0.031204482815428015,0.21135018932271693,5,2223,0.17493472230876725,0.016501008869123004,0.06020154555072088,0.36597581249893424,0.021671763251453598,0.34951652293961644,0.011198624581384495,4,-0.15472429758533315,0.005555776369360043,0.05211944203765684,0.3333688465772203,-0.35448024278176005,0.3183120401241884,-0.20015156474133244,0.6039871657837793,5,1.3702668399412454,1.410498877970468,0.04023203802922248
tm517300,vitor tormena_1996,2122,3.462493126819259e-05,0.9973944894088348,0.0008961653617154431,0.0012493586877887171,2.6306359145320222e-05,0.00019927311318494024,0.00019978213806247876,2,2223,0.0005110434480820875,0.9637938660218559,0.015429804252440544,0.012753385058023042,0.0002821580751307383,0.00558369002383915,0.0016460531206286733,2,0.0004764185168138949,-0.03360062338697889,0.014533638890725101,0.011504026370234325,0.00025585171598541806,0.0053844169106542095,0.0014462709825661946,0.038753781161302334,2,0.021275793508485224,0.2012342397553508,0.17995844624686558
tm518472,willyan_1995,2122,0.0006329673244739224,0.1658503981249052,0.0724337727219021,0.7452424030162713,0.000601511620514017,0.012816628341145159,0.002422318850788373,4,2223,0.01826885815380625,0.29970743878313977,0.2880907936307047,0.24504299448198247,0.005442187832935279,0.12287645929913896,0.020571267818292598,2,0.01763589082933233,0.13385704065823456,0.21565702090880262,-0.5001994085342889,0.004840676212421262,0.11005983095799379,0.018148948967504224,0.5719027272894686,4,0.7868128916274773,1.503275532972882,0.7164626413454047
tm520662,pepe_1997,2122,0.20033034184049467,0.034960336475594364,0.01685658567023833,0.4653772550740796,0.12023975809076462,0.13905642754746894,0.023179295301359364,4,2223,0.13174627075851975,0.06249782177416685,0.08661923782847557,0.6249470017012125,0.004090082831991738,0.06806575679134508,0.022033828314288455,4,-0.06858407108197492,0.027537485298572487,0.06976265215823724,0.1595697466271329,-0.11614967525877289,-0.07099067075612386,-0.0011454669870709089,0.23307046568509676,4,1.4804248584634467,1.2354545956258054,-0.24497026283764134
tm524315,hidemasa morita_1995,2122,0.0007834524528523456,0.06421941431378136,0.0629352262824634,0.8554370573801701,0.0005276598186301879,0.014126850007243738,0.0019703397448590557,4,2223,0.03008750878451054,0.017114186355048147,0.10348773122218076,0.7638226309425719,0.004136025436430155,0.07006665101028493,0.01128526624897353,4,0.029304056331658192,-0.04710522795873322,0.04055250493971736,-0.0916144264375982,0.003608365617799967,0.0559398010030412,0.009314926504114474,0.12750537496749179,4,0.5659737744404403,0.8751275408628576,0.3091537664224173
tm524929,kevin zohi_1996,2122,0.02567335548395411,0.04462137757483466,0.029331682383151415,0.3993584578347959,0.1773886689426236,0.30013705521338696,0.023489402567253275,4,2223,0.985866275909156,0.00028555312904311324,0.0005202123383596407,0.003561924719560172,0.002784204913355976,0.006021473159465247,0.0009603558310598265,1,0.9601929204252019,-0.04433582444579155,-0.028811470044791773,-0.3957965331152357,-0.1746044640292676,-0.2941155820539217,-0.022529046736193447,1.0947199644941226,1,1.4589706277246155,0.09421620297881704,-1.3647544247457986
tm526111,alex mendez_2000,2122,0.0016227656882223487,0.020818763496006237,0.032417082921784315,0.45568180533842034,0.0020797289961278333,0.4843666095191301,0.003013244040309025,6,2223,0.0023394377736068966,0.0010236771428517647,0.016127256400837307,0.915581662354791,0.00013599198232458563,0.06441321881777541,0.000378755527813196,4,0.000716672085384548,-0.01979508635315447,-0.016289826520947008,0.45989985701637065,-0.0019437370138032477,-0.4199533907013547,-0.002634488512495829,0.623321926831963,4,0.9417988052233622,0.34937477186177573,-0.5924240333615864
tm530032,quaresma_1996,2122,0.00015594833118021494,0.9836539858110095,0.004555572728533095,0.00737283082290606,0.00020055455453032547,0.0033183361776072495,0.0007427715742335045,2,2223,0.0017912783019458395,0.8829989601432895,0.04258414303002647,0.05830177944456401,0.0004585774026851489,0.010264191670353433,0.0036010700071358193,2,0.0016353299707656246,-0.10065502566772,0.038028570301493377,0.05092894862165795,0.0002580228481548234,0.006945855492746183,0.0028582984329023147,0.11925749430321786,2,0.10434131246653458,0.49209766166903446,0.3877563492024999
tm535958,ricardo matos_2000,2122,0.39214856829916356,0.012191278963234927,0.006882411444055806,0.01768733172769173,0.31827381577410097,0.03396715395879916,0.21884943983295388,1,2223,0.11720146452868196,0.01949249312428323,0.04230638846023839,0.03435397047539672,0.265671231150728,0.4885296657621763,0.0324447864984954,6,-0.2749471037704816,0.007301214161048302,0.035423977016182585,0.01666663874770499,-0.05260258462337297,0.45456251180337715,-0.1864046533344585,0.5353279010483626,6,1.3382324938287808,1.390970138292779,0.0527376444639982
tm537602,joao mario lopes_2000,2122,0.0008501902981775931,0.9153512786910843,0.018579839627834483,0.045262644068517995,0.0012271839689797902,0.014039145768258043,0.004689717577147762,2,2223,0.03980417219433432,0.46593346353999787,0.09332938818487087,0.2935439396564729,0.0026155347581130295,0.0788867538579813,0.025886747808229683,2,0.038953981896156724,-0.4494178151510865,0.07474954855703639,0.24828129558795492,0.0013883507891332392,0.06484760808972326,0.02119703023108192,0.5243396054294663,2,0.3943884071918997,1.375801608995649,0.9814132018037494
tm539135,leo andrade_1998,2122,1.558533941088373e-05,0.998249709312525,0.000831160530200684,0.0007252772767782459,1.1943825432638088e-05,7.47420669331848e-05,9.158164871922381e-05,2,2223,0.0013206289422185373,0.9067322202816412,0.046480927166709374,0.02507968917024523,0.0006679000066877286,0.012602597349654457,0.007116037082843547,2,0.0013050436028076535,-0.09151748903088375,0.04564976663650869,0.024354411893466984,0.0006559561812550905,0.012527855282721271,0.007024455434124323,0.10588470119173987,2,0.014756532748979059,0.4278013567012787,0.4130448239522997
tm539183,anderson jesus_1995,2122,6.574587049173364e-07,0.9999569445957494,1.3974620272354455e-05,2.0865246615447303e-05,5.252991059982942e-07,2.7743148673261213e-06,4.258464684638874e-06,2,2223,0.008920219095731796,0.7832262005987359,0.053540647414934125,0.08765145274152558,0.004565100355780782,0.028703216009748397,0.03339316378354336,2,0.008919561637026879,-0.21673074399701342,0.05352667279466177,0.08763058749491014,0.004564575056674784,0.02870044169488107,0.03338890531885872,0.24174480188288405,2,0.0005292548642519022,0.8436122875597778,0.8430830326955259
tm544784,zaidu sanusi_1997,2122,0.0064619910168193335,0.8715883496609124,0.013991697577419015,0.0498458535180084,0.005033526456963049,0.04171596841031442,0.011362613359563335,2,2223,0.0015440711740925858,0.8975090704346118,0.04043469904734222,0.03193351547283372,0.0012969371784517054,0.018877745848778472,0.008403960843889401,2,-0.0049179198427267475,0.025920720773699446,0.026443001469923205,-0.017912338045174683,-0.0037365892785113436,-0.022838222561535948,-0.0029586525156739332,0.047452085214425385,3,0.571620063902471,0.4704692202196529,-0.10115084368281813
tm54716,steven vitoria_1987,2122,0.008341486117710762,0.7639563342315571,0.03246152676075333,0.148690812062117,0.005671235816587157,0.03519553011533578,0.005683074895938703,2,2223,0.0011841334970351626,0.9279771062477374,0.021337766077018493,0.024830181562533818,0.0010184362631524397,0.020891052727714923,0.0027613236248075984,2,-0.007157352620675599,0.16402077201618037,-0.01112376068373484,-0.1238606304995832,-0.004652799553434717,-0.014304477387620855,-0.0029217512711311048,0.20650787347179086,2,0.8167841970900431,0.35530329571046687,-0.46148090137957626
tm54781,nicolas otamendi_1988,2122,2.955893940851149e-05,0.9971555076359068,0.0011199487283740975,0.0012248799397215104,2.558825419925581e-05,0.00018887259369722618,0.00025564390869275906,2,2223,0.0008082748809827772,0.8955168858610855,0.06534729690001151,0.0216839770920005,0.00034612998908521074,0.012089650060040999,0.004207785216793626,2,0.0007787159415742656,-0.1016386217748213,0.06422734817163742,0.02045909715227899,0.0003205417348859549,0.011900777466343772,0.003952141308100867,0.12254172348860287,2,0.022975536968400826,0.4450836464600551,0.4221081094916543
tm548658,mohamed aidara_1996,2122,9.014052513690635e-05,0.9959526733110362,0.0009900885733540449,0.002310220602132874,5.8543131428951725e-05,0.0003363637401511049,0.0002619701167596545,2,2223,0.00023209417757711481,0.9837874887198383,0.00783724327591706,0.0023121937504062997,0.00019963735209921072,0.0031261253789728384,0.0025052173451892094,2,0.00014195365244020847,-0.012165184591197864,0.006847154702563016,1.973148273425821e-06,0.000141094220670259,0.0027897616388217333,0.002243247228429555,0.0142372074499198,2,0.03117294497746185,0.10479515566390489,0.07362221068644303
tm549006,goncalo inacio_2001,2122,0.009136576688093702,0.8727258691582946,0.012063524850144799,0.07162706095454625,0.004144261977188547,0.0188466323202098,0.011456074051522259,2,2223,0.0004612686964356283,0.9526879565186863,0.02936127200045499,0.01333011925488221,0.0001426009602871291,0.002697517238270464,0.0013192653309833167,2,-0.008675307991658074,0.07996208736039168,0.01729774715031019,-0.05829694169966404,-0.004001661016901418,-0.016149115081939336,-0.010136808720538942,0.10219466258379171,2,0.5526119471462834,0.2368301029590573,-0.3157818441872261
tm549013,helder sa_2002,2122,1.7646385852846327e-05,0.9978211022066973,0.0008154276113330307,0.0008933770598168772,1.9501650654742448e-05,0.00023805756604685984,0.00019488751959854318,2,2223,0.0022645098108588055,0.2910640920737579,0.41739713596235417,0.16463778694954978,0.0010249445054354147,0.1123792539958491,0.011232276702194824,3,0.0022468634250059592,-0.7067570101329395,0.41658170835102115,0.1637444098897329,0.0010054428547806723,0.11214119642980223,0.011037389182596282,0.8440614492571831,2,0.018303323920285483,1.3378445284005065,1.319541204480221
tm550550,goncalo ramos_2001,2122,0.9147508533010459,0.00040584143219258315,0.0006038476890923872,0.003015484736826409,0.07202727373771552,0.006216645982522946,0.002980053120604388,1,2223,0.03622594296550355,0.003946622275024574,0.004707573050584024,0.006567507549674988,0.7415086205191237,0.01441345592219817,0.19263027771789104,5,-0.8785249103355424,0.0035407808428319907,0.004103725361491636,0.003552022812848579,0.6694813467814081,0.008196809939675226,0.18965022459728664,1.1045906363981142,1,0.34505282893207206,0.8004005748285627,0.4553477458964907
tm552628,hernan de la fuente_1997,2122,0.0020761295727414067,0.33527328872980156,0.053106061989008586,0.5736272327335997,0.0031628303708075996,0.029081383878422053,0.0036730727256190925,4,2223,0.0016988390041966675,0.8107279120970123,0.09408368467624967,0.0504541909892968,0.0008801360600610826,0.0328782482983052,0.00927698887487837,2,-0.00037729056854473924,0.4754546233672108,0.04097762268724108,-0.5231730417443029,-0.002282694310746517,0.003796864419883146,0.005603916149259277,0.7081426870844976,4,0.9955934900048875,0.7158963381354396,-0.2796971518694479
tm553062,vitor carvalho_1997,2122,0.00015558844475137444,0.025541115058488793,0.8091043152704299,0.1600917994193403,0.00011784007024107825,0.004203038138178076,0.000786303598570534,3,2223,0.0005166546579127446,0.00911706373153282,0.4867677096266812,0.2651542680930153,0.00026391028426630154,0.23736213705194179,0.0008182565546499829,3,0.00036106621316137023,-0.01642405132695597,-0.3223366056437487,0.105062468673675,0.0001460702140252233,0.2331590989137637,3.195295607944892e-05,0.411791301796586,3,0.5894007715235159,1.0985308376705816,0.5091300661470657
tm553875,pedro porro_1999,2122,0.02383563902304984,0.01626373539045703,0.0540227982189683,0.45643817148314686,0.0265481191608998,0.3598722721169347,0.06301926460654361,4,2223,0.5810490799315309,0.007381490022075582,0.015450920722424075,0.0919918777123219,0.024276865159857657,0.05512801039620644,0.22472175605558356,1,0.557213440908481,-0.008882245368381447,-0.03857187749654423,-0.36444629377082494,-0.0022712540010421424,-0.3047442617207282,0.16170249144903995,0.7333135941977356,1,1.310028207989638,1.221145380948569,-0.08888282704106887
tm56036,luis neto_1988,2122,7.33670412401033e-05,0.992680249964598,0.0031269299521712634,0.003264810206880035,5.710589895959248e-05,0.00038783458997916853,0.00040970234617156837,2,2223,9.104251288201984e-05,0.9969320425412939,0.0015708879525262235,0.0005425263082382653,3.955185787971386e-05,0.0006392196372391228,0.00018472918994103985,2,1.7675471641916544e-05,0.004251792576695834,-0.00155604199964504,-0.0027222838986417698,-1.7554041079878616e-05,0.00025138504725995427,-0.00022497315623052852,0.005289012332501339,2,0.05151622243524635,0.02482220625681231,-0.026694016178434043
tm560903,patrick_1997,2122,8.700849402446e-06,0.9990028768093943,0.0003582086567108939,0.0005058874234577625,7.0830023197992665e-06,8.197110185948197e-05,3.527215685524874e-05,2,2223,0.0008081598059173743,0.9385147015451962,0.026282964209601713,0.021577924776067865,0.0004061607270976647,0.01029829459967787,0.0021117943364412865,2,0.0007994589565149283,-0.06048817526419803,0.02592475555289082,0.021072037352610103,0.00039907772477786545,0.010216323497818387,0.002076522179586038,0.06985781787978293,2,0.008996348575507334,0.3070273226554487,0.29803097407994134
tm561217,oday dabbagh_1998,2122,0.25996347024078964,0.0010045410071222991,0.001355274525806126,0.006852584864772585,0.6795893508233436,0.010770802937159846,0.04046397560100585,5,2223,0.04849836344534204,0.011167089462180183,0.007508838942281465,0.01157196229479257,0.16400775058814007,0.017284331171408755,0.7399616640958548,7,-0.2114651067954476,0.010162548455057884,0.006153564416475339,0.004719377430019985,-0.5155816002352035,0.0065135282342489095,0.699497688494849,0.5574475044455914,5,0.8413443548110394,0.8747764029625703,0.03343204815153089
tm565232,andre silva_1997,2122,0.7838701714075195,0.0005517388684640903,0.0004309907171764535,0.00602708588781535,0.19231733797960585,0.014827699256621937,0.0019749758827967406,1,2223,0.07794959475318684,0.00286350364465738,0.003947341384897212,0.006259083421653029,0.881341240255542,0.02119351902059916,0.006445717519464696,5,-0.7059205766543326,0.0023117647761932893,0.0035163506677207586,0.0002319975338376792,0.6890239022759361,0.006365819763977222,0.004470741636667956,0.9864766013008449,1,0.6209662371375864,0.49479355652205553,-0.12617268061553083
tm567497,filipe relvas_1999,2122,0.001112829440094906,0.6729848565084995,0.013069318826138324,0.29862555282913267,0.0011923610813921585,0.010257125958808882,0.00275795535593362,2,2223,0.0007337438700100766,0.8992230958871047,0.07255352754573183,0.014655120621380555,0.00032679683303867886,0.008394369918713927,0.004113345324020023,2,-0.0003790855700848293,0.2262382393786052,0.05948420871959351,-0.2839704322077521,-0.0008655642483534796,-0.0018627560400949553,0.0013553899680864025,0.36792075394001245,4,0.7629439083857199,0.41838846673207014,-0.34455544165364976
tm57723,ivan marcano_1987,2122,0.0008606069099370478,0.966060912994705,0.004047612808165784,0.02264437959991603,0.0007127768236370114,0.004145260666431976,0.0015284501972071742,2,2223,0.005711108650322862,0.8753799984961794,0.04286490504479037,0.03190573188676644,0.004294029767056778,0.023324155380513658,0.016520070774370628,2,0.004850501740385814,-0.09068091449852556,0.038817292236624584,0.009261352286850408,0.0035812529434197664,0.01917889471408168,0.014991620577163453,0.101092857409837,2,0.18531955204659792,0.5697843285570308,0.38446477651043287
tm577590,pedro brazao_2002,2122,0.06922292609837755,0.03397539258332417,0.06907909467407224,0.5613250127051612,0.04267459171938045,0.1376154688132729,0.08610751340641161,4,2223,0.0021008403527528873,0.01789487931208697,0.13927122790840446,0.011971561476584788,0.004014671836438112,0.8214138606612783,0.0033329584524545643,6,-0.06712208574562466,-0.016080513271237197,0.07019213323433222,-0.5493534512285765,-0.03865991988294234,0.6837983918480054,-0.08277455495395704,0.883490202178789,6,1.4272005217191517,0.6152328704158525,-0.8119676513032992
tm581121,tiago esgaio_1995,2122,0.0006219256704349737,0.6307447953086722,0.020318216329746966,0.3368369473421854,0.0008623480141260601,0.009172629575719593,0.0014431377591148235,2,2223,0.0009625781477018202,0.9194254899569269,0.043734896014386376,0.025390818331948294,0.000267670493988296,0.007604628565013798,0.0026139184900343367,2,0.0003406524772668466,0.28868069464825463,0.02341667968463941,-0.3114461290102371,-0.0005946775201377641,-0.001568001010705795,0.0011707807309195132,0.42530754042004226,4,0.7995263016324848,0.36891589265613056,-0.4306104089763543
tm58267,andre castro_1988,2122,0.0005073328705973897,0.010597402574739383,0.04313045818507062,0.9291546325877817,0.00045477058434095714,0.014975652133417845,0.0011797510640519445,4,2223,0.01340133391308832,0.01970920690686826,0.17005786826682118,0.7270996208246687,0.0022562086478111545,0.058331302411223016,0.009144459029519257,4,0.01289400104249093,0.009111804332128878,0.12692741008175057,-0.20205501176311302,0.0018014380634701975,0.04335565027780517,0.007964707965467313,0.24304121675105078,4,0.33026468128073894,0.8906157850157881,0.5603511037350491
tm585264,pedrao_1997,2122,2.147510322355133e-05,0.997742381441131,0.0006652309923033872,0.001256747215798654,1.668155799985961e-05,0.00018252222899269057,0.00011496146055065528,2,2223,2.0941779552108044e-05,0.9969910661902228,0.0015037400371437602,0.0009316964520867883,1.1671606827449847e-05,0.0004903562574451856,5.0527676721921385e-05,2,-5.33323671443285e-07,-0.0007513152509082133,0.000838509044840373,-0.0003250507637118657,-5.009951172409764e-06,0.000307834028452495,-6.44337838287339e-05,0.0012116175950497886,3,0.018544003279013798,0.02387502072929645,0.005331017450282652
tm586855,loreintz rosier_1998,2122,0.0018284761805608795,0.0038635158930296976,0.033783216922896236,0.9157099858305997,0.0010386841373351038,0.04313083743366083,0.0006452836019175656,4,2223,2.789182997791472e-05,0.0010727189740372793,0.9905811718315619,0.00670287277973956,1.3758307051564478e-05,0.0014787313303001595,0.00012285494733162665,3,-0.0018005843505829648,-0.0027907969189924185,0.9567979549086657,-0.9090071130508601,-0.0010249258302835393,-0.04165210610336067,-0.000522428654585939,1.320417826735808,3,0.375535657202469,0.061447477481925285,-0.3140881797205437
tm58965,ruben lima_1989,2122,0.007054127163805896,0.7156272449639105,0.032285658572222646,0.16879115752307144,0.006255356385493647,0.04249095296941827,0.02749550242207761,2,2223,0.0030511734683430127,0.8289300391712996,0.03734381746133455,0.09453348509782165,0.0008203831943372127,0.02151283383072239,0.013808267776141674,2,-0.0040029536954628835,0.11330279420738909,0.005058158889111902,-0.07425767242524979,-0.005434973191156434,-0.020978119138695885,-0.013687234645935936,0.1373424701796174,2,0.9502884754990217,0.6665065361180985,-0.2837819393809232
tm590302,kiko bondoso_1995,2122,0.20294341063992488,0.004256155871815496,0.005338677296728238,0.09631725712998929,0.1271174490006173,0.5556498782323421,0.008377171828582667,6,2223,0.16476558715306017,0.020041154929799986,0.05939685060660515,0.45429319872415197,0.02458676699194067,0.2635739338647325,0.013342507729709524,4,-0.038177823486864715,0.01578499905798449,0.05405817330987691,0.3579759415941627,-0.10253068200867663,-0.29207594436760964,0.004965335901126857,0.47811784247680844,4,1.2289937034885148,1.4017810788071536,0.17278737531863886
tm594546,ze uilton_1992,2122,0.006469838391576979,0.025451435698245765,0.015447311046003892,0.8168004986951839,0.02648484907069031,0.1051063822018472,0.004239684896451862,4,2223,0.038605309725989315,0.010898188670702923,0.04233823474391289,0.715181856695665,0.01239185930125529,0.1767183388688112,0.0038662119936632095,4,0.03213547133441234,-0.014553247027542841,0.026890923697909,-0.10161864199951887,-0.01409298976943502,0.07161195666696399,-0.00037347290278865256,0.13274351356806552,4,0.7118676392767483,0.9306804880468168,0.21881284877006846
tm595012,ibrahima camara_1999,2122,0.0020916411177572852,0.009475414657330036,0.031590645926364604,0.6182999460544653,0.0034415015529248457,0.32830766328070227,0.006793187410455682,4,2223,0.005166279360946069,0.002942998365987364,0.05694469826552523,0.9053069350471217,0.00015492529095269261,0.02882089450462812,0.0006632691648387543,4,0.003074638243188784,-0.006532416291342671,0.025354052339160625,0.2870069889926564,-0.003286576261972153,-0.29948676877607416,-0.006129918245616928,0.41565742122454286,6,0.8825616352126553,0.40603323820292575,-0.47652839700972954
tm596884,adrian butzke_1999,2122,0.7811787828903443,0.0025444644950462694,0.0019611663321602714,0.01754278981681089,0.1381496341009209,0.050229621798314576,0.00839354056640288,1,2223,0.0910200403131643,0.004378685388929952,0.004581082866807018,0.008083277218527314,0.8542129625024134,0.018272489697606916,0.01945146201255112,5,-0.69015874257718,0.0018342208938836825,0.0026199165346467465,-0.009459512598283575,0.7160633284014926,-0.031957132100707664,0.01105792144614824,0.9950812777038734,5,0.755090871211018,0.5899149138163348,-0.16517595739468327
tm597087,lucas africo_1995,2122,6.768215880124614e-05,0.996040141045955,0.0012237188959274819,0.0020675984994035766,4.6946656983539824e-05,0.00039257866292541116,0.00016133408000386685,2,2223,6.938648449058848e-06,0.9993939388288424,0.0003213522872737273,9.694936938868234e-05,6.202039296934776e-06,0.0001445777597838225,3.0041066965411e-05,2,-6.074351035218729e-05,0.0033537977828874688,-0.0009023666086537546,-0.0019706491300148943,-4.0744617686605045e-05,-0.00024800090314158865,-0.00013129301303845586,0.004001566868668074,2,0.030544052262307653,0.005834360019844808,-0.024709692242462847
tm610335,ivan jaime pajuelo_2000,2122,0.06909370698025005,0.003499732909327426,0.003613925013653889,0.05421793280214547,0.39713710787939094,0.4603712892579084,0.012066305157323872,6,2223,0.5314859836652365,0.00843523833157511,0.012439983706905137,0.07097200088556602,0.16124728023359164,0.09737070853240716,0.1180488046447185,1,0.4623922766849864,0.0049355054222476845,0.008826058693251248,0.016754068083420545,-0.2358898276457993,-0.36300058072550123,0.10598249948739462,0.6337215534088411,1,1.1599488413197618,1.3918236754852866,0.2318748341655248
tm617679,ze carlos_1998,2122,0.0005488165831633169,0.9591805232331098,0.007933306146616028,0.02315402237487516,0.0006378970242984795,0.006280383435944338,0.00226505120199291,2,2223,0.030812944244015806,0.5076519263755607,0.13223384409420308,0.25058541108881777,0.003031342278425583,0.021776582935186396,0.05390794898379056,2,0.03026412766085249,-0.4515285968575491,0.12430053794758705,0.2274313887139426,0.0023934452541271036,0.015496199499242058,0.05164289778179765,0.5217427644814409,2,0.21998587202811168,1.3240753742106988,1.1040895021825872
tm631112,matheus bueno_1998,2122,0.007365639766642127,0.0033765569711881006,0.026398372616515727,0.19059440975340472,0.005777623016150328,0.7642148512117563,0.002272546664342394,6,2223,0.0015443655414083763,0.009414249216710371,0.41223894102389835,0.5350224315830263,0.00017963768229586454,0.04083911773733647,0.0007612572153241866,4,-0.0058212742252337505,0.006037692245522271,0.3858405684073826,0.3444280218296216,-0.005597985333854464,-0.7233757334744197,-0.0015112894490182072,0.8893130700889919,6,0.7163735238100162,0.8914774778660551,0.17510395405603896
tm637782,andre amaro_2002,2122,2.287912026192523e-05,0.9983400549130939,0.0007751293867678176,0.0006550517400138538,1.5907383300001753e-05,8.158757640677407e-05,0.00010938988015562982,2,2223,0.000321832193016552,0.965623651644125,0.020174876488407455,0.010533402138930045,0.00011366618916577903,0.002310127213209427,0.000922444133145744,2,0.0002989530727546268,-0.03271640326896885,0.019399747101639636,0.009878350398916191,9.775880586577728e-05,0.002228539636802653,0.0008130542529901142,0.03936191504113809,2,0.014198445325701244,0.18457861738469408,0.17038017205899283
tm63837,andre andre_1989,2122,0.0004229860094076479,0.009006061608508881,0.9198467698826976,0.04172314683330258,0.00026194483061229136,0.02640818175421024,0.0023309090812606934,3,2223,0.002271059665454012,0.05553784474498699,0.3829299983618115,0.11046496646993247,0.0014770988990495649,0.4411420106379284,0.006177021220837088,6,0.001848073656046364,0.046531783136478114,-0.5369167715208861,0.06874181963662988,0.0012151540684372736,0.4147338288837182,0.0038461121395763943,0.6835051608769491,3,0.3673551411625796,1.1873788857101448,0.8200237445475652
tm64339,pizzi_1989,2122,0.01898257520146529,0.006147325831443929,0.003851048627566775,0.01958961903777208,0.050014901324588065,0.02495685689374522,0.8764576730834187,7,2223,0.6327099921107875,0.006344529962912162,0.015698791416430956,0.25911772135985356,0.005425847452635311,0.05813807395835351,0.02256504373902715,1,0.6137274169093222,0.0001972041314682333,0.01184774278886418,0.2395281023220815,-0.04458905387195276,0.03318121706460829,-0.8538926293443916,0.6612598875313334,1,0.5625006992063525,1.0161253374873567,0.4536246382810042
tm645588,tomas handel_2000,2122,0.0016761750355081472,0.09290184404416689,0.3235151157409727,0.5513624937137848,0.0011656592970451204,0.02563123861898682,0.0037474735495355077,4,2223,0.032330279572502,0.028895910439584845,0.2613575585051681,0.6240616919301389,0.002466349498202258,0.040228686399146736,0.010659523655257113,4,0.030654104536993854,-0.06400593360458204,-0.06215755723580457,0.07269919821635418,0.0013006902011571378,0.014597447780159915,0.006912050105721605,0.11999977617094153,4,1.0475386043382182,1.0507942060172841,0.0032556016790659115
tm646677,riccieli_1998,2122,0.0002919045353332636,0.9896010482278391,0.0019500193499550663,0.006341588764018468,0.00016257758677683,0.001163449383350664,0.0004894121527265758,2,2223,8.994934091573034e-05,0.9859297518969192,0.00984129894071823,0.0016642258013054453,5.329649551159346e-05,0.0019477922959486283,0.0004736852286812617,2,-0.00020195519441753326,-0.003671296330919893,0.007891279590763165,-0.004677362962713023,-0.00010928109126523652,0.0007843429125979644,-1.5726924045314093e-05,0.009914451910014173,3,0.06999041883839388,0.08724220182572227,0.017251782987328393
tm651205,luquinha_2000,2122,0.18154216317184146,0.020017204516108653,0.043353718878620384,0.15238312833209744,0.3148211141808069,0.22809256904326722,0.059790101877257994,5,2223,0.006873005107837428,0.0062427310684706454,0.08965290395603236,0.5354653609209358,0.003191165394027942,0.35652091235365163,0.0020539211990441243,4,-0.17466915806400404,-0.013774473447638007,0.04629918507741197,0.38308223258883833,-0.31162994878677897,0.1284283433103844,-0.05773618067821387,0.541481049260202,4,1.6801968666351583,1.0153591903459958,-0.6648376762891626
tm657387,fabiano souza_2000,2122,0.0011195729407936115,0.1739022175152493,0.5952993133781621,0.16081313204246198,0.0011098306909880493,0.05986249263048066,0.007893440801864271,3,2223,0.0022290342717327057,0.7217294428724548,0.13110035666540795,0.07588053708426289,0.0011467793825495093,0.031329819376031166,0.03658403034756095,2,0.0011094613309390942,0.5478272253572054,-0.46419895671275413,-0.08493259495819909,3.694869156145998e-05,-0.02853267325444949,0.028690589545696678,0.723618844181668,2,1.1287959494165374,0.948295085113112,-0.18050086430342538
tm667121,rodrigo gomes_2003,2122,0.049635983808842314,0.06905447255584238,0.03545044259712779,0.19696716054573982,0.5038532905855337,0.12213582221089447,0.02290282769601955,5,2223,0.3240245508790102,0.026019919257815004,0.04442793520312112,0.17663803968348252,0.059126593861043505,0.28310617320242926,0.08665678791309843,1,0.2743885670701679,-0.04303455329802737,0.008977492605993329,-0.0203291208622573,-0.4447266967244902,0.16097035099153478,0.06375396021707888,0.5489337079490731,5,1.4607130638037256,1.641092067963659,0.18037900415993335
tm671657,ricardinho_1998,2122,0.4469772188292341,0.006618348638288205,0.00731774667591836,0.14963919936407785,0.2121154960849464,0.17241385573042597,0.004918134677108922,1,2223,0.0576848163749437,0.024636428085792108,0.2782676639480913,0.3854082821466509,0.010938111974611748,0.23574274562579103,0.007321951844119171,4,-0.38929240245429036,0.0180180794475039,0.270949917272173,0.23576908278257305,-0.20117738411033464,0.06332888989536506,0.0024038171670102493,0.570400764405518,1,1.3714956689571525,1.4052670131550105,0.03377134419785799
tm673492,morato_2001,2122,6.033178723857564e-05,0.9961486836732713,0.0011175781523129521,0.001978944923291251,4.310733445449358e-05,0.0004463473931071628,0.0002050067363241745,2,2223,0.0016658831855785184,0.9432619435736028,0.016238442334019464,0.025262978479868473,0.0008561555753356967,0.008625468558690157,0.004089128292904914,2,0.0016055513983399428,-0.05288674009966843,0.015120864181706512,0.02328403355657722,0.000813048240881203,0.008179121165582994,0.0038841215565807393,0.06031526254946839,2,0.029962714311000904,0.29512270395976725,0.26515998964876636
tm68275,claudemir de souza_1988,2122,0.0029261991162964954,0.16016133626713155,0.12205524567931854,0.6712709292565232,0.002278622409519668,0.03667723888793896,0.0046304283832716365,4,2223,0.00047062684515939996,0.0038736876136623638,0.8953671850036627,0.09589920230432299,6.841247637988734e-05,0.0040284389761597325,0.0002924467806528982,3,-0.0024555722711370955,-0.1562876486534692,0.7733119393243442,-0.5753717269522002,-0.0022102099331397806,-0.03264879991177923,-0.004337981602618738,0.977019277086165,3,0.9946850704189976,0.3741573344444152,-0.6205277359745824
tm685807,luis santos_2000,2122,0.02029268159787545,0.02703040886091174,0.19743905926769062,0.30734303638170246,0.01877579882689059,0.4160056546395824,0.0131133604253468,6,2223,0.043979858174657355,0.10228340502938899,0.14223240610832674,0.13284217801089193,0.046373312881983875,0.4466712210662489,0.0856176187285022,6,0.023687176576781904,0.07525299616847725,-0.05520665315936388,-0.17450085837081053,0.027597514055093284,0.030665566426666513,0.07250425830315539,0.20352989863410692,4,1.3559353513789023,1.6289874942633646,0.27305214288446233
tm685887,matchoi djalo_2003,2122,0.010220721716030607,0.004089253979827415,0.019496398807042542,0.11217925424161133,0.01057901438991507,0.804028353279474,0.03940700358609914,6,2223,0.06814083705865571,0.018040737170330928,0.0385661230803983,0.09114390487894106,0.1031933088614883,0.5714193683099773,0.10949572064020836,6,0.05792011534262511,0.013951483190503513,0.019069724273355758,-0.021035349362670278,0.09261429447157322,-0.23260898496949667,0.07008871705410923,0.2589205889461016,6,0.742443550326945,1.3956824771449832,0.6532389268180382
tm690273,bernardo vital_2000,2122,0.014919956368872306,0.8465986050880528,0.02635131961565573,0.06629428052048836,0.007764296273938182,0.02245220883741315,0.015619333295579534,2,2223,1.8535625921168416e-05,0.9981891008516662,0.0009914946888954458,0.00024866430632144553,1.533145311902157e-05,0.00045791343406086066,7.895964001581789e-05,2,-0.014901420742951137,0.1515904957636134,-0.025359824926760283,-0.06604561621416691,-0.007748964820819161,-0.02199429540335229,-0.015540373655563716,0.169560226390288,2,0.6673634611812016,0.015369132389411209,-0.6519943287917904
tm701979,geny catamo_2001,2122,0.01848733371652024,0.012926075239590204,0.030533202374042327,0.07892477418392584,0.018261269828102996,0.14208921886291556,0.6987781257949028,7,2223,0.1917747413698004,0.02399565812304881,0.02699626166173496,0.0744502977945711,0.09703263741028578,0.3417806641720698,0.24396973946848907,6,0.17328740765328016,0.011069582883458606,-0.003536940712307368,-0.004474476389354734,0.07877136758218278,0.19969144530915425,-0.45480838632641374,0.27616153585428116,6,1.0377405804247086,1.6345607299568226,0.5968201495321139
tm70359,david simao_1990,2122,0.0031483203781354553,0.009089323504051465,0.053207829392040246,0.6415079251367443,0.004260346752854953,0.273499423891488,0.015286830944685704,4,2223,0.00023393092495510248,0.003649233358150085,0.8460148906009871,0.13444308368939956,4.330956164014105e-05,0.015254247991221196,0.000361303873646841,3,-0.002914389453180353,-0.00544009014590138,0.7928070612089468,-0.5070648414473446,-0.004217037191214812,-0.2582451759002668,-0.014925527071038863,0.9759120002643167,3,0.9434829405638605,0.5007901069869176,-0.4426928335769429
tm711337,evanilson_1999,2122,0.6685344588536549,0.0023463861457268136,0.0024493666508641266,0.00768238149176109,0.16203493480293235,0.01665326573268947,0.1402992063223714,1,2223,0.603335888616142,0.00227458587035432,0.0027904278319509602,0.005938098745229477,0.33999946142870957,0.009208156364574874,0.036453381143038956,1,-0.06519857023751296,-7.180027537249381e-05,0.0003410611810868336,-0.0017442827465316123,0.17796452662577722,-0.0074451093681145945,-0.10384582517933244,0.18968610901161082,5,0.974170209610318,0.8962336886370105,-0.0779365209733075
tm71830,bruno wilson_1996,2122,0.00014900325784322562,0.9808568621338372,0.006032405940349436,0.01003559937883659,0.0001117999994874507,0.00208790866646374,0.0007264206231825231,2,2223,0.001195855217690902,0.8973052058671971,0.0613087241894825,0.024677049345510824,0.0009362353058437866,0.009461567208161572,0.005115362866113446,2,0.0010468519598476763,-0.08355165626664007,0.055276318249133066,0.014641449966674235,0.0008244353063563359,0.007373658541697832,0.004388942242930923,0.10152275170667213,2,0.11643401235054833,0.4454042215315381,0.32897020918098974
tm729140,miguel maga_2002,2122,0.0005025838437565126,0.9236109428246752,0.025601159986274043,0.03643102148710014,0.0006346092042809758,0.007739477654856982,0.005480204999055985,2,2223,0.0011843824530968759,0.36399715002832334,0.3927234731427367,0.22103817579657406,0.0002670937047406118,0.01358827709155612,0.0072014477829722276,3,0.0006817986093403633,-0.5596137927963518,0.36712231315646265,0.18460715430947391,-0.000367515499540364,0.005848799436699138,0.0017212427839162422,0.6943061282311634,2,0.3625451194390038,1.172673742667558,0.8101286232285542
tm75442,nicolas gaitan_1988,2122,0.37936311551863744,0.016320267625863152,0.027235566690637276,0.05753850362624197,0.22830491592070767,0.07536811909031953,0.2158695115275928,1,2223,0.3426788191878884,0.00829880018667285,0.018037045380508064,0.33124698660313073,0.01950471262030331,0.26489322999801246,0.015340406023483976,1,-0.036684296330749044,-0.008021467439190303,-0.009198521310129212,0.27370848297688877,-0.20880020330040436,0.18952511090769292,-0.20052910550410882,0.394877601982977,4,1.560314507482791,1.337941863912853,-0.22237264356993802
tm798687,antony_2001,2122,0.1679260925620155,0.006958029029237329,0.08030566224231209,0.06970575966154668,0.13505542179088767,0.5175219082100526,0.02252712650394818,6,2223,0.5627743177754698,0.014526283633383591,0.04955303445921867,0.19575438596507588,0.017542459650583687,0.1537321411717359,0.006117377344532571,1,0.3948482252134543,0.0075682546041462625,-0.030752627783093414,0.1260486263035292,-0.11751296214030399,-0.3637897670383167,-0.016409749159415607,0.564755407776961,1,1.4190989767517928,1.243119937428396,-0.17597903932339665
tm813109,bruno marques_1999,2122,0.03746176985599441,0.0025006008747203807,0.003928479216823777,0.0052788412032662105,0.06963878421203992,0.016411056400991265,0.8647804682361641,7,2223,0.005444822122625046,0.003389321762086351,0.004093703656140657,0.0036952364197748314,0.058225678101956724,0.008793542661197919,0.9163576952762184,7,-0.03201694773336937,0.0008887208873659702,0.00016522443931688002,-0.0015836047834913792,-0.011413106110083199,-0.007617513739793346,0.051577227040054296,0.034881160772809006,1,0.5660957426219928,0.37809358804220505,-0.18800215457978775
tm818252,pedro malheiro_2001,2122,0.00115467157712692,0.5444262145641865,0.25470640969668323,0.15090983718549453,0.0012774285020308257,0.025920014256514287,0.021605424217963687,2,2223,0.0022823496558694797,0.14110469449345855,0.5706119540066968,0.26055908944555806,0.00032527018045561834,0.017439260874402743,0.007677381343558698,3,0.0011276780787425598,-0.40332152007072797,0.3159055443100136,0.10964925226006353,-0.0009521583215752074,-0.008480753382111544,-0.01392804287440499,0.5239862798207664,2,1.1586059833919125,1.0713824424532328,-0.08722354093867968
tm836336,nuno lima_2001,2122,0.00019544326668403857,0.9931719847748927,0.0016952669633458288,0.0036005866408739366,0.0001637092342752446,0.0007891864957518959,0.00038382262417612867,2,2223,0.0004265433795735064,0.9719887222565667,0.013046180189948893,0.008332115413827086,0.00023705760756954021,0.0039707137935057445,0.0019986673590084657,2,0.00023110011288946783,-0.021183262518325918,0.011350913226603063,0.00473152877295315,7.334837329429561e-05,0.0031815272977538485,0.0016148447348323372,0.02470105483010519,2,0.04963307688139575,0.1637814098119762,0.11414833293058044
tm836546,luis bastos_2001,2122,0.0006883109809308856,0.8553935635238847,0.09525161652558894,0.025864634888549454,0.0007719368947579274,0.007622317085606022,0.014407620100682203,2,2223,0.000384762600447697,0.9818041704491206,0.006086144441666151,0.006351159311053189,0.00012766137017918553,0.00414822565824904,0.0010978761692839064,2,-0.0003035483804831886,0.12641060692523587,-0.0891654720839228,-0.019513475577496265,-0.0006442755245787419,-0.0034740914273569826,-0.013309743931398298,0.15595985133387807,2,0.560901671803853,0.11561510765507098,-0.445286564148782
tm840674,ibrahima bamba_2002,2122,0.0004264914189430827,0.02604753277383175,0.9143711963245156,0.042756172164233254,0.0002483990186124642,0.011257655281624623,0.004892553018239304,3,2223,0.0008359941785059972,0.2801731733973591,0.6341754629178578,0.034564977796103416,0.0005435331638283253,0.04420633583134392,0.005500522715001411,3,0.0004095027595629145,0.2541256406235273,-0.2801957334066578,-0.008191194368129838,0.00029513414521586105,0.03294868054971929,0.0006079696967621071,0.3797926490250051,3,0.3935578604263166,0.938111951040127,0.5445540906138104
tm9335,rui fonte_1990,2122,0.8859162929551145,0.0009906074115366744,0.0024489209522746314,0.01986983658682953,0.03871487951609829,0.05035481191875302,0.001704650659393302,1,2223,0.08474733402314359,0.12739498393461843,0.08567713763543261,0.08070575440031016,0.3299893077256673,0.26745677572773047,0.024028706553097422,5,-0.8011689589319709,0.12640437652308176,0.08322821668315798,0.06083591781348063,0.291274428209569,0.21710196380897745,0.02232405589370412,0.8946797009697495,1,0.49399215110166544,1.6934810883967069,1.1994889372950415
tm95429,osama rashid_1992,2122,0.0016107868522194288,0.007870398890762367,0.07242761543374761,0.7757898510937062,0.0017436266837912997,0.13900378497427102,0.0015539360715019406,4,2223,0.06827821181131147,0.02264530895203858,0.03243364661304768,0.21273424467553226,0.028234509378508334,0.5977610946085794,0.03791298396098229,6,0.06666742495909204,0.014774910061276212,-0.03999396882069993,-0.563055606418174,0.026490882694717034,0.4587573096343084,0.03635904788948035,0.7310636176064418,4,0.7309897081749012,1.2418714621160014,0.5108817539411002
tm99499,rafael martins_1989,2122,0.16855732859454772,0.0017067904280712875,0.0008367796709240427,0.0029132634357997185,0.8114048073593754,0.009535513559866699,0.0050455169514151054,5,2223,0.012785706372706773,0.0012731061549655545,0.0018112162102853306,0.0019688118027732554,0.9666990102249318,0.00881950843032959,0.006642640804007611,5,-0.15577162222184096,-0.00043368427310573306,0.0009744365393612879,-0.0009444516330264631,0.1552942028655564,-0.0007160051295371089,0.001597123852592506,0.21996279229479507,1,0.5745561229551177,0.19569849699619865,-0.37885762595891903
alemao_2002,alemao_2002,2223,4.9531298783787375e-05,0.9925408153538279,0.005080810469632434,0.0012834087114129338,2.2748486823064564e-05,0.0004745637706082091,0.0005481219089113347,2,2324,1.3302608719926254e-05,0.9982309665648419,0.0008067542807669268,0.0008278353494801985,1.8773355688070673e-05,4.594315879286612e-05,5.642468171026738e-05,2,-3.622869006386112e-05,0.005690151211014016,-0.0042740561888655075,-0.0004555733619327352,-3.975131134993891e-06,-0.00042862061181534296,-0.0004916972272010673,0.007144086235930439,2,0.05129676830424705,0.014752997180052635,-0.036543771124194414
carlos ponck_1995,carlos ponck_1995,2223,0.00020909829407127494,0.9627215573919042,0.027285085234002405,0.004360105798214097,0.00012363204510463,0.004077899353619582,0.001222621883083719,2,2324,2.9369387623279228e-05,0.9958147654158723,0.0018492729364454799,0.0020618747861127482,2.3392971668099208e-05,7.091311812399477e-05,0.00015041138415402232,2,-0.0001797289064479957,0.03309320802396809,-0.025435812297556926,-0.0022982310121013485,-0.0001002390734365308,-0.004006986235495587,-0.0010722104989296967,0.04199429865329657,2,0.1920592553653786,0.031122167773258158,-0.16093708759212044
daniel bandeira_2000,daniel bandeira_2000,2223,0.00056313065502601,0.020273342417488655,0.6426883241616138,0.25447051181240254,0.00015299484288651484,0.08063200481752852,0.001219691293053871,3,2324,0.11521039905725543,0.06174307280650335,0.5065886952830986,0.27158892585786476,0.010364587090574551,0.009792449590368273,0.02471187031433513,3,0.11464726840222941,0.0414697303890147,-0.13609962887851523,0.017118414045462216,0.010211592247688037,-0.07083955522716025,0.02349217902128126,0.19698325556236193,3,0.9281855060774642,1.3035314317403657,0.3753459256629015
danny loader_2000,danny loader_2000,2223,0.45044385413304516,0.003368325571898881,0.005944694272825147,0.017266819081679242,0.04756685546467016,0.016556963359472557,0.45885248811640894,7,2324,0.13072521212727908,0.008613626086693395,0.009368878941854078,0.02245735445175497,0.26859125515385923,0.06170576366541144,0.49853790957314775,7,-0.31971864200576605,0.005245300514794514,0.0034241846690289306,0.005190535370075727,0.22102439968918908,0.04514880030593888,0.03968542145673881,0.39137755345524006,1,1.0491974129639021,1.3079155431385754,0.25871813017467327
fabio conceicao_2001,fabio conceicao_2001,2223,0.05999201684361,0.010354540606400125,0.030077925027411835,0.8164585364526281,0.0030993844633513644,0.0767527043193838,0.003264892287214766,4,2324,0.05005475476338065,0.03308406770189798,0.17535345571601338,0.7294678294557368,0.002580747823323579,0.005472889498487139,0.003986255041160499,4,-0.009937262080229346,0.022729527095497852,0.14527553068860155,-0.08699070699689126,-0.0005186366400277854,-0.07127981482089667,0.0007213627539457328,0.1853883073043595,3,0.7206972693343071,0.8639614749337216,0.14326420559941444
goncalo rodrigues_1997,goncalo rodrigues_1997,2223,0.006676801974421641,0.003252405200715426,0.03630781100334927,0.7208178709550468,0.0008233553205320664,0.23040310559092908,0.0017186499550058683,4,2324,0.02217107765533958,0.005628241288737017,0.08694529570595229,0.8823444535753054,0.0004144355104871064,0.0013952717739386278,0.0011012244902398355,4,0.015494275680917938,0.002375836088021591,0.05063748470260302,0.16152658262025865,-0.00040891981004496,-0.22900783381699044,-0.0006174254647660327,0.28521126220915677,6,0.7634390313076923,0.4563123751654901,-0.3071266561422022
hector_1995,hector_1995,2223,0.3022149462194335,0.028406487135501254,0.01588307910057183,0.02850495170084493,0.34603040938692525,0.051167318874249454,0.22779280758247386,5,2324,0.009005234476738977,0.0004867151112226975,0.00021585158922570407,0.001087009781656602,0.8649480247860035,0.12321798298445763,0.001039181270694967,5,-0.29320971174269456,-0.027919772024278557,-0.015667227511346127,-0.02741794191918833,0.5189176153990782,0.07205066411020818,-0.2267536263117789,0.6018433716983894,5,1.4863002862159647,0.44599091793254503,-1.0403093682834197
mihai dobre_1998,mihai dobre_1998,2223,0.9468629734717875,0.0011087264389786546,0.0034526563815603247,0.029140134662825275,0.0018760968984229277,0.013992895876793691,0.0035665162696316985,1,2324,0.1688627119516081,0.040528600695980285,0.09704884852684138,0.40086257541300413,0.12960864137330824,0.12033081608875139,0.042757805950506454,4,-0.7780002615201794,0.03941987425700163,0.09359619214528106,0.37172244075017885,0.1277325444748853,0.1063379202119577,0.03919128968087476,0.8839680479215893,1,0.2734639155687517,1.677493022289244,1.4040291067204922
nonoca_1998,nonoca_1998,2223,0.0045663354542501144,0.02687743532141785,0.2935829013615342,0.14183585510766047,0.002460359887350812,0.5199496487837926,0.010727464083994089,6,2324,0.0006048919083157809,0.02537068090022158,0.7002665950192563,0.269219056664198,0.00030194495019383573,0.0006692435462021352,0.003567587011612392,3,-0.003961443545934334,-0.0015067544211962679,0.40668369365772206,0.1273832015565375,-0.002158414937156976,-0.5192804052375904,-0.007159877072381696,0.6717833490705853,6,1.162128994775871,0.7279222221041015,-0.43420677267176955
ricardo guimaraes_1995,ricardo guimaraes_1995,2223,3.673660512634873e-05,0.0015418824541017047,0.9828508137693712,0.004708520419744637,3.111959881572098e-05,0.010696030438891413,0.0001348967139489272,3,2324,0.0007598477231119659,0.01058167511833771,0.8424395279920517,0.14411506785628153,0.00019377664204684545,0.000400734996811815,0.0015093696713583417,3,0.0007231111179856172,0.009039792664236004,-0.14041128577731954,0.13940654743653688,0.0001626570432311245,-0.010295295442079598,0.0013744729574094146,0.19833752783694328,3,0.10265213405219156,0.4917964626481177,0.3891443285959262
tm102427,sebastian coates_1990,2223,0.0003060284740262845,0.9763280514890192,0.011759479374444508,0.004680975994173299,0.0002484795519315333,0.005618081005462764,0.0010589041109425248,2,2324,0.0033888757954660363,0.9396497018130042,0.009705386543613376,0.03318160410131199,0.0035254027017856127,0.006664465914363622,0.0038845631304550046,2,0.0030828473214397517,-0.03667834967601502,-0.0020540928308311317,0.02850062810713869,0.0032769231498540794,0.0010463849089008574,0.0028256590195124796,0.04672412149126038,2,0.14165231042156345,0.3106268581717901,0.16897454775022663
tm122115,vincent sasso_1991,2223,0.017475865602881734,0.7514771842313469,0.06117877090313801,0.10411173559073464,0.004434988327022093,0.024251702916977206,0.03706975242789971,2,2324,0.0010586717256387264,0.965551034255527,0.006912300563026747,0.02208496299086395,0.0007462202686263751,0.0022003842755603923,0.0014464259207565215,2,-0.016417193877243007,0.2140738500241801,-0.05426647034011126,-0.08202677259987069,-0.003688768058395718,-0.022051318641416812,-0.03562332650714319,0.23721350385025963,2,0.9282647996783842,0.18798835976316255,-0.7402764399152216
tm131740,nermin zolotic_1993,2223,5.5957153802172813e-05,0.994251763372264,0.003585323632034446,0.0011534461203382945,2.4000865958829706e-05,0.0007213428090052725,0.00020816604659707312,2,2324,1.6752270162862023e-05,0.9986967224881398,0.0005675034353330565,0.000641494111002455,1.1419177944968509e-05,2.123186962448351e-05,4.487664779253166e-05,2,-3.920488363931079e-05,0.004444959115875835,-0.0030178201967013896,-0.0005119520093358395,-1.2581688013861197e-05,-0.000700110939380789,-0.00016328939880454148,0.00544231989049749,2,0.041509689462904786,0.011252096104775877,-0.030257593358128908
tm139336,paulo oliveira_1992,2223,0.00012164416752452241,0.9825216633017106,0.01172556043609906,0.002693406402947331,6.890302329863199e-05,0.0016524298309393672,0.001216392837480439,2,2324,0.0005015664859431414,0.9720813088339257,0.015177512121307059,0.008436111172070661,0.00026898111887212574,0.0004881955388963847,0.003046324728984676,2,0.00037992231841861893,-0.010440354467784907,0.003451951685207998,0.0057427047691233305,0.00020007809557349374,-0.0011642342920429826,0.001829931891504237,0.012467375169395048,2,0.10589884942256415,0.15876649973067306,0.0528676503081089
tm139341,josue sa_1992,2223,2.6664295077694918e-05,0.9967484865446602,0.0019115058888455531,0.0008670152456336694,2.481526511066877e-05,0.0003223248902654832,9.918787040694408e-05,2,2324,0.00015643511503357494,0.9850274000360063,0.008804243931325183,0.00482741212572147,9.001273165595448e-05,0.00032241374602726136,0.0007720823142304626,2,0.00012977081995588002,-0.011721086508653888,0.00689273804247963,0.003960396880087801,6.519746654528571e-05,8.885576177814804e-08,0.0006728944438235186,0.01416331674773443,2,0.025374654095851316,0.09260746245557834,0.06723280835972703
tm139395,ricardo esgaio_1993,2223,0.06495218050060295,0.016674021498691575,0.046203063483688134,0.7796113763790815,0.005296326918346791,0.0410116938376256,0.0462513373819635,4,2324,0.036647777663103835,0.11398894188632362,0.6159782814058521,0.1624431231086002,0.008939556596521849,0.021144495845601876,0.04085782349399653,3,-0.02830440283749911,0.09731492038763205,0.569775217922164,-0.6171682532704813,0.003643229678175058,-0.019867197992023727,-0.005393513887966966,0.8462976801526559,4,0.882905621469593,1.2167744370188784,0.3338688155492855
tm139396,bruma_1994,2223,0.913833983850878,0.002340785964954748,0.004199665829023369,0.015420962002070318,0.007680194058644198,0.008482278863556422,0.04804212943087289,1,2324,0.49234394327899655,0.013880476244908591,0.01576315054073842,0.1151973479545865,0.24287851958450754,0.08414537455974158,0.0357911878365207,1,-0.42149004057188144,0.011539690279953843,0.01156348471171505,0.09977638595251619,0.23519832552586334,0.07566309569618516,-0.012250941594352187,0.4989180458812521,1,0.4075360941884671,1.3937910263182829,0.9862549321298157
tm14132,pepe_1983,2223,3.4831883642737146e-05,0.9964354976590386,0.0023406294794350363,0.0007626356372299709,1.3605325723987602e-05,0.0002924064049242396,0.0001203936100058133,2,2324,0.0006633999379267106,0.9838421592926077,0.0056531056455339625,0.00807526917702,0.00029350880675829124,0.00083089445706729,0.0006416626830857095,2,0.0006285680542839735,-0.01259333836643095,0.0033124761660989262,0.007312633539790029,0.00027990348103430366,0.0005384880521430505,0.0005212690730798962,0.014960036496931402,2,0.027186811438082572,0.10205166037959917,0.0748648489415166
tm149729,joao mario_1993,2223,0.8946921482962296,0.0021652493475169954,0.0036439977899011614,0.04087285978994928,0.017520243087052283,0.02195281439374194,0.0191526872956088,1,2324,0.04963773541573593,0.018598709026008135,0.16554096363185933,0.7358137422684757,0.013649098880638188,0.010854198673827153,0.005905552103455453,4,-0.8450544128804937,0.01643345967849114,0.16189696584195817,0.6949408824785265,-0.003871144206414096,-0.011098615719914787,-0.013247135192153345,1.106200091323008,1,0.49443230392306114,0.8846476205354334,0.3902153166123723
tm155025,fabio cardoso_1994,2223,0.0021807054281541872,0.9165380036846381,0.03145677721896093,0.02042323792308736,0.0017720033313925307,0.02089069982716568,0.0067385725866013655,2,2324,0.0005482449396084546,0.9787325461191194,0.006402928014961099,0.01066218357818181,0.0007956671509636148,0.0019186180706660606,0.0009398121264997197,2,-0.0016324604885457326,0.062194542434481304,-0.025053849203999834,-0.00976105434490555,-0.0009763361804289159,-0.018972081756499618,-0.005798760460101646,0.07038957803719696,2,0.4072570711120712,0.13014669253888198,-0.2771103785731892
tm155395,salvador agra_1991,2223,0.32370326826301266,0.013115432132895935,0.034795855283952085,0.53499952443826,0.017928551699819998,0.037543599389020924,0.037913768793038316,4,2324,0.2832542220008336,0.060361128964205396,0.1606225415820618,0.3445821184120926,0.049269995013226486,0.06996698941904429,0.031943004608535865,4,-0.040449046262179045,0.04724569683130946,0.12582668629810972,-0.19041740602616747,0.03134144331340649,0.03242339003002337,-0.0059707641845024514,0.24081733119752743,4,1.1928410992852765,1.63203724977226,0.43919615048698346
tm159142,aderlan santos_1989,2223,0.00010966132407744005,0.9831748569768427,0.011561123652403986,0.0032966461353971456,4.3687276867598553e-05,0.0014167531631141695,0.00039727147129687125,2,2324,9.672267094250734e-05,0.9902558679417237,0.004067851509222537,0.004944397104580813,8.854815878127805e-05,0.0002013895626722591,0.00034522305207675916,2,-1.2938653134932711e-05,0.007081010964881007,-0.007493272143181449,0.0016477509691836677,4.4860881913679496e-05,-0.0012153636004419103,-5.204841922011209e-05,0.010511147203885027,3,0.10092896744444504,0.06452700280725543,-0.036401964637189616
tm167165,pedro tiba_1988,2223,4.5673423993599396e-41,1.1796038631572025e-40,1.8038999447851255e-39,1.4601475543222733e-39,2.4380767592741073e-41,1.0,1.9846679519810012e-41,6,2324,0.006062681715457599,0.006124063955166406,0.4191014520665406,0.5642653064907026,0.00106750819204155,0.001250578213563983,0.002128409366527301,4,0.006062681715457599,0.006124063955166406,0.4191014520665406,0.5642653064907026,0.00106750819204155,-0.998749421786436,0.002128409366527301,1.2213178008179197,6,1.6578612669557127e-10,0.778275463021548,0.7782754628557619
tm172142,hernani fortes_1991,2223,0.04720117120208037,0.0011973258956437087,0.0013003272861782725,0.0058649467910950135,0.8990956716981501,0.006413542177691637,0.03892701494916072,5,2324,0.37878795692731665,0.017694926826558696,0.02664784026332811,0.033252273243780286,0.0407967009789964,0.18025411664251031,0.3225661851175095,1,0.33158678572523625,0.01649760093091499,0.025347512977149836,0.027387326452685275,-0.8582989707191537,0.17384057446481868,0.2836391701683488,0.9372898152845998,5,0.44533261632370746,1.4532138834093973,1.0078812670856898
tm182108,sebastian perez_1993,2223,0.012495255697372745,0.08547229032657569,0.19202829587645204,0.6239894159837658,0.0027274386520464667,0.06318018682234407,0.02010711664144323,4,2324,0.0006939745153434949,0.02809956384295514,0.5772114371162798,0.3906596067070456,0.00018946340967540768,0.0006769092396573527,0.002469045169043321,3,-0.01180128118202925,-0.057372726483620545,0.3851831412398277,-0.2333298092767202,-0.002537975242371059,-0.06250327758268671,-0.01763807147239991,0.45842431567392083,3,1.145283896271162,0.811199842486391,-0.334084053784771
tm182710,joao teixeira_1994,2223,0.05257455453753562,0.007743827093278396,0.03650555384392655,0.5651941240511374,0.007630541717828147,0.3146820791960481,0.015669319560245712,4,2324,0.8492137960290954,0.005978547542146042,0.031195678455272078,0.0771022371092007,0.014494851801781252,0.011272072770477181,0.010742816292027401,1,0.7966392414915597,-0.001765279551132354,-0.005309875388654472,-0.4880918869419367,0.006864310083953105,-0.3034100064255709,-0.004926503268218311,0.982346086124141,1,1.1019960477675605,0.6357944766403515,-0.46620157112720906
tm182936,filipe ferreira_1990,2223,0.015554763048791978,0.5235354245213187,0.1537949535929043,0.2721134518337967,0.0004948194880915525,0.023747128379589283,0.010759459135507462,2,2324,0.0002674014938815054,0.9796740737398507,0.014972608358344635,0.004016151975898207,8.440920952421777e-05,0.00027601033706726834,0.0007093448854336128,2,-0.015287361554910473,0.456138649218532,-0.13882234523455966,-0.2680972998578985,-0.0004104102785673347,-0.023471118042522013,-0.01005011425007385,0.5477180280769471,2,1.1870062106615096,0.11558178442972711,-1.0714244262317825
tm187211,ygor nogueira_1995,2223,0.00040822431040858545,0.9727561526549324,0.008014060887850286,0.012850196797760057,0.0002261744588892636,0.0051046905413542195,0.0006405003488050987,2,2324,3.229568928640424e-05,0.9930591772233436,0.0036382831439945983,0.0029761158983124705,2.018670940553882e-05,7.208126708749801e-05,0.00020186006856998278,2,-0.00037592862112218123,0.020303024568411154,-0.004375777743855688,-0.009874080899447586,-0.0002059877494837248,-0.005032609274266722,-0.00043864028023511594,0.023545033881617525,2,0.15823896117305566,0.047619721907472656,-0.11061923926558301
tm194005,nino galovic_1992,2223,7.945741134655615e-05,0.9928469931501273,0.004398268024460901,0.0015486099954264416,4.875644032119167e-05,0.0007094840462324738,0.00036843093208502027,2,2324,0.0003178060053916253,0.9883650923078405,0.004986889138174363,0.004515077818116721,0.0002016009340925463,0.0006505905964396948,0.000962943199944256,2,0.00023834859404506915,-0.0044819008422867235,0.0005886211137134624,0.0029664678226902796,0.00015284449377135463,-5.889344979277905e-05,0.0005945122678592357,0.005414561962767118,2,0.050306428895130144,0.07812212519474845,0.02781569629961831
tm197880,raphael guzzo_1995,2223,7.287544979436779e-41,1.8448969258361287e-40,6.167975089036884e-39,1.0,5.195792281072874e-42,1.4601475543222733e-39,1.9846679519810012e-41,4,2324,0.07962655792382858,0.018815469870692755,0.0693061640733415,0.7216398603558026,0.016780518351081138,0.09103709156403028,0.0027943378612231267,4,0.07962655792382858,0.018815469870692755,0.0693061640733415,-0.27836013964419737,0.016780518351081138,0.09103709156403028,0.0027943378612231267,0.3123322913038586,4,1.6578612669557127e-10,0.9998477969558495,0.9998477967900633
tm198021,joao nunes_1995,2223,0.004927651376057436,0.8318074641082456,0.04977949573806586,0.0798134132682652,0.001244056262074618,0.01738742723666561,0.01504049201062553,2,2324,2.0196034769302154e-05,0.9988360474342273,0.0004977862320041447,0.0005332182860388276,1.5404166793377382e-05,4.8927785812480754e-05,4.842006035478503e-05,2,-0.004907455341288134,0.1670285833259817,-0.04928170950606171,-0.07928019498222637,-0.0012286520952812406,-0.01733849945085313,-0.014992071950270745,0.19219469327546304,2,0.6723814784129922,0.010323460224572933,-0.6620580181884193
tm211072,paulinho_1992,2223,0.2113044168933071,0.0018745364326627507,0.00236604545071614,0.005313413992436171,0.749058969517516,0.005633934026857776,0.02444868368650394,5,2324,0.013286549286804838,0.002399166438825183,0.002490451346091395,0.004814359874797815,0.0786066149921188,0.020147856517240062,0.8782550015441218,7,-0.19801786760650225,0.0005246300061624324,0.00012440589537525502,-0.0004990541176383562,-0.6704523545253973,0.014513922490382285,0.8538063178576178,0.6992343164452204,5,0.7187123117101673,0.5051098517536994,-0.21360245995646787
tm222813,marko grujic_1996,2223,0.0011687564068440911,0.027986347539590076,0.6840338292100192,0.08954794717550109,0.0008137170943688527,0.18794993607822777,0.008499466495448861,3,2324,0.007275474471672214,0.11294903128704227,0.49391682768718226,0.10775155259805601,0.005319347429369362,0.00480902978470955,0.2679787367419682,3,0.006106718064828123,0.0849626837474522,-0.19011700152283695,0.01820360542255492,0.00450563033500051,-0.18314090629351823,0.25947927024651934,0.27801562441027344,3,0.9442947336188441,1.2770144486393906,0.33271971502054654
tm223367,fredrik aursnes_1995,2223,0.015227427910259786,0.02190929964824259,0.04373645558158806,0.902827647918264,0.0006398979028910307,0.012678198859058432,0.002981072179696351,4,2324,0.011087377747689184,0.4188288566794183,0.37796099460243393,0.18038383580071005,0.0022551267862462388,0.003106757052439826,0.006377051331062408,2,-0.004140050162570602,0.39691955703117576,0.33422453902084587,-0.7224438121175539,0.0016152288833552082,-0.009571441806618605,0.003395979151366057,0.8895434786352024,4,0.45401934890924045,1.1550180492233935,0.700998700314153
tm226155,carlinhos_1994,2223,0.0008041479952211286,0.003802510714444943,0.09266377303073017,0.02598029858452373,0.000287084567283351,0.8758148005551053,0.0006473845526916289,6,2324,0.9744376954915508,0.0007872035876808787,0.0037376624900577016,0.01061157601765967,0.005423919946018515,0.0032684453094799404,0.0017334971575524072,1,0.9736335474963297,-0.0030153071267640646,-0.08892611054067247,-0.01536872256686406,0.005136835378735164,-0.8725463552456254,0.0010861126048607784,1.3105262136968947,1,0.46541196011787556,0.15801194125619017,-0.3074000188616854
tm228433,wendell_1993,2223,0.0025649284144607,0.7426205874804663,0.06784177292434015,0.1609520333926206,0.0006979974669571667,0.018978416894689928,0.00634426342646496,2,2324,0.22278052640376694,0.2958321854096397,0.13852183638798948,0.1679572343540636,0.08468626835939858,0.0356319811260711,0.054589967959070625,2,0.22021559798930623,-0.44678840207082665,0.07068006346364933,0.007005200961442998,0.0839882708924414,0.01665356423138117,0.04824570453260567,0.5103830922783756,2,0.8252347713962123,1.754927412698331,0.9296926413021187
tm230457,bruno gaspar_1993,2223,0.07360996786016565,0.06489219403882097,0.2471332288474445,0.48354162361887826,0.00425318144415977,0.0315683806792737,0.09500142351125712,4,2324,0.02394695918727529,0.019675660198546684,0.7360597365093534,0.21217055386762373,0.0021332171717936732,0.002796546640405234,0.003217326425001817,3,-0.049663008672890356,-0.04521653384027429,0.4889265076619089,-0.2713710697512545,-0.0021199642723660965,-0.028771834038868467,-0.0917840970862553,0.5639456085810577,3,1.4222589714418095,0.7691905525485658,-0.6530684188932436
tm235568,joao pedro_1993,2223,7.587249831152808e-05,0.010690243658742899,0.9518932185830626,0.009285475556121733,6.425655038116217e-05,0.027700547954965776,0.0002903851984141527,3,2324,0.0003750587817338205,0.002783228088779386,0.01761916235071348,0.9787035349019783,6.379970820608516e-05,0.0002500756033887381,0.0002051405652000355,4,0.0002991862834222925,-0.007907015569963514,-0.9342740562323492,0.9694180593458566,-4.5684217507701457e-07,-0.02745047235157704,-8.524463321411723e-05,1.3466460280173564,4,0.2419446038434182,0.11599568896299829,-0.12594891488041993
tm236997,tiago silva_1993,2223,0.0013116614277941634,0.006158551590755985,0.22644753361175732,0.5806657462381644,0.0005829367670402857,0.1820533617516098,0.0027802086128779577,4,2324,0.237610224921414,0.04161158516314601,0.44894432516731736,0.19804705951806156,0.018383882083379214,0.008850569400560917,0.046552353746120864,3,0.23629856349361986,0.035453033572390026,0.22249679155556004,-0.3826186867201028,0.01780094531633893,-0.17320279235104888,0.04377214513324291,0.5322705057683769,4,1.022842293082831,1.412092495243259,0.38925020216042805
tm238055,rafa silva_1993,2223,0.3844134608222468,0.003846671412703528,0.00620246273579924,0.022051391392791827,0.47935006618085646,0.03535508244726227,0.06878086500834002,5,2324,0.2161963929282225,0.003826743526939349,0.0038008088501446163,0.012385092424893983,0.4783283085871144,0.08597685662399134,0.19948579705869368,5,-0.1682170678940243,-1.9927885764178897e-05,-0.0024016538856546235,-0.009666298967897844,-0.0010217575937420675,0.05062177417672906,0.13070493205035366,0.17595395879174416,1,1.1593013234769276,1.3132645044832332,0.15396318100630557
tm238367,cassiano_1989,2223,0.004952854625018226,0.0020527971403935348,0.0018462179455041186,0.0024631074193370824,0.9780364053730091,0.006706634978696014,0.003941982518041781,5,2324,0.007124354840919562,0.001187067829790568,0.0007818013875438295,0.002409789834784652,0.9566842164259711,0.023705262548561177,0.008107507132429104,5,0.0021715002159013357,-0.0008657293106029667,-0.001064416557960289,-5.331758455243054e-05,-0.021352188947037942,0.016998627569865164,0.0041655246143873234,0.027412953833718258,5,0.14251615331197737,0.2334482129287847,0.09093205961680734
tm24202,vasco fernandes_1986,2223,1.2776337357283223e-05,0.9978931668622552,0.001433836178419595,0.0002756657369970854,1.1623500536344211e-05,0.0002725159961790077,0.00010041538825589513,2,2324,0.0006071548529145658,0.8813740037230091,0.03237059439928517,0.08372728172474111,0.00022603259906567996,0.0007999072926316298,0.0008950254083529354,2,0.0005943785155572826,-0.11651916313924604,0.030936758220865574,0.08345161598774403,0.00021440909852933575,0.0005273912964526221,0.0007946100200970402,0.1466241726234569,2,0.017189197332228786,0.44838158061472994,0.43119238328250115
tm249360,ali alipour_1995,2223,0.4029310873513683,0.006329682668317945,0.008069543176679512,0.036049069839232825,0.24697054074041783,0.03409134675059615,0.26555872947338743,1,2324,0.02711789549401432,0.021372850775730055,0.008458571439535724,0.06766590214902125,0.033594263625961816,0.8147924015919821,0.026998114923754826,6,-0.37581319185735396,0.01504316810741211,0.0003890282628562121,0.03161683230978843,-0.213376277114456,0.780701054841386,-0.23856061454963262,0.8930202686247903,6,1.3696624012836027,0.7810297609471604,-0.5886326403364424
tm257707,joao graca_1995,2223,0.005773709254373833,0.012730165175640911,0.291534132983673,0.4525676535830791,0.0014974789689349958,0.2344956186137972,0.0014012414205010885,4,2324,0.003757084009470756,0.06344286101424748,0.7000727150117082,0.21236700477510947,0.001262550972804144,0.003982669993970844,0.01511511422268904,3,-0.0020166252449030767,0.05071269583860657,0.4085385820280352,-0.24020064880796962,-0.00023492799613085186,-0.23051294861982635,0.013713872802187952,0.5294452225324303,3,1.1624997037248572,0.8684044382315962,-0.29409526549326104
tm261927,ricardo horta_1994,2223,0.8677611473733813,0.003067150681866735,0.003892355028858507,0.019690340634038732,0.022215141458493574,0.01977972665965873,0.06359413816370238,1,2324,0.7627006488984364,0.0019313078339348686,0.006442308583195105,0.015345055659415331,0.19253804956998125,0.012927027036823129,0.008115602418214034,1,-0.10506049847494492,-0.0011358428479318666,0.002549953554336598,-0.004345284974623401,0.17032290811148768,-0.006852699622835603,-0.05547853574548835,0.20030285760091926,5,0.5771529430573064,0.7277534504467589,0.15060050738945252
tm264848,ruben lameiras_1994,2223,0.30640050398568697,0.018062502808837172,0.04404854456522104,0.22244285299853533,0.08042079268123321,0.28665357594230934,0.041971227018176786,1,2324,0.13661426402989327,0.045833111345779776,0.3054355806211547,0.42343875104145706,0.01404098288589203,0.05763270850894597,0.017004601566877154,4,-0.1697862399557937,0.027770608536942604,0.26138703605593366,0.20099589804292173,-0.06637980979534118,-0.22902086743336336,-0.024966625451299632,0.4417894798356123,3,1.6007699417404941,1.4330091246439125,-0.16776081709658164
tm268179,moustapha seck_1996,2223,0.0008227374783879145,0.13406987514559254,0.5281939545575329,0.30899295834574003,0.00025749860173685885,0.024894526163789548,0.002768449707220101,3,2324,0.0012526992580819657,0.2165991828844961,0.72213604829809,0.04955261358673472,0.0007756615893637867,0.003958149581707697,0.005725644801525822,3,0.00042996177969405116,0.08252930773890355,0.19394209374055704,-0.2594403447590053,0.0005181629876269279,-0.02093637658208185,0.0029571950943057205,0.33492193131147097,4,1.0856485013802875,0.7806933758317499,-0.30495512554853754
tm271256,jhonder cadiz_1995,2223,0.0400653834348132,0.0006974317254001256,0.0007188012441372206,0.001721257767758435,0.9238846293050216,0.002329565749015253,0.030582930773854065,5,2324,0.020196253460474708,0.001900027785542679,0.0013850238659307546,0.006081222466012211,0.40171628194198744,0.5290893929301432,0.03963179754990909,6,-0.019869129974338495,0.0012025960601425535,0.000666222621793534,0.004359964698253776,-0.5221683473630341,0.526759827181128,0.009048866776055021,0.7419914960615835,6,0.34404341013976364,0.961984841357025,0.6179414312172613
tm27178,ruben fernandes_1986,2223,0.0006697782626830405,0.8919579197667953,0.07300183285315277,0.010436474518842163,0.0007667449556297507,0.014409869997921699,0.008757379644975423,2,2324,2.7041200659233506e-05,0.9981867518078221,0.0008730176035969775,0.0006821802022156454,2.3017618028399992e-05,9.251820995836054e-05,0.00011547335771935472,2,-0.000642737062023807,0.10622883204102684,-0.07212881524955579,-0.009754294316626517,-0.0007437273376013506,-0.014317351787963338,-0.008641906287256067,0.12956940150832102,2,0.45364667427583016,0.015370481096145593,-0.4382761931796846
tm282721,oriol busquets_1999,2223,8.342205036220067e-05,0.011647942264338478,0.9665835930188501,0.016880407187123945,2.1973076186302243e-05,0.0045537847107125435,0.00022887769242645794,3,2324,0.002684146937431748,0.050449487918550875,0.13300032319809804,0.8083852245486078,0.0009547352856814938,0.00282897463321459,0.0016971074784154414,4,0.0026007248870695476,0.0388015456542124,-0.833583269820752,0.7915048173614839,0.0009327622094951916,-0.0017248100774979536,0.0014682297859889835,1.1501552557640773,3,0.18110552979893385,0.6409099750621556,0.4598044452632218
tm288253,jerry st juste_1996,2223,0.0006477255822572294,0.9625117837825641,0.012398126647326433,0.016351146755641355,0.00022916687054183815,0.007039362930431729,0.0008226874312373694,2,2324,0.00017847701876912527,0.9811188687696553,0.0075513320750650184,0.008515780861969423,0.00018418300224537116,0.0008625385063281638,0.0015888197659675455,2,-0.0004692485634881042,0.018607084987091183,-0.004846794572261414,-0.007835365893671932,-4.4983868296466994e-05,-0.006176824424103565,0.0007661323347301761,0.021667564832237123,2,0.20587524592716655,0.1156322573610083,-0.09024298856615826
tm290391,nuno santos_1995,2223,0.5003028603418539,0.011923888354460871,0.0186179307532913,0.19115143081133718,0.038403369007965794,0.08733255438295895,0.15226796634813194,1,2324,0.7167316137517532,0.02014104951066623,0.053885388714969555,0.056658484773370675,0.019580288944711043,0.023028620347908774,0.10997455395662045,1,0.2164287534098993,0.008217161156205358,0.03526745796167825,-0.1344929460379665,-0.01882308006325475,-0.06430393403505018,-0.04229341239151149,0.26595183293320607,1,1.4144423175515022,1.0440294644009098,-0.37041285315059236
tm291399,nanu_1994,2223,0.0012287941067392438,0.9545791762140846,0.017567405742306443,0.02037023138066367,0.0001383604341464011,0.004591248695654037,0.0015247834264055845,2,2324,0.11538546104224273,0.08254217647200666,0.378442598112572,0.3841036213604173,0.015187838631176776,0.014690132780832319,0.009648171600752273,4,0.11415666693550348,-0.8720369997420779,0.3608751923702656,0.36373338997975363,0.015049478197030374,0.010098884085178282,0.008123388174346689,1.0180086597044236,2,0.23876236996431818,1.360698620697408,1.12193625073309
tm291939,samu_1996,2223,0.005678303918476133,0.0027663720424498457,0.06324260135307623,0.7395207597540883,0.0010345536077906077,0.18490896784076122,0.0028484414833578418,4,2324,0.0915444387600617,0.021881448971867782,0.3747694518914332,0.48634782239137503,0.0048792435122065785,0.01114067913112816,0.009436915341927457,4,0.08586613484158556,0.019115076929417937,0.31152685053835694,-0.25317293736271324,0.003844689904415971,-0.17376828870963307,0.006588473858569616,0.4461996121685882,3,0.7793211766244427,1.140977790241669,0.36165661361722623
tm291941,carraca_1993,2223,0.007031398260233521,0.459488070896236,0.1983763392036953,0.2252373045908309,0.002203361150735947,0.0628942446498198,0.04476928124844858,2,2324,0.023621215093366985,0.28700949498770917,0.3937529834049898,0.2673174898309065,0.002751488474747239,0.011510260422436087,0.014037067785844194,3,0.016589816833133465,-0.17247857590852683,0.19537664420129452,0.04208018524007556,0.000548127324011292,-0.05138398422738371,-0.030732213462604387,0.2694577342327216,3,1.3753328169062378,1.2938919558305741,-0.08144086107566362
tm291968,neto_1991,2223,0.0005262719117821183,0.00296520571656083,0.14509530224313888,0.833638833667531,9.949024720290182e-05,0.017082745579907414,0.0005921506338768419,4,2324,0.00020731032891679437,0.014385840084316048,0.26010082160977166,0.7242212017280306,0.00013177304079759795,0.0004216812714079012,0.0005313719367593672,4,-0.0003189615828653239,0.011420634367755218,0.11500551936663278,-0.10941763193950038,3.228279359469613e-05,-0.016661064308499514,-6.077869711747469e-05,0.16002066240320634,3,0.5278436596857894,0.6551870192467575,0.1273433595609681
tm295327,saviour godwin_1996,2223,0.0073064935225353594,0.001071029785850183,0.001660165302069604,0.003755507959861742,0.9613144084736943,0.020863896326756007,0.004028498629232581,5,2324,0.38461004353146144,0.06694151001311331,0.10832187348911168,0.10169819565193933,0.09588380304876767,0.1282019794807335,0.11434259478487294,1,0.37730355000892607,0.06587048022726313,0.10666170818704207,0.09794268769207759,-0.8654306054249267,0.1073380831539775,0.11031409615564036,0.9634095577591907,5,0.21574451396934438,1.7578429509795814,1.542098437010237
tm295414,adrian marin_1997,2223,0.0003724069573066371,0.9500072488331487,0.02697712023592923,0.01328175804183467,0.00013838793012150896,0.006667594300001057,0.0025554837016580883,2,2324,0.0001526643669505998,0.9865660597526592,0.010263791742268762,0.002273883569763459,5.101881969481528e-05,0.0001584738274224092,0.0005341079212408184,2,-0.00021974259035603731,0.03655881091951052,-0.01671332849366047,-0.011007874472071211,-8.736911042669368e-05,-0.006509120472578647,-0.00202137578041727,0.042183881697544355,2,0.2564120254436595,0.08143885334076326,-0.17497317210289623
tm299400,pedro sa_1993,2223,0.0006124070298812158,0.03780718425975352,0.843497894278861,0.04409878471663558,0.0006377117878660877,0.07093258340130863,0.002413434525694048,3,2324,0.0012937530382388163,0.016239420310936264,0.6673268138496818,0.3129366322339557,0.0002681322949400175,0.0009946998242018903,0.0009405484480453148,3,0.0006813460083576005,-0.021567763948817254,-0.17617108042917917,0.2688378475173201,-0.0003695794929260702,-0.06993788357710674,-0.0014728860776487334,0.3296469545736949,4,0.6164934863947276,0.7246243404640773,0.10813085406934975
tm302371,toni martinez_1997,2223,0.21460470622026798,0.0034517145335041105,0.004983213178608015,0.008929765245833075,0.5015197368736457,0.013646421302564191,0.2528644426455769,5,2324,0.012483092243564892,0.004128445392181773,0.0024840096191754766,0.0071033462539998905,0.4977204421960549,0.24033127165919038,0.23574939263583267,5,-0.20212161397670309,0.0006767308586776623,-0.0024992035594325382,-0.0018264189918331848,-0.0037992946775908254,0.2266848503566262,-0.017115050009744226,0.3037493088835279,6,1.170758427465986,1.1579947156049615,-0.01276371186102443
tm306668,amine oudrhiri_1992,2223,0.0009302074716113932,0.07377772157187094,0.793143344672706,0.07753146740416189,0.0002898075883491137,0.05248037697388631,0.0018470743174142318,3,2324,0.00017428145952835355,0.011445284306421385,0.6209032396122511,0.36694128177558244,6.39285776446924e-05,0.00017210577132696804,0.0002998784972450241,3,-0.0007559260120830397,-0.062332437265449556,-0.17224010506045484,0.28940981437142055,-0.00022587901070442127,-0.05230827120255934,-0.0015471958201692076,0.3464777119279847,4,0.7495376021776032,0.7210009242616578,-0.028536677915945385
tm307058,mehdi taremi_1992,2223,0.307437127203343,0.004728884867898197,0.004425098149097031,0.010987952223409182,0.41960772989870126,0.011713120373769887,0.24110008728378157,5,2324,0.38500195773531143,0.011601158417030554,0.012712878986406828,0.0715067315783076,0.26237108491013267,0.188915692191238,0.06789049618157286,1,0.07756483053196844,0.0068722735491323576,0.008287780837309796,0.06051877935489842,-0.1572366449885686,0.1772025718174681,-0.1732095911022087,0.25674667481972835,6,1.2209544743576481,1.5118015513574963,0.29084707699984813
tm308371,mikel villanueva_1993,2223,0.0001550113444761645,0.9836560324622663,0.010108779357900326,0.0032828304511428345,0.00010512071042307873,0.0018534793352393095,0.0008387463385519727,2,2324,9.134346787324042e-05,0.9945003942011115,0.002338088172793778,0.0024755062181409213,5.91282038295901e-05,0.00022547752588874314,0.00031006221036231275,2,-6.366787660292409e-05,0.010844361738845176,-0.007770691185106548,-0.0008073242330019132,-4.599250659348863e-05,-0.0016280018093505664,-0.00052868412818966,0.01346447749579747,2,0.10135134076622751,0.04032940736134306,-0.06102193340488445
tm314367,marcus edwards_1998,2223,0.7522486588434919,0.007626268955913595,0.007732965780352624,0.04610645441761539,0.09283103497063883,0.048081049974430363,0.04537356705755728,1,2324,0.8827718506458119,0.00035065338076474523,0.0005557946797839844,0.001129186905135881,0.10338729813325315,0.009542684333421373,0.0022625319218289234,1,0.13052319180231997,-0.00727561557514885,-0.00717717110056864,-0.04497726751247951,0.010556263162614321,-0.03853836564100899,-0.04311103513572836,0.14408450602475273,1,0.9377125750635716,0.417477981087639,-0.5202345939759326
tm314942,bruno lourenco_1998,2223,0.031361989179809036,0.010215321143660814,0.07412001554065879,0.46587771735034533,0.010001784074058578,0.40396458525419116,0.00445858745727622,4,2324,0.2857504051935916,0.012340552789647663,0.14469083269356595,0.5057271720584007,0.014796002428224798,0.03332775164451504,0.003367283192054217,4,0.25438841601378254,0.002125231645986849,0.07057081715290715,0.03984945470805534,0.00479421835416622,-0.37063683360967614,-0.0010913042652220032,0.4568159903544785,6,1.1404806086286143,1.2315433501341175,0.0910627415055032
tm314944,ricardo mangas_1998,2223,0.1378438027404118,0.014802298976177212,0.02682187422904753,0.10140469947292315,0.5869126930128613,0.11141162571022847,0.020803005858350487,5,2324,0.08203678482352252,0.02295108514000295,0.38434140702326974,0.4973312750194661,0.0018942695607089292,0.0039004575728833336,0.007544720860146473,4,-0.05580701791688929,0.008148786163825738,0.3575195327942222,0.395926575546543,-0.5850184234521524,-0.10751116813734514,-0.013258284998204015,0.8009769675657531,5,1.302463983814517,1.077048259923132,-0.22541572389138498
tm329722,andre horta_1996,2223,0.02916468564803983,0.009364959862291806,0.07576453864497334,0.6285413144736768,0.0010828075677760268,0.24897983671756535,0.007101857085676813,4,2324,0.8675301819584038,0.003406973847878958,0.02332792226569701,0.05347746265866473,0.030750738631030772,0.012171488755003705,0.009335231883321082,1,0.838365496310364,-0.005957986014412849,-0.05243661637927634,-0.5750638518150121,0.029667931063254747,-0.23680834796256164,0.002233374797644269,1.0456092076875703,1,1.0228870165431478,0.591277421743438,-0.43160959479970984
tm332612,emmanuel boateng_1996,2223,0.00096791140428758,9.362203660979747e-05,8.397587349591572e-05,0.00010217756274398601,0.997616498890571,0.00045926140983321145,0.0006765528224587026,5,2324,0.039216876730938224,0.0012621066520884636,0.0010659036575023549,0.004228462790982973,0.5503673962573636,0.3854461565688952,0.018413097342229127,5,0.03824896532665065,0.001168484615478666,0.000981927784006439,0.004126285228238987,-0.4472491026332074,0.384986895159062,0.017736544519770425,0.5913789042291224,5,0.020161437447352902,0.9355252812649582,0.9153638438176053
tm340376,abel ruiz_2000,2223,0.8973795728265564,0.0023256752614368285,0.002348286277061539,0.006646258604555196,0.06392235013890415,0.006624427967317875,0.020753428924167924,1,2324,0.010516042571920245,0.0004781935049855363,0.00017791109885841367,0.0008711090215437711,0.7207641871644098,0.26650131052962084,0.0006912461086613096,5,-0.8868635302546362,-0.0018474817564512922,-0.002170375178203125,-0.005775149583011425,0.6568418370255057,0.25987688256230296,-0.020062182815506615,1.13381902891203,1,0.44825344445586035,0.6526833436601849,0.20442989920432453
tm340491,joca_1996,2223,0.04928449454161626,0.04159433074014552,0.1683916048171343,0.28277861823023326,0.0051155381242738145,0.4319162402898652,0.020919173256731528,6,2324,0.09134883784511627,0.005729960694774153,0.005622747112069965,0.012032921124893995,0.8382037928579189,0.038944727552069715,0.008117012813157094,5,0.042064343303500014,-0.035864370045371366,-0.16276885770506433,-0.27074569710533924,0.8330882547336451,-0.39297151273779546,-0.012802160443574434,0.9753539078480978,5,1.4082604069571574,0.6439114173483012,-0.7643489896088562
tm344395,jorge fernandes_1997,2223,7.407489960436103e-05,0.9960701190195217,0.0020290827084783352,0.0005955038642064016,6.019862145250098e-05,0.0008224991222303509,0.00034852176450629894,2,2324,3.1733016644508624e-06,0.9992502059671053,0.0004275145403255153,0.00029593158402347176,2.4029951368996856e-06,7.934253071780948e-06,1.2837358672561467e-05,2,-7.090159793991017e-05,0.003180086947583649,-0.00160156816815282,-0.0002995722801829298,-5.7795626315601295e-05,-0.00081456486915857,-0.0003356844058337375,0.003666006061037711,2,0.03083177814485271,0.006779563401921117,-0.024052214742931594
tm344399,leonardo ruiz_1996,2223,0.01160177079775341,0.0021447110787296006,0.0018009382963845742,0.002246039814461184,0.9522363636607245,0.010366751604301163,0.019603424747645717,5,2324,0.005738481341612244,0.0013211996001699896,0.0009704878963132592,0.007351393273665035,0.006934828926886461,0.9769560953270833,0.0007275136342695616,6,-0.0058632894561411655,-0.0008235114785596111,-0.000830450400071315,0.005105353459203852,-0.945301534733838,0.9665893437227822,-0.018875911113376154,1.3520176631926082,6,0.2610150122665159,0.14372933770299975,-0.11728567456351616
tm344474,ilija vukotic_1999,2223,0.0001517146762306345,0.008452091571785034,0.671041465096318,0.29902293993234647,4.158403451049456e-05,0.020917653965011666,0.00037255072379761443,3,2324,0.0003646541982263541,0.021424979918545677,0.3742902591797878,0.6019147488829723,0.00037083095372374966,0.0009525937404406837,0.0006819331263036403,4,0.00021293952199571961,0.012972888346760643,-0.2967512059165302,0.3028918089506258,0.0003292469192132551,-0.019965060224570983,0.0003093824025060259,0.42470198887090155,4,0.7546173386855587,0.7731345353944507,0.01851719670889196
tm344519,bruno costa_1997,2223,0.23726076562805568,0.023440869083435945,0.10174622972372392,0.42458032315490335,0.0032808774723794743,0.14594686119188524,0.06374407374561637,4,2324,0.008344129873157047,0.04568889644586594,0.8505710370346956,0.08109046350926252,0.0009305389009406893,0.0026286297451626472,0.010746304490915626,3,-0.22891663575489862,0.022248027362429996,0.7488248073109717,-0.3434898596456408,-0.0023503385714387847,-0.1433182314467226,-0.05299776925470075,0.8672758016496096,3,1.5006604625922804,0.5931327842391886,-0.9075276783530918
tm344869,simon banza_1996,2223,0.06824495306708347,0.004902429762630955,0.005838586408344808,0.010995551392469962,0.5860923958761525,0.017629436670964962,0.3062966468223534,5,2324,0.050674939199637926,0.0031472482478104645,0.002662810478002345,0.006960166280829381,0.556984155818527,0.055859460066279634,0.32371121990891316,5,-0.01757001386744555,-0.0017551815148204902,-0.0031757759303424633,-0.004035385111640581,-0.029108240057625467,0.03823002339531467,0.017414573086559748,0.051448812068597354,6,1.0356450960295525,1.071844508385523,0.03619941235597057
tm345061,murilo costa_1994,2223,0.2984350931992852,0.017405494750860992,0.032031293747299634,0.18875847022013167,0.0866381291322138,0.33391952893036664,0.04281199001984209,6,2324,0.9126459585480077,0.005959441136621793,0.018642202377608573,0.025369295421505574,0.012685841545963795,0.01789994148250358,0.006797319487788994,1,0.6142108653487225,-0.011446053614239199,-0.013389091369691061,-0.1633891747986261,-0.07395228758625001,-0.31601958744786307,-0.036014670532053095,0.713861758294143,1,1.5693907115966095,0.4427431243810205,-1.126647587215589
tm356099,cristian borja_1993,2223,0.0002762796100077205,0.9700733179325636,0.013215397311803039,0.01161056893649301,9.974937257249276e-05,0.0030305829549397826,0.0016941038816201892,2,2324,0.011357283807122488,0.8614060477337753,0.08430380977517428,0.028692397649134258,0.002744434308077592,0.0042281102208173525,0.0072679165058988655,2,0.011081004197114767,-0.1086672701987883,0.07108841246337125,0.01708182871264125,0.002644684935505099,0.0011975272658775698,0.0055738126242786765,0.1314729780417404,2,0.16995049981615573,0.5648578321849294,0.3949073323687736
tm357149,paulo estrela moreira_1999,2223,0.00048036553092695313,0.007180666155416453,0.18604562918221695,0.7948034116032634,0.00011470835600556044,0.010143136981833395,0.0012320821903374403,4,2324,0.022707756482087487,0.07675261090589415,0.7052087187253196,0.16937003700327552,0.003688759394369938,0.004727983232860737,0.01754413425619264,3,0.022227390951160535,0.0695719447504777,0.5191630895431028,-0.6254333745999878,0.0035740510383643776,-0.005415153748972658,0.0163120520658552,0.8161333406639368,4,0.5903977329167243,0.9469467625924373,0.356549029675713
tm357162,florentino luis_1999,2223,0.0011573275398001166,0.02880132365120897,0.8254888764225607,0.12742485294399827,0.0003161731259712748,0.008033592746555837,0.008777853569904893,3,2324,0.0013761571707707337,0.1520764785391918,0.5809302633382242,0.22969781482405302,0.0011210910091154584,0.003910230164727644,0.030887964953917192,3,0.00021882963097061715,0.12327515488798282,-0.24455861308433657,0.10227296188005475,0.0008049178831441837,-0.0041233625818281935,0.0221101113840123,0.2923749915370614,3,0.6137003766353258,1.0855886121195484,0.47188823548422254
tm358177,andre pereira_1995,2223,0.2579466845790137,0.017511103444604614,0.03126235847090746,0.03115921225390441,0.42489588321868216,0.11219295677230266,0.1250318012605851,5,2324,0.10266196094679444,0.044901200353285306,0.027588522905352506,0.22585899871556617,0.0937972350605211,0.41528595369480764,0.08990612832367299,6,-0.15528472363221926,0.027390096908680692,-0.0036738355655549573,0.19469978646166175,-0.33109864815816104,0.30309299692250496,-0.035125672936912114,0.5140785409971985,5,1.5058280101463315,1.611641528324132,0.1058135181778006
tm361504,rafa mujica_1998,2223,0.20082789188175007,0.026932849858309092,0.02361882932251087,0.032249084078066474,0.4374680336015251,0.07807710715780618,0.20082620410003243,5,2324,0.024957341862111616,0.003709566058242837,0.0030300124789499395,0.008450710912980339,0.5619329632782132,0.10737357008343286,0.29054583532606953,5,-0.17587055001963844,-0.023223283800066254,-0.02058881684356093,-0.023798373165086137,0.1244649296766881,0.029296462925626682,0.0897196312260371,0.22092947897092974,1,1.5021259691810154,1.0933737480309083,-0.4087522211501071
tm367652,rodrigo abascal_1994,2223,0.000483167416601764,0.9315321685314898,0.04756553880150152,0.014691127815221366,0.00017182246605100925,0.003450506490289168,0.002105668478845372,2,2324,4.599618700662776e-05,0.9949874832437966,0.0029932702432087697,0.0016236336526189933,5.2679458143059156e-05,0.00013609366105396593,0.00016084355417185433,2,-0.00043717122959513623,0.06345531471230681,-0.04457226855829275,-0.013067494162602373,-0.00011914300790795009,-0.0033144128292352023,-0.0019448249246735176,0.07870968262865147,2,0.31065822162695944,0.03641856463477236,-0.2742396569921871
tm373187,maracas_1994,2223,1.8598658246400919e-06,0.9996378874194928,0.00023514747381564392,6.907914752482097e-05,1.389059297427602e-06,4.515647159415718e-05,9.4805624504542e-06,2,2324,0.0025353121331193103,0.9073702508340242,0.02920272648169782,0.040886871887651895,0.003947089188934481,0.00470011240204148,0.01135763707253082,2,0.00253345226729467,-0.09226763658546855,0.028967579007882174,0.040817792740127076,0.003945700129637054,0.004654955930447323,0.011348156510080367,0.10517692305558309,2,0.0035933074447980664,0.43515370861199126,0.4315604011671932
tm375376,pedro alvaro_2000,2223,2.9589120585023138e-05,0.9956351330832675,0.0022810641209770363,0.0011740011517288472,4.069474163483798e-05,0.000694878098505692,0.00014463968330111562,2,2324,0.00014193645495150825,0.9883622761997365,0.006740655113317188,0.003530639679496821,0.00014074454095698084,0.0005097849487364439,0.0005739630628045715,2,0.0001123473343664851,-0.007272856883530965,0.004459590992340152,0.0023566385277679737,0.00010004979932214285,-0.0001850931497692481,0.00042932337950345585,0.008853984164082333,2,0.033204433045019036,0.07585945324078804,0.042655020195769
tm375380,benny_2000,2223,0.20390696470864092,0.022082162169892696,0.07460479034361503,0.4592999470548183,0.008066193086349385,0.21400523262835916,0.018034710008324625,4,2324,0.28925161452252784,0.06771981904900523,0.2627508954967055,0.2980853224120464,0.014718217112628553,0.04700162595612524,0.02047250545096137,4,0.08534464981388692,0.04563765687911253,0.18814610515309046,-0.16121462464277192,0.0066520240262791675,-0.1670036066722339,0.0024377954426367462,0.31414975907270504,3,1.4006701788830433,1.538519469197544,0.13784929031450055
tm375383,romario baro_2000,2223,0.012754992472266833,0.0442403668685077,0.6728179471996512,0.17293305510892712,0.004056783232184589,0.08703657544373132,0.0061602796747312945,3,2324,0.0016239347938889104,0.009406627129139105,0.06547061620491308,0.921793221701203,0.0001853106740542473,0.0006982476231207844,0.0008220418736807758,4,-0.011131057678377923,-0.0348337397393686,-0.607347330994738,0.7488601665922759,-0.0038714725581303414,-0.08633832782061053,-0.0053382378010505185,0.9687460526861207,4,1.029867315600392,0.3203796489277688,-0.7094876666726231
tm377641,al musrati_1996,2223,0.0013384619255163046,0.009660962465018479,0.2352073044156667,0.7345147290475971,0.0003084728911286861,0.017463052603477823,0.0015070166515948628,4,2324,0.006071393620018679,0.018099101026837996,0.23417694467079384,0.7310471563009261,0.0019326587021895182,0.005488398506728606,0.0031843471725052394,4,0.004732931694502375,0.008438138561819518,-0.0010303597448728663,-0.003467572746670977,0.001624185811060832,-0.011974654096749218,0.0016773305209103766,0.015897133296800547,6,0.7036932260833993,0.7315242424629005,0.02783101637950114
tm379249,matheus reis_1995,2223,0.004530746030389682,0.3832571821214954,0.09325810445727933,0.38159483029107755,0.0007730016460437568,0.13356682640075884,0.00301930905295567,2,2324,0.025402199976436314,0.5030173638285729,0.3527503277587665,0.10101632143682478,0.002424174114454679,0.003468839861711826,0.011920773023232934,2,0.02087145394604663,0.11976018170707747,0.2594922233014872,-0.2805785088542528,0.0016511724684109223,-0.13009798653904703,0.008901463970277263,0.4216240562031459,4,1.2728346864366873,1.1251290937634806,-0.1477055926732067
tm383014,goncalo costa_2000,2223,0.0061738854092846015,0.5081558479577466,0.18206883673842786,0.10259042230993702,0.005966209901582362,0.040544969877574735,0.15449982780544685,2,2324,0.05807029468993523,0.14447906212284148,0.5908407843945315,0.10986878777239215,0.008086436776655825,0.012603988671318242,0.07605064557232567,3,0.051896409280650625,-0.36367678583490515,0.4087719476561036,0.007278365462455125,0.0021202268750734636,-0.027940981206256495,-0.07844918223312118,0.5503514472031229,3,1.368199551635691,1.2883504850897454,-0.0798490665459457
tm383654,joao correia_1996,2223,0.014697425799659495,0.14910339706320547,0.25586916367255236,0.40004047382923513,0.004897294463798477,0.13679434843044172,0.038597896741107265,4,2324,0.20071567319963673,0.10403388019150633,0.2864761691661321,0.23070973591189695,0.0229989873693404,0.12219917856455802,0.03286637559692949,3,0.18601824739997724,-0.04506951687169913,0.030607005493579753,-0.1693307379173382,0.018101692905541922,-0.014595169865883703,-0.005731521144177777,0.25842683215018974,1,1.4848605966910189,1.710119871408121,0.22525927471710205
tm387110,petar musa_1998,2223,0.041794372265193176,0.004107363313915896,0.005988839581969003,0.009115682778059988,0.07291469945956165,0.009570000791529266,0.8565090418097709,7,2324,0.04567174368039566,0.007708320724211013,0.007731434232089954,0.021654095610854948,0.2721146289358594,0.09114467883726389,0.5539750979793251,7,0.003877371415202481,0.0036009574102951166,0.001742594650120951,0.01253841283279496,0.19919992947629778,0.08157467804573462,-0.30253394383044585,0.21569258062684885,5,0.5968217503060151,1.1987272475884942,0.6019054972824791
tm38780,vitor gomes_1987,2223,0.0007307839129107674,0.01005726573950167,0.8632708935791191,0.11060469514500028,0.00010254225611784246,0.0148601032814978,0.00037371608585254085,3,2324,0.0005159329392367603,0.024845151341210993,0.15657176708954754,0.8152860488278846,0.00031428222495927515,0.0008605588102679424,0.0016062587668928226,4,-0.00021485097367400713,0.014787885601709324,-0.7066991264895716,0.7046813536828843,0.00021173996884143269,-0.013999544471229858,0.0012325426810402818,0.9982055025946273,3,0.4884263291149022,0.5714698656041197,0.08304353648921753
tm392655,bogdan milovanov_1998,2223,0.00020179754453938066,0.9722548900987362,0.017926560466735433,0.005484525648517084,0.00010464435430526962,0.002379193513085893,0.001648388374080454,2,2324,0.0004772854936215242,0.903678106718828,0.07532106221691756,0.014434478714540015,0.0002833057794740663,0.0010433823295137503,0.004762378747105167,2,0.00027548794908214354,-0.06857678337990825,0.057394501750182125,0.00894995306602293,0.0001786614251687967,-0.0013358111835721428,0.003113990373024713,0.08988268973947998,2,0.155610739349591,0.3860734910632366,0.23046275171364558
tm394328,rafik guitane_1999,2223,0.015533558775544564,0.01722298954792539,0.17136211970161647,0.6899807595500376,0.0015645108813781491,0.10060629644392337,0.0037297650995744267,4,2324,0.45079295515183526,0.018351349922763563,0.06687353391551774,0.26818126551662963,0.07984033665129081,0.10040706401118951,0.015553494830773373,1,0.4352593963762907,0.0011283603748381728,-0.10448858578609872,-0.42179949403340794,0.07827582576991265,-0.00019923243273385627,0.011823729731198947,0.6200095464191905,1,0.9549776334323948,1.4637375599769236,0.5087599265445287
tm401931,jo_1995,2223,0.03918788221909848,0.00641820611887521,0.006845709814003305,0.008180129868729777,0.8450628011728254,0.025876865700686202,0.06842840510578169,5,2324,0.20983943747233927,0.007040536997908502,0.0063754609936101676,0.024077404322591915,0.08859342299363011,0.4961032808807483,0.1679704563391717,6,0.17065155525324077,0.0006223308790332923,-0.00047024882039313747,0.01589727445386214,-0.7564693781791952,0.4702264151800621,0.09954205123339002,0.9070469043720936,5,0.6531306733477533,1.346624745248604,0.6934940719008507
tm402112,morlaye sylla_1998,2223,0.010524940037636227,0.006770543890225778,0.17273771445831754,0.6603345418614294,0.0009651254006643511,0.1472296549331296,0.0014374794185971344,4,2324,0.020722340677102397,0.02094810232983564,0.2222113765067824,0.7194134836398524,0.005865625901357771,0.00642426617018503,0.004414804774884626,4,0.01019740063946617,0.014177558439609862,0.04947366204846487,0.05907894177842299,0.004900500500693419,-0.14080538876294457,0.002977325356287491,0.16153367188018602,6,0.9572855489356722,0.818970295949833,-0.13831525298583924
tm409884,miguel nobrega_2000,2223,0.0034238068187266027,0.9000371193393053,0.03587701930583283,0.04095155778259487,0.0006690047844673079,0.01655865908753118,0.002482832881541947,2,2324,2.027995301138088e-06,0.9995071704061665,0.00026001454101898865,0.00021435718376892755,1.5557876905561386e-06,7.189595490466035e-06,7.68449056319201e-06,2,-0.003421778823425465,0.09947005106686124,-0.03561700476481384,-0.04073720059882594,-0.0006674489967767518,-0.016551469492040713,-0.002475148390978755,0.1144923001826561,2,0.4521575307095241,0.004672960767084424,-0.4474845699424397
tm410183,joao othavio basso_1997,2223,3.9564904552313e-05,0.9949826249937471,0.0033417739070551993,0.0010829203783190404,1.7096558209535853e-05,0.0003933726947215775,0.0001426465633951785,2,2324,7.076405422851546e-06,0.9986818900186345,0.0005941539011995415,0.0006552493694837438,5.8443993089591775e-06,2.5080820195256836e-05,3.0705085754947805e-05,2,-3.2488499129461454e-05,0.003699265024887377,-0.002747620005855658,-0.00042767100883529655,-1.1252158900576675e-05,-0.00036829187452632064,-0.0001119414776402307,0.004642596356698391,2,0.03638759712435491,0.011273232081359174,-0.025114365042995735
tm410281,renato pantalon_1997,2223,0.0012679340982129589,0.9410812801379708,0.018704970402611796,0.02731355955031451,0.0006145595791111783,0.006116230335437766,0.004901465896340981,2,2324,0.0001699030910828959,0.9894365332194249,0.0037259584361793536,0.004818928607195895,0.00033238324351425765,0.0008015265508485814,0.000714766851754115,2,-0.001098031007130063,0.048355253081454164,-0.014979011966432441,-0.022494630943118616,-0.0002821763355969206,-0.005314703784589185,-0.004186699044586867,0.05566094764935318,2,0.3001556475007657,0.07208307454343889,-0.2280725729573268
tm412669,francisco trincao_1999,2223,0.6731007138213577,0.0068264785100386775,0.0060619029791125064,0.029240035302165398,0.1875159132987931,0.026133596764188038,0.07112135932434455,1,2324,0.45852501076286406,0.004279318959157163,0.009296674761685794,0.021374083285153857,0.4320701926303164,0.03006314155849415,0.044391578042328676,1,-0.21457570305849366,-0.0025471595508815142,0.0032347717825732874,-0.00786595201701154,0.24455427933152327,0.0039295447943061106,-0.02672978128201587,0.32549008306873944,5,1.0318556938802055,1.1127569332012086,0.08090123932100313
tm413118,sikou niakate_1999,2223,0.004514452076243025,0.8447177468247081,0.04729808642506603,0.0577443046471893,0.0035303968266336173,0.020224265106367975,0.021970748093792118,2,2324,0.00012844399343136324,0.9935307489718431,0.0022120062782633536,0.003427809805349698,5.704610445333752e-05,0.00031213501907042553,0.0003318098275885223,2,-0.004386008082811662,0.148813002147135,-0.045086080146802675,-0.0543164948418396,-0.00347335072218028,-0.01991213008729755,-0.021638938266203597,0.16600042168532564,2,0.6586311394694117,0.046313828918065174,-0.6123173105513465
tm415525,kanya fujimoto_1999,2223,0.0048754062932232995,0.022595162182248586,0.6217474991515367,0.20353905148397392,0.0007993176395200732,0.14255371779865592,0.003889845450841535,3,2324,0.35073662825251156,0.03715484589280606,0.054958351763541795,0.46202468662304474,0.04406708764341743,0.030983472369502198,0.020074927455176104,4,0.34586122195928826,0.01455968371055747,-0.5667891473879949,0.25848563513907086,0.04326777000389735,-0.11157024542915372,0.01618508200433457,0.7226456600583818,3,1.0360580895989673,1.3296861020659134,0.29362801246694614
tm415642,joao queiros_1998,2223,0.00016135258938683398,0.9922974047489872,0.003860860773522225,0.0016556825683831844,7.815631114942329e-05,0.0012994954707226333,0.0006470475378484749,2,2324,0.011727775348983517,0.8512247653013337,0.02462029550854494,0.09135986130813806,0.005935529266199176,0.007317725048264411,0.007814048218536105,2,0.011566422759596682,-0.14107263944765347,0.020759434735022713,0.08970417873975488,0.005857372955049752,0.006018229577541778,0.007167000680687629,0.16906683132789663,2,0.05526488415343599,0.6033986861231906,0.5481338019697546
tm425028,jose luis rodriguez_1998,2223,0.45349874321923817,0.004028942717661059,0.006552268714748644,0.032317010095727135,0.3624080731533024,0.04425207809586921,0.0969428840034534,1,2324,0.9242149424402664,0.004064422469785153,0.01815421120767142,0.03168035148022791,0.006222782416664639,0.005666780566166928,0.00999650941921758,1,0.4707161992210282,3.5479752124094495e-05,0.011601942492922778,-0.0006366586154992263,-0.3561852907366378,-0.03858529752970228,-0.08694637458423582,0.5916633657700163,1,1.2567273343438057,0.3843175402185562,-0.8724097941252495
tm426620,pedro goncalves_1998,2223,0.9573947125204244,0.0009147327265943907,0.0015997978905865477,0.011468508762462385,0.004578469379480584,0.004415478202790509,0.019628300517661235,1,2324,0.746133517931276,0.003162118307247361,0.005547352358539798,0.010378932415040412,0.152934833493207,0.020345754964961455,0.061497490529728076,1,-0.21126119458914838,0.0022473855806529703,0.00394755446795325,-0.0010895763474219732,0.1483563641137264,0.015930276762170945,0.04186919001206684,0.2586822335121614,1,0.23538666603771088,0.850852976217215,0.6154663101795042
tm429309,jordan holsgrove_1999,2223,0.0007099528655346163,0.0005889905043830739,0.04877834484804674,0.5167569246898249,0.00011199434736282986,0.4329216831540754,0.00013210959077248613,4,2324,0.05044407496015827,0.013894645168889302,0.7180181004341563,0.20466427529343909,0.004015857294772653,0.0029124568830557755,0.006050589965528829,3,0.049734122094623655,0.013305654664506228,0.6692397555861095,-0.3120926493963858,0.003903862947409823,-0.4300092262710196,0.0059184803747563425,0.8560708910101418,3,0.8626553655518109,0.8426817687830028,-0.019973596768808055
tm445517,heriberto tavares_1997,2223,0.049667637122609846,0.06345281624577825,0.09874035654910063,0.17528068324316665,0.015844650584690787,0.282792185616852,0.3142216706378019,7,2324,0.06610599399259444,0.003110280314129058,0.01181553883602739,0.06032575188099471,0.015316456650370805,0.8392461332496457,0.004079845076237796,6,0.016438356869984593,-0.0603425359316492,-0.08692481771307324,-0.11495493136217194,-0.0005281939343199822,0.5564539476327937,-0.31014182556156406,0.5782069493037352,6,1.644542743618949,0.6528981289649963,-0.9916446146539527
tm448264,afonso freitas_2000,2223,0.0020717667453836732,0.13286325862669474,0.05965000058317762,0.7863896177774189,0.00023296180454877134,0.01788142758013037,0.0009109668826460076,4,2324,0.0021369503597352324,0.029202487457597383,0.62665530953564,0.3301265393138904,0.0009286209519770001,0.007574884592731792,0.0033752077884281664,3,6.518361435155912e-05,-0.10366077116909736,0.5670053089524624,-0.4562630784635285,0.0006956591474282288,-0.010306542987398578,0.002464240905782159,0.7352028874042656,3,0.718399705371354,0.8377512688871932,0.1193515635158392
tm448470,andre franco_1998,2223,0.06430785511239036,0.020929468776299476,0.03439589216125118,0.4558516458972129,0.006640066264135914,0.4053212507492019,0.012553821039508258,4,2324,0.09026248454095988,0.037643005785998704,0.5022328990162671,0.3402410202560683,0.005797286229929147,0.006211341430415798,0.017611962740360986,3,0.02595462942856952,0.016713537009699228,0.46783700685501595,-0.1156106256411446,-0.0008427800342067663,-0.3991099093187861,0.005058141700852729,0.6264820004173957,3,1.1857010797148282,1.1857943796459356,9.329993110740453e-05
tm448920,enea mihaj_1998,2223,0.0003583804079913677,0.9345117356531102,0.045311992405303265,0.00588865403916798,0.00040449040157204425,0.009486188862829847,0.004038558230025246,2,2324,3.348632671276873e-05,0.997995254476096,0.0009986051789376879,0.0007698541515119261,2.115324696552157e-05,6.898641513864151e-05,0.00011266020463702125,2,-0.000324894081278599,0.06348351882298586,-0.044313387226365575,-0.005118799887656054,-0.00038333715460652266,-0.009417202447691205,-0.003925898025388224,0.07815991151089567,2,0.30618524629856847,0.01667952391683603,-0.28950572238173244
tm450173,gaius makouta_1997,2223,0.005770059311237819,0.00970269566127547,0.19346937369406497,0.6470740788167285,0.000598042386067723,0.14159526562655395,0.0017904845040715293,4,2324,0.004221328159717896,0.009152257230910867,0.17505855681974644,0.8100389871616718,0.00037772249451909406,0.000556219201405743,0.0005949289320282946,4,-0.0015487311515199227,-0.0005504384303646019,-0.01841081687431853,0.16296490834494326,-0.00022031989154862888,-0.1410390464251482,-0.0011955555720432347,0.21631292665458177,4,0.9667398632561772,0.553319436649894,-0.4134204266062832
tm452607,alexander bah_1997,2223,0.01325605242227877,0.4385589271091702,0.1459050409957084,0.31698121115030947,0.002708871826663825,0.0336104473199738,0.04897944917589539,2,2324,0.03750343814589716,0.39396206129432776,0.3777071401350432,0.10344372813340126,0.0174418898492663,0.009118447841718733,0.060823294600345315,2,0.02424738572361839,-0.04459686581484246,0.2318020991393348,-0.21353748301690822,0.014733018022602476,-0.024491999478255068,0.011843845424449925,0.3205061712854099,3,1.3416082753084537,1.3762923896652597,0.03468411435680596
tm454121,galeno_1997,2223,0.4364854456932785,0.011897456046163952,0.021086073115558258,0.3154986815993388,0.05271137130472358,0.09155410638542145,0.0707668658555156,1,2324,0.9006273486791874,0.002800771590087858,0.007624404363702913,0.020234213364516532,0.03939626094476757,0.011447741355621847,0.01786925970211593,1,0.46414190298590885,-0.009096684456076094,-0.013461668751855345,-0.2952644682348223,-0.013315110359956008,-0.0801063650297996,-0.05289760615339967,0.5562976724607399,1,1.4213348501471441,0.4773260649921027,-0.9440087851550414
tm454576,robert bozenik_1999,2223,0.0005938348681997007,4.5236410975750866e-05,6.163320773356354e-05,7.929286884827651e-05,0.9982342855194194,0.00023193011254994165,0.000753787012273499,5,2324,0.047219990176098466,0.002812337343068892,0.0024774243504702793,0.009213522679810585,0.2868696981175432,0.5906466377660401,0.060760389566968546,6,0.046626155307898765,0.002767100932093141,0.0024157911427367157,0.009134229810962308,-0.7113645874018761,0.5904147076534901,0.060006602554695046,0.9256889480978192,5,0.015335501839966997,1.0581273017863317,1.0427917999463647
tm461629,gustavo assuncao_2000,2223,0.003513635488901613,0.03475582179776948,0.2388738320570944,0.6768249600340859,0.0008970909061796224,0.0381944967290133,0.006940162986955794,4,2324,6.425920360365298e-05,0.004026422666585243,0.9647996419201427,0.030636807368679925,4.015056964828012e-05,0.00010136356573589105,0.0003313547056041549,3,-0.00344937628529796,-0.030729399131184238,0.7259258098630483,-0.646188152665406,-0.0008569403365313422,-0.038093133163277414,-0.006608808281351639,0.9731060709805017,3,0.9083301667180547,0.16817871826314068,-0.740151448454914
tm461937,nuno goncalo moreira_1999,2223,0.09214871355944838,0.018527281122344984,0.051491048623676476,0.24361915695100783,0.1791411491360106,0.3941484994491642,0.020924151158347403,6,2324,0.8600294434052594,0.0037450469225275614,0.02956420456815093,0.057113039936611314,0.018173960913599532,0.028475710196895248,0.0028985940569560124,1,0.767880729845811,-0.014782234199817423,-0.021926844055525547,-0.1865061170143965,-0.16096718822241107,-0.3656727892522689,-0.01802555710139139,0.8858621068621573,1,1.5462995466514162,0.609319085105286,-0.9369804615461302
tm461939,tomas costa silva_1999,2223,0.028284583464686937,0.22576910637830377,0.09179082084918223,0.5496136695350854,0.004831647617926933,0.030030923884214362,0.06967924827060032,4,2324,0.010769132495255343,0.09462503959854,0.8078620108699277,0.07415166462605768,0.0009306811579616467,0.0011067703974498638,0.01055470085480794,3,-0.017515450969431592,-0.13114406677976376,0.7160711900207455,-0.4754620049090277,-0.0039009664599652864,-0.028924153486764498,-0.05912454741579238,0.8701605879136817,3,1.3016850521146015,0.6992557681523028,-0.6024292839622987
tm469822,david neres_1997,2223,0.9686881249777761,0.0006467668385311677,0.0010343363470258402,0.00893566969641576,0.005039634682066657,0.0060119481072340815,0.009643519350950305,1,2324,0.6508255047211021,0.004359513760204519,0.0070927400303007855,0.0128155259302807,0.1710218026398031,0.033207062745240566,0.12067785017306812,1,-0.317862620256674,0.003712746921673351,0.006058403683274946,0.003879856233864939,0.16598216795773643,0.027195114638006484,0.11103433082211782,0.3597107751039055,1,0.1869989093649919,1.0644496612924308,0.8774507519274389
tm471582,zaydou youssouf_1999,2223,0.0008659361650021439,0.0148518893195849,0.6265210197921651,0.18454949515901442,0.0005438381513054232,0.17058082063564067,0.0020870007772873112,3,2324,0.0009959232192103455,0.00575607022293767,0.30836094280838794,0.6834120558802521,0.00024720045903645944,0.0005114469147864827,0.0007163604953890147,4,0.00012998705420820165,-0.00909581909664723,-0.3181600769837772,0.4988625607212377,-0.00029663769226896376,-0.17006937372085418,-0.0013706402818982966,0.6157078201298655,4,0.992079231624617,0.6706145463762458,-0.32146468524837113
tm478365,moura_1999,2223,0.0017612413034357145,0.8702400956359331,0.03925696446769279,0.06966343502688961,0.0008139024497012903,0.014094820651983513,0.0041695404643638,2,2324,0.008429111085849835,0.9084178010292082,0.057033714778739454,0.01400414732129965,0.0017264197052418585,0.0025896827054842386,0.007799123374176766,2,0.006667869782414121,0.03817770539327514,0.01777675031104666,-0.05565928770558996,0.0009125172555405681,-0.011505137946499275,0.0036295829098129655,0.0710574958956162,4,0.5335190579661813,0.41490125153690854,-0.11861780642927272
tm479638,tiago gouveia_2001,2223,0.8309354792797984,0.0032549361765043766,0.007281904949773087,0.07575217823395722,0.01051829898232405,0.06867801074203143,0.0035791916356114387,1,2324,0.12869861338155866,0.013109901632279418,0.025750877100428688,0.0739872355151158,0.3319154710272857,0.11791779265820641,0.3086201086851251,5,-0.7022368658982397,0.009854965455775041,0.0184689721506556,-0.0017649427188414224,0.32139717204496165,0.04923978191617498,0.3050409170495137,0.7741438189687176,1,0.6558507761369969,1.5885438031960109,0.9326930270590139
tm479648,felix correia_2001,2223,1.0,4.547966923828322e-42,9.045824362041338e-42,7.287544979436779e-41,3.636499533270601e-41,4.5673423993599396e-41,1.9846679519810012e-41,1,2324,0.782161183908834,0.005679679915034679,0.016079980572797654,0.034869658764012525,0.06584993602080605,0.08419088235387502,0.0111686784646401,1,-0.21783881609116595,0.005679679915034679,0.016079980572797654,0.034869658764012525,0.06584993602080605,0.08419088235387502,0.0111686784646401,0.24573316052772887,1,1.6578612669557127e-10,0.8426624873609575,0.8426624871951713
tm481627,sandro cruz_2001,2223,0.006420610147163431,0.650608676595787,0.11226891020748561,0.18869051681161217,0.0010843353895895178,0.023800498284428505,0.017126452563933574,2,2324,0.001244202838915382,0.3380726110815542,0.5525302890048926,0.10632089607860604,0.0003428155295435765,0.0004674161753550791,0.001021769291132926,3,-0.005176407308248049,-0.31253606551423285,0.440261378797407,-0.08236962073300613,-0.0007415198600459413,-0.023333082109073425,-0.016104683272800648,0.5466858385695047,3,1.0382858028157194,0.954399490206352,-0.08388631260936741
tm481628,tiago araujo_2001,2223,0.018601793242039314,0.10865963440202979,0.09813259869707815,0.5466710956185371,0.004334297669257856,0.1968047658155997,0.02679581455545806,4,2324,0.04949199789600569,0.31103419421006984,0.3029489644440177,0.3147176348412022,0.002901319087068132,0.009519704730202845,0.009386184791433588,4,0.030890204653966375,0.20237455980804003,0.20481636574693957,-0.23195346077733492,-0.0014329785821897236,-0.18728506108539686,-0.01740962976402447,0.4156194971110072,4,1.313726272602287,1.3427089225024906,0.028982649900203716
tm482145,abass issah_1998,2223,0.040453027764488565,0.001658995705426464,0.0023781515391538286,0.004786949954284028,0.8978875345395441,0.041220613057442755,0.011614727439660329,5,2324,0.24596417859411024,0.011485883001497128,0.028708352039970117,0.03668581843639216,0.10112123065258322,0.1102861343098003,0.4657484029656468,7,0.20551115082962168,0.009826887296070664,0.02633020050081629,0.031898868482108135,-0.7967663038869608,0.06906552125235754,0.45413367552598644,0.8268305795830521,5,0.4602225516169506,1.4502169697432494,0.9899944181262988
tm483573,martin agirregabiria_1996,2223,0.010668951291332452,0.703395422541587,0.08942543512076337,0.14992997405157577,0.0008532262154439553,0.014222002323165036,0.031504988456132185,2,2324,0.00027143999025634014,0.9852239249163952,0.009557788753583136,0.0040328308425186575,7.928456329900726e-05,0.0002879466506391429,0.0005467842833083595,2,-0.010397511301076112,0.28182850237480817,-0.07986764636718023,-0.1458971432090571,-0.0007739416521449481,-0.013934055672525893,-0.030958204172823824,0.327711744095396,2,0.9717777758795881,0.09078039352677562,-0.8809973823528126
tm490760,duplexe tchamba_1998,2223,8.753157509584589e-05,0.9897112561254722,0.006017548420331914,0.001820079225244255,3.8232634884688444e-05,0.0020238862567927246,0.0003014657621781535,2,2324,7.091270730733675e-05,0.9945060671837053,0.002058862199404322,0.0030480030800993096,6.186882966617566e-05,0.0001360817341189353,0.00011820426569855706,2,-1.6618867788509138e-05,0.004794811058233095,-0.0039586862209275925,0.0012279238548550547,2.3636194781487213e-05,-0.0018878045226737893,-0.00018326149647959641,0.006613157146593176,2,0.06869078180247631,0.039429426464361095,-0.02926135533811522
tm495601,victor gomez_2000,2223,0.006037313493230895,0.8080310432902804,0.0562431730296735,0.09067841197807268,0.0010758108229433707,0.02080420069375054,0.017130046692048623,2,2324,0.004369383591621008,0.8933316314397814,0.08062419040129738,0.016939999244164786,0.0005263564001307302,0.0007913708841426891,0.003417068038861902,2,-0.0016679299016098869,0.08530058814950103,0.024381017371623882,-0.0737384127339079,-0.0005494544228126406,-0.020012829809607852,-0.01371297865318672,0.11709643507191042,2,0.7402104118536329,0.42562671599797797,-0.31458369585565493
tm498237,david carmo_1999,2223,6.5582554470644256e-06,0.9978029574781323,0.0015621668043044128,0.0002520283312893304,9.565244875003166e-06,0.00032100114275248807,4.572274319954585e-05,2,2324,0.000844889125188745,0.9417925409743261,0.014670365840132371,0.03152439980040578,0.0008311541421216628,0.004580235286385555,0.005756414831439969,2,0.0008383308697416806,-0.056010416503806226,0.013108199035827958,0.03127237146911645,0.0008215888972466596,0.004259234143633067,0.005710692088240423,0.06562371323423163,2,0.017605028762301033,0.2936277357534074,0.27602270699110637
tm503212,abdul aziz yakubu_1998,2223,0.38793048074730335,0.00801330310748663,0.0067693296249504865,0.02797087213170782,0.3840157327509242,0.018001675384531898,0.16729860625309578,1,2324,0.04301745289300265,0.009677350231105364,0.005572284112023977,0.01698446495648,0.32473725985061014,0.46600155080578193,0.13400963715099595,6,-0.3449130278543007,0.0016640471236187334,-0.0011970455129265093,-0.010986407175227818,-0.05927847290031407,0.44799987542125,-0.03328896910209983,0.5686015526041764,6,1.2788499743379145,1.2687679926144508,-0.01008198172346364
tm504075,rafael brito_2002,2223,0.0006490651323614186,0.34850493686460765,0.5560622258073459,0.03591868211785634,0.000573156246363468,0.053298225140117964,0.0049937086913473235,3,2324,0.008206187377779544,0.1466177628110514,0.5278815818681882,0.16898359311550168,0.004705243647659948,0.003967979591225151,0.139637651588594,3,0.007557122245418125,-0.20188717405355625,-0.028180643939157646,0.13306491099764534,0.00413208740129648,-0.049330245548892815,0.13464394289724668,0.2485286857644525,2,1.0049519585250801,1.280670214388833,0.275718255863753
tm504087,tomas araujo_2002,2223,0.0004443654748856897,0.9526852331534139,0.028761013436732954,0.014433647815140229,0.00012701383763419054,0.00242601368329347,0.001122712598899786,2,2324,0.0037307744131563508,0.8286547572752554,0.05488917042115951,0.07643989071993051,0.007653284244971912,0.013748743336965484,0.014883379588560817,2,0.003286408938270661,-0.12403047587815852,0.026128156984426557,0.06200624290479029,0.0075262704073377215,0.011322729653672014,0.013760666989661031,0.14179796588772778,2,0.23621832035071058,0.6913166584864688,0.4550983381357583
tm504503,joao mendes_1994,2223,0.002952990647923412,0.0013076244641152836,0.008074395883249156,0.05330526005547162,0.0007298640457797772,0.9331531406099657,0.0004767242934950238,6,2324,0.7291814933858426,0.005304240568438957,0.020289884558355627,0.04807917515933585,0.13642473493021806,0.03842363328058638,0.02229683811722246,1,0.7262285027379192,0.0039966161043236735,0.01221548867510647,-0.005226084896135769,0.1356948708844383,-0.8947295073293793,0.021820113823727436,1.1604112764560575,6,0.2945490045121671,0.9648710719771701,0.670322067465003
tm512913,stephen eustaquio_1996,2223,0.010451206956788708,0.0023865295716998585,0.024979023660729512,0.9415013705148059,0.00024872565478630324,0.01881280139487637,0.0016203422463134222,4,2324,0.0012969825693243033,0.003060228424686732,0.7591512854805517,0.23523677633800485,0.00034683647223326155,0.00040899254030296383,0.0004988981748961293,3,-0.009154224387464405,0.0006736988529868733,0.7341722618198222,-0.706264594176801,9.811081744695832e-05,-0.01840380885457341,-0.001121444071417293,1.01894138718266,3,0.2982192558362542,0.5856988496985488,0.2874795938622946
tm514304,nelson_1998,2223,0.17493472230876725,0.016501008869123004,0.06020154555072088,0.36597581249893424,0.021671763251453598,0.34951652293961644,0.011198624581384495,4,2324,0.03981448514325241,0.11656156396095718,0.38040023522472083,0.23189272556595633,0.04522364674374009,0.11006533993528979,0.07604200342608347,3,-0.13512023716551486,0.10006055509183417,0.32019868967399995,-0.1340830869329779,0.023551883492286492,-0.23945118300432666,0.06484337884469897,0.45460601459459354,3,1.410498877970468,1.6642658414507456,0.2537669634802777
tm520662,pepe_1997,2223,0.13174627075851975,0.06249782177416685,0.08661923782847557,0.6249470017012125,0.004090082831991738,0.06806575679134508,0.022033828314288455,4,2324,0.760590593647004,0.008964823167096675,0.02045849686114021,0.17951579843474955,0.011884915542340257,0.010260543900907765,0.008324828446761487,1,0.6288443228884842,-0.05353299860707018,-0.06616074096733536,-0.445431203266463,0.007794832710348519,-0.057805212890437316,-0.013708999867526968,0.7774955735642409,1,1.2354545956258054,0.7778257026787263,-0.4576288929470791
tm524315,hidemasa morita_1995,2223,0.03008750878451054,0.017114186355048147,0.10348773122218076,0.7638226309425719,0.004136025436430155,0.07006665101028493,0.01128526624897353,4,2324,0.0008869601905916196,0.013156623559098744,0.1356191968470064,0.8487580825200267,0.00035173303334667624,0.0005782714664984978,0.0006491323834312614,4,-0.02920054859391892,-0.003957562795949403,0.03213146562482565,0.08493545157745486,-0.003784292403083479,-0.06948837954378644,-0.010636133865542269,0.11814293089283245,4,0.8751275408628576,0.4852198853060924,-0.3899076555567652
tm525602,alejandro marques_2000,2223,0.0876256199980127,0.11660521134417715,0.08510289849179394,0.07122902009810525,0.16783996408529261,0.34268847631995203,0.12890880966266632,6,2324,0.009060714278747176,0.0016212710170709925,0.0007544534455577875,0.0026741784959562207,0.870467851105547,0.10300584476257903,0.012415686894541839,5,-0.07856490571926553,-0.11498394032710615,-0.08434844504623615,-0.06855484160214903,0.7026278870202545,-0.23968263155737302,-0.11649312276812449,0.7631132870822347,5,1.7924188968505286,0.48367629685054436,-1.3087425999999842
tm526111,alex mendez_2000,2223,0.0023394377736068966,0.0010236771428517647,0.016127256400837307,0.915581662354791,0.00013599198232458563,0.06441321881777541,0.000378755527813196,4,2324,0.5208528930436894,0.038334171372969225,0.09755605920157852,0.14695888376004065,0.021088085502040683,0.06098543156962132,0.11422447555006017,1,0.5185134552700825,0.03731049423011746,0.08142880280074122,-0.7686227785947504,0.020952093519716098,-0.003427787248154089,0.11384572002224698,0.9317245526035953,4,0.34937477186177573,1.4734069033302915,1.1240321314685158
tm530032,quaresma_1996,2223,0.0017912783019458395,0.8829989601432895,0.04258414303002647,0.05830177944456401,0.0004585774026851489,0.010264191670353433,0.0036010700071358193,2,2324,0.12318288032962478,0.08720011453912961,0.4097664906604189,0.1188553566037737,0.010851885382763679,0.03426432818058646,0.21587894430370289,3,0.12139160202767894,-0.7957988456041599,0.3671823476303925,0.0605535771592097,0.01039330798007853,0.024000136510233028,0.21227787429656705,0.8872459429206657,2,0.49209766166903446,1.5850427486118017,1.0929450869427673
tm53286,mauricio_1988,2223,0.019920570524891875,0.07892348398320416,0.3475824909438146,0.34866807806066125,0.009705515444888832,0.15285939823618896,0.04234046280635034,4,2324,0.0004499141083437882,0.05546755742656037,0.6161175141548783,0.3225032548576726,0.0003700795952308433,0.0012985959527394813,0.0037930839045746526,3,-0.019470656416548087,-0.02345592655664379,0.26853502321106365,-0.02616482320298863,-0.00933543584965799,-0.15156080228344948,-0.03854737890177569,0.3110992940645125,3,1.4790681721854164,0.85993201767132,-0.6191361545140964
tm537602,joao mario lopes_2000,2223,0.03980417219433432,0.46593346353999787,0.09332938818487087,0.2935439396564729,0.0026155347581130295,0.0788867538579813,0.025886747808229683,2,2324,0.021946121794286746,0.5894524399307346,0.1714495910463763,0.18966937906672804,0.003937968870429558,0.013029484876315622,0.01051501441512907,2,-0.017858050400047572,0.12351897639073672,0.07812020286150544,-0.10387456058974487,0.0013224341123165288,-0.06585726898166568,-0.015371733393100613,0.19185272120886437,2,1.375801608995649,1.1392985528355315,-0.23650305616011758
tm539154,leandro sanca_2000,2223,0.1285298055512208,0.014034881775492686,0.02602924608932922,0.0699552059262952,0.3685272920287211,0.20886471021087202,0.18405885841806896,5,2324,0.937363357534417,0.0025199325885981905,0.008864529720802101,0.014066832331236645,0.008185624748306265,0.02394050890950222,0.0050592141671374794,1,0.8088335519831962,-0.011514949186894496,-0.01716471636852712,-0.055888373595058556,-0.36034166728041483,-0.1849242013013698,-0.17899964425093148,0.9065348995295338,1,1.611104135021703,0.333013033509883,-1.2780911015118201
tm539183,anderson jesus_1995,2223,0.008920219095731796,0.7832262005987359,0.053540647414934125,0.08765145274152558,0.004565100355780782,0.028703216009748397,0.03339316378354336,2,2324,0.00011850767429156117,0.9858927896223493,0.00548221548554427,0.007413180582150208,7.940756111643349e-05,0.000481244094422088,0.0005326549801261519,2,-0.008801711421440235,0.20266658902361334,-0.048058431929389855,-0.08023827215937537,-0.0044856927946643485,-0.02822197191532631,-0.032860508803417204,0.22520126724262426,2,0.8436122875597778,0.0884192085269452,-0.7551930790328326
tm539252,costinha_2000,2223,0.009889921469759677,0.00695411068297684,0.031229573707416837,0.9233380918665848,0.0012496047278362328,0.018276091288284644,0.00906260625714078,4,2324,0.02377306103499405,0.01782539964612658,0.8393451256891346,0.09561632471775257,0.003523324971006295,0.004722141288426222,0.015194622652559614,3,0.013883139565234374,0.01087128896314974,0.8081155519817177,-0.8277217671488322,0.002273720243170062,-0.013553949999858421,0.006132016395418834,1.1570107497421762,4,0.3862285995616327,0.6409330870053398,0.2547044874437071
tm544784,zaidu sanusi_1997,2223,0.0015440711740925858,0.8975090704346118,0.04043469904734222,0.03193351547283372,0.0012969371784517054,0.018877745848778472,0.008403960843889401,2,2324,0.041229658659763295,0.5523528382187176,0.13884508741830176,0.07479279048835927,0.057867927302537495,0.05442768343156967,0.08048401448075099,2,0.039685587485670706,-0.3451562322158942,0.09841038837095954,0.04285927501552555,0.05657099012408579,0.0355499375827912,0.07208005363686158,0.3697206614073582,2,0.4704692202196529,1.4535272336524065,0.9830580134327537
tm54716,steven vitoria_1987,2223,0.0011841334970351626,0.9279771062477374,0.021337766077018493,0.024830181562533818,0.0010184362631524397,0.020891052727714923,0.0027613236248075984,2,2324,0.0007306156687088859,0.9786913689752512,0.0030101110352362174,0.014195063394903631,0.0006329030943095979,0.0020007138238601575,0.0007392240077303578,2,-0.00045351782832627667,0.05071426272751378,-0.018327655041782277,-0.010635118167630186,-0.0003855331688428418,-0.018890338903854765,-0.0020220996170772407,0.05812180606203402,2,0.35530329571046687,0.1266543926363109,-0.22864890307415597
tm54781,nicolas otamendi_1988,2223,0.0008082748809827772,0.8955168858610855,0.06534729690001151,0.0216839770920005,0.00034612998908521074,0.012089650060040999,0.004207785216793626,2,2324,0.00012762861596599684,0.9891385615107589,0.004297381876178687,0.005734093884097119,8.51461050748937e-05,0.00019775503333415353,0.00041943297459021053,2,-0.0006806462650167804,0.09362167564967339,-0.06104991502383282,-0.01594988320790338,-0.00026098388401031705,-0.011891895026706845,-0.0037883522422034153,0.11352734300364659,2,0.4450836464600551,0.0707080165865404,-0.3743756298735147
tm549006,goncalo inacio_2001,2223,0.0004612686964356283,0.9526879565186863,0.02936127200045499,0.01333011925488221,0.0001426009602871291,0.002697517238270464,0.0013192653309833167,2,2324,4.583896092498999e-42,1.0,4.272932152752568e-40,4.460611549683737e-40,3.741828079569927e-42,1.3473231713031152e-41,1.7188839340898305e-41,2,-0.0004612686964356283,0.04731204348131368,-0.02936127200045499,-0.01333011925488221,-0.0001426009602871291,-0.002697517238270464,-0.0013192653309833167,0.05732116131331214,2,0.2368301029590573,1.6578612669557127e-10,-0.23683010279327116
tm550179,joao carlos_1995,2223,0.07310168010083531,0.001718668379381817,0.002587896042880915,0.005006914458406471,0.8927696820583042,0.014445350401303686,0.010369808558887585,5,2324,0.026385705554874073,0.010687296880846327,0.00740882252046745,0.025400869085109273,0.10255435590783846,0.054283387502262484,0.7732795625486019,7,-0.04671597454596124,0.00896862850146451,0.004820926477586535,0.020393954626702803,-0.7902153261504657,0.0398380371009588,0.7629097539897143,0.7929245261533653,5,0.4539580529157156,0.8645858496483178,0.41062779673260213
tm550631,masaki watai_1999,2223,0.16591072411526028,0.02741059841971645,0.07212405544294302,0.5719437187220908,0.03991204083768974,0.07794946054436873,0.04474940191793089,4,2324,0.008083689655166726,0.4575617018963093,0.35790158751885864,0.10605438403231716,0.006438537830171065,0.04898634041778505,0.014973758649392137,2,-0.15782703446009355,0.43015110347659286,0.2857775320759156,-0.46588933468977367,-0.033473503007518675,-0.028963120126583676,-0.029775643268538755,0.7145770443953124,4,1.3722964207669872,1.2455463927492911,-0.12675002801769608
tm553062,vitor carvalho_1997,2223,0.0005166546579127446,0.00911706373153282,0.4867677096266812,0.2651542680930153,0.00026391028426630154,0.23736213705194179,0.0008182565546499829,3,2324,0.0002298247654238663,0.01901896273032212,0.848926209446732,0.13027848985054546,0.0001971635872028659,0.00041806012108856435,0.0009312894986851693,3,-0.0002868298924888783,0.009901898998789299,0.3621584998200508,-0.13487577824246982,-6.674669706343563e-05,-0.23694407693085323,0.00011303294403518639,0.4534213101204296,3,1.0985308376705816,0.4932764707545867,-0.6052543669159949
tm560903,patrick_1997,2223,0.0008081598059173743,0.9385147015451962,0.026282964209601713,0.021577924776067865,0.0004061607270976647,0.01029829459967787,0.0021117943364412865,2,2324,0.0016783761927873632,0.8795559259796404,0.044115106892789864,0.0550842334922674,0.0013402588484085882,0.008398426941542591,0.009827671652563728,2,0.0008702163868699889,-0.05895877556555584,0.01783214268318815,0.03350630871619953,0.0009340981213109235,-0.0018998676581352784,0.007715877316122442,0.07015721321166539,2,0.3070273226554487,0.5154063262109312,0.2083790035554825
tm565232,andre silva_1997,2223,0.07794959475318684,0.00286350364465738,0.003947341384897212,0.006259083421653029,0.881341240255542,0.02119351902059916,0.006445717519464696,5,2324,0.01934199146550954,0.0013595644006956635,0.0006264791958156341,0.002224205355142358,0.7366880576980476,0.23111155245555437,0.008648149429234874,5,-0.05860760328767731,-0.0015039392439617164,-0.003320862189081578,-0.004034878066510671,-0.14465318255749438,0.20991803343495521,0.002202431909770178,0.26163819550722434,6,0.49479355652205553,0.7082462376690388,0.2134526811469833
tm567497,filipe relvas_1999,2223,0.0007337438700100766,0.8992230958871047,0.07255352754573183,0.014655120621380555,0.00032679683303867886,0.008394369918713927,0.004113345324020023,2,2324,0.001544245319687588,0.9464617164667587,0.026580677346146355,0.016748666358978724,0.0015883800938413081,0.001410022332455445,0.005666292082131761,2,0.0008105014496775113,0.047238620579654,-0.04597285019958547,0.0020935457375981688,0.0012615832608026292,-0.006984347586258481,0.0015529467581117387,0.06633553180330277,2,0.41838846673207014,0.2757967119222269,-0.14259175480984326
tm567587,habib sylla_1999,2223,0.00037282164627636404,0.9786120852011344,0.008091850722233621,0.007126140266843382,0.00011988081029299005,0.0045988282840783105,0.001078393069140805,2,2324,0.014959249842723303,0.6623033384877145,0.20721821789871728,0.09834256104950172,0.0017395523213993935,0.006495955331206145,0.008941125068737652,2,0.014586428196446939,-0.3163087467134199,0.19912636717648366,0.09121642078265833,0.0016196715111064036,0.0018971270471278348,0.007862731999596848,0.3850220189639602,2,0.13151087776932513,0.9759455408883049,0.8444346631189797
tm57723,ivan marcano_1987,2223,0.005711108650322862,0.8753799984961794,0.04286490504479037,0.03190573188676644,0.004294029767056778,0.023324155380513658,0.016520070774370628,2,2324,0.04595786189758289,0.27195964411554024,0.03392500168460235,0.112948455692702,0.3216820394616558,0.06516761271009912,0.1483593844378176,5,0.04024675324726003,-0.6034203543806391,-0.008939903360188017,0.08104272380593555,0.317388009694599,0.04184345732958546,0.13183931366344698,0.6891079696252019,2,0.5697843285570308,1.6826755974939487,1.112891268936918
tm581121,tiago esgaio_1995,2223,0.0009625781477018202,0.9194254899569269,0.043734896014386376,0.025390818331948294,0.000267670493988296,0.007604628565013798,0.0026139184900343367,2,2324,0.00023254284933508658,0.9797013648702616,0.014731686987273956,0.004244491986297552,0.0002118426507747623,0.00022040300451891745,0.0006576676515381622,2,-0.0007300352983667336,0.06027587491333475,-0.02900320902711242,-0.021146326345650744,-5.5827843213533684e-05,-0.007384225560494881,-0.0019562508384961745,0.07054500126705165,2,0.36891589265613056,0.1158219139271482,-0.25309397872898237
tm58267,andre castro_1988,2223,0.01340133391308832,0.01970920690686826,0.17005786826682118,0.7270996208246687,0.0022562086478111545,0.058331302411223016,0.009144459029519257,4,2324,0.01360950990000345,0.025312952066917214,0.2856647968326332,0.6517922079698396,0.0057035564060142485,0.005535998583700963,0.012380978240891344,4,0.0002081759869151309,0.0056037451600489535,0.115606928565812,-0.07530741285482911,0.003447347758203094,-0.05279530382752205,0.0032365192113720867,0.14787441284135364,3,0.8906157850157881,0.9010557624099028,0.01043997739411473
tm585264,pedrao_1997,2223,2.0941779552108044e-05,0.9969910661902228,0.0015037400371437602,0.0009316964520867883,1.1671606827449847e-05,0.0004903562574451856,5.0527676721921385e-05,2,2324,0.0005695370888603947,0.9658957285124719,0.016588730535127192,0.013007157649193506,0.0008883769426293272,0.0010579563021208735,0.0019925129695968612,2,0.0005485953093082867,-0.031095337677750967,0.015084990497983432,0.012075461197106717,0.0008767053358018774,0.000567600044675688,0.0019419852928749398,0.03662902490662799,2,0.02387502072929645,0.18812945894328584,0.16425443821398938
tm588114,rodrigo martins_1998,2223,0.02248910874282108,0.0016852717007909558,0.0028512705280646085,0.007169015524624376,0.8753861507568136,0.08049912744708158,0.009920055299804168,5,2324,0.05088547588336542,0.041204406663862804,0.2801269534919031,0.4564263480879082,0.01464523161819392,0.11668523625471257,0.04002634800005416,4,0.028396367140544342,0.03951913496307185,0.2772756829638385,0.4492573325632838,-0.8607409191386197,0.036186108807630984,0.030106292700249993,1.0115663276672389,5,0.513297477200799,1.438750135070632,0.925452657869833
tm58965,ruben lima_1989,2223,0.0030511734683430127,0.8289300391712996,0.03734381746133455,0.09453348509782165,0.0008203831943372127,0.02151283383072239,0.013808267776141674,2,2324,0.010621694709046265,0.47848960989138445,0.4381744500221426,0.06473435755990384,0.0011451539148550796,0.0019666524370451485,0.004868081465622667,2,0.007570521240703253,-0.35044042927991514,0.4008306325608081,-0.029799127537917816,0.0003247707205178669,-0.01954618139367724,-0.008940186310519007,0.5336676399688867,3,0.6665065361180985,0.9856741717668336,0.31916763564873507
tm59084,fernando varela_1987,2223,0.00020916909383939444,0.9797132277054911,0.010963077481107591,0.005639186208733259,0.00010605382218748347,0.002739238228036713,0.0006300474606044021,2,2324,0.00013636758301129953,0.9933294071269743,0.002615208247420314,0.003255022525280475,8.223393214834036e-05,0.00018513777575052018,0.00039662280941476054,2,-7.280151082809491e-05,0.013616179421483188,-0.008347869233687277,-0.002384163683452784,-2.3819890039143105e-05,-0.002554100452286193,-0.00023342465118964152,0.016349336250067428,2,0.12230588713339134,0.04752761190049652,-0.07477827523289482
tm594069,yuki soma_1997,2223,0.2629107855933892,0.009925613613279326,0.02020949677761911,0.06913850498542985,0.5054898908665283,0.07797562170301374,0.05435008646074039,5,2324,0.5946815605443773,0.004068900166379828,0.014790186778454785,0.028003760608783825,0.3105733478165523,0.036674911930623603,0.01120733215482846,1,0.33177077495098806,-0.005856713446899499,-0.005419309999164323,-0.04113474437664603,-0.19491654304997597,-0.041300709772390136,-0.043142754305911926,0.389263139408336,1,1.3626663127718512,1.028651471232553,-0.3340148415392983
tm595012,ibrahima camara_1999,2223,0.005166279360946069,0.002942998365987364,0.05694469826552523,0.9053069350471217,0.00015492529095269261,0.02882089450462812,0.0006632691648387543,4,2324,0.0012136253427616661,0.8388951772373296,0.08895044011877337,0.06605795149439508,0.0006184653021947562,0.002499882616099729,0.0017644578884456496,2,-0.0039526540181844035,0.8359521788713423,0.03200574185324814,-0.8392489835527266,0.0004635400112420636,-0.02632101188852839,0.0011011887236068952,1.185279673020495,4,0.40603323820292575,0.5809761512536644,0.17494291305073867
tm596067,felippe cardoso_1998,2223,0.014975736851277004,0.002985762990068551,0.002670274798774258,0.003170760556083827,0.8950355438698461,0.013776145106086105,0.06738577582786427,5,2324,0.01629355752904051,0.0016050367797647693,0.0010339198292143533,0.005722994022592662,0.3092392273194787,0.6505838503898507,0.015521414130058218,6,0.0013178206777635058,-0.0013807262103037816,-0.0016363549695599046,0.0025522334665088347,-0.5857963165503673,0.6368077052837645,-0.051864361697806054,0.8652711786499148,6,0.45438512353753213,0.8213318669830476,0.3669467434455155
tm596884,adrian butzke_1999,2223,0.0910200403131643,0.004378685388929952,0.004581082866807018,0.008083277218527314,0.8542129625024134,0.018272489697606916,0.01945146201255112,5,2324,0.033990125329468136,0.033926808689947026,0.02731848580168838,0.104341691969344,0.04829331176123896,0.717353248105114,0.03477632834319924,6,-0.05702991498369616,0.029548123301017075,0.02273740293488136,0.09625841475081667,-0.8059196507411744,0.6990807584075072,0.015324866330648123,1.0733725191761783,5,0.5899149138163348,1.0653635174318237,0.4754486036154889
tm607093,savio_1995,2223,0.013785518287287192,0.8159945770368912,0.04377070981594348,0.08728434194218787,0.000849647602125335,0.01724272384056505,0.02107248147499985,2,2324,0.10221391662101655,0.4000445700342551,0.29069247529267817,0.08794416091447013,0.007077920092700876,0.0087911783597053,0.10323577868517393,2,0.08842839833372935,-0.41595000700263607,0.2469217654767347,0.0006598189722822612,0.006228272490575541,-0.008451545480859749,0.08216329721017408,0.4918485575701299,2,0.7321437945996622,1.4836552259148181,0.751511431315156
tm610238,pedro ortiz_2000,2223,0.00036420706216932277,0.03954041500027595,0.9056568271010106,0.031080771576745537,0.00024349219527612068,0.021025447183841764,0.002088839880680566,3,2324,0.00032110957833658097,0.06422598427726281,0.40804588056196167,0.5245371943312529,0.00028121939350271417,0.0008585754464526887,0.0017300364112308158,4,-4.30974838327418e-05,0.02468556927698686,-0.4976109465390489,0.49345642275450735,3.772719822659349e-05,-0.020166871737389076,-0.00035880346944975033,0.7015211889886855,3,0.42436598390071245,0.9024832381903362,0.4781172542896237
tm610335,ivan jaime pajuelo_2000,2223,0.5314859836652365,0.00843523833157511,0.012439983706905137,0.07097200088556602,0.16124728023359164,0.09737070853240716,0.1180488046447185,1,2324,0.714089377268908,0.014754964121640375,0.03584129234839237,0.12572395096059794,0.022344796545783006,0.02316448270496984,0.06408113604970837,1,0.1826033936036715,0.006319725790065265,0.02340130864148723,0.05475195007503192,-0.13890248368780864,-0.07420622582743733,-0.05396766859501012,0.2484548238593618,1,1.3918236754852866,1.0309131875422137,-0.3609104879430729
tm617679,ze carlos_1998,2223,0.030812944244015806,0.5076519263755607,0.13223384409420308,0.25058541108881777,0.003031342278425583,0.021776582935186396,0.05390794898379056,2,2324,0.00400088518220233,0.7207879375647702,0.2180130484441527,0.0480499619096213,0.0015002499981213691,0.0021318739942613536,0.0055160429068705965,2,-0.026812059061813477,0.21313601118920955,0.08577920434994962,-0.20253544917919647,-0.001531092280304214,-0.019644708940925043,-0.04839190607691996,0.30807918573453613,2,1.3240753742106988,0.7875685173776221,-0.5365068568330766
tm631472,bruno langa_1997,2223,0.001781300793229976,0.8400388602594717,0.08097973709093709,0.03591956838368707,0.0008546273415939369,0.03136510243831903,0.009060803692761096,2,2324,0.006651850517376322,0.16809663805751562,0.6074046079428278,0.21438224341536122,0.00030347210503883364,0.0007984051904547307,0.002362782771425421,3,0.004870549724146346,-0.6719422222019561,0.5264248708518907,0.17846267503167415,-0.0005511552365551032,-0.030566697247864302,-0.006698020921335675,0.8726034437337195,2,0.63797957466056,0.9885157313375033,0.35053615667694327
tm635807,marlon_1997,2223,0.026977802626696246,0.02877670798478949,0.0878177303559998,0.09803111080376764,0.1101811735448307,0.5076887148367253,0.1405267598471907,6,2324,0.013522503166456097,0.07076667326936838,0.2101063797217961,0.6400371263581183,0.007977098832504526,0.049236082038238566,0.008354136613518026,4,-0.013455299460240149,0.041989965284578885,0.12228864936579631,0.5420060155543507,-0.10220407471232618,-0.4584526327984867,-0.13217262323367268,0.7288989822579295,4,1.5037972827974206,1.0857772072359235,-0.4180200755614971
tm63837,andre andre_1989,2223,0.002271059665454012,0.05553784474498699,0.3829299983618115,0.11046496646993247,0.0014770988990495649,0.4411420106379284,0.006177021220837088,6,2324,0.05176367141302647,0.06919658187699657,0.10512438091438231,0.1858237035407317,0.016933288005123667,0.01895574462157482,0.5522026296281645,7,0.04949261174757246,0.013658737132009574,-0.2778056174474292,0.07535873707079922,0.015456189106074101,-0.42218626601635356,0.5460256084073274,0.513781195695604,6,1.1873788857101448,1.3597777197737473,0.17239883406360246
tm641153,ne lopes_2000,2223,0.0006196653969369472,0.9242239112663684,0.04385326979664885,0.00976487925831922,0.0006050500615065181,0.01548709361366209,0.005446130606557926,2,2324,7.727390091010042e-06,0.9985042808127066,0.0008798960512742124,0.0005325220817574232,9.116247702524035e-06,2.003261009173343e-05,4.642480637664138e-05,2,-0.0006119380068459371,0.07428036954633821,-0.04297337374537464,-0.009232357176561798,-0.000595933813803994,-0.015467061003570357,-0.005399705800181284,0.08768968098561346,2,0.35715276595159373,0.012576064244163083,-0.34457670170743065
tm642721,matias lacava_2002,2223,0.05482514855539823,0.009129781442020028,0.01905092718872834,0.04229997408970722,0.044093768467710515,0.7933674478684852,0.03723295238795065,6,2324,0.1801089850788067,0.03803811716818319,0.2425770478315859,0.4124165356986383,0.02211134714539951,0.046898985485038604,0.05784898159234779,4,0.12528383652340846,0.028908335726163165,0.22352612064285757,0.3701165616089311,-0.021982421322311006,-0.7464684623834467,0.02061602920439714,0.8724564857548154,6,0.8551064298066696,1.534621103088534,0.6795146732818643
tm64339,pizzi_1989,2223,0.6327099921107875,0.006344529962912162,0.015698791416430956,0.25911772135985356,0.005425847452635311,0.05813807395835351,0.02256504373902715,1,2324,0.7955948604164513,0.008385795277632424,0.032738975726377816,0.08192923509181503,0.028980140196864453,0.033647710005821264,0.018723283285037588,1,0.16288486830566384,0.0020412653147202616,0.01704018430994686,-0.17718848626803851,0.02355429274422914,-0.02449036395253225,-0.003841760453989561,0.24367264365850078,4,1.0161253374873567,0.8301690977401809,-0.1859562397471758
tm645588,tomas handel_2000,2223,0.032330279572502,0.028895910439584845,0.2613575585051681,0.6240616919301389,0.002466349498202258,0.040228686399146736,0.010659523655257113,4,2324,0.00020749231146300422,0.0030042268359860417,0.757081991101683,0.23928447085188057,6.36149327093666e-05,0.00020711700261283363,0.00015108696366528153,3,-0.032122787261038996,-0.0258916836035988,0.49572443259651483,-0.3847772210782584,-0.0024027345654928913,-0.0400215693965339,-0.010508436691591832,0.6301634508803602,3,1.0507942060172841,0.5757929255116193,-0.4750012805056648
tm646677,riccieli_1998,2223,8.994934091573034e-05,0.9859297518969192,0.00984129894071823,0.0016642258013054453,5.329649551159346e-05,0.0019477922959486283,0.0004736852286812617,2,2324,8.950980191891625e-05,0.9965750336046403,0.001228829866753903,0.0018392795679087251,5.537002166554606e-05,0.00011493557139599012,9.704156571662965e-05,2,-4.3953899681408695e-07,0.010645281707721055,-0.008612469073964327,0.00017505376660327987,2.0735261539525995e-06,-0.0018328567245526383,-0.00037664366296463205,0.01381617379281896,2,0.08724220182572227,0.026555158692670302,-0.06068704313305197
tm650568,antonio silva_2003,2223,0.0016670517741284468,0.9426844655922629,0.01838630631531261,0.028215854773458813,0.0005819563429412548,0.0057527878538199085,0.002711577348076285,2,2324,2.533676594832141e-05,0.9972997313019754,0.0010931311026749632,0.0014045503333374515,2.0392104622747193e-05,5.3309610306836305e-05,0.00010354878113421386,2,-0.0016417150081801254,0.054615265709712424,-0.017293175212637648,-0.02681130444012136,-0.0005615642383185077,-0.0056994782435130726,-0.002608028566942071,0.06353126661785098,2,0.2904836506443958,0.021338533098233775,-0.269145117546162
tm655899,serdar saatci_2003,2223,0.0003435034875140132,0.9583502825021487,0.025645322228956137,0.005311671534738814,0.0001887962563116071,0.0037557706907284587,0.006404653299602181,2,2324,0.000301257524664233,0.9818434947851202,0.01011535982784095,0.006019289816878395,0.0001952003670854306,0.00030410676717441363,0.0012212909112360383,2,-4.224596284978021e-05,0.02349321228297152,-0.015529962401115188,0.0007076182821395818,6.4041107738234924e-06,-0.003451663923554045,-0.0051833623883661435,0.028381812640513465,2,0.22022164798642915,0.10999762948634777,-0.11022401850008139
tm657387,fabiano souza_2000,2223,0.0022290342717327057,0.7217294428724548,0.13110035666540795,0.07588053708426289,0.0011467793825495093,0.031329819376031166,0.03658403034756095,2,2324,0.0018654496772036325,0.8894624888484914,0.08632986352356478,0.01724004793256769,0.001162427315642213,0.0012370047034620624,0.002702717999068187,2,-0.00036358459452907324,0.16773304597603667,-0.04477049314184317,-0.058640489151695195,1.5647933092703724e-05,-0.030092814672569104,-0.03388131234849276,0.18569649611677091,2,0.948295085113112,0.42950735495789033,-0.5187877301552217
tm658737,mor ndiaye_2000,2223,3.524306189908049e-05,0.0019595495101550437,0.9845647490493783,0.00751390763949735,1.0612694937658914e-05,0.005850103015462194,6.583502867027314e-05,3,2324,0.0017105322623901683,0.014978854922783131,0.07592095937230206,0.9056378305827282,0.00023739769888967286,0.000466175478055841,0.0010482496828509223,4,0.0016752892004910879,0.013019305412628086,-0.9086437896770763,0.8981239229432308,0.00022678500395201395,-0.005383927537406353,0.0009824146541806491,1.277678153721099,3,0.09547780237752918,0.37206654636987796,0.2765887439923488
tm663244,jota silva_1999,2223,0.07984326829219202,0.006238960915210651,0.023208296837699195,0.12320499782642665,0.588590151976081,0.13110437493210383,0.047809949220286786,5,2324,0.12296086909443765,0.0016971087734639193,0.0027566013476445547,0.005399803069005837,0.6789314231698469,0.149010980704641,0.039243213840960155,5,0.04311760080224564,-0.004541852141746731,-0.02045169549005464,-0.11780519475742081,0.09034127119376589,0.017906605772537165,-0.008566735379326632,0.15702956247557237,4,1.302519609343896,0.9866313329621388,-0.3158882763817572
tm666539,beni_2002,2223,0.00016172936485090084,0.011077834454305194,0.9486164825674163,0.036460195583612375,4.521879886657762e-05,0.002988726799479694,0.0006498124314690964,3,2324,0.0005739277057640365,0.013717486897892744,0.919636945103715,0.06456228582984803,0.0002072525764971572,0.00019531054379566813,0.0011067913424873121,3,0.0004121983409131357,0.0026396524435875496,-0.0289795374637013,0.02810209024623566,0.00016203377763057957,-0.002793416255684026,0.00045697891101821576,0.04055253592114114,3,0.2446669834268893,0.3280302954866914,0.08336331205980207
tm667121,rodrigo gomes_2003,2223,0.3240245508790102,0.026019919257815004,0.04442793520312112,0.17663803968348252,0.059126593861043505,0.28310617320242926,0.08665678791309843,1,2324,0.5845296689240097,0.03611352210794887,0.057740226771743806,0.10262741167782388,0.12119888452703943,0.07768031139916402,0.020109974592270166,1,0.2605051180449995,0.010093602850133863,0.013312291568622688,-0.07401062800565864,0.06207229066599593,-0.20542586180326522,-0.06654681332082826,0.34593690389559983,1,1.641092067963659,1.3649226756538755,-0.27616939230978343
tm669956,leonardo lelo_2000,2223,0.006204429983513936,0.023814940535828256,0.42245377850369464,0.5060887053576768,0.0004053607180683852,0.034416741350915755,0.006616043550302128,4,2324,0.0051507794636151604,0.40890663724586557,0.5090162542947251,0.06983662668064321,0.0005495491305352568,0.0016482786862032513,0.0048918744984125465,3,-0.0010536505198987757,0.3850916967100373,0.08656247579103044,-0.4362520786770336,0.00014418841246687165,-0.032768462664712505,-0.0017241690518895814,0.5892193618299095,4,0.9815516975907801,0.9631257807085591,-0.01842591688222095
tm670681,joao neves_2004,2223,0.0271692909051738,0.026760756176869203,0.09670298930747555,0.12872652366946932,0.013949319477954844,0.6444917215882303,0.06219939887482683,6,2324,0.004703391353652581,0.011373138349107036,0.585157644737916,0.3912346054698574,0.001603270052737518,0.002068821763227724,0.003859128273501732,3,-0.02246589955152122,-0.015387617827762167,0.4884546554304404,0.2625080818003881,-0.012346049425217326,-0.6424228998250026,-0.0583402706013251,0.8491758039435868,6,1.2001361021317292,0.8013950990457507,-0.3987410030859785
tm670717,dario essugo_2005,2223,0.0013044955979651435,0.1037667890117186,0.7496783012350615,0.054192742328194904,0.0009935541190670897,0.05132677536854269,0.03873734233945018,3,2324,0.0003910301067404194,0.030099040205760888,0.8414956067071973,0.1251865973145413,0.00015699326666805251,0.0003717282950820308,0.0022990041040100375,3,-0.0009134654912247241,-0.07366774880595771,0.09181730547213574,0.07099385498634639,-0.0008365608523990373,-0.05095504707346066,-0.03643833823544014,0.14661320990840343,3,0.9029530686659208,0.532143187771866,-0.37080988089405487
tm671649,alvaro djalo_1999,2223,0.47441457231585316,0.00508609057024088,0.011976490212670292,0.04118049956378465,0.02958708023043477,0.04350959716411163,0.39424566994290455,1,2324,0.3215501502904085,0.011871352265439727,0.043394144537143936,0.04237545779487699,0.28556554220286,0.05288507629694987,0.24235827661232096,1,-0.15286442202544465,0.006785261695198847,0.031417654324473646,0.0011949582310923357,0.25597846197242524,0.00937547913283824,-0.1518873933305836,0.30002490034763846,5,1.1724782355624015,1.5444283896949362,0.37195015413253474
tm673492,morato_2001,2223,0.0016658831855785184,0.9432619435736028,0.016238442334019464,0.025262978479868473,0.0008561555753356967,0.008625468558690157,0.004089128292904914,2,2324,0.00035775218473132233,0.9585883965005029,0.02848077045425685,0.009893908644785744,0.0002221465258940318,0.0006869958986101643,0.0017700297912189842,2,-0.0013081310008471961,0.015326452926900047,0.012242328120237386,-0.01536906983508273,-0.0006340090494416649,-0.007938472660079993,-0.0023190985016859297,0.026193808182176887,4,0.29512270395976725,0.20848778803245713,-0.08663491592731012
tm685807,luis santos_2000,2223,0.043979858174657355,0.10228340502938899,0.14223240610832674,0.13284217801089193,0.046373312881983875,0.4466712210662489,0.0856176187285022,6,2324,0.02596176131913007,0.1910071367027808,0.6246818949855333,0.10910382303265659,0.006205778547502087,0.011417313008929064,0.031622292403467984,3,-0.018018096855527285,0.08872373167339181,0.4824494888772065,-0.023738354978235343,-0.04016753433448179,-0.43525390805731984,-0.05399532632503421,0.6577058358301068,3,1.6289874942633646,1.1384517556896803,-0.4905357385736844
tm690273,bernardo vital_2000,2223,1.8535625921168416e-05,0.9981891008516662,0.0009914946888954458,0.00024866430632144553,1.533145311902157e-05,0.00045791343406086066,7.895964001581789e-05,2,2324,7.041591281734743e-07,0.999928844599333,2.9958680602001715e-05,3.666500781541844e-05,6.369970036254857e-07,1.6195778746228004e-06,1.5709782432850283e-06,2,-1.7831466792994943e-05,0.0017397437476667221,-0.0009615360082934441,-0.0002119992985060271,-1.4694456115396083e-05,-0.0004562938561862379,-7.738866177253286e-05,0.0020505953956837055,2,0.015369132389411209,0.0008193298515244968,-0.014549802537886711
tm701325,bruno onyemaechi_1999,2223,0.0019630634130869597,0.13730595592926817,0.4063591435211591,0.40048820673940017,0.0003619729839291137,0.048158945154304675,0.005362712258851777,3,2324,0.008476934177352957,0.17497831806605776,0.7513633949466986,0.05768758324334869,0.0008752290637574281,0.0015823282696976113,0.005036212233086932,3,0.0065138707642659974,0.037672362136789594,0.3450042514255395,-0.34280062349605145,0.0005132560798283144,-0.04657661688460706,-0.0003265000257648455,0.4900729364334419,3,1.1942561272473322,0.7678110494064022,-0.42644507784093
tm701979,geny catamo_2001,2223,0.1917747413698004,0.02399565812304881,0.02699626166173496,0.0744502977945711,0.09703263741028578,0.3417806641720698,0.24396973946848907,6,2324,0.6457911247179717,0.008456412434291148,0.049078036104493246,0.2606396197923078,0.0183874822605591,0.01079329595319999,0.006854028737177055,1,0.4540163833481713,-0.015539245688757662,0.022081774442758287,0.18618932199773672,-0.07864515514972668,-0.3309873682188698,-0.23711571073131202,0.5977157445162585,1,1.6345607299568226,0.9776624654314414,-0.6568982645253811
tm70359,david simao_1990,2223,0.00023393092495510248,0.003649233358150085,0.8460148906009871,0.13444308368939956,4.330956164014105e-05,0.015254247991221196,0.000361303873646841,3,2324,0.003112828417632608,0.015172547837545113,0.9354470793356088,0.04246179035877688,0.00028330515636417776,0.00043408381883952037,0.0030883650752328144,3,0.0028788974926775056,0.011523314479395027,0.08943218873462166,-0.09198129333062267,0.0002399955947240367,-0.014820164172381675,0.0027270612015859734,0.1296898006629097,4,0.5007901069869176,0.30160707811065257,-0.19918302887626504
tm711337,evanilson_1999,2223,0.603335888616142,0.00227458587035432,0.0027904278319509602,0.005938098745229477,0.33999946142870957,0.009208156364574874,0.036453381143038956,1,2324,0.031676289733624394,0.0009172206403193928,0.0007638579692914838,0.0027419505772403132,0.8313197757420415,0.11385141392310892,0.018729491414373984,5,-0.5716595988825176,-0.001357365230034927,-0.0020265698626594766,-0.003196148167989164,0.49132031431333195,0.10464325755853404,-0.01772388972866497,0.7610234716438262,1,0.8962336886370105,0.61288638488952,-0.2833473037474905
tm71830,bruno wilson_1996,2223,0.001195855217690902,0.8973052058671971,0.0613087241894825,0.024677049345510824,0.0009362353058437866,0.009461567208161572,0.005115362866113446,2,2324,0.0004329388953685755,0.961548877117931,0.014533084786537524,0.019142579597947056,0.00040648428663511547,0.002421582115937944,0.0015144531996429248,2,-0.0007629163223223265,0.06424367125073394,-0.04677563940294498,-0.005534469747563768,-0.0005297510192086711,-0.007039985092223628,-0.003600909666470521,0.07997664759334043,2,0.4454042215315381,0.20586722273859506,-0.23953699879294302
tm729140,miguel maga_2002,2223,0.0011843824530968759,0.36399715002832334,0.3927234731427367,0.22103817579657406,0.0002670937047406118,0.01358827709155612,0.0072014477829722276,3,2324,0.0006540604400077148,0.03118714255247167,0.9205944391607055,0.04492024260333873,0.00022020912831992987,0.000673537375386098,0.0017503687397702218,3,-0.0005303220130891611,-0.33281000747585165,0.5278709660179688,-0.17611793319323532,-4.6884576420681904e-05,-0.012914739716170022,-0.0054510790432020055,0.6485328504976555,3,1.172673742667558,0.3463769134236477,-0.8262968292439103
tm733579,clayton_1999,2223,0.004376467303612965,0.000994325115355758,0.0009487440838399121,0.0010072402774209833,0.940823064004225,0.004626935593797558,0.04722322362174771,5,2324,0.03603416687653401,0.0023230282559558338,0.002184362831199192,0.007225273325181163,0.503140014591394,0.3820698286469767,0.06702332547275917,5,0.03165769957292105,0.0013287031406000757,0.0012356187473592799,0.00621803304776018,-0.437683049412831,0.37744289305317913,0.019800101851011463,0.5788555565446576,5,0.27062964955909063,1.0771993310867551,0.8065696815276645
tm739438,matheus pereira_2000,2223,0.023121009396619006,0.574028334377489,0.09372194265530738,0.22171684030709193,0.004231432675616344,0.04644528718824818,0.03673515339962806,2,2324,0.17656542810637543,0.12109876902168634,0.31826188088099655,0.29837714807503657,0.027567220613340705,0.018219529756436245,0.039910023546128055,3,0.15344441870975642,-0.45292956535580264,0.22453993822568918,0.07666030776794464,0.02333578793772436,-0.028225757431811938,0.003174870146499996,0.535094963378761,2,1.2486526823340234,1.587588222208368,0.33893553987434455
tm742095,gabriel pereira_2000,2223,4.780291641912204e-07,0.9998270445748179,0.00012359881256485624,1.8133154429564765e-05,6.171296230761395e-07,2.66955065906029e-05,3.4327928096604177e-06,2,2324,0.0005067059955046308,0.9793081591570942,0.004579700490148227,0.012955112649109729,0.0006995087680742577,0.0013006175383545831,0.0006501954017141792,2,0.0005062279663404396,-0.02051888541772362,0.00445610167758337,0.012936979494680164,0.0006988916384511816,0.0012739220317639801,0.0006467626089045188,0.024710615795880585,2,0.001823217743477173,0.12378992502809108,0.12196670728461391
tm800177,rildo_2000,2223,0.15596842059759014,0.0026755612859875938,0.005733050605235401,0.017694645908023013,0.7564360566270681,0.02988897197463042,0.03160329300146532,5,2324,0.13482972338675836,0.02588032795934739,0.03146818245182694,0.11486025246215568,0.09670181366118381,0.44097912142351675,0.155280578655211,6,-0.02113869721083178,0.023204766673359797,0.02573513184659154,0.09716560655413267,-0.6597342429658843,0.41109014944888633,0.12367728565374568,0.7844317307070173,5,0.8318753644146089,1.598317214802812,0.7664418503882031
tm818252,pedro malheiro_2001,2223,0.0022823496558694797,0.14110469449345855,0.5706119540066968,0.26055908944555806,0.00032527018045561834,0.017439260874402743,0.007677381343558698,3,2324,0.0032094951169965,0.203171115977399,0.6988182662600937,0.08648129236201198,0.0019172917023368755,0.0021702545116623283,0.004232284069499924,3,0.0009271454611270201,0.062066421483940454,0.12820631225339685,-0.1740777970835461,0.0015920215218812573,-0.015269006362740414,-0.0034450972740587733,0.22545224616631238,4,1.0713824424532328,0.8527815589401357,-0.21860088351309703
tm818495,otavio ataide_2002,2223,0.00011534247519346343,0.9770155678428064,0.015804190919639152,0.004007680495404839,6.163519443136068e-05,0.002395794018526705,0.0005997890539980276,2,2324,7.414981992322362e-05,0.99242451750959,0.0031780084177375524,0.004078699146814085,4.705449986099809e-05,9.307547060660548e-05,0.00010449513546728491,2,-4.119265527023981e-05,0.015408949666783633,-0.0126261825019016,7.101865140924594e-05,-1.4580694570362589e-05,-0.0023027185479200995,-0.0004952939185307427,0.020054068918702837,2,0.13093587540595641,0.05126170214190713,-0.07967417326404928
tm891971,joao marques_2002,2223,0.016744483218754012,0.049288880321582955,0.13640401209883332,0.1146449822488551,0.05773095321889177,0.518366735661923,0.10681995323115977,6,2324,0.364234341783208,0.0097429747854809,0.01968246936322974,0.06340355881137212,0.48552069809865783,0.0332169852313128,0.024198971926738796,5,0.347489858564454,-0.03954590553610206,-0.11672154273560359,-0.051241423437482975,0.42778974487976607,-0.48514975043061026,-0.08262098130442097,0.7462821374195366,6,1.4810539231068394,1.2191319911926284,-0.261921931914211
tm908936,ze carlos_2001,2223,0.018356835900249203,0.047524279306422335,0.25662033038203946,0.6187792778791461,0.0012606076788622374,0.02198560495177587,0.03547306390150471,4,2324,0.0004146495618998816,0.008279247468151622,0.9460529016742368,0.044388814691902576,6.119670510375334e-05,0.00015025440295939545,0.0006529354957457256,3,-0.017942186338349323,-0.039245031838270716,0.6894325712921974,-0.5743904631872435,-0.0011994109737584841,-0.021835350548816475,-0.03482012840575899,0.89865565722021,3,1.0750188288383324,0.24035102906581654,-0.8346677997725159
tm924885,martim tavares_2003,2223,0.05277066363603631,0.024454591644122337,0.023705337013757512,0.04148996022224513,0.32561595585514097,0.05771137347813041,0.47425211815056734,7,2324,0.11640330852178532,0.0031923662606287997,0.003314487751791917,0.011699226576165773,0.783922535592607,0.06631213146591193,0.015155943831109459,5,0.06363264488574902,-0.021262225383493538,-0.020390849261965594,-0.029790733646079356,0.4583065797374661,0.008600757987781524,-0.4590961743194579,0.46467554738422473,5,1.3504935285437802,0.7739252214297846,-0.5765683071139956
tm974982,ousmane diomande_2003,2223,0.00020383471030337218,0.9795772276160488,0.009030261890161494,0.006892142260005907,0.0001072513653271998,0.003663732490436441,0.0005255496677167037,2,2324,1.8096036870408074e-05,0.9987427102487474,0.00037504247127078836,0.0007884240505047174,1.4487726187893388e-05,3.521171397817411e-05,2.60277524404924e-05,2,-0.0001857386734329641,0.01916548263269857,-0.008655219418890706,-0.00610371820950119,-9.276363913930641e-05,-0.0036285207764582667,-0.0004995219152762113,0.022196693237668402,2,0.12425644849403554,0.010843528962236105,-0.11341291953179944
tm982575,gustavo sa_2004,2223,0.026835285934846378,0.04619114150608404,0.16407326966516406,0.10733460210841642,0.018506321147731254,0.4801799493732417,0.15687943026451598,6,2324,0.09892282347329445,0.02180839319467272,0.08690409757773764,0.7380102165128977,0.010211363375481512,0.014184067606069255,0.029959038259846686,4,0.07208753753844807,-0.02438274831141132,-0.07716917208742642,0.6306756144044813,-0.008294957772249742,-0.46599588176717244,-0.12692039200466929,0.7916558035896103,4,1.49190527207087,0.9610525793499831,-0.530852692720887
andre inacio_2002,andre inacio_2002,2324,0.30684711285267513,0.0033964675995029037,0.004721593945669695,0.02719594332268505,0.05055637121532395,0.591862035060831,0.015420476003312462,6,2425,0.11537617464096256,0.004049592369861077,0.03516330259688372,0.03477602952006908,0.052932870339061626,0.7440313748189299,0.013670655714232078,6,-0.19147093821171257,0.0006531247703581732,0.03044170865121403,0.007580086197384029,0.002376499123737677,0.15216933975809888,-0.0017498202890803838,0.2465904657412876,1,1.0307896378508423,0.9402220253715703,-0.09056761247927203
bachir belloumi_2002,bachir belloumi_2002,2324,0.22803564375211768,0.0074479666904561015,0.010755352192322671,0.016905076819382997,0.7034846414812835,0.022893163196960584,0.010478155867476382,5,2425,0.1018567062205664,0.06004900414500748,0.11710788116130509,0.1645809447115077,0.018030409608724002,0.21802377833231307,0.3203512758205764,7,-0.1261789375315513,0.05260103745455138,0.10635252896898242,0.1476758678921247,-0.6854542318725595,0.1951306151353525,0.3098731199531,0.7481513728843772,5,0.872962146842769,1.718827581520099,0.8458654346773301
carlos ponck_1995,carlos ponck_1995,2324,2.9369387623279228e-05,0.9958147654158723,0.0018492729364454799,0.0020618747861127482,2.3392971668099208e-05,7.091311812399477e-05,0.00015041138415402232,2,2425,8.285073322073744e-05,0.9917255321966669,0.0044051518461136726,0.0028829812180891255,0.00013519368720762368,0.00023518062419292454,0.0005331096945089645,2,5.3481345597458215e-05,-0.0040892332192054015,0.0025558789096681925,0.0008211064319763772,0.00011180071553952448,0.00016426750606892977,0.00038269831035494216,0.004896009044358965,2,0.031122167773258158,0.05696634625146486,0.0258441784782067
danny loader_2000,danny loader_2000,2324,0.13072521212727908,0.008613626086693395,0.009368878941854078,0.02245735445175497,0.26859125515385923,0.06170576366541144,0.49853790957314775,7,2425,0.04057110111471258,0.0012285979095286758,0.011899961338224945,0.027011582504360095,0.046277104885153394,0.867201230445992,0.005810421802028182,6,-0.09015411101256651,-0.007385028177164719,0.002531082396370867,0.0045542280526051256,-0.22231415026870582,0.8054954667805805,-0.4927274877711196,0.8405093563778204,6,1.3079155431385754,0.5842251730571928,-0.7236903700813826
fabio conceicao_2001,fabio conceicao_2001,2324,0.05005475476338065,0.03308406770189798,0.17535345571601338,0.7294678294557368,0.002580747823323579,0.005472889498487139,0.003986255041160499,4,2425,0.03812687481511374,0.05812369292827324,0.2412588806891908,0.4719217028878166,0.014677357507009587,0.1463464159617136,0.029545075210882434,4,-0.011927879948266912,0.02503962522637526,0.06590542497317742,-0.25754612656792025,0.012096609683686008,0.14087352646322646,0.025558820169721934,0.3023813286672918,4,0.8639614749337216,1.434613085149852,0.5706516102161304
larra_1997,larra_1997,2324,0.005045308712220952,0.37298648676526897,0.4978920426290771,0.11595103846488357,0.0012069918564424711,0.002103368599892413,0.004814762972214487,3,2425,0.07442640375449566,0.031156086639670667,0.5059447051171349,0.2863669142127,0.004168597392672442,0.08871821285110086,0.009219080032225505,3,0.06938109504227472,-0.3418304001255983,0.008052662488057749,0.17041587574781641,0.002961605536229971,0.08661484425120845,0.0044043170600110175,0.39784303089453116,2,1.0383409447661984,1.2851898672285746,0.24684892246237622
luismi_2001,luismi_2001,2324,0.012795515243943064,0.04641545155956675,0.027964365442243608,0.33358998081172503,0.009717583413803521,0.5598081591654973,0.009708944363220761,6,2425,0.03450166069593251,0.004457027762147476,0.012930491035388271,0.011776200847334394,0.7873958865104582,0.07759200434926722,0.07134672879947196,5,0.021706145451989445,-0.04195842379741928,-0.015033874406855337,-0.32181377996439064,0.7776783030966548,-0.4822161548162301,0.061637784436251196,0.971255762147973,5,1.079331940699573,0.8237397383974777,-0.25559220230209523
manuel manu_2001,manuel manu_2001,2324,2.1077915215013193e-05,0.9953069013437343,0.002089729816943053,0.0024116267422329006,2.4051610572186483e-05,6.959400761305588e-05,7.701856368962414e-05,2,2425,0.03892409783999531,0.05801849367936571,0.3008151307770365,0.498778763114034,0.011783675358286188,0.029056607145441768,0.06262323208584071,4,0.03890301992478029,-0.9372884076643686,0.2987254009600934,0.49636713637180113,0.011759623747714,0.028987013137828713,0.06254621352215109,1.103004414783244,2,0.03399161461737805,1.3284892137678845,1.2944975991505066
tidjany chabrol_2002,tidjany chabrol_2002,2324,0.7728088864707341,0.0029510861105182112,0.005273666694930904,0.02273100315092137,0.10808129099901771,0.07816225338332182,0.00999181319055577,1,2425,0.35151043798378306,0.009614487157930535,0.0836166663960508,0.10044100195714442,0.04527046434352091,0.37589697739679573,0.03364996476477446,6,-0.421298448486951,0.006663401047412323,0.0783429997011199,0.07770999880622305,-0.06281082665549681,0.2977347240134739,0.023658151574218696,0.5313232716117279,1,0.8157603355743676,1.472533232250097,0.6567728966757295
tm1070645,fabricio garcia_2001,2324,0.06455701291758373,0.022264096310006847,0.026911744178695966,0.06878797206888787,0.32683722553899586,0.09897965422506655,0.39166229476076325,7,2425,0.02358999994714777,0.051739302606211984,0.2937141702087687,0.47679397580803184,0.016346080518895082,0.07828615645803032,0.05953031445291438,4,-0.04096701297043596,0.029475206296205137,0.26680242603007276,0.408006003739144,-0.3104911450201008,-0.02069349776703623,-0.33213198030784885,0.5805449935589576,4,1.5045779632828227,1.3892287606243596,-0.11534920265846305
tm1072017,wagner pina_2002,2324,0.0021520569836150564,0.02803843818032657,0.4768582052517264,0.4722043470255904,0.0013442852067536066,0.011740755920225488,0.007661911431762433,3,2425,0.00850434761275037,0.03938309385951524,0.7879641209053359,0.11294742368992337,0.0020336740268131945,0.043809551966235594,0.005357787939426506,3,0.006352290629135313,0.01134465567918867,0.31110591565360945,-0.359256923335667,0.0006893888200595879,0.03206879604601011,-0.0023041234923359263,0.4764980204206333,4,0.9192742743312674,0.7796701406058979,-0.1396041337253695
tm131740,nermin zolotic_1993,2324,1.6752270162862023e-05,0.9986967224881398,0.0005675034353330565,0.000641494111002455,1.1419177944968509e-05,2.123186962448351e-05,4.487664779253166e-05,2,2425,3.903922189802956e-05,0.9954905024132347,0.0031007060858598565,0.0009951525448177751,6.941200546975661e-05,0.00010866799017163885,0.00019651973854813943,2,2.228695173516754e-05,-0.0032062200749051195,0.0025332026505268,0.0003536584338153201,5.7992827524788104e-05,8.743612054715534e-05,0.00015164309075560775,0.00410286998046582,2,0.011252096104775877,0.03301850615907162,0.02176641005429574
tm134602,ze luis_1991,2324,0.023249273952426045,0.00034756415112686446,0.0002928452844642896,0.00123843685503091,0.9521159501759154,0.020865100185966975,0.0018908293950696837,5,2425,0.041583276100292735,0.01204143391268642,0.016662802764352183,0.027385071896413125,0.4409976759979344,0.4341713749239596,0.027158364404361406,5,0.01833400214786669,0.011693869761559556,0.016369957479887894,0.026146635041382215,-0.5111182741779811,0.4133062747379926,0.02526753500929172,0.6583984137231147,5,0.24020939970282568,1.1734278717760682,0.9332184720732426
tm137313,jonathan buatu_1993,2324,0.00630914345066953,0.9099805407348428,0.015274452274125454,0.04046960017194059,0.007003471406346962,0.011681134203622318,0.009281657758452605,2,2425,0.0002027168436905224,0.9868318452357572,0.01046597495272612,0.0011595698023808684,0.0002633516759813317,0.00035215399808101537,0.000724387491382837,2,-0.006106426606979008,0.07685130450091437,-0.0048084773213993345,-0.03931003036955972,-0.00674011973036563,-0.011328980205541303,-0.008557270267069768,0.08766747628215388,2,0.44162709987467613,0.08057233191629246,-0.36105476795838365
tm139336,paulo oliveira_1992,2324,0.0005015664859431414,0.9720813088339257,0.015177512121307059,0.008436111172070661,0.00026898111887212574,0.0004881955388963847,0.003046324728984676,2,2425,4.5308143808214374e-05,0.9967822516881624,0.001275004570739263,0.001415163490247291,0.00012101189932937357,0.0002173393933652963,0.00014392081434819184,2,-0.00045625834213492696,0.02470094285423663,-0.013902507550567796,-0.00702094768182337,-0.00014796921954275216,-0.00027085614553108836,-0.002902403914636484,0.029206393650175827,2,0.15876649973067306,0.02564528302135299,-0.13312121670932006
tm139341,josue sa_1992,2324,0.00015643511503357494,0.9850274000360063,0.008804243931325183,0.00482741212572147,9.001273165595448e-05,0.00032241374602726136,0.0007720823142304626,2,2425,0.0013488315915454775,0.9257486499983778,0.04220668886778067,0.018941130213619848,0.004042752477339706,0.004737914226069924,0.002974032625266383,2,0.0011923964765119025,-0.0592787500376285,0.033402444936455486,0.014113718087898377,0.003952739745683752,0.004415500480042663,0.0022019503110359204,0.06975265713479892,2,0.09260746245557834,0.353997127890634,0.26138966543505565
tm139395,ricardo esgaio_1993,2324,0.036647777663103835,0.11398894188632362,0.6159782814058521,0.1624431231086002,0.008939556596521849,0.021144495845601876,0.04085782349399653,3,2425,1.7225513139436773e-05,0.9981822912013316,0.0010531071357204882,0.0005939322014659294,1.965024905061795e-05,4.875672442060629e-05,8.50369748711969e-05,2,-0.0366305521499644,0.884193349315008,-0.6149251742701316,-0.1618491909071343,-0.00891990634747123,-0.02109573912118127,-0.04077278651912534,1.0899506419147913,2,1.2167744370188784,0.015131338877113348,-1.2016430981417652
tm139396,bruma_1994,2324,0.49234394327899655,0.013880476244908591,0.01576315054073842,0.1151973479545865,0.24287851958450754,0.08414537455974158,0.0357911878365207,1,2425,0.27770925828738163,0.006232740025578665,0.020296312348352802,0.022674193082607232,0.23677461369294545,0.21099920486266793,0.22531367770046615,1,-0.21463468499161492,-0.007647736219329926,0.0045331618076143824,-0.09252315487197926,-0.006103905891562095,0.12685383030292635,0.18952248986394543,0.2661517829055916,1,1.3937910263182829,1.5575815273068243,0.16379050098854142
tm154319,andre geraldes_1991,2324,0.0017501680654845302,0.7916553421859555,0.0731394540888886,0.1257656217255818,0.000728954193369646,0.0036579808926125194,0.0033024788481072673,2,2425,0.003253695116358146,0.6444514179542762,0.25370408185089033,0.07752891540731074,0.0024813126598592235,0.015121951847210179,0.0034586251640953925,2,0.0015035270508736156,-0.14720392423167927,0.18056462776200172,-0.048236706318271066,0.0017523584664895775,0.011463970954597658,0.00015614631598812522,0.23819343804627993,3,0.6927637946654048,0.9458774496761794,0.25311365501077454
tm155395,salvador agra_1991,2324,0.2832542220008336,0.060361128964205396,0.1606225415820618,0.3445821184120926,0.049269995013226486,0.06996698941904429,0.031943004608535865,4,2425,0.06909765048443761,0.046049060131561466,0.7049418739588847,0.04967235978572896,0.0053134050662631506,0.10635775231753561,0.01856789825558848,3,-0.214156571516396,-0.01431206883264393,0.544319332376823,-0.2949097586263636,-0.04395658994696334,0.036390762898491316,-0.013375106352947384,0.6577078707102703,3,1.63203724977226,1.0621825766591708,-0.5698546731130891
tm159142,aderlan santos_1989,2324,9.672267094250734e-05,0.9902558679417237,0.004067851509222537,0.004944397104580813,8.854815878127805e-05,0.0002013895626722591,0.00034522305207675916,2,2425,3.9914727830190334e-05,0.9974760561245111,0.0014634286705951646,0.0005840336524359388,5.309703718198221e-05,7.155918814721134e-05,0.00031191059929860183,2,-5.6807943112317e-05,0.007220188182787357,-0.0026044228386273727,-0.004360363452144874,-3.545112159929584e-05,-0.00012983037452504777,-3.331245277815733e-05,0.008828830330377827,2,0.06452700280725543,0.02054893179188859,-0.04397807101536684
tm174694,rony lopes_1995,2324,0.14396942970663568,0.01895253225326131,0.03298238977824781,0.06917252730439005,0.12396907947259393,0.13910941691518963,0.47184462456968157,7,2425,0.7164369145437443,0.0061085862997684644,0.016977031153361757,0.055531969885733286,0.008713082699217008,0.1796136367138261,0.01661877870434904,1,0.5724674848371085,-0.012843945953492844,-0.01600535862488605,-0.013640557418656767,-0.11525599677337692,0.04050421979863647,-0.45522584586533255,0.5858760628908686,1,1.5391070413867176,0.9175803239374459,-0.6215267174492717
tm182108,sebastian perez_1993,2324,0.0006939745153434949,0.02809956384295514,0.5772114371162798,0.3906596067070456,0.00018946340967540768,0.0006769092396573527,0.002469045169043321,3,2425,0.004774139845143505,0.1591432100422141,0.0778281431049146,0.7303816103908866,0.0020421879789581042,0.011381175802981447,0.014449532834901486,4,0.00408016532980001,0.13104364619925896,-0.49938329401136516,0.339722003683841,0.0018527245692826965,0.010704266563324094,0.011980487665858165,0.6181438449049773,3,0.811199842486391,0.8710176730527415,0.05981783056635048
tm182710,joao teixeira_1994,2324,0.8492137960290954,0.005978547542146042,0.031195678455272078,0.0771022371092007,0.014494851801781252,0.011272072770477181,0.010742816292027401,1,2425,0.09385001012871978,0.05080650408808579,0.29388794622394077,0.3939931701823955,0.0071365398441626295,0.045098215396775734,0.11522761413591964,4,-0.7553637859003757,0.04482795654593975,0.26269226776866866,0.3168909330731948,-0.007358311957618623,0.03382614262629855,0.10448479784389224,0.8620959566238084,1,0.6357944766403515,1.524317554100043,0.8885230774596916
tm182936,filipe ferreira_1990,2324,0.0002674014938815054,0.9796740737398507,0.014972608358344635,0.004016151975898207,8.440920952421777e-05,0.00027601033706726834,0.0007093448854336128,2,2425,4.973192035245985e-05,0.9967668404786683,0.00200580882104936,0.0007258191883541865,5.75681181399824e-05,0.0001703997589377973,0.00022383171449790577,2,-0.00021766957352904558,0.017092766738817544,-0.012966799537295275,-0.0032903327875440204,-2.6841091384235373e-05,-0.00010561057812947104,-0.000485513170935707,0.021706821714900026,2,0.11558178442972711,0.025348437170129575,-0.09023334725959753
tm190185,marcelo ferreira_1989,2324,4.489558300753274e-05,0.996452091344624,0.0018261983909292894,0.0014527682816255212,3.5447752002202826e-05,8.707698191978764e-05,0.00010152166589172942,2,2425,4.5825049810685533e-05,0.9957669487115764,0.002537106732255595,0.0012691717995835206,9.809199633107855e-05,0.00013280738804571912,0.00015004832239680506,2,9.294668031527905e-07,-0.0006851426330475308,0.0007109083413263057,-0.00018359648204200056,6.264424432887573e-05,4.573040612593148e-05,4.852665650507565e-05,0.0010072413816485787,3,0.027109817368777066,0.03172208818820155,0.004612270819424481
tm207561,maxime dominguez_1996,2324,0.5892510287925938,0.015076279983467817,0.1537005673520132,0.13795975536562152,0.05552241747755305,0.02712513014784162,0.02136482088090904,1,2425,0.09991663573235185,0.07573718093952385,0.06883020628960876,0.297506550090708,0.015823322957979485,0.2081291426051383,0.2340569613846899,4,-0.48933439306024196,0.06066090095605603,-0.08487036106240445,0.15954679472508645,-0.03969909451957357,0.18100401245729666,0.21269214050378085,0.556888248809097,1,1.276539615060666,1.702640771323171,0.426101156262505
tm223367,fredrik aursnes_1995,2324,0.011087377747689184,0.4188288566794183,0.37796099460243393,0.18038383580071005,0.0022551267862462388,0.003106757052439826,0.006377051331062408,2,2425,0.2019301438353679,0.019200310119722407,0.14619175837825948,0.45567022430422566,0.010900192303824406,0.15391655404097937,0.012190817017620698,4,0.1908427660876787,-0.39962854655969593,-0.23176923622417445,0.2752863885035156,0.008645065517578168,0.15080979698853955,0.00581376568655829,0.5902896265175129,2,1.1550180492233935,1.42921774621759,0.27419969699419644
tm225151,rafael barbosa_1996,2324,0.9924439842633626,0.00026999854010632346,0.0009160520460575631,0.002450848894631996,0.0023129111496216453,0.000930660630608143,0.000675544475611851,1,2425,0.30363844339445895,0.05371177857505246,0.13123944555098305,0.223593619306679,0.024860854204360166,0.21085132985828492,0.05210452911018131,1,-0.6888055408689036,0.05344178003494614,0.13032339350492547,0.22114277041204702,0.02254794305473852,0.20992066922767677,0.05142898463456946,0.7666632284713782,1,0.05635177875080503,1.6944125191243933,1.6380607403735883
tm230457,bruno gaspar_1993,2324,0.02394695918727529,0.019675660198546684,0.7360597365093534,0.21217055386762373,0.0021332171717936732,0.002796546640405234,0.003217326425001817,3,2425,0.002584484928998825,0.5570883869225934,0.4225431671156119,0.010529804894483536,0.0007389587743482538,0.003785151944853476,0.0027300454191104824,2,-0.021362474258276466,0.5374127267240467,-0.3135165693937415,-0.2016407489731402,-0.0013942583974454195,0.0009886053044482418,-0.00048728100589133473,0.654387764539655,2,0.7691905525485658,0.7958199485223926,0.02662939597382674
tm236997,tiago silva_1993,2324,0.237610224921414,0.04161158516314601,0.44894432516731736,0.19804705951806156,0.018383882083379214,0.008850569400560917,0.046552353746120864,3,2425,0.5415255866671628,0.006548201221615575,0.0454147649646571,0.2368701266292459,0.001982495848751282,0.16038422079051648,0.007274603878050941,1,0.30391536174574874,-0.035063383941530434,-0.4035295602026603,0.03882306711118433,-0.016401386234627932,0.15153365138995556,-0.03927774986806992,0.5302535030244896,3,1.412092495243259,1.1883360799541152,-0.2237564152891438
tm238367,cassiano_1989,2324,0.007124354840919562,0.001187067829790568,0.0007818013875438295,0.002409789834784652,0.9566842164259711,0.023705262548561177,0.008107507132429104,5,2425,0.00821537553799252,0.001636466268717934,0.005988079062907614,0.012247444917756974,0.71039936117162,0.2381314889051689,0.023381784135836036,5,0.001091020697072959,0.00044939843892736597,0.0052062776753637845,0.009837655082972322,-0.24628485525435118,0.2144262263566077,0.015274277003406932,0.32674166178660896,5,0.2334482129287847,0.8069372017460927,0.573488988817308
tm257707,joao graca_1995,2324,0.003757084009470756,0.06344286101424748,0.7000727150117082,0.21236700477510947,0.001262550972804144,0.003982669993970844,0.01511511422268904,3,2425,0.01180487709364722,0.014776460419196941,0.28596790593945853,0.55785001257813,0.03067083348946251,0.08480415938823645,0.014125751091868323,4,0.008047793084176464,-0.04866640059505054,-0.41410480907224967,0.34548300780302055,0.029408282516658366,0.0808214893942656,-0.0009893631308207172,0.5483351596663093,3,0.8684044382315962,1.174566948274285,0.3061625100426889
tm261927,ricardo horta_1994,2324,0.7627006488984364,0.0019313078339348686,0.006442308583195105,0.015345055659415331,0.19253804956998125,0.012927027036823129,0.008115602418214034,1,2425,0.14149827599828857,0.0012413524904451479,0.009389442719199483,0.011096924177183515,0.29290061063284406,0.5342203960961883,0.009652997885850972,6,-0.6212023729001478,-0.0006899553434897207,0.0029471341360043776,-0.004248131482231816,0.10036256106286282,0.5212933690593652,0.0015373954676369383,0.8171529946369998,1,0.7277534504467589,1.1181630868175572,0.3904096363707983
tm263860,jason_1994,2324,1.0,4.583896092498999e-42,1.415324970966337e-41,3.81860356586133e-41,1.1713409110053353e-40,9.87397965131629e-41,1.7188839340898305e-41,1,2425,0.2736602330561347,0.001156614993841888,0.006985525203652977,0.008725397323285027,0.013601882314972582,0.6868381330639542,0.009032214044158608,6,-0.7263397669438654,0.001156614993841888,0.006985525203652977,0.008725397323285027,0.013601882314972582,0.6868381330639542,0.009032214044158608,0.9998136612171395,1,1.6578612669557127e-10,0.7974803119373407,0.7974803117715545
tm27178,ruben fernandes_1986,2324,2.7041200659233506e-05,0.9981867518078221,0.0008730176035969775,0.0006821802022156454,2.3017618028399992e-05,9.251820995836054e-05,0.00011547335771935472,2,2425,0.0002968013355431625,0.980843588947438,0.011185697171517944,0.004170916197276594,0.0009270441451862467,0.0010089364365699811,0.0015670157664678679,2,0.00026976013488392897,-0.017343162860384176,0.010312679567920965,0.0034887359950609483,0.0009040265271578467,0.0009164182266116205,0.0014515424087485132,0.020519205481058497,2,0.015370481096145593,0.11805143517149104,0.10268095407534544
tm276030,artur jorge_1994,2324,4.5412750149495355e-05,0.9950702551083899,0.002592849855618798,0.001834476446394716,5.110471345281525e-05,0.00017222221559187414,0.00023367891040272756,2,2425,3.510460737788515e-05,0.9975210738071544,0.0016731713680708275,0.00037426883249445133,9.661556416340606e-05,0.00011401606068029935,0.00018574976005871518,2,-1.0308142771610205e-05,0.002450818698764512,-0.0009196784875479705,-0.0014602076139002646,4.5510850710590815e-05,-5.8206154911574784e-05,-4.792915034401238e-05,0.002998348302344808,2,0.03632265373257907,0.020009905995594254,-0.016312747736984816
tm288253,jerry st juste_1996,2324,0.00017847701876912527,0.9811188687696553,0.0075513320750650184,0.008515780861969423,0.00018418300224537116,0.0008625385063281638,0.0015888197659675455,2,2425,0.00020290666465742769,0.9529578082729958,0.03398149471946226,0.009342520617166651,0.0004540897915142278,0.000488405621364134,0.0025727743128392522,2,2.4429645888302416e-05,-0.02816106049665945,0.026430162644397244,0.0008267397551972276,0.00026990678926885664,-0.0003741328849640298,0.0009839545468717068,0.0386328324903408,2,0.1156322573610083,0.22878569818955555,0.11315344082854725
tm290391,nuno santos_1995,2324,0.7167316137517532,0.02014104951066623,0.053885388714969555,0.056658484773370675,0.019580288944711043,0.023028620347908774,0.10997455395662045,1,2425,0.083861182102011,0.07949177043330773,0.10917775824650819,0.09386092069629941,0.02508587425886119,0.1125392058816863,0.4959832883813263,7,-0.6328704316497422,0.0593507209226415,0.055292369531538633,0.03720243592292873,0.005505585314150147,0.08951058553377753,0.38600873442470585,0.645392295499281,1,1.0440294644009098,1.5590922213868779,0.515062756985968
tm291939,samu_1996,2324,0.0915444387600617,0.021881448971867782,0.3747694518914332,0.48634782239137503,0.0048792435122065785,0.01114067913112816,0.009436915341927457,4,2425,0.48792444250360223,0.0038742404001841347,0.16108055870235152,0.19678015596131906,0.011876319364294487,0.1222843664041022,0.016179916664146386,1,0.39638000374354054,-0.01800720857168365,-0.21368889318908166,-0.28956766643005594,0.006997075852087908,0.11114368727297404,0.006743001322218929,0.5471340071074989,1,1.140977790241669,1.362000545920876,0.22102275567920704
tm291968,neto_1991,2324,0.00020731032891679437,0.014385840084316048,0.26010082160977166,0.7242212017280306,0.00013177304079759795,0.0004216812714079012,0.0005313719367593672,4,2425,0.001958080110498414,0.1162471164861636,0.22130404197687725,0.6428402215922492,0.0021512440181678623,0.004714356460400509,0.010784939355643114,4,0.0017507697815816194,0.10186127640184756,-0.03879677963289441,-0.08138098013578143,0.0020194709773702644,0.004292675188992607,0.010253567418883747,0.13612253371904354,2,0.6551870192467575,0.9675170588287418,0.31233003958198435
tm29364,joao moutinho_1986,2324,1.415324970966337e-41,4.272932152752568e-40,1.0,7.512231475157831e-39,3.570014788958334e-42,6.726337496317849e-42,1.7188839340898305e-41,3,2425,0.003473677059250531,0.02680390175167231,0.7174207583345747,0.2374937735262461,0.0018360675998571826,0.007020012707107801,0.005951809021291368,3,0.003473677059250531,0.02680390175167231,-0.28257924166542525,0.2374937735262461,0.0018360675998571826,0.007020012707107801,0.005951809021291368,0.3701857474133859,3,1.6578612669557127e-10,0.7732303926688185,0.7732303925030324
tm295414,adrian marin_1997,2324,0.0001526643669505998,0.9865660597526592,0.010263791742268762,0.002273883569763459,5.101881969481528e-05,0.0001584738274224092,0.0005341079212408184,2,2425,0.008238452572827121,0.8661693566857628,0.07460149044362845,0.014861280592209047,0.0036825471195859765,0.009729552021900156,0.02271732056408645,2,0.00808578820587652,-0.12039670306689643,0.06433769870135969,0.012587397022445587,0.003631528299891161,0.009571078194477747,0.02218321264284563,0.13770737690434035,2,0.08143885334076326,0.5718560548765782,0.4904172015358149
tm306668,amine oudrhiri_1992,2324,0.00017428145952835355,0.011445284306421385,0.6209032396122511,0.36694128177558244,6.39285776446924e-05,0.00017210577132696804,0.0002998784972450241,3,2425,0.003585959324091888,0.28420091994858376,0.1252351692818672,0.5613551975613892,0.0039630180589488185,0.008776671829476564,0.012883063995642588,4,0.0034116778645635346,0.2727556356421624,-0.49566807033038396,0.19441391578580675,0.003899089481304126,0.008604566058149596,0.012583185498397563,0.5983144026115877,3,0.7210009242616578,1.0815952490052512,0.3605943247435933
tm308371,mikel villanueva_1993,2324,9.134346787324042e-05,0.9945003942011115,0.002338088172793778,0.0024755062181409213,5.91282038295901e-05,0.00022547752588874314,0.00031006221036231275,2,2425,0.0002101820896229519,0.9883555181200488,0.005511598909371471,0.003992743491502313,0.0003288200446718373,0.0008794516815627719,0.0007216856632199941,2,0.00011883862174971149,-0.006144876081062622,0.003173510736577693,0.0015172372733613915,0.0002696918408422472,0.0006539741556740288,0.0004116234528576814,0.007116686019053556,2,0.04032940736134306,0.07812021149414038,0.03779080413279732
tm314944,ricardo mangas_1998,2324,0.08203678482352252,0.02295108514000295,0.38434140702326974,0.4973312750194661,0.0018942695607089292,0.0039004575728833336,0.007544720860146473,4,2425,0.017189249148033475,0.00546694670061358,0.012645405540098185,0.036820028171149495,0.011035124325990745,0.9092905575484067,0.0075526885657080265,6,-0.06484753567548904,-0.01748413843938937,-0.37169600148317156,-0.4605112468483166,0.009140854765281816,0.9053900999755233,7.967705561553844e-06,1.0837685234089651,6,1.077048259923132,0.44825894637129,-0.6287893135518419
tm325443,viktor gyokeres_1998,2324,0.057623991298368524,0.0030857384813089053,0.0027994772989370325,0.006745725954215314,0.5214602796733447,0.06294120886201968,0.3453435784318058,5,2425,0.015131637558829457,0.0018479198600921045,0.003184608797552612,0.004390889671367987,0.04012940679006337,0.01949026317887572,0.9158252741432188,7,-0.042492353739539065,-0.0012378186212168008,0.0003851314986155793,-0.002354836282847327,-0.48133087288328136,-0.043450945683143956,0.5704816957114129,0.48515999399455484,5,1.1132402169833586,0.4035105761615285,-0.7097296408218301
tm329722,andre horta_1996,2324,0.8675301819584038,0.003406973847878958,0.02332792226569701,0.05347746265866473,0.030750738631030772,0.012171488755003705,0.009335231883321082,1,2425,0.5231540728656532,0.024863671997517534,0.08768392019542777,0.055674969027624414,0.009500837209037638,0.0440066990642701,0.25511582964046936,1,-0.3443761090927506,0.021456698149638576,0.06435599792973076,0.002197506368959684,-0.021249901421993136,0.03183521030926639,0.24578059775714828,0.3530819406865771,1,0.591277421743438,1.3352100610386286,0.7439326392951906
tm33829,jose fonte_1983,2324,0.0001361840273017324,0.991401491816749,0.00330330738431006,0.003814360211083197,0.00013501018474581608,0.0006194119753588529,0.000590234400451471,2,2425,1.0814136257483549e-05,0.9993432708051178,0.0002580546528181167,0.00025246514555142796,2.7664078095206905e-05,4.0438250107954144e-05,6.729293205197955e-05,2,-0.00012536989104424887,0.007941778988368786,-0.0030452527314919434,-0.003561895065531769,-0.00010734610665060917,-0.0005789737252508987,-0.0005229414683994914,0.009240939645260056,2,0.06005380381057063,0.0063496397292055,-0.05370416408136513
tm344395,jorge fernandes_1997,2324,3.1733016644508624e-06,0.9992502059671053,0.0004275145403255153,0.00029593158402347176,2.4029951368996856e-06,7.934253071780948e-06,1.2837358672561467e-05,2,2425,6.730964316338498e-05,0.9938624074452874,0.003504924376391953,0.0016853771772463127,0.00011559504181323436,0.00016436954560530007,0.0006000167704923449,2,6.413634149893412e-05,-0.005387798521817921,0.003077409836066438,0.001389445593222841,0.00011319204667633467,0.00015643529253351913,0.0005871794118197834,0.006361664969002211,2,0.006779563401921117,0.044274515910384206,0.03749495250846309
tm344474,ilija vukotic_1999,2324,0.0003646541982263541,0.021424979918545677,0.3742902591797878,0.6019147488829723,0.00037083095372374966,0.0009525937404406837,0.0006819331263036403,4,2425,0.0005639967242097202,0.00028002870660870995,0.0008269076827458625,0.9957531664348517,0.0001677968363477791,0.0022991931654929095,0.000108910449743107,4,0.00019934252598336605,-0.021144951211936967,-0.37346335149704196,0.3938384175518794,-0.00020303411737597056,0.0013465994250522258,-0.0005730226765605334,0.5431690135705771,4,0.7731345353944507,0.033037281612881254,-0.7400972537815694
tm344519,bruno costa_1997,2324,0.008344129873157047,0.04568889644586594,0.8505710370346956,0.08109046350926252,0.0009305389009406893,0.0026286297451626472,0.010746304490915626,3,2425,0.2649697586813684,0.014024896138797111,0.1522161648514233,0.18960646395432249,0.010449808076781067,0.34181345664105767,0.026919451656250044,6,0.2566256288082114,-0.031664000307068826,-0.6983548721832723,0.10851600044505996,0.009519269175840377,0.339184826895895,0.01617314716533442,0.8255128923362756,3,0.5931327842391886,1.5254863575262203,0.9323535732870317
tm357162,florentino luis_1999,2324,0.0013761571707707337,0.1520764785391918,0.5809302633382242,0.22969781482405302,0.0011210910091154584,0.003910230164727644,0.030887964953917192,3,2425,0.006198544402914878,0.09752801836973585,0.10833696588712462,0.7046987822646834,0.01090182833547163,0.016778378500411396,0.05555748223965802,4,0.004822387232144144,-0.05454846016945594,-0.47259329745109957,0.47500096744063036,0.009780737326356172,0.012868148335683753,0.02466951728574083,0.6724807698774368,4,1.0855886121195484,1.0243590952333061,-0.06122951688624223
tm364244,godfried frimpong_1999,2324,0.04584798893583521,0.6651761439537858,0.15489633227129718,0.03906038524368667,0.015730828907507384,0.011559453383221938,0.0677288673046659,2,2425,0.003986189267881707,0.7845565559290321,0.16866368504701323,0.016191796260676874,0.003074050060697255,0.01620851398872519,0.007319209445973545,2,-0.0418617996679535,0.11938041197524629,0.013767352775716057,-0.022868588983009797,-0.01265677884681013,0.004649060605503252,-0.06040965785869236,0.12999389683610135,2,1.1272751876301423,0.6999322593454174,-0.427342928284725
tm366278,rodrigo pinho_1991,2324,0.07068862614076198,0.0018480346865338516,0.0013533730515434736,0.005510626686504666,0.7989573466761366,0.10581762046938743,0.015824372289131982,5,2425,0.032639504982364176,0.010133618833389558,0.015661961849163325,0.04742019870262031,0.5674475708203985,0.23222813018956492,0.09446901462249907,5,-0.0380491211583978,0.008285584146855707,0.014308588797619851,0.04190957201611565,-0.23150977585573806,0.12641050972017748,0.07864464233336708,0.27028490107666686,5,0.7191243693325673,1.2513810475294174,0.5322566781968501
tm367468,nuno santos_1999,2324,0.8109678050755321,0.004040488852719015,0.011567173477718426,0.024822298482928155,0.027361917732151863,0.10351780719344199,0.017722509185508408,1,2425,0.7112490927809841,0.0014513594076684374,0.00984888104713305,0.010843810167559255,0.0112248016765073,0.2530351137007667,0.0023469412193811196,1,-0.09971871229454798,-0.002589129445050578,-0.0017182924305853761,-0.0139784883153689,-0.016137116055644565,0.1495173065073247,-0.015375567966127289,0.18101024086284342,6,0.7402343450471441,0.7587283986593462,0.01849405361220202
tm367652,rodrigo abascal_1994,2324,4.599618700662776e-05,0.9949874832437966,0.0029932702432087697,0.0016236336526189933,5.2679458143059156e-05,0.00013609366105396593,0.00016084355417185433,2,2425,2.17756603206076e-05,0.995973872384883,0.0034045260615326645,0.0003989353884573829,2.6733460654784395e-05,5.837352853286551e-05,0.00011578351561850892,2,-2.4220526686020157e-05,0.0009863891410863967,0.0004112558183238949,-0.0012246982641616103,-2.5945997488274762e-05,-7.772013252110042e-05,-4.5060038553345404e-05,0.001627661196839374,4,0.03641856463477236,0.02862084067763024,-0.0077977239571421185
tm373187,maracas_1994,2324,0.0025353121331193103,0.9073702508340242,0.02920272648169782,0.040886871887651895,0.003947089188934481,0.00470011240204148,0.01135763707253082,2,2425,0.00046508235702165076,0.9681393014810241,0.01792583531744215,0.008908344033158653,0.0010974904589770218,0.0020710140158196185,0.0013929323365566282,2,-0.0020702297760976595,0.06076905064699989,-0.011276891164255669,-0.03197852785449324,-0.002849598729957459,-0.0026290983862218616,-0.009964704735974193,0.06972797327601568,2,0.43515370861199126,0.17849734901697697,-0.2566563595950143
tm374987,elves balde_1999,2324,0.7208974552085924,0.007881423619437687,0.030439121798543467,0.06132321039451306,0.027711722228675635,0.10890462959145966,0.04284243715877803,1,2425,0.4320942456241788,0.002264461321903795,0.03705615511963524,0.010582384812939098,0.021269101363687287,0.4886520576650228,0.008081594092632947,6,-0.2888032095844136,-0.005616962297533892,0.0066170333210917726,-0.05074082558157396,-0.006442620864988348,0.3797474280735631,-0.03476084306614508,0.4799029872114558,6,1.027382495237055,1.0173744820101591,-0.010008013226895818
tm375376,pedro alvaro_2000,2324,0.00014193645495150825,0.9883622761997365,0.006740655113317188,0.003530639679496821,0.00014074454095698084,0.0005097849487364439,0.0005739630628045715,2,2425,4.618568034288128e-05,0.9943823725914053,0.0031610377543170435,0.0015973085934435957,0.0002638129211062039,0.0002179095629716979,0.00033137289641322297,2,-9.575077460862697e-05,0.006020096391668783,-0.0035796173590001445,-0.0019333310860532255,0.00012306838014922305,-0.00029187538576474603,-0.0002425901663913485,0.007273410160851954,2,0.07585945324078804,0.04121251104776807,-0.03464694219301997
tm379249,matheus reis_1995,2324,0.025402199976436314,0.5030173638285729,0.3527503277587665,0.10101632143682478,0.002424174114454679,0.003468839861711826,0.011920773023232934,2,2425,0.004304243753292421,0.09827608442979505,0.8662878543865532,0.017171219541853553,0.0019448864603673697,0.00835343697964599,0.0036622744484925804,3,-0.021097956223143893,-0.4047412793987778,0.5135375266277866,-0.08384510189497123,-0.0004792876540873094,0.004884597117934163,-0.008258498574740354,0.6595722161966617,3,1.1251290937634806,0.5182433178499394,-0.6068857759135412
tm383014,goncalo costa_2000,2324,0.05807029468993523,0.14447906212284148,0.5908407843945315,0.10986878777239215,0.008086436776655825,0.012603988671318242,0.07605064557232567,3,2425,0.04633750633951207,0.07750679867190445,0.1558685547925208,0.5097668380297741,0.05322515473094841,0.0774059970176169,0.07988915041772338,4,-0.011732788350423157,-0.06697226345093703,-0.43497222960201065,0.3998980502573819,0.045138717954292584,0.06480200834629865,0.0038385048453977028,0.5999825311316057,3,1.2883504850897454,1.5298245245053919,0.2414740394156465
tm383807,kikas_1998,2324,0.011562707906489564,0.001049742212406769,0.0010102766039391915,0.001993340321460383,0.8481143491039989,0.11365233174524665,0.022617252106458867,5,2425,0.011432256705342703,0.0024159240262819084,0.006966865403908167,0.008773781417404246,0.834067710053412,0.10725396313906628,0.029089499254584778,5,-0.0001304512011468615,0.0013661818138751393,0.005956588799968976,0.006780441095943863,-0.014046639050586895,-0.006398368606180371,0.006472247148125911,0.01793281883279791,5,0.550698181029828,0.6355137199843108,0.0848155389544828
tm390638,arthur cabral_1998,2324,0.012636480532114129,0.0033678710862728866,0.001472926408257192,0.006436798486208404,0.7662889487605943,0.17787354171096448,0.03192343301558852,5,2425,0.01250524749369422,0.007874515351409985,0.011015231317610855,0.018896840062837192,0.33402868353825915,0.04239207526433168,0.573287406971857,7,-0.0001312330384199093,0.004506644265137099,0.009542304909353663,0.012460041576628788,-0.4322602652223351,-0.13548146644663278,0.5413639739562685,0.45328887028508746,5,0.7375652829349018,1.0368205280463216,0.2992552451114199
tm394328,rafik guitane_1999,2324,0.45079295515183526,0.018351349922763563,0.06687353391551774,0.26818126551662963,0.07984033665129081,0.10040706401118951,0.015553494830773373,1,2425,0.10886676407036393,0.044432661598444716,0.21835085541710858,0.08184293945984746,0.038919572237031366,0.31116921180640156,0.19641799541080238,6,-0.3419261910814713,0.026081311675681153,0.15147732150159082,-0.1863383260567822,-0.040920764414259445,0.21076214779521205,0.180864500580029,0.4704851725151867,1,1.4637375599769236,1.7261628406450171,0.26242528066809356
tm395632,marious vrousai_1998,2324,0.006641446423870641,0.009431398476024734,0.12576219865795277,0.8518148218784597,0.0007085323717288656,0.004256062499412515,0.0013855396925508622,4,2425,0.01158958076500783,0.12192031425125412,0.6793475903848871,0.15704839451603772,0.0019644363685944258,0.02348615042460131,0.004643533289617547,3,0.004948134341137189,0.11248891577522938,0.5535853917269343,-0.694766427362422,0.0012559039968655602,0.019230087925188794,0.003257993597066685,0.8956599735980231,4,0.5121515041686312,0.986903486976618,0.4747519828079868
tm396342,toni borevkovic_1997,2324,0.00029259418675056225,0.9850018676567965,0.006668520927448838,0.006082375048029279,0.00018994012421744253,0.000624472565735921,0.0011402294910216994,2,2425,1.7110508812918598e-06,0.9998835827575085,6.17458418122108e-05,3.332927741149505e-05,4.332172515487351e-06,5.558067657414117e-06,9.740832213962443e-06,2,-0.0002908831358692704,0.014881715100712012,-0.006606775085636628,-0.006049045770617783,-0.00018560795170195519,-0.000618914498078507,-0.001130488658807737,0.01738413053829203,2,0.09567408002806513,0.0013143502963806194,-0.09435972973168451
tm402112,morlaye sylla_1998,2324,0.020722340677102397,0.02094810232983564,0.2222113765067824,0.7194134836398524,0.005865625901357771,0.00642426617018503,0.004414804774884626,4,2425,0.2526832620566735,0.039814025003236844,0.1139815144280877,0.44465784416006254,0.020703309631136566,0.11412556884030604,0.01403447588049689,4,0.2319609213795711,0.018865922673401203,-0.10822986207869471,-0.2747556394797898,0.014837683729778796,0.10770130267012101,0.009619671105612265,0.39138968306842964,4,0.818970295949833,1.4717017973435202,0.6527315013936873
tm406151,ze pedro figueiredo_1997,2324,0.0017596695160814392,0.9506075447141572,0.008412373942322958,0.030483471724980688,0.001491116106185064,0.004720353210752888,0.0025254707855195723,2,2425,7.403548699454137e-42,1.0,3.952962248982986e-40,1.904735336245471e-40,1.108181203983159e-41,1.8116263190755192e-41,3.278632269618576e-41,2,-0.0017596695160814392,0.049392455285842796,-0.008412373942322958,-0.030483471724980688,-0.001491116106185064,-0.004720353210752888,-0.0025254707855195723,0.05888315821522626,2,0.2560042550235213,1.6578612669557127e-10,-0.2560042548577352
tm410281,renato pantalon_1997,2324,0.0001699030910828959,0.9894365332194249,0.0037259584361793536,0.004818928607195895,0.00033238324351425765,0.0008015265508485814,0.000714766851754115,2,2425,8.696946010596467e-06,0.9994451852286328,0.00023511893656289747,0.00022775845697393485,1.186962219787103e-05,2.3514591906714264e-05,4.7856217715079835e-05,2,-0.00016120614507229942,0.010008652009207863,-0.003490839499616456,-0.00459117015022196,-0.0003205136213163866,-0.0007780119589418671,-0.0006669106340390352,0.011583261104400056,2,0.07208307454343889,0.005392057159168294,-0.06669101738427059
tm412367,weverson_2000,2324,3.336183862704725e-05,0.9967128882310098,0.0023904963283064794,0.0007629470722923098,1.176693900057787e-05,3.276903925548486e-05,5.57705515083946e-05,2,2425,0.0019307758895221272,0.23129257402040143,0.75047786478616,0.008567448292889348,0.0008907975980816946,0.004742485123866825,0.0020980542890785075,3,0.0018974140508950799,-0.7654203142106084,0.7480873684578535,0.007804501220597038,0.0008790306590811167,0.004709716084611341,0.002042283737570113,1.070322583519727,2,0.02455008652994338,0.6514687369638533,0.6269186504339099
tm412669,francisco trincao_1999,2324,0.45852501076286406,0.004279318959157163,0.009296674761685794,0.021374083285153857,0.4320701926303164,0.03006314155849415,0.044391578042328676,1,2425,0.7266297966763668,0.0039367442722391165,0.01358845991001629,0.01741054710590863,0.0415559096381448,0.12178838412937416,0.07509015826795011,1,0.2681047859135028,-0.00034257468691804675,0.0042917851483304965,-0.0039635361792452264,-0.39051428299217156,0.09172524257088002,0.030698580225621434,0.48252393512811514,5,1.1127569332012086,0.9657876619246794,-0.14696927127652926
tm413118,sikou niakate_1999,2324,0.00012844399343136324,0.9935307489718431,0.0022120062782633536,0.003427809805349698,5.704610445333752e-05,0.00031213501907042553,0.0003318098275885223,2,2425,3.6932591400666216e-05,0.9973120632206168,0.001620790429437509,0.0006152370724832469,0.00011622587273620239,0.0001452046925793166,0.00015354612074637767,2,-9.151140203069702e-05,0.003781314248773704,-0.0005912158488258447,-0.002812572732866451,5.917976828286487e-05,-0.00016693032649110892,-0.00017826370684214464,0.004753754444765087,2,0.046313828918065174,0.02170794611258884,-0.024605882805476334
tm415525,kanya fujimoto_1999,2324,0.35073662825251156,0.03715484589280606,0.054958351763541795,0.46202468662304474,0.04406708764341743,0.030983472369502198,0.020074927455176104,4,2425,0.4160334619384929,0.0041300210503536,0.06183799094744495,0.06354411662261217,0.045708922994928604,0.40074629403674933,0.00799919240941846,1,0.06529683368598133,-0.033024824842452456,0.0068796391839031565,-0.3984805700004326,0.0016418353515111755,0.3697628216672471,-0.012075735045757645,0.5485577905372464,4,1.3296861020659134,1.2808770460479804,-0.04880905601793306
tm415645,alexandre pinto_1998,2324,7.461870768388892e-05,0.9909128074259832,0.006401369190370328,0.002209050402870531,2.8169819990275076e-05,0.0001272414236825882,0.0002467430294189963,2,2425,0.00443379398755022,0.4048446178897758,0.5493671468345307,0.02215539316352788,0.0015748248284206661,0.011328973344501869,0.006295249951692736,3,0.0043591752798663305,-0.5860681895362074,0.5429657776441603,0.01994634276065735,0.001546655008430391,0.011201731920819281,0.0060485069222737395,0.7992699721729593,2,0.05908469056518561,0.8964009942039083,0.8373163036387227
tm420196,justin de haas_2000,2324,0.00012280331925300573,0.9911596469374102,0.002509980266642576,0.005420712610914578,8.790102192325637e-05,0.0004544849193071494,0.00024447092454928646,2,2425,6.143643311281672e-05,0.9956914545358,0.0020689213734932377,0.0015933544398782616,0.00011913541077794066,0.00021853025344575796,0.0002471675534919077,2,-6.136688614018901e-05,0.004531807598389781,-0.00044105889314933816,-0.0038273581710363165,3.12343888546843e-05,-0.00023595466586139144,2.6966289426212393e-06,0.005953225991977069,2,0.05957010227371264,0.03291787808092532,-0.026652224192787323
tm426620,pedro goncalves_1998,2324,0.746133517931276,0.003162118307247361,0.005547352358539798,0.010378932415040412,0.152934833493207,0.020345754964961455,0.061497490529728076,1,2425,0.44781289329981994,0.004257568841512084,0.02508514367548677,0.012576797076029416,0.16164877691994695,0.12201854946876882,0.22660027071843597,1,-0.2983206246314561,0.0010954505342647227,0.019537791316946974,0.002197864660989004,0.00871394342673995,0.10167279450380737,0.1651027801887079,0.31590543037948177,1,0.850852976217215,1.4181485544465462,0.5672955782293312
tm428786,alan_2000,2324,0.5573911312674517,0.010297186665478483,0.08913085941739846,0.30441153570402935,0.009574543807417974,0.013792029814727476,0.015402713323496603,1,2425,0.5374634688031977,0.0011168421639415852,0.01648530792853997,0.013122303400087442,0.004106739945661523,0.4239620791229254,0.003743258635646319,1,-0.019927662464253926,-0.009180344501536897,-0.07264555148885848,-0.2912892323039419,-0.005467803861756451,0.4101700493081979,-0.011659454687850283,0.5088001077951503,6,1.1183216820708342,0.8731314630679994,-0.24519021900283477
tm429309,jordan holsgrove_1999,2324,0.05044407496015827,0.013894645168889302,0.7180181004341563,0.20466427529343909,0.004015857294772653,0.0029124568830557755,0.006050589965528829,3,2425,0.20911374102523603,0.030342196290165845,0.1772542418046862,0.4442743810500599,0.0037244291044908184,0.12557780186492035,0.009713208860440734,4,0.15866966606507776,0.016447551121276542,-0.5407638586294701,0.2396101057566208,-0.0002914281902818344,0.12266534498186457,0.0036626188949119044,0.624765564221919,3,0.8426817687830028,1.4268116811305318,0.584129912347529
tm433358,tomas ribeiro_1999,2324,0.00012153461600627619,0.9948303485224984,0.002015786895997816,0.002558781948974921,5.6354235942036975e-05,0.0002461189153729206,0.0001710748652076546,2,2425,0.03265876485659319,0.2411310169947711,0.14283268908398328,0.3004639353182029,0.06433937689611892,0.10667045344265373,0.11190376340767676,4,0.03253723024058692,-0.7536993315277273,0.14081690218798545,0.297905153369228,0.06428302266017688,0.10642433452728081,0.11173268854246911,0.832560316148169,2,0.03811513555422296,1.7543174173855933,1.7162022818313705
tm437566,claudio falcao_1994,2324,0.0008279575635027821,0.036726696268917,0.5043319799745031,0.45183566814686255,0.0008920486486318839,0.002013659950402816,0.0033719894471799486,3,2425,0.0026442976875891843,0.471869833800097,0.3962439679686594,0.10638268481083715,0.0033387031100495248,0.0054044085149826055,0.014116104107785188,2,0.0018163401240864022,0.43514313753118,-0.10808801200584367,-0.34545298333602537,0.002446654461417641,0.0033907485645797895,0.01074411466060524,0.5660310190801766,2,0.8693688992432554,1.0826722834190534,0.21330338417579797
tm448470,andre franco_1998,2324,0.09026248454095988,0.037643005785998704,0.5022328990162671,0.3402410202560683,0.005797286229929147,0.006211341430415798,0.017611962740360986,3,2425,0.016829765454035858,0.012766899026512716,0.24031199919345816,0.596975919542087,0.014811594249001797,0.10364374228533366,0.014660080249570892,4,-0.07343271908692402,-0.02487610675948599,-0.261920899822809,0.25673489928601867,0.00901430801907265,0.09743240085491786,-0.0029518824907900938,0.38742855042035385,3,1.1857943796459356,1.1342609521639588,-0.05153342748197676
tm448920,enea mihaj_1998,2324,3.348632671276873e-05,0.997995254476096,0.0009986051789376879,0.0007698541515119261,2.115324696552157e-05,6.898641513864151e-05,0.00011266020463702125,2,2425,2.669438971919221e-06,0.9998495263547342,7.238993425854855e-05,4.65249737483121e-05,5.6852315083951686e-06,9.664821362055712e-06,1.3539245416714584e-05,2,-3.0816887740849504e-05,0.0018542718786381807,-0.0009262152446791393,-0.000723329177763614,-1.54680154571264e-05,-5.93215937765858e-05,-9.912095922030666e-05,0.002196386115952521,2,0.01667952391683603,0.0016709950182498114,-0.015008528898586218
tm451858,rui costa_1996,2324,0.3415170832950053,0.0015317197498678442,0.0019111941097574657,0.007008188702409914,0.4239089165271746,0.19780107421296206,0.026321823402822988,5,2425,0.07520699122043029,0.005833735679389087,0.01635277723600764,0.017451769363294768,0.3911319270064168,0.3100859588421921,0.18393684065226942,5,-0.266310092074575,0.004302015929521243,0.014441583126250174,0.010443580660884855,-0.032776989520757804,0.11228488462923003,0.15761501724944643,0.291443693601839,1,1.2036599621300543,1.404199340350489,0.20053937822043477
tm452607,alexander bah_1997,2324,0.03750343814589716,0.39396206129432776,0.3777071401350432,0.10344372813340126,0.0174418898492663,0.009118447841718733,0.060823294600345315,2,2425,0.00828345222270656,0.6964453427405144,0.22160802968850588,0.02889920657670903,0.0018244596752970458,0.011148886586326096,0.031790622509941094,2,-0.029219985923190604,0.30248328144618664,-0.15609911044653732,-0.07454452155669222,-0.015617430173969256,0.0020304387446073626,-0.02903267209040422,0.3500311242087698,2,1.3762923896652597,0.8992715296682241,-0.4770208599970356
tm45320,angel di maria_1988,2324,0.43469076832118003,0.0038748781394765367,0.006112937569345716,0.009963268120469602,0.11390275770391031,0.045220733747208794,0.38623465639840904,1,2425,0.7647308504438411,0.0016396040812141275,0.009431603498577695,0.005868790590804098,0.017396935773485854,0.12665681919710195,0.07427539641497503,1,0.3300400821226611,-0.0022352740582624094,0.003318665929231979,-0.004094477529665504,-0.09650582193042445,0.08143608544989316,-0.311959259983434,0.353418222828575,1,1.215631736855186,0.8150855137444498,-0.4005462231107363
tm454121,galeno_1997,2324,0.9006273486791874,0.002800771590087858,0.007624404363702913,0.020234213364516532,0.03939626094476757,0.011447741355621847,0.01786925970211593,1,2425,0.22822726237107238,0.039382112281319784,0.03461070411491509,0.3057965435653935,0.039117983365566,0.2546378896632902,0.098227504638443,4,-0.672400086308115,0.03658134069123192,0.026986299751212178,0.28556233020087696,-0.00027827757920156904,0.24319014830766836,0.08035824493632707,0.7712818557636776,1,0.4773260649921027,1.6463445205579585,1.1690184555658558
tm454567,orkun kokcu_2000,2324,0.39283985638167357,0.011695818601171417,0.03358412008881904,0.07357827005635606,0.36893029146364903,0.05109159413481356,0.06828004927351752,1,2425,1.0,7.403548699454137e-42,9.459960075028337e-41,1.230316907857072e-40,2.770537770439475e-41,1.0931244644888648e-39,3.278632269618576e-41,1,0.6071601436183265,-0.011695818601171417,-0.03358412008881904,-0.07357827005635606,-0.36893029146364903,-0.05109159413481356,-0.06828004927351752,0.7169670829743121,1,1.4281546668744076,1.6578612669557127e-10,-1.4281546667086216
tm454576,robert bozenik_1999,2324,0.047219990176098466,0.002812337343068892,0.0024774243504702793,0.009213522679810585,0.2868696981175432,0.5906466377660401,0.060760389566968546,6,2425,0.04539756591275322,0.01517736938256005,0.035331203577196046,0.06488483915249513,0.2811474929401894,0.28538698484067215,0.27267454419413384,6,-0.0018224242633452445,0.012365032039491157,0.03285377922672577,0.05567131647268454,-0.0057222051773537785,-0.30525965292536794,0.21191415462716529,0.3123316840652279,6,1.0581273017863317,1.5684505730180396,0.5103232712317078
tm458715,robson bambu_1997,2324,1.862394459396006e-06,0.9997048149307725,0.00013313286701449533,0.00014743829543221524,1.6580276729926104e-06,3.465203313700065e-06,7.628281334750948e-06,2,2425,0.0023086641337633235,0.6503068726530526,0.23419473653134745,0.05304639002980153,0.023132830697095107,0.02129386226418108,0.015716643690758654,2,0.0023068017393039274,-0.3493979422777198,0.23406160366433296,0.052898951734369315,0.023131172669422113,0.02129039706086738,0.015709015409423904,0.4250361266560241,2,0.002964052407304876,1.0239521545229637,1.0209881021156588
tm461496,morten hjulmand_1999,2324,0.00023397243685973693,0.004545643006363561,0.37334440922855816,0.6212036762159792,0.00017555450259675894,0.00021554746367713633,0.0002811971459655243,4,2425,0.0027076096647485016,0.010707202494968088,0.054625094238555945,0.9190478057520549,0.0007116572566042752,0.010685048679532993,0.001515581913535356,4,0.0024736372278887646,0.006161559488604527,-0.3187193149900022,0.29784412953607575,0.0005361027540075163,0.010469501215855857,0.0012343847675698317,0.43640246196044474,3,0.6957022367686578,0.36447183179404435,-0.3312304049746135
tm461629,gustavo assuncao_2000,2324,6.425920360365298e-05,0.004026422666585243,0.9647996419201427,0.030636807368679925,4.015056964828012e-05,0.00010136356573589105,0.0003313547056041549,3,2425,0.001941427984027405,0.01463863115045176,0.08963984266390343,0.8843636598107204,0.000829941248654487,0.005358518495135346,0.0032279786471069703,4,0.0018771687804237521,0.010612208483866518,-0.8751597992562392,0.8537268524420405,0.0007897906790062069,0.005257154929399455,0.0028966239415028155,1.2226604667664764,3,0.16817871826314068,0.45126501110709777,0.2830862928439571
tm461937,nuno goncalo moreira_1999,2324,0.8600294434052594,0.0037450469225275614,0.02956420456815093,0.057113039936611314,0.018173960913599532,0.028475710196895248,0.0028985940569560124,1,2425,0.7670253850052577,0.0011651252378627594,0.01191627754719924,0.01584168416400606,0.038240061099910176,0.1522551589722715,0.013556307973492483,1,-0.0930040584000017,-0.002579921684664802,-0.01764792702095169,-0.04127135577260525,0.020066100186310644,0.12377944877537624,0.010657713916536471,0.16246595128222643,6,0.609319085105286,0.7994547570952595,0.1901356719899735
tm461943,daniel braganca_1999,2324,0.1615249655227784,0.029440492610450068,0.3567133221539985,0.3402861315344387,0.04606779200325782,0.022901137312506304,0.043066158862570134,3,2425,0.890320178940578,0.0027382679376435595,0.00996895766245269,0.038164113984513456,0.011744582166238875,0.035442114934831265,0.01162178437374204,1,0.7287952134177996,-0.02670222467280651,-0.3467443644915458,-0.30212201754992524,-0.03432320983701895,0.01254097762232496,-0.03144437448882809,0.8629601372899539,1,1.4965021401173482,0.512509789248913,-0.9839923508684352
tm466805,nicolas gonzalez_2002,2324,0.00039417117736556973,0.0024503726770741716,0.013010049659483944,0.9831346880509941,0.0001950892363997796,0.0005374265725495047,0.0002782026261326919,4,2425,0.1729085592890409,0.012658931928422512,0.12152883383201105,0.3952587856497055,0.18776565576424445,0.0808063056538769,0.029072927882698635,4,0.17251438811167533,0.01020855925134834,0.1085187841725271,-0.5878759024012886,0.18757056652784468,0.0802688790813274,0.028794725256565942,0.654878341607429,4,0.09902289112057568,1.6019770195841077,1.502954128463532
tm468332,ismael_1999,2324,0.0021756134971980517,0.24008073319031345,0.4571306357526053,0.27615737996796835,0.003020963112389457,0.009993010460744247,0.011441664018781127,3,2425,0.0018369290150074772,0.03582730641580715,0.15515500130631574,0.7962364252891246,0.001005804700893238,0.005428201061874348,0.004510332210977417,4,-0.0003386844821905745,-0.2042534267745063,-0.3019756344462896,0.5200790453211563,-0.0020151584114962186,-0.0045648093988698984,-0.00693133180780371,0.6351503543146166,4,1.1837749249178637,0.6609959096316205,-0.5227790152862433
tm471582,zaydou youssouf_1999,2324,0.0009959232192103455,0.00575607022293767,0.30836094280838794,0.6834120558802521,0.00024720045903645944,0.0005114469147864827,0.0007163604953890147,4,2425,0.0003016729514352315,0.000373671000872001,0.0015001168882821498,0.9962266434533591,8.743360787854787e-05,0.0013520406932454661,0.00015842140492756374,4,-0.000694250267775114,-0.005382399222065669,-0.3068608259201058,0.312814587573107,-0.00015976685115791156,0.0008405937784589834,-0.000557939090461451,0.4382313510134454,4,0.6706145463762458,0.030049812509434417,-0.6405647338668115
tm478365,moura_1999,2324,0.008429111085849835,0.9084178010292082,0.057033714778739454,0.01400414732129965,0.0017264197052418585,0.0025896827054842386,0.007799123374176766,2,2425,0.15101697040010964,0.06990908452208879,0.25378310513242136,0.1539553262128954,0.026856511536936377,0.2043833224960064,0.140095679699542,3,0.1425878593142598,-0.8385087165071194,0.1967493903536819,0.13995117889159575,0.02513009183169452,0.20179363979052217,0.13229655632536524,0.9072359202188311,2,0.41490125153690854,1.8045514976427057,1.3896502461057971
tm478366,miguel reisinho_1999,2324,0.0005032209694837924,0.0076358687266477945,0.16314271436897784,0.8276138172082634,0.00028667647546120294,0.00036099277232705905,0.00045670947883884327,4,2425,0.01934651003122984,0.08369881462585375,0.15027608287927882,0.5806869787826272,0.022978075184859482,0.12257864317669975,0.020434895319451186,4,0.018843289061746045,0.07606294589920595,-0.01286663148969902,-0.24692683842563623,0.02269139870939828,0.1222176504043727,0.019978185840612343,0.2876301595244427,4,0.5021490993100698,1.3078844411914428,0.805735341881373
tm479648,felix correia_2001,2324,0.782161183908834,0.005679679915034679,0.016079980572797654,0.034869658764012525,0.06584993602080605,0.08419088235387502,0.0111686784646401,1,2425,0.07809486415081039,0.002011270517822235,0.012329771279959986,0.020597083411810477,0.013694196819912161,0.8613579436054826,0.011914870214202197,6,-0.7040663197580237,-0.003668409397212444,-0.003750209292837668,-0.014272575352202048,-0.05215573920089389,0.7771670612516075,0.0007461917495620966,1.0500711749915284,6,0.8426624873609575,0.5858802681745056,-0.25678221918645194
tm479649,goncalo borges_2001,2324,0.07765566861024928,0.007591776378633061,0.016302416183210454,0.02044220002477381,0.013681333122643774,0.030275196905421835,0.8340514087750678,7,2425,0.7109267725859169,0.00177843637933782,0.02489480462423409,0.012860851698370477,0.04856420324790895,0.12429106253805404,0.07668386892617769,1,0.6332711039756675,-0.005813339999295241,0.008592388441023637,-0.007581348326403331,0.03488287012526518,0.0940158656326322,-0.75736753984889,0.6412902538265377,1,0.6980800794838097,1.0047410701250479,0.3066609906412382
tm481627,sandro cruz_2001,2324,0.001244202838915382,0.3380726110815542,0.5525302890048926,0.10632089607860604,0.0003428155295435765,0.0004674161753550791,0.001021769291132926,3,2425,0.0002864941141394134,0.967845141732181,0.024386897237702897,0.005760160299015315,0.00015188172264331555,0.0009191255142187844,0.0006502993800993379,2,-0.0009577087247759687,0.6297725306506268,-0.5281433917671897,-0.10056073577959072,-0.00019093380690026097,0.00045170933886370533,-0.0003714699110335881,0.82804740317993,2,0.954399490206352,0.16677316210884813,-0.7876263280975038
tm490760,duplexe tchamba_1998,2324,7.091270730733675e-05,0.9945060671837053,0.002058862199404322,0.0030480030800993096,6.186882966617566e-05,0.0001360817341189353,0.00011820426569855706,2,2425,0.00042169050682880875,0.9749398028942765,0.013889948510319595,0.007271478586910294,0.001039693866718172,0.0011176564723393676,0.001319729162607128,2,0.000350777799521472,-0.01956626428942876,0.011831086310915274,0.004223475506810985,0.0009778250370519963,0.0009815747382204323,0.0012015248969085709,0.02329578766067311,2,0.039429426464361095,0.14671337211874447,0.10728394565438337
tm495601,victor gomez_2000,2324,0.004369383591621008,0.8933316314397814,0.08062419040129738,0.016939999244164786,0.0005263564001307302,0.0007913708841426891,0.003417068038861902,2,2425,0.003858822005630214,0.7310848947958867,0.24528935743369623,0.009574925773345334,0.0008039208905255646,0.0038890572221989416,0.005499021878716988,2,-0.0005105615859907942,-0.16224673664389477,0.16466516703239886,-0.007365073470819453,0.00027756449039483444,0.0030976863380562524,0.0020819538398550858,0.23130671946240586,3,0.42562671599797797,0.6955827122217075,0.26995599622372957
tm504073,eduardo quaresma_2002,2324,0.0011122550570105453,0.9282781694703747,0.030543559782295664,0.03186069859240938,0.0015250436906247935,0.001611900390566161,0.005068373016718964,2,2425,0.0027793080789469803,0.7545450812529734,0.1371524049845437,0.07770137360439668,0.006743383048742108,0.008415258066064515,0.01266319096433258,2,0.001667053021936435,-0.1737330882174013,0.10660884520224803,0.0458406750119873,0.005218339358117314,0.006803357675498354,0.007594817947613616,0.20910833342925872,2,0.34005043004266944,0.829104761863323,0.4890543318206536
tm504075,rafael brito_2002,2324,0.008206187377779544,0.1466177628110514,0.5278815818681882,0.16898359311550168,0.004705243647659948,0.003967979591225151,0.139637651588594,3,2425,0.004459528341596061,0.11295949806264596,0.5189228135399818,0.34072165621656386,0.002628692903944703,0.009136049527042356,0.011171761408225194,3,-0.0037466590361834827,-0.03365826474840544,-0.008958768328206412,0.17173806310106218,-0.0020765507437152447,0.005168069935817205,-0.1284658901803688,0.17536293535785372,4,1.280670214388833,1.086463001761768,-0.19420721262706508
tm504087,tomas araujo_2002,2324,0.0037307744131563508,0.8286547572752554,0.05488917042115951,0.07643989071993051,0.007653284244971912,0.013748743336965484,0.014883379588560817,2,2425,0.010106184707229505,0.5207794184986247,0.23360939375787135,0.13562600045940573,0.012948587109151366,0.03669756697190388,0.05023284849581351,2,0.0063754102940731545,-0.30787533877663065,0.17872022333671184,0.05918610973947522,0.005295302864179454,0.022948823634938394,0.0353494689072527,0.36169942305388203,2,0.6913166584864688,1.3246813044109642,0.6333646459244954
tm512913,stephen eustaquio_1996,2324,0.0012969825693243033,0.003060228424686732,0.7591512854805517,0.23523677633800485,0.00034683647223326155,0.00040899254030296383,0.0004988981748961293,3,2425,0.0012559453976504925,0.20464988153793706,0.4477009376619554,0.3406487182012998,0.0006723617325185367,0.0034264926568859048,0.0016456628117528075,3,-4.103717167381086e-05,0.20158965311325033,-0.31145034781859626,0.10541194186329497,0.00032552526028527517,0.003017500116582941,0.0011467646368566783,0.3856949543923721,3,0.5856988496985488,1.0945979103087715,0.5088990606102227
tm520662,pepe_1997,2324,0.760590593647004,0.008964823167096675,0.02045849686114021,0.17951579843474955,0.011884915542340257,0.010260543900907765,0.008324828446761487,1,2425,1.0931244644888648e-39,1.8116263190755192e-41,3.992793715364393e-40,5.960802551714288e-40,3.845434121433547e-40,1.0,3.278632269618576e-41,6,-0.760590593647004,-0.008964823167096675,-0.02045849686114021,-0.17951579843474955,-0.011884915542340257,0.9897394560990922,-0.008324828446761487,1.2613280038740826,6,0.7778257026787263,1.6578612669557127e-10,-0.7778257025129401
tm524315,hidemasa morita_1995,2324,0.0008869601905916196,0.013156623559098744,0.1356191968470064,0.8487580825200267,0.00035173303334667624,0.0005782714664984978,0.0006491323834312614,4,2425,0.04898143824652614,0.02364110944266553,0.09039848368281213,0.789616793681114,0.007439751852601256,0.03255924978084994,0.007363173313430899,4,0.048094478055934524,0.010484485883566786,-0.04522071316419428,-0.059141288838912676,0.00708801881925458,0.03198097831435144,0.006714040929999637,0.09507171605186598,4,0.4852198853060924,0.8241921213568424,0.33897223605075
tm525602,alejandro marques_2000,2324,0.009060714278747176,0.0016212710170709925,0.0007544534455577875,0.0026741784959562207,0.870467851105547,0.10300584476257903,0.012415686894541839,5,2425,0.0019168423381926987,0.0005830193935819892,0.000812844458003485,0.004678925606464927,0.9787120304451052,0.01090652072457901,0.0023898170340727136,5,-0.007143871940554477,-0.0010382516234890033,5.839101244569755e-05,0.0020047471105087067,0.10824417933955821,-0.09209932403800002,-0.010025869860469125,0.1423208457759267,5,0.48367629685054436,0.13198601828287632,-0.35169027856766805
tm536081,lawrence ofori_1998,2324,0.0007176988566641516,0.01212930925330462,0.2933462584391101,0.6927983287616829,0.00017018803366678092,0.0004458313779428363,0.00039238527762855153,4,2425,0.007202390449722453,0.07629763843195714,0.06246731067366632,0.8156912738092019,0.0037051559284705733,0.026557721131113283,0.00807850957586811,4,0.006484691593058301,0.06416832917865252,-0.2308789477654438,0.12289294504751902,0.0035349678948037922,0.026111889753170445,0.007686124298239558,0.2706690173308852,3,0.680734891245203,0.7272864695376791,0.046551578292476026
tm537602,joao mario lopes_2000,2324,0.021946121794286746,0.5894524399307346,0.1714495910463763,0.18966937906672804,0.003937968870429558,0.013029484876315622,0.01051501441512907,2,2425,0.021782964048826,0.03939323433160819,0.8999802833845334,0.02550515368272193,0.0010406418699354751,0.008880252401141923,0.0034174702812331845,3,-0.0001631577454607458,-0.5500592055991264,0.7285306923381571,-0.1641642253840061,-0.002897327000494083,-0.004149232475173698,-0.007097544133895885,0.9275223067362413,3,1.1392985528355315,0.46768067589609336,-0.6716178769394381
tm54716,steven vitoria_1987,2324,0.0007306156687088859,0.9786913689752512,0.0030101110352362174,0.014195063394903631,0.0006329030943095979,0.0020007138238601575,0.0007392240077303578,2,2425,0.01384984646764024,0.5253955007777168,0.1580215928709742,0.16808108802256833,0.052570384708507556,0.04561412452551226,0.03646746262708053,2,0.013119230798931354,-0.4532958681975344,0.15501148183573799,0.1538860246276647,0.05193748161419796,0.0436134107016521,0.03572823861935018,0.5078960110177927,2,0.1266543926363109,1.405153590872441,1.2784991982361302
tm547187,leo cordeiro_1995,2324,3.81860356586133e-41,4.460611549683737e-40,7.512231475157831e-39,1.0,9.095302528512944e-42,3.272264303165352e-41,1.7188839340898305e-41,4,2425,0.027954227438462192,0.11978683960614836,0.2899806004822184,0.4908447388334064,0.007539809142841505,0.04433766071109747,0.01955612378582578,4,0.027954227438462192,0.11978683960614836,0.2899806004822184,-0.5091552611665936,0.007539809142841505,0.04433766071109747,0.01955612378582578,0.6004005590298891,4,1.6578612669557127e-10,1.3144144726165314,1.3144144724507454
tm54781,nicolas otamendi_1988,2324,0.00012762861596599684,0.9891385615107589,0.004297381876178687,0.005734093884097119,8.51461050748937e-05,0.00019775503333415353,0.00041943297459021053,2,2425,0.02452788167714532,0.4397905019780018,0.09475570075492408,0.23989610501495853,0.07637483725612963,0.065497838781263,0.059157134537577614,2,0.024400253061179322,-0.5493480595327571,0.09045831887874539,0.2341620111308614,0.07628969115105474,0.06530008374792885,0.0587377015629874,0.6127621363028916,2,0.0707080165865404,1.5602118981414883,1.489503881554948
tm549006,goncalo inacio_2001,2324,4.583896092498999e-42,1.0,4.272932152752568e-40,4.460611549683737e-40,3.741828079569927e-42,1.3473231713031152e-41,1.7188839340898305e-41,2,2425,0.0014782304159541425,0.9202517693034289,0.049480698907206265,0.017529775037437405,0.0041492335364732725,0.0039187189314256595,0.00319157386807482,2,0.0014782304159541425,-0.07974823069657111,0.049480698907206265,0.017529775037437405,0.0041492335364732725,0.0039187189314256595,0.00319157386807482,0.09565652376397886,2,1.6578612669557127e-10,0.3685672380874207,0.3685672379216346
tm549027,martim neto_2003,2324,0.0021556011109058596,0.06586104183078358,0.382522011021231,0.542761244882301,0.0011941459425762818,0.0025015614128075766,0.003004393799394642,4,2425,0.01079038382451093,0.013662537189890963,0.24963977697994857,0.6832979232514249,0.00687035978311188,0.03332042541168607,0.0024185935594265807,4,0.008634782713605071,-0.05219850464089261,-0.13288223404128244,0.14053667836912387,0.005676213840535599,0.030818863998878492,-0.0005858002399680611,0.20295199243128914,4,0.9321279474923373,0.8763073032964728,-0.05582064419586452
tm553062,vitor carvalho_1997,2324,0.0002298247654238663,0.01901896273032212,0.848926209446732,0.13027848985054546,0.0001971635872028659,0.00041806012108856435,0.0009312894986851693,3,2425,0.008986959201188877,0.2989092406932802,0.25481663450003306,0.36536631704254546,0.006833609207917742,0.014509828431375861,0.05057741092365897,4,0.00875713443576501,0.27989027796295807,-0.5941095749466989,0.235087827192,0.0066364456207148766,0.014091768310287297,0.0496461214249738,0.6977752854490467,3,0.4932764707545867,1.365999143091337,0.8727226723367503
tm554300,madson_1999,2324,0.758307055375783,0.0074089883941906454,0.029478157093772557,0.06907711154701686,0.04756015957205386,0.06083511328767722,0.027333414729505782,1,2425,0.4005829550456104,0.00400260834368216,0.027023472302155984,0.03744071231811355,0.008260091803316811,0.47844839651539345,0.04424176367172761,6,-0.3577241003301726,-0.003406380050508485,-0.002454684791616573,-0.03163639922890331,-0.03930006776873705,0.41761328322771624,0.016908348942221825,0.5522050092769322,6,0.948195603996438,1.1394235475454693,0.19122794354903128
tm560903,patrick_1997,2324,0.0016783761927873632,0.8795559259796404,0.044115106892789864,0.0550842334922674,0.0013402588484085882,0.008398426941542591,0.009827671652563728,2,2425,0.0004227883143676064,0.9732614765339275,0.011613939922597565,0.011377443684774804,0.0008385863079657187,0.0012277399477832501,0.0012580252885837412,2,-0.001255587878419757,0.09370555055428709,-0.0325011669701923,-0.043706789807492596,-0.0005016725404428695,-0.007170686993759341,-0.008569646363979987,0.10863050429139803,2,0.5154063262109312,0.15490637879889965,-0.3604999474120315
tm562671,talys oliveira_1999,2324,0.0017142739127384715,0.925282284412444,0.054309196013207335,0.012238076334037078,0.000512658325591754,0.0017881507033978155,0.004155360298583413,2,2425,0.005000768735649643,0.8888383542040451,0.04741837722031898,0.02126908007870767,0.001298927642204116,0.005233758202705902,0.03094073391636874,2,0.0032864948229111715,-0.03644393020839887,-0.006890818792888352,0.009031003744670594,0.0007862693166123619,0.003445607499308087,0.026785373617785328,0.038477187267339084,2,0.3328467262150949,0.5013627460186687,0.16851601980357378
tm567497,filipe relvas_1999,2324,0.001544245319687588,0.9464617164667587,0.026580677346146355,0.016748666358978724,0.0015883800938413081,0.001410022332455445,0.005666292082131761,2,2425,1.002960606701005e-05,0.9989379688435137,0.0006600974226438723,0.00027656039366863244,2.0905354940283867e-05,2.1694005572351892e-05,7.274437359403024e-05,2,-0.0015342157136205778,0.05247625237675502,-0.025920579923502482,-0.016472105965310093,-0.0015674747389010243,-0.0013883283268830932,-0.005593547708537731,0.06085804837873303,2,0.2757967119222269,0.009428139302770902,-0.26636857261945596
tm57723,ivan marcano_1987,2324,0.04595786189758289,0.27195964411554024,0.03392500168460235,0.112948455692702,0.3216820394616558,0.06516761271009912,0.1483593844378176,5,2425,0.00044170766336491926,0.9712546198205001,0.013033930139181301,0.010795270860205465,0.0009550542496760393,0.001753093297862628,0.001766323969209787,2,-0.045516154234217975,0.6992949757049598,-0.02089107154542105,-0.10215318483249652,-0.3207269852119798,-0.06341451941223648,-0.14659306046860782,0.7802846235186632,2,1.6826755974939487,0.16616163003662962,-1.5165139674573191
tm581121,tiago esgaio_1995,2324,0.00023254284933508658,0.9797013648702616,0.014731686987273956,0.004244491986297552,0.0002118426507747623,0.00022040300451891745,0.0006576676515381622,2,2425,0.0007293463288917536,0.8600492102403487,0.11452496365098358,0.019376125122952538,0.0008756576925384096,0.0024523263819481653,0.001992370582336735,2,0.000496803479556667,-0.11965215462991285,0.09979327666370963,0.015131633136654986,0.0006638150417636473,0.002231923377429248,0.0013347029307985729,0.1565566077887237,2,0.1158219139271482,0.4928141722442917,0.3769922583171435
tm58965,ruben lima_1989,2324,0.010621694709046265,0.47848960989138445,0.4381744500221426,0.06473435755990384,0.0011451539148550796,0.0019666524370451485,0.004868081465622667,2,2425,0.0002005065177388408,0.9811135964767652,0.016074348808503093,0.0015897794073244961,0.0001645114146705661,0.00048348077864471544,0.0003737765963529282,2,-0.010421188191307424,0.5026239865853808,-0.4221001012136395,-0.06314457815257934,-0.0009806425001845135,-0.001483171658400433,-0.004494304869269739,0.6594682461702103,2,0.9856741717668336,0.10512878263309546,-0.8805453891337381
tm592375,pablo roberto_1999,2324,0.328064566247224,0.029347642070277173,0.04336196500594111,0.17934710821421712,0.16255223562351379,0.21853922952824753,0.038787253310579126,1,2425,0.021047904857411464,0.05076215212378318,0.19468653896317453,0.5851231716662769,0.020406659450808586,0.10583415381912072,0.022139419119424363,4,-0.30701666138981254,0.02141451005350601,0.15132457395723342,0.4057760634520598,-0.1421455761727052,-0.11270507570912681,-0.016647834191154762,0.5614080074970762,4,1.6671857388128495,1.2662033073465673,-0.4009824314662822
tm59248,miguel lopes_1986,2324,2.047762524467178e-05,0.9957797947015383,0.0025660098337503888,0.0014552459747615434,1.1209914946454772e-05,4.711928187016158e-05,0.00012014266788867515,2,2425,3.545268105766845e-05,0.9974801711122783,0.0015162013294434005,0.0006705705904345912,3.512762212773861e-05,7.09228190552459e-05,0.00019155384560314527,2,1.4975055812996672e-05,0.0017003764107399455,-0.0010498085043069883,-0.0007846753843269522,2.391770718128384e-05,2.3803537185084327e-05,7.141117771447012e-05,0.0021471972918389965,2,0.030927889642223497,0.020300198226214115,-0.010627691416009381
tm594273,jeremy antonisse_2002,2324,0.21934692358858837,0.031381769624065185,0.34140810360305957,0.2955315447772015,0.022681262961729686,0.053904597316894474,0.03574579812846135,3,2425,0.12548703447397874,0.03097240295427124,0.17143270328567234,0.1380374710885136,0.02513499935973357,0.46742599751651837,0.041509391321312254,6,-0.09385988911460963,-0.0004093666697939438,-0.16997540031738723,-0.1574940736886879,0.002453736398003885,0.4135214001996239,0.005763593192850906,0.4832306235858397,6,1.5309379961328058,1.523896886512154,-0.007041109620651742
tm595012,ibrahima camara_1999,2324,0.0012136253427616661,0.8388951772373296,0.08895044011877337,0.06605795149439508,0.0006184653021947562,0.002499882616099729,0.0017644578884456496,2,2425,0.0004442538005196267,0.9360107614357402,0.012777244789836259,0.04794376554847843,0.0002950249590540272,0.001846816335620881,0.0006821331307507612,2,-0.0007693715422420395,0.0971155841984106,-0.07617319532893711,-0.018114185945916655,-0.000323440343140729,-0.0006530662804788482,-0.0010823247576948886,0.12475191042663239,2,0.5809761512536644,0.2856714714187779,-0.2953046798348865
tm596884,adrian butzke_1999,2324,0.033990125329468136,0.033926808689947026,0.02731848580168838,0.104341691969344,0.04829331176123896,0.717353248105114,0.03477632834319924,6,2425,0.08088364497475982,0.032478851762760566,0.059224538844364,0.03180402140170998,0.5764150159396538,0.13097126146287216,0.08822266561387981,5,0.04689351964529168,-0.0014479569271864598,0.031906053042675624,-0.07253767056763402,0.5281217041784149,-0.5863819866422418,0.05344633727068057,0.7945043595342586,6,1.0653635174318237,1.3897641361792359,0.3244006187474122
tm606752,rodrigo zalazar_1999,2324,0.9041946181675027,0.003775094171757921,0.016139364358362066,0.03569566445273011,0.017499396945773744,0.006093317295185051,0.016602544608688326,1,2425,0.9613533071043274,0.000858540584768715,0.006704535103078994,0.006920361443130564,0.0018850826160288256,0.013290266361698557,0.00898790678696683,1,0.05715868893682474,-0.002916553586989206,-0.009434829255283071,-0.02877530300959955,-0.01561431432974492,0.007196949066513506,-0.007614637821721495,0.06699446962270209,1,0.4676026385823359,0.22352464366565955,-0.24407799491667637
tm610335,ivan jaime pajuelo_2000,2324,0.714089377268908,0.014754964121640375,0.03584129234839237,0.12572395096059794,0.022344796545783006,0.02316448270496984,0.06408113604970837,1,2425,0.3002247804283572,0.005098118388694088,0.016615052373545908,0.02450567100262718,0.1130409957874616,0.172828072646975,0.36768730937233896,7,-0.41386459684055077,-0.009656845732946288,-0.01922623997484646,-0.10121827995797075,0.0906961992416786,0.14966358994200515,0.30360617332263057,0.46110404292300133,1,1.0309131875422137,1.4648188553324932,0.4339056677902795
tm615302,mirko topic_2001,2324,0.0032781058080975038,0.10526749977212917,0.5973639120392457,0.2694897097863005,0.0009468273300905492,0.002886321559967667,0.020767623704168965,3,2425,0.00391878016435022,0.21300212571918387,0.1827151274772188,0.5774598688968219,0.0027782412744118464,0.008743750137979995,0.01138210633003331,4,0.0006406743562527165,0.1077346259470547,-0.41464878456202686,0.3079701591105214,0.0018314139443212972,0.0058574285780123286,-0.009385517374135656,0.5276590348695742,3,1.0208086206951787,1.087528202987645,0.06671958229246622
tm617267,henrique araujo_2002,2324,0.011268384263284428,0.020783232046898577,0.010764452495846939,0.06086979730312526,0.011085555242037576,0.8748926288333196,0.010335949815487614,6,2425,0.030849286355077398,0.0022857172386079533,0.009436691484914364,0.012577573915907298,0.7362591860512899,0.16396610532318756,0.0446254396310156,5,0.01958090209179297,-0.018497514808290625,-0.0013277610109325745,-0.04829222338721796,0.7251736308092523,-0.7109265235101321,0.034289489815527985,1.0170313604904575,5,0.5643068509845391,0.8809051323022852,0.31659828131774603
tm61764,marco matias_1989,2324,0.8881818275932352,0.005746133551700638,0.029528216267752948,0.03824402611187887,0.015031807723317468,0.014398280103263317,0.0088697086488516,1,2425,0.2421888798415313,0.004258337878848723,0.06599587232631031,0.08084154060452367,0.042633930989269875,0.5029204088252779,0.06116102953423835,6,-0.6459929477517039,-0.001487795672851915,0.03646765605855736,0.0425975144926448,0.027602123265952405,0.48852212872201456,0.052291320885386745,0.812323388632959,1,0.5298609377897673,1.4004863765625397,0.8706254387727724
tm617679,ze carlos_1998,2324,0.00400088518220233,0.7207879375647702,0.2180130484441527,0.0480499619096213,0.0015002499981213691,0.0021318739942613536,0.0055160429068705965,2,2425,0.0003901817228250236,0.9758187318922364,0.016524514597290398,0.004429060550818688,0.0001648202400361153,0.0007430438008505309,0.0019296471959426079,2,-0.003610703459377306,0.2550307943274662,-0.2014885338468623,-0.04362090135880261,-0.0013354297580852538,-0.0013888301934108227,-0.0035863957109279884,0.3279601618548012,2,0.7875685173776221,0.13760144971337596,-0.6499670676642462
tm632901,miguel puche garcia_2001,2324,0.13835548341013598,0.014090625006694784,0.016097047309599488,0.034298500872595714,0.334610606795666,0.3529586721380049,0.10958906446730324,6,2425,0.14089359228181722,0.03619461898342942,0.11254450865530619,0.32617306554262976,0.1195452188140118,0.17204351427264794,0.0926054814501578,4,0.0025381088716812383,0.022103993976734633,0.0964474613457067,0.29187456467003403,-0.2150653879816542,-0.18091515786535697,-0.016983583017145434,0.41709869132001354,4,1.492062260581714,1.7845694373930197,0.29250717681130567
tm645588,tomas handel_2000,2324,0.00020749231146300422,0.0030042268359860417,0.757081991101683,0.23928447085188057,6.36149327093666e-05,0.00020711700261283363,0.00015108696366528153,3,2425,0.005479279977428537,0.04516512643223841,0.09847872568018923,0.8276445983312455,0.0022957428941419197,0.016166752934689565,0.004769773750066863,4,0.005271787665965533,0.04216089959625237,-0.6586032654214937,0.588360127479365,0.002232127961432553,0.01595963593207673,0.004618686786401582,0.8843025084243908,3,0.5757929255116193,0.6593890006405421,0.08359607512892275
tm646404,vinicius zanocelo_2001,2324,0.00037437658080665244,0.01378381786791889,0.038391014475535064,0.9462939242567188,0.00012703412325217338,0.0006631002865393858,0.0003667324092290866,4,2425,0.0007988826784732797,0.004278971650875134,0.03818083414201757,0.95323177271272,0.0005879674871920956,0.0022302566673971258,0.000691314661324815,4,0.0004245060976666273,-0.009504846217043755,-0.00021018033351749565,0.0069378484560012055,0.0004609333639399222,0.00156715638085774,0.00032458225209572837,0.01188985545310367,2,0.2482906053338325,0.22239079203671583,-0.02589981329711666
tm646677,riccieli_1998,2324,8.950980191891625e-05,0.9965750336046403,0.001228829866753903,0.0018392795679087251,5.537002166554606e-05,0.00011493557139599012,9.704156571662965e-05,2,2425,0.000859753111379072,0.9331476718818016,0.033385918241584836,0.013978056389168523,0.0040623130077601256,0.006756896922913958,0.00780939044539197,2,0.0007702433094601557,-0.0634273617228387,0.03215708837483093,0.012138776821259798,0.00400694298609458,0.0066419613515179676,0.00771234887967534,0.07256185615064918,2,0.026555158692670302,0.3378516826024936,0.3112965239098233
tm650568,antonio silva_2003,2324,2.533676594832141e-05,0.9972997313019754,0.0010931311026749632,0.0014045503333374515,2.0392104622747193e-05,5.3309610306836305e-05,0.00010354878113421386,2,2425,8.792994828303084e-05,0.9898752094466629,0.00788614291717049,0.0012924290583550331,0.00024461279673079555,0.0003894304300276832,0.00022424540277034621,2,6.259318233470943e-05,-0.007424521855312505,0.006793011814495526,-0.00011212127498241831,0.00022422069210804835,0.0003361208197208469,0.00012069662163613235,0.010072153468989962,2,0.021338533098233775,0.06465638877817778,0.043317855679944006
tm652332,oscar aranda_2002,2324,0.5405572419521899,0.010398217656638809,0.017408923857685964,0.051682357575098384,0.05826077397955064,0.1491802430393385,0.1725122419394979,1,2425,0.20104531630109962,0.0025981243475432466,0.02079831895113456,0.019444445288730926,0.08154413225364339,0.6570983606184904,0.01747130223935796,6,-0.3395119256510903,-0.007800093309095563,0.003389395093448596,-0.03223791228636746,0.023283358274092752,0.5079181175791518,-0.15504093970013993,0.6122931397952242,6,1.356250738336402,1.046191754957584,-0.3100589833788179
tm653415,leonardo buta_2002,2324,0.00249768192426534,0.9022323631246802,0.07008273622522893,0.020764919699551472,0.0005997164252330949,0.0007255789650968152,0.0030970036359443155,2,2425,0.001937130321255388,0.920034239522685,0.038276391433859906,0.022427327660058984,0.0018117995277170643,0.007112181248640083,0.008400930285783807,2,-0.0005605516030099519,0.01780187639800479,-0.03180634479136902,0.0016624079605075115,0.0012120831024839693,0.006386602283543268,0.005303926649839492,0.037065968553102326,3,0.4021171282855534,0.3856068273106528,-0.016510300974900582
tm657387,fabiano souza_2000,2324,0.0018654496772036325,0.8894624888484914,0.08632986352356478,0.01724004793256769,0.001162427315642213,0.0012370047034620624,0.002702717999068187,2,2425,0.003276463818588973,0.7317879257772024,0.16252770380370252,0.05617747204311803,0.0015873535496829054,0.007643460951106495,0.03699962005659876,2,0.0014110141413853404,-0.15767456307128902,0.07619784028013774,0.03893742411055034,0.0004249262340406924,0.006406456247644432,0.03429690205753057,0.17951800997200448,2,0.42950735495789033,0.8737693085510854,0.44426195359319504
tm657435,pedro santos_2000,2324,0.0003572864905254478,0.0051147969800942215,0.335268040457159,0.6587622491830559,9.60689125937786e-05,0.00019015533293921915,0.000211402643632409,4,2425,0.004766180831477172,0.17846780460698797,0.23103309033872302,0.5515229782843348,0.002303166805972699,0.009476234062376429,0.02243054507012793,4,0.004408894340951724,0.17335300762689373,-0.104234950118436,-0.1072392708987211,0.00220709789337892,0.00928607872943721,0.02221914242649552,0.2291876789684863,2,0.6754779457672999,1.1430610095633078,0.4675830637960079
tm658848,jesus castillo_2001,2324,0.007583445083230173,0.1367880411655591,0.38469182007318325,0.3881591589286287,0.014802671850560334,0.013754921667601895,0.054219941231236655,4,2425,0.015020789316677387,0.15240697257292493,0.19903916660217896,0.5741322590644703,0.004565682648264355,0.0404058994398751,0.014429230355609071,4,0.007437344233447214,0.015618931407365838,-0.1856526534710043,0.18597310013584162,-0.010236989202295979,0.026650977772273203,-0.039790710875627584,0.2648909915166265,4,1.323324409368428,1.2050705399486763,-0.11825386941975169
tm659705,paulo victor_2001,2324,0.23664648524754123,0.020616677393508438,0.04970451005122063,0.1811550493210925,0.17438760703655407,0.26914684533991096,0.06834282561017202,6,2425,0.0030173289706472975,0.5287568782746471,0.1309791215565086,0.2981037456405101,0.0016731322327589138,0.008171272878757822,0.0292985204461702,2,-0.23362915627689393,0.5081402008811386,0.08127461150528796,0.11694869631941762,-0.17271447480379515,-0.26097557246115316,-0.03904430516400182,0.6565136294765719,2,1.7209575905706815,1.134898195085497,-0.5860593954851845
tm663254,dinis pinto_2000,2324,0.0014796162244392445,0.9361451151180129,0.04103011088121883,0.015800583350655616,0.0010557667468626768,0.0011952651866243907,0.0032935424921865957,2,2425,0.002289362543840688,0.045341889503189396,0.9020433536136869,0.038959656828498404,0.0012420455891153338,0.007559024342221727,0.0025646675794474927,3,0.0008097463194014433,-0.8908032256148235,0.8610132427324682,0.02315907347784279,0.00018627884225265695,0.006363759155597336,-0.0007288749127391031,1.2391334558594993,2,0.30208053668909396,0.43414850693136364,0.13206797024226968
tm666539,beni_2002,2324,0.0005739277057640365,0.013717486897892744,0.919636945103715,0.06456228582984803,0.0002072525764971572,0.00019531054379566813,0.0011067913424873121,3,2425,0.0022258965149087517,0.029171570201344463,0.15282295543966812,0.8039699369090162,0.0013166887330942002,0.007253857349712734,0.003239094852255575,4,0.0016519688091447152,0.015454083303451719,-0.7668139896640469,0.7394076510791682,0.0011094361565970432,0.007058546805917066,0.0021323035097682626,1.065373165065743,3,0.3280302954866914,0.6422338382507982,0.3142035427641068
tm669956,leonardo lelo_2000,2324,0.0051507794636151604,0.40890663724586557,0.5090162542947251,0.06983662668064321,0.0005495491305352568,0.0016482786862032513,0.0048918744984125465,3,2425,0.12431042039041781,0.0321799420789011,0.5681507219486057,0.213970860458869,0.002710232060627447,0.046984156621245166,0.011693666441333853,3,0.11915964092680266,-0.37672669516696444,0.05913446765388064,0.14413423377822582,0.00216068293009219,0.045335877935041916,0.006801791942921307,0.4271458718841106,2,0.9631257807085591,1.2326230715137871,0.269497290805228
tm681829,nilton varela_2001,2324,0.008960791350050838,0.034806760724815755,0.7438986640206524,0.1936768816678002,0.0006119461321127261,0.0014386770299574054,0.016606279074610743,3,2425,0.005421582384731843,0.32898824115595254,0.6097568475115445,0.042740156143685364,0.0006254257482832052,0.010011920227556205,0.002455826828246413,3,-0.003539208965318995,0.2941814804311368,-0.13414181650910795,-0.15093672552411483,1.3479616170479166e-05,0.0085732431975988,-0.014150452246364329,0.35693793880405306,2,0.7791386780085628,0.8958868119423878,0.116748133933825
tm695121,hevertton santos_2001,2324,0.00804867389110474,0.537255101518531,0.38618228083721673,0.061515920725856765,0.0005508490464104863,0.001681468028931753,0.004765705951948622,2,2425,0.003583168999630148,0.55655226130045,0.3888091762788002,0.032805229279973806,0.002282309317811909,0.010088869639035498,0.005878985184298559,2,-0.0044655048914745915,0.019297159781919038,0.0026268954415834544,-0.02871069144588296,0.0017314602714014226,0.008407401610103745,0.001113279232349937,0.03601677177443063,4,0.9519198067807983,0.9161616933306653,-0.03575811345013302
tm701325,bruno onyemaechi_1999,2324,0.008476934177352957,0.17497831806605776,0.7513633949466986,0.05768758324334869,0.0008752290637574281,0.0015823282696976113,0.005036212233086932,3,2425,0.08194334860883626,0.04771225354543485,0.4029598561344764,0.3247444450539087,0.00790616270300477,0.12720935730428165,0.007524576650057311,3,0.0734664144314833,-0.12726606452062292,-0.3484035388122222,0.26705686181056,0.007030933639247342,0.12562702903458403,0.002488364416970379,0.4797186081202872,3,0.7678110494064022,1.4190251374514093,0.6512140880450071
tm701979,geny catamo_2001,2324,0.6457911247179717,0.008456412434291148,0.049078036104493246,0.2606396197923078,0.0183874822605591,0.01079329595319999,0.006854028737177055,1,2425,0.7746090390770816,0.0018376240533302384,0.01522767753730528,0.016920088741416487,0.012309164377154888,0.16477837400543907,0.014318032208272265,1,0.12881791435910983,-0.00661878838096091,-0.03385035856718797,-0.24371953105089134,-0.006078317883404211,0.15398507805223907,0.00746400347109521,0.3176968212326059,4,0.9776624654314414,0.7541990686820315,-0.22346339674940996
tm70359,david simao_1990,2324,0.003112828417632608,0.015172547837545113,0.9354470793356088,0.04246179035877688,0.00028330515636417776,0.00043408381883952037,0.0030883650752328144,3,2425,0.004510998695480182,0.025603095892796985,0.37212556948956554,0.5842654258018435,0.0007145649009627989,0.007650112624191136,0.005130232595159842,4,0.0013981702778475737,0.010430548055251872,-0.5633215098460432,0.5418036354430666,0.0004312597445986212,0.0072160288053516155,0.0020418675199270274,0.7816938730117404,3,0.30160707811065257,0.8695457506487569,0.5679386725381044
tm717585,mory gbane_2000,2324,0.0001505251115644742,0.015275436491138049,0.6220074370090549,0.3615144262397423,0.0001233780515857598,0.00037744124698545965,0.0005513558499291374,3,2425,0.0007154379111592909,0.8587912799524225,0.04187596254238097,0.09220077990919887,0.0008792467660668459,0.002123587797635683,0.003413705121135761,2,0.0005649127995948167,0.8435158434612845,-0.5801314744666739,-0.26931364633054344,0.0007558687144810861,0.0017461465506502232,0.0028623492712066237,1.0585864562843668,2,0.7365767612977735,0.5272225348813502,-0.20935422641642332
tm726705,samuel justo_2004,2324,0.01305620167140056,0.012712935457316122,0.09382760375694556,0.8736206797049876,0.003207653480266825,0.0019273039538510585,0.0016476219752323536,4,2425,0.02189767772804539,0.046909194064964216,0.21729963214549786,0.4280951875316476,0.0191917523209046,0.24464009340471668,0.021966462804223746,4,0.008841476056644829,0.03419625860764809,0.1234720283885523,-0.44552549217334,0.015984098840637777,0.24271278945086563,0.02031884082899139,0.5235941666511088,4,0.4932223215713916,1.426291776836829,0.9330694552654375
tm72768,nelson oliveira_1991,2324,0.13058208051920556,0.0017937710557735036,0.001633278228285503,0.0059743088024343605,0.6538531534410422,0.1810611617681561,0.02510224618510272,5,2425,0.08845654749577175,0.006161362835314707,0.029369586661941234,0.03125268847125415,0.4261558735537693,0.266039740926929,0.15256420005501997,5,-0.0421255330234338,0.004367591779541204,0.02773630843365573,0.025278379668819788,-0.2276972798872729,0.08497857915877291,0.12746195386991727,0.2495382653193212,5,0.9979669201030802,1.4604095280108145,0.4624426079077343
tm729140,miguel maga_2002,2324,0.0006540604400077148,0.03118714255247167,0.9205944391607055,0.04492024260333873,0.00022020912831992987,0.000673537375386098,0.0017503687397702218,3,2425,0.00025896955266019745,0.889739034047961,0.10622924562123122,0.0024048827125395613,0.0001730271067872498,0.0006464957448946291,0.0005483452139260933,2,-0.0003950908873475173,0.8585518914954893,-0.8143651935394742,-0.04251535989079917,-4.718202153268007e-05,-2.7041630491468822e-05,-0.0012020235258441286,1.1841071462160482,2,0.3463769134236477,0.36913287440127496,0.022755960977627276
tm733579,clayton_1999,2324,0.03603416687653401,0.0023230282559558338,0.002184362831199192,0.007225273325181163,0.503140014591394,0.3820698286469767,0.06702332547275917,5,2425,0.013006222639572776,0.0036722944744704868,0.00836922612573706,0.012286913452811214,0.12575368839312354,0.04264682741674135,0.7942648274975436,7,-0.023027944236961237,0.001349266218514653,0.006184863294537869,0.005061640127630051,-0.3773863261982705,-0.33942300123023533,0.7272415020247844,0.5081578420485416,5,1.0771993310867551,0.7493855199102621,-0.327813811176493
tm739438,matheus pereira_2000,2324,0.17656542810637543,0.12109876902168634,0.31826188088099655,0.29837714807503657,0.027567220613340705,0.018219529756436245,0.039910023546128055,3,2425,0.025743978529857704,0.012740963204901604,0.8509662041972599,0.05513365450962176,0.002105689240910706,0.04260227714044184,0.01070723317700649,3,-0.15082144957651772,-0.10835780581678474,0.5327043233162634,-0.2432434935654148,-0.02546153137243,0.024382747384005594,-0.029202790369121566,0.6153638150926309,3,1.587588222208368,0.6429087294292526,-0.9446794927791153
tm740087,michel costa_2001,2324,0.0007727862332411869,0.018188783287929982,0.3111471382293213,0.6679680341478244,0.00021318928829888682,0.0006441114229904586,0.0010659573903937529,4,2425,0.005169507026986501,0.16291361152927378,0.09118785753629936,0.6700240504246232,0.005909526901088089,0.020670446655683405,0.04412499992604559,4,0.004396720793745314,0.1447248282413438,-0.2199592806930219,0.0020560162767988555,0.005696337612789202,0.020026335232692948,0.04305904253565184,0.2641674124380177,3,0.725045167798831,1.0577218751977326,0.33267670739890165
tm740498,david pastor_2000,2324,0.0004113153547567331,0.9444085264385348,0.04210120444268784,0.009407201185142761,0.00043826844442953957,0.000899750620684744,0.002333733513763694,2,2425,0.006488072931656227,0.5227585174113112,0.39089632564516347,0.05481092304987513,0.0010926843131238574,0.011659198544188704,0.012294278104681332,2,0.006076757576899494,-0.4216500090272236,0.34879512120247563,0.04540372186473237,0.0006544158686943179,0.01075944792350396,0.009960544590917638,0.5492370941668758,2,0.25832560432244656,1.0115346866643604,0.7532090823419139
tm741517,alfonso trezza_1999,2324,0.010231994755767807,0.024625612707183133,0.40740459897105813,0.5434776244001559,0.001366523504604599,0.006543761990196172,0.006349883671034225,4,2425,0.010629522977745423,0.0004179853988823547,0.022231439733101,0.02164905079854465,0.014764062555830588,0.9292573940429506,0.0010505444929455033,6,0.00039752822197761627,-0.02420762730830078,-0.38517315923795714,-0.5218285736016113,0.013397539051225989,0.9227136320527545,-0.005299339178088722,1.128197469817071,6,0.9093699634676432,0.3567715401382907,-0.5525984233293525
tm752442,andre lacximicant_2001,2324,0.307012625482501,0.014852198721740083,0.02787098458263974,0.09222004482919195,0.28262560802944103,0.08748023918509427,0.1879382991693919,1,2425,0.07758170815335366,0.003927207758582087,0.015635593250671646,0.02014166949440433,0.4422084234749183,0.13484230198729583,0.3056630958807743,5,-0.22943091732914736,-0.010924990963157997,-0.012235391331968094,-0.07207837533478761,0.15958281544547726,0.04736206280220155,0.11772479671138239,0.2929381133010401,1,1.6290914096946638,1.3570573577906269,-0.27203405190403696
tm756990,alan varela_2001,2324,0.0075415659033750354,0.03009525226938449,0.5486006037097501,0.40339153929399957,0.0016379061925669007,0.005174999023490107,0.003558133607433914,3,2425,0.017442702857811545,0.04938683053398014,0.6053493204903198,0.2877150026719741,0.001545156715163304,0.03495257027338725,0.003608416457364002,3,0.00990113695443651,0.019291578264595648,0.0567487167805697,-0.11567653662202548,-9.274947740359673e-05,0.029777571249897147,5.02828499300877e-05,0.13400890954726072,4,0.8956922807318234,1.0289869290934597,0.1332946483616363
tm766258,kaio cesar_2004,2324,0.17010818681265535,0.06668219863191335,0.15597204380934804,0.22470281444679172,0.07164270837689325,0.2516539286270778,0.059238119295320545,6,2425,0.3849816660188438,0.0018979811323112815,0.05912311845458504,0.04397197278224774,0.027128260394228075,0.4691916463421571,0.013705354875626914,6,0.21487347920618846,-0.06478421749960207,-0.096848925354763,-0.18073084166454398,-0.04451444798266518,0.2175377177150793,-0.04553276441969363,0.3764507312813217,6,1.8106436646616522,1.1956779209350334,-0.6149657437266187
tm811778,alvaro carreras_2003,2324,0.037880613901589165,0.33509585057460406,0.34845176856103943,0.11589940252647855,0.04518559313079263,0.06037338569532527,0.05711338561017086,3,2425,0.002489903876601976,0.4862155678899791,0.471596579111945,0.02661971056263465,0.002081562853148359,0.007361089986256314,0.0036355857194345703,2,-0.03539071002498719,0.15111971731537505,0.12314481055090559,-0.0892796919638439,-0.04310403027764427,-0.05301229570906896,-0.05347779989073629,0.22780131694713865,2,1.5804114146902328,0.8859607144474347,-0.6944507002427981
tm815652,tiago fonseca morais_2003,2324,0.32930995654340417,0.007936397670514293,0.02540109103058748,0.040665492334785724,0.545738946466941,0.02311905814430962,0.027829057809457807,5,2425,0.1718753465259316,0.008250737155395902,0.027521589207517346,0.4138435389714082,0.08429227130588476,0.2743179773870636,0.019898539446798622,4,-0.15743461001747258,0.0003143394848816091,0.002120498176929865,0.37317804663662246,-0.4614466751610562,0.25119891924275395,-0.007930518362659185,0.6633898079490143,5,1.144962997762782,1.447512410976029,0.3025494132132469
tm816572,gilberto batista_2003,2324,0.00044953996331155427,0.9813342228266798,0.00511247833573053,0.009304707477908574,0.0003255794158109985,0.0009091371089640642,0.0025643348715946464,2,2425,1.2735025964130442e-05,0.9991873952278403,0.000290921118476024,0.00030545913708817117,4.156348782705385e-05,5.1337652449280434e-05,0.00011058835035512888,2,-0.0004368049373474238,0.017853172401160466,-0.004821557217254507,-0.008999248340820403,-0.0002840159279839446,-0.0008577994565147838,-0.0024537465212395174,0.02059070015790654,2,0.11672934873112456,0.007730716120024961,-0.1089986326110996
tm818495,otavio ataide_2002,2324,7.414981992322362e-05,0.99242451750959,0.0031780084177375524,0.004078699146814085,4.705449986099809e-05,9.307547060660548e-05,0.00010449513546728491,2,2425,0.0006877224725674562,0.970363020093012,0.007431254894996587,0.016569536496463158,0.0009335008185871019,0.002796296722616805,0.0012186685017566378,2,0.0006135726526442325,-0.022061497416578035,0.004253246477259035,0.012490837349649073,0.0008864463187261038,0.0027032212520101996,0.0011141733662893528,0.02587064852621131,2,0.05126170214190713,0.16969878805743968,0.11843708591553255
tm821824,matias rocha_2001,2324,0.0012324631809936882,0.9733068717083931,0.006927411715637379,0.01261879515180677,0.0012953544457227641,0.0023754011129016026,0.002243702684544559,2,2425,2.6574177244378588e-05,0.997876868067163,0.0014961337872625542,0.00038603567325479047,4.9783814536612795e-05,7.208861759462745e-05,9.2515862943923e-05,2,-0.0012058890037493096,0.024569996358769886,-0.005431277928374825,-0.01223275947855198,-0.0012455706311861514,-0.002303312495306975,-0.002151186821600636,0.028127118025190467,2,0.16086319602779353,0.017207188357390147,-0.14365600767040337
tm829434,facundo caseres_2001,2324,0.0006557956118398037,0.0470417821197389,0.5883320753796265,0.36008389913962574,0.0003550417531030447,0.000682471349041775,0.002848934647024156,3,2425,0.006870556718353557,0.24474372834085836,0.14944725484050358,0.5532035356357891,0.003572433951020017,0.014598439704318115,0.027564050809157185,4,0.006214761106513754,0.19770194622111947,-0.4388848205391229,0.19311963649616332,0.003217392197916972,0.01391596835527634,0.024715116162133028,0.5188870477118485,3,0.8529776923782224,1.1711135329412217,0.31813584056299926
tm830841,leonel bucca_1999,2324,0.011742639664462979,0.022605877572883567,0.11414945897054615,0.8056895816848609,0.008653135078973757,0.02640563264459998,0.010753674383672574,4,2425,0.03814229965381534,0.006361885386673285,0.061680172698215636,0.6636680643389152,0.03043210590290029,0.19539309227227328,0.004322379747206812,4,0.026399659989352363,-0.016243992186210282,-0.052469286272330516,-0.1420215173459457,0.021778970823926533,0.1689874596276733,-0.006431294636465762,0.23003267551031867,6,0.7454684772030231,1.0495123087510547,0.3040438315480316
tm858719,telasco segovia_2003,2324,0.0029706558845054476,0.0653691273049086,0.6368183049356635,0.26213110229424474,0.00199732285017499,0.0029262545875750013,0.027787232142927693,3,2425,0.003950304536254297,0.01241095719274634,0.06421591015655008,0.8975799275046631,0.006245732568869248,0.009135250420729227,0.006461917620187647,4,0.0009796486517488494,-0.05295817011216226,-0.5726023947791135,0.6354488252104183,0.0042484097186942585,0.0062089958331542254,-0.021325314522740044,0.857047746672016,4,0.9629952636939282,0.45680400829975865,-0.5061912553941695
tm868101,marcos vinicios sorriso_2001,2324,0.6320887609281962,0.021984102592659777,0.11827412973662613,0.1519305416134588,0.009323571474666526,0.028580782080492535,0.037818111573900054,1,2425,0.9388773035595416,0.0005433225330983049,0.0027644035422046006,0.0068926887247468364,0.0070226171959981015,0.03675437067167625,0.00714529377273449,1,0.30678854263134536,-0.021440780059561473,-0.11550972619442153,-0.145037852888712,-0.0023009542786684243,0.008173588591183716,-0.030672817801165563,0.35920675730915147,1,1.1816993744600262,0.30543940921568413,-0.876259965244342
tm868622,taichi fukui_2004,2324,0.009580907026126788,0.03551847462401667,0.27062234061763213,0.6763529172777729,0.0017685370591262654,0.0037223390671171823,0.002434484328208005,4,2425,0.01359221724988682,0.23400639689997726,0.4234684666675737,0.28512294257558796,0.003897036881695537,0.019610689537517576,0.020302250187761117,3,0.004011310223760032,0.1984879222759606,0.15284612604994158,-0.39122997470218496,0.0021284998225692712,0.015888350470400395,0.01786776585955311,0.46485841655847304,4,0.8279546108374646,1.2977942000881542,0.4698395892506896
tm891971,joao marques_2002,2324,0.364234341783208,0.0097429747854809,0.01968246936322974,0.06340355881137212,0.48552069809865783,0.0332169852313128,0.024198971926738796,5,2425,0.04177731757468784,0.035897024932415346,0.641070513023785,0.13058432193624034,0.014586437682498727,0.11367068459297516,0.02241370025739768,3,-0.3224570242085202,0.026154050146934445,0.6213880436605553,0.06718076312486822,-0.4709342604161591,0.08045369936166236,-0.0017852716693411153,0.8506178918371785,3,1.2191319911926284,1.1969249299495128,-0.022207061243115556
tm906329,roger fernandes_2005,2324,0.12073388193816605,0.005301090973604601,0.01188156870415519,0.0145902930860412,0.04505589465901897,0.02879441487427262,0.7736428557647415,7,2425,0.9225817054201902,0.0011039595906927855,0.005501466013339052,0.010464045324385579,0.0018406522141390868,0.04890115673586194,0.009607014701391265,1,0.8018478234820242,-0.004197131382911816,-0.006380102690816137,-0.00412624776165562,-0.043215242444879884,0.02010674186158932,-0.7640358410633502,0.8033101006544728,1,0.8377440379461114,0.36199478804177,-0.4757492499043414
tm90681,eliaquim mangala_1991,2324,0.0006471949831911223,0.969063821955484,0.0127140503110026,0.011263109011611741,0.0008604345013914997,0.0015633043296507027,0.003888084907668407,2,2425,0.00021318725679717767,0.9681640971060685,0.014951251714713242,0.010105996437437094,0.0005175552493272548,0.000562339246044309,0.0054855729896124234,2,-0.0004340077263939446,-0.000899724849415473,0.0022372014037106425,-0.0011571125741746471,-0.00034287925206424495,-0.0010009650836063939,0.0015974880819440164,0.0029088390160678496,3,0.17898284441044568,0.17907873711049133,9.589270004564665e-05
tm908936,ze carlos_2001,2324,0.0004146495618998816,0.008279247468151622,0.9460529016742368,0.044388814691902576,6.119670510375334e-05,0.00015025440295939545,0.0006529354957457256,3,2425,0.0009264934674609996,0.8109204966910777,0.049423281043102923,0.12934602085681027,0.0007809209004759924,0.00244668396621205,0.006156103074860032,2,0.000511843905561118,0.802641249222926,-0.8966296206311339,0.08495720616490769,0.0007197241953722391,0.0022964295632526546,0.005503167579114307,1.2064001956243446,3,0.24035102906581654,0.6412427481042267,0.40089171903841014
tm929573,joel silva_2003,2324,0.08909661988506158,0.03959289653591594,0.20324877522602647,0.4965653238105333,0.07856267150382246,0.05616715754680782,0.036766555491832505,4,2425,0.020761918188986737,0.023491311764545664,0.2957682589377902,0.35598938704221844,0.004682999682067217,0.2912074292209678,0.008098695163423925,4,-0.06833470169607485,-0.016101584771370275,0.09251948371176372,-0.14057593676831487,-0.07387967182175524,0.23504027167416,-0.02866786032840858,0.3065166823678198,6,1.4977726571992556,1.3199383338493176,-0.17783432334993798
tm935480,martim fernandes_2006,2324,0.0042377359529873985,0.6505388046122507,0.2251277478054294,0.039593572144776594,0.004277436300258107,0.004970771289507864,0.07125393189478997,2,2425,0.09364332372725095,0.3557427769304111,0.366974432316403,0.05887767191100599,0.006366406327108367,0.059840938500260385,0.05855445028756013,3,0.08940558777426355,-0.29479602768183955,0.14184668451097357,0.0192840997662294,0.0020889700268502598,0.054870167210752524,-0.012699481607229841,0.34410102371006107,2,1.0043064299231548,1.4909609426035857,0.4866545126804309
tm974982,ousmane diomande_2003,2324,1.8096036870408074e-05,0.9987427102487474,0.00037504247127078836,0.0007884240505047174,1.4487726187893388e-05,3.521171397817411e-05,2.60277524404924e-05,2,2425,0.0004911475823027088,0.9442335551398302,0.039135341028924624,0.010491798975909124,0.0020276650876386217,0.0021957781843095206,0.001424714001085112,2,0.0004730515454323007,-0.054509155108917184,0.03876029855765384,0.009703374925404407,0.0020131773614507284,0.0021605664703313464,0.0013986862486446195,0.06765137787388692,2,0.010843528962236105,0.26791496122479286,0.25707143226255674
tm982575,gustavo sa_2004,2324,0.09892282347329445,0.02180839319467272,0.08690409757773764,0.7380102165128977,0.010211363375481512,0.014184067606069255,0.029959038259846686,4,2425,0.2747705196651082,0.003748551208914987,0.18375751880421987,0.24064351598171546,0.013312384714609297,0.269164173924404,0.0146033357010282,1,0.17584769619181373,-0.018059841985757732,0.09685342122648223,-0.4973667005311822,0.0031010213391277856,0.25498010631833473,-0.015355702558818487,0.5941609723808213,4,0.9610525793499831,1.502465411576345,0.5414128322263618
