uid,pid,season_t,u_1,u_2,u_3,u_4,u_5,u_noise,hard_t,season_t1,u_1_t1,u_2_t1,u_3_t1,u_4_t1,u_5_t1,u_noise_t1,hard_t1,delta_u_1,delta_u_2,delta_u_3,delta_u_4,delta_u_5,delta_u_noise,transition_norm,dominant,entropy_t,entropy_t1,delta_entropy
alan eduardo schons_1993,alan eduardo schons_1993,1718,0.001201530502545303,0.08122546929208857,0.8612181943227377,0.019762676599770983,0.025295147249958547,0.011296982032899054,3,1819,0.0020064430805792244,0.6240016797849789,0.20352548131174236,0.11683382810143741,0.03562538683275545,0.018007180888506606,2,0.0008049125780339214,0.5427762104928904,-0.6576927130109953,0.09707115150166643,0.010330239582796902,0.006710198855607552,0.8583099030144891,3,0.561879002516909,1.0727256015474782,0.5108465990305692
andre almeida pinto_1989,andre almeida pinto_1989,1718,0.0004361527927843016,0.23188794557740855,0.005263415962400735,0.7597060330438539,0.0009089461852455139,0.0017975064383068849,4,1819,1.2484324899197577e-05,0.00031150671842303327,0.0001978286382239361,0.9994082717881161,1.0430688504473732e-05,5.947784183340826e-05,4,-0.000423668467885104,-0.23157643885898552,-0.005065587324176799,0.23970223874426222,-0.0008985154967410401,-0.0017380285964734767,0.33333385260670445,4,0.59640968849382,0.005633113270597208,-0.5907765752232228
carlos ponck_1995,carlos ponck_1995,1718,8.229546784383679e-05,0.28042121081386384,0.0023711757480698436,0.7162888885263904,0.00033655408716913414,0.0004998753566631444,4,1819,6.567109235463712e-05,0.0015676695495433345,0.0013628000554131653,0.9964417503952583,8.885028154101222e-05,0.0004732586258895286,4,-1.6624375489199665e-05,-0.2788535412643205,-0.0010083756926566783,0.2801528618688679,-0.00024770380562812194,-2.661673077361586e-05,0.3952796503034931,4,0.6171476273578395,0.02775274587014885,-0.5893948814876906
diederrick joel_1993,diederrick joel_1993,1718,0.33075073542898437,0.008985496228621648,0.028258621572940144,0.007191992219152336,0.2279589322232736,0.3968542223270279,6,1819,0.9319168702202746,0.003816276891507673,0.031695055181803676,0.002898786108308448,0.01488868506688978,0.014784326531215742,1,0.6011661347912902,-0.005169219337113975,0.0034364336088635317,-0.004293206110843889,-0.2130702471563838,-0.38206989579581213,0.6378531283660807,1,1.2483765819061687,0.3382422150955117,-0.910134366810657
eliseu cassama_1994,eliseu cassama_1994,1718,0.0005283882063721588,0.8856564882968166,0.044016114203710696,0.046400115061759555,0.019567994046966783,0.0038309001843740377,2,1819,0.0020427333483242754,0.13816762158855125,0.012508578223840586,0.8331716040398448,0.0068977604904859845,0.007211702308953086,4,0.0015143451419521166,-0.7474888667082654,-0.03150753597987011,0.7867714889780852,-0.012670233556480798,0.003380802124579048,1.0857737032202925,4,0.4897647559894769,0.5628918579582565,0.07312710196877958
paulinho_1994,paulinho_1994,1718,0.018904942071552182,0.003995168449779285,0.011712676161747976,0.0013958313298869846,0.9600614086817167,0.003929973305316853,5,1819,1.3876893516361898e-05,4.855786119367886e-05,0.999327574611881,1.5669622106346762e-05,0.0005873717428530366,6.9492684494931755e-06,3,-0.01889106517803582,-0.003946610588585606,0.9876148984501331,-0.001380161707780638,-0.9594740369388637,-0.00392302403686736,1.3770795068279338,3,0.21924771010985036,0.005935589744040141,-0.2133121203658102
paulo sergio mota_1991,paulo sergio mota_1991,1718,0.0010749885425678876,0.8611491255757542,0.018854114610354158,0.10313412600380772,0.00821145138939139,0.007576193878124658,2,1819,0.00171758492978848,0.06033308368765085,0.10249213621301269,0.8158748137143399,0.01190972230294248,0.007672659152265408,4,0.0006425963872205924,-0.8008160418881033,0.08363802160265853,0.7127406877105322,0.003698270913551089,9.64652741407496e-05,1.075320896132352,2,0.521667501924703,0.6699745568559817,0.14830705493127871
pedrao_1992,pedrao_1992,1718,0.0006088897761667449,0.41444039298068674,0.009916655973161848,0.5698656829995402,0.0015358175150343072,0.003632560755410306,4,1819,7.012859337828103e-05,0.0009607680906776855,0.0013867275409398996,0.997299018670441,7.947418802387913e-05,0.00020388291653916822,4,-0.0005387611827884638,-0.41347962489000906,-0.008529928432221948,0.4274333356709008,-0.001456343327010428,-0.0034286778388711377,0.594760310982914,4,0.7661326848938014,0.021651946824688007,-0.7444807380691134
pedro rodrigues_1997,pedro rodrigues_1997,1718,0.01540227266212817,0.11313267779335053,0.3630467068421993,0.15499597543908045,0.33471156768074867,0.01871079958249286,3,1819,0.005724864296993102,0.6204836460627402,0.2030660411957827,0.09225842901367994,0.06525816706261128,0.013208852368192815,2,-0.009677408365135068,0.5073509682693896,-0.1599806656464166,-0.06273754642540051,-0.2694534006181374,-0.005501947214300045,0.5996945934835339,2,1.4084116586698954,1.1045550506336559,-0.3038566080362395
tm102427,sebastian coates_1990,1718,0.0003200654938602416,0.8828964192908176,0.014914005246368546,0.09913883332857225,0.0011994063166116313,0.0015312703237698039,2,1819,0.0001001840927034082,0.007387400311848581,0.0020770836371700524,0.9897365638592709,0.00016631912221853196,0.0005324489767885898,4,-0.00021988140115683342,-0.875509018978969,-0.012836921609198495,0.8905977305306987,-0.0010330871943930993,-0.0009988213469812142,1.2489380537533998,4,0.4223835177031096,0.06568090591029804,-0.3567026117928116
tm103381,tiquinho soares_1991,1718,0.3815289532150886,0.0047600976564673055,0.016431979001704296,0.003941313538235878,0.08322906550525899,0.510108591083245,6,1819,0.9751047735419822,0.0007244501194769728,0.004459312249820551,0.0008007631250535132,0.00551786729272974,0.01339283367093695,1,0.5935758203268936,-0.004035647536990332,-0.011972666751883744,-0.003140550413182365,-0.07771119821252925,-0.49671575741230806,0.5987827477987854,1,1.0327060299667552,0.14612254309633804,-0.8865834868704172
tm104127,aymen tahar_1989,1718,0.0012814727001236028,0.06669866546808517,0.7156039247015412,0.16270427772316437,0.021872695630876276,0.03183896377620924,3,1819,0.0002796236810302813,0.9811158808497467,0.006683649287991533,0.009017986400365552,0.0017828042545483618,0.0011200555263176462,2,-0.0010018490190933215,0.9144172153816614,-0.7089202754135497,-0.15368629132279882,-0.020089891376327915,-0.030718908249891593,1.1673692150542179,2,0.9173885705447876,0.11582086248122898,-0.8015677080635586
tm104466,stefan ristovski_1992,1718,0.0013892468294501722,0.8023835627883962,0.009297619201120086,0.16630512055535726,0.005074857193799509,0.015549593431876793,2,1819,0.0016620528271165576,0.025295283533493255,0.013693607176610863,0.9436109815675542,0.0040041296567649666,0.01173394523846035,4,0.00027280599766638537,-0.7770882792549029,0.004395987975490777,0.7773058610121969,-0.0010707275370345423,-0.003815648193416444,1.0991319943073763,4,0.6191905702354191,0.29144122442623976,-0.32774934580917936
tm107444,antonio briseno_1994,1718,0.004354357534811373,0.2170765243733303,0.0180684289826446,0.7393263296476792,0.004860349310989815,0.016314010150544508,4,1819,2.9854064307497437e-06,8.02858662653748e-05,7.194694375779592e-05,0.9998304853567666,3.3543003089912184e-06,1.0942126470466176e-05,4,-0.004351372128380623,-0.21699623850706493,-0.0179964820388868,0.26050415570908736,-0.0048569950106808245,-0.016303068024074042,0.339582362430131,4,0.7440993251226564,0.001818185299696291,-0.7422811398229602
tm109256,haris seferovic_1992,1718,0.25434540391573435,0.005870844330491283,0.009660831960971518,0.00437993251838982,0.07992964668852295,0.64581334058589,6,1819,0.03696988452162222,0.0014656255079953983,0.005207191383011699,0.002535737855311026,0.006491493817493211,0.9473300669145664,6,-0.21737551939411212,-0.004405218822495885,-0.004453640577959819,-0.001844194663078794,-0.07343815287102974,0.30151672632867643,0.22953849492012401,1,0.9313163606715152,0.25796963439876236,-0.6733467262727528
tm111200,fabio pacheco_1988,1718,0.0006135745036513514,0.04476145423973585,0.7769855369670507,0.1581335726107551,0.012202475286562762,0.0073033863922442425,3,1819,0.00046616479140333195,0.9419601910057597,0.009608271554378238,0.038247856679861594,0.0014888310575344964,0.008228684911062736,2,-0.00014740971224801944,0.8971987367660238,-0.7673772654126725,-0.11988571593089352,-0.010713644229028266,0.0009252985188184931,1.1867269397436515,2,0.7209870578216754,0.27854853485824704,-0.44243852296342834
tm111811,florent hanin_1990,1718,0.0010576757967351402,0.612526503073841,0.043112920097114565,0.3139571760286103,0.02320417213719681,0.006141552866502055,2,1819,0.002142811369498144,0.009690840330069443,0.032661738220528216,0.9286829471360826,0.0058504357848123585,0.020971227159009256,4,0.0010851355727630038,-0.6028356627437716,-0.010451181876586349,0.6147257711074723,-0.017353736352384453,0.0148296742925072,0.8612259673434235,4,0.9253518840219873,0.3496903024043961,-0.5756615816175912
tm111828,fransergio_1990,1718,0.043917470382729924,0.042271171791084874,0.6060966248682184,0.01801520219598935,0.27804855515309357,0.011650975608883942,3,1819,0.040876127745151015,0.07147138383667327,0.4213072744605267,0.008432473210931378,0.4496288075292332,0.008283933217484357,5,-0.0030413426375789088,0.029200212045588397,-0.18478935040769168,-0.009582728985057973,0.1715802523761396,-0.0033670423913995853,0.2540484557577628,3,1.0545989997425225,1.1228210594997885,0.06822205975726603
tm112465,sergio oliveira_1992,1718,0.012093851070844873,0.061419484647841714,0.4531880466929267,0.01729795985592979,0.35015227690967715,0.10584838082277984,3,1819,0.020632041619252608,0.20387987784276518,0.08090740023494855,0.026936195279186337,0.6284199548711578,0.03922453015268955,5,0.008538190548407735,0.14246039319492346,-0.3722806464579782,0.009638235423256546,0.2782676779614806,-0.06662385067009029,0.4862988178418817,3,1.2587667260214457,1.1240356718181772,-0.13473105420326847
tm114130,fabio espinho_1985,1718,1.1281121625462047e-40,4.2634821165284684e-41,5.8747067453686125e-40,1.4606093584024377e-41,1.0,1.8825143798876125e-41,5,1819,0.006595576271073123,0.08599570738161431,0.6907533677730697,0.015258148484381825,0.19044843171086273,0.010948768378998157,3,0.006595576271073123,0.08599570738161431,0.6907533677730697,0.015258148484381825,-0.8095515682891372,0.010948768378998157,1.067794704622018,5,1.3815510557964273e-10,0.9287478779873626,0.9287478778492074
tm119183,jose adolfo valencia_1991,1718,0.8943170215634163,0.003459921674888129,0.0071987070661158545,0.004394226226289173,0.05159887924222477,0.03903124422706565,1,1819,0.3689647720525452,0.05943363286563643,0.23523262823786667,0.06560354021557188,0.05905347714669431,0.21171194948168556,1,-0.5253522495108711,0.0559737111907483,0.2280339211717508,0.061209313989282706,0.007454597904469541,0.17268070525461993,0.5787310798328686,1,0.4584091614973502,1.5505586395602413,1.092149478062891
tm122043,hector herrera_1990,1718,0.0005592359348237518,0.004957797306087125,0.9383531992461744,0.0025415448287962727,0.05168432357585316,0.001903899108265337,3,1819,0.010010220905891102,0.758014924546494,0.1926813856340646,0.013851586020562136,0.019797610442060454,0.0056442724509277835,2,0.00945098497106735,0.7530571272404069,-0.7456718136121099,0.011310041191765863,-0.03188671313379271,0.0037403733426624466,1.060356303855599,2,0.27043587694152504,0.7395369953004277,0.46910111835890267
tm122115,vincent sasso_1991,1718,0.00022919152171216328,0.1086618762407997,0.0041689942597883485,0.8853902983957446,0.0006497365622197854,0.0008999030197353573,4,1819,0.000858146962403414,0.00421323795796234,0.007636653247449956,0.9800533950991172,0.0005657129528027063,0.0066728537802642224,4,0.0006289554406912507,-0.10444863828283736,0.003467658987661607,0.09466309670337258,-8.40236094170791e-05,0.005772950760528865,0.14100725945985582,2,0.3847991067335453,0.1237361366972681,-0.2610629700362772
tm122946,jardel_1986,1718,0.004815784263447822,0.16789307769276426,0.06561898155598658,0.7163380076583213,0.031910515373771986,0.013423633455708005,4,1819,4.835008212725399e-05,0.0003236414170132434,0.0007466001379838833,0.998732855090515,4.5397405471519396e-05,0.00010315586688915098,4,-0.004767434181320568,-0.16756943627575102,-0.0648723814180027,0.2823948474321937,-0.031865117968300466,-0.013320477588818854,0.3362631497394186,4,0.9107926951728047,0.011123919084524625,-0.8996687760882801
tm124384,joao silva_1990,1718,0.9278988944714858,0.003093618898355848,0.00534901810091286,0.002195059568951396,0.05735520264191387,0.004108206318380217,1,1819,0.9365270736962733,0.0032757786301253772,0.0323636664279686,0.0038418246294349883,0.00951644401498241,0.014475212601215374,1,0.008628179224787536,0.0001821597317695294,0.02701464832705574,0.0016467650604835922,-0.04783875862693146,0.010367006282835156,0.05563747428907667,5,0.3152532498121118,0.3181576475699275,0.002904397757815702
tm124548,bebeto_1990,1718,0.003746440131656214,0.6429605814981739,0.0938938584482763,0.15540933124090894,0.044528670023286865,0.05946111865769773,2,1819,0.0012724601776136876,0.11814804510473631,0.020102284117699595,0.8114622607511202,0.011262491071395517,0.03775245877743458,4,-0.0024739799540425263,-0.5248125363934376,-0.0737915743305767,0.6560529295102112,-0.03326617895189135,-0.021708659880263152,0.8440329379566303,4,1.1227289933153637,0.6831227787109482,-0.4396062146044155
tm125165,jesus corona_1993,1718,0.013898797246006097,0.04037720368941177,0.4395137494911468,0.009559897577691032,0.4598880467409032,0.03676230525484109,5,1819,0.003319010499031214,0.010903630406920679,0.09811194801525594,0.00797037498680221,0.8671495062397596,0.01254552985223054,5,-0.010579786746974882,-0.029473573282491092,-0.34140180147589083,-0.0015895225908888217,0.4072614594988564,-0.02421677540261055,0.5323534882348748,5,1.0734588010454875,0.5130453491058038,-0.5604134519396837
tm125735,luis farina_1991,1718,0.08365652997019216,0.043009044886672294,0.133178485183742,0.01592984459309318,0.4527842904389653,0.27144180492733505,5,1819,0.05352397870195205,0.48988097483953796,0.20450627324831402,0.01765045434081982,0.2052216365307379,0.029216682338638243,2,-0.030132551268240104,0.4468719299528657,0.07132778806457202,0.001720609747726639,-0.24756265390822738,-0.2422251225886968,0.516701435922047,2,1.3900361899105673,1.3303372332638832,-0.05969895664668412
tm126956,edgar costa_1987,1718,0.003853776846015838,0.015363032784501521,0.41058486566510294,0.00347188629383163,0.545109494819132,0.021616943591416138,5,1819,0.04233780055737318,0.005730299158284722,0.16409106765740852,0.003463606693617011,0.7665653959138063,0.017811830019510425,5,0.03848402371135734,-0.0096327336262168,-0.24649379800769441,-8.279600214618817e-06,0.2214559010946744,-0.0038051135719057126,0.33373000807927655,3,0.8843684047682018,0.7551694753303155,-0.12919892943788625
tm126964,david bruno_1992,1718,6.265856179555292e-05,0.9462731657089398,0.004187394162882903,0.04772732502424735,0.0010310258101420317,0.0007184307319925039,2,1819,0.00011105005501791934,0.002081379894104075,0.00422630705565408,0.9920750637473138,0.0005793671379019815,0.0009268321100083715,4,4.839149322236642e-05,-0.9441917858148358,3.891289277117675e-05,0.9443477387230664,-0.00045165867224005016,0.00020840137801586762,1.3353991867164978,4,0.2332815987024983,0.05565047343611908,-0.1776311252663792
tm127031,pierre sagna_1990,1718,2.5588134981799816e-05,0.9112227078233729,0.001315629326352581,0.08666024077441115,0.00025044342995596616,0.0005253905109256966,2,1819,0.00042361774829901677,0.18585335058868557,0.05104623491140793,0.7545846964700395,0.0042617788294576865,0.0038303214521105554,4,0.00039802961331721694,-0.7253693572346873,0.04973060558505535,0.6679244556956283,0.00401133539950172,0.0033049309411848585,0.9873060140110975,2,0.31170652703196416,0.7249652652612854,0.4132587382293212
tm130622,tiago mesquita_1990,1718,0.0037401905725334026,0.4779509542780116,0.041033712669287015,0.4085377431733945,0.036802147361233106,0.031935251945540505,2,1819,0.0018529010635207146,0.07793842568058919,0.06385851965127225,0.8283163164575049,0.013300011225109962,0.014733825922002782,4,-0.001887289509012688,-0.4000125285974224,0.022824806981985232,0.41977857328411045,-0.023502136136123144,-0.017201426023537723,0.5807761683314524,4,1.1020094876432118,0.6618421802051281,-0.44016730743808374
tm130635,vitor bruno_1990,1718,0.004641548916899977,0.4084363784896625,0.4342900558715786,0.03369334948520784,0.0940424904995115,0.024896176737139595,3,1819,0.0020388995783723832,0.07512061386165336,0.21710258610606348,0.6708638240069781,0.02387034667194932,0.011003729774983486,4,-0.0026026493385275934,-0.33331576462800916,-0.21718746976551512,0.6371704745217702,-0.07017214382756218,-0.01389244696215611,0.754444771423286,4,1.181371483940179,0.9452743821948488,-0.23609710174533016
tm130940,idrissa mandiang_1984,1718,0.0006934784623080813,0.07794198913786317,0.5284384138204412,0.38422955080089793,0.004265903456367097,0.004430664322122426,3,1819,0.00018519253592271404,0.9323128515326494,0.00423494657570217,0.06052785163668009,0.000534852611948858,0.0022043051070967028,2,-0.0005082859263853673,0.8543708623947862,-0.5242034672447391,-0.32370169916421787,-0.0037310508444182385,-0.002226359215025723,1.053345059663454,2,0.9558007141151926,0.2773491595749172,-0.6784515545402754
tm131753,diego galo_1984,1718,0.00029314279366310933,0.18957187800013484,0.002755096172291218,0.8049043681121271,0.0006625520286975086,0.0018129628930861569,4,1819,3.4526630296722815e-05,0.0006114670647585276,0.0007084837457732244,0.9984617677873155,2.7829381298133774e-05,0.000155925390557848,4,-0.00025861616336638653,-0.1889604109353763,-0.0020466124265179934,0.19355739967518848,-0.0006347226473993749,-0.001657037502528309,0.2705090797874821,4,0.5248638160407462,0.013213381961740388,-0.5116504340790058
tm131933,diego lopes_1994,1718,0.22171946190917205,0.02696301364288457,0.2056473386797411,0.012321231728882892,0.4421142339390493,0.09123472010026991,5,1819,0.054175544386571954,0.08165809715929243,0.5224742452257521,0.03238995589934369,0.27492724692762077,0.034374910401419094,3,-0.1675439175226001,0.05469508351640785,0.31682690654601103,0.020068724170460794,-0.16718698701142853,-0.056859809698850815,0.3997449780635037,3,1.3901233067046728,1.2836530140820657,-0.1064702926226071
tm132060,jorge fellipe_1988,1718,0.018406993063280953,0.26904149531787946,0.07056694343001842,0.5653485696349821,0.031464705907495595,0.04517129264634337,4,1819,0.007966633658854172,0.03135175372580633,0.030519301673073956,0.9130929936849754,0.005897670365161621,0.011171646892128463,4,-0.010440359404426782,-0.23768974159207312,-0.04004764175694446,0.3477444240499933,-0.025567035542333975,-0.03399964575421491,0.4240154310130436,4,1.1850120025487525,0.4170472802237371,-0.7679647223250154
tm132214,joao carlos teixeira_1993,1718,0.006023189094342608,0.04000810635682628,0.5628992516271449,0.008409199155047054,0.3749371823123079,0.007723071454331194,3,1819,0.0002263799762232493,0.9809655411382363,0.013382888989373044,0.0019028618966171235,0.0028734347012381455,0.0006488932983122064,2,-0.005796809118119359,0.94095743478141,-0.5495163626377719,-0.006506337258429931,-0.37206374761106975,-0.007074178156018987,1.1514671052982473,2,0.9285934702403452,0.11198239883025553,-0.8166110714100897
tm13222,tiago gomes_1986,1718,0.00011616929079311704,0.9407679324943774,0.009268983749691633,0.04834573332355552,0.0006441460144843176,0.0008570351270976221,2,1819,0.0002354736644116248,0.03857443572389891,0.006526641039017955,0.9498287194390266,0.0007213995603885957,0.004113330573256287,4,0.00011930437361850776,-0.9021934967704784,-0.002742342710673678,0.9014829861154711,7.725354590427816e-05,0.003256295446158665,1.2753949272738216,2,0.25912635992077454,0.23708107700466388,-0.02204528291611066
tm134608,helder tavares_1989,1718,0.00012266568540270572,0.003920590922757195,0.9867804189147887,0.004100364044933348,0.004490200765943653,0.0005857596661744146,3,1819,1.0089795481260205e-05,0.9987580556001867,0.0006960211397184606,0.00045663774417150266,4.664228890402971e-05,3.2553431537999865e-05,2,-0.00011257588992144552,0.9948374646774295,-0.9860843977750703,-0.0036437263007618455,-0.004443558477039623,-0.0005532062346364148,1.400748748094341,2,0.08713390264757669,0.010731220522936057,-0.07640268212464063
tm137192,zainadine junior_1988,1718,0.000332096041533683,0.3480143277249373,0.006091627901231812,0.6432712904802376,0.0010347868326308657,0.0012558710194288223,4,1819,0.0017911021876426448,0.035306048407257665,0.02244891594444955,0.9315297806619801,0.0022119945669108695,0.00671215823175913,4,0.0014590061461089618,-0.31270827931767964,0.01635728804321774,0.28825849018174254,0.0011772077342800038,0.0054562872123303085,0.4256177868754953,2,0.7003715448593174,0.3277901349410294,-0.37258140991828803
tm138651,joaozinho_1989,1718,0.00016219799243488326,0.8363486991684259,0.008500057004279754,0.15152784613980616,0.0008496955674904028,0.002611504127563073,2,1819,0.0014603332794508607,0.22883594992207332,0.07104089681588793,0.6758789340819404,0.007415330764881075,0.015368555135766489,4,0.0012981352870159776,-0.6075127492463526,0.06254083981160818,0.5243510879421343,0.006565635197390672,0.012757051008203416,0.8049670510574152,2,0.49887617554763913,0.9001844240767908,0.40130824852915165
tm139393,tomane_1992,1718,0.957774227660254,0.0005462842483631209,0.001748710438274544,0.00033365150109765677,0.022995869115021713,0.016601257036988993,1,1819,0.9794457802837445,0.00034324949282291936,0.002019710288034213,0.00021801686622140946,0.012820164886100072,0.00515307818307691,1,0.02167155262349052,-0.00020303475554020158,0.00027099984975966895,-0.00011563463487624732,-0.010175704228921641,-0.011448178853912083,0.023944293371626624,1,0.21398579927207262,0.12045094548239232,-0.0935348537896803
tm139395,ricardo esgaio_1993,1718,0.010596612369806652,0.08906318298579928,0.6173166828431177,0.015926072026687284,0.18265968830318233,0.08443776147140676,3,1819,0.010793596369481013,0.40522803648157807,0.14693614069621444,0.30864930681141167,0.08221230773476776,0.04618061190654716,2,0.00019698399967436019,0.3161648534957788,-0.4703805421469033,0.2927232347847244,-0.10044738056841457,-0.0382571495648596,0.6457512495264773,3,1.1465376011973962,1.4069648663994558,0.2604272652020596
tm140032,andreas samaris_1989,1718,0.00038821180143101683,0.011684610100866643,0.9660578568008591,0.012474835194478418,0.007602257988348608,0.0017922281140163804,3,1819,0.0006274712951198746,0.9700250817921161,0.008464699753981448,0.011070267309003422,0.007530009778374591,0.0022824700714043876,2,0.00023925949368885777,0.9583404716912495,-0.9575931570468776,-0.001404567885474996,-7.224820997401692e-05,0.0004902419573880072,1.3547705153937573,2,0.19151750174975782,0.17509139024162798,-0.016426111508129837
tm141050,danilo pereira_1991,1718,0.000254157067557143,0.011828974608802254,0.951323417194373,0.03211894941535376,0.003916271260527595,0.0005582304533861593,3,1819,0.004456587344520036,0.39127931317193854,0.5424535987255967,0.03910068910164415,0.016960120876547722,0.005749690779752692,3,0.004202430276962894,0.37945033856313626,-0.40886981846877624,0.006981739686290393,0.013043849616020127,0.005191460326366533,0.5580265540388324,3,0.23838635779102973,0.9486232744228559,0.7102369166318261
tm144927,edu machado_1990,1718,3.6935219356690994e-42,1.0,2.101594015313748e-40,2.178561260844303e-39,4.2634821165284684e-41,1.8825143798876125e-41,2,1819,0.0022121986460903837,0.09847198441437277,0.09484450934929704,0.7572906738725853,0.01854551257979458,0.028635121137860004,4,0.0022121986460903837,-0.9015280155856272,0.09484450934929704,0.7572906738725853,0.01854551257979458,0.028635121137860004,1.1813493295522537,2,1.3815510557964273e-10,0.851416833081051,0.8514168329428958
tm145692,rafael crivellaro_1989,1718,0.07488860988066866,0.032144828074949505,0.09775961789434537,0.02385552457392126,0.749672001056216,0.021679418519899202,5,1819,0.0025402162608722176,0.0782994134514735,0.8843927222589862,0.0038974237463823224,0.029313356558358972,0.0015568677239266638,3,-0.07234839361979645,0.04615458537652399,0.7866331043646408,-0.01995810082753894,-0.720358644497857,-0.020122550795972537,1.0702668261627228,3,0.9200812106363544,0.45842946953064484,-0.46165174110570956
tm147487,vincent aboubakar_1992,1718,0.6982371516075936,0.00417446574354225,0.00772943768068016,0.004323592731421612,0.04952026652614818,0.2360150857106143,1,1819,0.3851824475752182,0.009324364404820228,0.07646709885219723,0.02656582415713938,0.0741100073689467,0.42835025764167833,6,-0.3130547040323754,0.005149898661277978,0.06873766117151707,0.022242231425717768,0.024589740842798517,0.19233517193106403,0.32226387859929484,1,0.8243970689017401,1.2600552164703704,0.4356581475686303
tm149928,jubal_1993,1718,0.0005593213245208863,0.6769108521249853,0.00910859536035473,0.309930781448866,0.0024116553867554132,0.0010787943545177464,2,1819,7.65823837090773e-05,0.008516954437424588,0.0005280081034820083,0.9900049528544766,0.0002086764061496552,0.0006648258147576899,4,-0.000482738940811809,-0.6683938976875606,-0.008580587256872722,0.6800741714056107,-0.002202978980605758,-0.00041396853976005655,0.9535879580353057,4,0.6960881545103959,0.06187682239730147,-0.6342113321130944
tm153207,william_1991,1718,0.5847973352704811,0.01058271216252635,0.016244662324759816,0.009126043890843639,0.10356536165848337,0.2756838846929057,1,1819,0.6196013180485194,0.007933228277028177,0.34265054520816024,0.012673728353789769,0.00891022640232289,0.008230953710179366,1,0.03480398277803831,-0.0026494838854981724,0.32640588288340044,0.00354768446294613,-0.09465513525616048,-0.2674529309827264,0.3416596523711518,3,1.0617218286771926,0.8388849177595084,-0.2228369109176842
tm156501,felipe_1989,1718,0.0015887315806869826,0.25590276062076595,0.013818992660337096,0.7168732024286414,0.008258599429054892,0.003557713280513738,4,1819,0.0002988349876101397,0.004965134200684447,0.005033979750540774,0.988123625300994,0.0004123168313398596,0.0011661089288311055,4,-0.0012898965930768429,-0.2509376264200815,-0.008785012909796323,0.27125042287235257,-0.007846282597715033,-0.002391604351682633,0.3697118995886172,4,0.7164814659062835,0.07829940625253368,-0.6381820596537497
tm157036,dyego sousa_1989,1718,0.0188039574285375,0.0012397423596005785,0.002384861479623306,0.0011388273589940426,0.0054555903422416,0.9709770210310029,6,1819,0.9370138843001646,0.0010321451481142938,0.009513305241107845,0.0014484002640365915,0.012741792828141777,0.038250472218434674,1,0.9182099268716272,-0.00020759721148628477,0.0071284437614845386,0.00030957290504254886,0.007286202485900177,-0.9327265488125682,0.9182665801360249,1,0.16216580634346178,0.3022352705731955,0.1400694642297337
tm158382,rafael costa_1991,1718,0.07263453057770149,0.03867549113192192,0.17284981878506903,0.020402552898114375,0.5671282839548036,0.12830932265238953,5,1819,0.00890482709051654,0.06405884118866711,0.16105875606069203,0.009292604070616061,0.7437771275221313,0.012907844067377069,5,-0.06372970348718494,0.025383350056745198,-0.011791062724376994,-0.011109948827498314,0.17664884356732768,-0.11540147858501247,0.1901921755053604,5,1.2841990651934456,0.8319550753269849,-0.45224398986646075
tm158427,nildo petrolina_1986,1718,0.03213510731034084,0.11649388021218653,0.19343037493599993,0.016403569058452985,0.5005169424696495,0.14102012601337022,5,1819,0.008557840671541628,0.004453105793937283,0.00968297072060893,0.0008993983565919537,0.9602680731098189,0.01613861134750136,5,-0.02357726663879921,-0.11204077441824925,-0.183747404215391,-0.015504170701861032,0.45975113064016937,-0.12488151466586886,0.5084128368013133,5,1.36877631299632,0.22159333273904103,-1.1471829802572788
tm159570,bruno nascimento_1991,1718,0.00027309885923770615,0.19657249190781834,0.01689043818921098,0.780989702390809,0.0025278827436576055,0.0027463859092664105,4,1819,6.595748302692127e-06,0.0005690695011505216,9.834245314253046e-05,0.9992568956941182,1.216848337203415e-05,5.6928119913937207e-05,4,-0.000266503110935014,-0.19600342240666782,-0.01679209573606845,0.21826719330330924,-0.0025157142602855714,-0.0026894577893524733,0.29384738145674816,4,0.6153100002056948,0.006674834074764039,-0.6086351661309308
tm164705,raul silva_1989,1718,0.048247226465812504,0.21992102696104146,0.2127469646140779,0.08510690022404545,0.19302759067796246,0.24095029105706012,6,1819,0.00024227375722459557,0.014657173250022037,0.0046084835043866375,0.9792421841583084,0.0004828897887224719,0.0007669955413357579,4,-0.04800495270858791,-0.20526385371101943,-0.20813848110969127,0.894135283934263,-0.19254470088924,-0.24018329551572437,0.9614107968294479,4,1.6787008466205746,0.11843445955313005,-1.5602663870674445
tm168536,alhassan wakaso_1992,1718,0.00120866939174267,0.066472403159248,0.7442995007379167,0.1597893754846777,0.012322493160890681,0.01590755806552411,3,1819,9.978542150040077e-06,0.9987526892876544,0.00036797971874761795,0.0007797154750235469,3.20795215532234e-05,5.755745487111628e-05,2,-0.00119869084959263,0.9322802861284064,-0.7439315210191692,-0.15900966000965416,-0.012290413639337458,-0.015850000610652993,1.2033358645752743,2,0.8212089571018649,0.010745180655811206,-0.8104637764460537
tm175597,ruben ferreira_1990,1718,0.0015012387749161495,0.3983867850908267,0.19982271345303446,0.3049680213224907,0.02911748828483264,0.06620375307389934,2,1819,0.000477114300015159,0.036037638829063155,0.016647386838916083,0.9342793663941356,0.0031917943998330607,0.009366699238037079,4,-0.0010241244749009904,-0.36234914626176357,-0.18317532661411837,0.6293113450716449,-0.02592569388499958,-0.05683705383586225,0.7493704448048772,4,1.343068008361233,0.3171921790236697,-1.0258758293375632
tm175600,arsenio nunes_1989,1718,0.03180613940555937,0.008092763196791013,0.0631956640659827,0.007889499238158891,0.8868550742331918,0.0021608598603163717,5,1819,0.012246192254493457,0.016650339677271347,0.6317490824855893,0.008321432898694584,0.32023058624967515,0.010802366434276121,3,-0.01955994715106591,0.008557576480480333,0.5685534184196066,0.0004319336605356928,-0.5666244879835166,0.00864150657395975,0.8029771542165203,3,0.4811202009297201,0.865656600351844,0.3845363994221239
tm177964,yusupha njie_1994,1718,0.8285732714071423,0.005975034592490692,0.015454785640889777,0.00543525288054464,0.08349932730212922,0.06106232817680328,1,1819,0.9841988853024168,0.0004525073993977724,0.003079825821779227,0.0005277471998429934,0.0025436309492479123,0.009197403327315215,1,0.15562561389527452,-0.005522527193092919,-0.01237495981911055,-0.0049075056807016465,-0.08095569635288132,-0.05186492484948806,0.1760138574697747,1,0.6572379351505674,0.0992745260879345,-0.5579634090626329
tm182462,welthon_1992,1718,0.9585924396565676,0.0008617023123763599,0.0028780622419866675,0.0007038885219088046,0.03386540608435517,0.003098501182805213,1,1819,0.7325105902987283,0.020111858143693893,0.1342365716731044,0.010114244623204342,0.06444307492116137,0.03858366034010745,1,-0.22608184935783926,0.019250155831317534,0.13135850943111774,0.009410356101295538,0.030577668836806203,0.035485159157302236,0.26412530689428904,1,0.20111299182181544,0.9248983846190595,0.7237853927972441
tm182710,joao teixeira_1994,1718,0.003876894312994117,0.009643604526822998,0.3215059857525467,0.0030297645447883497,0.6588364761284023,0.003107274734445459,5,1819,0.013416541512885764,0.2570033751853405,0.365526084017183,0.04244166606072564,0.2506946072688464,0.07091772595501865,3,0.009539647199891647,0.2473597706585175,0.04402009826463632,0.03941190151593729,-0.40814186885955595,0.06781045122057319,0.4809872276448034,5,0.7415442235857417,1.4435015971608582,0.7019573735751166
tm182936,filipe ferreira_1990,1718,0.0002259459961936331,0.9674408470229273,0.00983099521798792,0.01903846412460272,0.002083842985161669,0.0013799046531268336,2,1819,0.00021304037262232967,0.009952001168806651,0.005618068837476548,0.9815411317027665,0.0004650773425155905,0.0022106805758125726,4,-1.2905623571303438e-05,-0.9574888458541206,-0.004212926380511372,0.9625026675781637,-0.0016187656426460786,0.000830775922685739,1.357651149724253,4,0.17673043309332917,0.11216435045763806,-0.06456608263569111
tm183945,eber bessa_1992,1718,0.061808164883038016,0.06601028446334085,0.2271592645643615,0.01617695894388392,0.3535473759301652,0.27529795121521056,5,1819,0.0033103532938091357,0.035941834876048885,0.031098751019985337,0.0023353076157702226,0.8934984232353095,0.03381532995907697,5,-0.05849781158922888,-0.03006844958729197,-0.19606051354437617,-0.013841651328113698,0.5399510473051443,-0.2414826212561336,0.5783636878210874,5,1.4775627874982356,0.475668343021847,-1.0018944444763886
tm184992,juan delgado_1993,1718,0.03836329075746818,0.030490854961184435,0.09773175190049398,0.013080954879273165,0.2640517377959841,0.5562814097055961,6,1819,0.1435152198667425,0.1757355984815647,0.1590731183104556,0.02030789288573856,0.2609919179869541,0.24037625246854463,5,0.10515192910927433,0.14524474352038025,0.061341366409961615,0.007226938006465395,-0.003059819809030029,-0.3159051572370515,0.18967687808206113,2,1.1933798285444754,1.6489959387643518,0.45561611021987636
tm187697,jean cleber_1990,1718,0.0010261778865923747,0.009568637530320575,0.8908387108291436,0.005591147870320854,0.09111146026458739,0.0018638656190352978,3,1819,0.0009587844951824183,0.8008269741145545,0.030882428302773657,0.1628914584282957,0.002875340449312029,0.0015650142098815798,2,-6.739339140995643e-05,0.791258336584234,-0.8599562825263699,0.15730031055797483,-0.08823611981527535,-0.000298851409153718,1.1824312107493538,3,0.4135095389563176,0.6144606266604581,0.2009510877041405
tm187896,luis martins_1992,1718,0.00022900219076782367,0.8629800521613612,0.010096707621176185,0.11829869656963048,0.002067413199988837,0.0063281282570756305,2,1819,0.000567786631010119,0.045895956014415464,0.032735950568258135,0.9047293710188449,0.005254358700761125,0.010816577066710043,4,0.00033878444024229527,-0.8170840961469458,0.02263924294708195,0.7864306744492144,0.0031869455007722883,0.004488448809634412,1.13429380347803,2,0.47282222567735765,0.4247223816768266,-0.04809984400053108
tm188911,shoya nakajima_1994,1718,0.6860789969294226,0.005425224064688648,0.008907785635379103,0.0028428551573607074,0.14762871088507748,0.14911642732807157,1,1819,0.4159360802804791,0.0041523371408917435,0.08620457687701268,0.003801162504576122,0.34046709431286765,0.14943874888417266,1,-0.2701429166489435,-0.0012728869237969044,0.07729679124163358,0.0009583073472154147,0.19283838342779017,0.00032232155610109614,0.34079490910074733,1,0.9117047735220477,1.2710079171955309,0.35930314367348315
tm189516,derley_1987,1718,0.9907645432807967,0.00045692917426681497,0.0005556185347911182,0.0003681552458417816,0.0048038313653897425,0.003050922398914048,1,1819,0.985392959942616,0.0008961953445824653,0.005712683624792896,0.0004835923153759396,0.005184173757926433,0.0023303950147064655,1,-0.005371583338180663,0.00043926617031565037,0.0051570650900017775,0.00011543706953415797,0.0003803423925366903,-0.0007205273842075823,0.007469951052215946,1,0.06309890139342367,0.09539308514804484,0.032294183754621175
tm18981,rodrigo defendi_1986,1718,0.006686890454101936,0.19938562643517876,0.03734808979012348,0.7000006554334315,0.02176721778814791,0.034811520099016384,4,1819,0.0010823180517604376,0.0068896359668127296,0.005859866148900119,0.9830212100299627,0.0014156477311616528,0.0017313220714022114,4,-0.005604572402341498,-0.19249599046836605,-0.03148822364122336,0.2830205545965312,-0.020351570056986255,-0.03308019802761417,0.344372540331256,4,0.9276515535854237,0.10893306914870915,-0.8187184844367146
tm190543,dener_1992,1718,0.0004515417182414955,0.004338547488141943,0.9613835548785006,0.0021496238715536862,0.030811536933063658,0.0008651951104986337,3,1819,0.028337381402729428,0.17783697752105135,0.5498501278531406,0.041163223655104934,0.1897332212196748,0.013079068348298986,3,0.027885839684487934,0.1734984300329094,-0.41153342702536,0.03901359978355125,0.15892168428661116,0.012213873237800352,0.476463271976545,3,0.19146767439797902,1.2403598361499117,1.0488921617519327
tm193082,alex grimaldo_1995,1718,0.0005059127977507486,0.9403855040331136,0.03071148507667107,0.015484622573390304,0.006610751425562002,0.006301724093512303,2,1819,0.006599114373973158,0.04697440175020577,0.26705172114392645,0.4212305522386237,0.17638877625751234,0.0817554342357586,4,0.0060932015762224095,-0.8934111022829079,0.23634023606725538,0.40574592966523343,0.16977802483195034,0.07545371014224629,1.023489896934932,2,0.29826097226923454,1.4043285146351134,1.1060675423658788
tm193303,nuno sequeira_1990,1718,0.0011409156078733367,0.7906429850976848,0.05813840670913658,0.11043098599499859,0.015985771763246105,0.023660934827060737,2,1819,0.006741805541138821,0.22873396978960653,0.0676584301851306,0.4659689041497629,0.12209485006326175,0.1088020402710995,4,0.005600889933265484,-0.5619090153080784,0.009520023475994017,0.3555379181547643,0.10610907830001565,0.08514110544403877,0.6734464270029391,2,0.7568819954681708,1.4072943088206333,0.6504123133524625
tm194214,goncalo silva_1991,1718,0.0005312654368485005,0.3790202427330579,0.007750269652660298,0.6067919137103436,0.0012936139645075685,0.004612694502582281,4,1819,0.0005294197239918325,0.02665629906325168,0.008081283489514738,0.9549731609039416,0.0009862819448649563,0.008773554874435218,4,-1.8457128566680024e-06,-0.3523639436698062,0.0003310138368544397,0.348181247193598,-0.0003073320196426122,0.004160860371852937,0.4953692902495722,2,0.7459338327462818,0.23192881122061268,-0.5140050215256691
tm194641,fabio sturgeon_1994,1718,0.0254121655711885,0.05490875510196576,0.6969395817737823,0.0885355419447464,0.12152022810783311,0.012683727500483941,3,1819,0.0013600121757339123,0.00756431116232805,0.9767871978398383,0.0022510186202523113,0.01124886985132915,0.0007885903505181557,3,-0.02405215339545459,-0.04734444393963771,0.2798476160660559,-0.08628452332449409,-0.11027135825650396,-0.011895137149965786,0.3173948362683867,3,1.0304729105691375,0.13870108082588395,-0.8917718297432535
tm195308,luis machado_1992,1718,0.018650241025331,0.00027572539722156385,0.001983480097932168,0.00013514212943157935,0.9782423669676678,0.0007130443824159651,5,1819,0.006872868540933534,0.674698428928937,0.2226657795568218,0.016223249262754917,0.07207358221437932,0.0074660914961734125,2,-0.011777372484397464,0.6744227035317155,0.22068229945888962,0.01608810713332334,-0.9061687847532884,0.006753047113757448,1.1511238250025546,5,0.11675610352495401,0.9271611196695796,0.8104050161446256
tm197613,alexandre guedes_1994,1718,1.0,3.6935219356690994e-42,9.2763145918026e-42,2.62695771873402e-42,1.1281121625462047e-40,1.8825143798876125e-41,1,1819,0.9719843350394084,0.0006198363500573542,0.01244542944679938,0.0011142486577976236,0.004999356997859943,0.008836793508077432,1,-0.028015664960591602,0.0006198363500573542,0.01244542944679938,0.0011142486577976236,0.004999356997859943,0.008836793508077432,0.031086741785907517,1,1.3815510557964273e-10,0.16264125420166523,0.16264125406351013
tm198006,rafa soares_1995,1718,0.0006048655698160768,0.8850294003482921,0.013347047694271813,0.08562478273245623,0.007540225551409833,0.007853678103753722,2,1819,0.002435523841085033,0.05266104312657696,0.07566372480929066,0.7870378922098726,0.05012127688694215,0.032080539126232314,4,0.0018306582712689563,-0.8323683572217152,0.06231667711501885,0.7014131094774164,0.04258105133553232,0.02422686102247859,1.0911082887321304,2,0.45555170109014786,0.8138550127356297,0.3583033116454818
tm198007,francisco ramos_1995,1718,0.0009674480265107474,0.05277283806440061,0.44581534922871596,0.4871788066635699,0.01073983735284053,0.0025257206639623256,4,1819,0.005891104785529851,0.6963813276032965,0.13434279406969998,0.13443190713811093,0.013925220882022245,0.015027645521340604,2,0.004923656759019103,0.6436084895388959,-0.31147255515901595,-0.35274689952545896,0.0031853835291817158,0.012501924857378277,0.7973153733703862,2,0.9362531250997963,0.9442775890150034,0.008024463915207058
tm198053,lazar rosic_1993,1718,0.0010996957792575928,0.4927952113118858,0.011093885665014583,0.4909355367283887,0.0018261439636452364,0.0022495265518081404,2,1819,0.0007429620999925767,0.013290907743471199,0.011289484251035091,0.9713906387350407,0.0005107548830778041,0.0027752522873824266,4,-0.0003567336792650161,-0.4795043035684146,0.00019559858602050811,0.48045510200665204,-0.0013153890805674322,0.0005257257355742863,0.6787955347164644,4,0.780664410974782,0.16180479959141875,-0.6188596113833633
tm203330,tyler boyd_1994,1718,0.013247473445191163,0.006554655001831365,0.0766541538547375,0.003758653669961152,0.8932137442751255,0.0065713197531533235,5,1819,0.0011331904667201988,0.4430680689762133,0.5016549963435127,0.0078220759904457,0.04240271243298169,0.003918955790126369,3,-0.012114282978470964,0.4365134139743819,0.42500084248877523,0.004063422320484549,-0.8508110318421438,-0.0026523639630269547,1.0465239394553139,5,0.4419963070020115,0.9080981927051607,0.4661018857031492
tm203654,toze_1993,1718,0.22999603181766473,0.004098392193571198,0.015556763559761013,0.0012705641935550267,0.7367937868209584,0.01228446141448969,5,1819,0.0503450049939566,0.0020718105520248402,0.08403123031975701,0.001222074475456069,0.854927347043055,0.007402532615750605,5,-0.17965102682370812,-0.002026581641546358,0.068474466759996,-4.848971809895777e-05,0.11813356022209653,-0.004881928798739086,0.22566101008377326,1,0.712888598532116,0.5498986319951321,-0.16298996653698383
tm205116,talocha_1989,1718,9.510103770062094e-05,0.9821892807285273,0.0022517647341324153,0.013857485187887413,0.001247915888357642,0.00035845242339472243,2,1819,0.0003662635678540805,0.01036694679055159,0.013874345466999512,0.9706030724038043,0.0012934883180729904,0.0034958834527178046,4,0.0002711625301534596,-0.9718223339379757,0.011622580732867097,0.9567455872159168,4.557242971534839e-05,0.003137431029323082,1.363794679336534,2,0.10274167875399344,0.16695244952256866,0.06421077076857522
tm206843,andrija zivkovic_1996,1718,0.01040794243892436,0.008913681428710803,0.10155694999052102,0.0020847960755668088,0.8562317988285673,0.02080483123770973,5,1819,0.017246562175877948,0.12798981921071484,0.15679514534829336,0.02332135649565355,0.46992156674122854,0.20472555002823162,5,0.006838619736953587,0.11907613778200404,0.05523819535777234,0.02123656042008674,-0.3863102320873387,0.18392071879052188,0.4086119656216866,5,0.5481998541916083,1.3909005663030882,0.8427007121114799
tm209993,mohamed abarhoun_1989,1718,0.00022650435580228145,0.06699943446986734,0.002569951409956551,0.9275108417712549,0.0005302148532990457,0.0021630531398199137,4,1819,0.00038541142398360555,0.004330737103429734,0.006062526100193782,0.9876218936959812,0.00024322853660856174,0.0013562031398032962,4,0.0001589070681813241,-0.0626686973664376,0.0034925746902372307,0.06011105192472632,-0.00028698631669048393,-0.0008068500000166176,0.08690805419333962,2,0.28540001178754537,0.08083105770902536,-0.20456895407852
tm211072,paulinho_1992,1718,0.8148177066839593,0.002236080763257027,0.006967886753766908,0.001507316949443502,0.1081225212364742,0.06634848761309918,1,1819,0.9193122842795834,0.003826140869468853,0.019130262428266834,0.0017061876185702823,0.026617135092771728,0.029407989711338622,1,0.1044945775956242,0.0015900601062118257,0.012162375674499926,0.00019887066912678032,-0.08150538614370248,-0.03694049790176056,0.13308920294319163,1,0.6454233298435293,0.3854260638926652,-0.25999726595086414
tm211107,joao afonso_1990,1718,0.005685818726449402,0.13718208598890932,0.021389104319104985,0.7872177386794231,0.011829651684897156,0.03669560060121609,4,1819,0.0002649576506761969,0.003974974026618865,0.0026535845997940305,0.9883397864371946,0.0006804389694821868,0.004086258316233983,4,-0.005420861075773205,-0.13320711196229046,-0.018735519719310954,0.20112204775777143,-0.011149212715414969,-0.03260934228498211,0.2422786064631844,4,0.7462522830359779,0.07892462415432254,-0.6673276588816554
tm212899,filipe augusto_1993,1718,0.0012783238910051406,0.05609413023678616,0.7856130633811732,0.09445039858097287,0.01861611687880404,0.04394796703125861,3,1819,3.053672023932228e-42,1.0,1.938983014396395e-40,1.3640297295651928e-40,1.8594986475783678e-41,1.6999338949231535e-41,2,-0.0012783238910051406,0.9439058697632139,-0.7856130633811732,-0.09445039858097287,-0.01861611687880404,-0.04394796703125861,1.2318340992358998,2,0.7940301082586992,1.3815510557964273e-10,-0.7940301081205441
tm214070,ewerton_1992,1718,0.0019096511126288883,0.011861719527677521,0.9600347680058319,0.008312259687889088,0.01608482223377767,0.0017967794321949518,3,1819,0.0011035740132055473,0.9373681861361093,0.03171273396742075,0.009429981732706162,0.017177742354197306,0.0032077817963608287,2,-0.000806077099423341,0.9255064666084317,-0.9283220340384111,0.0011177220448170735,0.0010929201204196368,0.0014110023641658769,1.310857395811034,3,0.2213149472017948,0.3097969710016796,0.08848202379988479
tm214775,oliver torres_1994,1718,0.012739987289376168,0.1519061043086439,0.33408047467259355,0.027984306649051754,0.3719694637483611,0.10131966333197344,5,1819,0.016404945551405224,0.4069714725979339,0.38674866606539204,0.028595787375671384,0.14098277323816974,0.020296355171427704,2,0.003664958262029056,0.25506536828929005,0.05266819139279849,0.0006114807266196301,-0.23098669051019136,-0.08102330816054573,0.3481392501654072,2,1.4080281667721921,1.2576497636879698,-0.15037840308422235
tm220722,eduardo teixeira_1993,1718,0.04631544127474422,0.0945263952466578,0.2746216943183527,0.0643311749925207,0.46012268647640175,0.06008260769132268,5,1819,0.007336581239927287,0.1683380694572989,0.2599371160954881,0.0892004345940893,0.22471380386258516,0.2504739947506112,3,-0.03897886003481693,0.0738116742106411,-0.01468457822286462,0.024869259601568605,-0.2354088826138166,0.19039138705928854,0.2514338356379089,5,1.4228167130920772,1.5840408193127673,0.16122410622069006
tm223029,fabio martins_1993,1718,0.08467613979615513,0.006997391918203996,0.024398402064582488,0.0025451707631700695,0.07709669886611589,0.8042861965917724,6,1819,0.0593732678354076,0.3829833848990702,0.1325245718934718,0.013388070321363315,0.2609500908728946,0.15078061417779237,2,-0.025302871960747528,0.3759859929808662,0.10812616982888931,0.010842899558193245,0.18385339200677872,-0.6535055824139799,0.43314732952237284,2,0.7223310370613131,1.4966502652418643,0.7743192281805512
tm224852,patrick_1991,1718,0.005645742932726313,0.8278935087892826,0.08283354447700289,0.027167004780942916,0.03421628847038332,0.02224391054966183,2,1819,0.007008925594838432,0.15426578730974774,0.11493671811369771,0.49473418769273947,0.17556973057899455,0.05348465070998215,4,0.0013631826621121187,-0.6736277214795349,0.03210317363669482,0.46756718291179655,0.14135344210861123,0.031240740160320322,0.832710421036181,2,0.6900166096891233,1.3819800920616778,0.6919634823725546
tm226138,mattheus oliveira_1994,1718,0.001415831685682624,0.029239731899869517,0.8891195507966267,0.010186608504916502,0.06230000419463835,0.007738272918266126,3,1819,0.012355841423605593,0.03172884577350416,0.39103965757951836,0.004471681801030755,0.5503488757847294,0.010055097637611917,5,0.010940009737922968,0.002489113873634645,-0.4980798932171084,-0.005714926703885748,0.488048871590091,0.0023168247193457907,0.6974480776199041,3,0.4743366819332337,0.9300453718074148,0.45570868987418106
tm226896,dankler_1992,1718,7.534591193099844e-05,0.1339315709934287,0.0016070689442785077,0.8632752751112489,0.0002561676130874676,0.0008545714260254441,4,1819,7.849457749187631e-05,0.0017535434608113535,0.0012658993752650892,0.9962875698588305,6.560654032503075e-05,0.0005488861872760671,4,3.148665560877872e-06,-0.13217802753261734,-0.0003411695690134185,0.13301229474758158,-0.00019056107276243682,-0.000305685238749377,0.1875192103133496,4,0.4153897278514587,0.0287744762200296,-0.3866152516314291
tm227676,amilton_1989,1718,0.1507958601972843,0.00825394920389179,0.022614662545113323,0.003758610983479011,0.8019247503555887,0.012652166714642806,5,1819,0.10485461386076102,0.010820089697267917,0.6692232194953704,0.007664384752155038,0.19217118008473677,0.01526651210970888,3,-0.045941246336523286,0.002566140493376126,0.6466085569502571,0.003905773768676027,-0.609753570270852,0.002614345395066074,0.8899631906096238,3,0.6638583861305217,0.9723684686732856,0.3085100825427639
tm228940,joao novais_1993,1718,0.3357325217562891,0.016483721941591423,0.03536538798437854,0.009099438142315626,0.3863613065776239,0.21695762359780146,5,1819,0.003973790668637921,0.004131079476658511,0.09627179545372115,0.0014458308642729724,0.890925790269154,0.0032517132675554364,5,-0.3317587310876512,-0.012352642464932912,0.06090640746934261,-0.007653607278042654,0.5045644836915301,-0.21370591033024602,0.607099604518767,5,1.2940047056098158,0.40095425012892066,-0.8930504554808951
tm229854,leandrinho_1993,1718,0.002164172703313524,0.08615688617743393,0.5593169458805384,0.3338751734444463,0.00841919199391016,0.01006762980035768,3,1819,0.0022720067487614,0.9049734119493145,0.04198765506705124,0.039054586841586816,0.006220593007631302,0.005491746385654784,2,0.00010783404544787616,0.8188165257718806,-0.5173292908134871,-0.2948205866028595,-0.0021985989862788585,-0.0045758834147028955,1.0124298107825827,2,1.0022575534149842,0.4241358458227323,-0.578121707592252
tm231289,otavio_1995,1718,0.009317054564198176,0.010133120858102562,0.8644038702608784,0.004313701440514573,0.09542940850699935,0.01640284436930687,3,1819,0.006282876380592625,0.7719271770174946,0.07420315659024765,0.015195529603244867,0.10599864689336323,0.026392613515056892,2,-0.003034178183605551,0.761794056159392,-0.7902007136706307,0.010881828162730294,0.01056923838636388,0.009989769145750022,1.0977188533986442,3,0.5311649081679435,0.8221215460104929,0.29095663784254944
tm236886,costinha_1992,1718,0.04696068560409251,0.0457110725914537,0.46745632491853323,0.021275303372810275,0.4095717676793633,0.00902484583374698,3,1819,0.031678027558620786,0.04809472453626353,0.8895046798447703,0.004903594557104358,0.022603058355275815,0.0032159151479651785,3,-0.015282658045471721,0.002383651944809835,0.4220483549262371,-0.016371708815705918,-0.3869687093240875,-0.0058089306857818015,0.5730417700089306,3,1.130143839179688,0.4896493217056861,-0.640494517474002
tm236997,tiago silva_1993,1718,0.008275873729908394,0.05838313605741176,0.6004825343387494,0.011273196124867484,0.25953023556420624,0.06205502418485668,3,1819,0.001682236237695365,0.26569166931724525,0.06747460926865281,0.00623584945692342,0.6499513737267637,0.008964261992719257,5,-0.006593637492213028,0.2073085332598335,-0.5330079250700966,-0.005037346667944064,0.39042113816255747,-0.053090762192137424,0.6925112217075271,3,1.0849238004846664,0.89877086882382,-0.18615293166084645
tm238055,rafa silva_1993,1718,0.036317943245094235,0.002012130662853485,0.01439845853192166,0.0011839012350217254,0.9407442791225378,0.00534328720257117,5,1819,0.28581393754306483,0.03075781696334241,0.06471274268887327,0.023227678962460134,0.1070888972525509,0.4883989265897085,6,0.2494959942979706,0.028745686300488925,0.050314284156951605,0.02204377772743841,-0.8336553818699869,0.48305563938713736,0.8723951608641212,5,0.28735933266727065,1.318851282373509,1.0314919497062385
tm240306,bruno fernandes_1994,1718,0.23686419410131238,0.027486049865048233,0.07113487801702939,0.007180711964209037,0.37513547239066536,0.28219869366173556,5,1819,0.07176207101503322,0.006734277684750163,0.031566818456454177,0.004046938550231367,0.6434231275391045,0.24246676675442644,5,-0.16510212308627914,-0.02075177218029807,-0.039568059560575214,-0.0031337734139776693,0.2682876551484391,-0.03973192690730912,0.31818715384890545,5,1.388233927694525,0.9813747020846102,-0.40685922560991483
tm240578,luiz phellype_1993,1718,0.6582821381106597,0.004049528720084598,0.008766288913052062,0.003658986978875809,0.0326801251318521,0.29256293214547574,1,1819,0.629456489770799,0.00907930858484705,0.037390531395806066,0.009877497868398304,0.032940277281074064,0.28125589509907545,1,-0.028825648339860677,0.0050297798647624525,0.028624242482754005,0.006218510889522495,0.0002601521492219608,-0.011307037046400292,0.041404124217723,1,0.8309852702991379,0.9717479298261282,0.1407626595269903
tm240773,edson rodrigues farias_1992,1718,0.013546070491217184,0.07067977152017926,0.5522969699325663,0.012643246598336896,0.3246232852589733,0.026210656198727155,3,1819,0.0034278931960654937,0.6339770681518307,0.07518241628485167,0.21107730071873612,0.036895506388755425,0.039439815259760556,2,-0.01011817729515169,0.5632972966316515,-0.4771145536477146,0.19843405412039922,-0.2877277788702179,0.013229159061033401,0.8168279303347844,2,1.0893630066136388,1.0805344623435644,-0.008828544270074401
tm24202,vasco fernandes_1986,1718,0.001650645231756582,0.8052441735676943,0.024802840766409127,0.15801515009145722,0.0072415569168798625,0.003045633425802792,2,1819,2.4602777148695964e-05,0.0008778103074547018,0.00033021919128862055,0.9986307086899749,3.980409119761915e-05,9.685494293529834e-05,4,-0.0016260424546078861,-0.8043663632602396,-0.024472621575120507,0.8406155585985178,-0.0072017528256822436,-0.002948778482867494,1.163741028823418,4,0.6215702651573795,0.011752947911843897,-0.6098173172455356
tm243783,antonio xavier_1992,1718,0.08737018313450098,0.08543157446512782,0.11281199728908461,0.040302970558344794,0.5115386904488871,0.16254458410405462,5,1819,0.028274547404591198,0.00910824657638225,0.2173753660854915,0.007029334211912315,0.6467420543623397,0.09147045135928294,5,-0.059095635729909786,-0.07632332788874557,0.10456336879640687,-0.03327363634643248,0.13520336391345256,-0.07107413274477167,0.19909326238126862,5,1.4369365722333551,1.010837696477484,-0.42609887575587124
tm248901,platiny_1990,1718,0.7322182970894338,0.006407380237162739,0.015614930757183041,0.00528533600378725,0.10785598371273165,0.1326180721997015,1,1819,0.7762518517711376,0.014849965545416741,0.05303772866490827,0.011249665900448916,0.04165107764989109,0.10295971046819731,1,0.04403355468170389,0.008442585308254001,0.03742279790772522,0.005964329896661666,-0.06620490606284057,-0.0296583617315042,0.08848366971222403,5,0.8613520076567251,0.8318184223459579,-0.02953358531076722
tm248903,marcelo goiano_1987,1718,0.00012799444618651632,0.9408478537126681,0.007421373154579443,0.04962872195883538,0.0008234768075227931,0.001150579920207635,2,1819,0.0008132037357390057,0.07510407700729627,0.008293815586116936,0.9066953492532037,0.002133724131078352,0.006959830286565724,4,0.0006852092895524894,-0.8657437767053718,0.0008724424315374926,0.8570666272943683,0.0013102473235555591,0.005809250366358088,1.2182275805207499,2,0.2575833909384821,0.3764725472916703,0.1188891563531882
tm24946,cris_1984,1718,9.1602269260325e-05,0.007877287494089332,0.02984648283603793,0.960435284132153,0.000979890954058695,0.0007694523144007572,4,1819,0.0013318503711740827,0.7957967500305612,0.055145120103516194,0.14078507968189297,0.003052250287841451,0.003888949525014073,2,0.0012402481019137576,0.7879194625364718,0.025298637267478264,-0.81965020445026,0.002072359333782756,0.003119497210613316,1.1372288208778698,4,0.19489614562487723,0.6656588551485265,0.4707627095236493
tm255755,alex telles_1992,1718,0.0065984809169373285,0.3770442297102015,0.09814972404179441,0.07732601136268454,0.05701007656844632,0.3838714773999358,6,1819,0.006011295109957468,0.04950023233530143,0.16331491211942273,0.5006894462475386,0.09763904042119517,0.18284507376658457,4,-0.0005871858069798602,-0.3275439973749001,0.06516518807762832,0.4233634348848541,0.040628963852748855,-0.20102640363335125,0.540758011907307,4,1.357504789424905,1.3596596506881014,0.002154861263196306
tm256696,perdigao_1991,1718,0.04438232275152991,0.23404692724136122,0.2870154005182269,0.09388010674157246,0.3183876932456951,0.02228754950161434,5,1819,0.01082147821078787,0.08170084235188728,0.8400149618320859,0.015004764225349111,0.046743415646201915,0.005714537733687847,3,-0.03356084454074204,-0.15234608488947393,0.552999561313859,-0.07887534251622336,-0.27164427759949317,-0.016573011767926492,0.6404343119246197,3,1.507657600165947,0.6357641118242783,-0.8718934883416687
tm257388,wilson manafa_1994,1718,0.02157651243516411,0.0862929920800945,0.32606261341657056,0.018260991610956095,0.325344650705881,0.2224622397513338,3,1819,0.009239489648613364,0.048965426318373646,0.07872449470188002,0.7569988830003967,0.02698369524213439,0.07908801108860167,4,-0.012337022786550744,-0.03732756576172085,-0.24733811871469052,0.7387378913894407,-0.2983609554637466,-0.14337422866273214,0.8351494633812625,4,1.4323750206901538,0.8999777496549323,-0.5323972710352215
tm258004,ruben dias_1997,1718,0.00405974865398281,0.3677415730223688,0.052940428422004436,0.5558056546325728,0.010151086658447063,0.00930150861062415,4,1819,1.9791483918363003e-05,0.00018266752915085637,0.00019731791301904095,0.9995474046478419,2.169038252397236e-05,3.112804354606447e-05,4,-0.004039957170064447,-0.36755890549321796,-0.0527431105089854,0.44374175001526905,-0.01012939627592309,-0.009270380567078086,0.5787115441590911,4,0.9623538676627665,0.004478425446016588,-0.9578754422167499
tm258475,nikola maras_1995,1718,0.0008900222198433975,0.19782000151657522,0.012108481423216846,0.7837502835432117,0.0028955169767396808,0.00253569432041303,4,1819,0.0014830891381621243,0.004486433692307593,0.009134349145516876,0.9800516868682754,0.0007947740540016631,0.004049667101736214,4,0.0005930669183187268,-0.19333356782426764,-0.0029741322776999698,0.19630140332506363,-0.0021007429227380176,0.0015139727813231838,0.2755462206364883,4,0.6032959104954402,0.12454014040107228,-0.47875577009436787
tm261927,ricardo horta_1994,1718,0.24287633343175413,0.014370807220308784,0.022416058279666296,0.007279816942501577,0.4857233569379002,0.22733362718786906,5,1819,0.0685992465895016,0.006175970050044204,0.6413071629404693,0.0066199519019397865,0.25940956098563533,0.017888107532409554,3,-0.17427708684225252,-0.00819483717026458,0.618891104660803,-0.0006598650405617908,-0.22631379595226486,-0.20944551965545952,0.6816775098556013,3,1.2131661780582883,0.9553514083608908,-0.2578147696973975
tm262999,cristian arango_1995,1718,0.20752664550214694,0.012223895586881315,0.06329404578635973,0.007221116665127889,0.3979800503585785,0.31175424610090563,5,1819,0.6728418301269723,0.026511337053057315,0.06841588809487915,0.00668342611350469,0.1521874664642006,0.07336005214738602,1,0.46531518462482535,0.014287441466176,0.00512184230851942,-0.0005376905516231989,-0.2457925838943779,-0.23839419395351963,0.5264625995294653,1,1.3205103101921418,1.0579828940049851,-0.2625274161871567
tm265648,pablo santos_1992,1718,0.0003433735009947292,0.527600310755453,0.011737079071664686,0.45585557660002207,0.002058136112876227,0.0024055239589892445,2,1819,8.047012140663082e-05,0.001649771458388094,0.000747882750528535,0.9970559912014777,0.00011435155039373893,0.00035153291780533975,4,-0.0002629033795880984,-0.5259505392970649,-0.01098919632113615,0.5412004146014556,-0.001943784562482488,-0.0020539910411839046,0.7547492751928006,4,0.7776140424967675,0.02348574748533302,-0.7541282950114344
tm269467,cesar_1992,1718,7.201755507333112e-05,0.05070032222578838,0.0008246964040456657,0.9476712070203026,0.0002843141424556814,0.00044744265233452314,4,1819,1.3115489110896625e-05,0.00019047071033614907,0.00021647245495462768,0.9994745393829748,1.3689097921309101e-05,9.171286470213256e-05,4,-5.890206596243449e-05,-0.05050985151545223,-0.000608223949091038,0.051803332362672205,-0.0002706250445343723,-0.00035572978763239056,0.07235521396368659,4,0.21442940991636572,0.00513688590805737,-0.20929252400830836
tm271256,jhonder cadiz_1995,1718,0.9406771572515852,0.0014270530140521405,0.0036466512773569624,0.0011741841973483505,0.0358542622660659,0.017220691993591396,1,1819,0.974112916580814,0.0007004367760497435,0.0035859105509535106,0.0004412590258877908,0.006238700235446597,0.014920776830848165,1,0.03343575932922882,-0.000726616238002397,-6.074072640345181e-05,-0.0007329251714605597,-0.029615562030619307,-0.0022999151627432317,0.04467773893351929,1,0.28454996900735235,0.1486530279383401,-0.13589694106901226
tm27178,ruben fernandes_1986,1718,0.01457503045094633,0.2517697133980876,0.05569067673517369,0.557635379851471,0.0415392372625291,0.07878996230179224,4,1819,0.0005770412602380584,0.01981980999006948,0.011208851628056389,0.9625645410487962,0.0005957495295845336,0.005234006543255366,4,-0.013997989190708271,-0.23194990340801813,-0.0444818251071173,0.40492916119732514,-0.04094348773294457,-0.07355595575853686,0.47076462158167687,4,1.2277431654189792,0.2009995205585584,-1.0267436448604208
tm278985,flavio ramos_1994,1718,0.0002611154658346605,0.5014363401264628,0.007201152097672945,0.4891730926409488,0.001078453722584353,0.000849845946496498,2,1819,0.00018511674592684255,0.0015038605739060827,0.003890088824453301,0.9939340828464016,0.00017875513780572064,0.0003080958715066928,4,-7.599871990781793e-05,-0.4999324795525567,-0.003311063273219644,0.5047609902054528,-0.0008996985847786324,-0.0005417500749898053,0.7104420593673385,4,0.7469669348978643,0.04303405736858096,-0.7039328775292832
tm282513,fabricio baiano_1992,1718,0.00011408233997345604,0.01591700527457087,0.8926633805205224,0.08794390062088156,0.0022474841810402463,0.0011141470630117464,3,1819,1.3064645006449924e-06,0.999863783755329,5.1243383611848976e-05,6.8002386450665e-05,7.23715872379708e-06,8.42685138388574e-06,2,-0.00011277587547281104,0.9839467784807582,-0.8926121371369106,-0.0878758982344309,-0.0022402470223164494,-0.0011057202116278608,1.3314033555472258,2,0.4033734841906342,0.001496806511657705,-0.4018766776789765
tm283130,moussa marega_1991,1718,0.3350023726405452,0.005483247728755488,0.010288975203602587,0.0040760046748839,0.059412351879561474,0.5857370478726514,6,1819,0.9005756145410566,0.0015885341129855842,0.018555541148440536,0.0018331708419196619,0.02225269023668552,0.05519444911891207,1,0.5655732419005114,-0.003894713615769904,0.00826656594483795,-0.002242833832964238,-0.03715966164287596,-0.5305425987537393,0.566870768004083,1,0.9454664331191305,0.434650530499479,-0.5108159026196515
tm288498,indio_1996,1718,0.05912935074412968,0.10510117983247672,0.23199485469468953,0.11821396819786073,0.43761837674271165,0.0479422697881317,5,1819,0.0028292072670126297,0.3333654169015594,0.6192291720071729,0.0339051590310924,0.007144471856871559,0.003526572936291104,3,-0.05630014347711705,0.2282642370690827,0.38723431731248337,-0.08430880916676833,-0.4304739048858401,-0.044415696851840596,0.6305873790962846,5,1.5026542928069675,0.8495537410263624,-0.6531005517806051
tm289216,stephane sparagna_1995,1718,1.5177978791182699e-05,0.034911683612942224,0.0073350947346937975,0.9573358711684767,0.00018673279012256113,0.000215439714973484,4,1819,0.0008038918876341559,0.4137062137726191,0.015243674914762098,0.5604822833136053,0.0010876337281751603,0.008676302383204127,4,0.0007887139088429732,0.3787945301596769,0.0079085801800683,-0.39685358785487146,0.0009009009380525992,0.008460862668230642,0.5486729860351878,4,0.19851037405398342,0.8077436720971981,0.6092332980432147
tm290336,rochinha_1995,1718,0.15601580704452012,0.011667301021750641,0.07829746631535216,0.009512719704350489,0.7280490345363008,0.016457671377725847,5,1819,0.16861657786429873,0.07169333094068238,0.5010702415093263,0.015040616770213434,0.206386668922677,0.03719256399280221,3,0.012600770819778617,0.06002602991893174,0.42277277519397416,0.005527897065862946,-0.5216623656136238,0.020734892615076366,0.6742854769916585,5,0.8841662078036092,1.3465698852689871,0.4624036774653779
tm290391,nuno santos_1995,1718,0.02381570043800588,0.05158498418908136,0.11000575261674678,0.01697915742951285,0.785917764555042,0.011696640771611021,5,1819,0.20318854995409785,0.013279048521435287,0.29778970330381477,0.013296059896573136,0.27759189975590537,0.19485473856817362,3,0.17937284951609198,-0.03830593566764608,0.187783950687068,-0.0036830975329397147,-0.5083258647991367,0.18315809779656259,0.5721132108400984,5,0.7953063069872371,1.4738152524867107,0.6785089454994736
tm290530,bilel aouacheria_1994,1718,0.01577587410258641,0.012707534659829768,0.050629346145430534,0.0028089823604894285,0.9124560612390905,0.005622201492573325,5,1819,0.15505721422916863,0.052539241194671904,0.503378087242455,0.009821333689214009,0.23992068460962962,0.039283439034860874,3,0.13928134012658222,0.03983170653484214,0.4527487410970245,0.0070123513287245805,-0.6725353766294608,0.03366123754228755,0.8236020185788542,5,0.4011989661967336,1.3043757171344712,0.9031767509377375
tm291402,pite_1994,1718,6.248231127513084e-06,0.9736062922416469,0.0004818432902453694,0.025769278897278636,5.596337304182348e-05,8.037396665968007e-05,2,1819,0.057750841017545504,0.10127356877726633,0.20386203038206188,0.030431638037491236,0.4887198220170181,0.1179620997686169,5,0.05774459278641799,-0.8723327234643805,0.20338018709181652,0.0046623591402126,0.48866385864397627,0.11788172580195722,1.0219962931742597,2,0.12538195598838037,1.429110408870654,1.3037284528822737
tm291941,carraca_1993,1718,0.0024263476887687757,0.8300229020404869,0.12222682346668703,0.017498637461796272,0.018767377366541438,0.009057911975719654,2,1819,0.00261806030662552,0.20905591082486652,0.13736037174372848,0.6211942076540833,0.01796320734317853,0.011808242127517883,4,0.0001917126178567442,-0.6209669912156204,0.015133548277041442,0.603695570192287,-0.0008041700233629087,0.002750330151798229,0.8661859230995265,2,0.6141653384262323,1.0358262363403132,0.4216608979140809
tm291968,neto_1991,1718,1.8165462878574598e-05,0.000737499774803434,0.9979949167606239,0.0006464580146155625,0.000530655696284322,7.230429079431752e-05,3,1819,8.954191327329026e-05,0.9926403833382798,0.003345346463832123,0.002230178140686534,0.0006674623681379094,0.0010270877757905244,2,7.137645039471567e-05,0.9919028835634763,-0.9946495702967918,0.0015837201260709712,0.00013680667185358747,0.0009547834849962069,1.4047069552377225,3,0.01695926355047923,0.05280082749800261,0.035841563947523386
tm291981,djavan da silva ferreira_1987,1718,0.001163974132955377,0.8967012789307871,0.03449530455245024,0.052839908239264065,0.009309021175124834,0.005490512969418302,2,1819,0.002188478318440108,0.1935589095920501,0.03859325951671507,0.7140119681954322,0.016153921265848425,0.0354934631115138,4,0.0010245041854847307,-0.703142369338737,0.004097954964264829,0.6611720599561681,0.006844900090723591,0.0300029501420955,0.965205874374448,2,0.4492645999812501,0.8825243577286388,0.4332597577473887
tm292733,icaro do carmo silva_1989,1718,0.00011899932298598956,0.6194757984617888,0.004669400244226023,0.3743915647759077,0.0004812744936586911,0.0008629627014329876,2,1819,2.666831719924324e-06,4.165323317133163e-05,4.634538230128829e-05,0.9998971885022667,2.867860339757813e-06,9.278190201126104e-06,4,-0.00011633249126606523,-0.6194341452286175,-0.004623054861924734,0.625505623726359,-0.0004784066333189333,-0.0008536845112318615,0.8803280982854184,4,0.7003772522816423,0.0011637662612284823,-0.6992134860204138
tm292775,ricardo valente_1991,1718,0.35984135752754326,0.010499453021731194,0.058412301796516804,0.008612246477937749,0.532480473825479,0.030154167350792013,5,1819,0.4989526904428427,0.032181247409744256,0.33576565482732806,0.014266134565637864,0.06515835749967192,0.053675915254775115,1,0.13911133291529942,0.021681794388013063,0.27735335303081127,0.0056538880877001155,-0.4673221163258071,0.023521747903983103,0.5613990313925814,5,1.063639638376296,1.2194788985786726,0.1558392602023766
tm29366,edinho_1982,1718,0.9855509403501254,0.00030010405089780023,0.0009621384929264502,0.000287156145062593,0.006975273674858101,0.005924387286129769,1,1819,0.9741469749304812,0.0005658707384251332,0.02015390579401941,0.0007936864989270732,0.0031234093135211038,0.0012161527246259548,1,-0.011403965419644169,0.000265766687527333,0.019191767301092958,0.0005065303538644802,-0.0038518643613369976,-0.004708234561503814,0.022661386176080763,3,0.09082285931446699,0.14028236006710126,0.04945950075263428
tm294576,bruno gomes_1996,1718,0.9319810171321714,0.0010528555406976424,0.0024143044633137883,0.0008583066208949224,0.0616777761705611,0.0020157400723612,1,1819,0.4081062950664139,0.11700276755974785,0.31230310969296243,0.03751329613842562,0.02584185058944888,0.09923268095300138,1,-0.5238747220657576,0.11594991201905021,0.3098888052296486,0.0366549895175307,-0.03583592558111222,0.09721694088064017,0.6217298287376476,1,0.27781469887647053,1.42713081997433,1.1493161210978595
tm299400,pedro sa_1993,1718,0.0016012364687712952,0.07963955938278178,0.6656721736300137,0.2146981667511111,0.010524415926584723,0.027864447840737206,3,1819,3.239510589238165e-05,0.9975754231153056,0.0005307580779694013,0.001392941411474987,0.00012145494324324183,0.0003470273461146868,2,-0.0015688413628789136,0.9179358637325238,-0.6651414155520443,-0.21330522533963614,-0.01040296098334148,-0.02751742049462252,1.153529000340515,2,0.9607279029992735,0.01977901858463455,-0.9409488844146389
tm311867,jefferson de jesus santos_1993,1718,0.0005699660736105793,0.07617287377184502,0.2794472476576033,0.6282476672684958,0.006267566187965304,0.009294679040480008,4,1819,0.0008620813111672392,0.922766523228459,0.009594774171647063,0.05212671913298079,0.002537023969518942,0.012112878186226935,2,0.0002921152375566599,0.846593649456614,-0.26985247348595626,-0.576120948135515,-0.0037305422184463624,0.002818199145746927,1.0589950490459703,2,0.9239600758595662,0.3474461193576579,-0.5765139565019083
tm312123,lucas possignolo_1994,1718,0.00016983139921978406,0.6622752398024043,0.0037085375176453416,0.3319783234796406,0.0009136967885949118,0.0009543710124948823,2,1819,2.3891550958777396e-05,0.000817258333817845,0.0005724411043202802,0.9984362558888642,2.5465120303099142e-05,0.0001246880017358467,4,-0.00014593984826100667,-0.6614579814685865,-0.0031360964133250614,0.6664579324092236,-0.0008882316682918127,-0.0008296830107590356,0.9389906720912213,4,0.6742367221675964,0.013291016789235168,-0.6609457053783613
tm325223,mama samba balde_1995,1718,0.1421139417073367,0.07548620526013325,0.1411311394789445,0.044211226890884026,0.4438869446803723,0.15317054198232924,5,1819,0.8769258482406735,0.013786133679860464,0.04157559243299458,0.013803518563380395,0.03447771903592381,0.01943118804716736,1,0.7348119065333368,-0.06170007158027278,-0.09955554704594993,-0.03040770832750363,-0.4094092256444485,-0.13373935393516187,0.8498277981640185,1,1.534450440616574,0.5582464405560726,-0.9762040000605013
tm332220,iago santos_1992,1718,8.051163514071302e-05,0.887902776391511,0.003232939585409362,0.10802779758208073,0.0003725859479880716,0.000383388857870187,2,1819,5.6894474123009056e-05,0.007637177955512802,0.0014111724240056301,0.9903295675438976,0.00011531266043790923,0.0004498749420229932,4,-2.361716101770396e-05,-0.8802655984359983,-0.0018217671614037317,0.8823017699618169,-0.00025727328755016237,6.648608415280618e-05,1.2463255283634955,4,0.3712222511169868,0.061183400867494575,-0.31003885024949224
tm332615,nelson monte_1995,1718,0.0003659823908487853,0.08682324561085884,0.002328245395267799,0.9073045184149631,0.0006593552854515962,0.0025186529026099166,4,1819,0.00047559672793740616,0.008244253645981043,0.005141636920918942,0.983085616415528,0.00030850170704735597,0.0027443945825871537,4,0.00010961433708862086,-0.0785789919648778,0.0028133915256511426,0.07578109800056498,-0.00035085357840424023,0.00022574167997723707,0.10920386017811158,2,0.33735794632986177,0.10574641683075804,-0.23161152949910374
tm335380,pedro nuno_1995,1718,0.294351603677277,0.0146041811654452,0.03770355002968342,0.006624479420943684,0.621945692965351,0.024770492741299707,5,1819,0.577135707699065,0.0029045903270296805,0.09415391959818344,0.002007542495526414,0.3099008638435009,0.013897376036694607,1,0.282784104021788,-0.01169959083841552,0.05645036956850002,-0.004616936925417271,-0.31204482912185005,-0.0108731167046051,0.42506901278012477,5,0.9655045713172106,0.9916191652625947,0.02611459394538418
tm33648,fabio coentrao_1988,1718,0.00021721431252701032,0.9610858400791751,0.014467301982266263,0.01984136743344212,0.003152952515250922,0.0012353236773385145,2,1819,0.007694947294387588,0.29494235450321554,0.2885147923413869,0.16160610634983044,0.216650445140574,0.03059135437060552,2,0.007477732981860577,-0.6661434855759596,0.2740474903591206,0.14176473891638833,0.21349749262532308,0.029356030693267005,0.7645806088276766,2,0.20546993682073994,1.488772383850817,1.283302447030077
tm33710,jose semedo_1985,1718,0.0002532502070770289,0.051159489404573495,0.028090804307400286,0.9132006208902813,0.002892323132977095,0.004403512057690725,4,1819,0.0003778843090193342,0.9222879352624122,0.013407484562948014,0.06133780797945896,0.0008539455144361373,0.001734942371725377,2,0.00012463410194230528,0.8711284458578387,-0.014683319744452273,-0.8518628129108223,-0.0020383776185409577,-0.002668569685965348,1.2185051463160608,2,0.37825022130021585,0.3236796059364758,-0.05457061536374003
tm34077,tarantini_1983,1718,0.003243233687834732,0.08520369565147148,0.5465424770635317,0.28192240378230615,0.0763944233416894,0.00669376647316656,3,1819,0.0028141110148590734,0.47032310403052974,0.41882001721100415,0.09467560211745471,0.008557600158065023,0.004809565468087396,2,-0.0004291226729756588,0.3851194083790582,-0.1277224598525275,-0.18724680166485144,-0.06783682318362438,-0.001884201005079164,0.4519882398034791,2,1.1455456341152979,1.0254041016875437,-0.12014153242775416
tm341110,franco cervi_1994,1718,0.029230713406395006,0.04173079860561725,0.1902499070561093,0.00792849685663523,0.6623915892601148,0.06846849481512844,5,1819,0.05735551307193716,0.01926496590753585,0.07301850886229361,0.007700993687405768,0.7886794942450209,0.05398052422580685,5,0.028124799665542155,-0.0224658326980814,-0.1172313981938157,-0.0002275031692294616,0.12628790498490616,-0.014487970589321594,0.17603296685760522,5,1.0463015874021377,0.8134100324480849,-0.2328915549540529
tm344395,jorge fernandes_1997,1718,6.742659901795507e-05,0.8577531172071947,0.003058846233332268,0.13840042595979318,0.00026714122303727364,0.00045304277762466823,2,1819,0.00022139727188529043,0.023103630746889606,0.0037563292752789334,0.9694841727166055,0.00038232410417192724,0.0030521458851687487,4,0.00015397067286733535,-0.8346494864603051,0.0006974830419466654,0.8310837467568123,0.0001151828811346536,0.0025991031075440806,1.1778541857243834,2,0.4293576394941766,0.1606205275718304,-0.2687371119223462
tm345345,xadas_1997,1718,0.109298765328457,0.0061262560057019095,0.015875323990368898,0.0019998904537744506,0.8542900566068401,0.012409707614857749,5,1819,0.08391933064743312,0.019072604624999646,0.14602887973948028,0.010776591152856715,0.5208560142395342,0.21934657959569606,5,-0.025379434681023882,0.012946348619297736,0.1301535557491114,0.008776700699082264,-0.3334340423673059,0.20693687198083832,0.3591753928180512,5,0.5403727607955168,1.2857521071737943,0.7453793463782775
tm352811,aylton boa morte_1993,1718,0.03723559731068974,0.019984231005479112,0.030576267472814812,0.008340119292782647,0.8930731556260998,0.010790629292133909,5,1819,0.27771784676620404,0.041812416065016296,0.11865053288216616,0.016581644988358946,0.4904829124295399,0.054754646868714556,5,0.2404822494555143,0.021828185059537184,0.08807426540935134,0.0082415256955763,-0.4025902431965599,0.043964017576580645,0.47771548525919755,5,0.49714140617139324,1.3178814134357362,0.8207400072643429
tm358165,yordan osorio_1994,1718,0.0005198668730643793,0.4167918930590198,0.010578590533637928,0.5677662535704161,0.0020394428477895524,0.00230395311607233,4,1819,0.00039629263079525215,0.002557102748167566,0.006770992713095718,0.988736745429951,0.000270502595008145,0.0012683638829822693,4,-0.00012357424226912712,-0.41423479031085225,-0.00380759782054221,0.42097049185953495,-0.0017689402527814074,-0.0010355892330900609,0.5906134596685965,4,0.7648236518148102,0.07407102665372585,-0.6907526251610843
tm358177,andre pereira_1995,1718,0.9442413900761537,0.0006798673558487444,0.005352346760683854,0.000655173069151854,0.037448655944198765,0.011622566793963193,1,1819,0.17989833312566236,0.029687131477742837,0.030824705463053364,0.013659368902446727,0.09415222916440714,0.6517782318666875,6,-0.7643430569504913,0.029007264121894093,0.02547235870236951,0.013004195833294872,0.05670357322020838,0.6401556650727243,0.7675252279002507,1,0.26671688390568443,1.0803598821394758,0.8136429982337914
tm35871,fernando tissone_1986,1718,0.0006983312782743582,0.051841133890006955,0.7344402648644416,0.18792309783972633,0.008018611303784727,0.017078560823766076,3,1819,0.0022326835451802725,0.4290873957943451,0.19827957861744128,0.3587593606854776,0.004147317458117275,0.007493663899438499,2,0.0015343522669059144,0.37724626190433813,-0.5361606862470003,0.17083626284575126,-0.0038712938456674515,-0.009584896924327577,0.6774846075400325,3,0.8075462521954461,1.1246961818278383,0.3171499296323922
tm364406,joao gamboa_1996,1718,0.0001599399963639115,0.005879448588189906,0.9650143799407639,0.02496532049487823,0.0035284077144541346,0.00045250326534978597,3,1819,0.0006415936859108066,0.8964266582200713,0.0654234002478723,0.03425734715633109,0.001608062304394088,0.0016429383854204588,2,0.00048165368954689513,0.8905472096318814,-0.8995909796928916,0.009292026661452856,-0.0019203454100600466,0.001190435120070673,1.2658706587974122,3,0.18150082264812356,0.41758921644054414,0.23608839379242058
tm364857,falaye sacko_1995,1718,0.00038784404757387955,0.19185865353637332,0.0028094789307501486,0.7999611319761504,0.0009147168367888923,0.004068174672363565,4,1819,0.0005973399561339525,0.04282865189987356,0.017824971538892537,0.9296621467206861,0.0027110740522116833,0.006375815832202063,4,0.00020949590856007296,-0.14903000163649976,0.015015492608142389,0.12970101474453577,0.0017963572154227909,0.0023076411598384984,0.19814396387370395,2,0.5436481497252308,0.3272105906149159,-0.21643755911031487
tm366278,rodrigo pinho_1991,1718,0.9875268489422702,0.0002874342779765739,0.0006224038483888557,0.0002500347524659977,0.009694118937834837,0.001619159241063364,1,1819,0.9945197637159664,0.00022303230520574315,0.0024254675782198645,0.00020311037877916754,0.0019032160939502951,0.0007254099278785834,1,0.006992914773696235,-6.440197277083072e-05,0.0018030637298310087,-4.692437368683018e-05,-0.007790902843884543,-0.0008937493131847805,0.010623389877049702,5,0.07675591909228523,0.04083876998226417,-0.03591714911002106
tm375039,emmanuel hackman_1995,1718,0.00016007361429987672,0.8733571395479452,0.01722924266675295,0.10353342046565747,0.0025850972930128568,0.0031350264123316744,2,1819,0.0008670913701470873,0.3605144964244616,0.02275474978972647,0.6060712099941971,0.006209223625121305,0.003583228796346615,4,0.0007070177558472106,-0.5128426431234836,0.005525507122973519,0.5025377895285396,0.0036241263321084485,0.0004482023840149405,0.7180501179617309,2,0.4579065991914429,0.8152266609740149,0.357320061782572
tm375770,gabriel airton de souza_1996,1718,0.23501561470229568,0.064216389726226,0.17586135326006022,0.10283819853930425,0.25788343086573384,0.16418501290637996,5,1819,0.1960216655002792,0.08107613599060982,0.45729808930589066,0.04045909588587332,0.1836872980105803,0.04145771530676664,3,-0.03899394920201649,0.01685974626438383,0.2814367360458304,-0.062379102653430926,-0.07419613285515353,-0.12272729759961332,0.300678622607438,3,1.702344901354147,1.45391151349539,-0.24843338785875702
tm376306,wellington_1992,1718,0.5620019503319713,0.0014767637769655154,0.0062191835336674215,0.0006521277350645854,0.42247331249134606,0.007176662130985069,1,1819,0.9064828237965946,0.0011211101443760864,0.03845905979060605,0.0009280852427592595,0.051019120831269145,0.001989800194394979,1,0.3444808734646233,-0.000355653632589429,0.03223987625693863,0.000275957507694674,-0.3714541916600769,-0.005186861936590089,0.5076267338782563,5,0.7693025843718592,0.39258982176863927,-0.3767127626032199
tm377605,hamdou elhouni_1994,1718,0.3990247740788772,0.03083938622533183,0.07429297765301934,0.012528955717096772,0.46246830754331497,0.020845598782359868,5,1819,0.01082607073473261,0.2943625321049067,0.49310406658558825,0.023399153299420307,0.15931345610267864,0.018994721172673416,3,-0.3881987033441446,0.26352314587957487,0.4188110889325689,0.010870197582323535,-0.30315485144063636,-0.0018508776096864514,0.6982595756971043,3,1.1592316500365607,1.2134195504583911,0.054187900421830415
tm37947,mateus galiano da costa_1984,1718,0.11151720566982595,0.01578293921632935,0.2782782971881154,0.005817575940056442,0.5675170112629835,0.021086970722689325,5,1819,0.11876378612349797,0.08347220288643985,0.4207578140605926,0.015587970905893374,0.3482983445926976,0.013119881430878586,3,0.007246580453672019,0.0676892636701105,0.14247951687247717,0.009770394965836933,-0.2192186666702859,-0.007967089291810739,0.2703461605186472,5,1.0988659575828046,1.3136421616188405,0.21477620403603592
tm38780,vitor gomes_1987,1718,9.2763145918026e-42,2.101594015313748e-40,1.0,1.6532665197772241e-40,5.8747067453686125e-40,1.8825143798876125e-41,3,1819,0.009335289560181455,0.1305709280669931,0.7436331146826817,0.09271018038654663,0.017692341310787056,0.006058145992810087,3,0.009335289560181455,0.1305709280669931,-0.2563668853173183,0.09271018038654663,0.017692341310787056,0.006058145992810087,0.3029324863119087,3,1.3815510557964273e-10,0.8525312018782146,0.8525312017400595
tm388236,rodrigo alves soares_1992,1718,0.0002827175416421185,0.9345790247577102,0.005933244840179469,0.05474396615946703,0.0027100304695911372,0.001751016231410081,2,1819,0.005438494201492965,0.16786032026645617,0.24765045028061786,0.2809914221630025,0.16529387253245964,0.1327654405559708,4,0.005155776659850847,-0.766718704491254,0.2417172054404384,0.22624745600353546,0.1625838420628685,0.13101442432456073,0.8508423933394736,2,0.2821328693132432,1.595889397809236,1.313756528495993
tm397090,davidson da luz pereira_1991,1718,0.288762133326595,0.011301223312800599,0.07306839045530801,0.00448945105412553,0.6059641542504484,0.01641464760072255,5,1819,0.22804531697655445,0.006216827705796423,0.036826261346330644,0.0022059051979361126,0.7149350009104223,0.011770687862960245,5,-0.06071681635004056,-0.0050843956070041755,-0.03624212910897737,-0.002283545856189417,0.10897084665997392,-0.004643959737762304,0.13002205502219125,5,0.9957969860814269,0.7959531185017562,-0.19984386757967065
tm40858,nuno andre coelho_1986,1718,0.0007594900908387186,0.15127255653874824,0.008611439992200112,0.8332359584868917,0.002100962278433987,0.004019592612887135,4,1819,0.0007017447162659437,0.015680883876587892,0.011030796481919073,0.967571396610542,0.0005003174007121587,0.004514860913972711,4,-5.774537457277492e-05,-0.13559167266216035,0.002419356489718961,0.13433543812365034,-0.0016006448777218282,0.0004952683010855758,0.19089140974798405,2,0.5192458833812902,0.18005304937382413,-0.339192834007466
tm411838,bruno viana_1995,1718,0.027074214832097244,0.2415331127016544,0.10717826500561013,0.2997717535317578,0.12743610166719482,0.1970065522616856,4,1819,7.965318952434257e-05,0.002079025834993936,0.0012387630183967886,0.9960733561909505,7.877236641949143e-05,0.00045042939971526893,4,-0.0269945616425729,-0.23945408686666045,-0.10593950198721334,0.6963016026591927,-0.12735732930077534,-0.19655612286197033,0.7552125232999689,4,1.6239527024699025,0.030017291366920704,-1.5939354111029818
tm419458,diga_1998,1718,0.00023794339130189305,0.7812959842533683,0.007296375486886362,0.20740044076112313,0.0026568256994654025,0.001112430407854973,2,1819,0.00040003626236696907,0.11189002523333577,0.006180004036204091,0.8694678180386285,0.0011698853698381795,0.010892231059626488,4,0.00016209287106507602,-0.6694059590200325,-0.0011163714506822707,0.6620673772775054,-0.001486940329627223,0.009779800651771515,0.9415099752936783,2,0.5802959359711053,0.45837324009377917,-0.12192269587732613
tm435497,fabio china_1992,1718,3.637264996255531e-05,0.970973586953747,0.0042775010515248985,0.023824198050628586,0.00045687846162948553,0.00043146283250756226,2,1819,0.0004674171171440306,0.03256267754072892,0.011662598398565609,0.9493899202734923,0.002043167426721157,0.003874219243348054,4,0.0004310444671814753,-0.9384109094130181,0.007385097347040711,0.9255657222228637,0.0015862889650916714,0.0034427564108404918,1.318083526501313,2,0.1481932571383831,0.25048878866780266,0.10229553152941956
tm437566,claudio falcao_1994,1718,0.0007984557529561455,0.05941690375035228,0.7709098024196467,0.14254192021352816,0.009880105133569711,0.016452812729946954,3,1819,0.0002944055695657166,0.969129392162712,0.008808254163397814,0.017565656148993664,0.0010504686682561402,0.0031518232870747192,2,-0.0005040501833904288,0.9097124884123597,-0.7621015482562489,-0.12497626406453449,-0.00882963646531357,-0.013300989442872235,1.1933452411411396,2,0.7649013193886238,0.1708195382508631,-0.5940817811377608
tm438202,bruno tabata_1997,1718,0.038702439671528,0.012489857349297102,0.04970179979221267,0.005969100942583649,0.8657122411906121,0.027424561053766457,5,1819,6.228581383912808e-41,1.8594986475783678e-41,5.6419036800402326e-40,5.127617428767375e-42,1.0,1.6999338949231535e-41,5,-0.038702439671528,-0.012489857349297102,-0.04970179979221267,-0.005969100942583649,0.13428775880938792,-0.027424561053766457,0.1489730734321822,5,0.583820413550313,1.3815510557964273e-10,-0.5838204134121578
tm439022,marcao_1996,1718,0.0001327994693156692,0.40851379304445207,0.006769043091745218,0.582570788648733,0.0009411020556677953,0.001072473690086252,4,1819,0.0006969355899188152,0.0698797462168583,0.008083644990237318,0.9148006615531663,0.001278880644150032,0.005260131005669321,4,0.000564136120603146,-0.3386340468275938,0.0013146018984921005,0.3322298729044333,0.00033777858848223663,0.004187657315583069,0.47439631811705474,2,0.7293701851637195,0.3475455966283825,-0.381824588535337
tm442424,murilo oliveira de freitas_1996,1718,0.1306092033742817,0.010325919757846014,0.0379272839919437,0.002780970672638058,0.7938683960764951,0.0244882261267955,5,1819,0.033853748055083316,0.37792818295336195,0.08976193825455303,0.02756286642267699,0.29152227192539326,0.1793709923889316,2,-0.09675545531919838,0.3676022631955159,0.05183465426260933,0.024781895750038932,-0.5023461241511018,0.1548827662621361,0.6325706634279011,5,0.7276448721544241,1.4652826854704686,0.7376378133160445
tm454121,galeno_1997,1718,0.09302513049019064,0.05646006702798316,0.056623932172043395,0.016727263406057367,0.11372191202790706,0.6634416948758184,6,1819,0.042302372736251447,0.0024277717548063793,0.05741599063869376,0.0014958789948192703,0.8579105233823766,0.03844746249305258,5,-0.05072275775393919,-0.05403229527317678,0.0007920584666503624,-0.015231384411238096,0.7441886113544696,-0.6249942323827659,0.7480251324548152,5,1.1336658551898753,0.578967936439821,-0.5546979187500543
tm46110,ljubomir fejsa_1988,1718,0.00025647659896644323,0.03846660362563932,0.18498582176916128,0.7668054249932036,0.0025068997333307485,0.0069787732796984725,4,1819,0.00018749461591651936,0.9662427557396123,0.003893719340292045,0.026168446811973164,0.0005464940142712294,0.002961089477934719,2,-6.898198304992388e-05,0.9277761521139729,-0.18109210242886925,-0.7406369781812304,-0.001960405719059519,-0.004017683801763754,1.2008788112844857,2,0.692868401175674,0.17307607041541545,-0.5197923307602585
tm48206,nuno pinto_1986,1718,0.005357768018482844,0.6690487296687213,0.08617484989613239,0.11129395394642264,0.034555385269294366,0.0935693132009465,2,1819,0.005401171960269985,0.11244832175024161,0.14522116200762836,0.5075712793725778,0.147883351888339,0.08147471302094299,4,4.340394178714048e-05,-0.5566004079184796,0.05904631211149597,0.39627732542615524,0.11332796661904465,-0.012094600180003509,0.695103898433754,2,1.0904644841281965,1.385275307455481,0.2948108233272846
tm48703,mano_1987,1718,6.578469029048095e-06,0.994447045024922,0.0002947860633405199,0.005154585672781959,4.497714498083032e-05,5.2027624945644654e-05,2,1819,0.00036704737567145793,0.03296102820910006,0.010207060877764065,0.9530651037377786,0.0010396171981412175,0.00236014260154455,4,0.0003604689066424098,-0.9614860168158219,0.009912274814423545,0.9479105180649967,0.000994640053160387,0.002308114976598905,1.3502181613462583,2,0.03612945252825175,0.22941001173693296,0.1932805592086812
tm50143,jonas_1984,1718,0.09156229120747232,0.0026130145187946165,0.004446447611865675,0.0021117133463543613,0.018113375571248223,0.8811531577442648,6,1819,0.3000311294069106,0.003400253833065773,0.014244052578388403,0.0040751897562085046,0.01306039759151685,0.6651889768339099,6,0.2084688381994383,0.0007872393142711563,0.009797604966522728,0.0019634764098541433,-0.005052977979731373,-0.21596418091035496,0.20877082443463515,1,0.4556721041919347,0.7913526147469812,0.33568051055504644
tm51058,lica_1988,1718,0.621922442800981,0.008741802654338852,0.03408400418161634,0.011562373508945215,0.2707253024065311,0.05296407444758754,1,1819,0.8157186801280949,0.005605912822552972,0.06769632644930838,0.0060495334263211235,0.019508510040577208,0.08542103713314526,1,0.19379623732711393,-0.00313588983178588,0.03361232226769204,-0.005512840082624091,-0.2512167923659539,0.03245696268555772,0.31911889913921854,5,1.0129036261418787,0.6953508751940545,-0.3175527509478242
tm512913,stephen eustaquio_1996,1718,0.0023362376380863603,0.0883090265555594,0.7839959545434845,0.09805060670752831,0.01918129250770613,0.008126882047635292,3,1819,0.0004258751815804924,0.8789462782057372,0.04601395651229078,0.07168756887703606,0.0010274527681435552,0.0018988684552120067,2,-0.001910362456505868,0.7906372516501778,-0.7379819980311937,-0.02636303783049225,-0.018153839739562576,-0.006228013592423285,1.0820133614058176,2,0.7619113717129875,0.4662823403031121,-0.2956290314098754
tm5404,jeremy mathieu_1983,1718,0.004474429446314307,0.5585465107589492,0.08269111782493906,0.32169477136230723,0.021827652780858527,0.010765517826631588,2,1819,0.0003643297783240013,0.002531558333823499,0.008190121650335863,0.9873396937050629,0.00037647616780509343,0.0011978203646486646,4,-0.004110099667990305,-0.5560149524251258,-0.07450099617460319,0.6656449223427556,-0.021451176613053433,-0.009567697461982924,0.8707831155284199,4,1.0527458108611358,0.08097891068669608,-0.9717669001744398
tm55734,gevorg ghazaryan_1988,1718,0.06408769069396987,0.13622537733823784,0.5416409541416308,0.031193487385783994,0.13868551341736024,0.08816697702301725,3,1819,0.009639997719543577,0.012615099835067417,0.18678044376256,0.0029323728301268548,0.77585133780614,0.012180748046562162,5,-0.054447692974426296,-0.12361027750317041,-0.35486051037907085,-0.02826111455565714,0.6371658243887798,-0.07598622897645509,0.742259396818999,5,1.3760070951482213,0.680995205461229,-0.6950118896869922
tm56183,bruno moreira_1987,1718,0.9822250110371942,0.0003943911739435528,0.0008617886968434589,0.0002641468151939654,0.011875110782089644,0.004379551494735319,1,1819,0.8648432884689002,0.002655609856631131,0.02230836738984822,0.0033679639310512546,0.022787107339820367,0.08403766301374896,1,-0.11738172256829393,0.002261218682687578,0.02144657869300476,0.003103817115857289,0.010911996557730723,0.07965811151901364,0.11988429000595,1,0.10539545482967133,0.5396306090976615,0.43423515426799014
tm56331,bas dost_1989,1718,0.13811070855026422,0.005228697536300053,0.008363596662401858,0.00550797255463152,0.03249040515794302,0.8102986195384594,6,1819,0.9045694158249873,0.002039247508366133,0.027697653818791475,0.00604160936786419,0.0061962250371168206,0.0534558484428743,1,0.7664587072747231,-0.00318945002793392,0.019334057156389618,0.0005336368132326701,-0.0262941801208262,-0.7568427710955851,0.7671600856348835,1,0.6513342952239463,0.42162782355602435,-0.2297064716679219
tm57834,maxi pereira_1984,1718,0.0002867416715828247,0.9042096310474967,0.043327033583311095,0.0427560927104006,0.004851929334207068,0.004568571653001419,2,1819,0.0009147741541531193,0.08230208935405514,0.01786409505034926,0.8801454005436806,0.008493657387316327,0.010279983510445765,4,0.0006280324825702946,-0.8219075416934416,-0.025462938532961835,0.83738930783328,0.0036417280531092586,0.005711411857444346,1.1736331955993753,4,0.4146386251301832,0.4837658859536052,0.06912726082342202
tm58181,nelson lenho_1984,1718,7.339303248754903e-05,0.9745508624839775,0.0032733372896748326,0.020869777438546358,0.0007771581249272187,0.00045547163038657805,2,1819,0.004666198161980504,0.050285012519447954,0.09339118938484349,0.8055014936081277,0.013907649277496084,0.03224845704810427,4,0.004592805129492956,-0.9242658499645295,0.09011785209516866,0.7846317161695814,0.013130491152568867,0.0317929854177177,1.2158244208573,2,0.1343745162193747,0.7412587173393853,0.6068842011200106
tm58965,ruben lima_1989,1718,0.0006057762752184377,0.7650243471907646,0.02144856899812248,0.1947012498584368,0.004947458847962855,0.013272598829494936,2,1819,0.001365928426268446,0.12065595462141825,0.05251506289941412,0.8012913925776225,0.006815227235026449,0.017356434240250355,4,0.0007601521510500084,-0.6443683925693464,0.03106649390129164,0.6065901427191858,0.0018677683870635935,0.0040838354107554185,0.8855119536289981,2,0.6940234945455361,0.7007863791025599,0.006762884557023785
tm60410,marcos acuna_1991,1718,0.009962213746971569,0.019530599000557352,0.37382153654131967,0.004728236060024516,0.5390383509135734,0.05291906373755341,5,1819,0.002088216525989163,0.6693263708236961,0.05588829946747533,0.06359207729060398,0.1604966851586817,0.04860835073355383,2,-0.007873997220982407,0.6497957718231387,-0.31793323707384435,0.058863841230579465,-0.37854166575489173,-0.004310713003999579,0.818618856773178,2,1.0045684886192912,1.058643637120512,0.05407514850122075
tm60517,yacine brahimi_1990,1718,0.5032342914861048,0.009853813586945176,0.04176809911934449,0.008688813441627972,0.382822350024403,0.05363263234157448,1,1819,0.7918463178050367,0.005744317146940665,0.11118359081150896,0.006502634591571101,0.06856432459764213,0.016158815047300448,1,0.2886120263189319,-0.004109496440004511,0.06941549169216446,-0.002186178850056871,-0.3142580254267609,-0.03747381729427403,0.43231375886833207,5,1.0894561645982497,0.7418235997042506,-0.3476325648939991
tm60799,wilson eduardo_1990,1718,0.6784841157590774,0.007703566775787478,0.014354824752378202,0.005086765056140341,0.10931984494046956,0.18505088271614706,1,1819,0.4606060789824604,0.007534451322709378,0.1746553182294339,0.014006391331483323,0.2216920449329694,0.12150571520094366,1,-0.217878036776617,-0.00016911545307810028,0.1603004934770557,0.008919626275342983,0.11237219999249984,-0.0635451675152034,0.293042977705836,1,0.942627947263398,1.348524244651161,0.4058962973877629
tm63837,andre andre_1989,1718,0.06150691839940592,0.0529737961577129,0.3933429738301964,0.1072162798696335,0.184527182814549,0.20043284892850213,3,1819,0.053245058955740054,0.33503389036118714,0.23505930269135766,0.05426117442394132,0.2911395678782365,0.03126100568953737,2,-0.008261859443665864,0.2820600942034742,-0.15828367113883873,-0.05295510544569218,0.10661238506368753,-0.16917184323896475,0.3447467468366599,2,1.5675693534511264,1.4885716451742608,-0.07899770827686559
tm64339,pizzi_1989,1718,0.013791227216805016,0.008781713364574392,0.03125736488889622,0.0037100743685309556,0.925904182993847,0.01655543716734652,5,1819,0.12154111806339052,0.010428823653179254,0.10327935246976591,0.007823530682037174,0.4414140296862871,0.3155131454453401,5,0.1077498908465855,0.0016471102886048625,0.0720219875808697,0.004113456313506218,-0.4844901533075599,0.29895770827799356,0.5015451602993283,5,0.3689213457826882,1.3011005483357967,0.9321792025531085
tm66008,renan bardini bressan_1988,1718,0.0042796036804502655,0.017304836817568885,0.18249290112352926,0.003440317173654175,0.7865796441511149,0.0059026970536824415,5,1819,0.0027555949108004694,0.0860016560272895,0.27462413891821474,0.006651250439207205,0.6139218802881373,0.01604547941635071,5,-0.001524008769649796,0.06869681920972062,0.09213123779468549,0.0032109332655530305,-0.1726577638629776,0.010142782362668266,0.2074385549131199,5,0.6426068447715401,0.9813207699333963,0.3387139251618563
tm67815,rafik halliche_1986,1718,0.002375571465125193,0.47932382990364236,0.07937303997590833,0.3976131462301658,0.014657217455791474,0.026657194969366787,2,1819,8.516124208972774e-06,0.0007066078545461905,0.0001694042478136357,0.9990540930411976,1.4764916350912911e-05,4.661381588244477e-05,4,-0.0023670553409162205,-0.4786172220490962,-0.07920363572809469,0.6014409468110318,-0.014642452539440562,-0.02661058115348434,0.772851135745332,4,1.093166316868048,0.008271454304149849,-1.0848948625638983
tm70359,david simao_1990,1718,0.003522352166067605,0.18238018245215673,0.5723298081546035,0.03562633528752476,0.16240325067616865,0.0437380712634786,3,1819,0.0007864363366801078,0.940492551069351,0.0309282439352533,0.012943806164480938,0.010003900912669532,0.00484506158156493,2,-0.0027359158293874973,0.7581123686171943,-0.5414015642193503,-0.022682529123043825,-0.15239934976349911,-0.03889300968191367,0.944244439412122,2,1.2005066388861672,0.2989888028909772,-0.90151783599519
tm72855,diogo viana_1990,1718,0.06140322523996437,0.10847316286305314,0.22134217193094832,0.024482347121040915,0.5278741919773695,0.05642490086762369,5,1819,0.006342906125672794,0.1875722326434163,0.09474410474665625,0.17982252916623026,0.47610200858048,0.0554162187375445,5,-0.05506031911429157,0.07909906978036316,-0.12659806718429206,0.15534018204518935,-0.05177218339688949,-0.0010086821300791873,0.22831185542454566,4,1.336368235560715,1.3914643877367787,0.055096152176063784
tm73852,fredy montero_1987,1718,0.864849687262756,0.009414652484372062,0.00981594851182955,0.002704611291671771,0.03897965888084393,0.07423544156852666,1,1819,0.9749348076034811,0.000407202698788711,0.005526152591120397,0.000502982973160707,0.009929626345736202,0.008699227787712949,1,0.11008512034072504,-0.00900744978558335,-0.004289795920709154,-0.002201628318511064,-0.029050032535107732,-0.0655362137808137,0.11431107461071625,1,0.5504061920598466,0.14754505132972082,-0.4028611407301258
tm74550,jefferson nascimento_1988,1718,0.0027223175445545817,0.8537080077539815,0.030854052503179078,0.0557078175350139,0.025786062965857295,0.031221741697413673,2,1819,0.0026940302587663413,0.04443368086805046,0.05385487497686799,0.8274960431233904,0.0238201989902609,0.04770117178266387,4,-2.82872857882404e-05,-0.809274326885931,0.023000822473688915,0.7717882255883766,-0.001965863975596397,0.0164794300852502,1.118532478102151,2,0.6218535740146806,0.7024841261999534,0.08063055218527282
tm75116,lionn_1989,1718,0.015183363109795522,0.2537527732318463,0.05684335739372781,0.06312087962332405,0.10145655015917977,0.5096430764821266,6,1819,0.002530527080428028,0.10601387139534696,0.08121406958066682,0.7034037519593215,0.04977155928404976,0.057066220700186736,4,-0.012652836029367493,-0.14773890183649935,0.02437071218693901,0.6402828723359975,-0.05168499087513001,-0.45257685578193985,0.6597077412586099,4,1.324623934745244,1.0171633284715327,-0.3074606062737113
tm75296,radosav petrovic_1989,1718,0.0002158464185401161,0.039335560516249514,0.03778144621998025,0.9186030533113243,0.0023364773055665066,0.0017276162283394176,4,1819,0.0004035738561050025,0.6327535801170932,0.005321504751180067,0.3529324822055197,0.0008777954975365237,0.007711063572565435,2,0.0001877274375648864,0.5934180196008436,-0.032459941468800185,-0.5656705711058045,-0.0014586818080299829,0.005983447344226017,0.8204778801384716,2,0.3560036152462516,0.7318770812464156,0.37587346600016397
tm79128,bruno braga_1983,1718,0.0165701776753719,0.023325002186969007,0.5368580336869692,0.009142272326725901,0.3960046612779775,0.01809985284598646,3,1819,2.7140499074564713e-05,0.9981273006888978,0.0009230831867293949,0.0005409080848501753,0.00010765862952004676,0.0002739089109282887,2,-0.016543037176297334,0.9748022985019288,-0.5359349505002398,-0.008601364241875726,-0.39589700264845745,-0.017825943935058174,1.1809097698741462,2,0.9719044271282841,0.01590590215980313,-0.9559985249684809
tm80462,babanco_1985,1718,0.001291125096551061,0.03790631948215036,0.8999929607624684,0.023441248875525247,0.030297320745134974,0.0070710250381700035,3,1819,0.005480479898073894,0.796441287845236,0.03334433838728587,0.09730961152538867,0.0514232073630869,0.016001074980928717,2,0.004189354801522833,0.7585349683630856,-0.8666486223751825,0.07386836264986342,0.021125886617951926,0.008930049942758714,1.1542857192541232,3,0.4564088004559458,0.7686961071599954,0.3122873067040496
tm83466,andre almeida_1990,1718,0.0018592708304891413,0.804820168433643,0.06276567264216676,0.08573951132980064,0.03638607668398651,0.008429300079913818,2,1819,0.0026028399650134208,0.08758053815400624,0.07858966798714813,0.7455665534373996,0.05724660963767964,0.02841379081875285,4,0.0007435691345242794,-0.7172396302796368,0.01582399534498137,0.659827042107599,0.020860532953693132,0.019984490738839032,0.97493103668874,2,0.7316437881879556,0.9124917330134702,0.18084794482551458
tm83485,nuno reis_1991,1718,3.666512694602278e-05,0.05297820391251708,0.0060879980273119486,0.9401642058313882,0.00017672679144398773,0.0005562003103927627,4,1819,4.3407681323451616e-05,0.003440568105661131,0.0003666555671872613,0.9954094481208473,5.3708668781645665e-05,0.0006862118561992865,4,6.742554377428835e-06,-0.04953763580685595,-0.005721342460124687,0.05524524228945915,-0.00012301812266234206,0.00013001154580652386,0.07442286675088719,4,0.25077961976738766,0.03295862856410721,-0.21782099120328047
tm84491,ruben micael_1986,1718,0.085191642080366,0.02864488651835261,0.5560534631695865,0.0513743149983509,0.26511300967414375,0.013622683559200172,3,1819,0.004701625499019931,0.8100169265077334,0.061102646605131004,0.026125467124791652,0.08156268001296497,0.016490654250359178,2,-0.08049001658134607,0.7813720399893808,-0.4949508165644555,-0.025248847873559247,-0.1835503296611788,0.002867970691159006,0.9467446573928593,2,1.2009238307463541,0.7340089161166455,-0.4669149146297086
tm84535,eduardo salvio_1990,1718,0.37070483731403014,0.011374192674090608,0.03365489349244204,0.006407584069136719,0.416779453629941,0.1610790388203595,5,1819,0.13752412476616602,0.01196076361561948,0.22216888753119196,0.008268136377068573,0.47070084917836036,0.14937723853159368,5,-0.23318071254786413,0.000586570941528872,0.1885139940387499,0.0018605523079318542,0.05392139554841935,-0.011701800288765829,0.30466718443413066,1,1.2241603988471825,1.3383391389027164,0.11417874005553386
tm84711,joao aurelio_1988,1718,0.00248655270241959,0.7511803136338784,0.14786478685693977,0.04394476959040213,0.032069107190621324,0.022454470025738835,2,1819,0.002994628392614387,0.053947070734920805,0.03691578345541683,0.8343018305010028,0.04770743989070993,0.024133247025335352,4,0.0005080756901947969,-0.6972332428989576,-0.11094900340152294,0.7903570609106007,0.015638332700088603,0.0016787769995965166,1.0598834726897937,4,0.8453445629589622,0.6828793436358938,-0.16246521932306845
tm85588,bruno monteiro_1984,1718,6.913490599246747e-05,0.005207212480419854,0.9645854430683626,0.02802026205432789,0.0018273962214451175,0.0002905512694519737,3,1819,0.0002537941486166399,0.9581482461873971,0.008071887676600699,0.03177506527412036,0.0008767957547247226,0.0008742109585403848,2,0.00018465924262417243,0.9529410337069772,-0.9565135553917619,0.0037548032197924734,-0.0009506004667203949,0.0005836596890884112,1.3501962196874253,3,0.1768754699767042,0.2038889080932585,0.027013438116554295
tm86536,erdem sen_1989,1718,0.00010770115542956961,0.016471757778989238,0.017529826085793388,0.9641498192483543,0.0007240537332041836,0.0010168419982290948,4,1819,0.0010045969685744502,0.6718973670809885,0.014541187188717712,0.28818005038266903,0.002307906391240965,0.022068891987809407,2,0.0008968958131448806,0.6554256093019992,-0.002988638897075676,-0.6759697688656853,0.0015838526580367815,0.021052049989580313,0.9415572753279664,4,0.18694903522643896,0.7923538956584779,0.605404860432039
tm86804,andre claro_1991,1718,0.17049680462002204,0.08158665240665568,0.21012530594482384,0.07268399403971669,0.4427884159206384,0.022318827068143494,5,1819,0.13287116464745727,0.1302470598003564,0.5356463290362963,0.027877007643440102,0.14777616639837077,0.02558227247407926,3,-0.03762563997256477,0.048660407393700714,0.32552102309147246,-0.04480698639627659,-0.2950122495222676,0.003263445405935768,0.44585575459299587,3,1.4700228619776252,1.3441989456776382,-0.12582391629998702
tm87854,fredy_1990,1718,0.03473934119143184,0.02883217065825095,0.2688328996599398,0.0056922474296462675,0.6063584263110435,0.05554491474968767,5,1819,0.021575184235938818,0.009812864235703836,0.05320764494502691,0.0015695140170786928,0.9084494376120328,0.00538535495421898,5,-0.013164156955493025,-0.019019306422547115,-0.21562525471491287,-0.004122733412567575,0.30209101130098925,-0.05015955979546868,0.37189414563240997,5,1.0654517752000743,0.4097232519300622,-0.6557285232700121
tm89297,rodrigo battaglia_1991,1718,0.0003359167784205422,0.004438315368509137,0.9843132594283789,0.0020730643212278355,0.007496658729519179,0.0013427853739444533,3,1819,0.00043705416538001847,0.9868287999841053,0.006014607109003492,0.003648488899686594,0.0015596656655953625,0.0015113841762292649,2,0.0001011373869594763,0.9823904846155962,-0.9782986523193754,0.0015754245784587585,-0.0059369930639238165,0.00016859880228481156,1.3864332142123494,2,0.10066655697706453,0.08759814301764472,-0.013068413959419808
tm96140,jorge correa_1993,1718,0.16701032624084988,0.08147406170570755,0.22944207066822142,0.021491748042282457,0.4691069085565723,0.03147488478636638,5,1819,4.2151809723278664e-41,1.938983014396395e-40,1.0,5.835553253587611e-41,5.6419036800402326e-40,1.6999338949231535e-41,3,-0.16701032624084988,-0.08147406170570755,0.7705579293317786,-0.021491748042282457,-0.4691069085565723,-0.03147488478636638,0.9213105780068934,3,1.3874215464287878,1.3815510557964273e-10,-1.3874215462906327
tm9819,ricardo costa_1981,1718,0.000276035899299132,0.5868735935062892,0.006958210374590592,0.40368665294527384,0.0011443674047059598,0.0010611398698412216,2,1819,0.00014083033334297743,0.002195455052465408,0.002356928653823512,0.9947914421144836,0.00011587935954208674,0.0003994644863425306,4,-0.00013520556595615459,-0.5846781384538238,-0.00460128172076708,0.5911047891692097,-0.001028488045163873,-0.000661675383498691,0.8314298799215016,4,0.7308097280488606,0.03831955584058194,-0.6924901722082786
carlos_1995,carlos_1995,1819,0.09854008066555299,0.4315068800081672,0.0948581854869349,0.19580435432487658,0.027385420232718845,0.15190507928174948,2,1920,0.050885099643380276,0.04165190964863793,0.03310606934436071,0.012818351602966776,0.8347327206343229,0.026805849126331386,5,-0.047654981022172714,-0.3898549703595293,-0.0617521161425742,-0.18298600272190982,0.8073473004016041,-0.1250992301554181,0.9183489313089224,5,1.5185189052987789,0.7004099619805249,-0.818108943318254
diederrick joel_1993,diederrick joel_1993,1819,0.9319168702202746,0.003816276891507673,0.031695055181803676,0.002898786108308448,0.01488868506688978,0.014784326531215742,1,1920,0.9880572362046611,0.0015864050528826559,0.0008432360859999411,0.000651790029583552,0.006364241439249736,0.002497091187623354,1,0.05614036598438654,-0.002229871838625017,-0.030851819095803736,-0.002246996078724896,-0.008524443627640044,-0.012287235343592388,0.06470133610163221,1,0.3382422150955117,0.07999611569727855,-0.2582460993982332
francisco reis ferreira_1997,francisco reis ferreira_1997,1819,0.0012204527007315044,0.012969484595482993,0.007949377082394581,0.96096503897252,0.0011804855762228826,0.0157151610726479,4,1920,1.4459615680777694e-05,0.002173305647072407,0.38841722181255145,0.6087604543796253,0.00027021599037429947,0.0003643425546957839,4,-0.0012059930850507267,-0.010796178948410586,0.3804678447301569,-0.3522045845928946,-0.0009102695858485831,-0.015350818517952116,0.5185775648558183,3,0.21446314569214087,0.6880544748215182,0.4735913291293773
hildeberto pereira_1996,hildeberto pereira_1996,1819,0.649129109757251,0.012473218141867479,0.2789654276672298,0.009665815210558395,0.03238766318613001,0.017378766036963308,1,1920,0.12126967207594051,0.03102410957533114,0.06418794316164692,0.013433027000731847,0.734650329540331,0.03543491864601835,5,-0.5278594376813105,0.01855089143346366,-0.2147774845055829,0.003767211790173452,0.7022626663542011,0.018056152609055045,0.9045972218685703,5,0.9176926177779178,0.9426387525668524,0.024946134788934593
mamadu cande_1990,mamadu cande_1990,1819,0.0007167307018583882,0.09675441893399146,0.09170370199783308,0.8050351763726554,0.0031496521071795623,0.0026403198864821506,4,1920,3.48099995100861e-05,0.010303086107087543,0.023599298944627103,0.9635805724026221,0.0018507178051264013,0.0006315147410268476,4,-0.000681920702348302,-0.08645133282690393,-0.06810440305320598,0.15854539602996665,-0.001298934302053161,-0.002008805145455303,0.19300476033312222,4,0.6586711979063231,0.18795856100452854,-0.47071263690179455
pedrao_1992,pedrao_1992,1819,7.012859337828103e-05,0.0009607680906776855,0.0013867275409398996,0.997299018670441,7.947418802387913e-05,0.00020388291653916822,4,1920,1.652456247105001e-05,0.005220770451015409,0.2753897607707892,0.7186696662102646,0.0003068009313843932,0.00039647707407522995,4,-5.360403090723102e-05,0.004260002360337723,0.2740030332298493,-0.2786293524601764,0.00022732674336051407,0.00019259415753606173,0.3908070885264053,4,0.021651946824688007,0.6257538416131077,0.6041018947884197
pedro rodrigues_1997,pedro rodrigues_1997,1819,0.005724864296993102,0.6204836460627402,0.2030660411957827,0.09225842901367994,0.06525816706261128,0.013208852368192815,2,1920,0.0015363275291305335,0.15389314570347956,0.06507139127075486,0.04376557429742688,0.7089765417607977,0.02675701943841047,5,-0.004188536767862568,-0.46659050035926064,-0.13799464992502786,-0.04849285471625305,0.6437183746981865,0.013548167070217656,0.80838831334718,5,1.1045550506336559,0.9534208529167856,-0.1511341977168703
tm102427,sebastian coates_1990,1819,0.0001001840927034082,0.007387400311848581,0.0020770836371700524,0.9897365638592709,0.00016631912221853196,0.0005324489767885898,4,1920,5.8185984132973085e-05,0.0021684880269074295,0.9645088530823792,0.03135171029050882,0.0013279628870483506,0.0005847997290232212,3,-4.199810857043511e-05,-0.005218912284941151,0.9624317694452091,-0.958384853568762,0.0011616437648298186,5.235075223463141e-05,1.3582359981288115,3,0.06568090591029804,0.17042691522099823,0.10474600931070019
tm103381,tiquinho soares_1991,1819,0.9751047735419822,0.0007244501194769728,0.004459312249820551,0.0008007631250535132,0.00551786729272974,0.01339283367093695,1,1920,0.9996879524193402,1.769089443669061e-05,1.3884449329543456e-05,7.005278304993921e-06,0.0001613978113508571,0.00011206914723800689,1,0.024583178877357947,-0.0007067592250402821,-0.004445427800491008,-0.0007937578467485194,-0.005356469481378883,-0.013280764523698942,0.025571778144508332,1,0.14612254309633804,0.003172711841907882,-0.14294983125443017
tm104466,stefan ristovski_1992,1819,0.0016620528271165576,0.025295283533493255,0.013693607176610863,0.9436109815675542,0.0040041296567649666,0.01173394523846035,4,1920,0.0029841856497582996,0.14115391416884213,0.27820760247020776,0.48367458970940236,0.06286089606458171,0.031118811937207714,4,0.001322132822641742,0.11585863063534887,0.26451399529359687,-0.4599363918581518,0.05885676640781675,0.019384866698747366,0.5462583889896425,4,0.29144122442623976,1.2828721715435656,0.9914309471173258
tm109256,haris seferovic_1992,1819,0.03696988452162222,0.0014656255079953983,0.005207191383011699,0.002535737855311026,0.006491493817493211,0.9473300669145664,6,1920,0.8585215730297483,0.0043259054118150505,0.01268309426530769,0.0029645743555943233,0.030696462914675787,0.09080839002285877,1,0.8215516885081261,0.0028602799038196522,0.007475902882295991,0.00042883650028329714,0.024204969097182574,-0.8565216768917077,0.8219472681658637,1,0.25796963439876236,0.5519425155005527,0.2939728811017904
tm111200,fabio pacheco_1988,1819,0.00046616479140333195,0.9419601910057597,0.009608271554378238,0.038247856679861594,0.0014888310575344964,0.008228684911062736,2,1920,0.001399236998201714,0.49372124258710315,0.13071612476735556,0.3148199782378142,0.028699498611085793,0.030643918798439602,2,0.0009330722067983821,-0.4482389484186565,0.12110785321297732,0.27657212155795263,0.027210667553551296,0.022415233887376866,0.5411272460935957,2,0.27854853485824704,1.196194656886196,0.917646122027949
tm111811,florent hanin_1990,1819,0.002142811369498144,0.009690840330069443,0.032661738220528216,0.9286829471360826,0.0058504357848123585,0.020971227159009256,4,1920,8.543457865698021e-05,0.002635637016832064,0.9456537926321261,0.04339423325997527,0.006686844804460075,0.0015440577079494826,3,-0.002057376790841164,-0.007055203313237379,0.9129920544115979,-0.8852887138761073,0.0008364090196477164,-0.019427169451059774,1.271748916495792,3,0.3496903024043961,0.2489210117916566,-0.10076929061273948
tm111828,fransergio_1990,1819,0.040876127745151015,0.07147138383667327,0.4213072744605267,0.008432473210931378,0.4496288075292332,0.008283933217484357,5,1920,0.0044162428383050486,0.47088996565632013,0.02015554660842251,0.011750830346346672,0.48439334971167963,0.008394064838925887,5,-0.036459884906845964,0.39941858181964685,-0.4011517278521042,0.0033183571354152945,0.034764542182446456,0.0001101316214415296,0.5683368898428117,3,1.1228210594997885,0.9007421550093607,-0.22207890449042778
tm112465,sergio oliveira_1992,1819,0.020632041619252608,0.20387987784276518,0.08090740023494855,0.026936195279186337,0.6284199548711578,0.03922453015268955,5,1920,0.026167967907302653,0.1089435640642778,0.041995486945227395,0.05224987933643099,0.5602687742075545,0.21037432753920654,5,0.005535926288050046,-0.09493631377848738,-0.038911913289721156,0.025313684057244656,-0.06815118066360326,0.17114979738651698,0.12586919073376934,2,1.1240356718181772,1.2767470018710323,0.1527113300528551
tm113025,ze manuel_1990,1819,0.5883508840840225,0.01831390872946899,0.26051081734219317,0.02174814532760187,0.042965369683596814,0.06811087483311687,1,1920,0.047625500388976595,0.032870480071539816,0.025196927115697303,0.008737707394342991,0.8705759534893572,0.014993431540086066,5,-0.5407253836950459,0.014556571342070827,-0.23531389022649588,-0.013010437933258878,0.8276105838057605,-0.0531174432930308,1.016403960636442,5,1.1372255863156844,0.5750540852725115,-0.5621715010431729
tm118323,ricardo alves_1991,1819,4.685113605543881e-05,0.0018798182116392694,0.0011148191563346461,0.9966485194420835,4.377594844556168e-05,0.00026621610544146166,4,1920,2.7291156125516456e-05,0.0018483854951644502,0.9723531809463188,0.025209114034003964,0.00022488954909978068,0.0003371388192875531,3,-1.9559979929922353e-05,-3.143271647481922e-05,0.9712383617899842,-0.9714394054080796,0.00018111360065421902,7.092271384609146e-05,1.373680642640363,4,0.025822083451145204,0.13654846067720436,0.11072637722605916
tm122946,jardel_1986,1819,4.835008212725399e-05,0.0003236414170132434,0.0007466001379838833,0.998732855090515,4.5397405471519396e-05,0.00010315586688915098,4,1920,3.8584759383452965e-06,0.0007420170657897263,0.0074456616165790215,0.9917299248828965,3.562625497745223e-05,4.2911703819049214e-05,4,-4.449160618890869e-05,0.0004183756487764829,0.006699061478595138,-0.007002930207618552,-9.771150494067165e-06,-6.024416307010177e-05,0.009700287075580087,4,0.011123919084524625,0.05091205627016573,0.0397881371856411
tm124548,bebeto_1990,1819,0.0012724601776136876,0.11814804510473631,0.020102284117699595,0.8114622607511202,0.011262491071395517,0.03775245877743458,4,1920,0.001876360553057126,0.09413866984102287,0.13767684785364429,0.5413711294093119,0.034883110151013655,0.19005388219195032,4,0.0006039003754434384,-0.02400937526371344,0.11757456373594469,-0.2700911313418083,0.023620619079618137,0.15230142341451575,0.29649240413392947,4,0.6831227787109482,1.2720670915876173,0.5889443128766692
tm124550,ola john_1992,1819,0.0037068139288536027,0.005487384686048106,0.8958984296764595,0.0022109225012588015,0.08918750149716255,0.003508947710217344,3,1920,0.013117520975082881,0.23628520287835997,0.0768026114181917,0.04661739134308484,0.4843926961232465,0.1427845772620341,5,0.009410707046229278,0.23079781819231185,-0.8190958182582678,0.04440646884182604,0.39520519462608394,0.13927562955181677,0.9393791748341368,3,0.3967171598797176,1.3668101716252608,0.9700930117455431
tm125165,jesus corona_1993,1819,0.003319010499031214,0.010903630406920679,0.09811194801525594,0.00797037498680221,0.8671495062397596,0.01254552985223054,5,1920,0.007247285292175644,0.12342112941992571,0.26887361368210777,0.12443913416036011,0.37474284389906304,0.1012759935463679,5,0.003928274793144429,0.11251749901300503,0.17076166566685183,0.1164687591735579,-0.4924066623406966,0.08873046369413737,0.5457696019102225,5,0.5130453491058038,1.506145215332877,0.9930998662270731
tm126956,edgar costa_1987,1819,0.04233780055737318,0.005730299158284722,0.16409106765740852,0.003463606693617011,0.7665653959138063,0.017811830019510425,5,1920,0.0014458141456972422,0.4038931066785449,0.010418861263344039,0.010855723569535536,0.5635999818337222,0.009786512509156105,5,-0.040891986411675935,0.3981628075202602,-0.15367220639406448,0.007392116875918525,-0.20296541408008417,-0.00802531751035432,0.47441598367649424,2,0.7551694753303155,0.8407339659607553,0.0855644906304398
tm127031,pierre sagna_1990,1819,0.00042361774829901677,0.18585335058868557,0.05104623491140793,0.7545846964700395,0.0042617788294576865,0.0038303214521105554,4,1920,1.4592784144167892e-05,0.0016616861814670782,0.08079550505821656,0.9166155282143186,0.0005348686076699874,0.00037781915418367,4,-0.00040902496415484886,-0.18419166440721849,0.02974927014680863,0.16203083174427912,-0.0037269102217876993,-0.0034525022979268855,0.24714294630503753,2,0.7249652652612854,0.30087939924555285,-0.4240858660157325
tm127769,nwankwo obiora_1991,1819,0.016498749717405087,0.48495821347645707,0.1101010386091899,0.33408842953141615,0.01596538335680544,0.03838818530872631,2,1920,1.2603978004289246e-05,0.9951957728231163,0.0018308410670933172,0.0026556166254462273,0.0001833803120160607,0.00012178519432387394,2,-0.016486145739400798,0.5102375593466593,-0.10827019754209659,-0.33143281290596993,-0.01578200304478938,-0.03826640011440243,0.6184119797805104,2,1.2190789544520535,0.03490076016129901,-1.1841781942907545
tm130940,idrissa mandiang_1984,1819,0.00018519253592271404,0.9323128515326494,0.00423494657570217,0.06052785163668009,0.000534852611948858,0.0022043051070967028,2,1920,0.00025965054804013643,0.1844693980661961,0.25442810164621454,0.5434602675579138,0.006085415748099626,0.011297166433535706,4,7.445801211742239e-05,-0.7478434534664533,0.2501931550705124,0.4829324159212337,0.005550563136150768,0.009092861326439003,0.9247275157468886,2,0.2773491595749172,1.075288064868501,0.7979389052935839
tm131933,diego lopes_1994,1819,0.054175544386571954,0.08165809715929243,0.5224742452257521,0.03238995589934369,0.27492724692762077,0.034374910401419094,3,1920,0.0020837060485162963,0.005532880960068136,0.0034730240094950535,0.0012823961490401644,0.9847241738074749,0.0029038190254055563,5,-0.052091838338055654,-0.07612521619922429,-0.5190012212162571,-0.031107559750303524,0.7097969268798541,-0.03147109137601354,0.8846752135492927,5,1.2836530140820657,0.10194680128596076,-1.1817062127961049
tm132214,joao carlos teixeira_1993,1819,0.0002263799762232493,0.9809655411382363,0.013382888989373044,0.0019028618966171235,0.0028734347012381455,0.0006488932983122064,2,1920,0.6132873136083283,0.012851799035412621,0.006260022141470099,0.003096170614047715,0.31558098550687486,0.0489237090938663,1,0.6130609336321051,-0.9681137421028236,-0.007122866847902945,0.0011933087174305916,0.3127075508056367,0.048274815795554094,1.1878241021055638,2,0.11198239883025553,0.9170579142302401,0.8050755153999846
tm137192,zainadine junior_1988,1819,0.0017911021876426448,0.035306048407257665,0.02244891594444955,0.9315297806619801,0.0022119945669108695,0.00671215823175913,4,1920,1.2600009497219942e-05,0.0006496238917110077,0.8954183649923803,0.1036505138104256,0.00016009166171646947,0.00010880563426960462,3,-0.0017785021781454248,-0.03465642451554666,0.8729694490479307,-0.8278792668515546,-0.0020519029051944,-0.006603352597489526,1.203606322926831,3,0.3277901349410294,0.341161407719325,0.01337127277829564
tm137313,jonathan buatu_1993,1819,0.0004733507632920857,0.014779965151419178,0.010661750019242137,0.9721827754347823,0.0004274479452918247,0.0014747106859724103,4,1920,4.090566609072091e-05,0.009268924761068836,0.1324827234229336,0.8564754498072195,0.0009005409038149102,0.000831455438872635,4,-0.0004324450972013648,-0.005511040390350342,0.12182097340369147,-0.11570732562756281,0.0004730929585230855,-0.0006432552470997753,0.16810507772461641,3,0.1546864846807597,0.4564951382906852,0.3018086536099255
tm139395,ricardo esgaio_1993,1819,0.010793596369481013,0.40522803648157807,0.14693614069621444,0.30864930681141167,0.08221230773476776,0.04618061190654716,2,1920,0.002027718015373066,0.048379058206309174,0.5433040735883689,0.1982819345939043,0.15761747873982468,0.05038973685622001,3,-0.008765878354107946,-0.3568489782752689,0.39636793289215444,-0.11036737221750736,0.07540517100505692,0.004209124949672849,0.5499022356829635,3,1.4069648663994558,1.2531685270934187,-0.1537963393060371
tm140032,andreas samaris_1989,1819,0.0006274712951198746,0.9700250817921161,0.008464699753981448,0.011070267309003422,0.007530009778374591,0.0022824700714043876,2,1920,4.806592676227276e-05,0.9934040604069997,0.0010339512044120777,0.0016986418988904643,0.003392763541702457,0.0004225170212331093,2,-0.0005794053683576019,0.023378978614883583,-0.00743074854956937,-0.009371625410112957,-0.004137246236672134,-0.0018599530501712783,0.026590835731757762,2,0.17509139024162798,0.04756791010152267,-0.1275234801401053
tm141050,danilo pereira_1991,1819,0.004456587344520036,0.39127931317193854,0.5424535987255967,0.03910068910164415,0.016960120876547722,0.005749690779752692,3,1920,0.0005285681214527727,0.8566171058605572,0.050229038371723725,0.036038244209116214,0.0539053281261501,0.002681715311000003,2,-0.003928019223067264,0.46533779268861863,-0.492224560353873,-0.003062444892527938,0.036945207249602374,-0.003067975468752689,0.6783907689247637,3,0.9486232744228559,0.579877637601527,-0.3687456368213289
tm14132,pepe_1983,1819,0.002259151440173522,0.007966279259168386,0.018889249557367135,0.9652798296420474,0.00101859601177915,0.004586894089464681,4,1920,2.789551705991899e-06,0.0001945886080637287,0.9928629308711237,0.006883419432548949,3.357280475033675e-05,2.2698731807327873e-05,3,-0.0022563618884675297,-0.0077716906511046575,0.9739736813137565,-0.9583964102094984,-0.0009850232070288132,-0.004564195357657353,1.3664607098667676,3,0.1930624642672552,0.043668550830506615,-0.1493939134367486
tm148489,mikel agu_1993,1819,0.002047839163432407,0.8870741394539148,0.021990239296014506,0.07963906816786684,0.0039909322212610746,0.005257781697510546,2,1920,0.0034099388885524885,0.5454890798523294,0.13292691520735828,0.16656218990042715,0.03369051964421907,0.11792135650711355,2,0.0013620997251200815,-0.34158505960158536,0.11093667591134376,0.08692312173256031,0.029699587422957995,0.112663574809603,0.37071127431704276,2,0.45405818507150036,1.2830763645889955,0.8290181795174951
tm149928,jubal_1993,1819,7.65823837090773e-05,0.008516954437424588,0.0005280081034820083,0.9900049528544766,0.0002086764061496552,0.0006648258147576899,4,1920,2.174707745207915e-05,0.0006078794419557959,0.9706772354915538,0.028243879571544284,0.00024522968009308343,0.00020402873740111373,3,-5.483530625699814e-05,-0.007909074995468793,0.9701492273880719,-0.9617610732829324,3.655327394342823e-05,-0.00046079707735657615,1.3661026474223477,3,0.06187682239730147,0.13813857813480815,0.07626175573750668
tm154990,rene santos_1992,1819,3.2304924078126404e-05,0.9953745470500476,0.0007387764363313782,0.0034920534486880027,9.000907652533163e-05,0.0002723090643294631,2,1920,0.00011845420148837317,0.06617117574628589,0.4869798745589966,0.4398162018283099,0.005268910364314242,0.0016453833006049273,3,8.614927741024677e-05,-0.9292033713037617,0.48624109812266525,0.43632414837962186,0.00517890128778891,0.0013730742362754642,1.1358938778095693,2,0.033104970328501716,0.9306084912114895,0.8975035208829878
tm155025,fabio cardoso_1994,1819,0.0006128745875081128,0.0016452080119881002,0.003367503716873953,0.9928956797475196,0.0003041999787136272,0.0011745339573966244,4,1920,2.0725324484489915e-05,0.0033323053380550373,0.6129466146969643,0.3831634598131522,0.00033480260840139235,0.0002020922189425352,3,-0.0005921492630236229,0.0016870973260669372,0.6095791109800903,-0.6097322199343673,3.060262968776516e-05,-0.0009724417384540892,0.8621851717838966,4,0.051719238604045405,0.6912193023204344,0.639500063716389
tm157036,dyego sousa_1989,1819,0.9370138843001646,0.0010321451481142938,0.009513305241107845,0.0014484002640365915,0.012741792828141777,0.038250472218434674,1,1920,0.07031542897272322,0.02168586753381691,0.014786534320228212,0.012630159983961728,0.02765403383495115,0.8529279753543187,6,-0.8666984553274414,0.020653722385702615,0.005273229079120367,0.011181759719925136,0.014912241006809374,0.814677503135884,0.8671608860774099,1,0.3022352705731955,0.6221835151609995,0.31994824458780396
tm157387,anthony d alberto_1994,1819,0.00043287282294785623,0.047507101601886294,0.013586420829242205,0.9317395619254104,0.0017374283896753708,0.004996614430837871,4,1920,4.225802499407758e-05,0.001726384731514426,0.56147854773296,0.4351935997537229,0.00047377248290546303,0.0010854372739031138,3,-0.00039061479795377864,-0.04578071687037187,0.5478921269037178,-0.4965459621716875,-0.0012636559067699077,-0.003911177156934758,0.7408382405865823,3,0.3098994112115373,0.7085846535866188,0.3986852423750815
tm158382,rafael costa_1991,1819,0.00890482709051654,0.06405884118866711,0.16105875606069203,0.009292604070616061,0.7437771275221313,0.012907844067377069,5,1920,0.0003838688654663927,0.8758202722926058,0.007823444843203263,0.007546898467594769,0.1068082054225892,0.0016173101085406067,2,-0.008520958225050147,0.8117614311039387,-0.15323531121748876,-0.001745705603021292,-0.6369689220995421,-0.011290533958836462,1.0431887382298628,2,0.8319550753269849,0.44327004890197974,-0.38868502642500513
tm164705,raul silva_1989,1819,0.00024227375722459557,0.014657173250022037,0.0046084835043866375,0.9792421841583084,0.0004828897887224719,0.0007669955413357579,4,1920,0.0001905112397425738,0.00441319076708957,0.8518727903595095,0.13891758503647061,0.0030911286826926176,0.0015147939144951417,3,-5.176251748202176e-05,-0.010243982482932467,0.8472643068551229,-0.8403245991218378,0.002608238893970146,0.0007477983731593837,1.1933624689617846,3,0.11843445955313005,0.46404085305314846,0.3456063935000184
tm166230,josip vukovic_1992,1819,0.0008820186525798046,0.9071682385039597,0.02055273885124191,0.059971080284694146,0.003781949261089223,0.007643974446435014,2,1920,0.00011148628754809963,0.9144456990811463,0.02281328711953225,0.05762051335191092,0.0035730714055070972,0.0014359427543552616,2,-0.0007705323650317049,0.00727746057718659,0.002260548268290339,-0.002350566932783224,-0.00020887785558212565,-0.006208031692079753,0.008014613272977263,2,0.40153054735229626,0.3630170720502242,-0.03851347530207205
tm167291,gabriel_1993,1819,0.00040191261867868287,0.9694231729915079,0.005164559122192451,0.016978393978147543,0.0014797394638122404,0.006552221825661314,2,1920,0.003206881230721111,0.5611009126250518,0.05169765620872123,0.10111667815457408,0.2624810948958631,0.020396776885068704,2,0.002804968612042428,-0.40832226036645614,0.04653309708652878,0.08413828417642653,0.26100135543205083,0.01384455505940739,0.4940660114657471,2,0.17223025787043258,1.1579835595654382,0.9857533016950056
tm169681,frederico venancio_1993,1819,0.004497249012295497,0.041908472674600364,0.04786589809363878,0.8888240739728331,0.0020551753819375317,0.014849130864694533,4,1920,2.107705864470353e-05,0.005109628798362709,0.6281288219428095,0.3660710935652557,0.0002402121589284747,0.000429166475998824,3,-0.004476171953650794,-0.03679884387623766,0.5802629238491708,-0.5227529804075774,-0.0018149632230090571,-0.01441996438869571,0.7818908008388901,3,0.4827120908534299,0.6924792699486132,0.20976717909518328
tm175597,ruben ferreira_1990,1819,0.000477114300015159,0.036037638829063155,0.016647386838916083,0.9342793663941356,0.0031917943998330607,0.009366699238037079,4,1920,0.00026521670547005957,0.014861681703183749,0.17327033672284348,0.7792990807268123,0.011832987898812698,0.020470696242877787,4,-0.0002118975945450994,-0.021175957125879406,0.1566229498839274,-0.15498028566732325,0.008641193498979637,0.011103997004840709,0.22152375417038872,3,0.3171921790236697,0.6948956884830538,0.37770350945938413
tm176997,anderson carvalho_1990,1819,0.00015261507228960525,0.9851085677217245,0.00173500889276345,0.010465380230601942,0.0005029584485846565,0.0020354696340359286,2,1920,0.0006694087639771302,0.7945316317623679,0.07962379921090505,0.09650379830934153,0.013682532804217537,0.014988829149190943,2,0.000516793691687525,-0.19057693595935665,0.0778887903181416,0.08603841807873959,0.01317957435563288,0.012953359515155013,0.22352362250618515,2,0.0913027712324077,0.7364432929110617,0.645140521678654
tm177184,nuno valente_1991,1819,3.8235701213355504e-05,8.800472405017957e-05,0.9993770922980895,7.447481235443592e-05,0.0004030429387208952,1.9149525571593918e-05,3,1920,0.003227405355359729,0.6732847819038306,0.06468371611946219,0.033945799196723477,0.20912110241974127,0.015737195004882704,2,0.0031891696541463737,0.6731967771797804,-0.9346933761786272,0.03387132438436904,0.20871805948102037,0.01571804547931111,1.1711388790615742,3,0.0058997205271090454,0.969391484124032,0.9634917635969229
tm177859,tiago ilori_1993,1819,7.487468178650415e-05,0.002498934030809438,0.0006988554768228057,0.9955577600996958,8.256143874373027e-05,0.0010870142721418335,4,1920,1.984225764722386e-05,0.0039070457427896575,0.800002591540596,0.1955440753551857,0.0002624139256081392,0.00026403117817316683,3,-5.5032424139280295e-05,0.0014081117119802197,0.7993037360637733,-0.8000136847445101,0.00017985248686440894,-0.0008229830939686666,1.1308891972328998,4,0.03338928977574891,0.5238533288584507,0.4904640390827018
tm177964,yusupha njie_1994,1819,0.9841988853024168,0.0004525073993977724,0.003079825821779227,0.0005277471998429934,0.0025436309492479123,0.009197403327315215,1,1920,0.3266931316175259,0.17411298626984775,0.023603035996202403,0.014205541523923237,0.37014305468928155,0.0912422499032192,5,-0.657505753684891,0.17366047887044997,0.020523210174423177,0.013677794324080244,0.3675994237400336,0.082044846575904,0.7734399773723173,1,0.0992745260879345,1.405027206906133,1.3057526808181985
tm178078,mato milos_1993,1819,0.0013172146238702583,0.33928869429477276,0.13172793714745748,0.5091332202385186,0.006756188100118137,0.011776745595262827,4,1920,3.264243459283095e-05,0.00496147541473706,0.3412698693563127,0.6511535905323308,0.0016477489160205633,0.0009346733460060667,4,-0.0012845721892774274,-0.3343272188800357,0.20954193220885522,0.1420203702938122,-0.005108439184097573,-0.01084207224925676,0.4193805461545378,2,1.0722479973783237,0.6899862469099614,-0.3822617504683623
tm181686,matija ljujic_1993,1819,0.001410307544662985,0.10523764169418554,0.8531181315865964,0.013488471382848416,0.024816129146802302,0.0019293186449043705,3,1920,0.01647936750018476,0.2371617481250639,0.09558160098690709,0.07090343759643217,0.4834091296724624,0.09646471611894972,5,0.015069059955521776,0.13192410643087837,-0.7575365305996894,0.05741496621358375,0.4585930005256601,0.09453539747404535,0.8972717871943696,3,0.5435938954284384,1.3979592393015141,0.8543653438730757
tm182462,welthon_1992,1819,0.7325105902987283,0.020111858143693893,0.1342365716731044,0.010114244623204342,0.06444307492116137,0.03858366034010745,1,1920,0.31660679987691087,0.22325303995773554,0.037600265551024366,0.03420273570274597,0.23497291926834973,0.1533642396432335,1,-0.41590379042181747,0.20314118181404164,-0.09663630612208005,0.024088491079541627,0.17052984434718838,0.11478057930312606,0.5032311213672366,1,0.9248983846190595,1.5655473309013412,0.6406489462822818
tm182936,filipe ferreira_1990,1819,0.00021304037262232967,0.009952001168806651,0.005618068837476548,0.9815411317027665,0.0004650773425155905,0.0022106805758125726,4,1920,2.8000472860583734e-05,0.0032277574198160126,0.2620552738330083,0.7325855006355064,0.0012273672913139945,0.0008761003474946862,4,-0.00018503989976174595,-0.006724243748990638,0.25643720499553174,-0.24895563106726004,0.000762289948798404,-0.0013345802283178864,0.3574699667465009,3,0.11216435045763806,0.6121093548055233,0.49994500434788525
tm183945,eber bessa_1992,1819,0.0033103532938091357,0.035941834876048885,0.031098751019985337,0.0023353076157702226,0.8934984232353095,0.03381532995907697,5,1920,0.006078936463969233,0.11366538529772598,0.01672061290279943,0.01068255408047531,0.7918746770466469,0.06097783420838314,5,0.002768583170160097,0.07772355042167708,-0.014378138117185905,0.008347246464705088,-0.10162374618866254,0.02716250424930617,0.12904421146102674,5,0.475668343021847,0.7504364682625575,0.2747681252407105
tm188911,shoya nakajima_1994,1819,0.4159360802804791,0.0041523371408917435,0.08620457687701268,0.003801162504576122,0.34046709431286765,0.14943874888417266,1,1920,0.002252404636782711,0.5493335061629289,0.029778517642593733,0.025144955456656706,0.37608480935567423,0.017405806745363777,2,-0.4136836756436964,0.5451811690220372,-0.05642605923441894,0.021343792952080585,0.035617715042806586,-0.1320329421388089,0.6879424175274352,2,1.2710079171955309,0.9783588733815078,-0.292649043814023
tm190543,dener_1992,1819,0.028337381402729428,0.17783697752105135,0.5498501278531406,0.041163223655104934,0.1897332212196748,0.013079068348298986,3,1920,0.028463024869733636,0.09410065806397559,0.025827894794785675,0.03946004343744336,0.7828874216249628,0.029260957209098663,5,0.0001256434670042078,-0.08373631945707576,-0.5240222330583549,-0.0017031802176615748,0.593154200405288,0.016181888860799677,0.7958931423270673,5,1.2403598361499117,0.8406481648568681,-0.39971167129304364
tm193082,alex grimaldo_1995,1819,0.006599114373973158,0.04697440175020577,0.26705172114392645,0.4212305522386237,0.17638877625751234,0.0817554342357586,4,1920,0.0026592173378110276,0.10650884894234985,0.5244063477843756,0.15558926998290634,0.09301712464539406,0.11781919130716312,3,-0.00393989703616213,0.05953444719214408,0.2573546266404491,-0.26564128225571737,-0.08337165161211828,0.03606375707140452,0.38380646187286743,4,1.4043285146351134,1.355157136780662,-0.04917137785445136
tm193303,nuno sequeira_1990,1819,0.006741805541138821,0.22873396978960653,0.0676584301851306,0.4659689041497629,0.12209485006326175,0.1088020402710995,4,1920,0.0033586710663868246,0.12388669066478898,0.18608388516174884,0.35027471409472727,0.14911719006443747,0.18727884894791075,4,-0.0033831344747519967,-0.10484727912481755,0.11842545497661824,-0.11569419005503562,0.027022340001175718,0.07847680867681124,0.19784928202245397,3,1.4072943088206333,1.5557120863922482,0.1484177775716149
tm194214,goncalo silva_1991,1819,0.0005294197239918325,0.02665629906325168,0.008081283489514738,0.9549731609039416,0.0009862819448649563,0.008773554874435218,4,1920,1.7102477518751127e-05,0.0022435183644645648,0.11139890527535341,0.8852361896150366,0.00039218009411017137,0.000712104173516569,4,-0.0005123172464730813,-0.024412780698787113,0.10331762178583867,-0.06973697128890499,-0.000594101850754785,-0.008061450700918649,0.12702116132144417,3,0.23192881122061268,0.3745007695740758,0.14257195835346312
tm195308,luis machado_1992,1819,0.006872868540933534,0.674698428928937,0.2226657795568218,0.016223249262754917,0.07207358221437932,0.0074660914961734125,2,1920,0.0009014825011547247,0.05281439729767258,0.01283402858696314,0.005481349177400179,0.9258464429701548,0.002122299466654587,5,-0.005971386039778809,-0.6218840316312645,-0.20983175096985865,-0.01074190008535474,0.8537728607557755,-0.005343792029518825,1.0769625138066845,5,0.9271611196695796,0.33048195347242904,-0.5966791661971506
tm197734,alhassane keita_1992,1819,0.8816529783437719,0.0025313979042105874,0.09190871332513395,0.0034684574232393584,0.006559843675824862,0.013878609327819393,1,1920,0.11603396348172129,0.2657674608217637,0.10263775231214478,0.1348365060677367,0.24926477848895942,0.1314595388276741,2,-0.7656190148620505,0.26323606291755314,0.01072903898701083,0.13136804864449733,0.24270493481313457,0.11758092949985471,0.8554204010915138,1,0.4575526013277925,1.718957798387022,1.2614051970592293
tm198006,rafa soares_1995,1819,0.002435523841085033,0.05266104312657696,0.07566372480929066,0.7870378922098726,0.05012127688694215,0.032080539126232314,4,1920,0.015274423256416784,0.11194321097954127,0.310171648743753,0.0964017017327518,0.27721345582518253,0.18899555946235452,3,0.01283889941533175,0.05928216785296431,0.23450792393446235,-0.6906361904771209,0.22709217893824038,0.1569150203361222,0.7663043680439668,4,0.8138550127356297,1.5681307220088239,0.7542757092731942
tm198007,francisco ramos_1995,1819,0.005891104785529851,0.6963813276032965,0.13434279406969998,0.13443190713811093,0.013925220882022245,0.015027645521340604,2,1920,2.9088591784132633e-05,0.9838115135555127,0.004414369006394376,0.008881784472734166,0.0023848196419645217,0.0004784247316100198,2,-0.005862016193745718,0.28743018595221614,-0.1299284250633056,-0.12555012266537677,-0.011540401240057724,-0.014549220789730585,0.33974679517529666,2,0.9442775890150034,0.10031317886044373,-0.8439644101545596
tm198053,lazar rosic_1993,1819,0.0007429620999925767,0.013290907743471199,0.011289484251035091,0.9713906387350407,0.0005107548830778041,0.0027752522873824266,4,1920,0.0001821418079787852,0.002556230402883543,0.9734463226978135,0.021033403106093713,0.001071938174004805,0.0017099638112257484,3,-0.0005608202920137915,-0.010734677340587657,0.9621568384467785,-0.950357235628947,0.000561183290927001,-0.0010652884761566783,1.3524202452735934,3,0.16180479959141875,0.1424734328218688,-0.01933136676954994
tm210146,douglas grolli_1989,1819,5.832281768608474e-06,0.00018176224456362,0.00013016278333741744,0.9996456588014087,6.196510885572056e-06,3.0387378036205847e-05,4,1920,2.9183098908544595e-05,0.007288765688810788,0.31277543151149667,0.6784155642433527,0.0005205841078371701,0.0009704713495941481,4,2.335081713993612e-05,0.007107003444247168,0.31264526872815923,-0.32123009455805596,0.000514387596951598,0.0009400839715579423,0.4483153046079261,4,0.0035449635447032416,0.6735960479478497,0.6700510844031464
tm211072,paulinho_1992,1819,0.9193122842795834,0.003826140869468853,0.019130262428266834,0.0017061876185702823,0.026617135092771728,0.029407989711338622,1,1920,0.9833317046797416,0.000351411582720417,0.0005349136862943069,0.00022786916480479138,0.001906162175431648,0.013647938711006995,1,0.06401942040015818,-0.003474729286748436,-0.018595348741972526,-0.0014783184537654908,-0.02471097291734008,-0.015760051000331628,0.0711980655270648,1,0.3854260638926652,0.09580854920735853,-0.28961751468530667
tm211107,joao afonso_1990,1819,0.0002649576506761969,0.003974974026618865,0.0026535845997940305,0.9883397864371946,0.0006804389694821868,0.004086258316233983,4,1920,7.086372074320061e-06,0.00030673125743996754,0.9742068012185308,0.025328788727072685,6.997994881456042e-05,8.06124760678048e-05,3,-0.0002578712786018769,-0.0036682427691788976,0.9715532166187367,-0.9630109977101219,-0.0006104590206676264,-0.004005645840166178,1.3679618889412397,3,0.07892462415432254,0.12255626457193892,0.043631640417616385
tm212899,filipe augusto_1993,1819,3.053672023932228e-42,1.0,1.938983014396395e-40,1.3640297295651928e-40,1.8594986475783678e-41,1.6999338949231535e-41,2,1920,0.0011966398103179985,0.8040943823483266,0.05209298089618771,0.05919376898895073,0.0601786211142873,0.02324360684192966,2,0.0011966398103179985,-0.19590561765167336,0.05209298089618771,0.05919376898895073,0.0601786211142873,0.02324360684192966,0.21958936759165745,2,1.3815510557964273e-10,0.7611968729137241,0.7611968727755689
tm216118,eduardo henrique_1995,1819,0.015164183997967373,0.5799694619205398,0.2603747113054894,0.06815367032603413,0.0585153374352653,0.017822635014703977,2,1920,7.87715308420754e-06,0.997254163199726,0.0005097420579997507,0.0009129777231734873,0.0012410632884935523,7.417657752290105e-05,2,-0.015156306844883165,0.41728470127918627,-0.25986496924748964,-0.06724069260286064,-0.05727427414677175,-0.017748458437181078,0.49968759342371777,2,1.1507753779721523,0.022099323786038922,-1.1286760541861134
tm223029,fabio martins_1993,1819,0.0593732678354076,0.3829833848990702,0.1325245718934718,0.013388070321363315,0.2609500908728946,0.15078061417779237,2,1920,0.10111602739238637,0.019791212700172214,0.00918797953404361,0.00550683836054371,0.7890352338230708,0.07536270818978325,5,0.04174275955697877,-0.363192172198898,-0.12333659235942819,-0.007881231960819603,0.5280851429501763,-0.07541790598800913,0.6540634212052757,5,1.4966502652418643,0.7628763740540332,-0.7337738911878311
tm224852,patrick_1991,1819,0.007008925594838432,0.15426578730974774,0.11493671811369771,0.49473418769273947,0.17556973057899455,0.05348465070998215,4,1920,0.0002359516738839746,0.14203799111138835,0.04388325342579816,0.763251249389865,0.039972396595560185,0.010619157803504314,4,-0.0067729739209544575,-0.012227796198359397,-0.07105346468789955,0.2685170616971255,-0.13559733398343438,-0.042865492906477835,0.30940594116084796,4,1.3819800920616778,0.7995343559478679,-0.5824457361138099
tm225119,ruben macedo_1996,1819,0.0051395270470929325,0.009090173789593443,0.14081309899236624,0.0016707845408523892,0.8395813260481498,0.003705089581945099,5,1920,0.005393496208220807,0.17863136424745124,0.03302045964441764,0.02358728072414476,0.7269580037641615,0.03240939541160389,5,0.00025396916112787465,0.1695411904578578,-0.10779263934794861,0.02191649618329237,-0.1126233222839883,0.028704305829658792,0.23136092666445365,2,0.5240847513299761,0.8798101419844132,0.3557253906544371
tm228940,joao novais_1993,1819,0.003973790668637921,0.004131079476658511,0.09627179545372115,0.0014458308642729724,0.890925790269154,0.0032517132675554364,5,1920,0.01817534577566055,0.4824697018249656,0.028282061112816656,0.02813882286400325,0.34521683174707146,0.09771723667548252,2,0.014201555107022628,0.4783386223483071,-0.0679897343409045,0.02669299199973028,-0.5457089585220825,0.09446552340792708,0.7294812602160761,5,0.40095425012892066,1.2202214360776178,0.8192671859486971
tm229854,leandrinho_1993,1819,0.0022720067487614,0.9049734119493145,0.04198765506705124,0.039054586841586816,0.006220593007631302,0.005491746385654784,2,1920,0.00022090989132503253,0.9022137089195693,0.02543245839454937,0.06277629700554646,0.006796370629621952,0.0025602551593880106,2,-0.0020510968574363676,-0.002759703029745153,-0.016555196672501868,0.023721710163959644,0.0005757776219906504,-0.002931491226266773,0.02913672165788523,4,0.4241358458227323,0.41105975944074274,-0.013076086381989538
tm231289,otavio_1995,1819,0.006282876380592625,0.7719271770174946,0.07420315659024765,0.015195529603244867,0.10599864689336323,0.026392613515056892,2,1920,0.002555651743445517,0.7417924728955994,0.039667808059649784,0.0247168188075213,0.1568351922162578,0.03443205627752639,2,-0.003727224637147108,-0.03013470412189523,-0.034535348530597865,0.009521289204276435,0.05083654532289457,0.008039442762469502,0.06920760205799634,5,0.8221215460104929,0.8628343229604079,0.04071277694991493
tm232577,jonatan lucca_1994,1819,0.0014460960206335222,0.8127013740279786,0.162952552405556,0.011605165456745694,0.009661302141415626,0.0016335099476706986,2,1920,0.0005121025264412751,0.7026564641262129,0.05043746877919451,0.2072493907500991,0.02333200390651653,0.015812569911535797,2,-0.0009339934941922472,-0.11004490990176574,-0.1125150836263615,0.1956442252933534,0.013670701765100903,0.014179059963865098,0.25146361478346885,4,0.5806707222066888,0.8819261967055324,0.3012554744988436
tm235568,joao pedro_1993,1819,0.0017284311418123957,0.910430856891537,0.06735362580116619,0.016710909183559563,0.0023209019549767992,0.0014552750269482026,2,1920,0.0007330888268323944,0.7809401912057586,0.009294763584274947,0.007721062152629466,0.19996776073914807,0.0013431334913567043,2,-0.0009953423149800013,-0.12949066568577838,-0.058058862216891244,-0.008989847030930097,0.19764685878417126,-0.0001121415355914983,0.2434846049032251,5,0.3700933813472307,0.6101715140274648,0.24007813268023415
tm236886,costinha_1992,1819,0.031678027558620786,0.04809472453626353,0.8895046798447703,0.004903594557104358,0.022603058355275815,0.0032159151479651785,3,1920,0.0014327465907448887,0.7153163866608209,0.06170174129189214,0.039423219716849006,0.16507912434471794,0.01704678139497499,2,-0.030245280967875897,0.6672216621245574,-0.8278029385528782,0.034519625159744646,0.14247606598944212,0.013830866247009813,1.0737077174011838,3,0.4896493217056861,0.9151453089129353,0.42549598720724924
tm237000,afonso figueiredo_1993,1819,0.0015908890111706409,0.210957137381443,0.11752916438951382,0.6397711778925708,0.008639945806153647,0.02151168551914807,4,1920,0.0001797390092317439,0.0728247198343003,0.13386162636353813,0.7665161819892765,0.02155904094770189,0.005058691855951381,4,-0.0014111500019388969,-0.1381324175471427,0.016332461974024312,0.12674500409670575,0.012919095141548244,-0.01645299366319669,0.18862795264390014,2,0.9995479939045049,0.7747987768726236,-0.22474921703188133
tm238055,rafa silva_1993,1819,0.28581393754306483,0.03075781696334241,0.06471274268887327,0.023227678962460134,0.1070888972525509,0.4883989265897085,6,1920,0.19952205809477416,0.037372637942477936,0.04938987505184704,0.014470373418910859,0.5850446774088901,0.11420037808309993,5,-0.08629187944829067,0.0066148209791355266,-0.015322867637026227,-0.008757305543549275,0.4779557801563392,-0.3741985485066086,0.48604861153300716,5,1.318851282373509,1.2157046701015168,-0.10314661227199218
tm240306,bruno fernandes_1994,1819,0.07176207101503322,0.006734277684750163,0.031566818456454177,0.004046938550231367,0.6434231275391045,0.24246676675442644,5,1920,0.12347518410627661,0.017959346850854315,0.01063311867178026,0.007443963854711038,0.3638547036793745,0.4766336828370032,6,0.05171311309124339,0.011225069166104152,-0.020933699784673916,0.0033970253044796703,-0.27956842385972996,0.23416691608257675,0.2853217682378604,5,0.9813747020846102,1.1363039688444194,0.15492926675980923
tm240578,luiz phellype_1993,1819,0.629456489770799,0.00907930858484705,0.037390531395806066,0.009877497868398304,0.032940277281074064,0.28125589509907545,1,1920,0.9847318690908969,0.0008435240964970172,0.0009627298960284837,0.00041971056763403836,0.007738933606291222,0.005303232742652632,1,0.3552753793200979,-0.008235784488350033,-0.03642780149977758,-0.009457787300764265,-0.025201343674782842,-0.2759526623564228,0.3582456775495361,1,0.9717479298261282,0.09648061056592468,-0.8752673192602035
tm243783,antonio xavier_1992,1819,0.028274547404591198,0.00910824657638225,0.2173753660854915,0.007029334211912315,0.6467420543623397,0.09147045135928294,5,1920,0.010873437244033345,0.11787821323028516,0.04391987238930356,0.01608871141289689,0.7814189061419139,0.02982085958156718,5,-0.017401110160557853,0.10876996665390291,-0.17345549369618793,0.009059377200984573,0.13467685177957422,-0.06164959177771576,0.2458463733607361,3,1.010837696477484,0.8023858922685637,-0.20845180420892018
tm255755,alex telles_1992,1819,0.006011295109957468,0.04950023233530143,0.16331491211942273,0.5006894462475386,0.09763904042119517,0.18284507376658457,4,1920,0.013523354900514546,0.06531660266003715,0.18399972331308503,0.2408340059885633,0.1675857830745385,0.3287405300632614,6,0.007512059790557078,0.01581637032473572,0.020684811193662306,-0.25985544025897533,0.06994674265334333,0.14589545629667686,0.27046598060876803,4,1.3596596506881014,1.5558249602107346,0.19616530952263322
tm257388,wilson manafa_1994,1819,0.009239489648613364,0.048965426318373646,0.07872449470188002,0.7569988830003967,0.02698369524213439,0.07908801108860167,4,1920,4.405057467114289e-06,0.0003097040187820983,0.9504390059096772,0.04893656411795194,0.0002091622745891589,0.00010115862153248086,3,-0.00923508459114625,-0.04865572229959155,0.8717145112077972,-0.7080623188824449,-0.02677453296754523,-0.07898685246706919,1.1244589713221929,3,0.8999777496549323,0.20122427927834327,-0.698753470376589
tm257455,joao palhinha_1995,1819,0.0037865609643084226,0.7217069194619236,0.015149614867525201,0.2312537778299684,0.01697484660473974,0.011128280271534483,2,1920,0.0012079492551107993,0.848908102829528,0.04352950157394431,0.039742986873752474,0.05305309031028705,0.01355836915737733,2,-0.002578611709197623,0.12720118336760444,0.028379886706419104,-0.19151079095621593,0.03607824370554731,0.0024300888858428474,0.23445731163580125,4,0.7778220129580912,0.6258895593483522,-0.15193245360973895
tm258004,ruben dias_1997,1819,1.9791483918363003e-05,0.00018266752915085637,0.00019731791301904095,0.9995474046478419,2.169038252397236e-05,3.112804354606447e-05,4,1920,2.145317636334303e-42,1.5411251627401604e-40,1.0,9.9523936886411e-39,4.0342273174945783e-41,1.8079390470389293e-41,3,-1.9791483918363003e-05,-0.00018266752915085637,0.999802682086981,-0.9995474046478419,-2.169038252397236e-05,-3.112804354606447e-05,1.4137540279257066,3,0.004478425446016588,1.3815510557964273e-10,-0.004478425307861482
tm261927,ricardo horta_1994,1819,0.0685992465895016,0.006175970050044204,0.6413071629404693,0.0066199519019397865,0.25940956098563533,0.017888107532409554,3,1920,0.8482502928565459,0.004806650112707514,0.007123046922734739,0.0022320430661887753,0.10596808125252528,0.031619885789297725,1,0.7796510462670443,-0.00136931993733669,-0.6341841160177346,-0.004387908835751011,-0.15344147973311006,0.01373177825688817,1.0166664464996475,1,0.9553514083608908,0.5611788503903753,-0.39417255797051554
tm265589,fahd moufi_1996,1819,0.0018793223885625826,0.048655223625121306,0.022375273024952843,0.9051421371098511,0.010304882564684602,0.011643161286827679,4,1920,7.430397316355291e-05,0.005737954316904856,0.04765911631634178,0.941930842786356,0.003535070989042944,0.0010627116181909197,4,-0.0018050184153990297,-0.04291726930821645,0.025283843291388938,0.03678870567650483,-0.006769811575641658,-0.01058044966863676,0.06231903434793908,2,0.4331054180846704,0.25895857893807567,-0.17414683914659473
tm265648,pablo santos_1992,1819,8.047012140663082e-05,0.001649771458388094,0.000747882750528535,0.9970559912014777,0.00011435155039373893,0.00035153291780533975,4,1920,1.835106637239374e-05,0.006588519520951305,0.034604384454072615,0.9581734420556965,0.0003480934421471211,0.00026720946075997653,4,-6.211905503423709e-05,0.004938748062563211,0.03385650170354408,-0.03888254914578115,0.00023374189175338217,-8.432345704536322e-05,0.051793484746158955,4,0.02348574748533302,0.1956015605688748,0.17211581308354176
tm269467,cesar_1992,1819,1.3115489110896625e-05,0.00019047071033614907,0.00021647245495462768,0.9994745393829748,1.3689097921309101e-05,9.171286470213256e-05,4,1920,3.8540397658021455e-05,0.001623149669028237,0.7582545137132064,0.23850893935827766,0.0006978697813203947,0.0008769870805092465,3,2.5424908547124828e-05,0.001432678958692088,0.7580380412582518,-0.7609656000246972,0.0006841806833990856,0.0007852742158071139,1.0741009439220444,4,0.00513688590805737,0.5737656014235551,0.5686287155154978
tm27178,ruben fernandes_1986,1819,0.0005770412602380584,0.01981980999006948,0.011208851628056389,0.9625645410487962,0.0005957495295845336,0.005234006543255366,4,1920,0.0002730996076253544,0.0033900184238728846,0.8812872107780814,0.10985360921364888,0.0015395079013324458,0.003656554075439089,3,-0.00030394165261270396,-0.016429791566196596,0.870078359150025,-0.8527109318351473,0.0009437583717479122,-0.0015774524678162775,1.2183690760371697,3,0.2009995205585584,0.4060009866740212,0.20500146611546277
tm275287,ruben oliveira_1994,1819,0.008372668777171709,0.608950958036293,0.22605276135010313,0.0846087401345036,0.03382231230397798,0.03819255939795047,2,1920,4.6962759156321535e-05,0.9725648981609134,0.005491124938576861,0.019459996851986405,0.0018311352637700176,0.0006058820255968951,2,-0.008325706018015386,0.36361394012462045,-0.22056163641152626,-0.0651487432825172,-0.031991177040207965,-0.03758667737235358,0.4315085682230297,2,1.1264390935662478,0.1487933287222703,-0.9776457648439776
tm276030,artur jorge_1994,1819,1.545408589001894e-05,0.0007285602791035672,0.0002970319519495131,0.9988456602956396,1.826965618067757e-05,9.502373123681249e-05,4,1920,2.2889974477108976e-06,0.00042396267541002674,0.02604233551507901,0.9734642563713378,2.7366492958653337e-05,3.978994776664776e-05,4,-1.3165088442308044e-05,-0.0003045976036935405,0.0257453035631295,-0.02538140392430177,9.096836777975766e-06,-5.523378347016473e-05,0.03615424396247858,3,0.010080081977013372,0.12519661241510022,0.11511653043808684
tm283130,moussa marega_1991,1819,0.9005756145410566,0.0015885341129855842,0.018555541148440536,0.0018331708419196619,0.02225269023668552,0.05519444911891207,1,1920,0.941763629146609,0.0018924204890766476,0.0023032134580614518,0.0009843003481811302,0.02433582816459569,0.02872060839347597,1,0.04118801460555244,0.0003038863760910634,-0.016252327690379084,-0.0008488704937385317,0.002083137927910171,-0.0264738407254361,0.04433670143542565,1,0.434650530499479,0.28156473760333006,-0.15308579289614893
tm290336,rochinha_1995,1819,0.16861657786429873,0.07169333094068238,0.5010702415093263,0.015040616770213434,0.206386668922677,0.03719256399280221,3,1920,0.008868884280386433,0.12152324198121602,0.03642274863243152,0.03430133403327522,0.7223039473365818,0.07657984373610914,5,-0.1597476935839123,0.049829911040533637,-0.46464749287689483,0.019260717263061784,0.5159172784139048,0.03938727974330693,0.7144517140240964,5,1.3465698852689871,0.9661100682673212,-0.380459817001666
tm290391,nuno santos_1995,1819,0.20318854995409785,0.013279048521435287,0.29778970330381477,0.013296059896573136,0.27759189975590537,0.19485473856817362,3,1920,0.005925263101757318,0.20536170738428927,0.09706743917359359,0.03472994100756753,0.5717494785714529,0.08516617076133935,5,-0.19726328685234054,0.19208265886285397,-0.20072226413022118,0.021433881110994396,0.2941575788155475,-0.10968856780683427,0.45065072054450317,5,1.4738152524867107,1.227981132120268,-0.2458341203664427
tm290530,bilel aouacheria_1994,1819,0.15505721422916863,0.052539241194671904,0.503378087242455,0.009821333689214009,0.23992068460962962,0.039283439034860874,3,1920,0.012439519391953929,0.08954211363156445,0.02403296134243451,0.016244959692142593,0.8272713454079536,0.03046910053395097,5,-0.1426176948372147,0.03700287243689254,-0.47934512590002054,0.0064236260029285844,0.5873506607983239,-0.008814338500909905,0.7723359572651151,5,1.3043757171344712,0.690409674896647,-0.6139660422378242
tm291399,nanu_1994,1819,0.000694043187355114,0.02227154201068391,0.022463379522010864,0.9441606083281773,0.004315815779535354,0.006094611172237563,4,1920,0.001061447178322684,0.17448034480417768,0.5317046895342395,0.0662158273737268,0.221367174132842,0.005170516976691358,3,0.0003674039909675699,0.15220880279349377,0.5092413100122287,-0.8779447809544505,0.21705135835330663,-0.0009240941955462054,1.048996042425645,4,0.2838834807977708,1.1885555225465625,0.9046720417487917
tm291402,pite_1994,1819,0.057750841017545504,0.10127356877726633,0.20386203038206188,0.030431638037491236,0.4887198220170181,0.1179620997686169,5,1920,0.0002227764562949734,0.9340141238350689,0.01603444254999181,0.016501595476641324,0.031596061192603817,0.001631000489399189,2,-0.05752806456125053,0.8327405550578025,-0.18782758783207007,-0.013930042560849912,-0.45712376082441425,-0.1163310992792177,0.9701554987716958,2,1.429110408870654,0.31925507132628095,-1.1098553375443732
tm291941,carraca_1993,1819,0.00261806030662552,0.20905591082486652,0.13736037174372848,0.6211942076540833,0.01796320734317853,0.011808242127517883,4,1920,0.002301666487277812,0.12765990511898537,0.1790268872359658,0.11302635774656587,0.5599455045154613,0.018039678895743733,5,-0.00031639381934770805,-0.08139600570588115,0.04166651549223732,-0.5081678499075174,0.5419822971722827,0.006231436768225849,0.748559204399331,5,1.0358262363403132,1.2282858787501325,0.19245964240981928
tm291981,djavan da silva ferreira_1987,1819,0.002188478318440108,0.1935589095920501,0.03859325951671507,0.7140119681954322,0.016153921265848425,0.0354934631115138,4,1920,1.1536611486061048e-05,0.001314341259962458,0.01412749928517735,0.98385942493947,0.00030474657895141556,0.0003824513249527487,4,-0.002176941706954047,-0.19224456833208764,-0.024465760231537723,0.26984745674403776,-0.01584917468689701,-0.03511101178656105,0.3326110834015824,4,0.8825243577286388,0.09051533338309428,-0.7920090243455445
tm292775,ricardo valente_1991,1819,0.4989526904428427,0.032181247409744256,0.33576565482732806,0.014266134565637864,0.06515835749967192,0.053675915254775115,1,1920,0.024669243652781395,0.18809130109473765,0.03128517449042899,0.03078074844449546,0.6221092718637565,0.10306426045379996,5,-0.4742834467900613,0.1559100536849934,-0.30448048033689906,0.016514613878857595,0.5569509143640846,0.049388345199024845,0.8077302452724331,5,1.2194788985786726,1.1506143528956965,-0.06886454568297617
tm299400,pedro sa_1993,1819,3.239510589238165e-05,0.9975754231153056,0.0005307580779694013,0.001392941411474987,0.00012145494324324183,0.0003470273461146868,2,1920,1.6362267375417864e-05,0.9941229742887647,0.0008487121939757201,0.004240100863540703,0.0005214669584562125,0.00025038342788715324,2,-1.603283851696379e-05,-0.0034524488265408326,0.00031795411600631877,0.0028471594520657157,0.00040001201521297063,-9.664391822753355e-05,0.004504118263265445,2,0.01977901858463455,0.04122434903855883,0.02144533045392428
tm308560,jhon murillo_1995,1819,0.23841256231598018,0.049350161521957925,0.5237304231229107,0.04323431306679794,0.044994552681025625,0.10027798729132753,3,1920,0.0010271497300110351,0.7798978747428065,0.09500755063794109,0.04483686092844947,0.07546292437097206,0.0037676395898198303,2,-0.23738541258596915,0.7305477132208485,-0.42872287248496965,0.0016025478616515307,0.030468371689946434,-0.0965103477015077,0.8802192832616603,2,1.335009681305758,0.7798123036108896,-0.5551973776948683
tm312123,lucas possignolo_1994,1819,2.3891550958777396e-05,0.000817258333817845,0.0005724411043202802,0.9984362558888642,2.5465120303099142e-05,0.0001246880017358467,4,1920,1.1541757334236966e-05,0.002075467481886699,0.1454541093815921,0.8521637669936115,0.00011442543742483052,0.00018068894815069826,4,-1.234979362454043e-05,0.0012582091480688542,0.1448816682772718,-0.14627248889525268,8.896031712173137e-05,5.600094641485155e-05,0.20588329210291195,4,0.013291016789235168,0.43229477819373724,0.4190037614045021
tm332220,iago santos_1992,1819,5.6894474123009056e-05,0.007637177955512802,0.0014111724240056301,0.9903295675438976,0.00011531266043790923,0.0004498749420229932,4,1920,1.9355371387593056e-05,0.002762828385782534,0.8811776207444937,0.11554118421532443,0.00028409910377240436,0.00021491217923949485,3,-3.7539102735416e-05,-0.004874349569730268,0.879766448320488,-0.8747883833285731,0.00016878644333449513,-0.00023496276278349836,1.2406722002119819,3,0.061183400867494575,0.38144044990752213,0.32025704904002755
tm332615,nelson monte_1995,1819,0.00047559672793740616,0.008244253645981043,0.005141636920918942,0.983085616415528,0.00030850170704735597,0.0027443945825871537,4,1920,4.4446775125358124e-06,0.0005395455768517172,0.033179939985037425,0.9660597594713942,0.00012303181268112347,9.32784765230846e-05,4,-0.00047115205042487035,-0.007704708069129326,0.028038303064118482,-0.017025856944133833,-0.0001854698943662325,-0.0026511161060640692,0.033699334610112236,3,0.10574641683075804,0.15245022586846746,0.04670380903770942
tm333166,ronan_1995,1819,0.7084315640857897,0.007331415395777117,0.025818739521129133,0.007379907363195597,0.04820422997630194,0.20283414365780647,1,1920,0.9837371854056972,0.001929089245404897,0.0007287416807126334,0.0005803953904659418,0.00820963518699001,0.004814953090729318,1,0.27530562131990755,-0.00540232615037222,-0.0250899978404165,-0.006799511972729655,-0.03999459478931193,-0.19801919056707715,0.2794596200262857,1,0.8806389201176903,0.10289665004554617,-0.7777422700721441
tm334557,chiquinho_1995,1819,0.04868764453688228,0.002117718214814969,0.25747810179719727,0.002082316832363127,0.6818471710307613,0.007787047587981215,5,1920,0.1991409739284024,0.11606307139630762,0.08215094127755483,0.036598323122995324,0.470110772848901,0.09593591742583893,5,0.15045332939152012,0.11394535318149265,-0.17532716051964242,0.0345160062906322,-0.2117363981818603,0.08814886983785772,0.335235764884672,5,0.8213197842189675,1.47740216645138,0.6560823822324124
tm335062,nikola jambor_1995,1819,0.0015458526141053368,0.4053073611984199,0.5585349883012938,0.017593435231625064,0.012862933447139676,0.004155429207416187,3,1920,0.0004559625093205475,0.7698971051508734,0.09871234440666048,0.10813728807554522,0.013602153773481365,0.00919514608411903,2,-0.0010898901047847894,0.36458974395245347,-0.4598226438946333,0.09054385284392016,0.0007392203263416885,0.005039716876702844,0.5937697102652839,3,0.851218717431515,0.7755155008231492,-0.07570321660836576
tm335380,pedro nuno_1995,1819,0.577135707699065,0.0029045903270296805,0.09415391959818344,0.002007542495526414,0.3099008638435009,0.013897376036694607,1,1920,0.05390505797712708,0.05049298503763996,0.016653214857743025,0.009762293909652992,0.794132305983233,0.07505414223460397,5,-0.5232306497219379,0.04758839471061028,-0.07750070474044041,0.0077547514141265775,0.4842314421397321,0.06115676619790936,0.7187360802694259,1,0.9916191652625947,0.7989965216363758,-0.19262264362621895
tm336158,gustavo sauer_1993,1819,0.013205216548319914,0.4969715815845636,0.18069114589439472,0.046998272765355356,0.16487005060157064,0.09726373260579575,2,1920,0.007687394206882125,0.6546846027846501,0.025990756230359784,0.04014271800220471,0.22750596673255705,0.04398856204334612,2,-0.005517822341437789,0.1577130212000865,-0.15470038966403493,-0.006855554763150647,0.0626359161309864,-0.05327517056244963,0.22979623713701966,2,1.3813458507063885,1.0129402637738272,-0.3684055869325613
tm336697,philipe sampaio_1994,1819,0.001869221576891963,0.0067203534953510415,0.004871171523370338,0.9813145877551612,0.0005341181036650707,0.0046905475455603545,4,1920,0.0026832057701497423,0.03186199304044186,0.649022334348019,0.2948335066829573,0.01580548729888186,0.005793472859550136,3,0.0008139841932577794,0.02514163954509082,0.6441511628246487,-0.686481081072204,0.015271369195216789,0.0011029253139897815,0.9418348977208201,4,0.11898433827290628,0.8617457758885209,0.7427614376156146
tm33710,jose semedo_1985,1819,0.0003778843090193342,0.9222879352624122,0.013407484562948014,0.06133780797945896,0.0008539455144361373,0.001734942371725377,2,1920,0.00020237927985129216,0.14206668900743583,0.3425436449484626,0.5078872593826773,0.0058026502925146856,0.0014973770890583985,4,-0.00017550502916804204,-0.7802212462549764,0.32913616038551463,0.44654945140321833,0.004948704778078549,-0.0002375652826669785,0.9573435842008338,2,0.3236796059364758,1.0296557240481126,0.7059761181116367
tm337800,gedson fernandes_1999,1819,0.013082918528183284,0.6505275097821046,0.08863998428178356,0.01654567251136424,0.1974764267478176,0.033727488148746716,2,1920,0.0039632529564155115,0.34035963846405326,0.10797638728313584,0.22274400749993783,0.27746924518072275,0.0474874686157348,2,-0.009119665571767773,-0.31016787131805135,0.01933640300135228,0.2061983349885736,0.07999281843290515,0.013759980466988085,0.3815465601103522,2,1.0537469955368859,1.4640194151951713,0.4102724196582854
tm34077,tarantini_1983,1819,0.0028141110148590734,0.47032310403052974,0.41882001721100415,0.09467560211745471,0.008557600158065023,0.004809565468087396,2,1920,0.0003345218538575299,0.8927149425664597,0.052591229966828835,0.02620170685845326,0.026474281544480914,0.0016833172099198592,2,-0.0024795891610015436,0.42239183853592993,-0.3662287872441753,-0.06847389525900145,0.01791668138641589,-0.0031262482581675367,0.5635194939257673,2,1.0254041016875437,0.4612011563211499,-0.5642029453663938
tm341110,franco cervi_1994,1819,0.05735551307193716,0.01926496590753585,0.07301850886229361,0.007700993687405768,0.7886794942450209,0.05398052422580685,5,1920,0.0009249389847559695,0.06945977709280225,0.02763195393383609,0.04092474578965821,0.8494763968769657,0.011582187321981696,5,-0.05643057408718119,0.050194811185266405,-0.045386554928457515,0.033223752102252445,0.060796902631944816,-0.04239833690382515,0.11208902356340421,5,0.8134100324480849,0.6118887078017881,-0.2015213246462968
tm345061,murilo costa_1994,1819,0.08046994495791047,0.044053522810728114,0.5147662677226879,0.044290447345737644,0.16366510220238223,0.1527547149605536,3,1920,0.0038524285245296473,0.11326941907274432,0.05865483015274108,0.044990210305691954,0.7469062469161416,0.03232686502815133,5,-0.07661751643338083,0.06921589626201621,-0.45611143756994676,0.0006997629599543101,0.5832411447137593,-0.12042784993240227,0.747575715333981,5,1.403440780750671,0.9028938418256813,-0.5005469389249897
tm345345,xadas_1997,1819,0.08391933064743312,0.019072604624999646,0.14602887973948028,0.010776591152856715,0.5208560142395342,0.21934657959569606,5,1920,0.0020720098764946335,0.009971199574968408,0.0014129465204719633,0.0013013619483277635,0.9830225972762557,0.0022198848034814056,5,-0.08184732077093848,-0.009101405050031238,-0.1446159332190083,-0.009475229204528951,0.46216658303672153,-0.21712669479221466,0.49130776309395674,5,1.2857521071737943,0.10706645608563543,-1.178685651088159
tm347905,joao paulo lazaro lucas_1996,1819,0.0002738709676476411,0.01404116771458772,0.012670548811736616,0.9670145038873809,0.0017884507867227675,0.004211457831924578,4,1920,0.00071967917137531,0.18976679808635327,0.3670705252816146,0.39076655147709904,0.029100586161396862,0.022575859822160912,4,0.00044580820372766886,0.17572563037176556,0.354399976469878,-0.5762479524102818,0.027312135374674095,0.018364401990236333,0.6994903106063199,4,0.18428008036792387,1.244164104017644,1.0598840236497202
tm349513,neris_1992,1819,3.0141260539334666e-05,0.0009269968529650872,0.00023117530975029152,0.998493835726843,4.313747015107461e-05,0.00027471337975124374,4,1920,3.143709753959259e-05,0.001802357241672198,0.6395688773390886,0.3574779736741637,0.0005276021241016274,0.0005917525234342616,3,1.2958370002579248e-06,0.0008753603887071108,0.6393377020293384,-0.6410158620526794,0.00048446465395055277,0.0003170391436830179,0.905348017948228,4,0.01291417355445141,0.6736877714605999,0.6607735979061484
tm349903,bruno lamas_1994,1819,0.0006440204042371977,0.0015444729272391894,0.9686106532654423,0.0004305347885692595,0.028476829338344094,0.00029348927616785233,3,1920,0.06318681211777383,0.23017459730753745,0.034869986341480676,0.04341619258866125,0.5153214661278774,0.11303094551666948,5,0.06254279171353663,0.22863012438029826,-0.9337406669239616,0.04298565780009199,0.4868446367895333,0.11273745624050163,1.0802409151593533,3,0.15268454932810283,1.3538871075326973,1.2012025582045944
tm352811,aylton boa morte_1993,1819,0.27771784676620404,0.041812416065016296,0.11865053288216616,0.016581644988358946,0.4904829124295399,0.054754646868714556,5,1920,0.0011300173172435481,0.023966722281973666,0.0022590450333200133,0.0010246852154668792,0.970848160211279,0.000771369940716919,5,-0.2765878294489605,-0.01784569378304263,-0.11639148784884615,-0.015556959772892067,0.48036524778173906,-0.053983276927997634,0.5668854072062011,5,1.3178814134357362,0.152158364831759,-1.1657230486039771
tm356099,cristian borja_1993,1819,0.0010465601813726447,0.0771233264246331,0.024097318930917308,0.852641864859471,0.01746341724215954,0.027627512361446272,4,1920,0.00010093394519088718,0.0028844280665027743,0.9045675871379826,0.087091615721719,0.004379111835800339,0.0009763232928044326,3,-0.0009456262361817576,-0.07423889835813033,0.8804702682070653,-0.765550249137752,-0.0130843054063592,-0.02665118906864184,1.1691785939016632,3,0.6003407578243984,0.35164752536821986,-0.24869323245617858
tm357156,diogo leite_1999,1819,0.005624262814776233,0.008682766297396713,0.017290581717541064,0.9554190558315178,0.001476015222434496,0.011507318116333725,4,1920,2.0787662239248437e-05,0.00515090631073647,0.012844490278935819,0.9814032923879057,0.0002073872056825019,0.0003731361545003473,4,-0.005603475152536985,-0.003531859986660243,-0.004446091438605245,0.02598423655638793,-0.001268628016751994,-0.011134181961833377,0.027210855633260134,4,0.24507851845224135,0.10642471165251279,-0.13865380679972855
tm357162,florentino luis_1999,1819,0.004192496006646255,0.24064707175677816,0.03955263798680498,0.5967893688275315,0.007361760468366665,0.11145666495387241,4,1920,0.0008588285789083355,0.37854539319246233,0.0958930625382318,0.46322044222364106,0.0117719082646365,0.049710365202119945,4,-0.0033336674277379195,0.13789832143568417,0.056340424551426814,-0.13356892660389047,0.0044101477962698345,-0.06174629975175246,0.20015346959179467,2,1.0822584816867804,1.1565842726983049,0.07432579101152448
tm358177,andre pereira_1995,1819,0.17989833312566236,0.029687131477742837,0.030824705463053364,0.013659368902446727,0.09415222916440714,0.6517782318666875,6,1920,0.02864294194100001,0.043595949486050424,0.004499069751523332,0.003914136842075417,0.9080096834294168,0.011338218549934175,5,-0.15125539118466236,0.013908818008307587,-0.026325635711530033,-0.00974523206037131,0.8138574542650097,-0.6404400133167533,0.828386149743622,5,1.0803598821394758,0.4227637287118007,-0.6575961534276751
tm364237,mamadou loum_1996,1819,0.005238348385622338,0.30237597476940453,0.06843710762187717,0.6054958669252298,0.009136784153646427,0.009315918144219577,4,1920,0.05086560669541077,0.3630689227546047,0.08939252989713088,0.1076289280542157,0.29796108384852327,0.09108292875011482,2,0.045627258309788435,0.06069294798520014,0.02095542227525371,-0.49786693887101413,0.28882429969487683,0.08176701060589525,0.5809436937206279,4,0.962959607858867,1.5541265978712815,0.5911669900124145
tm364857,falaye sacko_1995,1819,0.0005973399561339525,0.04282865189987356,0.017824971538892537,0.9296621467206861,0.0027110740522116833,0.006375815832202063,4,1920,0.00029936147430209916,0.0136869856381288,0.6721432956025423,0.29110697646572864,0.011238903616587094,0.011524477202711053,3,-0.00029797848183185335,-0.02914166626174476,0.6543183240636498,-0.6385551702549574,0.00852782956437541,0.0051486613705089895,0.914771678642035,3,0.3272105906149159,0.7893218336894405,0.4621112430745246
tm366278,rodrigo pinho_1991,1819,0.9945197637159664,0.00022303230520574315,0.0024254675782198645,0.00020311037877916754,0.0019032160939502951,0.0007254099278785834,1,1920,0.976318778313438,0.002155213014244251,0.000702528969310987,0.0004975538984265512,0.007032264939782085,0.013293660864798289,1,-0.018200985402528347,0.001932180709038508,-0.0017229386089088776,0.0002944435196473837,0.005129048845831791,0.012568250936919706,0.01908851875905226,1,0.04083876998226417,0.13781204447631595,0.09697327449405178
tm371245,guilherme schettine_1995,1819,0.9676923611537709,0.0015005472858385628,0.007196314960650574,0.0014515272599831923,0.004019650297659392,0.018139599042097176,1,1920,0.9974457032076288,0.00022908918162894412,7.934465618379388e-05,6.067495721949484e-05,0.0014070961754439032,0.000778091821895091,1,0.029753342053857934,-0.0012714581042096186,-0.00711697030446678,-0.0013908523027636975,-0.002612554122215489,-0.017361507220202084,0.03076181308975304,1,0.18143860177195606,0.020618834050374617,-0.16081976772158144
tm372459,andre martins sousa_1998,1819,0.0004203047236262067,0.04529337151801734,0.014539259238569753,0.9265988259675517,0.0040120485595701,0.00913618999266511,4,1920,3.469893564030348e-06,0.0006243754574985911,0.02352517987640285,0.9755965316105196,9.137779717998891e-05,0.00015906536483500003,4,-0.0004168348300621763,-0.04466899606051875,0.008985920637833097,0.048997705642967904,-0.003920670762390111,-0.008977124627830109,0.06702526797814103,4,0.34062474265633974,0.11920705482489675,-0.221417687831443
tm375025,lucas marques_1995,1819,0.00015316885180319685,0.9499181882300124,0.004957840932284806,0.043060024077362764,0.00048583509955726526,0.0014249428089796094,2,1920,0.00012790882329312452,0.9447486886914861,0.010196472484606969,0.04062300821621118,0.0023821875651366415,0.0019217342192660101,2,-2.5260028510072326e-05,-0.005169499538526301,0.005238631552322163,-0.0024370158611515813,0.0018963524655793763,0.0004967914102864007,0.007981404830608623,3,0.2249378291023035,0.25814065102808853,0.033202821925785025
tm375039,emmanuel hackman_1995,1819,0.0008670913701470873,0.3605144964244616,0.02275474978972647,0.6060712099941971,0.006209223625121305,0.003583228796346615,4,1920,0.0003157376158417754,0.02455139348981489,0.5668881626396041,0.3867286698341936,0.01821891471973817,0.003297121700807469,3,-0.0005513537543053119,-0.3359631029346467,0.5441334128498776,-0.21934254016000349,0.012009691094616866,-0.0002861070955391459,0.676171623264482,3,0.8152266609740149,0.8745374069851894,0.05931074601117459
tm375770,gabriel airton de souza_1996,1819,0.1960216655002792,0.08107613599060982,0.45729808930589066,0.04045909588587332,0.1836872980105803,0.04145771530676664,3,1920,0.012187384297955354,0.2353076134892533,0.13580990046494515,0.028695208613812986,0.5739166659568494,0.014083227177183804,5,-0.18383428120232384,0.15423147749864347,-0.32148818884094554,-0.011763887272060333,0.3902293679462691,-0.027374488129582833,0.5597806675942958,5,1.45391151349539,1.1459263243466407,-0.3079851891487493
tm375820,henrique_1995,1819,0.004059421697060049,0.11277493298289551,0.22530629790446685,0.613833286389287,0.03596334416591364,0.008062716860376969,4,1920,0.0012432180638359224,0.21543985342323488,0.2835492589515419,0.43544454545671535,0.03676849272576472,0.02755463137890732,4,-0.0028162036332241265,0.10266492044033937,0.058242961047075076,-0.17838874093257168,0.0008051485598510807,0.01949191451853035,0.21392393638666923,4,1.0622663334243503,1.278848627549757,0.21658229412540675
tm376175,thiago santana_1993,1819,0.8878612309886506,0.004018447544130862,0.014534167389361629,0.0021196380273665965,0.04916751874163631,0.04229899730885393,1,1920,0.8653024770448776,0.015443556910354397,0.004371062870363277,0.004068609564885512,0.07641148168212794,0.034402811927391155,1,-0.022558753943772936,0.011425109366223533,-0.01016310451899835,0.001948971537518915,0.027243962940491633,-0.007896185381462778,0.03858433884034926,5,0.4842281987882901,0.5481650949400052,0.0639368961517151
tm379249,matheus reis_1995,1819,0.0031329460212073746,0.2793339408948,0.05573358142452495,0.5852273873624035,0.047702349626229615,0.02886979467083449,4,1920,0.0005747400635387662,0.04041686609945025,0.43343178976456476,0.5035995790966468,0.01533164389297261,0.006645381082826747,4,-0.0025582059576686085,-0.23891707479534977,0.3776982083400398,-0.08162780826575677,-0.032370705733257,-0.02222441358800774,0.4554720752161487,3,1.0962522633615976,0.9391523839951911,-0.15709987936640657
tm37947,mateus galiano da costa_1984,1819,0.11876378612349797,0.08347220288643985,0.4207578140605926,0.015587970905893374,0.3482983445926976,0.013119881430878586,3,1920,0.0010082554437717002,0.10814921249855163,0.006051462340082188,0.0036404836582030176,0.878610247905822,0.002540338153569694,5,-0.11775553067972627,0.024677009612111778,-0.4147063517205104,-0.011947487247690356,0.5303119033131244,-0.010579543277308891,0.6839810927310186,5,1.3136421616188405,0.42774192853092297,-0.8859002330879175
tm380409,joao jaquite_1996,1819,0.000358132788178188,0.9831903838977816,0.003088687404440399,0.007672183591618317,0.001239214867136087,0.004451397450845353,2,1920,7.065024726426036e-05,0.9790028662304257,0.005196102312954983,0.011833741900629182,0.0025204921720279627,0.001376147136697933,2,-0.00028748254091392767,-0.004187517667355922,0.0021074149085145845,0.004161558309010866,0.0012812773048918756,-0.0030752503141474206,0.006404637937753094,2,0.10712320166751893,0.1254326084838469,0.018309406816327978
tm383807,kikas_1998,1819,0.7025127208473619,0.007041565833929333,0.03876530084988729,0.00753924548185842,0.028573975163974863,0.2155671918229882,1,1920,0.4957722157844781,0.02160569370281588,0.013590107950209306,0.009193607552470865,0.44012794455175036,0.01971043045827553,1,-0.20674050506288383,0.014564127868886547,-0.025175192899677984,0.001654362070612445,0.4115539693877755,-0.19585676136471267,0.4614834203137403,5,0.8781661206428353,0.9708370865116471,0.09267096586881185
tm387378,luther singh_1997,1819,0.12261840470453525,0.04122743414395877,0.12205349864405246,0.003854760470553674,0.696652386282463,0.013593515754436925,5,1920,0.0156276308984201,0.013285939460801758,0.003653144536766701,0.0019188671842707654,0.9539211644445408,0.011593253475199804,5,-0.10699077380611516,-0.02794149468315701,-0.11840035410728576,-0.0019358932862829088,0.2572687781620778,-0.0020002622792371205,0.3040351436221069,5,0.9771827583750681,0.2515820754730541,-0.725600682902014
tm388588,jadson_1991,1819,0.0013809326070476223,0.005724771971757253,0.010740927190590197,0.9724649749069159,0.0012910410714614305,0.008397352252227371,4,1920,0.0007593086389248894,0.009279683341331927,0.7752002003885912,0.19073835333908865,0.00800995793820938,0.016012496353854037,3,-0.0006216239681227329,0.003554911369574674,0.764459273198001,-0.7817266215678272,0.00671891686674795,0.007615144101626666,1.0934133065320408,4,0.16322503704444008,0.6671665504696039,0.5039415134251639
tm396342,toni borevkovic_1997,1819,1.152191860534899e-05,0.00025606672793314475,0.00021913781364753653,0.9994392784209737,1.4121744278251129e-05,5.987337456211551e-05,4,1920,1.6142565822473673e-06,0.0004727222816746003,0.044185857232731426,0.9552755359595403,2.374724078842885e-05,4.052302868293348e-05,4,-9.907662023101624e-06,0.00021665555374145553,0.04396671941908389,-0.0441637424614334,9.625496510177721e-06,-1.935034587918203e-05,0.06231818109602671,4,0.005395561244399542,0.18584411019751965,0.1804485489531201
tm397090,davidson da luz pereira_1991,1819,0.22804531697655445,0.006216827705796423,0.036826261346330644,0.0022059051979361126,0.7149350009104223,0.011770687862960245,5,1920,0.06002971302267466,0.023853469149513532,0.008482938127764803,0.0053308945055416225,0.8341972666086197,0.06810571858588535,5,-0.1680156039538798,0.01763664144371711,-0.028343323218565843,0.00312498930760551,0.11926226569819742,0.0563350307229251,0.20875078884189494,1,0.7959531185017562,0.6605421317004911,-0.13541098680126507
tm401539,messias_1994,1819,3.376438003168015e-05,0.0006540008033333557,0.0003435946281216087,0.9987244909761348,2.2048602409913555e-05,0.00022210060996846019,4,1920,8.662035467132538e-06,0.0010962653382498417,0.181961150635226,0.8165270733258776,0.00013692909321244776,0.0002699195719668736,4,-2.5102344564547607e-05,0.00044226453491648594,0.18161755600710439,-0.1821974176502572,0.0001148804908025342,4.781896199841339e-05,0.257256768762242,4,0.011263066445422345,0.4865701318935253,0.47530706544810297
tm407907,gelson_1996,1819,0.9760112233302093,0.000322459651853599,0.003917989341335852,0.0003136133282463047,0.013866080283771492,0.005568634064583416,1,1920,0.6199682161308919,0.005872112333652474,0.003844504548646796,0.0029159219774856854,0.03499189155967746,0.3324073534496458,1,-0.35604300719931736,0.005549652681798876,-7.348479268905628e-05,0.002602308649239381,0.02112581127590597,0.32683871938506237,0.3567218789656833,1,0.13876332777671735,0.848395287198304,0.7096319594215867
tm411295,raphinha_1996,1819,0.6517962120236283,0.014394925654986564,0.0736148825391811,0.004684252968583636,0.23225175927013614,0.02325796754348431,1,1920,0.5295408320537114,0.02108927898009254,0.011648279600828561,0.00844358148831647,0.2448143716654231,0.184463656211628,1,-0.12225537996991687,0.006694353325105977,-0.06196660293835253,0.0037593285197328333,0.01256261239528697,0.1612056886681437,0.1378513835943007,1,0.98375760704271,1.1665296513641863,0.1827720443214763
tm411838,bruno viana_1995,1819,7.965318952434257e-05,0.002079025834993936,0.0012387630183967886,0.9960733561909505,7.877236641949143e-05,0.00045042939971526893,4,1920,5.140802490349141e-05,0.008647917376707996,0.11468581061160464,0.8749741613111882,0.0004899836746666523,0.0011507190009289838,4,-2.8245164620851156e-05,0.00656889154171406,0.11344704759320785,-0.12109919487976228,0.0004112113082471609,0.0007002896012137149,0.16606796149997857,4,0.030017291366920704,0.41833189097093615,0.38831459960401543
tm430579,idrissa doumbia_1998,1819,0.004573570551009682,0.4710344404439895,0.04730397413147292,0.43487874309122393,0.007248617075822389,0.034960654706481666,2,1920,5.7521971968842346e-05,0.9289292563140479,0.027835039362754402,0.038846438449634244,0.0033971895189785846,0.0009345543826159964,2,-0.0045160485790408395,0.45789481587005837,-0.01946893476871852,-0.39603230464158967,-0.0038514275568438043,-0.03402610032386567,0.6057421203205421,2,1.0386515717178462,0.32074476560334075,-0.7179068061145054
tm430761,lucas fernandes_1997,1819,0.017052720884164995,0.17259521407526335,0.5595578468938373,0.01843529372360677,0.22020711055023315,0.012151813872894558,3,1920,0.00021826870479366172,0.020537136859282264,0.001983158610727414,0.0011385246771037393,0.9756871134717953,0.0004357976762976894,5,-0.016834452179371334,-0.15205807721598108,-0.5575746882831099,-0.01729676904650303,0.7554800029215621,-0.011716016196596868,0.951495561563279,5,1.1579580165327061,0.12908294369944606,-1.02887507283326
tm435497,fabio china_1992,1819,0.0004674171171440306,0.03256267754072892,0.011662598398565609,0.9493899202734923,0.002043167426721157,0.003874219243348054,4,1920,6.580914610174373e-05,0.07146732845599361,0.025000392614058328,0.8975650547997536,0.003680775175226516,0.0022206398088662647,4,-0.0004016079710422869,0.038904650915264696,0.01333779421549272,-0.05182486547373877,0.001637607748505359,-0.0016535794344817892,0.06618253808101444,4,0.25048878866780266,0.4126212870020002,0.16213249833419752
tm437566,claudio falcao_1994,1819,0.0002944055695657166,0.969129392162712,0.008808254163397814,0.017565656148993664,0.0010504686682561402,0.0031518232870747192,2,1920,0.00012964324397888875,0.2876870452697354,0.06335837210973806,0.6428299334284318,0.0023031454710693397,0.0036918604770465355,4,-0.00016476232558682786,-0.6814423468929767,0.05455011794634025,0.6252642772794381,0.0012526768028131995,0.0005400371899718162,0.9264428748144927,2,0.1708195382508631,0.853106042849204,0.6822865045983408
tm438202,bruno tabata_1997,1819,6.228581383912808e-41,1.8594986475783678e-41,5.6419036800402326e-40,5.127617428767375e-42,1.0,1.6999338949231535e-41,5,1920,0.004849307204453121,0.05113380161420423,0.028823595093345786,0.019728548292908973,0.7922116076906753,0.1032531401044126,5,0.004849307204453121,0.05113380161420423,0.028823595093345786,0.019728548292908973,-0.20778839230932467,0.1032531401044126,0.21687372519101653,5,1.3815510557964273e-10,0.776521878829392,0.7765218786912369
tm442424,murilo oliveira de freitas_1996,1819,0.033853748055083316,0.37792818295336195,0.08976193825455303,0.02756286642267699,0.29152227192539326,0.1793709923889316,2,1920,0.00108428208005087,0.5010765479811797,0.004793683898032385,0.004715980107515342,0.48536729433707737,0.002962211596144383,2,-0.03276946597503245,0.12314836502781779,-0.08496825435652064,-0.022846886315161647,0.1938450224116841,-0.1764087807927872,0.24810649908011698,5,1.4652826854704686,0.7726002226465047,-0.6926824628239638
tm445517,heriberto tavares_1997,1819,0.39710916593634177,0.00757982464524604,0.3110057354465387,0.00302982396958498,0.26722888936132466,0.014046560640963891,1,1920,0.051766779514936995,0.011863946340368324,0.0020496337774172663,0.0017358163888909954,0.9269058430682885,0.005677980910097831,5,-0.3453423864214048,0.004284121695122284,-0.3089561016691214,-0.0012940075806939847,0.6596769537069638,-0.00836857973086606,0.8061693048139631,5,1.1971249102393857,0.329327202264048,-0.8677977079753377
tm446043,getterson_1991,1819,0.1420915416042892,0.13437990544810166,0.6078639108409913,0.04261082948333168,0.028427033285380272,0.04462677933790601,3,1920,0.13685244445147485,0.06313459973630954,0.053735082151804864,0.025241426782577094,0.6799531542792522,0.04108329259858151,5,-0.005239097152814343,-0.07124530571179212,-0.5541288286891864,-0.01736940270075459,0.6515261209938719,-0.003543486739324496,0.8584579681014647,5,1.2240101769023852,1.0899858454696565,-0.13402433143272874
tm448466,jovane cabral_1998,1819,0.3217914061093734,0.021009483369441737,0.04895028900204874,0.008571247819108514,0.24346770569949766,0.3562098680005299,6,1920,0.4970239915286187,0.018888198671248378,0.005292996035770938,0.0031470095194971685,0.39585623056346425,0.07979157368140043,1,0.1752325854192453,-0.0021212846981933584,-0.0436572929662778,-0.005424238299611346,0.1523885248639666,-0.27641829431912945,0.23636540132171213,1,1.34614933679185,1.0369043637426776,-0.3092449730491724
tm45335,alberto bueno_1988,1819,0.03830548142215801,0.037296711424143654,0.5630994721102967,0.025162994605046105,0.2679727522012088,0.06816258823714677,3,1920,0.007938550573619066,0.03754878657165858,0.02184759763480067,0.00709334010487354,0.9046064943126894,0.02096523080235872,5,-0.030366930848538948,0.00025207514751492827,-0.5412518744754959,-0.018069654500172564,0.6366337421114805,-0.04719735743478805,0.8363640592845323,5,1.1996295755275848,0.4519902588158109,-0.7476393167117739
tm454121,galeno_1997,1819,0.042302372736251447,0.0024277717548063793,0.05741599063869376,0.0014958789948192703,0.8579105233823766,0.03844746249305258,5,1920,0.21479205447561991,0.02818281159545794,0.011528286518145754,0.007506957091955774,0.6118766088578644,0.12611328146095607,5,0.17248968173936846,0.02575503984065156,-0.045887704120548004,0.006011078097136503,-0.24603391452451218,0.08766581896790349,0.305107380981421,5,0.578967936439821,1.0808235764998089,0.5018556400599878
tm45717,nene_1983,1819,0.8431032836754938,0.012648266212446168,0.06328180271252387,0.005791019859886137,0.02752258020047532,0.04765304733917475,1,1920,0.979038439971159,0.0015904725880527982,0.0005634100650532626,0.0004768479485793566,0.01278052490974027,0.005550304517415059,1,0.13593515629566522,-0.01105779362439337,-0.0627183926474706,-0.00531417191130678,-0.014742055290735051,-0.04210274282175969,0.1509298078927649,1,0.6475931420987633,0.12339980961416362,-0.5241933324845997
tm46110,ljubomir fejsa_1988,1819,0.00018749461591651936,0.9662427557396123,0.003893719340292045,0.026168446811973164,0.0005464940142712294,0.002961089477934719,2,1920,0.0020400311875773763,0.6174736540597556,0.13685057367650097,0.12084163728298386,0.01839441089387303,0.10439969289930921,2,0.0018525365716608568,-0.34876910167985664,0.13295685433620894,0.0946731904710107,0.017847916879601803,0.10143860342137449,0.3854898240216009,2,0.17307607041541545,1.1472749990805595,0.974198928665144
tm46717,nuno miguel prata coelho_1987,1819,0.0004315808307570195,0.011697651122263116,0.012590049115119803,0.9739052399807143,0.0003367423698171299,0.0010387365813283712,4,1920,4.5416123586450964e-07,7.91540405355681e-05,0.0023911726652332574,0.9975160627639232,6.392505180214691e-06,6.763863891881221e-06,4,-0.000431126669521155,-0.011618497081727549,-0.010198876449886546,0.023610822783208918,-0.0003303498646369152,-0.0010319727174364901,0.02822715906740346,4,0.14603872653036323,0.017825045542677897,-0.12821368098768535
tm48206,nuno pinto_1986,1819,0.005401171960269985,0.11244832175024161,0.14522116200762836,0.5075712793725778,0.147883351888339,0.08147471302094299,4,1920,0.00015795377310356623,0.017609600871722086,0.18685489285016738,0.7800249445463068,0.01101331081621024,0.0043392971424899085,4,-0.005243218187166419,-0.09483872087851952,0.04163373084253902,0.27245366517372893,-0.13687004107212877,-0.07713541587845307,0.3220553518704286,4,1.385275307455481,0.6529901871371598,-0.7322851203183213
tm48703,mano_1987,1819,0.00036704737567145793,0.03296102820910006,0.010207060877764065,0.9530651037377786,0.0010396171981412175,0.00236014260154455,4,1920,1.4057002633108498e-05,0.002141780714578909,0.025443333831203552,0.9715278947323189,0.0002721381292354373,0.0006007955900301084,4,-0.0003529903730383494,-0.03081924749452115,0.015236272953439487,0.01846279099454029,-0.0007674790689057801,-0.0017593470115144414,0.03903278503095833,2,0.22941001173693296,0.1414839997716986,-0.08792601196523436
tm499721,wendel_1997,1819,0.025386790254598803,0.28559403309901266,0.46501854938094955,0.020287866778575858,0.19478068585289326,0.00893207463396987,3,1920,0.0008775596647929761,0.7187306217840135,0.06296031741363037,0.01590338423811495,0.19887110446231432,0.0026570124371338992,2,-0.024509230589805826,0.4331365886850008,-0.40205823196731916,-0.004384482540460907,0.004090418609421054,-0.006275062196835971,0.5915190478302609,2,1.2470725472244284,0.8204652519971433,-0.42660729522728513
tm51058,lica_1988,1819,0.8157186801280949,0.005605912822552972,0.06769632644930838,0.0060495334263211235,0.019508510040577208,0.08542103713314526,1,1920,0.18164301622036916,0.040834256986640435,0.08447743213832339,0.01909075216530753,0.516438126693548,0.15751641579581133,5,-0.6340756639077257,0.03522834416408746,0.016781105689015002,0.013041218738986407,0.49692961665297086,0.07209537866266606,0.8066496802167463,1,0.6953508751940545,1.3571545870546768,0.6618037118606224
tm512913,stephen eustaquio_1996,1819,0.0004258751815804924,0.8789462782057372,0.04601395651229078,0.07168756887703606,0.0010274527681435552,0.0018988684552120067,2,1920,1.3910971057418317e-05,0.9939499475355043,0.00110845184297725,0.004409041192001338,0.0003765008245107641,0.0001421476339489246,2,-0.0004119642105230741,0.11500366932976702,-0.044905504669313534,-0.06727852768503473,-0.000650951943632791,-0.001756720821263082,0.14060349230842664,2,0.4662823403031121,0.041872922771202574,-0.4244094175319095
tm517300,vitor tormena_1996,1819,0.0003528919176724043,0.026374433990612914,0.009877554597333377,0.959558657964738,0.001110895077793851,0.002725566451849333,4,1920,1.0061940252923437e-05,0.0016604418702700944,0.6692881354493353,0.3285620876576245,0.00017164575655634437,0.00030762732596099993,3,-0.00034282997741948086,-0.02471399212034282,0.6594105808520019,-0.6309965703071135,-0.0009392493212375066,-0.002417939125888333,0.9130119205175361,3,0.2075593267203321,0.6491652226050303,0.44160589588469823
tm520469,junio_1997,1819,0.0004984849764635218,0.024795118037639965,0.008996633279464763,0.9630916686229187,0.0011543352009621183,0.0014637598825507135,4,1920,0.00010804963317899506,0.010026695429212073,0.027659932378334924,0.9593535640313431,0.0017450847526013016,0.0011066737753296682,4,-0.00039043534328452674,-0.014768422608427893,0.018663299098870163,-0.0037381045915756417,0.0005907495516391833,-0.00035708610722104536,0.024101864872300205,3,0.19142343443359977,0.2047965573872135,0.01337312295361373
tm525287,carlos vinicius_1995,1819,0.9236392427570888,0.002377247912190465,0.011328154633334205,0.0033845998812529073,0.0046644651185761025,0.054606289697557486,1,1920,0.459549216143811,0.0027278083931388986,0.005927415013610106,0.002281843733691858,0.010257780648016296,0.5192559360677319,6,-0.46409002661327775,0.0003505604809484336,-0.005400739619724098,-0.0011027561475610492,0.005593315529440194,0.4646496463701744,0.46415659527010555,1,0.34155115150956084,0.8049626311123873,0.46341147960282647
tm5404,jeremy mathieu_1983,1819,0.0003643297783240013,0.002531558333823499,0.008190121650335863,0.9873396937050629,0.00037647616780509343,0.0011978203646486646,4,1920,2.8507920353348274e-05,0.003502911425233181,0.9264514591863043,0.06894714730909952,0.0005506856686041151,0.0005192884904054496,3,-0.00033582185797065306,0.0009713530914096822,0.9182613375359685,-0.9183925463959633,0.00017420950079902165,-0.000678531874243215,1.2987108376929433,4,0.08097891068669608,0.2833325854539154,0.2023536747672193
tm544792,miguel tavares_1998,1819,0.005258200046067115,0.7587459371010146,0.11117704329395371,0.01384013972239544,0.09581555819944149,0.015163121637127703,2,1920,0.0013832998284437081,0.4694075999221099,0.016049721234845528,0.046690401384713705,0.45416017151062116,0.0123088061192662,2,-0.003874900217623407,-0.28933833717890467,-0.09512732205910818,0.03285026166231826,0.35834461331117967,-0.0028543155178615033,0.4714561455699873,5,0.8287647836654263,0.986098289248551,0.15733350558312476
tm55994,ukra_1988,1819,0.006759319786189105,0.15006049665763013,0.46590413906247424,0.029088918138533967,0.2817079895962924,0.06647913675888033,3,1920,0.004712426096614547,0.281492601626468,0.24741056507788384,0.07067088435456302,0.358079386375399,0.037634136469071613,5,-0.002046893689574558,0.13143210496883787,-0.2184935739845904,0.041581966216029054,0.07637139677910659,-0.028845000289808714,0.2694061618138279,3,1.3142501589821833,1.4060807560634005,0.09183059708121721
tm56183,bruno moreira_1987,1819,0.8648432884689002,0.002655609856631131,0.02230836738984822,0.0033679639310512546,0.022787107339820367,0.08403766301374896,1,1920,0.7386657669262081,0.012162658788433716,0.019626857437165288,0.006714689857923942,0.10275414589045925,0.12007588109980966,1,-0.12617752154269213,0.009507048931802585,-0.002681509952682931,0.0033467259268726876,0.07996703855063889,0.0360382180860607,0.14974735138446868,1,0.5396306090976615,0.8764509629395036,0.33682035384184217
tm58175,zequinha_1987,1819,0.038398631952007406,0.00929650243066262,0.4109015436815591,0.004820219124723398,0.5089290726450776,0.02765403016597005,5,1920,0.0003331913858374351,0.002833425221155741,0.0016649294000593813,0.00044155678125652265,0.9941784141448716,0.0005484830668189922,5,-0.03806544056616997,-0.006463077209506879,-0.40923661428149977,-0.004378662343466875,0.48524934149979404,-0.027105547099151056,0.635964976795892,5,1.0028081342559971,0.043275530441684695,-0.9595326038143124
tm58965,ruben lima_1989,1819,0.001365928426268446,0.12065595462141825,0.05251506289941412,0.8012913925776225,0.006815227235026449,0.017356434240250355,4,1920,5.73276041396018e-05,0.030569120421772632,0.044076650047091014,0.9174598921431869,0.005068952169035066,0.002768057614774577,4,-0.0013086008221288442,-0.09008683419964561,-0.008438412852323107,0.11616849956556441,-0.0017462750659913828,-0.014588376625475777,0.1472641392587245,4,0.7007863791025599,0.3669035519786372,-0.3338828271239227
tm595012,ibrahima camara_1999,1819,0.007711715805555152,0.6731103595369847,0.2222450789812022,0.058613950407815626,0.009454525973347413,0.028864369295094904,2,1920,0.0033097436330385807,0.575541392022528,0.046460436932958024,0.2475882818045439,0.05906618825273141,0.06803395735420005,2,-0.004401972172516571,-0.09756896751445676,-0.17578464204824418,0.18897433139672826,0.049611662279383996,0.03916958805910514,0.28037820193773655,4,0.9508900761212941,1.1750426657703241,0.22415258964903007
tm60410,marcos acuna_1991,1819,0.002088216525989163,0.6693263708236961,0.05588829946747533,0.06359207729060398,0.1604966851586817,0.04860835073355383,2,1920,0.001591946252235195,0.2786200121539033,0.33535814294109695,0.16454423699101328,0.18825479745169965,0.031630864210051644,3,-0.0004962702737539681,-0.39070635866979275,0.27946984347362164,0.1009521597004093,0.027758112293017945,-0.016977486523502186,0.49164718014711795,2,1.058643637120512,1.4532558899764516,0.3946122528559397
tm606050,pedro pelagio_2000,1819,0.0013090282328916463,0.9645596850339722,0.018838976655059406,0.010060689258106699,0.0032307555325259956,0.0020008652874438327,2,1920,1.0062811619835825e-05,0.9976965874349394,0.0005056694725310734,0.0009743952785501993,0.0006779881913222266,0.00013529681103730538,2,-0.0012989654212718104,0.03313690240096723,-0.018333307182528333,-0.009086293979556499,-0.002552767341203769,-0.0018655684764065272,0.03905034088874352,2,0.19555241215026184,0.019162637416010004,-0.17638977473425183
tm60799,wilson eduardo_1990,1819,0.4606060789824604,0.007534451322709378,0.1746553182294339,0.014006391331483323,0.2216920449329694,0.12150571520094366,1,1920,0.3994086985279894,0.026744671644731016,0.034670537878657925,0.014292952117849105,0.22385699442349713,0.3010261454072754,1,-0.06119738045447104,0.01921022032202164,-0.13998478035077597,0.00028656078636578146,0.002164949490527729,0.17952043020633174,0.15399564861562062,3,1.348524244651161,1.337149878458448,-0.011374366192713037
tm61743,andre santos_1989,1819,0.00010525729414774128,0.9919242527385823,0.0046100979018380605,0.00248366760475629,0.0006833444794145738,0.00019337998126089468,2,1920,0.0009084047146992374,0.5531272182339991,0.05183065738157303,0.0216008307064812,0.36822985329331676,0.004303035669930675,2,0.0008031474205514961,-0.4387970345045832,0.04722055947973497,0.019117163101724913,0.36754650881390216,0.00410965568866978,0.5746556932979264,2,0.05533837612122084,0.9614769092371569,0.9061385331159361
tm63837,andre andre_1989,1819,0.053245058955740054,0.33503389036118714,0.23505930269135766,0.05426117442394132,0.2911395678782365,0.03126100568953737,2,1920,0.005073513505225951,0.24053635258480222,0.026680330078621597,0.013487742270692256,0.6971343279863064,0.01708773357435158,5,-0.0481715454505141,-0.09449753777638492,-0.20837897261273608,-0.040773432153249065,0.40599476010806984,-0.014173272115185792,0.4702832090015488,5,1.4885716451742608,0.8453531307232935,-0.6432185144509672
tm64339,pizzi_1989,1819,0.12154111806339052,0.010428823653179254,0.10327935246976591,0.007823530682037174,0.4414140296862871,0.3155131454453401,5,1920,0.2992355596911071,0.010668232959842615,0.011621300912822596,0.005334932613242274,0.143840997869325,0.5292989759536604,6,0.17769444162771658,0.00023940930666336083,-0.09165805155694332,-0.0024885980687948993,-0.29757303181696215,0.21378583050832028,0.3585142573211059,5,1.3011005483357967,1.1048214660102564,-0.19627908232554026
tm67815,rafik halliche_1986,1819,8.516124208972774e-06,0.0007066078545461905,0.0001694042478136357,0.9990540930411976,1.4764916350912911e-05,4.661381588244477e-05,4,1920,3.481341528791966e-05,0.0021258127729610523,0.1669824422167835,0.8301581440283002,0.00020989912501745309,0.0004888884416498991,4,2.6297291078946884e-05,0.0014192049184148618,0.16681303796896985,-0.1688959490128974,0.00019513420866654018,0.00044227462576745433,0.23739099422874402,4,0.008271454304149849,0.4723445281454199,0.46407307384127006
tm68275,claudemir de souza_1988,1819,0.007492928130051813,0.3628338070978287,0.15132727648259567,0.4057667029434521,0.04552144789985497,0.02705783744621675,4,1920,0.00021039816428108617,0.951558718029916,0.022051715716196844,0.02188947128878097,0.0028681010957729274,0.0014215957050521951,2,-0.0072825299657707275,0.5887249109320873,-0.12927556076639882,-0.3838772316546711,-0.04265334680408204,-0.025636241741164554,0.715921269122944,2,1.2945731824843343,0.2429094010541662,-1.0516637814301681
tm72855,diogo viana_1990,1819,0.006342906125672794,0.1875722326434163,0.09474410474665625,0.17982252916623026,0.47610200858048,0.0554162187375445,5,1920,0.0029149278367176265,0.2150463146604081,0.20397750036208287,0.38254904148836966,0.1524812116142263,0.04303100403819545,4,-0.0034279782889551674,0.027474082016991808,0.10923339561542662,0.2027265123221394,-0.32362079696625373,-0.01238521469934905,0.39815445490773305,5,1.3914643877367787,1.4615272134083304,0.07006282567155164
tm74418,jackson martinez_1986,1819,0.9991126665913231,4.578778615685677e-05,0.0002485711045173646,3.1030152492265695e-05,0.00030047156634610366,0.0002614727991638706,1,1920,0.48581539973581367,0.10686013098541751,0.02467583517375763,0.024319230297988357,0.30921276976545053,0.04911663404157236,1,-0.5132972668555095,0.10681434319926066,0.024427264069240267,0.02428820014549609,0.30891229819910443,0.04885516124240849,0.6095053764728364,1,0.008323431904393023,1.2823644773220875,1.2740410454176945
tm75116,lionn_1989,1819,0.002530527080428028,0.10601387139534696,0.08121406958066682,0.7034037519593215,0.04977155928404976,0.057066220700186736,4,1920,2.566354793741723e-06,0.0003565413103459108,0.01578240506334798,0.983703177898391,9.059169139763992e-05,6.471768172384435e-05,4,-0.0025279607256342863,-0.10565733008500104,-0.06543166451731884,0.28029942593906954,-0.04968096759265212,-0.05700150301846289,0.31062377795388146,4,1.0171633284715327,0.08597348784838336,-0.9311898406231494
tm83466,andre almeida_1990,1819,0.0026028399650134208,0.08758053815400624,0.07858966798714813,0.7455665534373996,0.05724660963767964,0.02841379081875285,4,1920,0.004772836827361639,0.047405318064761275,0.6613996819223628,0.14258579341176586,0.11950434931864914,0.02433202045509937,3,0.0021699968623482184,-0.04017522008924496,0.5828100139352146,-0.6029807600256338,0.0622577396809695,-0.004081770363653481,0.8418717792217775,4,0.9124917330134702,1.065492787663092,0.15300105464962177
tm84511,silvio_1987,1819,0.0010083107349713948,0.09777671031911923,0.03132579014144413,0.8604964520616938,0.004004624917899826,0.0053881118248716876,4,1920,4.732982608557643e-06,0.0005055656103317019,0.02021564775304625,0.978967217007826,0.00015595206194788524,0.0001508845842397975,4,-0.0010035777523628372,-0.09727114470878753,-0.011110142388397883,0.11847076494613218,-0.0038486728559519404,-0.00523722724063189,0.15374086137012255,4,0.522323282625422,0.10626719153283894,-0.4160560910925831
tm84711,joao aurelio_1988,1819,0.002994628392614387,0.053947070734920805,0.03691578345541683,0.8343018305010028,0.04770743989070993,0.024133247025335352,4,1920,0.0006498751508795854,0.014285091838317979,0.3945048526975633,0.5423744353630736,0.02859495520241323,0.0195907897477523,4,-0.002344753241734801,-0.03966197889660283,0.35758906924214645,-0.2919273951379292,-0.019112484688296696,-0.0045424572775830535,0.4637191002990936,3,0.6828793436358938,0.9429084521546027,0.260029108518709
tm89297,rodrigo battaglia_1991,1819,0.00043705416538001847,0.9868287999841053,0.006014607109003492,0.003648488899686594,0.0015596656655953625,0.0015113841762292649,2,1920,3.1938996482983624e-42,1.0,1.5411251627401604e-40,3.167194923114041e-40,1.4599240226566797e-40,1.8079390470389293e-41,2,-0.00043705416538001847,0.013171200015894668,-0.006014607109003492,-0.003648488899686594,-0.0015596656655953625,-0.0015113841762292649,0.015019688848888595,2,0.08759814301764472,1.3815510557964273e-10,-0.08759814287948961
tm95429,osama rashid_1992,1819,0.017938397716446775,0.04381807057846571,0.7383180727360831,0.04185343454135602,0.14614116665959048,0.0119308577680579,3,1920,0.0008084852039862433,0.4953088954339273,0.0975573335973511,0.04619360254543936,0.35207222666217364,0.008059456557122362,2,-0.017129912512460533,0.4514908248554616,-0.640760739138732,0.004340168004083343,0.20593106000258316,-0.003871401210935538,0.8106405875510151,3,0.8998871364279641,1.129224464191202,0.22933732776323779
tm96140,jorge correa_1993,1819,4.2151809723278664e-41,1.938983014396395e-40,1.0,5.835553253587611e-41,5.6419036800402326e-40,1.6999338949231535e-41,3,1920,0.015637040428144136,0.033100337791116506,0.01225083404370865,0.005252217406787573,0.926981187569673,0.006778382760570183,5,0.015637040428144136,0.033100337791116506,-0.9877491659562914,0.005252217406787573,0.926981187569673,0.006778382760570183,1.3551052623830948,3,1.3815510557964273e-10,0.36347005821349354,0.36347005807533844
tm9819,ricardo costa_1981,1819,0.00014083033334297743,0.002195455052465408,0.002356928653823512,0.9947914421144836,0.00011587935954208674,0.0003994644863425306,4,1920,5.968250089406909e-06,0.0013253677958866945,0.5367815718082074,0.4616991470546435,9.745177602330596e-05,9.049331514968651e-05,3,-0.0001348620832535705,-0.0008700872565787136,0.5344246431543839,-0.53309229505984,-1.8427583518780785e-05,-0.0003089711711928441,0.7548495676901785,3,0.03831955584058194,0.7013829403969699,0.663063384556388
carlos_1995,carlos_1995,1920,0.050885099643380276,0.04165190964863793,0.03310606934436071,0.012818351602966776,0.8347327206343229,0.026805849126331386,5,2021,0.7008325686435821,0.012007124092255815,0.0015048521128289524,0.0032635850245578456,0.27099326456470607,0.011398605562069212,1,0.6499474690002018,-0.029644785556382114,-0.03160121723153175,-0.009554766578408931,-0.5637394560696168,-0.015407243564262174,0.8615118284707425,1,0.7004099619805249,0.7355246321819745,0.03511467020144965
diederrick joel_1993,diederrick joel_1993,1920,0.9880572362046611,0.0015864050528826559,0.0008432360859999411,0.000651790029583552,0.006364241439249736,0.002497091187623354,1,2021,0.8124064243416794,0.004467333539502961,0.0007097423741080248,0.0011115329515777538,0.1730897385318729,0.00821522826125908,1,-0.1756508118629817,0.0028809284866203053,-0.00013349371189191634,0.00045974292199420176,0.16672549709262316,0.005718137073635726,0.24219646575038487,1,0.07999611569727855,0.5486979315477508,0.46870181585047227
goncalo rodrigues_1997,goncalo rodrigues_1997,1920,0.0051399692977323755,0.039089264529178214,0.015507099486473207,0.0055661993459286,0.9287164539930157,0.00598101334767185,5,2021,0.05081619876947355,0.42449531906037835,0.01669701047261762,0.4102650611861699,0.08780514090014208,0.009921269611218529,2,0.04567622947174117,0.38540605453120014,0.0011899109861444133,0.4046988618402413,-0.8409113130928736,0.003940256263546679,1.0107119104663722,5,0.34661715419244254,1.2083643279529301,0.8617471737604876
jose luis garcia vaya_1998,jose luis garcia vaya_1998,1920,0.000802808285574038,0.4241843334399055,0.12005759030588382,0.30344230301570857,0.1390862668361419,0.012426698116786185,2,2021,0.0001314135553720864,0.31984972003161743,0.013958858300422013,0.6649304403432555,0.00013718760852586743,0.0009923801608070248,4,-0.0006713947302019515,-0.10433461340828809,-0.10609873200546181,0.361488137327547,-0.138949079227616,-0.01143431795597916,0.41487784142546014,4,1.3147646545781504,0.7048226113833324,-0.609942043194818
lamine diaby_1996,lamine diaby_1996,1920,0.0098296321817109,0.46675503602244695,0.04533376722429349,0.043652239696508624,0.3007087059094113,0.13372061896562873,2,2021,0.04573556475457832,0.3893007672084872,0.058070657421531544,0.11869123160066723,0.034243657070473214,0.35395812194426246,2,0.03590593257286742,-0.07745426881395973,0.012736890197238053,0.07503899190415861,-0.26646504883893807,0.22023750297863373,0.2899743103829354,5,1.308408395441467,1.4097485520733137,0.10134015663184681
pedro rodrigues_1997,pedro rodrigues_1997,1920,0.0015363275291305335,0.15389314570347956,0.06507139127075486,0.04376557429742688,0.7089765417607977,0.02675701943841047,5,2021,0.0006813584522809577,0.06575352997931598,0.019758898333790176,0.9116750025686623,0.0006494686936631198,0.0014817419722873923,4,-0.0008549690768495759,-0.08813961572416358,-0.04531249293696468,0.8679094282712354,-0.7083270730671346,-0.02527527746612308,1.124640637257184,4,0.9534208529167856,0.360199384185354,-0.5932214687314316
rui filipe cunha correia_1995,rui filipe cunha correia_1995,1920,0.00020302988499191934,0.9840827390920377,0.0036097512754466807,0.005367934680818635,0.004875747434820936,0.0018607976318842985,2,2021,0.0036093791596371297,0.43681557709360325,0.010851600689838436,0.5364011970932291,0.004395806137992973,0.007926439825699237,4,0.0034063492746452106,-0.5472671619984344,0.007241849414391755,0.5310332624124104,-0.0004799412968279626,0.0060656421938149385,0.7626020917438914,2,0.10353194947395752,0.8274873244521717,0.7239553749782142
thibang phete_1994,thibang phete_1994,1920,5.21681296068211e-05,0.19769805115001512,0.029004802979106827,0.7702139416264585,0.0022053991435466804,0.0008256369712660326,4,2021,0.0005978777411027608,0.5340917184592509,0.29243670482753187,0.1712743990635286,0.0007461354857948965,0.0008531644227909537,2,0.0005457096114959397,0.3363936673092357,0.263431901848425,-0.5989395425629299,-0.001459263657751784,2.752745152492114e-05,0.7357228209129641,4,0.6441157391342949,1.0125795033792147,0.3684637642449198
tm102427,sebastian coates_1990,1920,5.8185984132973085e-05,0.0021684880269074295,0.9645088530823792,0.03135171029050882,0.0013279628870483506,0.0005847997290232212,3,2021,0.0007481141565405103,0.005725593913231462,0.9888023253714355,0.00289375684893564,0.00046783167502589557,0.0013623780348309207,3,0.0006899281724075372,0.0035571058863240325,0.024293472289056317,-0.028457953441573182,-0.000860131212022455,0.0007775783058076995,0.03760181829131926,4,0.17042691522099823,0.07557110876768747,-0.09485580645331076
tm109256,haris seferovic_1992,1920,0.8585215730297483,0.0043259054118150505,0.01268309426530769,0.0029645743555943233,0.030696462914675787,0.09080839002285877,1,2021,0.1475055010815315,0.006260527690004037,0.006160038989762247,0.0035717372156360777,0.10187759164991853,0.7346246033731476,6,-0.7110160719482168,0.0019346222781889862,-0.006523055275545443,0.0006071628600417545,0.07118112873524274,0.6438162133502888,0.714602875250947,1,0.5519425155005527,0.8247920126562678,0.27284949715571505
tm111200,fabio pacheco_1988,1920,0.001399236998201714,0.49372124258710315,0.13071612476735556,0.3148199782378142,0.028699498611085793,0.030643918798439602,2,2021,0.00105358676684921,0.08895029505870215,0.24159030148953906,0.6496209198122032,0.00086972501111919,0.017915171861587302,4,-0.0003456502313525041,-0.404770947528401,0.1108741767221835,0.33480094157438894,-0.027829773599966603,-0.0127287469368523,0.5375861691660853,2,1.196194656886196,0.924046415826293,-0.2721482410599031
tm111828,fransergio_1990,1920,0.0044162428383050486,0.47088996565632013,0.02015554660842251,0.011750830346346672,0.48439334971167963,0.008394064838925887,5,2021,0.38170751379697,0.22967293345342674,0.009069074576758296,0.031014011356768397,0.3419137480045675,0.00662271881150909,1,0.37729127095866494,-0.2412170322028934,-0.011086472031664215,0.019263181010421723,-0.14247960170711216,-0.0017713460274167972,0.4704559242625635,1,0.9007421550093607,1.2560352192199047,0.35529306421054396
tm112465,sergio oliveira_1992,1920,0.026167967907302653,0.1089435640642778,0.041995486945227395,0.05224987933643099,0.5602687742075545,0.21037432753920654,5,2021,0.19007605488842602,0.03790370645412213,0.005721711796952401,0.016204230455733267,0.7136273330694911,0.036466963335274986,5,0.16390808698112336,-0.07103985761015566,-0.036273775148275,-0.03604564888069772,0.1533585588619366,-0.17390736420393155,0.2409282994793906,1,1.2767470018710323,0.8975112055592862,-0.3792357963117461
tm113504,nikola stojiljkovic_1992,1920,0.6064784026085573,0.07445744625847894,0.02983682433229231,0.017501714804970207,0.17504676593478424,0.09667884606091703,1,2021,0.8559344770544338,0.0077269596632112145,0.0028947509927524755,0.0041179751239939655,0.11227547148604852,0.01705036567956014,1,0.24945607444587647,-0.06673048659526773,-0.026942073339539834,-0.013383739680976241,-0.06277129444873572,-0.07962848038135689,0.26744443559296394,1,1.203217448754667,0.5252098409618093,-0.6780076077928576
tm118323,ricardo alves_1991,1920,2.7291156125516456e-05,0.0018483854951644502,0.9723531809463188,0.025209114034003964,0.00022488954909978068,0.0003371388192875531,3,2021,0.025218308057447448,0.0959165363666318,0.7757664494355373,0.030807250877031702,0.017153968806977758,0.05513748645637399,3,0.02519101690132193,0.09406815087146736,-0.19658673151078154,0.005598136843027738,0.016929079257877976,0.05480034763708643,0.22010833743323927,3,0.13654846067720436,0.8513666059062471,0.7148181452290427
tm122946,jardel_1986,1920,3.8584759383452965e-06,0.0007420170657897263,0.0074456616165790215,0.9917299248828965,3.562625497745223e-05,4.2911703819049214e-05,4,2021,0.00032338154439225656,0.010169198947445444,0.9439042416850841,0.042331416735820394,0.0002538633026636518,0.003017897784594265,3,0.00031952306845391126,0.009427181881655717,0.9364585800685051,-0.949398508147076,0.00021823704768619956,0.0029749860807752157,1.3335671040245574,4,0.05091205627016573,0.25722790702572623,0.2063158507555605
tm124548,bebeto_1990,1920,0.001876360553057126,0.09413866984102287,0.13767684785364429,0.5413711294093119,0.034883110151013655,0.19005388219195032,4,2021,0.006783492633605008,0.2080352027459849,0.4136827934702669,0.175323420298353,0.017649895296297704,0.17852519555549248,3,0.004907132080547882,0.11389653290496202,0.2760059456166226,-0.36604770911095885,-0.01723321485471595,-0.011528686636457841,0.47271946353874944,4,1.2720670915876173,1.4097526958562956,0.13768560426867826
tm125165,jesus corona_1993,1920,0.007247285292175644,0.12342112941992571,0.26887361368210777,0.12443913416036011,0.37474284389906304,0.1012759935463679,5,2021,0.11324969624220431,0.06494060310396084,0.006731928280838836,0.016344089868148542,0.786791014409209,0.011942668095638617,5,0.10600241095002866,-0.05848052631596487,-0.2621416854012689,-0.10809504429221156,0.4120481705101459,-0.08933332545072929,0.5146289728840792,5,1.506145215332877,0.766689826260165,-0.7394553890727119
tm126956,edgar costa_1987,1920,0.0014458141456972422,0.4038931066785449,0.010418861263344039,0.010855723569535536,0.5635999818337222,0.009786512509156105,5,2021,0.02925248159030926,0.14953485163583724,0.0549182627263888,0.6669426911458016,0.04880231435199521,0.05054939854966772,4,0.027806667444612018,-0.25435825504270765,0.04449940146304476,0.6560869675762661,-0.514797667481727,0.04076288604051162,0.8734519316260986,4,0.8407339659607553,1.115239309101537,0.27450534314078157
tm127031,pierre sagna_1990,1920,1.4592784144167892e-05,0.0016616861814670782,0.08079550505821656,0.9166155282143186,0.0005348686076699874,0.00037781915418367,4,2021,0.00811072866012565,0.21855878577624516,0.4644452306063855,0.19588297009934794,0.014542942991488778,0.09845934186640705,3,0.008096135875981483,0.21689709959477807,0.3836497255481689,-0.7207325581149706,0.01400807438381879,0.09808152271222338,0.8449548257846846,4,0.30087939924555285,1.3367021802413759,1.0358227809958231
tm129670,luiz carlos_1985,1920,1.6852340398607258e-05,0.9962125231347467,0.0009495845044927066,0.0019736701893465994,0.00063754071997045,0.00020982911104477624,2,2021,0.0013041728002505485,0.9872571314074969,0.0009585989858917228,0.00832686952299085,0.0016034341722161766,0.0005497931111539551,2,0.0012873204598519412,-0.008955391727249795,9.01448139901625e-06,0.00635319933364425,0.0009658934522457265,0.00033996400010917883,0.011097405469290165,2,0.029333926620547308,0.08230327229961525,0.05296934567906794
tm131015,marco baixinho_1989,1920,2.719313232632159e-05,0.0020073323440816513,0.3683384226376351,0.6291149042148548,0.00023636011577371138,0.0002757875553282523,4,2021,4.7679721995607426e-05,0.001039250917188302,0.9957911099742748,0.002694778354156886,3.141975332390702e-05,0.00039576127906035973,3,2.0486589669285836e-05,-0.0009680814268933494,0.6274526873366397,-0.626420125860698,-0.00020494036244980435,0.00011997372373210744,0.8866228220225358,3,0.6764242947561079,0.03118328655409734,-0.6452410082020106
tm131933,diego lopes_1994,1920,0.0020837060485162963,0.005532880960068136,0.0034730240094950535,0.0012823961490401644,0.9847241738074749,0.0029038190254055563,5,2021,0.15926586138837934,0.012003032251442426,0.002992093471125486,0.003577283208502733,0.809826551784321,0.01233517789622882,5,0.15718215533986304,0.0064701512913742905,-0.0004809305383695673,0.0022948870594625683,-0.17489762202315395,0.009431358870823263,0.23525043848029395,5,0.10194680128596076,0.6082631775373191,0.5063163762513583
tm137192,zainadine junior_1988,1920,1.2600009497219942e-05,0.0006496238917110077,0.8954183649923803,0.1036505138104256,0.00016009166171646947,0.00010880563426960462,3,2021,9.350304846123874e-05,0.0023562110373911154,0.992716378238884,0.004471418805466694,5.251790674978427e-05,0.0003099709630471188,3,8.09030389640188e-05,0.0017065871456801076,0.09729801324650378,-0.0991790950049589,-0.00010757375496668519,0.00020116532877751417,0.1389472087694451,4,0.341161407719325,0.04959362741087167,-0.2915677803084533
tm139395,ricardo esgaio_1993,1920,0.002027718015373066,0.048379058206309174,0.5433040735883689,0.1982819345939043,0.15761747873982468,0.05038973685622001,3,2021,0.040776203715837823,0.3133672896263689,0.3787484140016555,0.2135080667083963,0.018955004695275637,0.03464502125246587,3,0.038748485700464755,0.2649882314200597,-0.16455565958671337,0.015226132114492003,-0.13866247404454904,-0.015744715603754136,0.3438864490563008,2,1.2531685270934187,1.3831559025970381,0.12998737550361938
tm141050,danilo pereira_1991,1920,0.0005285681214527727,0.8566171058605572,0.050229038371723725,0.036038244209116214,0.0539053281261501,0.002681715311000003,2,2021,0.0005943766095580066,0.014514417455911923,0.0036066316627081547,0.9806177275324098,0.00030251118733349306,0.0003643355520787587,4,6.580848810523385e-05,-0.8421026884046452,-0.046622406709015574,0.9445794833232937,-0.053602816938816605,-0.002317379758921244,1.2674439842673544,4,0.579877637601527,0.11066535257598056,-0.46921228502554646
tm14132,pepe_1983,1920,2.789551705991899e-06,0.0001945886080637287,0.9928629308711237,0.006883419432548949,3.357280475033675e-05,2.2698731807327873e-05,3,2021,0.0003064231821470636,0.005008824077599853,0.9891585328433439,0.0045582195251237315,0.00018509868798501785,0.0007829016838003961,3,0.00030363363044107173,0.004814235469536124,-0.003704398027779776,-0.0023251999074252174,0.0001515258832346811,0.0007602029519930682,0.006513151003060924,2,0.043668550830506615,0.0715542383606344,0.027885687530127788
tm145918,diogo salomao_1988,1920,0.008062637353402995,0.23642721118751134,0.28910603839,0.1364947457307268,0.17740320774237084,0.15250615959598796,3,2021,0.013399459214890748,0.21834908753808793,0.26672834346058655,0.46940612444311414,0.010887095544376836,0.021229889798943937,4,0.005336821861487753,-0.018078123649423405,-0.02237769492941344,0.3329113787123873,-0.166516112197994,-0.13127626979704402,0.37338139100701906,4,1.6040000879294292,1.2285290785384952,-0.3754710093909339
tm148489,mikel agu_1993,1920,0.0034099388885524885,0.5454890798523294,0.13292691520735828,0.16656218990042715,0.03369051964421907,0.11792135650711355,2,2021,0.0016395760274764723,0.1766808159699398,0.2913624353590256,0.49115284909223844,0.0016724348795446398,0.03749188867177502,4,-0.0017703628610760162,-0.36880826388238963,0.15843552015166734,0.3245906591918113,-0.03201808476467443,-0.08042946783533853,0.5172124684546033,2,1.2830763645889955,1.1590917662824958,-0.12398459830649977
tm154990,rene santos_1992,1920,0.00011845420148837317,0.06617117574628589,0.4869798745589966,0.4398162018283099,0.005268910364314242,0.0016453833006049273,3,2021,0.00017517439087757884,0.015533822983459414,0.047830487035734774,0.9359706251236094,0.00017665739671926932,0.00031323306959955924,4,5.6720189389205665e-05,-0.05063735276282648,-0.4391493875232618,0.4961544232952995,-0.005092252967594972,-0.001332150231005368,0.6645385406956018,4,0.9306084912114895,0.2776067346111532,-0.6530017566003363
tm155025,fabio cardoso_1994,1920,2.0725324484489915e-05,0.0033323053380550373,0.6129466146969643,0.3831634598131522,0.00033480260840139235,0.0002020922189425352,3,2021,0.005820977571870372,0.045961236710500286,0.9100067682323537,0.02133161227051741,0.004395516519958686,0.012483888694799505,3,0.005800252247385882,0.04262893137244525,0.2970601535353894,-0.3618318475426348,0.004060713911557294,0.01228179647585697,0.4701429344658357,4,0.6912193023204344,0.41798245723385885,-0.27323684508657553
tm157036,dyego sousa_1989,1920,0.07031542897272322,0.02168586753381691,0.014786534320228212,0.012630159983961728,0.02765403383495115,0.8529279753543187,6,2021,0.6825090504472804,0.02732126127256693,0.03642529673225698,0.04525011124254042,0.17057480822103224,0.0379194720843229,1,0.6121936214745571,0.005635393738750022,0.021638762412028768,0.032619951258578694,0.14292077438608108,-0.8150085032699959,0.6298979543121865,1,0.6221835151609995,1.0455548949656575,0.423371379804658
tm157387,anthony d alberto_1994,1920,4.225802499407758e-05,0.001726384731514426,0.56147854773296,0.4351935997537229,0.00047377248290546303,0.0010854372739031138,3,2021,0.0010074135595384255,0.07903318019399558,0.7052221089356562,0.20610754293927877,0.0014523016581643568,0.007177452713366614,3,0.000965155534544348,0.07730679546248115,0.14374356120269616,-0.22908605681444413,0.0009785291752588939,0.0060920154394635,0.2812843089887073,4,0.7085846535866188,0.8242637377766048,0.11567908418998596
tm159142,aderlan santos_1989,1920,1.624986297655796e-05,0.003780610764659965,0.19864526283077802,0.7968746025472031,0.00033553687195005176,0.00034773712243237265,4,2021,2.3444444472453803e-06,0.00014806108747851361,0.9997230139075368,0.0001152806391836164,1.948578858278627e-06,9.351342495549558e-06,3,-1.390541852931258e-05,-0.003632549677181451,0.8010777510767588,-0.7967593219080195,-0.00033358829309177313,-0.0003383857799368231,1.1298514447524468,3,0.5287146385496164,0.002792215849187754,-0.5259224227004287
tm164705,raul silva_1989,1920,0.0001905112397425738,0.00441319076708957,0.8518727903595095,0.13891758503647061,0.0030911286826926176,0.0015147939144951417,3,2021,0.00012333491990629194,0.011947420689216138,0.9789053412166341,0.00834964439347766,0.0001314878749486534,0.0005427709058171274,3,-6.717631983628187e-05,0.007534229922126568,0.12703255085712462,-0.13056794064299296,-0.002959640807743964,-0.0009720230086780143,0.18234797697783314,4,0.46404085305314846,0.12008835067758829,-0.3439525023755602
tm167291,gabriel_1993,1920,0.003206881230721111,0.5611009126250518,0.05169765620872123,0.10111667815457408,0.2624810948958631,0.020396776885068704,2,2021,0.0025679222663767738,0.9292474138211134,0.013073132165808436,0.04337137720100228,0.006001943577200512,0.005738210968498642,2,-0.0006389589643443373,0.3681465011960616,-0.03862452404291279,-0.0577453009535718,-0.25647915131866256,-0.014658565916570061,0.4540266328227469,2,1.1579835595654382,0.33662001211892645,-0.8213635474465117
tm168530,douglas tanque_1993,1920,0.9949942915488663,0.00035945453645756467,0.00016359744081453396,9.904343424444979e-05,0.001835170685928895,0.0025484423536882234,1,2021,0.679711244347712,0.009732962457291298,0.002438067037266467,0.003389283971850188,0.27342268639284373,0.031305755793036176,1,-0.3152830472011543,0.009373507920833734,0.0022744695964519333,0.003290240537605738,0.2715875157069148,0.028757313439347953,0.4162535766642509,1,0.03696610238027541,0.8044561007668893,0.7674899983866139
tm172181,diogo figueiras_1991,1920,0.0003345482569171208,0.03115079625696004,0.26164078707689004,0.6897946796608273,0.011945140220301688,0.0051340485281038345,4,2021,0.0012668336729019006,0.05009823154389862,0.8012468714528053,0.14407126935224354,0.0008485505127712377,0.00246824346537942,3,0.0009322854159847798,0.01894743528693858,0.5396060843759152,-0.5457234103085837,-0.011096589707530451,-0.0026658050627244145,0.7677706530061728,4,0.7976555474507955,0.6359304897359699,-0.1617250577148256
tm176485,lucas piazon_1994,1920,0.0023715317127449703,0.006144135890542915,0.006059539441541767,0.0015167851756629693,0.98200720474471,0.0019008030347972833,5,2021,0.2135660460914099,0.01800722795866707,0.0036201719856232993,0.004266145317130856,0.7412269243070196,0.01931348434014939,5,0.21119451437866493,0.011863092068124154,-0.0024393674559184675,0.002749360141467887,-0.2407802804376904,0.017412681305352107,0.3205191239216191,5,0.11614740716236394,0.7438589564842802,0.6277115493219163
tm176997,anderson carvalho_1990,1920,0.0006694087639771302,0.7945316317623679,0.07962379921090505,0.09650379830934153,0.013682532804217537,0.014988829149190943,2,2021,0.0006571059661699891,0.5629594923057568,0.010236770633473738,0.42226617335148403,0.0006585689017010066,0.0032218888414143783,2,-1.2302797807141048e-05,-0.23157213945661104,-0.06938702857743131,0.3257623750421425,-0.01302396390251653,-0.011766940307776565,0.40587062506112437,4,0.7364432929110617,0.7625192890625067,0.026075996151444958
tm177964,yusupha njie_1994,1920,0.3266931316175259,0.17411298626984775,0.023603035996202403,0.014205541523923237,0.37014305468928155,0.0912422499032192,5,2021,0.449443245935326,0.016778199648823263,0.01441333371872026,0.012372829924526861,0.27662143689634194,0.23037095387626175,1,0.12275011431780009,-0.15733478662102449,-0.009189702277482142,-0.0018327115993963753,-0.0935216177929396,0.13912870397304256,0.22058088788578284,2,1.405027206906133,1.237162602621079,-0.167864604285054
tm179860,andraz sporar_1994,1920,0.8816168497864558,0.008140951474866685,0.00712061832844327,0.004526633626150077,0.0842711307580953,0.014323816025988798,1,2021,0.7300848057755651,0.004392503096040247,0.002694188157960204,0.002079226311479809,0.17595767539267934,0.08479160126627512,1,-0.1515320440108907,-0.003748448378826438,-0.004426430170483066,-0.0024474073146702677,0.09168654463458405,0.07046778524028632,0.17722307067934154,1,0.47916946384886383,0.7972607856944691,0.3180913218456053
tm182711,carlos mane_1994,1920,0.0046719457190439,0.08015295478307749,0.06799375322361985,0.02110906471784392,0.7946323599829824,0.03143992157343245,5,2021,0.3964565606340799,0.03049641679759669,0.004519561784816585,0.00600470566274465,0.55543079011646,0.0070919650043021415,5,0.391784614915036,-0.0496565379854808,-0.06347419143880326,-0.01510435905509927,-0.2392015698665224,-0.02434795656913031,0.466299755432823,1,0.7830308328375436,0.8900483416124935,0.10701750877494987
tm182882,franck yves bambock_1995,1920,0.010780648108928459,0.41658756068233344,0.30377315274316125,0.09466272392158802,0.14483756868410122,0.029358345859887662,2,2021,2.4433995303366476e-05,0.0026304383372900858,0.0006077685595156532,0.9966679131130053,2.0971984743224697e-05,4.8474010142485305e-05,4,-0.010756214113625092,-0.41395712234504334,-0.3031653841836456,0.9020051891914173,-0.144816596699358,-0.029309871849745178,1.0478409485495848,4,1.3821521845525144,0.024420844344154573,-1.35773134020836
tm182936,filipe ferreira_1990,1920,2.8000472860583734e-05,0.0032277574198160126,0.2620552738330083,0.7325855006355064,0.0012273672913139945,0.0008761003474946862,4,2021,0.0014976239889890417,0.019402147609061813,0.9374900055725646,0.03296932816679595,0.001454698049089115,0.007186196613499361,3,0.0014696235161284579,0.0161743901892458,0.6754347317395563,-0.6996161724687104,0.00022733075777512063,0.006310096266004675,0.9725937939296144,4,0.6121093548055233,0.30421387298222397,-0.30789548182329934
tm183945,eber bessa_1992,1920,0.006078936463969233,0.11366538529772598,0.01672061290279943,0.01068255408047531,0.7918746770466469,0.06097783420838314,5,2021,0.05313766334723716,0.22050305728060518,0.032756300489491796,0.24563408459845162,0.09708206144404245,0.3508868328401717,6,0.047058726883267926,0.1068376719828792,0.016035687586692365,0.23495153051797632,-0.6947926156026045,0.28990899863178854,0.7428492145756239,5,0.7504364682625575,1.5400450866580075,0.78960861839545
tm187211,ygor nogueira_1995,1920,1.9641586739072486e-05,0.0011356467636656313,0.1500973918398284,0.8484044917840303,0.0001234811973710044,0.00021934682836555585,4,2021,2.0088445880004046e-05,0.0015421632753929277,0.9956932721975627,0.002624895791367046,2.088969268314979e-05,9.869059711401667e-05,3,4.4685914093155955e-07,0.0004065165117272964,0.8455958803577343,-0.8457795959926633,-0.00010259150468785461,-0.00012065623125153918,1.195983149403191,4,0.43500354861892,0.031233939740489224,-0.4037696088784308
tm190185,marcelo ferreira_1989,1920,3.5350332839124906e-05,0.008395208201748466,0.04197098055904942,0.9485727354750179,0.00043289598536566735,0.0005928294459795893,4,2021,0.00010672645478478376,0.005378507851343356,0.9652487169371669,0.02829729161303302,0.0001013747214008682,0.0008673824222710566,3,7.137612194565885e-05,-0.00301670035040511,0.9232777363781174,-0.9202754438619848,-0.00033152126396479917,0.00027455297629146733,1.3035942185161673,3,0.23141232527691794,0.17114785568083798,-0.06026446959607995
tm190543,dener_1992,1920,0.028463024869733636,0.09410065806397559,0.025827894794785675,0.03946004343744336,0.7828874216249628,0.029260957209098663,5,2021,2.7189776446314812e-05,0.9956506670656947,0.0003863634455326075,0.0038765154590631587,2.93782821992268e-05,2.988597106407951e-05,2,-0.028435835093287322,0.9015500090017191,-0.025441531349253067,-0.0355835279783802,-0.7828580433427637,-0.029231071238034582,1.1951490243713108,2,0.8406481648568681,0.029805537480215055,-0.810842627376653
tm193082,alex grimaldo_1995,1920,0.0026592173378110276,0.10650884894234985,0.5244063477843756,0.15558926998290634,0.09301712464539406,0.11781919130716312,3,2021,0.04454712916805662,0.2733442278008396,0.3293971797509131,0.10831196208087318,0.1383784370707388,0.10602106412857876,3,0.041887911830245594,0.16683537885848976,-0.19500916803346247,-0.04727730790203316,0.04536131242534473,-0.011798127178584361,0.2681604163944985,3,1.355157136780662,1.6112746074644597,0.25611747068379764
tm193303,nuno sequeira_1990,1920,0.0033586710663868246,0.12388669066478898,0.18608388516174884,0.35027471409472727,0.14911719006443747,0.18727884894791075,4,2021,0.0026060173413002476,0.09641276745795914,0.6830960154390742,0.19864927574750915,0.003115183715308676,0.016120740298848697,3,-0.000752653725086577,-0.027473923206829842,0.4970121302773253,-0.15162543834721812,-0.1460020063491288,-0.17115810864906206,0.5404473147299066,3,1.5557120863922482,0.906947546911778,-0.6487645394804702
tm193994,yves baraye_1992,1920,0.022855331142523087,0.05641747980393024,0.009418438308040782,0.006925128229674751,0.888586754126243,0.015796868389587868,5,2021,0.13918487054563594,0.034159814950437094,0.003038796527063446,0.007027938876957426,0.7969703240775373,0.019618255022368827,5,0.11632953940311286,-0.022257664853493148,-0.006379641780977335,0.00010281064728267543,-0.09161643004870568,0.003821386632780959,0.14987410061989687,1,0.4974201583699188,0.7002587148786885,0.2028385565087697
tm194214,goncalo silva_1991,1920,1.7102477518751127e-05,0.0022435183644645648,0.11139890527535341,0.8852361896150366,0.00039218009411017137,0.000712104173516569,4,2021,4.199002158873967e-05,0.0007906575503822286,0.9980791852014107,0.0007744956652998632,2.6022587301189244e-05,0.00028764897401743956,3,2.4887544069988542e-05,-0.001452860814082336,0.8866802799260572,-0.8844616939497367,-0.00036615750680898214,-0.00042445519949912947,1.2523883792056854,3,0.3745007695740758,0.016157610015692058,-0.35834315955838375
tm196792,julian weigl_1995,1920,0.0001269870260983486,0.9327494900360735,0.027762344997062427,0.030964780418281417,0.00735219099164257,0.0010442065308418644,2,2021,8.504697196214283e-42,7.485555445082503e-39,2.9079857918345895e-40,1.0,8.732608136554698e-42,2.233236694872103e-41,4,-0.0001269870260983486,-0.9327494900360735,-0.027762344997062427,0.9690352195817186,-0.00735219099164257,-0.0010442065308418644,1.345316203199145,4,0.31646544455616454,1.3815510557964273e-10,-0.31646544441800945
tm197981,pedrinho_1992,1920,0.0010455385135614043,0.19664050636739275,0.032894190794960136,0.01458627867909574,0.7465669829126105,0.008266502732379399,5,2021,0.20113435092068657,0.2541140580084436,0.02943220418135144,0.2545521214925448,0.2121637220637978,0.048603543333175764,4,0.20008881240712517,0.05747355164105086,-0.0034619866136086953,0.23996584281344907,-0.5344032608488127,0.04033704060079636,0.6217082742436811,5,0.7588109333298094,1.5986817994850882,0.8398708661552787
tm198007,francisco ramos_1995,1920,2.9088591784132633e-05,0.9838115135555127,0.004414369006394376,0.008881784472734166,0.0023848196419645217,0.0004784247316100198,2,2021,0.014359943569564234,0.29299229330146004,0.02776392421275712,0.6400373776942906,0.01584771520184523,0.008998746020082693,4,0.014330854977780102,-0.6908192202540526,0.023349555206362744,0.6311555932215565,0.013462895559880709,0.008520321288472674,0.936226683350169,2,0.10031317886044373,0.913797767809752,0.8134845889493082
tm198053,lazar rosic_1993,1920,0.0001821418079787852,0.002556230402883543,0.9734463226978135,0.021033403106093713,0.001071938174004805,0.0017099638112257484,3,2021,9.555040909654587e-05,0.0016499670705101986,0.9901195382253372,0.007322007972277346,6.115820016550039e-05,0.0007517781226131042,3,-8.659139888223933e-05,-0.0009062633323733444,0.016673215527523655,-0.013711395133816367,-0.0010107799738393046,-0.0009581856886126442,0.02162981645775984,3,0.1424734328218688,0.0632895464209085,-0.0791838864009603
tm203348,chancel mbemba_1994,1920,3.1479565403204624e-05,0.000857614645190816,0.9726498391787461,0.0256679610851181,0.00041086055647929546,0.00038224496906239257,3,2021,0.00017337161958880644,0.0017427159486465508,0.9927850556151888,0.004291771147142838,0.0001045206218835408,0.0009025650475494088,3,0.00014189205418560182,0.0008851013034557348,0.02013521643644267,-0.021376189937975264,-0.00030633993459575466,0.0005203200784870163,0.029381385587387367,4,0.1335757832500985,0.050440495170756404,-0.08313528807934209
tm207571,alex soares_1991,1920,7.461099564796311e-06,0.9969150215245186,0.0007125913569704221,0.0016095960720987348,0.000698311287398706,5.701865944867886e-05,2,2021,4.620807588690694e-05,0.9536132152178659,0.0007811374316466594,0.04544624155050585,4.984350641908377e-05,6.335421767560473e-05,2,3.874697632211063e-05,-0.0433018063066527,6.854607467623726e-05,0.04383664547840711,-0.0006484677809796222,6.335558226925872e-06,0.06162081325797246,4,0.024316434735606515,0.19293477803029568,0.16861834329468917
tm211072,paulinho_1992,1920,0.9833317046797416,0.000351411582720417,0.0005349136862943069,0.00022786916480479138,0.001906162175431648,0.013647938711006995,1,2021,0.3495445529702059,0.0020488748249190844,0.0006510575071395416,0.000925979018917982,0.6353774467845649,0.011452088894252572,5,-0.6337871517095357,0.0016974632421986676,0.00011614382084523475,0.0006981098541131907,0.6334712846091333,-0.0021958498167544225,0.8960889488910383,1,0.09580854920735853,0.7306952845858874,0.6348867353785289
tm211107,joao afonso_1990,1920,7.086372074320061e-06,0.00030673125743996754,0.9742068012185308,0.025328788727072685,6.997994881456042e-05,8.06124760678048e-05,3,2021,8.097998552832195e-05,0.0031084997981202407,0.9765191100633108,0.018992120970562843,6.555499528245079e-05,0.0012337341871954492,3,7.389361345400189e-05,0.002801768540680273,0.0023123088447800644,-0.006336667756509842,-4.424953532109632e-06,0.0011531217111276444,0.007304486104573566,4,0.12255626457193892,0.12608756905843646,0.0035313044864975357
tm212899,filipe augusto_1993,1920,0.0011966398103179985,0.8040943823483266,0.05209298089618771,0.05919376898895073,0.0601786211142873,0.02324360684192966,2,2021,0.0009953165580304057,0.3749199534265098,0.01382866736418094,0.6030970638310137,0.001161145998219052,0.00599785282204598,4,-0.00020132325228759272,-0.42917442892181684,-0.03826431353200677,0.543903294842063,-0.05901747511606825,-0.01724575401988368,0.6963969738379275,4,0.7611968729137241,0.7774002112957467,0.016203338382022592
tm214538,mateus uribe_1991,1920,0.00020365727593754147,0.9233102129082124,0.0328808684392587,0.030601542102624425,0.010296780206785082,0.0027069390671818636,2,2021,0.000201764331742019,0.970755917460099,0.0021798925966432505,0.026388355371996613,0.0002191550223371775,0.00025491521718187023,2,-1.892944195522469e-06,0.04744570455188668,-0.030700975842615448,-0.004213186730627812,-0.010077625184447905,-0.0024520238499999934,0.057558268506639185,2,0.3575046143883741,0.1437614731240578,-0.21374314126431632
tm224878,joao afonso crispim_1995,1920,0.0008371921989113146,0.7735049878935585,0.055278201487525484,0.13963724937405647,0.01847240802447203,0.01226996102147619,2,2021,0.0003195994954367448,0.178632828291579,0.4620279953289301,0.3540632796012978,0.0003466928717878065,0.0046096044109684734,3,-0.0005175927034745697,-0.5948721596019795,0.4067497938414046,0.21442603022724133,-0.018125715152684223,-0.0076603566105077165,0.7520808553277798,2,0.7672693684834716,1.062175823507433,0.2949064550239614
tm225119,ruben macedo_1996,1920,0.005393496208220807,0.17863136424745124,0.03302045964441764,0.02358728072414476,0.7269580037641615,0.03240939541160389,5,2021,0.33411279904458674,0.11766363723382141,0.02232385443701781,0.08679474948881165,0.33983975483314033,0.09926520496262205,5,0.3287193028363659,-0.06096772701362983,-0.010696605207399828,0.06320746876466689,-0.3871182489310212,0.06685580955101816,0.5155032336663412,5,0.8798101419844132,1.5111747636558694,0.6313646216714562
tm228940,joao novais_1993,1920,0.01817534577566055,0.4824697018249656,0.028282061112816656,0.02813882286400325,0.34521683174707146,0.09771723667548252,2,2021,0.13591054018149154,0.4322835901781875,0.020601805033956005,0.1078247442755822,0.2233258368564913,0.0800534834742915,2,0.117735194405831,-0.05018611164677811,-0.0076802560788606505,0.07968592141157894,-0.12189099489058017,-0.017663753201191013,0.1940269796808329,5,1.2202214360776178,1.4908586622547746,0.2706372261771568
tm231289,otavio_1995,1920,0.002555651743445517,0.7417924728955994,0.039667808059649784,0.0247168188075213,0.1568351922162578,0.03443205627752639,2,2021,0.03984175684971186,0.5219112255789352,0.0115816806615312,0.135121711686787,0.2554319784950277,0.03611164672800696,2,0.03728610510626634,-0.21988124731666414,-0.028086127398118582,0.11040489287926569,0.09859678627876989,0.0016795904504805642,0.26914199550411017,2,0.8628343229604079,1.2584173883834924,0.3955830654230845
tm232577,jonatan lucca_1994,1920,0.0005121025264412751,0.7026564641262129,0.05043746877919451,0.2072493907500991,0.02333200390651653,0.015812569911535797,2,2021,0.046921938135942476,0.6206759481249214,0.1048079263510597,0.15861155809694785,0.044547053624290414,0.024435575666838304,2,0.0464098356095012,-0.08198051600129141,0.0543704575718652,-0.04863783265315125,0.021215049717773885,0.008623005755302508,0.12102289701307138,2,0.8819261967055324,1.1973274582684614,0.315401261562929
tm235568,joao pedro_1993,1920,0.0007330888268323944,0.7809401912057586,0.009294763584274947,0.007721062152629466,0.19996776073914807,0.0013431334913567043,2,2021,0.013018523445705919,0.8602541265283284,0.007400213406856398,0.10415171291749499,0.012425759505116958,0.0027496641964974283,2,0.012285434618873525,0.0793139353225698,-0.0018945501774185495,0.09643065076486552,-0.1875420012340311,0.001406530705140724,0.22564594876554497,5,0.6101715140274648,0.528635766594469,-0.08153574743299585
tm236886,costinha_1992,1920,0.0014327465907448887,0.7153163866608209,0.06170174129189214,0.039423219716849006,0.16507912434471794,0.01704678139497499,2,2021,0.041790035327664135,0.3466461221923383,0.012922174025482513,0.198133094079417,0.38250473961635945,0.018003834758738395,5,0.040357288736919246,-0.36867026446848256,-0.048779567266409626,0.158709874362568,0.2174256152716415,0.0009570533637634042,0.46085642366857393,2,0.9151453089129353,1.316796094707131,0.4016507857941958
tm237000,afonso figueiredo_1993,1920,0.0001797390092317439,0.0728247198343003,0.13386162636353813,0.7665161819892765,0.02155904094770189,0.005058691855951381,4,2021,0.0022066602544309226,0.04147157184439264,0.6896754087635352,0.26084719035134857,0.0012514141059446126,0.004547754680348071,3,0.0020269212451991788,-0.03135314798990767,0.555813782399997,-0.505668991637928,-0.020307626841757277,-0.00051093717560331,0.752349398761284,3,0.7747987768726236,0.7851502811736129,0.0103515043009893
tm238055,rafa silva_1993,1920,0.19952205809477416,0.037372637942477936,0.04938987505184704,0.014470373418910859,0.5850446774088901,0.11420037808309993,5,2021,0.15311963722877028,0.015325134107278345,0.002273034519968113,0.002995040894628453,0.8217270872012515,0.004560066048103217,5,-0.04640242086600388,-0.022047503835199593,-0.04711684053187893,-0.011475332524282407,0.23668240979236144,-0.10964031203499672,0.24700105285394547,5,1.2157046701015168,0.5685298672541562,-0.6471748028473606
tm240262,tomislav strkalj_1996,1920,0.46564644413116,0.11492695078746727,0.04676650948876829,0.042612899246280526,0.2011241073981525,0.12892308894817128,1,2021,0.31439242157774094,0.10390172949073297,0.09712542242510165,0.14087387400891643,0.1754226970389897,0.1682838554585183,1,-0.15125402255341908,-0.011025221296734306,0.050358912936333364,0.0982609747626359,-0.02570141035916282,0.039360766510347006,0.18934396375674303,1,1.4689158592675082,1.706855457485949,0.23793959821844068
tm243779,adriano castanheira_1993,1920,0.0016656188042644192,0.695091818626646,0.09020739796247017,0.06419335975059288,0.1251344207629392,0.023707384093087248,2,2021,0.1635150201884707,0.1912028670799652,0.09200046169476887,0.4145445175276385,0.08083052956664345,0.0579066039425134,4,0.16184940138420628,-0.5038889515466809,0.0017930637322987053,0.3503511577770456,-0.044303891196295755,0.03419921984942616,0.6362478195071767,2,1.0055287336407108,1.5652708857217947,0.5597421520810839
tm255755,alex telles_1992,1920,0.013523354900514546,0.06531660266003715,0.18399972331308503,0.2408340059885633,0.1675857830745385,0.3287405300632614,6,2021,0.053050601324448506,0.016755550460162808,0.00937238743672886,0.012166356664688939,0.11051245671819951,0.7981426473957713,6,0.03952724642393396,-0.04856105219987435,-0.17462733587635618,-0.22866764932387437,-0.057073326356338994,0.4694021173325099,0.299935899592854,4,1.5558249602107346,0.7450821341793714,-0.8107428260313632
tm257388,wilson manafa_1994,1920,4.405057467114289e-06,0.0003097040187820983,0.9504390059096772,0.04893656411795194,0.0002091622745891589,0.00010115862153248086,3,2021,0.0004255095079700804,0.004467398789575401,0.9786596531049292,0.01506565777840299,0.00039595156427685887,0.0009858292548453787,3,0.0004211044505029661,0.004157694770793302,0.02822064719525197,-0.03387090633954895,0.00018678928968769997,0.0008846706333128978,0.04428478146480388,4,0.20122427927834327,0.12171819752257378,-0.0795060817557695
tm257455,joao palhinha_1995,1920,0.0012079492551107993,0.848908102829528,0.04352950157394431,0.039742986873752474,0.05305309031028705,0.01355836915737733,2,2021,0.0027491950386143503,0.4969853094425097,0.03842836358588582,0.4297278357588135,0.0031655807791962794,0.028943715394980463,2,0.001541245783503551,-0.3519227933870183,-0.005101137988058488,0.389984848885061,-0.04988750953109077,0.015385346237603133,0.5276883507523915,4,0.6258895593483522,0.9726355453908226,0.3467459860424704
tm257456,francisco geraldes_1995,1920,0.04729507646499415,0.2534982245473876,0.03314769043773222,0.05494905267204826,0.5834877972522309,0.02762215862560698,5,2021,0.2459843406046999,0.26921131589663244,0.05605882187207867,0.1908356684095088,0.20749878260622104,0.030411070610859132,2,0.19868926413970575,0.015713091349244868,0.02291113143434645,0.13588661573746053,-0.37598901464600987,0.0027889119852521523,0.44730543964810787,5,1.1780508015850009,1.6084224346474143,0.43037163306241344
tm258015,diogo goncalves_1997,1920,0.006744176406032946,0.00800808557191699,0.0042842205635694255,0.002239557816743802,0.9721818365030792,0.006542123138657518,5,2021,0.016716550461578345,0.2994711541170987,0.15775486837005004,0.38812075117061734,0.05577576639294284,0.08216090948771256,4,0.009972374055545399,0.29146306854518167,0.15347064780648062,0.38588119335387355,-0.9164060701101364,0.07561878634905504,1.0475246006787295,5,0.16972895476008992,1.4544557256241646,1.2847267708640746
tm261927,ricardo horta_1994,1920,0.8482502928565459,0.004806650112707514,0.007123046922734739,0.0022320430661887753,0.10596808125252528,0.031619885789297725,1,2021,0.698036604564504,0.002799912694866901,0.0009556962008888793,0.0010687463894869802,0.2910054050773546,0.006133635072898743,1,-0.15021368829204185,-0.0020067374178406134,-0.00616735072184586,-0.0011632966767017952,0.18503732382482935,-0.025486250716398984,0.23842478861834376,5,0.5611788503903753,0.6718132866616595,0.11063443627128422
tm262002,welinton junior_1993,1920,0.7875492142905623,0.0044143347083726425,0.0031443770351897733,0.0016193011840701407,0.15930916352447658,0.043963609257328465,1,2021,0.35253589873230295,0.06026724053381913,0.020412810894869557,0.07071345394539162,0.24187421760671254,0.254196378286904,1,-0.4350133155582594,0.05585290582544648,0.017268433859679785,0.06909415276132148,0.08256505408223597,0.21023276902957555,0.4519350846211317,1,0.6705479453410322,1.4950710555910085,0.8245231102499763
tm264848,ruben lameiras_1994,1920,0.00550151163864329,0.036971922871794356,0.0432943072683394,0.009831082932236153,0.8849157271354099,0.019485448153576966,5,2021,0.20637114085729855,0.02472141934913743,0.0032447176715698998,0.0060618470699240826,0.7537053092478034,0.0058955658042665615,5,0.20086962921865525,-0.012250503522656928,-0.040049589596769505,-0.00376923586231207,-0.13121041788760646,-0.013589882349310405,0.2435837295615091,1,0.5168430085091527,0.7100644167005987,0.19322140819144606
tm265589,fahd moufi_1996,1920,7.430397316355291e-05,0.005737954316904856,0.04765911631634178,0.941930842786356,0.003535070989042944,0.0010627116181909197,4,2021,0.007854532651992806,0.1479086851163306,0.4706289830940959,0.3209773183611037,0.013476604470336868,0.03915387630614025,3,0.007780228678829253,0.14217073079942574,0.4229698667777541,-0.6209535244252522,0.009941533481293924,0.038091164687949326,0.7647605314347954,4,0.25895857893807567,1.2251149519664615,0.9661563730283858
tm269467,cesar_1992,1920,3.8540397658021455e-05,0.001623149669028237,0.7582545137132064,0.23850893935827766,0.0006978697813203947,0.0008769870805092465,3,2021,1.461010254460296e-05,0.0003273138847613664,0.9992846451135574,0.00027708894398717954,8.988044356028405e-06,8.735391079332793e-05,3,-2.3930295113418494e-05,-0.0012958357842668706,0.241030131400351,-0.23823185041429049,-0.0006888817369643663,-0.0007896331697159186,0.3388983521880472,3,0.5737656014235551,0.006694815445077773,-0.5670707859784774
tm27178,ruben fernandes_1986,1920,0.0002730996076253544,0.0033900184238728846,0.8812872107780814,0.10985360921364888,0.0015395079013324458,0.003656554075439089,3,2021,0.00031243166020016364,0.0033136528180024312,0.986435728558443,0.008075616788864669,0.00018702359746649018,0.0016755465770234364,3,3.933205257480925e-05,-7.636560587045331e-05,0.1051485177803616,-0.10177799242478422,-0.0013524843038659556,-0.0019810074984156524,0.14634482268237156,3,0.4060009866740212,0.08614406065310387,-0.3198569260209173
tm280178,claude goncalves_1994,1920,0.0008862499230966641,0.7440503591591852,0.08129817916454735,0.13634722928980186,0.027570760227744417,0.009847222235624394,2,2021,2.5653919410629534e-41,1.0,1.8936707306944852e-40,7.485555445082503e-39,2.838647552768467e-41,2.233236694872103e-41,2,-0.0008862499230966641,0.25594964084081484,-0.08129817916454735,-0.13634722928980186,-0.027570760227744417,-0.009847222235624394,0.3024419147133557,2,0.8464184940151503,1.3815510557964273e-10,-0.8464184938769952
tm282820,easah suliman_1998,1920,4.4915845045524935e-05,0.004144017889470866,0.40099110879498234,0.593389205638634,0.00029594216935165373,0.001134809662515654,4,2021,2.0661051590083955e-05,0.0004417910656134433,0.9977381383899973,0.001573542531716216,1.2611758927530132e-05,0.00021325520215526722,3,-2.425479345544098e-05,-0.0037022268238574223,0.5967470295950149,-0.5918156631069177,-0.0002833304104241236,-0.0009215544603603867,0.8404561760002873,3,0.7094089523065906,0.017996105523077937,-0.6914128467835127
tm283130,moussa marega_1991,1920,0.941763629146609,0.0018924204890766476,0.0023032134580614518,0.0009843003481811302,0.02433582816459569,0.02872060839347597,1,2021,0.7935560748911165,0.003581897478612814,0.0025146331265840215,0.001796974669425972,0.15837206033565926,0.04017835949860155,1,-0.1482075542554926,0.0016894769895361664,0.00021141966852256978,0.0008126743212448417,0.13403623217106356,0.011457751105125584,0.19983680877990634,1,0.28156473760333006,0.6510788086040031,0.36951407100067307
tm288248,denis will poha_1997,1920,0.00023226363494278717,0.958889381250985,0.01741715299946895,0.010567378452902185,0.01106420731235324,0.0018296163493478743,2,2021,0.0009635489683731454,0.030665699748196034,0.017382430507153483,0.9481123410226033,0.000684319164331727,0.002191660589342606,4,0.0007312853334303582,-0.928223681502789,-3.472249231546709e-05,0.9375449625697011,-0.010379888148021514,0.00036204423999473194,1.31935515984297,4,0.22219023037719293,0.25291252890061294,0.03072229852342001
tm290336,rochinha_1995,1920,0.008868884280386433,0.12152324198121602,0.03642274863243152,0.03430133403327522,0.7223039473365818,0.07657984373610914,5,2021,0.22096804461533814,0.03374590032317169,0.010122212173522275,0.011398608403212534,0.6766268596753008,0.04713837480945459,5,0.21209916033495171,-0.08777734165804432,-0.026300536458909247,-0.022902725630062685,-0.04567708766128098,-0.02944146892665455,0.2366295943449874,1,0.9661100682673212,0.9537634001409296,-0.012346668126391513
tm290388,rafael ramos_1995,1920,0.0005617416671712397,0.03858058807955036,0.3331134408801476,0.6003250227114142,0.009392569491737035,0.018026637169979456,4,2021,0.005304894669662739,0.09319029275867888,0.538910199728931,0.33525811061342536,0.0054832742493032514,0.02185322797999875,3,0.0047431530024915,0.05460970467912852,0.20579675884878335,-0.2650669120979888,-0.003909295242433783,0.003826590810019296,0.34004819331481,4,0.918539253454848,1.0605900281303806,0.14205077467553262
tm290391,nuno santos_1995,1920,0.005925263101757318,0.20536170738428927,0.09706743917359359,0.03472994100756753,0.5717494785714529,0.08516617076133935,5,2021,0.2528942407924809,0.02866193972323281,0.009925368781647069,0.010434634669936653,0.5915077881185455,0.10657602791415698,5,0.2469689776907236,-0.17669976766105647,-0.08714207039194652,-0.024295306337630877,0.01975830954709268,0.021409857152817624,0.317475789583183,1,1.227981132120268,1.0920810117334852,-0.1359001203867829
tm290530,bilel aouacheria_1994,1920,0.012439519391953929,0.08954211363156445,0.02403296134243451,0.016244959692142593,0.8272713454079536,0.03046910053395097,5,2021,0.4357708302461699,0.24196507710070145,0.02322429845822753,0.0683208141074661,0.2063291041487456,0.024389875938689378,1,0.423331310854216,0.152422963469137,-0.0008086628842069801,0.0520758544153235,-0.6209422412592079,-0.006079224595261591,0.768585697284966,5,0.690409674896647,1.3922514009692022,0.7018417260725552
tm291399,nanu_1994,1920,0.001061447178322684,0.17448034480417768,0.5317046895342395,0.0662158273737268,0.221367174132842,0.005170516976691358,3,2021,0.004780605355968566,0.2815870580088177,0.42516344888054525,0.27716159665357787,0.006997071944731874,0.004310219156358693,3,0.0037191581776458817,0.10710671320464005,-0.1065412406536943,0.21094576927985106,-0.21437010218811012,-0.000860297820332665,0.33658486953558786,5,1.1885555225465625,1.1598764992957569,-0.028679023250805624
tm292398,fabio abreu_1993,1920,0.9088698978651301,0.0038525562671724196,0.005369456102567659,0.0022977700623810007,0.05062462254433566,0.028985697158413218,1,2021,0.46745006884052487,0.030333326020230405,0.03812734540996885,0.02822613547444715,0.218863993414239,0.21699913084058972,1,-0.4414198290246052,0.026480769753057985,0.03275788930740119,0.02592836541206615,0.16823937086990334,0.1880134336821765,0.4749763593889117,1,0.40395539065208397,1.350826818257027,0.9468714276049431
tm293607,bozhidar kraev_1997,1920,0.10253262481933607,0.014603036947897148,0.004411426607679113,0.0021593631410417456,0.8646990721721383,0.011594476311907562,5,2021,0.665888395438285,0.023038372570109877,0.007487137890133119,0.01710445579154838,0.25424064225862897,0.03224099605129471,1,0.5633557706189489,0.00843533562221273,0.0030757112824540056,0.014945092650506635,-0.6104584299135093,0.02064651973938715,0.8308629186715588,5,0.5098091796080961,0.9227832290929646,0.4129740494848685
tm298410,joao pedro sousa silva_1996,1920,0.7630338096321475,0.014011333171613967,0.005346760521779284,0.0042188009343765605,0.039784036289892265,0.17360525945019037,1,2021,0.16325980124178988,0.018851315752989557,0.01798156642590774,0.012016465278004183,0.12940289792708065,0.6584879533742279,6,-0.5997740083903577,0.00483998258137559,0.012634805904128457,0.007797664343627622,0.08961886163718838,0.4848826939240376,0.6066335539867715,1,0.7494561884388535,1.0358721753588045,0.28641598691995096
tm299400,pedro sa_1993,1920,1.6362267375417864e-05,0.9941229742887647,0.0008487121939757201,0.004240100863540703,0.0005214669584562125,0.00025038342788715324,2,2021,0.00010830009304086279,0.07957499652722273,0.010703419639153087,0.9079807159603844,0.0001117934183748153,0.0015207743618240012,4,9.193782566544492e-05,-0.914547977761542,0.009854707445177366,0.9037406150968438,-0.00040967354008139713,0.001270390933936848,1.2857847388062866,2,0.04122434903855883,0.3494951471925983,0.30827079815403946
tm302371,toni martinez_1997,1920,1.0,3.1938996482983624e-42,2.145317636334303e-42,1.0752207649632232e-42,1.9731943507648715e-41,1.8079390470389293e-41,1,2021,0.1811657253837579,0.009618897585294774,0.008165710469903255,0.006258371324380113,0.07349479530457695,0.721296499932087,6,-0.8188342746162421,0.009618897585294774,0.008165710469903255,0.006258371324380113,0.07349479530457695,0.721296499932087,0.8222465709585157,1,1.3815510557964273e-10,0.8526890789168122,0.8526890787786571
tm307058,mehdi taremi_1992,1920,0.9882710452470487,0.000510048748202555,0.0005958409491158694,0.00020557748894787527,0.004111193856825049,0.0063062937098600615,1,2021,0.43560470161703724,0.006825822121098667,0.003901905330432543,0.0033084111209448204,0.30901519681809664,0.24134396299239008,1,-0.5526663436300114,0.006315773372896112,0.0033060643813166736,0.003102833631996945,0.30490400296127157,0.23503766928253003,0.6312424138432968,1,0.07623237051485315,1.1425480858712467,1.0663157153563936
tm308560,jhon murillo_1995,1920,0.0010271497300110351,0.7798978747428065,0.09500755063794109,0.04483686092844947,0.07546292437097206,0.0037676395898198303,2,2021,0.3797427222864737,0.05077029074248487,0.01359689961966161,0.01101505910871998,0.5032780366122721,0.04159699163038761,5,0.37871557255646265,-0.7291275840003216,-0.08141065101827948,-0.03382180181972949,0.42781511224130003,0.03782935204056778,0.9305105573213582,2,0.7798123036108896,1.1049318793286131,0.32511957571772354
tm310822,koki anzai_1995,1920,0.0001830560056315635,0.013676617488688873,0.9093255968035191,0.025654142375445135,0.04939621930856155,0.001764368018153716,3,2021,0.00260554327233869,0.03601877586721629,0.41649273275954796,0.5394984487679311,0.0018662444746379168,0.0035182548583281093,4,0.0024224872667071265,0.022342158378527415,-0.49283286404397114,0.5138443063924859,-0.047529974833923634,0.0017538868401743932,0.7139218039022484,4,0.4004459723725448,0.864557031215719,0.4641110588431742
tm312123,lucas possignolo_1994,1920,1.1541757334236966e-05,0.002075467481886699,0.1454541093815921,0.8521637669936115,0.00011442543742483052,0.00018068894815069826,4,2021,3.1487128139126356e-05,0.0009229515830135566,0.9983011851055541,0.0005856298587345977,2.4190589350683832e-05,0.00013455573520785604,3,1.994537080488939e-05,-0.0011525158988731424,0.852847075723962,-0.851578137134877,-9.023484807414668e-05,-4.613321294284222e-05,1.2052115146521225,3,0.43229477819373724,0.014288530071470027,-0.4180062481222672
tm31316,silvestre varela_1985,1920,1.9731943507648715e-41,1.4599240226566797e-40,4.0342273174945783e-41,2.008586018348155e-41,1.0,1.8079390470389293e-41,5,2021,0.7342083749112801,0.06844842484234477,0.008359875579068685,0.040691812228399314,0.1334031514323314,0.014888361006575609,1,0.7342083749112801,0.06844842484234477,0.008359875579068685,0.040691812228399314,-0.8665968485676686,0.014888361006575609,1.1386232624107082,5,1.3815510557964273e-10,0.9120420994234053,0.9120420992852502
tm314367,marcus edwards_1998,1920,0.048728326506014455,0.008738292866435298,0.01058398529988848,0.0031887154369753612,0.8869864584092078,0.04177422148147857,5,2021,0.4574295283332183,0.020110075469688803,0.012551873772786562,0.011097498626911369,0.44272676366773805,0.05608426012965673,1,0.4087012018272039,0.011371782603253505,0.0019678884728980828,0.007908783189936007,-0.4442596947414697,0.014310038648178154,0.6038204100748397,5,0.4941471393492768,1.063540090651247,0.5693929513019703
tm314944,ricardo mangas_1998,1920,0.00033326978245843216,0.10724618745862151,0.21917418464739782,0.5236259531300526,0.14356899220918662,0.006051412772283045,4,2021,0.04059701926846779,0.625010779675878,0.20130118281364845,0.04902884233245834,0.054180912301418714,0.029881263608128584,2,0.04026374948600935,0.5177645922172566,-0.017873001833749375,-0.4745971107975942,-0.0893880799077679,0.023829850835845538,0.7094035756028755,2,1.2231316017096163,1.157196520295504,-0.06593508141411242
tm319623,pedro amaral_1997,1920,0.0011366973127561477,0.27133860717085667,0.26855622571159704,0.22857726043388554,0.21267184643452605,0.017719362936378526,2,2021,0.008213769567003357,0.2930857631628465,0.18517110643049303,0.49829991091352477,0.00846291903056555,0.0067665308955668834,4,0.007077072254247209,0.02174715599198984,-0.08338511928110401,0.2697226504796392,-0.20420892740396052,-0.010952832040811641,0.3491814658257127,4,1.452740484509596,1.1327116729570954,-0.3200288115525005
tm329722,andre horta_1996,1920,0.0006855715824226435,0.8319407373499472,0.057681436047053114,0.03523236777275404,0.0654225416045136,0.009037345643309453,2,2021,0.2131440802709343,0.22592137256785488,0.007355488677702397,0.047326394826422105,0.4932926877587675,0.012959975898318746,5,0.21245850868851165,-0.6060193647820924,-0.05032594736935072,0.012094027053668063,0.4278701461542539,0.003922630255009293,0.773401523688761,2,0.6614348236961302,1.2509684215629595,0.5895335978668294
tm332615,nelson monte_1995,1920,4.4446775125358124e-06,0.0005395455768517172,0.033179939985037425,0.9660597594713942,0.00012303181268112347,9.32784765230846e-05,4,2021,8.593858360689643e-05,0.0033936475039810263,0.9895958452641517,0.00600951505475251,7.170051250417828e-05,0.000843353081003686,3,8.149390609436062e-05,0.002854101927129309,0.9564159052791142,-0.9600502444166417,-5.133130017694519e-05,0.0007500746044806014,1.3551516560331136,4,0.15245022586846746,0.06783888846006361,-0.08461133740840385
tm333166,ronan_1995,1920,0.9837371854056972,0.001929089245404897,0.0007287416807126334,0.0005803953904659418,0.00820963518699001,0.004814953090729318,1,2021,0.252861025447158,0.11549872287708132,0.0648377711803813,0.1209223203748323,0.2688701461101443,0.1770100140104027,5,-0.7308761599585392,0.11356963363167642,0.06410902949966867,0.12034192498436636,0.2606605109231543,0.17219506091967338,0.7959987885707022,1,0.10289665004554617,1.6894844702958811,1.586587820250335
tm334557,chiquinho_1995,1920,0.1991409739284024,0.11606307139630762,0.08215094127755483,0.036598323122995324,0.470110772848901,0.09593591742583893,5,2021,0.22349631700329392,0.32141112329800814,0.044244817981916866,0.11053010817111217,0.1860175363279465,0.11430009721772251,2,0.02435534307489151,0.20534805190170052,-0.037906123295637965,0.07393178504811684,-0.28409323652095453,0.01836417979188358,0.36107167601014517,5,1.47740216645138,1.6418599129031846,0.16445774645180466
tm335062,nikola jambor_1995,1920,0.0004559625093205475,0.7698971051508734,0.09871234440666048,0.10813728807554522,0.013602153773481365,0.00919514608411903,2,2021,0.002018428827123051,0.20963642792262144,0.01969219728260454,0.7647274805122278,0.0020233717395132197,0.0019020937159100334,4,0.0015624663178025037,-0.5602606772282519,-0.07902014712405594,0.6565901924366826,-0.011578782033968145,-0.0072930523682089975,0.8668237424056815,4,0.7755155008231492,0.6469932932698403,-0.1285222075533089
tm335380,pedro nuno_1995,1920,0.05390505797712708,0.05049298503763996,0.016653214857743025,0.009762293909652992,0.794132305983233,0.07505414223460397,5,2021,0.46189634685508285,0.008518733086735033,0.006915715001506679,0.006606008620750332,0.1373111030185951,0.37875209341733007,1,0.40799128887795577,-0.04197425195090493,-0.009737499856236346,-0.0031562852889026596,-0.656821202964638,0.30369795118272613,0.7744272743978758,5,0.7989965216363758,1.1052830053886125,0.30628648375223666
tm336158,gustavo sauer_1993,1920,0.007687394206882125,0.6546846027846501,0.025990756230359784,0.04014271800220471,0.22750596673255705,0.04398856204334612,2,2021,0.12308175915236554,0.3839764586482741,0.015461991810755252,0.16212636459179308,0.28957463478971546,0.025778791007096742,2,0.11539436494548341,-0.270708144136376,-0.010528764419604531,0.12198364658958838,0.06206866805715841,-0.018209771036249378,0.32471856003748717,2,1.0129402637738272,1.4379992978623093,0.4250590340884821
tm337798,abdu conte_1998,1920,0.00020279979927314458,0.013231408476361893,0.7426613860830614,0.23863410900411475,0.0034147621925231498,0.0018555344446657498,3,2021,0.01211685282213894,0.10960111507106064,0.12204443694146765,0.7230714753684464,0.017090177492220377,0.01607594230466603,4,0.011914053022865795,0.09636970659469875,-0.6206169491415938,0.48443736636433166,0.013675415299697227,0.014220407860000282,0.7933858087236175,3,0.6528912273605064,0.9228948619100147,0.27000363454950826
tm34077,tarantini_1983,1920,0.0003345218538575299,0.8927149425664597,0.052591229966828835,0.02620170685845326,0.026474281544480914,0.0016833172099198592,2,2021,0.0009635560164404139,0.049096098298496656,0.011060464546665903,0.9366370437710075,0.0006900065674078951,0.0015528307999815168,4,0.000629034162582884,-0.843618844267963,-0.04153076542016293,0.9104353369125543,-0.02578427497707302,-0.00013048640993834236,1.242165563079071,4,0.4612011563211499,0.2808641058618523,-0.1803370504592976
tm341110,franco cervi_1994,1920,0.0009249389847559695,0.06945977709280225,0.02763195393383609,0.04092474578965821,0.8494763968769657,0.011582187321981696,5,2021,0.08486696834863425,0.26220948592349347,0.11958996388632638,0.4199547816084261,0.05680438469304474,0.05657441554007518,4,0.08394202936387828,0.1927497088306912,0.09195800995249029,0.3790300358187679,-0.792672012183921,0.04499222821809348,0.9081011381420835,5,0.6118887078017881,1.5040792503881066,0.8921905425863186
tm344392,fernando ferreira fonseca_1997,1920,0.00014090634269301025,0.006362129329980081,0.41991102539458897,0.5644669109439132,0.0043935254546762165,0.004725502534148537,4,2021,0.0003822909001731105,0.013472272335229433,0.954362232438188,0.029182910309738543,0.0003640456637269483,0.0022362483529440266,3,0.00024138455748010026,0.007110143005249352,0.5344512070435989,-0.5352840006341747,-0.004029479790949269,-0.002489254181204511,0.7564614353374086,4,0.7697413859163751,0.22528298543998104,-0.544458400476394
tm344519,bruno costa_1997,1920,0.0006838631750270301,0.5649674682076931,0.011857756943508515,0.02074639659233793,0.393553325621657,0.00819118945977639,2,2021,0.01734021349406617,0.8380889935261274,0.005556184315581085,0.10030979020003103,0.03138128696336884,0.00732353150082546,2,0.01665635031903914,0.27312152531843437,-0.00630157262792743,0.0795633936076931,-0.3621720386582882,-0.0008676579589509299,0.4608811458544134,5,0.8669195497855723,0.6224912963467125,-0.24442825343885977
tm347905,joao paulo lazaro lucas_1996,1920,0.00071967917137531,0.18976679808635327,0.3670705252816146,0.39076655147709904,0.029100586161396862,0.022575859822160912,4,2021,0.001594691176160543,0.032074299820653046,0.8795514452609908,0.07138721499723906,0.0018515204479233273,0.013540828297033247,3,0.0008750120047852331,-0.15769249826570023,0.5124809199793763,-0.31937933647986,-0.027249065713473537,-0.009035031525127666,0.6246999721072245,3,1.244164104017644,0.4918208300278488,-0.7523432739897953
tm350311,helder ferreira_1997,1920,0.011041597093056304,0.05562368098388616,0.018634959340939772,0.008832982985250594,0.8978177379940337,0.008049041602833462,5,2021,0.22183657505852908,0.02698834770016545,0.003090198507606078,0.004886167966129973,0.7401708923004237,0.00302781846714586,5,0.21079497796547278,-0.028635333283720713,-0.015544760833333695,-0.003946815019120621,-0.1576468456936101,-0.005021223135687602,0.2652626056251418,1,0.462038835982645,0.7156563058145532,0.2536174698319082
tm351738,lincoln_1998,1920,0.006574069585637293,0.1285594939037078,0.042549170758593054,0.03353201965421293,0.6992725979992395,0.0895126480986094,5,2021,0.22409482352951665,0.1911957635510944,0.03783883729375122,0.09786704578562179,0.36789123605096413,0.08111229378905184,5,0.21752075394387935,0.06263626964738661,-0.004710333464841836,0.06433502613140886,-0.33138136194827533,-0.008400354309557559,0.40646447636543437,5,1.011103635971575,1.5744852981411757,0.5633816621696006
tm352811,aylton boa morte_1993,1920,0.0011300173172435481,0.023966722281973666,0.0022590450333200133,0.0010246852154668792,0.970848160211279,0.000771369940716919,5,2021,0.8418383868667859,0.006367193126150461,0.001099612724787226,0.0015280214643488847,0.14729233023272528,0.0018744555852023518,1,0.8407083695495423,-0.017599529155823204,-0.0011594323085327874,0.0005033362488820056,-0.8235558299785537,0.0011030856444854326,1.1770072679382564,1,0.152158364831759,0.4884169319508933,0.33625856711913427
tm352898,joao amaral_1991,1920,0.011107621564707333,0.0582071839046807,0.05526977338796553,0.018471107737043958,0.7767332965444208,0.08021101686118176,5,2021,0.5527311258606239,0.023588472670244984,0.009046375626076728,0.01287658469021064,0.3618595785653238,0.03989786258752006,1,0.5416235042959165,-0.03461871123443572,-0.0462233977618888,-0.005594523046833317,-0.414873717979097,-0.0403131542736617,0.6847208034169086,1,0.8479037212204794,1.0110594224147387,0.16315570119425926
tm352918,henrique gomes_1995,1920,0.0016624583132662928,0.04612031045613643,0.17121618728582502,0.6719136577831853,0.054742578071211606,0.05434480809037543,4,2021,0.00026068270534320066,0.014092623820970514,0.971253460648409,0.013121819782167306,0.0002943390786881734,0.0009770739644217904,3,-0.0014017756079230921,-0.03202768663516592,0.800037273362584,-0.658791838001018,-0.054448238992523434,-0.05336773412595364,1.038296043044391,3,1.0391727355882243,0.15657315554817616,-0.8825995800400481
tm356099,cristian borja_1993,1920,0.00010093394519088718,0.0028844280665027743,0.9045675871379826,0.087091615721719,0.004379111835800339,0.0009763232928044326,3,2021,0.015562100009708478,0.2758850475205053,0.5713735847717106,0.10984803781527278,0.01624811178097846,0.011083118101824345,3,0.015461166064517591,0.2730006194540025,-0.33319400236627195,0.022756422093553774,0.011868999945178121,0.010106794809019912,0.43179318776168474,3,0.35164752536821986,1.0993203303953392,0.7476728050271193
tm357156,diogo leite_1999,1920,2.0787662239248437e-05,0.00515090631073647,0.012844490278935819,0.9814032923879057,0.0002073872056825019,0.0003731361545003473,4,2021,0.0008075716923191204,0.012350689165744862,0.9722029056533873,0.011404465571308545,0.0006508829009218628,0.002583485016318254,3,0.000786784030079872,0.007199782855008392,0.9593584153744514,-0.9699988268165971,0.0004434956952393609,0.0022103488618179065,1.3643016329851894,4,0.10642471165251279,0.15861806562901762,0.05219335397650483
tm357163,filipe soares_1999,1920,0.0010519694382168248,0.9179827613913178,0.03302518591124046,0.012588593521843067,0.03220716556442914,0.0031443241729526374,2,2021,0.13589324317368273,0.5991115601058101,0.014298418641843428,0.15662063276655308,0.08859180934044825,0.005484335971662474,2,0.1348412737354659,-0.3188712012855077,-0.01872676726939703,0.14403203924471,0.05638464377601911,0.002340011798709837,0.3796526837873875,2,0.38224583593144384,1.1725262989415814,0.7902804630101377
tm358177,andre pereira_1995,1920,0.02864294194100001,0.043595949486050424,0.004499069751523332,0.003914136842075417,0.9080096834294168,0.011338218549934175,5,2021,0.3343526191538994,0.05908874334256415,0.028219693398608758,0.061645667177954305,0.19118579547421852,0.3255074814527548,1,0.3057096772128994,0.015492793856513726,0.023720623647085427,0.05773153033587889,-0.7168238879551982,0.31416926290282066,0.781940226185756,5,0.4227637287118007,1.4875537070412845,1.0647899783294839
tm362667,mateo cassierra_1997,1920,0.4776395058234832,0.0443770286012752,0.06876500660940235,0.028361829731558496,0.2672299328312349,0.11362669640304586,1,2021,0.3963070855032418,0.01745803834151417,0.01933535758135723,0.009355771066958661,0.12483998766318723,0.4327037598437408,6,-0.0813324203202414,-0.026918990259761032,-0.04942964902804512,-0.019006058664599833,-0.1423899451680477,0.319077063440695,0.17441046868153037,5,1.3760647342993078,1.1797135985032383,-0.19635113579606944
tm364857,falaye sacko_1995,1920,0.00029936147430209916,0.0136869856381288,0.6721432956025423,0.29110697646572864,0.011238903616587094,0.011524477202711053,3,2021,0.002789781037803668,0.05495903657891384,0.6136790669013371,0.31055888941746246,0.0025295075616334657,0.015483718502849388,3,0.002490419563501569,0.041272050940785045,-0.058464228701205156,0.01945191295173382,-0.008709396054953628,0.003959241300138335,0.07471198640922164,3,0.7893218336894405,0.9183267133032327,0.12900487961379214
tm366278,rodrigo pinho_1991,1920,0.976318778313438,0.002155213014244251,0.000702528969310987,0.0004975538984265512,0.007032264939782085,0.013293660864798289,1,2021,0.4399084461429251,0.016687578244557154,0.010570866169673539,0.010627306372892515,0.1533879853801696,0.36881781768978206,1,-0.5364103321705129,0.014532365230312903,0.009868337200362553,0.010129752474465964,0.1463557204403875,0.3555241568249838,0.5563876588929575,1,0.13781204447631595,1.181387039815349,1.043574995339033
tm367468,nuno santos_1999,1920,0.0033607937049372656,0.13777877955352139,0.07415549356891467,0.04193260592204311,0.7212743755207187,0.0214979517298647,5,2021,0.0024186633831924757,0.5113086802201261,0.01925357416437549,0.46188678858276444,0.0029650670224740773,0.002167226627067381,2,-0.0009421303217447899,0.37352990066660474,-0.05490191940453917,0.4199541826607213,-0.7183093084982446,-0.01933072510279732,0.9137119202819399,5,0.93636721225672,0.8209320338756543,-0.11543517838106576
tm371245,guilherme schettine_1995,1920,0.9974457032076288,0.00022908918162894412,7.934465618379388e-05,6.067495721949484e-05,0.0014070961754439032,0.000778091821895091,1,2021,0.49113077437649844,0.020420549460116396,0.0178557983721751,0.02865844784914102,0.16693417460697735,0.2750002553350916,1,-0.5063149288311304,0.020191460278487453,0.017776453715991306,0.028597772891921527,0.16552707843153344,0.2742221635131965,0.5341306495986016,1,0.020618834050374617,1.2562164313399902,1.2355975972896156
tm373187,maracas_1994,1920,1.4747297929998514e-05,0.0007360073693060997,0.9460560749939659,0.05280442792756257,0.00021314146890459495,0.0001756009423307412,3,2021,5.11666854002065e-05,0.0018680191174555057,0.9897047937119564,0.007730764986163195,4.1443346033295756e-05,0.0006038121529914325,3,3.641938747020798e-05,0.001132011748149406,0.043648718717990476,-0.045073662941399376,-0.0001716981228712992,0.00042821121066069127,0.06275474479186623,4,0.21656243138945463,0.06496913917915743,-0.15159329221029721
tm373300,cryzan_1996,1920,0.5456296196387483,0.04119672328712367,0.03137292229692924,0.014440760856321587,0.101413788362001,0.2659461855588763,1,2021,0.15054492320727317,0.01030284831183475,0.0014932131352597012,0.0030169512154699357,0.7763121178661367,0.058329946264025684,5,-0.39508469643147515,-0.03089387497528892,-0.029879709161669543,-0.011423809640851651,0.6748983295041358,-0.2076162392948506,0.7832990517542512,5,1.2160715239584148,0.7217352332998956,-0.49433629065851914
tm373374,braian mansilla_1997,1920,0.005064757893766516,0.12052527394460795,0.015623000360538625,0.0522265363797958,0.7782834433611138,0.028276988060177328,5,2021,0.22767478850961465,0.3431389473129888,0.01639648674641308,0.04948152049228406,0.18751005376256788,0.17579820317613148,2,0.22261003061584814,0.22261367336838084,0.0007734863858744542,-0.002745015887511741,-0.5907733895985459,0.14752121511595415,0.6694276693956712,5,0.7968614832300811,1.539588025308842,0.742726542078761
tm375382,andre almeida_2000,1920,0.05991260706143136,0.3213959744119637,0.08181966178132834,0.07957311396158233,0.24207875509370355,0.21521988768999065,2,2021,0.048429081873350543,0.690596520592039,0.02334453575906881,0.1531960718653223,0.07781371288406311,0.0066200770261563005,2,-0.011483525188080816,0.3692005461800753,-0.05847512602225953,0.07362295790373997,-0.16426504220964044,-0.20859981066383435,0.4150465022577123,2,1.6136615981358073,1.0093107560564567,-0.6043508420793506
tm375770,gabriel airton de souza_1996,1920,0.012187384297955354,0.2353076134892533,0.13580990046494515,0.028695208613812986,0.5739166659568494,0.014083227177183804,5,2021,0.026965034795664044,0.23772082723924623,0.02841282761563727,0.6699393148386645,0.025856999739418803,0.011104995771369128,4,0.01477765049770869,0.0024132137499929263,-0.10739707284930788,0.6412441062248515,-0.5480596662174306,-0.0029782314058146766,0.8504832363509026,4,1.1459263243466407,0.952974357994868,-0.1929519663517727
tm375820,henrique_1995,1920,0.0012432180638359224,0.21543985342323488,0.2835492589515419,0.43544454545671535,0.03676849272576472,0.02755463137890732,4,2021,0.009654241606410808,0.12722721623646813,0.09462012156450093,0.11940825529169313,0.011881415884159325,0.6372087494167676,6,0.008411023542574886,-0.08821263718676675,-0.18892913738704098,-0.3160362901650222,-0.024887076841605394,0.6096541180378603,0.3795322607174249,4,1.278848627549757,1.1238152854037922,-0.15503334214596487
tm376175,thiago santana_1993,1920,0.8653024770448776,0.015443556910354397,0.004371062870363277,0.004068609564885512,0.07641148168212794,0.034402811927391155,1,2021,0.31060228345979907,0.010591742506212242,0.010057453785386807,0.007531732171004377,0.1538159191085254,0.507400868969072,6,-0.5547001935850786,-0.004851814404142155,0.0056863909150235295,0.003463122606118865,0.07740443742639747,0.47299805704168085,0.5601353586941789,1,0.5481650949400052,1.1266069355895252,0.57844184064952
tm377641,al musrati_1996,1920,0.0002702949873633995,0.9271205075559154,0.02400263948716369,0.03748467282347447,0.0059615686893591405,0.005160316456723934,2,2021,0.005034049711600033,0.7887439871178282,0.10004013215544935,0.09056618941556717,0.006168206781234506,0.00944743481832076,2,0.004763754724236634,-0.13837652043808712,0.07603749266828566,0.053081516592092697,0.00020663809187536526,0.004287118361596826,0.16664376724594968,2,0.34270642966401044,0.7370687148625588,0.3943622851985483
tm379249,matheus reis_1995,1920,0.0005747400635387662,0.04041686609945025,0.43343178976456476,0.5035995790966468,0.01533164389297261,0.006645381082826747,4,2021,3.529547030982787e-05,0.0010711504454926123,0.9960724797921726,0.0026559876395717383,2.932576887557369e-05,0.00013576088357763745,3,-0.0005394445932289383,-0.039345715653957634,0.5626406900276079,-0.500943591457075,-0.015302318124097035,-0.006509620199249109,0.7545141252338606,3,0.9391523839951911,0.028874732097507363,-0.9102776518976837
tm380409,joao jaquite_1996,1920,7.065024726426036e-05,0.9790028662304257,0.005196102312954983,0.011833741900629182,0.0025204921720279627,0.001376147136697933,2,2021,0.0009910938409896989,0.7704818647897277,0.029684429625054066,0.19341660440987932,0.0012446681672540572,0.0041813391670951884,2,0.0009204435937254385,-0.20852100144069796,0.024488327312099083,0.18158286250925013,-0.0012758240047739055,0.0028051920303972556,0.2775887193614497,2,0.1254326084838469,0.6611469771233538,0.5357143686395069
tm387378,luther singh_1997,1920,0.0156276308984201,0.013285939460801758,0.003653144536766701,0.0019188671842707654,0.9539211644445408,0.011593253475199804,5,2021,6.433192274602485e-38,2.838647552768467e-41,3.727871575992521e-42,8.732608136554698e-42,1.0,2.233236694872103e-41,5,-0.0156276308984201,-0.013285939460801758,-0.003653144536766701,-0.0019188671842707654,0.04607883555545922,-0.011593253475199804,0.0506065770160142,5,0.2515820754730541,1.3815510557964273e-10,-0.251582075334899
tm396342,toni borevkovic_1997,1920,1.6142565822473673e-06,0.0004727222816746003,0.044185857232731426,0.9552755359595403,2.374724078842885e-05,4.052302868293348e-05,4,2021,3.106644070196093e-06,0.00011454694537634936,0.9995949388679324,0.00026488281505770007,2.503395304571905e-06,2.0021332258854897e-05,3,1.4923874879487255e-06,-0.00035817533629825093,0.955409081635201,-0.9550106531444826,-2.1243845483856944e-05,-2.0501696424078585e-05,1.3508708264055336,3,0.18584411019751965,0.003914364080379565,-0.18192974611714008
tm396429,diogo calila_1998,1920,0.0001990017894744591,0.5928329781187278,0.10080905244655389,0.24762548950654514,0.056185064095882566,0.0023484140428160945,2,2021,0.009471412585952192,0.5935711479730215,0.036927029091605126,0.3326284866081611,0.01441730074859899,0.01298462299266125,2,0.009272410796477733,0.0007381698542936466,-0.06388202335494876,0.08500299710161593,-0.041767763347283576,0.010636208949845155,0.11461889449792584,4,1.0645883709719905,0.9592113303604881,-0.10537704061150244
tm400831,rafael camacho_2000,1920,0.02146510137406358,0.07688617267250936,0.06592574586298657,0.017503567882644986,0.7909910198820138,0.027228392325781656,5,2021,0.882936335465206,0.004600850657261422,0.004941829755465221,0.004385539240353603,0.0780879363160591,0.02504750856565468,1,0.8614712340911425,-0.07228532201524794,-0.060983916107521345,-0.013118028642291384,-0.7129030835659547,-0.0021808837601269768,1.122265468684874,1,0.8133555740826311,0.47620694220192483,-0.3371486318807063
tm407907,gelson_1996,1920,0.6199682161308919,0.005872112333652474,0.003844504548646796,0.0029159219774856854,0.03499189155967746,0.3324073534496458,1,2021,0.8414577790397735,0.003072901911014755,0.0014638649156845339,0.0013587865404910983,0.14855301372220936,0.004093653870826699,1,0.22148956290888155,-0.0027992104226377194,-0.002380639632962262,-0.001557135436994587,0.11356112216253189,-0.32831369957881906,0.2489371057902021,1,0.848395287198304,0.4873239428514658,-0.36107134434683824
tm411502,danny henriques_1997,1920,0.00022134850127658554,0.0025164034224079766,0.9703776004915886,0.02383801037116706,0.001361257592105912,0.0016853796214540292,3,2021,0.0005727580824753092,0.024068778624136363,0.543050741517118,0.4310908822925176,0.00029404181335749224,0.00092279767039525,3,0.0003514095811987236,0.021552375201728386,-0.42732685897447065,0.4072528719213505,-0.0010672157787484197,-0.0007625819510587792,0.5907020512950868,3,0.1549185130784944,0.7971123706057497,0.6421938575272552
tm411838,bruno viana_1995,1920,5.140802490349141e-05,0.008647917376707996,0.11468581061160464,0.8749741613111882,0.0004899836746666523,0.0011507190009289838,4,2021,0.0003139985888431363,0.005740645776025049,0.9906081221339144,0.00233412173256245,0.0002479335305787829,0.0007551782380762288,3,0.0002625905639396449,-0.0029072716006829473,0.8759223115223097,-0.8726400395786258,-0.00024205014408786946,-0.00039554076285275503,1.2364259437057312,3,0.41833189097093615,0.0631353018013108,-0.3551965891696254
tm415645,alexandre pinto_1998,1920,0.00011467259630943095,0.006338143154869003,0.3743930530405904,0.6069790294641796,0.0046108380548937275,0.0075642636891578505,4,2021,0.0011089286066644302,0.04795488608105549,0.8353529691120385,0.10222067547645838,0.001394990713513848,0.01196755001026935,3,0.0009942560103549992,0.04161674292618649,0.4609599160714481,-0.5047583539877212,-0.003215847341379879,0.0044032863211114995,0.6848418238220498,4,0.7657315615296202,0.5987506288199095,-0.1669809327097107
tm426620,pedro goncalves_1998,1920,0.012507270823319372,0.12175637593683872,0.027247773078197927,0.014210279589624094,0.812836829376775,0.011441471195244855,5,2021,0.3091992604957626,0.031710232738522824,0.010834296892578121,0.011907224844874952,0.26370999852704513,0.3726389865012164,6,0.2966919896724432,-0.09004614319831589,-0.016413476185619807,-0.0023030547447491414,-0.5491268308497299,0.36119751530597155,0.6308323289602443,5,0.6893909682303008,1.2934954136316463,0.6041044454013456
tm430761,lucas fernandes_1997,1920,0.00021826870479366172,0.020537136859282264,0.001983158610727414,0.0011385246771037393,0.9756871134717953,0.0004357976762976894,5,2021,0.03597009971251708,0.26091651298455554,0.021813021537986674,0.49079381060659194,0.14466348583285057,0.045843069325498295,4,0.03575183100772342,0.24037937612527327,0.01982986292725926,0.4896552859294882,-0.8310236276389447,0.04540727164920061,0.9948950849629192,5,0.12908294369944606,1.3239092341456875,1.1948262904462414
tm432960,lourency_1996,1920,0.020571884059759224,0.0025495895243053146,0.0007584766892232973,0.00046489313716360726,0.9736787016883803,0.0019764549011682766,5,2021,0.4265265686048969,0.011861681857512366,0.0027287846758704245,0.0039625588565840655,0.5512828588503822,0.003637547154753953,5,0.40595468454513767,0.009312092333207051,0.001970307986647127,0.003497665719420458,-0.42239584283799814,0.0016610922535856762,0.585935393020113,5,0.14241800787061967,0.8027848353493683,0.6603668274787486
tm433358,tomas ribeiro_1999,1920,1.0752207649632232e-42,3.167194923114041e-40,9.9523936886411e-39,1.0,2.008586018348155e-41,1.8079390470389293e-41,4,2021,1.0004481086837865e-05,0.0003640496788946837,0.9985011710733592,0.0010611504243313822,7.790975801771061e-06,5.5833366526013844e-05,3,1.0004481086837865e-05,0.0003640496788946837,0.9985011710733592,-0.9989388495756686,7.790975801771061e-06,5.5833366526013844e-05,1.4124034644956758,4,1.3815510557964273e-10,0.012401116945453972,0.012401116807298867
tm435497,fabio china_1992,1920,6.580914610174373e-05,0.07146732845599361,0.025000392614058328,0.8975650547997536,0.003680775175226516,0.0022206398088662647,4,2021,0.01180744360863524,0.14679657772439786,0.24498741920831074,0.5536668657831949,0.0176007629957799,0.025140930679681272,4,0.011741634462533497,0.07532924926840424,0.2199870265942524,-0.34389818901655866,0.013919987820553382,0.022920290870815006,0.415531447804816,4,0.4126212870020002,1.1696877006744577,0.7570664136724575
tm437566,claudio falcao_1994,1920,0.00012964324397888875,0.2876870452697354,0.06335837210973806,0.6428299334284318,0.0023031454710693397,0.0036918604770465355,4,2021,0.0031244940432636234,0.2721834964049365,0.09863595363659856,0.5975161238342923,0.0030616398263991693,0.025478292254509618,4,0.0029948507992847346,-0.015503548864798877,0.0352775815268605,-0.04531380959413944,0.0007584943553298295,0.021786431777463082,0.05956302184005159,4,0.853106042849204,1.0196146062587594,0.16650856340955544
tm438202,bruno tabata_1997,1920,0.004849307204453121,0.05113380161420423,0.028823595093345786,0.019728548292908973,0.7922116076906753,0.1032531401044126,5,2021,0.06397752981673033,0.15657561959901037,0.014374532269261322,0.06793731174275398,0.23599058138144893,0.4611444251907952,6,0.05912822261227721,0.10544181798480615,-0.014449062824084464,0.04820876344984501,-0.5562210263092264,0.35789128508638257,0.5714269980387474,5,0.776521878829392,1.4075974128867939,0.6310755340574018
tm445517,heriberto tavares_1997,1920,0.051766779514936995,0.011863946340368324,0.0020496337774172663,0.0017358163888909954,0.9269058430682885,0.005677980910097831,5,2021,1.0,2.5653919410629534e-41,5.049433165886267e-42,8.504697196214283e-42,6.433192274602485e-38,2.233236694872103e-41,1,0.948233220485063,-0.011863946340368324,-0.0020496337774172663,-0.0017358163888909954,-0.9269058430682885,-0.005677980910097831,1.3260651000707067,1,0.329327202264048,1.3815510557964273e-10,-0.3293272021258929
tm448466,jovane cabral_1998,1920,0.4970239915286187,0.018888198671248378,0.005292996035770938,0.0031470095194971685,0.39585623056346425,0.07979157368140043,1,2021,0.11127309184043943,0.0025699708496270002,0.0005298241483980134,0.0008163495897608955,0.8576300419805082,0.027180721591266315,5,-0.38575089968817927,-0.01631822782162138,-0.004763171887372924,-0.002330659929736273,0.46177381141704393,-0.05261085209013411,0.601941204655603,5,1.0369043637426776,0.49916821215205054,-0.537736151590627
tm45287,adel taarabt_1989,1920,0.000749122608725386,0.7536247787528058,0.024555212853720337,0.01723468042937571,0.20172201789038013,0.0021141874649926373,2,2021,0.004915382561049324,0.5403997423603557,0.010110286659797199,0.4335013111910658,0.006981842572504475,0.004091434655227534,2,0.004166259952323938,-0.21322503639245005,-0.014444926193923138,0.41626663076169007,-0.19474017531787566,0.001977247190234897,0.5068457097853606,4,0.7155222310729804,0.8246685776661402,0.1091463465931598
tm454121,galeno_1997,1920,0.21479205447561991,0.02818281159545794,0.011528286518145754,0.007506957091955774,0.6118766088578644,0.12611328146095607,5,2021,0.3804764237191724,0.23132050822475933,0.03267007208295046,0.06564390464390449,0.22783775591739056,0.06205133541182287,1,0.16568436924355248,0.2031376966293014,0.021141785564804706,0.05813694755194872,-0.3840388529404739,-0.0640619460491332,0.46907244039578055,5,1.0808235764998089,1.5063535420958416,0.42552996559603273
tm461512,oleg reabciuk_1998,1920,0.0002628464384960056,0.033432886334087926,0.036576495720948725,0.9042606934058751,0.01800863599995607,0.007458442100636086,4,2021,0.05560061312989098,0.46958007273609126,0.2711568505199782,0.04955544052017296,0.10141276626954733,0.05269425682431929,2,0.05533776669139497,0.43614718640200334,0.23458035479902944,-0.8547052528857022,0.08340413026959126,0.0452358147236832,0.9928705342303461,4,0.4366629308325062,1.4055785827841814,0.9689156519516752
tm461629,gustavo assuncao_2000,1920,4.701316984944099e-06,0.9979534963261322,0.000527091055005389,0.0012718078355431865,0.0001992864677336877,4.361699860054596e-05,2,2021,0.0013530566063050295,0.6412842134174397,0.05051815371938666,0.3030632840451811,0.001277388273147404,0.0025039039385398513,2,0.0013483552893200853,-0.3566692829086925,0.04999106266438127,0.3017914762096379,0.0010781018054137163,0.0024602869399393055,0.46988632582274253,2,0.016696173619800955,0.82997725664378,0.8132810830239791
tm478366,miguel reisinho_1999,1920,0.00042439636606138504,0.7500491299687234,0.026561964109202474,0.1994596248830842,0.006464740681263882,0.01704014399166466,2,2021,0.00134303787824833,0.6588008191182757,0.054876385910558385,0.265350141326977,0.0014941080025902536,0.01813550776335028,2,0.000918641512186945,-0.09124831085044771,0.02831442180135591,0.0658905164438928,-0.004970632678673629,0.0010953637716856202,0.11616829155885074,2,0.738935449174607,0.877593078893907,0.13865762971930007
tm480692,luis diaz_1997,1920,0.8711455654212307,0.008840165338223288,0.0024679852703193457,0.0011672512536689474,0.10750598364278963,0.008873049073768227,1,2021,0.11057981622930756,0.015144289120233627,0.0011500322456200998,0.0033046162163621884,0.861613785133025,0.008207461055451608,5,-0.7605657491919231,0.0063041237820103384,-0.0013179530246992459,0.002137364962693241,0.7541078014902354,-0.000665588018316619,1.0710671698909109,1,0.4663563231128461,0.501369914528665,0.03501359141581889
tm498237,david carmo_1999,1920,3.2695585896624073e-06,0.0011692496478016847,0.06193031720591333,0.9367630259693097,5.872849498244093e-05,7.540912340317794e-05,4,2021,0.0002916853184604016,0.0346532730597578,0.9258991870178849,0.03595019824918416,0.00030814167900782095,0.0028975146757049468,3,0.0002884157598707392,0.03348402341195612,0.8639688698119715,-0.9008128277201255,0.00024941318402538004,0.0028221055523017687,1.2486101408381012,4,0.24269171822574037,0.3291568855104975,0.08646516728475712
tm51058,lica_1988,1920,0.18164301622036916,0.040834256986640435,0.08447743213832339,0.01909075216530753,0.516438126693548,0.15751641579581133,5,2021,0.963857522565676,0.0014560799868504547,0.0005309590269398743,0.0007170701126110183,0.03269658456116184,0.0007417837467608163,1,0.7822145063453069,-0.03937817699978998,-0.08394647311138351,-0.018373682052696513,-0.4837415421323862,-0.1567746320490505,0.9245543017505743,1,1.3571545870546768,0.1713719432869852,-1.1857826437676917
tm510782,rodrigao_1995,1920,0.00033230792124468525,0.0017839193345968991,0.9829295901832915,0.011671962956025446,0.0019158694454383736,0.0013663501594031755,3,2021,7.614254074771649e-05,0.0015896203072558812,0.9953798524938433,0.002551422698756922,4.4316284665161676e-05,0.00035864567473087544,3,-0.00025616538049696877,-0.0001942990273410179,0.012450262310551796,-0.009120540257268524,-0.001871553160773212,-0.0010077044846723,0.015549899364105009,3,0.10382326678256788,0.03409968047769023,-0.06972358630487765
tm512913,stephen eustaquio_1996,1920,1.3910971057418317e-05,0.9939499475355043,0.00110845184297725,0.004409041192001338,0.0003765008245107641,0.0001421476339489246,2,2021,0.00020680686587160044,0.8745229388188729,0.00914791536035755,0.11558160420871608,0.0001589937355744275,0.00038174101060738157,2,0.00019289589481418212,-0.11942700871663137,0.0080394635173803,0.11117256301671474,-0.00021750708893633662,0.00023959337665845697,0.16336115410499222,2,0.041872922771202574,0.41574485533758737,0.3738719325663848
tm516127,walterson_1994,1920,0.002320888249320012,0.83170075547996,0.018391444247655646,0.029304345194638697,0.10312093934222835,0.015161627486197175,2,2021,0.13324967088832718,0.4547471167219965,0.017463687528404534,0.233703594054718,0.15090143785519275,0.009934492951361106,2,0.13092878263900717,-0.3769536387579635,-0.0009277567192511119,0.2043992488600793,0.0477804985129644,-0.005227134534836069,0.4508872160545736,2,0.6420681992927576,1.3685269950898982,0.7264587957971406
tm517300,vitor tormena_1996,1920,1.0061940252923437e-05,0.0016604418702700944,0.6692881354493353,0.3285620876576245,0.00017164575655634437,0.00030762732596099993,3,2021,0.0001782943707248768,0.0037973508446982615,0.9828845673864515,0.012216644609230939,0.000102364940987466,0.0008207778479069804,3,0.00016823243047195337,0.0021369089744281674,0.31359643193711617,-0.31634544304839357,-6.928081556887837e-05,0.0005131505219459804,0.44544557573638754,4,0.6491652226050303,0.1002575651889215,-0.5489076574161088
tm518472,willyan_1995,1920,0.008581282527544564,0.19590422752348172,0.1952377534013288,0.38757999162342277,0.10761193780502684,0.10508480711919534,4,2021,0.0015126587114418768,0.47415827368831615,0.07630592380450071,0.4390356870399984,0.0014983512533538695,0.007489105502389027,2,-0.007068623816102688,0.2782540461648344,-0.11893182959682808,0.05145569541657563,-0.10611358655167297,-0.09759570161680631,0.32485049112271186,2,1.5231155489025245,0.9677834774622263,-0.5553320714402983
tm520530,fali cande_1998,1920,2.104703549894726e-05,0.0041096695123990406,0.16006068877886012,0.8345859729460359,0.000946615421874242,0.00027600630533193706,4,2021,0.014886899708123782,0.0910562432007574,0.8153017087349276,0.04895412916777522,0.011325737614017539,0.01847528157439853,3,0.014865852672624835,0.08694657368835837,0.6552410199560674,-0.7856318437782607,0.010379122192143297,0.018199275269066593,1.0268625100863336,4,0.4758326716864807,0.7194876074458281,0.24365493575934738
tm522714,anderson_1997,1920,0.7748852288674367,0.0027224786026476596,0.0017121980074290197,0.0010646589781384494,0.01020522927087383,0.20941020627347431,1,2021,0.5094645041481063,0.018117122154358893,0.009131836299778638,0.012034615241509035,0.13257600916605375,0.3186759129901935,1,-0.2654207247193304,0.015394643551711234,0.007419638292349619,0.010969956263370585,0.12237077989517992,0.10926570671671917,0.2929763726063639,1,0.6060949278528123,1.1446364785796057,0.5385415507267934
tm534473,paulinho_1997,1920,0.0015887041370520143,0.9004057666359792,0.01467398861629943,0.014006606959507796,0.05340040312272638,0.015924530528435312,2,2021,0.0011957985723212727,0.9665523139527207,0.0028651667245012625,0.024793110312192335,0.0018645065628300078,0.0027291038754345817,2,-0.0003929055647307416,0.06614654731674152,-0.011808821891798167,0.010786503352684539,-0.05153589655989637,-0.01319542665300073,0.08536548283698012,2,0.4488182227429056,0.177199182150931,-0.2716190405919746
tm535955,nuno tavares_2000,1920,0.004233121798905313,0.0883322301328441,0.4634578190204846,0.148072776948552,0.1556475472676834,0.14025650483153074,3,2021,0.01650380669003325,0.3919494228851013,0.07493450437031757,0.4409777231271762,0.02886200663313955,0.04677253629423214,4,0.012270684891127936,0.30361719275225724,-0.38852331465016704,0.29290494617862417,-0.12678554063454384,-0.0934839685372986,0.5874965670360192,3,1.4417617229372857,1.235625556026204,-0.20613616691108172
tm537598,fabio vieira_2000,1920,0.12917547209328537,0.030088617846640492,0.034325864205372834,0.01289561466300856,0.1298423382809775,0.6636720929107153,6,2021,0.1253370716622032,0.13058100351216284,0.02039193982833559,0.13115216912587105,0.30055070840920495,0.29198710746222245,5,-0.0038384004310821618,0.10049238566552235,-0.013933924377037245,0.11825655446286248,0.17070837012822745,-0.3716849854484928,0.23115701903344027,5,1.0787844453987716,1.5926785991011236,0.513894153702352
tm544784,zaidu sanusi_1997,1920,0.002719314689255956,0.09256113437182756,0.327566400415634,0.2116800497731022,0.34269271095638804,0.022780389793792172,5,2021,0.0027251641350385263,0.06080134111263031,0.8708186891842145,0.056839085467543946,0.0027358869002264115,0.006079833200346459,3,5.849445782570191e-06,-0.03175979325919725,0.5432522887685804,-0.15484096430555827,-0.3399568240561616,-0.016700556593445715,0.6600591641692518,3,1.3837544225805356,0.5169552952931388,-0.8667991272873968
tm54716,steven vitoria_1987,1920,9.078180847840553e-05,0.002690368230582011,0.9449127754312072,0.05092684636453855,0.0009646892354103481,0.00041453892978360546,3,2021,0.003276366613487564,0.024270781098899175,0.9550255797043724,0.008676428067334409,0.0020809255637629044,0.006669918952143349,3,0.0031855848050091583,0.021580412868317165,0.010112804273165188,-0.04225041829720414,0.0011162363283525561,0.006255380022359744,0.048625865650019424,4,0.23186288796438878,0.2403973221875299,0.008534434223141124
tm550549,tomas tavares_2001,1920,7.407575417853983e-05,0.0064539594261132285,0.1106159018933572,0.8774025481008678,0.0039031314394683274,0.001550383386014926,4,2021,0.00022918307535136655,0.003380487272526801,0.9809421277903514,0.014497961558307727,0.00018933281698728968,0.0007609074864753265,3,0.0001551073211728267,-0.0030734721535864273,0.8703262258969942,-0.8629045865425601,-0.0037137986224810376,-0.0007894758995395995,1.2255999867615293,3,0.42322572493211863,0.10849770717636427,-0.3147280177557544
tm553062,vitor carvalho_1997,1920,0.17436090427349143,0.09573483708509971,0.04465011885669605,0.06461666803849406,0.09123155518976223,0.5294059165564566,6,2021,0.0026114316261739326,0.28341041734608,0.03031413741605007,0.6709362273852443,0.0018511823816645067,0.010876603844787227,4,-0.1717494726473175,0.1876755802609803,-0.01433598144064598,0.6063195593467502,-0.08938037280809771,-0.5185293127116694,0.6637302044012655,4,1.4001128787918704,0.8074357528848598,-0.5926771259070106
tm55994,ukra_1988,1920,0.004712426096614547,0.281492601626468,0.24741056507788384,0.07067088435456302,0.358079386375399,0.037634136469071613,5,2021,0.22664096221203478,0.3084327299032486,0.058447178833196806,0.21442065586370157,0.1498251123283602,0.042233360859457995,2,0.22192853611542024,0.026940128276780606,-0.18896338624468703,0.14374977150913854,-0.20825427404703878,0.004599224390386382,0.3869354551637136,1,1.4060807560634005,1.613414717930104,0.2073339618667034
tm56036,luis neto_1988,1920,8.183649242513729e-08,1.85896122831676e-05,0.0007001022144403234,0.9992776806268338,1.3853039748831196e-06,2.160405975509085e-06,4,2021,7.005408674947817e-05,0.0025691130165071017,0.9889711856954486,0.007729320603094092,5.651754699666078e-05,0.0006038090512042033,3,6.997225025705304e-05,0.002550523404223934,0.9882710834810083,-0.9915483600237397,5.5132243021777656e-05,0.0006016486452286942,1.3999479982541527,4,0.0060585004260780865,0.06957462993541144,0.06351612950933336
tm560903,patrick_1997,1920,2.2071364640278458e-05,0.0017693833747978486,0.15501379842017432,0.8423717796681577,0.0004162906436313016,0.00040667652859864486,4,2021,0.0002792627960602955,0.012728132505109315,0.926171915808736,0.05862697181874667,0.0002799876490490349,0.0019137294222985406,3,0.00025719143142001705,0.010958749130311467,0.7711581173885618,-0.783744807849411,-0.00013630299458226673,0.0015070528936998958,1.099573073858041,4,0.45134336641262285,0.3094301753424485,-0.14191319107017436
tm56183,bruno moreira_1987,1920,0.7386657669262081,0.012162658788433716,0.019626857437165288,0.006714689857923942,0.10275414589045925,0.12007588109980966,1,2021,0.3591680422796001,0.05282017666830376,0.05455735977620639,0.07575586205240556,0.09199628333952047,0.3657022758839637,6,-0.379497724646608,0.04065751787987005,0.0349305023390411,0.06904117219448162,-0.010757862550938788,0.24562639478415405,0.3895819706177576,1,0.8764509629395036,1.4646375871390798,0.5881866241995761
tm564544,pedro amador_1998,1920,8.247282302586787e-05,0.028800540255328085,0.2390673647338419,0.7213707249097663,0.005984503257789951,0.004694394020247834,4,2021,0.001889483682188118,0.05020987182321171,0.76191053988182,0.14184405268756745,0.0021971724509457636,0.04194887947426688,3,0.0018070108591622502,0.021409331567883626,0.5228431751479781,-0.5795266722221988,-0.0037873308068441876,0.03725448545401904,0.7808278416250436,4,0.7364509975256882,0.7927440937433544,0.056293096217666205
tm568216,show_1999,1920,7.9527307183875e-06,0.9983543110010373,0.00046451860022632055,0.0007564441450207123,0.0003335478705190153,8.322565247844178e-05,2,2021,0.0002877544956090311,0.4682119291562493,0.003533612203322955,0.5266384473126421,0.0002889739469235719,0.0010392828852530283,4,0.0002798017648906436,-0.530142381844788,0.0030690936030966344,0.5258820031676213,-4.4573923595443406e-05,0.0009560572327745866,0.7467344413478342,2,0.014191252173400223,0.7247863446409186,0.7105950924675184
tm581121,tiago esgaio_1995,1920,0.0006908695778678293,0.11020316269568863,0.463148287447326,0.3231678980397957,0.09356448009351925,0.009225302145802668,3,2021,0.001693298968031936,0.2878736344925695,0.6070337407594272,0.0981445304087942,0.0014429878678583034,0.0038118075033189915,3,0.0010024293901641067,0.17767047179688084,0.14388545331210117,-0.22502336763100148,-0.09212149222566095,-0.005413494642483677,0.33375546497086256,4,1.2344991647271562,0.9307819538642839,-0.3037172108628723
tm589374,milson_1999,1920,0.04193143782202244,0.25538220424705915,0.0379388255356717,0.034626708539637945,0.12626936938444164,0.5038514544711672,6,2021,0.23353836370956177,0.05834637962152561,0.0033366687067563744,0.011489208147299793,0.6344006793694925,0.05888870044536391,5,0.19160692588753933,-0.19703582462553354,-0.03460215682891532,-0.023137500392338153,0.5081313099850508,-0.44496275402580326,0.579194623250837,5,1.3288425028072943,1.0312649569825894,-0.29757754582470497
tm58965,ruben lima_1989,1920,5.73276041396018e-05,0.030569120421772632,0.044076650047091014,0.9174598921431869,0.005068952169035066,0.002768057614774577,4,2021,0.007962437352552566,0.20340838457237206,0.39521784212595695,0.3573677628153369,0.007707004913872677,0.02833656821990876,3,0.007905109748412964,0.17283926415059944,0.35114119207886596,-0.56009212932785,0.002638052744837611,0.025568510605134185,0.6833346116099431,4,0.3669035519786372,1.2355138920720938,0.8686103400934566
tm592735,gonzalo plata_2000,1920,0.0012503454076630653,0.0061811715926516405,0.0015609285971513182,0.0009092557665743861,0.9868623681005262,0.0032359305354332105,5,2021,0.03167980918296323,0.2131348052215533,0.029246289928334217,0.047645571444742664,0.10846158362033288,0.5698319406020738,6,0.030429463775300165,0.20695363362890165,0.0276853613311829,0.04673631567816828,-0.8784007844801933,0.5665960100666405,0.904596296338032,5,0.08785553250641613,1.248574307158146,1.16071877465173
tm594546,ze uilton_1992,1920,0.008488670613246999,0.03392125580139539,0.02083199481869519,0.010663007921663668,0.9113232643352556,0.01477180650974324,5,2021,0.11100084748359146,0.07814092115334836,0.6695651424379527,0.034989246862926496,0.07930038849049063,0.027003453571690338,3,0.10251217687034446,0.04421966535195297,0.6487331476192575,0.024326238941262828,-0.832022875844765,0.012231647061947097,1.061212822133499,5,0.43121607108489507,1.1276121844842661,0.696396113399371
tm595012,ibrahima camara_1999,1920,0.0033097436330385807,0.575541392022528,0.046460436932958024,0.2475882818045439,0.05906618825273141,0.06803395735420005,2,2021,0.0017000021466819523,0.5698536654550687,0.020350890977303516,0.3975089486850521,0.0017981321990491,0.00878836053684452,2,-0.0016097414863566284,-0.005687726567459306,-0.02610954595565451,0.1499206668805082,-0.05726805605368231,-0.05924559681735553,0.1627036769505641,4,1.1750426657703241,0.8302621949713985,-0.3447804707989256
tm598629,bruno duarte_1996,1920,0.9489688199947145,0.0015132418956530806,0.0045998747987898705,0.0011504351654049404,0.009480689261805519,0.03428693888363247,1,2021,0.9291369949345841,0.0018877609616199421,0.0012923212130038588,0.0008708073111706473,0.061714128563760635,0.005097987015860642,1,-0.01983182506013037,0.00037451906596686155,-0.0033075535857860117,-0.00027962785423429307,0.05223343930195512,-0.029188951867771828,0.05597134832677454,5,0.25188886732507393,0.29366348483381166,0.04177461750873773
tm601883,matheus nunes_1998,1920,0.0001472465695508466,0.9446287277462252,0.009114920076960091,0.03890636565522669,0.0033298381163045696,0.0038729018357325585,2,2021,0.08411167624317081,0.7055280572461151,0.012875833959594931,0.04879588084878277,0.12862736183238324,0.020061189869953124,2,0.08396442967361997,-0.23910067050011008,0.0037609138826348396,0.009889515193556082,0.12529752371607866,0.016188288034220566,0.2828967523981072,2,0.2647474589137347,0.9999439071802985,0.7351964482665638
tm606050,pedro pelagio_2000,1920,1.0062811619835825e-05,0.9976965874349394,0.0005056694725310734,0.0009743952785501993,0.0006779881913222266,0.00013529681103730538,2,2021,0.002292349702899374,0.6556687283123063,0.007922832282381498,0.32300376315658763,0.002713222085480609,0.008399104460344727,2,0.002282286891279538,-0.3420278591226331,0.007417162809850424,0.32202936787803743,0.0020352338941583823,0.008263807649307422,0.46984075547630605,2,0.019162637416010004,0.750223999470055,0.731061362054045
tm616341,nuno mendes_2002,1920,0.0015311812895823305,0.2809233977351799,0.10176185329533764,0.3729239082956222,0.16613730863953588,0.0767223507447421,4,2021,0.01101278587228504,0.3459090717792436,0.15419058036887853,0.4497065600568574,0.010987397031504066,0.028193604891231218,4,0.00948160458270271,0.06498567404406375,0.05242872707354089,0.07678265176123517,-0.15514991160803182,-0.04852874585351088,0.1924288979401043,5,1.4621846822469273,1.2146978091177905,-0.24748687312913686
tm61764,marco matias_1989,1920,0.0005694872927483887,0.0705905008064888,0.0031146391929521085,0.0034512231245482994,0.9203173173186625,0.0019568322645998467,5,2021,0.34579090553725716,0.11786654186608388,0.019849608550123295,0.11275952147621328,0.28172555214258077,0.12200787042774161,1,0.34522141824450875,0.04727604105959507,0.016734969357171187,0.10930829835166497,-0.6385917651760817,0.12005103816314176,0.735826513188839,5,0.31754549284473726,1.556684863224092,1.2391393703793547
tm63837,andre andre_1989,1920,0.005073513505225951,0.24053635258480222,0.026680330078621597,0.013487742270692256,0.6971343279863064,0.01708773357435158,5,2021,0.003112750909844624,0.9704109673981586,0.0016783891888242238,0.01925736547386092,0.004637056021562238,0.0009034710077496112,2,-0.001960762595381327,0.7298746148133564,-0.025001940889797375,0.005769623203168666,-0.6924972719647441,-0.01618426256660197,1.0064450582211018,2,0.8453531307232935,0.16515387356467728,-0.6801992571586163
tm64339,pizzi_1989,1920,0.2992355596911071,0.010668232959842615,0.011621300912822596,0.005334932613242274,0.143840997869325,0.5292989759536604,6,2021,0.47517041368047225,0.0033257225272026692,0.0009864166601400584,0.0016768210368932404,0.5127586658667165,0.006081960228575208,5,0.17593485398936515,-0.007342510432639946,-0.010634884252682539,-0.003658111576349034,0.36891766799739145,-0.5232170157250852,0.4089421885935947,5,1.1048214660102564,0.7636160875961477,-0.3412053784141087
tm646677,riccieli_1998,1920,2.7790913473128574e-06,0.0004152821147282685,0.0812090402379867,0.9182675202458163,6.106042412828927e-05,4.43178859931468e-05,4,2021,1.4884892979958334e-05,0.00057633290736599,0.9987302060258683,0.0005459284342084821,1.2777025414429955e-05,0.00011987071416283936,3,1.2105801632645477e-05,0.0001610507926377215,0.9175211657878816,-0.9177215918116077,-4.828339871385931e-05,7.555282816969256e-05,1.297712617709013,4,0.28649726584671303,0.011061068558387888,-0.27543619728832514
tm694928,samuel lino_1999,1920,0.0026926723383213654,0.003645524845900137,0.00209052795749807,0.001800691956514176,0.9872755524291476,0.0024950304726187476,5,2021,0.807984396215651,0.0017026754463695755,0.0014938069501561127,0.0011791948408918166,0.1827082236553804,0.0049317028915509134,1,0.8052917238773296,-0.0019428493995305616,-0.0005967210073419573,-0.0006214971156223593,-0.8045673287737671,0.002436672418932166,1.1383443521509171,1,0.08827593094461225,0.537575300739019,0.44929936979440677
tm782612,tiago melo almeida_2001,1920,1.7067090052616386e-05,0.0018177722706239307,0.04316777996605337,0.9541948184812781,0.00035075126342781315,0.000451810928564088,4,2021,0.0011420144723201322,0.022382688122427156,0.8950305927473465,0.06879950706325205,0.0009935964508107954,0.011651601143843223,3,0.0011249473822675159,0.020564915851803225,0.8518628127812932,-0.885395311418026,0.0006428451873829822,0.011199790215279136,1.2288285900813096,4,0.19832953373524187,0.43492832976453033,0.23659879602928846
tm82281,ivo pinto_1990,1920,9.311400897085316e-05,0.0054553208114078424,0.7104923112574298,0.2783553034857745,0.003253849018720223,0.0023501014176969095,3,2021,0.0015190004886289309,0.04095068866201875,0.36956373344132454,0.5832851527096087,0.001162765423478833,0.0035186592749401257,4,0.0014258864796580777,0.03549536785061091,-0.3409285778161053,0.3049298492238342,-0.0020910835952413897,0.0011685578572432163,0.4587819035675751,3,0.6609773159362016,0.8507596066441336,0.18978229070793207
tm83466,andre almeida_1990,1920,0.004772836827361639,0.047405318064761275,0.6613996819223628,0.14258579341176586,0.11950434931864914,0.02433202045509937,3,2021,0.00440170949174097,0.04382771420525626,0.7911310885207294,0.08227408223460964,0.010717257649535681,0.06764814789812809,3,-0.000371127335620669,-0.0035776038595050144,0.12973140659836668,-0.060311711177156224,-0.10878709166911346,0.04331612744302872,0.1797645923473428,3,1.065492787663092,0.7826229110156762,-0.2828698766474158
tm84511,silvio_1987,1920,4.732982608557643e-06,0.0005055656103317019,0.02021564775304625,0.978967217007826,0.00015595206194788524,0.0001508845842397975,4,2021,4.092874380179627e-06,7.283574431202327e-05,0.9996815634835021,0.00022547175381345416,2.351087003077308e-06,1.368505698910549e-05,3,-6.401082283780162e-07,-0.0004327298660196786,0.9794659157304558,-0.9787417452540125,-0.00015360097494480793,-0.000137199527250692,1.3846620868751252,3,0.10626719153283894,0.003140182183985688,-0.10312700934885324
tm85953,yohan tavares_1988,1920,0.0010315978934470535,0.009385758471064478,0.8607561272377782,0.10569364230643474,0.006317382317982528,0.016815491773293046,3,2021,6.19155993008068e-06,0.00020682082785838916,0.9986709712850753,0.001044792267164912,5.0294754965170746e-06,6.619458447458272e-05,3,-0.001025406333516973,-0.009178937643206089,0.13791484404729715,-0.10464885003926983,-0.006312352842486011,-0.016749297188818464,0.17348497391977957,3,0.5181860595931003,0.011026727209888235,-0.507159332383212
tm9413,ricardo vaz te_1986,1920,0.9346727133206388,0.003679465750040406,0.010106633185643088,0.0025998118405611706,0.03471803566751765,0.014223340235598876,1,2021,0.23861591146861777,0.0565755550353282,0.02975185948094185,0.062036449273280704,0.09541072883546282,0.5176094959063686,6,-0.696056801852021,0.052896089285287794,0.019645226295298763,0.059436637432719534,0.06069269316794518,0.5033861556707697,0.7034879668165058,1,0.3228390922683712,1.346482143437548,1.0236430511691768
tm95429,osama rashid_1992,1920,0.0008084852039862433,0.4953088954339273,0.0975573335973511,0.04619360254543936,0.35207222666217364,0.008059456557122362,2,2021,0.07853702154342404,0.24810449295011688,0.1268426056621234,0.4595251363228622,0.053541625719289526,0.03344911780218403,4,0.0777285363394378,-0.24720440248381043,0.029285272064772314,0.4133315337774228,-0.2985306009428841,0.025389661245061666,0.572689135258277,4,1.129224464191202,1.435244913043931,0.30602044885272917
tm96140,jorge correa_1993,1920,0.015637040428144136,0.033100337791116506,0.01225083404370865,0.005252217406787573,0.926981187569673,0.006778382760570183,5,2021,0.18262681912251794,0.21275763729038388,0.03283641025728905,0.3789294334098688,0.15098839766597363,0.04186130225396669,4,0.1669897786943738,0.17965729949926737,0.020585576213580398,0.37367721600308124,-0.7759927899036994,0.03508291949339651,0.8957597720048333,5,0.36347005821349354,1.5379716308769262,1.1745015726634327
anderson_1998,anderson_1998,2021,0.07677429427519078,0.45771411603384915,0.02889460056877612,0.3216436857207978,0.1051580603592171,0.009815243042169073,2,2122,0.005821067199304424,0.18909263213779828,0.0028742549170298493,0.12993974540442163,0.6715260431351691,0.0007462572062767302,5,-0.07095322707588636,-0.2686214838960509,-0.02602034565174627,-0.1917039403163762,0.566367982775952,-0.009068985835892343,0.6598424153366929,5,1.30425893874403,0.8996567881215326,-0.4046021506224974
diederrick joel_1993,diederrick joel_1993,2021,0.8124064243416794,0.004467333539502961,0.0007097423741080248,0.0011115329515777538,0.1730897385318729,0.00821522826125908,1,2122,0.6222031500802062,0.0322642340402725,0.0036807077078220523,0.011041828705506265,0.24312232990315197,0.08768774956304083,1,-0.1902032742614732,0.027796900500769543,0.0029709653337140277,0.00993029575392851,0.07003259137127907,0.07947252130178176,0.20484617272525757,1,0.5486979315477508,1.0336523131126116,0.4849543815648608
francisco chico_1998,francisco chico_1998,2021,0.5211110272579959,0.017999114443260147,0.004756700142116419,0.010509454501670056,0.3256320671457133,0.11999163650924423,1,2122,0.0016550465402687539,0.7162846159898224,0.03699854722876851,0.21786935205072597,0.016304183113167912,0.010888255077246264,2,-0.5194559807177271,0.6982855015465622,0.03224184708665209,0.2073598975490559,-0.3093278840325454,-0.10910338143199796,0.947184544441428,2,1.1050589639187778,0.8199180952551111,-0.2851408686636667
lamine diaby_1996,lamine diaby_1996,2021,0.04573556475457832,0.3893007672084872,0.058070657421531544,0.11869123160066723,0.034243657070473214,0.35395812194426246,2,2122,0.004570199660831207,0.015341153130779614,0.01336540161243963,0.020988626119359418,0.010070801192595423,0.9356638182839947,6,-0.04116536509374712,-0.3739596140777076,-0.04470525580909192,-0.09770260548130781,-0.02417285587787779,0.5817056963397322,0.39200646196272654,2,1.4097485520733137,0.3360040775179556,-1.0737444745553582
paulo sergio mota_1991,paulo sergio mota_1991,2021,0.0027719702316277945,0.014505260002757904,0.8751487743806501,0.09546534070324804,0.002627180506612458,0.009481474175103727,3,2122,0.013705135608310577,0.13620265845160295,0.2484394112067813,0.4667039182637785,0.11304373520512122,0.021905141264405428,4,0.010933165376682784,0.12169739844884506,-0.6267093631738687,0.37123857756053047,0.11041655469850876,0.0124236670893017,0.7467960322637109,3,0.4784635247037042,1.3620857732825395,0.8836222485788354
pedro borges_1997,pedro borges_1997,2021,4.9623131285770296e-05,0.9928364148199448,0.0006904000626834617,0.006266047306020855,5.928490953842517e-05,9.822977052664462e-05,2,2122,0.005939604334307671,0.14369777942908224,0.06066460139614555,0.5755270432002751,0.18416520652687027,0.030005765113319243,4,0.005889981203021901,-0.8491386353908625,0.05997420133346209,0.5692609958942543,0.18410592161733183,0.0299075353427926,1.040490793154221,2,0.045923304280636464,1.2139983631539248,1.1680750588732884
pedro rodrigues_1997,pedro rodrigues_1997,2021,0.0006813584522809577,0.06575352997931598,0.019758898333790176,0.9116750025686623,0.0006494686936631198,0.0014817419722873923,4,2122,0.01030259125860712,0.13170997344347501,0.02452742407568481,0.634100530091592,0.18366791719308972,0.015691563937551486,4,0.009621232806326162,0.06595644346415903,0.004768525741894635,-0.27757447247707034,0.1830184484994266,0.014209821965264094,0.3391296207277781,4,0.360199384185354,1.0703852912647533,0.7101859070793993
rui filipe cunha correia_1995,rui filipe cunha correia_1995,2021,0.0036093791596371297,0.43681557709360325,0.010851600689838436,0.5364011970932291,0.004395806137992973,0.007926439825699237,4,2122,0.0019904176761744697,0.1669844233055289,0.13277020461537611,0.6634769160670841,0.021686552800675784,0.013091485535160676,4,-0.00161896148346266,-0.2698311537880743,0.12191860392553767,0.12707571897385506,0.01729074666268281,0.005165045709461439,0.3226806886798709,2,0.8274873244521717,0.9913814806719483,0.16389415621977665
sphephelo sithole_1999,sphephelo sithole_1999,2021,4.7704269033902574e-05,0.023417275974032238,0.0030910872852761145,0.9727682191801336,4.862488089264891e-05,0.0006270884106315837,4,2122,0.0007382237199701459,0.03163301361849057,0.1012604437509114,0.8512338413510621,0.008439794525183175,0.006694683034382662,4,0.0006905194509362433,0.008215737644458335,0.09816935646563528,-0.1215343778290715,0.008391169644290526,0.0060675946237510785,0.15667231546552962,4,0.13821874315135887,0.5573840041229967,0.41916526097163787
thibang phete_1994,thibang phete_1994,2021,0.0005978777411027608,0.5340917184592509,0.29243670482753187,0.1712743990635286,0.0007461354857948965,0.0008531644227909537,2,2122,0.0005153161109198743,0.022037363348149635,0.7381674328595673,0.23214325642521366,0.004950390339529939,0.002186240916619551,3,-8.256163018288644e-05,-0.5120543551111012,0.44573072803203545,0.06086885736168507,0.004204254853735042,0.0013330764938285973,0.6816144400407236,2,1.0125795033792147,0.6907627122896098,-0.3218167910896048
tm102427,sebastian coates_1990,2021,0.0007481141565405103,0.005725593913231462,0.9888023253714355,0.00289375684893564,0.00046783167502589557,0.0013623780348309207,3,2122,9.398728545184934e-05,0.0005716277892110487,0.9933011424893277,0.004599633375289726,0.0011120854862515777,0.0003215235744681748,3,-0.0006541268710886609,-0.005153966124020413,0.004498817117892129,0.001705876526354086,0.0006442538112256821,-0.0010408544603627459,0.00711025188918889,2,0.07557110876768747,0.04672012303698465,-0.02885098573070282
tm106837,abdoulaye ba_1991,2021,0.00012946701514887984,0.0023799104671263704,0.9918391979133176,0.004910387936055691,8.509486638770632e-05,0.0006559418019639586,3,2122,4.1063366299107875e-07,2.7418356756747215e-06,0.9999691529616735,1.9848000976038078e-05,3.863153969686551e-06,3.983414042071196e-06,3,-0.00012905638148588876,-0.002377168631450696,0.008129955048355897,-0.004890539935079653,-8.123171241801977e-05,-0.0006519583879218874,0.009782010774271013,3,0.05537348878284852,0.00038457964042857906,-0.05498890914241994
tm109256,haris seferovic_1992,2021,0.1475055010815315,0.006260527690004037,0.006160038989762247,0.0035717372156360777,0.10187759164991853,0.7346246033731476,6,2122,0.23660531874655746,0.021086632947752662,0.007603187739171931,0.015820858787678586,0.10097471655921866,0.6179092852196206,6,0.08909981766502598,0.014826105257748625,0.0014431487494096845,0.012249121572042509,-0.0009028750906998617,-0.11671531815352698,0.0911675915338544,1,0.8247920126562678,1.0541004129986766,0.22930840034240885
tm111200,fabio pacheco_1988,2021,0.00105358676684921,0.08895029505870215,0.24159030148953906,0.6496209198122032,0.00086972501111919,0.017915171861587302,4,2122,0.0019001454710867987,0.03370628394915173,0.4953342371275921,0.4064240206023653,0.03219629311301071,0.030439019736793253,3,0.0008465587042375887,-0.05524401110955042,0.2537439356380531,-0.24319689920983784,0.03132656810189152,0.01252384787520595,0.3571619911924038,3,0.924046415826293,1.057000700482306,0.1329542846560131
tm112465,sergio oliveira_1992,2021,0.19007605488842602,0.03790370645412213,0.005721711796952401,0.016204230455733267,0.7136273330694911,0.036466963335274986,5,2122,0.028014331937743536,0.09294631040690124,0.01596667228443662,0.08282739521004906,0.07391982809684972,0.7063254620640199,6,-0.1620617229506825,0.05504260395277911,0.01024496048748422,0.06662316475431579,-0.6397075049726414,0.6698584987287449,0.6656297675970022,5,0.8975112055592862,1.0314679560661453,0.13395675050685907
tm118323,ricardo alves_1991,2021,0.025218308057447448,0.0959165363666318,0.7757664494355373,0.030807250877031702,0.017153968806977758,0.05513748645637399,3,2122,0.00025101110274249137,0.004096275193300363,0.7983591354176169,0.19345134840875244,0.0031069381008220873,0.0007352917767657042,3,-0.024967296954704957,-0.09182026117333145,0.02259268598207964,0.16264409753172074,-0.01404703070615567,-0.05440219467960828,0.19030285671165223,4,0.8513666059062471,0.5454220765103193,-0.30594452939592787
tm124548,bebeto_1990,2021,0.006783492633605008,0.2080352027459849,0.4136827934702669,0.175323420298353,0.017649895296297704,0.17852519555549248,3,2122,0.006628899177138505,0.18035467583750073,0.3309724002551483,0.30448222560365823,0.03176228369451208,0.14579951543204211,3,-0.00015459345646650323,-0.02768052690848416,-0.08271039321511858,0.12915880530530524,0.014112388398214378,-0.03272568012345037,0.1564877027407056,4,1.4097526958562956,1.4605087352696826,0.05075603941338702
tm125165,jesus corona_1993,2021,0.11324969624220431,0.06494060310396084,0.006731928280838836,0.016344089868148542,0.786791014409209,0.011942668095638617,5,2122,0.016106058094302184,0.08164901234513251,0.4547789010144869,0.23852298134042044,0.14998122336322556,0.05896182384243233,3,-0.09714363814790213,0.016708409241171673,0.4480469727336481,0.2221788914722719,-0.6368097910459833,0.04701915574679371,0.8156913122840306,5,0.766689826260165,1.422729079737353,0.6560392534771881
tm126956,edgar costa_1987,2021,0.02925248159030926,0.14953485163583724,0.0549182627263888,0.6669426911458016,0.04880231435199521,0.05054939854966772,4,2122,0.0024620383105387303,0.963614269857046,0.0006794030302445239,0.02264741600389402,0.006216422124337431,0.004380450673939359,2,-0.02679044327977053,0.8140794182212088,-0.054238859696144275,-0.6442952751419077,-0.04258589222765778,-0.04616894787572837,1.0408241161265714,2,1.115239309101537,0.19661348051326297,-0.9186258285882739
tm127031,pierre sagna_1990,2021,0.00811072866012565,0.21855878577624516,0.4644452306063855,0.19588297009934794,0.014542942991488778,0.09845934186640705,3,2122,0.00024907475043107726,0.002651287625804615,0.9784230937034827,0.013977603306654084,0.0022063264556665078,0.0024926141579610784,3,-0.007861653909694573,-0.21590749815044055,0.5139778630970973,-0.18190536679269384,-0.01233661653582227,-0.09596672770844597,0.5865942820119995,3,1.3367021802413759,0.12726367740378786,-1.209438502837588
tm129386,zouhair feddal_1989,2021,0.0010650430100252785,0.01951227637689606,0.961861042124296,0.014492329338038778,0.0006202107417138058,0.002449098409029974,3,2122,2.5951258196834795e-05,0.00015276208737011667,0.9987099204248514,0.000753277846955525,0.0002251268321938962,0.000132961550432376,3,-0.0010390917518284437,-0.019359514289525946,0.03684887830055539,-0.013739051491083253,-0.00039508390951990954,-0.0023161368585975983,0.04384778174975808,3,0.20217347834729213,0.011399963733733814,-0.19077351461355832
tm129670,luiz carlos_1985,2021,0.0013041728002505485,0.9872571314074969,0.0009585989858917228,0.00832686952299085,0.0016034341722161766,0.0005497931111539551,2,2122,0.0009674777349911157,0.050646018486539504,0.05149370833138354,0.878556547126773,0.010315597402174068,0.008020650918138838,4,-0.00033669506525943276,-0.9366111129209574,0.05053510934549182,0.8702296776037821,0.008712163229957891,0.0074708578069848834,1.2795193945609775,2,0.08230327229961525,0.5101735990027036,0.4278703267030884
tm131015,marco baixinho_1989,2021,4.7679721995607426e-05,0.001039250917188302,0.9957911099742748,0.002694778354156886,3.141975332390702e-05,0.00039576127906035973,3,2122,6.9292513133716905e-06,3.666315003858197e-05,0.9996192628508412,0.00023719682774745056,4.065117865088332e-05,5.929674140840399e-05,3,-4.0750470682235735e-05,-0.00100258776714972,0.0038281528765664596,-0.0024575815264094355,9.231425326976303e-06,-0.00033646453765195575,0.0046584750140175315,3,0.03118328655409734,0.0038053777928971815,-0.027377908761200158
tm137192,zainadine junior_1988,2021,9.350304846123874e-05,0.0023562110373911154,0.992716378238884,0.004471418805466694,5.251790674978427e-05,0.0003099709630471188,3,2122,6.672316465304022e-05,0.0006659689383181357,0.9943012322668594,0.004057752406729688,0.00033137028704234155,0.000576952936397297,3,-2.6779883808198524e-05,-0.0016902420990729796,0.0015848540279753687,-0.0004136663987370061,0.00027885238029255727,0.0002669819733501782,0.002370290350375673,2,0.04959362741087167,0.04049946850373,-0.009094158907141672
tm139395,ricardo esgaio_1993,2021,0.040776203715837823,0.3133672896263689,0.3787484140016555,0.2135080667083963,0.018955004695275637,0.03464502125246587,3,2122,0.01962953863013615,0.26959024668791565,0.07012317154796241,0.4140000095783792,0.09464631311194006,0.1320107204436665,4,-0.021146665085701673,-0.04377704293845325,-0.30862524245369305,0.20049194286998287,0.07569130841666442,0.09736569919120061,0.3788658661556751,3,1.3831559025970381,1.4724495588520585,0.08929365625502039
tm14132,pepe_1983,2021,0.0003064231821470636,0.005008824077599853,0.9891585328433439,0.0045582195251237315,0.00018509868798501785,0.0007829016838003961,3,2122,0.0001041680593651673,0.0006519563532650173,0.9949036797841089,0.0029945128781907805,0.001040585098096556,0.00030509782697351245,3,-0.00020225512278189628,-0.0043568677243348355,0.005745146940765,-0.001563706646932951,0.0008554864101115381,-0.00047780385682688365,0.007430138111002473,3,0.0715542383606344,0.03783840346965967,-0.03371583489097473
tm149729,joao mario_1993,2021,0.012630376055625123,0.2694602926063061,0.015878741345559888,0.690662750796707,0.007760980521890039,0.0036068586739116874,4,2122,0.01038006182475581,0.17108701040088553,0.004055482488880419,0.4839443924758984,0.32191305467360226,0.008619998135977717,4,-0.002250314230869313,-0.09837328220542058,-0.01182325885667947,-0.20671835832080865,0.3141520741517122,0.005013139462066029,0.388903794500221,5,0.7879630759953211,1.1289157506183516,0.34095267462303047
tm155025,fabio cardoso_1994,2021,0.005820977571870372,0.045961236710500286,0.9100067682323537,0.02133161227051741,0.004395516519958686,0.012483888694799505,3,2122,2.475237928830969e-05,0.00011182419339586118,0.998923331950128,0.0006264425235622437,0.0001253238197792866,0.00018832513384645373,3,-0.005796225192582063,-0.04584941251710443,0.08891656371777423,-0.020705169746955167,-0.0042701927001794,-0.01229556356095305,0.10241512953646367,3,0.41798245723385885,0.00971768035400429,-0.4082647768798546
tm155395,salvador agra_1991,2021,0.6200034566099307,0.006206893204371961,0.0014474937457098365,0.0022971427829883216,0.3651175922916813,0.004927421365317759,1,2122,0.6857229083352482,0.08989206257562889,0.0009320471946371914,0.011969925492682125,0.20523966829658108,0.006243388105222431,1,0.06571945172531746,0.08368516937125693,-0.0005154465510726451,0.009672782709693803,-0.1598779239951002,0.0013159667399046723,0.19229413121375102,5,0.7453937965386314,0.8914545735049673,0.1460607769663359
tm164705,raul silva_1989,2021,0.00012333491990629194,0.011947420689216138,0.9789053412166341,0.00834964439347766,0.0001314878749486534,0.0005427709058171274,3,2122,0.011754158647350747,0.05328788682376709,0.4564343636893292,0.12391517849068064,0.3119163714265743,0.04269204092229804,3,0.011630823727444454,0.04134046613455095,-0.5224709775273049,0.11556553409720298,0.31178488355162565,0.04214927001648091,0.6207942000708535,3,0.12008835067758829,1.3232419723361897,1.2031536216586014
tm172181,diogo figueiras_1991,2021,0.0012668336729019006,0.05009823154389862,0.8012468714528053,0.14407126935224354,0.0008485505127712377,0.00246824346537942,3,2122,0.004196521089671573,0.040471364473873485,0.43479060641527373,0.44716673170947574,0.04300640639563442,0.030368369916071104,4,0.0029296874167696724,-0.009626867070025136,-0.36645626503753154,0.30309546235723217,0.04215785588286318,0.027900126450691683,0.47753072983566835,3,0.6359304897359699,1.1162247415232445,0.4802942517872746
tm173617,fabricio_1990,2021,0.8904228760077091,0.01992933982313568,0.002222640423205708,0.008072904201652464,0.07312878223979603,0.006223457304500952,1,2122,0.6731191232611375,0.07372654694424373,0.0393918591540544,0.03739588311938188,0.1314564790860269,0.04491010843515553,1,-0.21730375274657154,0.053797207121108054,0.03716921873084869,0.029322978917729413,0.05832769684623086,0.03868665113065457,0.23613252335252674,1,0.4567418671308241,1.1150637728185702,0.6583219056877461
tm176485,lucas piazon_1994,2021,0.2135660460914099,0.01800722795866707,0.0036201719856232993,0.004266145317130856,0.7412269243070196,0.01931348434014939,5,2122,0.0013751391288491577,0.03356808794296333,0.00868784968585733,0.9102783285593428,0.044912874579451166,0.0011777201035364617,4,-0.21219090696256074,0.015560859984296259,0.005067677700234031,0.9060121832422119,-0.6963140497275685,-0.01813576423661293,1.1623270343365693,4,0.7438589564842802,0.3971076161919256,-0.34675134029235466
tm176997,anderson carvalho_1990,2021,0.0006571059661699891,0.5629594923057568,0.010236770633473738,0.42226617335148403,0.0006585689017010066,0.0032218888414143783,2,2122,0.0023633912875010254,0.05984793770661456,0.2138217570241845,0.6602452766715777,0.014364836420463425,0.04935680088965867,4,0.0017062853213310363,-0.5031115545991423,0.20358498639071076,0.2379791033200937,0.013706267518762418,0.0461349120482443,0.5927840330599341,2,0.7625192890625067,0.99621099108736,0.23369170202485334
tm177964,yusupha njie_1994,2021,0.449443245935326,0.016778199648823263,0.01441333371872026,0.012372829924526861,0.27662143689634194,0.23037095387626175,1,2122,0.7116872125766426,0.04295658750656243,0.0009525199715814336,0.007537092865645354,0.2265253644101641,0.010341222669404163,1,0.2622439666413166,0.026178387857739165,-0.013460813747138827,-0.004835737058881508,-0.05009607248617784,-0.2200297312068576,0.2686473531765768,1,1.237162602621079,0.8043754796082617,-0.4327871230128172
tm181783,claudio winck_1994,2021,0.007309851956587493,0.4167364423162625,0.1241830905677357,0.4181399615142268,0.012742323672128108,0.020888329973059335,4,2122,0.004944435902462331,0.5282242985202193,0.030451496938159205,0.3336629172049628,0.08929685524069901,0.01341999619349721,2,-0.002365416054125162,0.11148785620395685,-0.0937315936295765,-0.084477044309264,0.07655453156857091,-0.0074683337795621255,0.18498031310741153,2,1.16076236648754,1.1095208837974313,-0.05124148269010864
tm182108,sebastian perez_1993,2021,0.020379100604509433,0.8375875069224425,0.04348766209529614,0.06155454737390303,0.025678496861849927,0.011312686141998972,2,2122,0.0006900783803333442,0.013913800555351147,0.08544499939036226,0.890771298495288,0.0057652131891283535,0.003414609989536899,4,-0.019689022224176088,-0.8236737063670914,0.04195733729506612,0.829216751121385,-0.019913283672721573,-0.007898076152462073,1.1698646970981186,4,0.6804745030372109,0.426839489843843,-0.2536350131933679
tm182936,filipe ferreira_1990,2021,0.0014976239889890417,0.019402147609061813,0.9374900055725646,0.03296932816679595,0.001454698049089115,0.007186196613499361,3,2122,0.0010069149716217278,0.017101293316213257,0.8752684841646314,0.08661872451466489,0.012386486662904733,0.0076180963699638785,3,-0.000490709017367314,-0.002300854292848556,-0.062221521407933134,0.05364939634786894,0.010931788613815618,0.00043189975646451724,0.08291449923217536,3,0.30421387298222397,0.49657045473752565,0.19235658175530168
tm193082,alex grimaldo_1995,2021,0.04454712916805662,0.2733442278008396,0.3293971797509131,0.10831196208087318,0.1383784370707388,0.10602106412857876,3,2122,0.046157810196733026,0.09241908024400376,0.03594793427577278,0.17966860676551122,0.552843744317055,0.09296282420092432,5,0.0016106810286764042,-0.18092514755683586,-0.2934492454751403,0.07135664468463804,0.41446530724631614,-0.013058239927654439,0.5438034797913682,5,1.6112746074644597,1.338531599087426,-0.2727430083770337
tm193303,nuno sequeira_1990,2021,0.0026060173413002476,0.09641276745795914,0.6830960154390742,0.19864927574750915,0.003115183715308676,0.016120740298848697,3,2122,0.00421153729415371,0.02532809208246557,0.8700573400160035,0.06183944202972248,0.017113329801668103,0.021450258775986716,3,0.001605519952853462,-0.07108467537549357,0.18696132457692938,-0.13680983371778666,0.013998146086359428,0.0053295184771380184,0.2427406524479609,3,0.906947546911778,0.5613874489126282,-0.3455600979991499
tm193830,iuri medeiros_1994,2021,0.276793735368091,0.025444175126150603,0.015642071849463222,0.011272372352355606,0.43070284837521194,0.24014479692872756,5,2122,0.42392127569312943,0.05531460692055819,0.0071193392105687635,0.026586787170091972,0.2442738621377976,0.24278412886785405,1,0.14712754032503844,0.029870431794407584,-0.00852273263889446,0.015314414817736367,-0.18642898623741436,0.0026393319391264936,0.2400035228908817,5,1.2699133468956156,1.343553192136571,0.07363984524095546
tm193994,yves baraye_1992,2021,0.13918487054563594,0.034159814950437094,0.003038796527063446,0.007027938876957426,0.7969703240775373,0.019618255022368827,5,2122,0.006778357666243396,0.5977893738026476,0.0011498924791584065,0.090571231252697,0.30193389936497883,0.0017772454342746763,2,-0.13240651287939253,0.5636295588522106,-0.0018889040479050396,0.08354329237573958,-0.4950364247125585,-0.01784100958809415,0.766324915239281,2,0.7002587148786885,0.939558895498827,0.23930018062013847
tm196792,julian weigl_1995,2021,8.504697196214283e-42,7.485555445082503e-39,2.9079857918345895e-40,1.0,8.732608136554698e-42,2.233236694872103e-41,4,2122,0.00019982646233002917,0.006954919497178171,0.007231872707510568,0.9792171804462253,0.005496373969347679,0.0008998269174082589,4,0.00019982646233002917,0.006954919497178171,0.007231872707510568,-0.0207828195537747,0.005496373969347679,0.0008998269174082589,0.023724386906737872,4,1.3815510557964273e-10,0.12738146998234498,0.12738146984418988
tm197981,pedrinho_1992,2021,0.20113435092068657,0.2541140580084436,0.02943220418135144,0.2545521214925448,0.2121637220637978,0.048603543333175764,4,2122,0.016387631321174666,0.21910038573928015,0.018864617225688697,0.5654075346471372,0.1243696634863858,0.055870167580333474,4,-0.18474671959951192,-0.035013672269163465,-0.010567586955662744,0.3108554131545924,-0.087794058577412,0.00726662424715771,0.373908900872425,4,1.5986817994850882,1.217736811632162,-0.3809449878529261
tm198053,lazar rosic_1993,2021,9.555040909654587e-05,0.0016499670705101986,0.9901195382253372,0.007322007972277346,6.115820016550039e-05,0.0007517781226131042,3,2122,5.122495966054286e-07,2.1756716526634456e-06,0.9999729845699393,1.8883023894067123e-05,2.853846305097251e-06,2.590638612038045e-06,3,-9.503815949994044e-05,-0.0016477913988575351,0.009853446344602168,-0.007303124948383278,-5.8304353860403134e-05,-0.0007491874840010661,0.012375527747180771,3,0.0632895464209085,0.00033795638630517046,-0.06295159003460334
tm203348,chancel mbemba_1994,2021,0.00017337161958880644,0.0017427159486465508,0.9927850556151888,0.004291771147142838,0.0001045206218835408,0.0009025650475494088,3,2122,0.00048309943756668863,0.00271964912570173,0.977311185121994,0.010444301643198829,0.0058654743273879135,0.003176290344150797,3,0.0003097278179778822,0.0009769331770551793,-0.015473870493194819,0.006152530496055991,0.005760953705504373,0.0022737252966013883,0.017650303592167734,3,0.050440495170756404,0.13823837117894722,0.0877978760081908
tm205116,talocha_1989,2021,0.008234411447003894,0.14556476274356117,0.595117203840175,0.20377848611831043,0.00559776952935848,0.04170736632159102,3,2122,0.00036067758598700534,0.0017505463032179453,0.988278102724655,0.00675000069200573,0.0019530370724163263,0.0009076356217178301,3,-0.007873733861016889,-0.14381421644034323,0.39316089888448,-0.1970284854263047,-0.0036447324569421533,-0.04079973069987319,0.46276724721071455,3,1.1145963336064377,0.0779037645004464,-1.0366925691059914
tm211072,paulinho_1992,2021,0.3495445529702059,0.0020488748249190844,0.0006510575071395416,0.000925979018917982,0.6353774467845649,0.011452088894252572,5,2122,0.9681231562595334,0.002409975852089633,0.0002766385011126623,0.0012241767890896838,0.021432937910131504,0.00653311468804308,1,0.6185786032893275,0.00036110102717054875,-0.0003744190060268794,0.00029819777017170174,-0.6139445088744334,-0.004918974206209492,0.8715318169349289,1,0.7306952845858874,0.17159642362020983,-0.5590988609656775
tm211107,joao afonso_1990,2021,8.097998552832195e-05,0.0031084997981202407,0.9765191100633108,0.018992120970562843,6.555499528245079e-05,0.0012337341871954492,3,2122,1.846015742120392e-05,7.828223112261213e-05,0.9991281785166988,0.000490099013305271,0.00018168861315682208,0.00010329146829547287,3,-6.251982810711804e-05,-0.0030302175669976285,0.022609068453387948,-0.018502021957257572,0.00011613361787437129,-0.0011304427188999764,0.029371659930726962,3,0.12608756905843646,0.0080607534341935,-0.11802681562424296
tm211345,mansur_1993,2021,7.883662068917265e-05,0.0014341272974288135,0.9934573047543876,0.004695844290002386,6.0418337401608846e-05,0.00027346870009030004,3,2122,1.4814009671793093e-05,0.00033651598471886294,0.9981972127319222,0.0012222753539515591,9.284496085156173e-05,0.00013633695888375585,3,-6.402261101737956e-05,-0.0010976113127099505,0.004739907977534541,-0.003473568936050827,3.242662344995289e-05,-0.0001371317412065442,0.005978487247072755,3,0.044660947365000696,0.014930293362629764,-0.029730654002370932
tm214070,ewerton_1992,2021,0.0006474971678979827,0.4336827796464239,0.004929357244756501,0.5594926566714693,0.0006159937107442905,0.0006317155587081064,4,2122,0.0015791965607052049,0.04413986610487273,0.007869187820252563,0.8649754437626381,0.07945649616322138,0.0019798095883099757,4,0.0009316993928072222,-0.38954291354155113,0.0029398305754960623,0.30548278709116883,0.07884050245247709,0.0013480940296018693,0.5012870935840649,2,0.7273771930735131,0.5250647865368208,-0.20231240653669236
tm214538,mateus uribe_1991,2021,0.000201764331742019,0.970755917460099,0.0021798925966432505,0.026388355371996613,0.0002191550223371775,0.00025491521718187023,2,2122,0.00027033037023160345,0.004477901035995987,0.008792385209047519,0.9792174097778067,0.006066129533705809,0.0011758440732122268,4,6.856603848958445e-05,-0.966278016424103,0.006612492612404268,0.9528290544058101,0.005846974511368631,0.0009209288560303565,1.3570756533130925,2,0.1437614731240578,0.12752707297410837,-0.016234400149949424
tm215122,ivo rodrigues_1995,2021,0.1529995730354348,0.05296626164289054,0.005559312643596526,0.012893329980439386,0.7462890227086166,0.02929249998902204,5,2122,0.006978552465738079,0.7811176777149225,0.0036708120723363364,0.16220096082371505,0.02700042269761098,0.019031574225677184,2,-0.1460210205696967,0.7281514160720319,-0.0018885005712601897,0.14930763084327567,-0.7192886000110057,-0.010260925763344857,1.0446047330661263,2,0.8496250273338928,0.7161403863443447,-0.13348464098954804
tm222813,marko grujic_1996,2021,0.005886936318969078,0.9093692721277051,0.012215505864713904,0.06168548643300734,0.0072426929261397216,0.003600106329464862,2,2122,0.002429307225997142,0.07148262413232896,0.07692909924795116,0.800475063554984,0.03594263926804219,0.012741266570696838,4,-0.0034576290929719364,-0.8378866479953762,0.06471359338323726,0.7387895771219767,0.02869994634190247,0.009141160241231976,1.1193246023565013,2,0.39821816463477855,0.7538044588093719,0.3555862941745933
tm225151,rafael barbosa_1996,2021,0.9015508320602426,0.0021419891837488377,0.000399475745436701,0.0008241711024581966,0.09447642508034695,0.000607106827766645,1,2122,0.13094711887133373,0.21331755897872856,0.0027096127006304253,0.12242887736025417,0.5232505746587782,0.007346257430274923,5,-0.7706037131889089,0.21117556979497973,0.0023101369551937244,0.12160470625779597,0.4287741495784313,0.006739150602508278,0.9149128465172364,1,0.34298385782745144,1.2439279883909937,0.9009441305635423
tm231289,otavio_1995,2021,0.03984175684971186,0.5219112255789352,0.0115816806615312,0.135121711686787,0.2554319784950277,0.03611164672800696,2,2122,0.005673289849672324,0.5888322792624945,0.006363432711527815,0.32458471422904545,0.032675665710457574,0.04187061823680248,2,-0.03416846700003954,0.06692105368355927,-0.005218247950003385,0.18946300254225845,-0.22275631278457012,0.005758971508795521,0.3019763995623224,5,1.2584173883834924,0.9832527056150707,-0.27516468276842165
tm231614,gilberto_1993,2021,0.0013181109098825742,0.33192501928912416,0.05342012676736238,0.6068860915673943,0.0017533247693071958,0.004697326696929409,4,2122,0.009178783923049005,0.29902398736027086,0.09035177766372614,0.40896250493203495,0.09079984111248902,0.10168310500843009,4,0.00786067301316643,-0.0329010319288533,0.03693165089636376,-0.1979235866353593,0.08904651634318182,0.09698577831150068,0.22273581467648026,4,0.8706970248908138,1.4371981561268998,0.566501131236086
tm235568,joao pedro_1993,2021,0.013018523445705919,0.8602541265283284,0.007400213406856398,0.10415171291749499,0.012425759505116958,0.0027496641964974283,2,2122,0.00868409943509517,0.14538684049519146,0.0077557473680973,0.7045633184691323,0.12546964943942385,0.00814034479305987,4,-0.004334424010610748,-0.714867286033137,0.00035553396124090274,0.6004116055516373,0.11304388993430689,0.005390680596562442,0.9403867116292418,2,0.528635766594469,0.9055832006997472,0.3769474341052782
tm238055,rafa silva_1993,2021,0.15311963722877028,0.015325134107278345,0.002273034519968113,0.002995040894628453,0.8217270872012515,0.004560066048103217,5,2122,0.2479724369948188,0.10737873239014538,0.006775277408710127,0.039775120393222924,0.2856800750779952,0.3124183577351076,6,0.09485279976604852,0.09205359828286704,0.004502242888742014,0.03678007949859447,-0.5360470121232563,0.3078582916870044,0.5533447047053981,5,0.5685298672541562,1.468875574548785,0.9003457072946287
tm249360,ali alipour_1995,2021,0.918220002007057,0.009086245843946067,0.0020683860674585055,0.002603754890629703,0.06611487958906337,0.0019067316018454216,1,2122,0.8611843187602927,0.006545068209877475,0.0005413753795215434,0.0017994858439686642,0.12506739702011627,0.004862354786223395,1,-0.057035683246764335,-0.0025411776340685923,-0.0015270106879369623,-0.0008042690466610388,0.0589525174310529,0.002955623184377973,0.0820847407804411,5,0.34086697025223617,0.4629626712616773,0.12209570100944112
tm255995,mario gonzalez_1996,2021,0.405103350227311,0.01467378552143436,0.01291023792893621,0.0067079017695250215,0.12756399512795513,0.43304072942483834,6,2122,0.9347758859805358,0.009433885826285595,0.0009557446157056688,0.0033200361263556917,0.02930804278176135,0.02220640466935584,1,0.5296725357532248,-0.005239899695148764,-0.011954493313230542,-0.0033878656431693297,-0.09825595234619378,-0.4108343247554825,0.5388776033530398,1,1.1428242031419498,0.32064134343211675,-0.8221828597098331
tm257388,wilson manafa_1994,2021,0.0004255095079700804,0.004467398789575401,0.9786596531049292,0.01506565777840299,0.00039595156427685887,0.0009858292548453787,3,2122,0.0007075623953014715,0.006419183190370651,0.9591841719484853,0.021542434093746763,0.009768569018502763,0.002378079353593128,3,0.00028205288733139107,0.00195178440079525,-0.01947548115644393,0.006476776315343774,0.009372617454225905,0.0013922500987477492,0.02264901701698554,3,0.12171819752257378,0.219766534584856,0.09804833706228223
tm257455,joao palhinha_1995,2021,0.0027491950386143503,0.4969853094425097,0.03842836358588582,0.4297278357588135,0.0031655807791962794,0.028943715394980463,2,2122,0.009501682428149822,0.24635816497249574,0.03406623417006349,0.4259925341973427,0.21704873892103896,0.06703264531090929,4,0.006752487389535471,-0.25062714447001394,-0.004362129415822327,-0.0037353015614708385,0.21388315814184267,0.038088929915928826,0.3296036219744301,2,0.9726355453908226,1.3807531170112886,0.4081175716204659
tm257456,francisco geraldes_1995,2021,0.2459843406046999,0.26921131589663244,0.05605882187207867,0.1908356684095088,0.20749878260622104,0.030411070610859132,2,2122,0.0022658664935437823,0.3473439835766172,0.0007262650478993885,0.6373288741620782,0.011708541077434522,0.0006264696424269495,4,-0.2437184741111561,0.07813266767998478,-0.05533255682417928,0.44649320575256934,-0.19579024152878652,-0.029784600968432183,0.5534031999253971,4,1.6084224346474143,0.7301337976495522,-0.8782886369978621
tm258015,diogo goncalves_1997,2021,0.016716550461578345,0.2994711541170987,0.15775486837005004,0.38812075117061734,0.05577576639294284,0.08216090948771256,4,2122,0.0017019537085649027,0.8849542689987009,0.002328957738648743,0.09563071803206509,0.012521774537592267,0.0028623269844282226,2,-0.015014596753013443,0.5854831148816022,-0.1554259106314013,-0.29249003313855226,-0.043253991855350574,-0.07929858250328434,0.6742362026171047,2,1.4544557256241646,0.4292104004758404,-1.0252453251483242
tm258135,andrija lukovic_1994,2021,0.06401342607126852,0.5497497909698466,0.05430554106380467,0.1334191832460399,0.12480344834358084,0.07370861030545955,2,2122,0.006611993551922052,0.09202593197912941,0.010631405904254241,0.8320050615921174,0.053695876602019174,0.005029730370557792,4,-0.057401432519346464,-0.45772385899071716,-0.04367413515955043,0.6985858783460774,-0.07110757174156167,-0.06867887993490177,0.8413037512159942,4,1.3837251754292934,0.6377063162433405,-0.7460188591859529
tm261927,ricardo horta_1994,2021,0.698036604564504,0.002799912694866901,0.0009556962008888793,0.0010687463894869802,0.2910054050773546,0.006133635072898743,1,2122,0.42252638059860836,0.03836335217314018,0.003360834218332898,0.020112970102983605,0.43853566518712966,0.07710079771980521,5,-0.27551022396589564,0.03556343947827328,0.0024051380174440187,0.019044223713496625,0.14753026010977505,0.07096716264690647,0.31512582650594245,1,0.6718132866616595,1.1458813071080691,0.4740680204464096
tm262002,welinton junior_1993,2021,0.35253589873230295,0.06026724053381913,0.020412810894869557,0.07071345394539162,0.24187421760671254,0.254196378286904,1,2122,0.572646764452094,0.1371029719635151,0.0023715896136916274,0.029317816882736852,0.16843124894979575,0.0901296081381668,1,0.220110865719791,0.07683573142969596,-0.01804122128117793,-0.04139563706265477,-0.0734429686569168,-0.16406677014873722,0.24856684596006073,1,1.4950710555910085,1.2263946670586503,-0.2686763885323582
tm264848,ruben lameiras_1994,2021,0.20637114085729855,0.02472141934913743,0.0032447176715698998,0.0060618470699240826,0.7537053092478034,0.0058955658042665615,5,2122,0.7503506731055015,0.12073823953729587,0.004003097223630898,0.019435862058835164,0.10001141693802001,0.005460711136716544,1,0.543979532248203,0.09601682018815844,0.0007583795520609985,0.013374014988911082,-0.6536938923097835,-0.00043485466755001714,0.8559369752053023,5,0.7100644167005987,0.8281822020206266,0.11811778532002792
tm265589,fahd moufi_1996,2021,0.007854532651992806,0.1479086851163306,0.4706289830940959,0.3209773183611037,0.013476604470336868,0.03915387630614025,3,2122,0.003874903464606704,0.12001189295274804,0.5924421467499208,0.2528293666403496,0.016390150920149345,0.014451539272225705,3,-0.003979629187386102,-0.027896792163582554,0.1218131636558249,-0.06814795172075411,0.0029135464498124767,-0.024702337033914543,0.14242593646515878,3,1.2251149519664615,1.0623701296646055,-0.16274482230185594
tm27178,ruben fernandes_1986,2021,0.00031243166020016364,0.0033136528180024312,0.986435728558443,0.008075616788864669,0.00018702359746649018,0.0016755465770234364,3,2122,0.0003312567284127515,0.0013957319769301376,0.9876199744565148,0.0059314981290305106,0.0017374132255586745,0.002984125483553147,3,1.882506821258785e-05,-0.0019179208410722937,0.0011842458980718673,-0.002144118659834158,0.0015503896280921843,0.0013085789065297106,0.0034759410106124577,4,0.08614406065310387,0.08293987534292503,-0.0032041853101788392
tm290336,rochinha_1995,2021,0.22096804461533814,0.03374590032317169,0.010122212173522275,0.011398608403212534,0.6766268596753008,0.04713837480945459,5,2122,0.18165869909414878,0.23761993510613297,0.0016613602204414565,0.03274001498022156,0.5380339792504091,0.008286011348646217,5,-0.039309345521189365,0.2038740347829613,-0.008460851953080818,0.021341406577009028,-0.1385928804248917,-0.03885236346080837,0.25068880082467554,2,0.9537634001409296,1.1471053318315836,0.19334193169065395
tm290388,rafael ramos_1995,2021,0.005304894669662739,0.09319029275867888,0.538910199728931,0.33525811061342536,0.0054832742493032514,0.02185322797999875,3,2122,0.0001064699149045127,0.0014624582412563311,0.9920354644796201,0.004064968967566281,0.00046859969947608663,0.0018620386971768394,3,-0.0051984247547582265,-0.09172783451742254,0.45312526475068915,-0.33119314164585906,-0.005014674549827165,-0.01999118928282191,0.5687508846891259,3,1.0605900281303806,0.05612925676403055,-1.00446077136635
tm290391,nuno santos_1995,2021,0.2528942407924809,0.02866193972323281,0.009925368781647069,0.010434634669936653,0.5915077881185455,0.10657602791415698,5,2122,0.4694393387551504,0.0631138745970445,0.00963616458729383,0.08511258183093053,0.2645341884394021,0.10816385179017861,1,0.21654509796266952,0.034451934873811686,-0.00028920419435323787,0.07467794716099388,-0.32697359967914347,0.0015878238760216323,0.40070853445689736,5,1.0920810117334852,1.3761432224354424,0.28406221070195725
tm290530,bilel aouacheria_1994,2021,0.4357708302461699,0.24196507710070145,0.02322429845822753,0.0683208141074661,0.2063291041487456,0.024389875938689378,1,2122,0.0053669620667946855,0.5151964199092117,0.0057106189602149264,0.4417281220878427,0.027108514421199482,0.004889362554736524,2,-0.4304038681793752,0.27323134280851025,-0.017513679498012604,0.3734073079803766,-0.17922058972754612,-0.019500513383952853,0.6570864652705236,1,1.3922514009692022,0.883973942943943,-0.5082774580252591
tm298410,joao pedro sousa silva_1996,2021,0.16325980124178988,0.018851315752989557,0.01798156642590774,0.012016465278004183,0.12940289792708065,0.6584879533742279,6,2122,0.6198911136014214,0.11827919379576599,0.03217874344690651,0.04446767514569756,0.08421649069357888,0.10096678331662977,1,0.4566313123596315,0.09942787804277643,0.014197177020998767,0.032451209867693384,-0.04518640723350177,-0.5575211700575982,0.4708444654185531,1,1.0358721753588045,1.2378341248784661,0.20196194951966162
tm299400,pedro sa_1993,2021,0.00010830009304086279,0.07957499652722273,0.010703419639153087,0.9079807159603844,0.0001117934183748153,0.0015207743618240012,4,2122,0.0009071862376091541,0.01408854198001124,0.03434365589105316,0.9101869749341596,0.03705209671542584,0.003421544241740892,4,0.0007988861445682913,-0.0654864545472115,0.023640236251900076,0.0022062589737751326,0.03694030329705103,0.0019007698799168907,0.07885067092053887,2,0.3494951471925983,0.40937230485989917,0.059877157667300895
tm302371,toni martinez_1997,2021,0.1811657253837579,0.009618897585294774,0.008165710469903255,0.006258371324380113,0.07349479530457695,0.721296499932087,6,2122,0.18865932114146178,0.035472304563381685,0.008285592262445969,0.014936387884344432,0.08479331199907893,0.6678530821492873,6,0.007493595757703891,0.025853406978086912,0.00011988179254271425,0.008678016559964318,0.011298516694501978,-0.05344341778279971,0.030455401036755515,2,0.8526890789168122,1.0144316247809364,0.16174254586412418
tm307058,mehdi taremi_1992,2021,0.43560470161703724,0.006825822121098667,0.003901905330432543,0.0033084111209448204,0.30901519681809664,0.24134396299239008,1,2122,0.4171424288134729,0.01852017017568807,0.004477790647281427,0.012669293765683832,0.09349218077882361,0.4536981358190501,6,-0.018462272803564328,0.011694348054589403,0.0005758853168488839,0.009360882644739011,-0.21552301603927304,0.21235417282666003,0.21683113591905243,5,1.1425480858712467,1.0982927501530266,-0.044255335718220046
tm308371,mikel villanueva_1993,2021,4.043924893274126e-06,9.407955571874516e-05,0.9996353136756968,0.0002466525442771677,2.48181027668634e-06,1.742848913721291e-05,3,2122,1.3102609689096402e-07,8.350799471964667e-07,0.9999902572700451,6.105591916215212e-06,1.2186715751691457e-06,1.4523604193735728e-06,3,-3.912898796383162e-06,-9.32444757715487e-05,0.00035494359434828926,-0.00024054695236095248,-1.2631387015171942e-06,-1.597612871783934e-05,0.0004388157130474092,3,0.0035591607542703038,0.0001329309872059824,-0.003426229767064321
tm308560,jhon murillo_1995,2021,0.3797427222864737,0.05077029074248487,0.01359689961966161,0.01101505910871998,0.5032780366122721,0.04159699163038761,5,2122,0.23679709826394393,0.09079830976024213,0.005367484642016029,0.04267886046821762,0.5978292689223638,0.0265289779432164,5,-0.14294562402252978,0.04002801901775726,-0.00822941497764558,0.031663801359497645,0.09455123231009166,-0.01506801368717121,0.17901382307643543,1,1.1049318793286131,1.1254639926472454,0.02053211331863225
tm312123,lucas possignolo_1994,2021,3.1487128139126356e-05,0.0009229515830135566,0.9983011851055541,0.0005856298587345977,2.4190589350683832e-05,0.00013455573520785604,3,2122,0.003565545590930811,0.022893473618194975,0.7886322548431693,0.07988950822319539,0.06628141567506463,0.03873780204944499,3,0.003534058462791685,0.02197052203518142,-0.20966893026238476,0.07930387836446079,0.06625722508571394,0.03860324631423714,0.23480923901072068,3,0.014288530071470027,0.8015296284998669,0.7872410984283968
tm314367,marcus edwards_1998,2021,0.4574295283332183,0.020110075469688803,0.012551873772786562,0.011097498626911369,0.44272676366773805,0.05608426012965673,1,2122,0.8179655058258498,0.03320329424564445,0.0005393347770876096,0.0062587891575216145,0.13599097997333737,0.0060420960205592,1,0.3605359774926315,0.013093218775955647,-0.012012538995698952,-0.0048387094693897546,-0.3067357836944007,-0.05004216410909753,0.4737216256891307,1,1.063540090651247,0.6154267407503506,-0.44811334990089646
tm321239,everton soares_1996,2021,0.21227166088107,0.011910594446817392,0.005957234633127504,0.004826087008652293,0.7237571877480915,0.04127723528224132,5,2122,0.13939992934665288,0.3881931600058287,0.0052139720143493384,0.08493138104357252,0.3582036878100834,0.024057869779513127,2,-0.07287173153441712,0.3762825655590113,-0.0007432626187781656,0.08010529403492023,-0.3655534999380081,-0.017219365502728196,0.5356730628743288,2,0.803585094673765,1.3362652909124435,0.5326801962386785
tm323945,yan matheus_1998,2021,0.2158595997770125,0.013552779528783566,0.0028971742704196634,0.0036995516844096203,0.7589748645206712,0.005016030218703406,5,2122,0.18503065518251843,0.16296278451551946,0.0030447983130387746,0.04651679343439366,0.5912314284202094,0.011213540134320089,5,-0.030828944594494062,0.1494100049867359,0.0001476240426191112,0.04281724174998404,-0.16774343610046183,0.006197509915616683,0.23074871993939877,5,0.6627554404088014,1.1292720989255887,0.46651665851678725
tm324803,nicolas janvier_1998,2021,0.002736413464258197,0.24471610298551646,0.026705797839527756,0.7191812330492994,0.0032573659358459267,0.0034030867255523145,4,2122,0.029117612411311864,0.1748857330401797,0.015415312335836063,0.5348904492326617,0.22302141731804861,0.02266947566196192,4,0.026381198947053666,-0.06983036994533676,-0.011290485503691694,-0.18429078381663766,0.21976405138220267,0.019266388936409605,0.2965789179411878,5,0.7324424906655347,1.2273868677493338,0.4949443770837991
tm327911,felipe pires_1995,2021,0.9592848824798151,0.00017187089218709812,5.354278393163526e-05,6.847849935715855e-05,0.040200185107756366,0.00022104023695280675,1,2122,0.09806913002254186,0.7188547869704875,0.005015895661695342,0.06399715861901996,0.10112161078091265,0.012941417945342695,2,-0.8612157524572732,0.7186829160783005,0.004962352877763707,0.0639286801196628,0.06092142567315629,0.012720377708389888,1.1251758206330833,1,0.17360716771562631,0.9554721371573794,0.7818649694417531
tm329722,andre horta_1996,2021,0.2131440802709343,0.22592137256785488,0.007355488677702397,0.047326394826422105,0.4932926877587675,0.012959975898318746,5,2122,0.003389581306189198,0.0224557074242573,0.003472257022506827,0.9592582036601337,0.009912309779748293,0.001511940807164701,4,-0.2097544989647451,-0.2034656651435976,-0.00388323165519557,0.9119318088337116,-0.4833803779790192,-0.011448035091154045,1.0727005733168182,4,1.2509684215629595,0.2196411361836069,-1.0313272853793527
tm329723,gil bastiao dias_1996,2021,0.02707989915319885,0.5865281258874826,0.13743293122795366,0.21438469098831373,0.022733226579163122,0.011841126163888148,2,2122,0.031524831776451295,0.12466807553120746,0.010737639929568483,0.29019583156758794,0.5280818321946623,0.014791789000522582,5,0.004444932623252445,-0.46186005035627514,-0.1266952912983852,0.07581114057927421,0.5053486056154992,0.0029506628366344333,0.700364692579351,5,1.152114539088415,1.1757769869839967,0.023662447895581584
tm334557,chiquinho_1995,2021,0.22349631700329392,0.32141112329800814,0.044244817981916866,0.11053010817111217,0.1860175363279465,0.11430009721772251,2,2122,0.7697237933502814,0.051847516024345564,0.00591011784207596,0.02955468392996332,0.12369224445538232,0.019271644397951548,1,0.5462274763469874,-0.2695636072736626,-0.03833470013984091,-0.08097542424114884,-0.062325291872564165,-0.09502845281977096,0.618821464443206,1,1.6418599129031846,0.8239151514353993,-0.8179447614677853
tm335380,pedro nuno_1995,2021,0.46189634685508285,0.008518733086735033,0.006915715001506679,0.006606008620750332,0.1373111030185951,0.37875209341733007,1,2122,0.006309347644638748,0.9781413472348574,0.0005597201348924807,0.007514400539175024,0.006124336519098737,0.0013508479273374933,2,-0.4555869992104441,0.9696226141481223,-0.006355994866614198,0.0009083919184246919,-0.13118676649949634,-0.3774012454899926,1.0793417990924983,2,1.1052830053886125,0.13465460977918647,-0.9706283956094259
tm336158,gustavo sauer_1993,2021,0.12308175915236554,0.3839764586482741,0.015461991810755252,0.16212636459179308,0.28957463478971546,0.025778791007096742,2,2122,0.04707042905656329,0.6729652116572012,0.002494582076893239,0.10378529465697295,0.15902528327126036,0.014659199281109151,2,-0.07601133009580224,0.2889887530089271,-0.012967409733862014,-0.05834106993482013,-0.1305493515184551,-0.011119591725987591,0.33152253167292006,2,1.4379992978623093,1.0147579063473646,-0.42324139151494466
tm337798,abdu conte_1998,2021,0.01211685282213894,0.10960111507106064,0.12204443694146765,0.7230714753684464,0.017090177492220377,0.01607594230466603,4,2122,0.0024235020872520204,0.08807196932147854,0.7267316326727356,0.1521662907562038,0.019466117047357828,0.011140488114972385,3,-0.009693350734886919,-0.021529145749582104,0.604687195731268,-0.5709051846122426,0.0023759395551374504,-0.004935454189693647,0.8319509869892754,3,0.9228948619100147,0.8738217806313523,-0.04907308127866239
tm340376,abel ruiz_2000,2021,0.5381555889562205,0.006615979758897941,0.003586847660629421,0.002352922593512956,0.4365587041686441,0.012729956862095064,1,2122,0.16059883203075198,0.11221891055021095,0.0161882413273181,0.05824429719296887,0.6282590983417563,0.024490620556993917,5,-0.37755675692546853,0.10560293079131301,0.012601393666688677,0.055891374599455916,0.1917003941731122,0.011760663694898853,0.4401508442510117,1,0.8184667832539158,1.1543775336759405,0.3359107504220248
tm344392,fernando ferreira fonseca_1997,2021,0.0003822909001731105,0.013472272335229433,0.954362232438188,0.029182910309738543,0.0003640456637269483,0.0022362483529440266,3,2122,9.881342013721149e-06,8.139324629589183e-05,0.99929551086858,0.0004974587358831714,5.5529074957304046e-05,6.022673226995759e-05,3,-0.00037240955815938935,-0.01339087908893354,0.044933278430392076,-0.02868545157385537,-0.00030851658876964426,-0.0021760216206740688,0.05496730079454631,3,0.22528298543998104,0.00649756302861058,-0.21878542241137047
tm344395,jorge fernandes_1997,2021,2.741023698638473e-06,0.0001228665067484662,0.9995857213692244,0.0002697374712476771,2.2116227681709195e-06,1.6722006312650113e-05,3,2122,1.0407227468499245e-06,5.831577697368564e-06,0.9999187922219614,5.3055243983401265e-05,1.0740633583278787e-05,1.0539600027542308e-05,3,-1.7003009517885485e-06,-0.00011703492905109764,0.0003330708527370385,-0.00021668222726427584,8.529010815107867e-06,-6.182406285107805e-06,0.00041431894745713917,3,0.003985078373754105,0.0009317861676333744,-0.0030532922061207307
tm344519,bruno costa_1997,2021,0.01734021349406617,0.8380889935261274,0.005556184315581085,0.10030979020003103,0.03138128696336884,0.00732353150082546,2,2122,0.002665115758992225,0.09083227625780511,0.17476147860295482,0.6933092948701941,0.030883496366877518,0.0075483381431760725,4,-0.014675097735073944,-0.7472567172683223,0.16920529428737374,0.592999504670163,-0.0004977905964913196,0.00022480664235061208,0.9689618423578799,2,0.6224912963467125,0.9367502932994805,0.31425899695276793
tm350311,helder ferreira_1997,2021,0.22183657505852908,0.02698834770016545,0.003090198507606078,0.004886167966129973,0.7401708923004237,0.00302781846714586,5,2122,6.404553207677688e-41,1.0,1.8648722026335278e-41,1.4157367977140239e-39,5.9908793009211714e-40,2.36815378662817e-41,2,-0.22183657505852908,0.9730116522998346,-0.003090198507606078,-0.004886167966129973,-0.7401708923004237,-0.00302781846714586,1.2425174104687498,2,0.7156563058145532,1.3815510557964273e-10,-0.715656305676398
tm351738,lincoln_1998,2021,0.22409482352951665,0.1911957635510944,0.03783883729375122,0.09786704578562179,0.36789123605096413,0.08111229378905184,5,2122,0.059829013341118356,0.24726358262399478,0.003248497980618435,0.07145811485531571,0.5988667190424449,0.019334072156507665,5,-0.1642658101883983,0.05606781907290037,-0.03459033931313278,-0.02640893093030608,0.2309754829914808,-0.06177822163254418,0.29218222684186246,5,1.5744852981411757,1.1044995380714442,-0.4699857600697315
tm352811,aylton boa morte_1993,2021,0.8418383868667859,0.006367193126150461,0.001099612724787226,0.0015280214643488847,0.14729233023272528,0.0018744555852023518,1,2122,0.49553143290194185,0.16698759012150047,0.0010654630646506934,0.0341086693247118,0.2972921956030279,0.005014648984167303,1,-0.34630695396484407,0.16062039699535,-3.414966013653249e-05,0.03258064786036292,0.1499998653703026,0.0031401933989649517,0.4114472963669364,1,0.4884169319508933,1.1565053457557208,0.6680884138048275
tm352918,henrique gomes_1995,2021,0.00026068270534320066,0.014092623820970514,0.971253460648409,0.013121819782167306,0.0002943390786881734,0.0009770739644217904,3,2122,0.017295502647781933,0.10539901531713591,0.2745942020186127,0.17409158824525098,0.3561364702868565,0.07248322148436191,5,0.01703481994243873,0.0913063914961654,-0.6966592586297964,0.16096976846308367,0.3558421312081683,0.07150614751994012,0.8040497830078495,3,0.15657315554817616,1.5244807738277344,1.3679076182795582
tm357156,diogo leite_1999,2021,0.0008075716923191204,0.012350689165744862,0.9722029056533873,0.011404465571308545,0.0006508829009218628,0.002583485016318254,3,2122,2.159575768592587e-06,1.6658603990180128e-05,0.9997795971948056,0.00015702133092069634,3.1019637215046986e-05,1.3543657300007296e-05,3,-0.0008054121165505278,-0.012334030561754682,0.027576691541418286,-0.011247444240387849,-0.0006198632637068158,-0.0025699413590182466,0.032251203812457024,3,0.15861806562901762,0.0022810395558717105,-0.1563370260731459
tm357158,ruben vinagre_1999,2021,0.011274518216443864,0.08435771185368607,0.1517910188394677,0.7238164263503811,0.011688535992928432,0.017071788747092916,4,2122,0.005061203489415441,0.06563917026404695,0.08724281132685474,0.7464753161907185,0.043864337851716076,0.051717160877248404,4,-0.006213314727028423,-0.01871854158963912,-0.06454820751261295,0.02265888984033737,0.03217580185878764,0.03464537213015549,0.07812917308076418,3,0.9007649872975488,0.9269154511662485,0.02615046386869968
tm357163,filipe soares_1999,2021,0.13589324317368273,0.5991115601058101,0.014298418641843428,0.15662063276655308,0.08859180934044825,0.005484335971662474,2,2122,0.000606703962398615,0.07976456056389102,0.012081064508514726,0.8988637601900281,0.00656261305227382,0.002121297722893843,4,-0.1352865392112841,-0.5193469995419191,-0.0022173541333287018,0.7422431274234751,-0.08202919628817443,-0.003363038248768631,0.9196098735525723,4,1.1725262989415814,0.4014287507426304,-0.771097548198951
tm358143,chidozie awaziem_1997,2021,0.0007514357058093766,0.015456357621553224,0.9236599566067218,0.0548693056978116,0.00046239387439442553,0.004800550493709591,3,2122,0.0030849070878116325,0.009342515395601656,0.8744064743574147,0.04467053058119915,0.026395415673451387,0.04210015690452139,3,0.002333471382002256,-0.006113842225951568,-0.049253482249307146,-0.010198775116612449,0.02593302179905696,0.0372996064108118,0.056967238853983984,3,0.33165911975650053,0.5470002615291248,0.2153411417726243
tm36350,javi garcia_1987,2021,0.001420517845943375,0.43888788478528223,0.010729019629007948,0.547415962783797,0.0008815435143035734,0.0006650714416658847,4,2122,0.0015070354762851345,0.013977864796051226,0.5555254235624971,0.39267616990496307,0.03158938432128235,0.004724121938921079,3,8.65176303417594e-05,-0.424910019989231,0.5447964039334892,-0.15473979287883394,0.03070784080697878,0.004059050497255194,0.7086882454920652,3,0.7603065901300009,0.8975412650895703,0.13723467495956942
tm364857,falaye sacko_1995,2021,0.002789781037803668,0.05495903657891384,0.6136790669013371,0.31055888941746246,0.0025295075616334657,0.015483718502849388,3,2122,0.0002888316462865026,0.0032487324638291017,0.9823129018601722,0.009791495832072625,0.0030491584876227574,0.0013088797100170265,3,-0.0025009493915171656,-0.05171030411508474,0.36863383495883506,-0.30076739358538984,0.0005196509259892917,-0.014174838792832361,0.47857330646122,3,0.9183267133032327,0.11014757994027988,-0.8081791333629528
tm367468,nuno santos_1999,2021,0.0024186633831924757,0.5113086802201261,0.01925357416437549,0.46188678858276444,0.0029650670224740773,0.002167226627067381,2,2122,0.007367630284256005,0.13578648003325064,0.004707060360451171,0.08749754622148467,0.7626469310031297,0.0019943520974278336,5,0.004948966901063529,-0.37552220018687543,-0.01454651380392432,-0.3743892423612798,0.7596818639806556,-0.00017287452963954744,0.9265726390453173,5,0.8209320338756543,0.7647279266300447,-0.056204107245609536
tm371245,guilherme schettine_1995,2021,0.49113077437649844,0.020420549460116396,0.0178557983721751,0.02865844784914102,0.16693417460697735,0.2750002553350916,1,2122,0.4911657741836988,0.03142034519370454,0.004395611506550008,0.011207716488972218,0.4395894055519898,0.02222114707508466,1,3.4999807200342126e-05,0.010999795733588145,-0.013460186865625091,-0.0174507313601688,0.27265523094501243,-0.25277910826000694,0.2737655499662212,5,1.2562164313399902,0.9780151415453691,-0.2782012897946211
tm373187,maracas_1994,2021,5.11666854002065e-05,0.0018680191174555057,0.9897047937119564,0.007730764986163195,4.1443346033295756e-05,0.0006038121529914325,3,2122,9.17900012529011e-06,9.064296466713994e-05,0.9992090160863941,0.00044747428426842906,8.405180396156198e-05,0.00015963586058385677,3,-4.198768527491639e-05,-0.0017773761527883657,0.00950422237443771,-0.007283290701894766,4.2608457928266225e-05,-0.0004441762924075757,0.012105338112831533,3,0.06496913917915743,0.007376148619996054,-0.05759299055916138
tm373300,cryzan_1996,2021,0.15054492320727317,0.01030284831183475,0.0014932131352597012,0.0030169512154699357,0.7763121178661367,0.058329946264025684,5,2122,0.775930441743917,0.03273588758050702,0.0009894699161054473,0.01187802475167602,0.15676219309364817,0.021703982914146356,1,0.6253855185366438,0.022433039268672274,-0.0005037432191542538,0.008861073536206084,-0.6195499247724886,-0.03662596334987933,0.8806424755331859,1,0.7217352332998956,0.7418986783552427,0.020163445055347062
tm374889,kenji gorre_1994,2021,0.19132798864002057,0.16944845154143978,0.005816533651501536,0.018436066089178218,0.5862737173758815,0.02869724270197826,5,2122,0.7714451990285289,0.04665213356495832,0.00040031530717203633,0.01384653229531766,0.16472804135990693,0.0029277784441161183,1,0.5801172103885084,-0.12279631797648147,-0.0054162183443295,-0.004589533793860559,-0.4215456760159746,-0.025769464257862144,0.727575473546827,1,1.1357334699813029,0.7197231564219339,-0.416010313559369
tm375378,afonso sousa_2000,2021,0.4155451748461738,0.1147927352105335,0.034684202331555024,0.08516956846768713,0.3329398007987335,0.016868518345317066,1,2122,0.003479560783838134,0.3830139942873265,0.008619274343147314,0.5708605201673896,0.0322849785602731,0.0017416718580252797,4,-0.41206561406233566,0.268221259076793,-0.02606492798840771,0.4856909516997025,-0.3006548222384604,-0.015126846487291786,0.7541280509850788,4,1.3747998150285812,0.870177779932215,-0.5046220350963662
tm375382,andre almeida_2000,2021,0.048429081873350543,0.690596520592039,0.02334453575906881,0.1531960718653223,0.07781371288406311,0.0066200770261563005,2,2122,0.001998548047301281,0.24881813006085587,0.058949387181137035,0.6672110632124557,0.010831856148765188,0.012191015349485058,4,-0.04643053382604926,-0.4417783905311832,0.03560485142206822,0.5140149913471335,-0.06698185673529791,0.005570938323328758,0.6835858590680353,4,1.0093107560564567,0.898155766910693,-0.11115498914576372
tm376441,allano_1995,2021,0.24631752651472494,0.025369157839024825,0.006050197437692678,0.011276231231888706,0.6613444239748629,0.04964246300180603,5,2122,0.005769354315610408,0.6789097189181283,0.018890491007492557,0.21053316536121658,0.021804186279495336,0.06409308411805671,2,-0.24054817219911453,0.6535405610791035,0.01284029356979988,0.19925693412932788,-0.6395402376953676,0.01445062111625068,0.9663635975619889,2,0.9423374562182971,0.9551798149213169,0.012842358703019752
tm377641,al musrati_1996,2021,0.005034049711600033,0.7887439871178282,0.10004013215544935,0.09056618941556717,0.006168206781234506,0.00944743481832076,2,2122,0.00040639257934312235,0.005136197419306522,0.03630891201176173,0.9439058542272353,0.012698451510903565,0.0015441922514497753,4,-0.004627657132256911,-0.7836077896985217,-0.06373122014368762,0.8533396648116681,0.00653024472966906,-0.007903242566870984,1.1603255919546285,4,0.7370687148625588,0.27056901164592556,-0.4664997032166332
tm379249,matheus reis_1995,2021,3.529547030982787e-05,0.0010711504454926123,0.9960724797921726,0.0026559876395717383,2.932576887557369e-05,0.00013576088357763745,3,2122,0.008298843193773798,0.07256394562873214,0.0865727025634563,0.5359399212290686,0.2906827859368586,0.005941801448110502,4,0.008263547723463969,0.07149279518323953,-0.9094997772287163,0.5332839335894969,0.290653460167983,0.005806040564532864,1.0960111945119373,3,0.028874732097507363,1.1658295307753441,1.1369547986778368
tm388266,oscar estupinan_1996,2021,0.5953818038096687,0.018518181696287273,0.007595634306883751,0.005908335560649912,0.20461195919369093,0.16798408543281956,1,2122,0.7094106511206721,0.012444537023560078,0.0030986855373364734,0.00752062711937387,0.12205230864279822,0.1454731905562592,1,0.11402884731100349,-0.006073644672727195,-0.004496948769547277,0.0016122915587239587,-0.08255965055089272,-0.022510894876560356,0.14099072703578233,1,1.0743017602372058,0.8899712901992438,-0.184330470037962
tm394328,rafik guitane_1999,2021,0.03372886322145588,0.29606628141016056,0.06778322119342185,0.5603155679516348,0.029591785407620263,0.012514280815706675,4,2122,0.01489436036364762,0.02174561767201615,0.00183861732471951,0.012176422817546563,0.9460843127268784,0.0032606690951917177,5,-0.018834502857808258,-0.2743206637381444,-0.06594460386870234,-0.5481391451340882,0.9164925273192581,-0.009253611720514957,1.1047037299164908,5,1.1406787616681338,0.282270009336467,-0.8584087523316668
tm396342,toni borevkovic_1997,2021,3.106644070196093e-06,0.00011454694537634936,0.9995949388679324,0.00026488281505770007,2.503395304571905e-06,2.0021332258854897e-05,3,2122,2.1799632503980726e-06,1.483247638986522e-05,0.9998206846744847,0.00012984608158307957,1.760290046350444e-05,1.4853903828221125e-05,3,-9.266808197980202e-07,-9.971446898648414e-05,0.00022574580655232435,-0.0001350367334746205,1.5099505158932533e-05,-5.167428430633772e-06,0.00028172312237744715,3,0.003914364080379565,0.0018924902289599046,-0.0020218738514196605
tm396429,diogo calila_1998,2021,0.009471412585952192,0.5935711479730215,0.036927029091605126,0.3326284866081611,0.01441730074859899,0.01298462299266125,2,2122,0.004941179138791114,0.2672807969732698,0.2574074050838138,0.37048253799311004,0.08464384095262127,0.01524423985839392,4,-0.004530233447161077,-0.3262903509997517,0.2204803759922087,0.03785405138494896,0.07022654020402228,0.0022596168657326703,0.4018236037412115,2,0.9592113303604881,1.3688865157126335,0.4096751853521454
tm400831,rafael camacho_2000,2021,0.882936335465206,0.004600850657261422,0.004941829755465221,0.004385539240353603,0.0780879363160591,0.02504750856565468,1,2122,0.2077549271314953,0.39219999083438556,0.011075744296131257,0.13925994423257343,0.23317069210586244,0.01653870139955207,2,-0.6751814083337107,0.38759914017712416,0.006133914540666036,0.13487440499221984,0.15508275578980335,-0.008508807166102608,0.8052219686511888,1,0.47620694220192483,1.4253064101368456,0.9490994679349207
tm404383,pedro marques_1998,2021,0.4618220941406887,0.00874714040061249,0.005239272000241591,0.0035100506776349636,0.4493375112413288,0.07134393153949341,1,2122,0.044380550704174106,0.28705138758924703,0.0542171809504021,0.38272286777301634,0.14405990189929588,0.0875681110838646,4,-0.4174415434365146,0.27830424718863456,0.048977908950160506,0.37921281709538135,-0.30527760934203296,0.016224179544371192,0.7007897767305287,1,0.9934258401498034,1.5145021575308284,0.521076317381025
tm411502,danny henriques_1997,2021,0.0005727580824753092,0.024068778624136363,0.543050741517118,0.4310908822925176,0.00029404181335749224,0.00092279767039525,3,2122,8.381580771039123e-06,3.846313390689016e-05,0.9996169744880798,0.00024230227435265337,4.593849358097936e-05,4.7940029308626196e-05,3,-0.00056437650170427,-0.02403031549022947,0.4565662329709619,-0.4308485800181649,-0.0002481033197765129,-0.0008748576410866238,0.6282205505486242,3,0.7971123706057497,0.003824816029387202,-0.7932875545763625
tm411662,lucas verissimo_1995,2021,0.0036030405403494905,0.050779063349949076,0.8984251295142488,0.019786332527306997,0.003307938832575423,0.024098495235570325,3,2122,0.026121520074267802,0.04724155919582892,0.14742725863175196,0.11726844870112325,0.5262526190202165,0.13568859437681152,5,0.022518479533918313,-0.003537504154120158,-0.7509978708824968,0.09748211617381626,0.5229446801876411,0.1115900991412412,0.9205929064665244,3,0.4541296947175677,1.3818586665992427,0.927728971881675
tm415525,kanya fujimoto_1999,2021,0.11470028298246951,0.38600783890354345,0.03103404741170846,0.08497759316317731,0.37182571065538556,0.011454526883715767,2,2122,0.174435965312993,0.12207888315076831,0.007074409265235259,0.15428345040411767,0.535836614214226,0.00629067765265977,5,0.05973568233052348,-0.26392895575277514,-0.0239596381464732,0.06930585724094036,0.16401090355884046,-0.005163849231055997,0.32481346650414966,2,1.352140589599749,1.2509276377955143,-0.10121295180423462
tm416089,david tavares_1999,2021,0.018553150507627684,0.17149216842489512,0.03536841312936447,0.6766959121488673,0.02046507125145864,0.07742528453778694,4,2122,0.0034635062851773777,0.32744881246214913,0.0699268036551761,0.5207575228087071,0.04403426504328998,0.03436908974550034,4,-0.015089644222450306,0.155956644037254,0.03455839052581163,-0.15593838934016013,0.02356919379183134,-0.043056194792286596,0.2249816497047207,2,1.036500312929509,1.1643537431015147,0.1278534301720058
tm4188,ricardo quaresma_1983,2021,0.25445725946181313,0.006403418488507267,0.003694276274441014,0.0034492908976055383,0.5738698800676845,0.15812587480994864,5,2122,0.49658833206428243,0.13999847772593646,0.006701025413588729,0.025218626641407654,0.09222519064484207,0.23926834750994264,1,0.2421310726024693,0.1335950592374292,0.0030067491391477146,0.021769335743802114,-0.4816446894228424,0.081142472699994,0.5558233959996762,5,1.0311884481246358,1.3112290506957236,0.28004060257108776
tm426620,pedro goncalves_1998,2021,0.3091992604957626,0.031710232738522824,0.010834296892578121,0.011907224844874952,0.26370999852704513,0.3726389865012164,6,2122,0.26541226138525326,0.05631439744384573,0.011066647037215438,0.042662477598798786,0.2825951461270453,0.3419490704078415,6,-0.04378699911050932,0.02460416470532291,0.00023235014463731697,0.030755252753923833,0.01888514760000015,-0.030689916093374903,0.06184864242949594,1,1.2934954136316463,1.4225555135761234,0.1290600999444771
tm430761,lucas fernandes_1997,2021,0.03597009971251708,0.26091651298455554,0.021813021537986674,0.49079381060659194,0.14466348583285057,0.045843069325498295,4,2122,0.0049196928546663375,0.11249567948397786,0.003089228063918508,0.8195791794249445,0.05520058644068709,0.004715633731805617,4,-0.03105040685785074,-0.14842083350057766,-0.018723793474068166,0.3287853688183526,-0.08946289939216348,-0.041127435593692675,0.37342587101294455,4,1.3239092341456875,0.638018155707154,-0.6858910784385335
tm43250,jan vertonghen_1987,2021,0.0003520879585283881,0.006429031071992514,0.9792579462423063,0.011810980667652331,0.00022530733814195416,0.0019246467213785213,3,2122,9.234119607725548e-05,0.00039908160121072077,0.9945161148148994,0.0037402467861818037,0.0009309690399013436,0.00032124656172941767,3,-0.00025974676245113266,-0.0060299494707817935,0.0152581685725931,-0.008070733881470529,0.0007056617017593895,-0.0016034001596491037,0.018299567508913962,3,0.12212467078705874,0.0394341606385766,-0.08269051014848214
tm432958,lucas mineiro_1996,2021,0.0022661716343487983,0.8363273889794691,0.0040847326492011345,0.15332084942764276,0.002370516101591474,0.001630341207746881,2,2122,0.004169912457144636,0.27122254762962483,0.029206087394875988,0.6421711718508111,0.025214781482110062,0.028015499185433432,4,0.0019037408227958377,-0.5651048413498443,0.025121354745674854,0.4888503224231683,0.022844265380518588,0.02638515797768655,0.747980405227585,2,0.4980541193995116,0.9573138803030791,0.45925976090356746
tm433358,tomas ribeiro_1999,2021,1.0004481086837865e-05,0.0003640496788946837,0.9985011710733592,0.0010611504243313822,7.790975801771061e-06,5.5833366526013844e-05,3,2122,5.188257397922669e-07,2.1588774271239728e-06,0.9999729463607281,1.785890238445723e-05,2.9479096948116685e-06,3.5691240258603187e-06,3,-9.485655347045599e-06,-0.00036189080146755977,0.0014717752873688594,-0.001043291521946925,-4.843066106959393e-06,-5.226424250015352e-05,0.0018400157829240303,3,0.012401116945453972,0.0003402857452646418,-0.01206083120018933
tm435497,fabio china_1992,2021,0.01180744360863524,0.14679657772439786,0.24498741920831074,0.5536668657831949,0.0176007629957799,0.025140930679681272,4,2122,0.0025319845418437727,0.31175059991613197,0.42146822899543623,0.2249050324143082,0.021348820880160765,0.01799533325211914,3,-0.009275459066791468,0.1649540221917341,0.1764808097871255,-0.3287618333688867,0.0037480578843808662,-0.007145597427562132,0.4080927968235003,4,1.1696877006744577,1.2326509277877358,0.06296322711327806
tm438202,bruno tabata_1997,2021,0.06397752981673033,0.15657561959901037,0.014374532269261322,0.06793731174275398,0.23599058138144893,0.4611444251907952,6,2122,0.1830898670740473,0.1189327500840801,0.007204834658637553,0.026754667953722267,0.13542941104755207,0.5285884691819607,6,0.11911233725731699,-0.037642869514930274,-0.0071696976106237695,-0.04118264378903172,-0.10056117033389686,0.06744404399116549,0.16572476641837203,1,1.4075974128867939,1.3042622506047588,-0.1033351622820351
tm445517,heriberto tavares_1997,2021,1.0,2.5653919410629534e-41,5.049433165886267e-42,8.504697196214283e-42,6.433192274602485e-38,2.233236694872103e-41,1,2122,0.016476788855546244,0.9016557459553558,0.003451006636145825,0.0356427124877761,0.026724483604021503,0.016049262461154352,2,-0.9835232111444537,0.9016557459553558,0.003451006636145825,0.0356427124877761,0.026724483604021503,0.016049262461154352,1.335027153843096,1,1.3815510557964273e-10,0.4625142582326381,0.462514258094483
tm44699,vitorino antunes_1987,2021,0.010536946681493008,0.3255440757607579,0.06817492669126347,0.5303590890424584,0.027272824119029388,0.03811213770499777,4,2122,0.006291570566281389,0.19169796035894648,0.16083728069696698,0.5371423579495518,0.029981858608937487,0.07404897181931581,4,-0.004245376115211619,-0.1338461154018114,0.09266235400570351,0.006783268907093354,0.0027090344899080993,0.03593683411431804,0.16301064161988443,2,1.1555216072075998,1.2741829129883309,0.11866130578073109
tm448466,jovane cabral_1998,2021,0.11127309184043943,0.0025699708496270002,0.0005298241483980134,0.0008163495897608955,0.8576300419805082,0.027180721591266315,5,2122,0.0937166304050674,0.5148708912637969,0.004843559653363592,0.19279397344484997,0.1708792960571978,0.022895649175724214,2,-0.017556461435372026,0.51230092041417,0.004313735504965579,0.19197762385508907,-0.6867507459233104,-0.004285072415542102,0.8782147037009876,5,0.49916821215205054,1.295226531264855,0.7960583191128044
tm451801,abdul mumin_1998,2021,0.0003143010023726393,0.0034181025977215026,0.9599685106357954,0.03437230820489491,0.00018125916321654818,0.0017455183959992143,3,2122,2.796977813322639e-42,1.8648722026335278e-41,1.0,1.759748673179014e-40,2.299683380748337e-41,2.36815378662817e-41,3,-0.0003143010023726393,-0.0034181025977215026,0.04003148936420464,-0.03437230820489491,-0.00018125916321654818,-0.0017455183959992143,0.05287523784742352,3,0.18966340825496503,1.3815510557964273e-10,-0.18966340811680993
tm451858,rui costa_1996,2021,0.6743171737159886,0.0049215892543544885,0.0032784749792352133,0.0033891311340916532,0.24948306311680132,0.06461056779952881,1,2122,1.0,6.404553207677688e-41,2.796977813322639e-42,3.0618114465793954e-41,7.370395665223027e-40,2.36815378662817e-41,1,0.32568282628401135,-0.0049215892543544885,-0.0032784749792352133,-0.0033891311340916532,-0.24948306311680132,-0.06461056779952881,0.4103139758371697,1,0.8532665875725587,1.3815510557964273e-10,-0.8532665874344035
tm45287,adel taarabt_1989,2021,0.004915382561049324,0.5403997423603557,0.010110286659797199,0.4335013111910658,0.006981842572504475,0.004091434655227534,2,2122,0.00814844978078727,0.06196384597513108,0.006695483138624282,0.710736117016767,0.20132881312007364,0.011127290968616721,4,0.0032330672197379466,-0.47843589638522466,-0.0034148035211729174,0.2772348058257012,0.19434697054756916,0.007035856313389187,0.5861338610581213,2,0.8246685776661402,0.860478547725006,0.03580997005886577
tm454121,galeno_1997,2021,0.3804764237191724,0.23132050822475933,0.03267007208295046,0.06564390464390449,0.22783775591739056,0.06205133541182287,1,2122,0.4289174302636781,0.21540320757780887,0.0025583403369701624,0.04713955830270737,0.27684301185900495,0.029138451659830703,1,0.04844100654450573,-0.01591730064695046,-0.030111731745980298,-0.018504346341197117,0.049005255941614395,-0.03291288375199217,0.07906031815702642,5,1.5063535420958416,1.3116102801123595,-0.19474326198348213
tm461629,gustavo assuncao_2000,2021,0.0013530566063050295,0.6412842134174397,0.05051815371938666,0.3030632840451811,0.001277388273147404,0.0025039039385398513,2,2122,0.0022180818284785377,0.052746274921876855,0.12805035702927692,0.7509458134536594,0.03776706637765937,0.028272406389048918,4,0.0008650252221735083,-0.5885379384955628,0.07753220330989026,0.4478825294084783,0.036489678104511966,0.025768502450509066,0.744526126220454,2,0.82997725664378,0.8715741177695007,0.0415968611257207
tm461943,daniel braganca_1999,2021,0.003677703264957811,0.32152580702551603,0.0075517573608374165,0.6526861852381849,0.0038673029578539216,0.010691244152649985,4,2122,0.018460038123782725,0.16030852267623558,0.018151644987885636,0.4198364927454498,0.28001824479039095,0.10322505667625531,4,0.014782334858824915,-0.16121728434928045,0.01059988762704822,-0.23284969249273507,0.276150941832537,0.09253381252360532,0.3959800623560481,5,0.7708193891891737,1.3951498355723901,0.6243304463832164
tm462738,naoufel khacef_1997,2021,0.0009605551909447281,0.17454880076909862,0.047777903605563894,0.7733847036496322,0.001281933919138346,0.0020461028656223257,4,2122,0.00189635012042716,0.17575190547646155,0.559602366261134,0.22849493131932874,0.013682020503527537,0.02057242631912097,3,0.0009357949294824319,0.0012031047073629286,0.5118244626555701,-0.5448897723303034,0.012400086584389191,0.018526323453498646,0.7476798980066405,4,0.6766089026869272,1.118259602680793,0.44165069999386575
tm466336,nahuel ferraresi_1998,2021,0.0029128625620094854,0.05800743160329568,0.902770930529929,0.02128352799379994,0.0026164246438897835,0.012408822667076106,3,2122,7.914735364407662e-09,5.5553514728786645e-08,0.9999992797016778,5.36203232926284e-07,6.609665591011435e-08,5.4530183198759995e-08,3,-0.002912854647274121,-0.058007376049780957,0.09722834917174883,-0.021282991790567016,-0.0026163585472338733,-0.012408768136892907,0.1152670957066473,3,0.42646770059466405,1.1542832491913383e-05,-0.4264561577621721
tm467486,antoine leautey_1996,2021,0.4521975974825028,0.11632901045852118,0.019860493192205092,0.0634292134556159,0.32440703324326675,0.023776652167888164,1,2122,0.5222175387479059,0.18580266341466609,0.0019207584192019909,0.03064468772010427,0.25566166694207676,0.0037526847560451055,1,0.07001994126540306,0.06947365295614491,-0.0179397347730031,-0.03278452573551163,-0.06874536630118999,-0.02002396741184306,0.12590458780042238,1,1.3160088568131927,1.1404655771958636,-0.17554327961732907
tm476701,manuel ugarte_2001,2021,0.0006948564505546373,0.8281400447092538,0.0024288333246995433,0.16678763489221352,0.000851139806857839,0.001097490816420732,2,2122,0.0035255626760457726,0.12424513322305579,0.18189783512240362,0.5387643585679394,0.024742135947354724,0.12682497446320082,4,0.0028307062254911354,-0.7038949114861981,0.1794690017977041,0.3719767236757259,0.023890996140496886,0.12572748364678007,0.8164696225661274,2,0.48805819405735823,1.275662296462647,0.7876041024052887
tm478940,reggie cannon_1998,2021,0.0006541941811528756,0.05074660785263722,0.6724715774119152,0.2729591523459061,0.0005552460908897881,0.0026132221174988784,3,2122,0.00021360109294208117,0.0015775267986507119,0.9647732330594786,0.02879301974868341,0.0019930251246944165,0.0026495941755506794,3,-0.0004405930882107944,-0.049169081053986506,0.2923016556475634,-0.2441661325972227,0.0014377790338046285,3.637205805180101e-05,0.3840276266941015,3,0.7970240311937037,0.17684271425052062,-0.6201813169431831
tm480692,luis diaz_1997,2021,0.11057981622930756,0.015144289120233627,0.0011500322456200998,0.0033046162163621884,0.861613785133025,0.008207461055451608,5,2122,0.37575538661530217,0.022212759204307743,0.0029699929551445453,0.020701991746864545,0.08341006977255812,0.49494979970582276,6,0.2651755703859946,0.007068470084074116,0.0018199607095244455,0.017397375530502357,-0.7782037153604668,0.48674233865037114,0.8223594408359614,5,0.501369914528665,1.1052042677465699,0.6038343532179049
tm487474,francisco conceicao_2002,2021,0.018714576931827983,0.2813488953192019,0.028163544122121124,0.6139842521509418,0.02067245751704887,0.03711627395885824,4,2122,0.192295435462987,0.19023807928593187,0.008764997040148399,0.11907893846136648,0.15107842572446228,0.338544124025104,6,0.173580858531159,-0.09111081603327001,-0.019398547081972726,-0.4949053136895753,0.1304059682074134,0.30142785006624573,0.5484020285683159,4,1.0337168404468624,1.5798628495057017,0.5461460090588393
tm491616,jackson porozo_2000,2021,0.0060401467873357085,0.02967829115988193,0.9171403350783166,0.012935991079792137,0.004013211575337568,0.030192024319335996,3,2122,2.98354170826523e-07,2.156227972657619e-06,0.9999808779908974,1.1988187165392312e-05,2.3185618599000635e-06,2.360677933600683e-06,3,-0.006039848433164882,-0.029676134931909272,0.0828405429125808,-0.012924002892626745,-0.004010893013477668,-0.030189663641402395,0.0892346648852217,3,0.3986429124581281,0.00024825102793526543,-0.39839466143019286
tm498237,david carmo_1999,2021,0.0002916853184604016,0.0346532730597578,0.9258991870178849,0.03595019824918416,0.00030814167900782095,0.0028975146757049468,3,2122,0.00021450424042724245,0.000651234177588422,0.993572620900742,0.0028678083364549523,0.0017798885085718698,0.0009139438362154572,3,-7.718107803315912e-05,-0.03400203888216938,0.06767343388285718,-0.03308238991272921,0.0014717468295640489,-0.0019835708394894897,0.08265862822252125,3,0.3291568855104975,0.04744963184946799,-0.2817072536610295
tm51058,lica_1988,2021,0.963857522565676,0.0014560799868504547,0.0005309590269398743,0.0007170701126110183,0.03269658456116184,0.0007417837467608163,1,2122,0.23971180756776952,0.16099883279496643,0.18332794339625264,0.15872011118301013,0.21065615418151928,0.046585150876482,1,-0.7241457149979065,0.15954275280811597,0.18279698436931277,0.15800304107039911,0.17795956962035744,0.04584336712972118,0.799931380447656,1,0.1713719432869852,1.7105354343297463,1.5391634910427612
tm512913,stephen eustaquio_1996,2021,0.00020680686587160044,0.8745229388188729,0.00914791536035755,0.11558160420871608,0.0001589937355744275,0.00038174101060738157,2,2122,0.0007076626578890949,0.05240018046669795,0.012916634623002814,0.9245974505547387,0.00675555941876032,0.002622512278911071,4,0.0005008557920174945,-0.822122758352175,0.0037687192626452634,0.8090158463460226,0.006596565683185893,0.0022407712683036895,1.153451532670436,2,0.41574485533758737,0.3376635084005139,-0.07808134693707347
tm516127,walterson_1994,2021,0.13324967088832718,0.4547471167219965,0.017463687528404534,0.233703594054718,0.15090143785519275,0.009934492951361106,2,2122,0.021394258474162337,0.8450261117551138,0.004485686811207492,0.053679320449041834,0.06445448330976822,0.010960139200706319,2,-0.11185541241416484,0.39027899503311725,-0.012978000717197041,-0.18002427360567616,-0.08644695454542453,0.0010256462493452127,0.4526362455553559,2,1.3685269950898982,0.6319855162133582,-0.73654147887654
tm517300,vitor tormena_1996,2021,0.0001782943707248768,0.0037973508446982615,0.9828845673864515,0.012216644609230939,0.000102364940987466,0.0008207778479069804,3,2122,2.632446758806974e-05,0.000199410286320215,0.9980810633626979,0.0012502187057085844,0.00016594055690950866,0.0002770426207757719,3,-0.00015196990313680707,-0.0035979405583780465,0.015196495976246394,-0.010966425903522354,6.357561592204266e-05,-0.0005437352271312084,0.019083194177745504,3,0.1002575651889215,0.015964375719774302,-0.0842931894691472
tm518472,willyan_1995,2021,0.0015126587114418768,0.47415827368831615,0.07630592380450071,0.4390356870399984,0.0014983512533538695,0.007489105502389027,2,2122,0.0006442268845906957,0.01372677811297638,0.17762796535972233,0.7981644496739498,0.006241428349895561,0.003595151618865136,4,-0.0008684318268511811,-0.46043149557533974,0.10132204155522162,0.35912876263395144,0.004743077096541691,-0.003893953883523891,0.5926719474783978,2,0.9677834774622263,0.6024096444593676,-0.36537383300285864
tm520530,fali cande_1998,2021,0.014886899708123782,0.0910562432007574,0.8153017087349276,0.04895412916777522,0.011325737614017539,0.01847528157439853,3,2122,0.008662916942640174,0.21415434629733396,0.06047612621855228,0.6007910645364178,0.09807205351383988,0.017843492491215834,4,-0.006223982765483608,0.12309810309657655,-0.7548255825163753,0.5518369353686426,0.08674631589982235,-0.000631789083182694,0.9471021420775444,3,0.7194876074458281,1.1465044779372096,0.4270168704913815
tm524315,hidemasa morita_1995,2021,0.0007782963746557337,0.5806221122009166,0.017970515281910005,0.3980443098090146,0.0008189940411246729,0.0017657722923783924,2,2122,0.0005543402861273149,0.014841156742658084,0.06746658973966731,0.8986911764156496,0.01557823839876571,0.0028684984171320964,4,-0.00022395608852841874,-0.5657809554582586,0.049496074457757305,0.5006468666066349,0.014759244357641036,0.001102726124753704,0.7572470676333899,2,0.777143154183172,0.4261622790132602,-0.35098087516991183
tm537296,jean patric_1997,2021,0.009136539414075846,0.11310564089543021,0.02488317873036099,0.8205782773978327,0.013289294795729103,0.019007068766571003,4,2122,0.4786137216385779,0.1521693033102701,0.0013170525015651438,0.02710156579609754,0.3255298905065752,0.015268466246914195,1,0.4694771822245021,0.039063662414839884,-0.023566126228795847,-0.7934767116017352,0.3122405957108461,-0.0037386025196568078,0.9744689005403496,4,0.6763244844814073,1.1748872776539447,0.4985627931725375
tm537598,fabio vieira_2000,2021,0.1253370716622032,0.13058100351216284,0.02039193982833559,0.13115216912587105,0.30055070840920495,0.29198710746222245,5,2122,0.06165755689550907,0.08719013080359109,0.005923556173381711,0.03136364679429022,0.10188635687903796,0.71197875245419,6,-0.06367951476669413,-0.043390872708571754,-0.014468383654953877,-0.09978852233158084,-0.19866435153016698,0.4199916449919675,0.2357381096024616,5,1.5926785991011236,0.9980298128042371,-0.5946487862968866
tm537602,joao mario lopes_2000,2021,0.12410754385392231,0.04476661262387102,0.012015993890900344,0.01710009136904794,0.41179214075189563,0.3902176175103627,5,2122,0.0012431781675738165,0.014222121500653469,0.9272812830789776,0.045852563539780684,0.004817283529689712,0.006583570183324667,3,-0.1228643656863485,-0.030544491123217554,0.9152652891880773,0.028752472170732745,-0.40697485722220594,-0.38363404732703804,1.0100467350340694,3,1.2532970263742733,0.33891696136266325,-0.9143800650116101
tm539135,leo andrade_1998,2021,2.5807970912011774e-05,0.0006418537407879977,0.9986832346770375,0.00048357486218079823,1.578026437371905e-05,0.00014974848470804522,3,2122,1.1952222248824425e-05,7.479461252680256e-05,0.9989515045090838,0.0007257871653404642,0.00010896119000085888,0.00012700030079937689,3,-1.385574866318735e-05,-0.0005670591282611951,0.0002682698320463084,0.00024221230315966594,9.318092562713982e-05,-2.274818390866833e-05,0.0006790185742703648,2,0.0114919221358279,0.009273777922341308,-0.0022181442134865913
tm539203,andre luis_1994,2021,0.5563741723582707,0.055921882932666346,0.04912252426924011,0.04485407550235992,0.24837127899997696,0.04535606593748606,1,2122,0.6187994860515191,0.014819144301138374,0.0008078958726006208,0.005681526405215153,0.35448681672267107,0.005405130646855642,1,0.06242531369324844,-0.04110273863152797,-0.04831462839663949,-0.039172549097144765,0.10611553772269411,-0.03995093529063042,0.14392933744988293,5,1.260982603487434,0.790402706672077,-0.47057989681535706
tm544784,zaidu sanusi_1997,2021,0.0027251641350385263,0.06080134111263031,0.8708186891842145,0.056839085467543946,0.0027358869002264115,0.006079833200346459,3,2122,0.00494218326422129,0.040958950487493866,0.8557716725667817,0.04894130291234416,0.0339256662014441,0.015460224567714845,3,0.0022170191291827636,-0.019842390625136444,-0.015047016617432796,-0.007897782555199788,0.031189779301217687,0.009380391367368388,0.04074586667102381,5,0.5169552952931388,0.6173159714617547,0.10036067616861588
tm546543,darwin nunez_1999,2021,0.47939111897800946,0.0076225357641148865,0.004707052226512414,0.004216946221448284,0.30013077103631824,0.2039315757735966,1,2122,0.15551088385060588,0.007304070130136358,0.001656168235438713,0.0053515079287834305,0.027552246909208458,0.8026251229458271,6,-0.3238802351274036,-0.00031846563397852894,-0.0030508839910737004,0.0011345617073351463,-0.2725785241271098,0.5986935471722306,0.4233298419261869,1,1.1233875643637865,0.6393680574081271,-0.48401950695565943
tm54716,steven vitoria_1987,2021,0.003276366613487564,0.024270781098899175,0.9550255797043724,0.008676428067334409,0.0020809255637629044,0.006669918952143349,3,2122,0.005543545179570445,0.034403085610132215,0.7467554852233625,0.14534296599738228,0.06025680389199016,0.007698114097562366,3,0.002267178566082881,0.01013230451123304,-0.20827009448100986,0.13666653793004788,0.05817587832822726,0.001028195145419017,0.256020333875131,3,0.2403973221875299,0.8498418266055565,0.6094445044180266
tm54781,nicolas otamendi_1988,2021,6.341799913918987e-05,0.003834058184373883,0.9862564347700792,0.009196393842395918,6.522977308986132e-05,0.0005844654309218717,3,2122,2.5611414994382197e-05,0.00018904354867577011,0.9980580668430205,0.0012259886200213618,0.0001467053202015541,0.00035458425308640087,3,-3.7806584144807676e-05,-0.003645014635698113,0.01180163207294127,-0.007970405222374556,8.14755471116928e-05,-0.00022988117783547083,0.014700342795015595,3,0.08369499186434438,0.01616262844014865,-0.06753236342419573
tm549006,goncalo inacio_2001,2021,7.117122865676029e-05,0.00275754825098463,0.9953050744559072,0.0015448592328790266,5.109089676135281e-05,0.00027025593481085194,3,2122,0.003946584006806893,0.01794766308368587,0.8310975455956485,0.06821050763049621,0.06367946643461006,0.015118233248752364,3,0.003875412778150133,0.015190114832701239,-0.1642075288602587,0.06666564839761718,0.06362837553784871,0.014847977313941512,0.18895171287152868,3,0.03433990974731281,0.6696544236495285,0.6353145139022157
tm553062,vitor carvalho_1997,2021,0.0026114316261739326,0.28341041734608,0.03031413741605007,0.6709362273852443,0.0018511823816645067,0.010876603844787227,4,2122,0.0006111118537058241,0.021796715010128254,0.13245475954974278,0.8302269007995697,0.009259724226889773,0.005650788559963432,4,-0.0020003197724681085,-0.26161370233595177,0.10214062213369271,0.15929067341432546,0.007408541845225266,-0.005225815284823795,0.3229656984077963,2,0.8074357528848598,0.5827476130824323,-0.22468813980242752
tm553875,pedro porro_1999,2021,0.034658543973921575,0.8223228341480391,0.014325231604694313,0.07870421352250005,0.03916226409942467,0.01082691265142024,2,2122,0.02534681958588624,0.3435880899896391,0.0155278030897815,0.435784392656124,0.09637438558192359,0.08337850909664571,4,-0.009311724388035337,-0.4787347441584,0.001202571485087187,0.35708017913362394,0.057212121482498914,0.07255159644522546,0.6000454906324131,2,0.7141727287907582,1.3194643400544162,0.6052916112636579
tm56036,luis neto_1988,2021,7.005408674947817e-05,0.0025691130165071017,0.9889711856954486,0.007729320603094092,5.651754699666078e-05,0.0006038090512042033,3,2122,5.72255046306315e-05,0.00038864689163682083,0.9947593729551706,0.003271648201250551,0.0009541641940807898,0.0005689422532305568,3,-1.282858211884667e-05,-0.002180466124870281,0.005788187259721966,-0.00445767240184354,0.000897646647084129,-3.486679797364651e-05,0.007676869257256673,3,0.06957462993541144,0.038446626461345196,-0.031128003474066246
tm560903,patrick_1997,2021,0.0002792627960602955,0.012728132505109315,0.926171915808736,0.05862697181874667,0.0002799876490490349,0.0019137294222985406,3,2122,7.0850560373065275e-06,8.199486939186124e-05,0.9992925378324005,0.0005060341055865194,6.345487586724424e-05,4.889326071657103e-05,3,-0.000272177740022989,-0.012646137635717454,0.07312062202366443,-0.058120937713160147,-0.00021653277318179064,-0.0018648361615819695,0.09425876367770891,3,0.3094301753424485,0.006501557414709273,-0.30292861792773923
tm564544,pedro amador_1998,2021,0.001889483682188118,0.05020987182321171,0.76191053988182,0.14184405268756745,0.0021971724509457636,0.04194887947426688,3,2122,0.0029734851643313884,0.041206262105797024,0.6186055015594584,0.28493924919149133,0.02389584602881613,0.028379655950105616,3,0.0010840014821432704,-0.009003609717414686,-0.14330503832236163,0.14309519650392388,0.021698673577870364,-0.013569223524161261,0.20387653556323226,3,0.7927440937433544,0.9938761794092424,0.20113208566588803
tm581121,tiago esgaio_1995,2021,0.001693298968031936,0.2878736344925695,0.6070337407594272,0.0981445304087942,0.0014429878678583034,0.0038118075033189915,3,2122,0.0008705915201467646,0.009260314160010968,0.6367743198538461,0.3400568972439951,0.011018903185821008,0.00201897403618018,3,-0.0008227074478851714,-0.2786133203325585,0.029740579094418962,0.24191236683520093,0.009575915317962704,-0.0017928334671388113,0.3703023798750619,2,0.9307819538642839,0.7658957609068817,-0.16488619295740214
tm58267,andre castro_1988,2021,0.0007145681827381092,0.9777271095083537,0.0022982402620330593,0.01664610627554298,0.001569246369493969,0.0010447294018380501,2,2122,0.0004707965747790099,0.01550338999984463,0.010970852129699251,0.9618977865428763,0.009464699272913532,0.0016924754798874322,4,-0.0002437716079590993,-0.962223719508509,0.008672611867666193,0.9452516802673333,0.007895452903419564,0.0006477460780493821,1.3488931897043446,2,0.12664175125348734,0.2099856762978033,0.08334392504431595
tm585264,pedrao_1997,2021,5.049433165886267e-42,1.8936707306944852e-40,1.0,2.9079857918345895e-40,3.727871575992521e-42,2.233236694872103e-41,3,2122,1.6689569021689416e-05,0.00018260988205009068,0.9982215294918295,0.0012573507463190282,0.00016243368972806933,0.0001593866210516303,3,1.6689569021689416e-05,0.00018260988205009068,-0.0017784705081704821,0.0012573507463190282,0.00016243368972806933,0.0001593866210516303,0.002191779610726485,3,1.3815510557964273e-10,0.014740927491356316,0.01474092735320121
tm58965,ruben lima_1989,2021,0.007962437352552566,0.20340838457237206,0.39521784212595695,0.3573677628153369,0.007707004913872677,0.02833656821990876,3,2122,0.00597195655375834,0.04056589415906311,0.6832056484457181,0.16114404955790773,0.0727362519824504,0.03637619930110234,3,-0.0019904807987942263,-0.16284249041330895,0.2879878063197611,-0.19622371325742916,0.06502924706857773,0.008039631081193582,0.3901168592941442,3,1.2355138920720938,1.0262027271279994,-0.2093111649440944
tm593208,matheus silva_1997,2021,0.004404052188352273,0.0798306964605189,0.5898945535397068,0.29987060401371524,0.004931242445583303,0.021068851352123604,3,2122,0.01021091277021695,0.3764632450500983,0.2624045048066607,0.280812321702967,0.05258825391024547,0.01752076175981154,2,0.005806860581864677,0.29663254858957944,-0.32749004873304605,-0.019058282310748242,0.04765701146466217,-0.0035480895923120648,0.4448693396921375,3,1.0057318204486227,1.3480501217159995,0.3423183012673767
tm594546,ze uilton_1992,2021,0.11100084748359146,0.07814092115334836,0.6695651424379527,0.034989246862926496,0.07930038849049063,0.027003453571690338,3,2122,0.02457826407169604,0.09754000902487606,0.023619243814666423,0.7580008591795231,0.09080934125033455,0.005452282658903811,4,-0.08642258341189542,0.019399087871527693,-0.6459458986232863,0.7230116123165966,0.011508952759843913,-0.02155117091278653,0.9736372728179377,4,1.1276121844842661,0.8628651469123344,-0.26474703757193174
tm595012,ibrahima camara_1999,2021,0.0017000021466819523,0.5698536654550687,0.020350890977303516,0.3975089486850521,0.0017981321990491,0.00878836053684452,2,2122,0.0034893267977903213,0.33287003065033705,0.009607090909460037,0.626892226448828,0.017596711601125036,0.009544613592459556,4,0.001789324651108369,-0.2369836348047316,-0.010743800067843479,0.22938327776377593,0.015798579402075935,0.0007562530556150353,0.3303727551064775,2,0.8302621949713985,0.8387656713051913,0.008503476333792781
tm595809,beto_1998,2021,0.48183666262642094,0.02331101224765868,0.008284983248208304,0.007707215174126231,0.2110244294651395,0.26783569723844647,1,2122,0.3691720455256127,0.0176911409038228,0.003458093126325045,0.009424484232330187,0.05017175138938479,0.5500824848225244,6,-0.11266461710080822,-0.005619871343835882,-0.004826890121883259,0.001717269058203956,-0.1608526780757547,0.28224678758407795,0.19653175526057456,5,1.1977976001316681,0.9817188520600464,-0.21607874807162175
tm597087,lucas africo_1995,2021,9.764436965220377e-05,0.0019286375420455475,0.9956750036742437,0.0021028605401240377,6.537675034752548e-05,0.0001304771235870604,3,2122,4.698518672409396e-05,0.0003929008574116961,0.9968576043262364,0.0020692954047610785,0.0004094588476995839,0.00022375537716726453,3,-5.065918292810981e-05,-0.0015357366846338513,0.0011826006519927157,-3.356513536295928e-05,0.0003440820973520584,9.327825358020414e-05,0.0019695473915264995,2,0.03203304433866166,0.02455088972749401,-0.007482154611167649
tm598629,bruno duarte_1996,2021,0.9291369949345841,0.0018877609616199421,0.0012923212130038588,0.0008708073111706473,0.061714128563760635,0.005097987015860642,1,2122,0.6382980362903417,0.013953297339280277,0.0029883804935985215,0.010255380157787217,0.24559924331321215,0.08890566240578018,1,-0.2908389586442425,0.012065536377660335,0.0016960592805946627,0.00938457284661657,0.18388511474945152,0.08380767538991954,0.3444380340269694,1,0.29366348483381166,0.9705158969519843,0.6768524121181726
tm601883,matheus nunes_1998,2021,0.08411167624317081,0.7055280572461151,0.012875833959594931,0.04879588084878277,0.12862736183238324,0.020061189869953124,2,2122,0.0007866302283676116,0.07863138081967438,0.005420973729321093,0.8787400248011253,0.03541471582160701,0.0010062745999045635,4,-0.0833250460148032,-0.6268966764264408,-0.007454860230273838,0.8299441439523426,-0.09321264601077622,-0.01905491527004856,1.0476134595384199,4,0.9999439071802985,0.47270839780158463,-0.5272355093787138
tm606050,pedro pelagio_2000,2021,0.002292349702899374,0.6556687283123063,0.007922832282381498,0.32300376315658763,0.002713222085480609,0.008399104460344727,2,2122,0.0012268083595636367,0.07226540404499125,0.02097062131123884,0.8804505521872398,0.011267496298030148,0.013819117798936553,4,-0.0010655413433357374,-0.583403324267315,0.01304778902885734,0.5574467890306521,0.008554274212549538,0.005420013338591826,0.8070631432242075,2,0.750223999470055,0.5009520440688591,-0.24927195540119595
tm610335,ivan jaime pajuelo_2000,2021,0.38464866477477405,0.001753281109171716,0.00035076855516898473,0.0005408811458328303,0.6099248733509733,0.0027815310640790475,5,2122,0.39761686075557323,0.4609274308164562,0.003503960685820248,0.05428342960082384,0.06692699779350862,0.01674132034781779,2,0.01296819598079918,0.4591741497072845,0.0031531921306512632,0.05374254845499101,-0.5429978755574647,0.013959789283738741,0.7132699144513064,5,0.7034162523861767,1.1511221178304556,0.4477058654442789
tm617679,ze carlos_1998,2021,0.010891108026482473,0.10970708058711139,0.23926268563848896,0.4966319087221145,0.009711695928591193,0.13379552109721138,4,2122,0.0006410545821331455,0.006311471014609062,0.9639284180509676,0.02326863360830146,0.002696046195550514,0.0031543765484380163,3,-0.010250053444349327,-0.10339560957250232,0.7246657324124787,-0.47336327511381304,-0.007015649733040679,-0.13064114454877337,0.871813138794689,3,1.2955896729670964,0.19371719506130444,-1.101872477905792
tm629567,yanis hamache_1999,2021,0.0626457253375286,0.4024644474061848,0.05676810942199033,0.04483129421429295,0.2750064667081183,0.15828395691188502,2,2122,0.02583631327283823,0.18584379683708127,0.058673569173548365,0.4401823750865793,0.23507615836887993,0.05438778726107292,4,-0.03680941206469037,-0.21662065056910354,0.0019054597515580363,0.3953510808722864,-0.03993030833923836,-0.1038961696508121,0.45407045325295764,4,1.4886945816192938,1.433497511302684,-0.05519707031660981
tm637782,andre amaro_2002,2021,7.448556965119368e-05,0.0030854983914170055,0.9928865186701261,0.003647636872543947,7.439027555877558e-05,0.00023147022070291057,3,2122,1.591651828135215e-05,8.163442892644018e-05,0.9989133621384866,0.0006554279103314805,0.0001819827647047488,0.00015167623926939605,3,-5.856905136984153e-05,-0.0030038639624905654,0.0060268434683604655,-0.0029922089622124665,0.0001075924891459732,-7.979398143351452e-05,0.007369827803165575,3,0.04875496399727748,0.00973574100522732,-0.039019222992050163
tm63837,andre andre_1989,2021,0.003112750909844624,0.9704109673981586,0.0016783891888242238,0.01925736547386092,0.004637056021562238,0.0009034710077496112,2,2122,0.0031425713035707274,0.3168208892165365,0.10804638023561745,0.5005556461126516,0.03268272732212643,0.038751785809497355,4,2.9820393726103216e-05,-0.6535900781816221,0.10636799104679323,0.48129828063879065,0.028045671300564193,0.037848314801747746,0.8191023961206565,2,0.16515387356467728,1.2068669420949385,1.0417130685302611
tm64339,pizzi_1989,2021,0.47517041368047225,0.0033257225272026692,0.0009864166601400584,0.0016768210368932404,0.5127586658667165,0.006081960228575208,5,2122,0.03709425883617249,0.018509605834187367,0.004559251133217116,0.014528917979328123,0.024506035896394853,0.9008019303207,6,-0.43807615484429974,0.015183883306984697,0.003572834473077058,0.012852096942434882,-0.48825262997032165,0.8947199700921248,0.6562848771458722,5,0.7636160875961477,0.4670961867557637,-0.29651990084038404
tm644158,lucas_1999,2021,0.2345269521360661,0.2394958089400922,0.04328111958463044,0.2600565045903709,0.2034270973992532,0.01921251734958712,4,2122,0.339468166458934,0.5192049635184537,0.008913100614961056,0.06763707119712538,0.049624055402258956,0.015152642808266916,2,0.1049412143228679,0.2797091545783615,-0.03436801896966939,-0.19241943339324552,-0.15380304199699424,-0.0040598745413202054,0.388730812286994,2,1.5684411781354015,1.143846440943386,-0.42459473719201557
tm646677,riccieli_1998,2021,1.4884892979958334e-05,0.00057633290736599,0.9987302060258683,0.0005459284342084821,1.2777025414429955e-05,0.00011987071416283936,3,2122,0.0001624669887553506,0.0011626579138594442,0.9889278440048106,0.006337274718126649,0.00273200518807201,0.0006777511863758887,3,0.00014758209577539225,0.0005863250064934542,-0.009802362021057665,0.005791346283918167,0.00271922816265758,0.0005578804722130493,0.011721166847244755,3,0.011061068558387888,0.07343081337779259,0.0623697448194047
tm651205,luquinha_2000,2021,0.19544152651617497,0.0623609873780076,0.017150008675564963,0.028569063614199218,0.6451990232841919,0.05127939053186149,5,2122,0.26236781808954196,0.19008937763923534,0.01668207765165115,0.12699411536670205,0.33481607044066153,0.06905054081220788,5,0.06692629157336699,0.12772839026122773,-0.0004679310239138132,0.09842505175250282,-0.31038295284353035,0.017771150280346384,0.35611649410029156,5,1.0984480698795627,1.5479151806870655,0.4494671108075028
tm657386,bruno rodrigues_2001,2021,1.708680572573863e-05,0.00039574155368432643,0.9987118124427455,0.0007941723438486999,1.0532924670370664e-05,7.065392932544616e-05,3,2122,1.9294362386643536e-05,0.00014022170370111704,0.9986769384214014,0.0007498949628380452,0.0002615109103316901,0.0001521396393410434,3,2.2075566609049062e-06,-0.0002555198499832094,-3.487402134416673e-05,-4.4277381010654785e-05,0.00025097798566131943,8.148571001559724e-05,0.0003625767507195442,2,0.011040435824233016,0.011666282249242418,0.000625846425009402
tm674798,goncalo franco_2000,2021,0.0007134697902199381,0.9600107914913494,0.0063457596521868664,0.030981866805091664,0.000956261934309369,0.0009918503268427894,2,2122,0.0008024586983559456,0.13876257538169776,0.038534772733668204,0.8119847530355494,0.004909370460368004,0.005006069690360662,4,8.89889081360075e-05,-0.8212482161096516,0.03218901308148134,0.7810028862304578,0.0039531085260586345,0.004014219363517872,1.1337838895983638,2,0.19760737447330662,0.6269852786643869,0.4293779041910803
tm694928,samuel lino_1999,2021,0.807984396215651,0.0017026754463695755,0.0014938069501561127,0.0011791948408918166,0.1827082236553804,0.0049317028915509134,1,2122,0.32905859283520855,0.04184421898946591,0.001673809737404873,0.019392751729464267,0.5939201927348763,0.014110433973580085,5,-0.47892580338044244,0.040141543543096334,0.00018000278724876017,0.01821355688857245,0.41121196907949586,0.00917873108202917,0.6327782536018423,1,0.537575300739019,0.955284051460716,0.417708750721697
tm700933,derik lacerda_1999,2021,0.275392695995971,0.03988546299933661,0.01362089019578237,0.02673075330281301,0.26129500816698115,0.3830751893391159,6,2122,0.14469707928556788,0.18028956241481017,0.007126471235223596,0.1364705713718339,0.45090867519155153,0.08050764050101275,5,-0.1306956167104031,0.14040409941547355,-0.006494418960558773,0.1097398180690209,0.1896136670245704,-0.3025675488381031,0.2912610568372375,5,1.3572251860041593,1.4575958506332656,0.10037066462910627
tm70359,david simao_1990,2021,0.027809021286574975,0.23532116174009762,0.05998510104212439,0.2580526376188753,0.06689504530114677,0.351937033011181,6,2122,0.004307108619777983,0.27650137288894194,0.009189088560929053,0.6485491614410922,0.040036723104889635,0.021416545384369445,4,-0.023501912666796992,0.04118021114884432,-0.05079601248119534,0.3904965238222169,-0.02685832219625714,-0.3305204876268116,0.39753904105343424,4,1.5068753581661671,0.9139968510347914,-0.5928785071313757
tm711337,evanilson_1999,2021,0.535233902590628,0.017797335576166973,0.00705500027116106,0.00990164258740224,0.23138400097922293,0.19862811799541885,1,2122,0.3280332189610126,0.033713867760376284,0.0047501645323855275,0.015552672842395535,0.224349740272733,0.39360033563109703,6,-0.20720068362961536,0.01591653218420931,-0.002304835738775533,0.005651030254993295,-0.0070342607064899365,0.19497221763567818,0.20801967822243014,1,1.1466143195476024,1.2723914095680045,0.12577709002040205
tm740273,nathan_2001,2021,0.025361003058620987,0.3799113545465249,0.16042558905397972,0.15902003596586461,0.05158646583933374,0.22369555153567608,2,2122,0.0017955787402342892,0.030965416236692668,0.595339372984389,0.350090678005056,0.015291193041516757,0.006517760992111311,3,-0.023565424318386697,-0.3489459383098322,0.43491378393040925,0.19107064203919139,-0.03629527279781698,-0.21717779054356476,0.5910109420439171,3,1.5347409008560602,0.8918828439687605,-0.6428580568872997
tm75442,nicolas gaitan_1988,2021,0.2919957424413804,0.17158814923359356,0.023114521608457617,0.057706464804710644,0.3531443065762554,0.10245081533560232,5,2122,0.19688635093918058,0.06499620862301671,0.014074326548110885,0.04962024567796033,0.41644483068295807,0.2579780375287735,5,-0.0951093915021998,-0.10659194061057685,-0.009040195060346732,-0.008086219126750317,0.06330052410670267,0.1555272221931712,0.15672174888548698,2,1.5145844507693187,1.4209954997953218,-0.09358895097399689
tm782612,tiago melo almeida_2001,2021,0.0011420144723201322,0.022382688122427156,0.8950305927473465,0.06879950706325205,0.0009935964508107954,0.011651601143843223,3,2122,0.0003546823177776566,0.0020377682482394634,0.8771965485895563,0.11486008613597402,0.003341648949041971,0.0022092657594105897,3,-0.0007873321545424756,-0.020344919874187694,-0.01783404415779022,0.04606057907272197,0.0023480524982311757,-0.009442335384432633,0.05347596733748374,4,0.43492832976453033,0.4115009452769284,-0.023427384487601954
tm83466,andre almeida_1990,2021,0.00440170949174097,0.04382771420525626,0.7911310885207294,0.08227408223460964,0.010717257649535681,0.06764814789812809,3,2122,0.0003414623066851798,0.006734401826892381,0.9766064645469568,0.011102744144514011,0.0023840101883821,0.00283091698656968,3,-0.0040602471850557905,-0.03709331237836388,0.18547537602622732,-0.07117133809009563,-0.00833324746115358,-0.06481723091155842,0.20230748113022556,3,0.7826229110156762,0.14049394238421714,-0.6421289686314591
tm85953,yohan tavares_1988,2021,6.19155993008068e-06,0.00020682082785838916,0.9986709712850753,0.001044792267164912,5.0294754965170746e-06,6.619458447458272e-05,3,2122,1.8179152046128258e-05,0.0002518126620580925,0.9981913776582078,0.001118964284381774,0.0002358876776772092,0.00018377856562925492,3,1.1987592116047578e-05,4.499183419970335e-05,-0.00047959362686755824,7.4172017216862e-05,0.00023085820218069213,0.0001175839811546722,0.0005394209970825132,3,0.011026727209888235,0.015246891948157508,0.004220164738269272
tm95429,osama rashid_1992,2021,0.07853702154342404,0.24810449295011688,0.1268426056621234,0.4595251363228622,0.053541625719289526,0.03344911780218403,4,2122,0.0018373441545256385,0.146475042022232,0.008293421711283092,0.8174874594990693,0.023637592922251826,0.0022691396906380414,4,-0.07669967738889841,-0.10162945092788489,-0.11854918395084031,0.35796232317620713,-0.0299040327970377,-0.031179978111545985,0.3991197449564583,4,1.435244913043931,0.599758663176368,-0.8354862498675631
tm99499,rafael martins_1989,2021,0.7843556541792133,0.007999777518732034,0.008742952338454986,0.0034924776144611334,0.13883310959163817,0.056576028757500285,1,2122,0.902831724096808,0.010609949644518175,0.0018991069942786735,0.003241522143615212,0.0736379409961582,0.007779756124621722,1,0.11847606991759474,0.002610172125786141,-0.006843845344176313,-0.00025095547084592147,-0.06519516859547997,-0.048796272632878564,0.13542785292391457,1,0.7269542150224236,0.40087090664889824,-0.3260833083735254
anderson_1998,anderson_1998,2122,0.005821067199304424,0.18909263213779828,0.0028742549170298493,0.12993974540442163,0.6715260431351691,0.0007462572062767302,5,2223,0.02953450053760099,0.8191651829325725,0.01964599349401243,0.045702953417779024,0.07215872410884554,0.013792645509189839,2,0.023713433338296567,0.6300725507947742,0.01677173857698258,-0.0842367919866426,-0.5993673190263236,0.013046388302913109,0.874169352952631,2,0.8996567881215326,0.7344315006020075,-0.16522528751952514
christian neiva afonso_1994,christian neiva afonso_1994,2122,0.005734290240488358,0.1054190666270377,0.49661278133156533,0.25558173860215466,0.027948377412231457,0.10870374578652264,3,2223,0.002206830800682886,0.034803455186063134,0.7982941334988778,0.1432144494322987,0.004621684416165022,0.016859446665912457,3,-0.0035274594398054717,-0.07061561144097457,0.30168135216731246,-0.11236728916985597,-0.023326692996066434,-0.09184429912061018,0.3304257678757741,3,1.3042488531425334,0.682216963996301,-0.6220318891462323
cristian gonzalez_1996,cristian gonzalez_1996,2122,2.9080463505124417e-08,2.128903764962692e-07,0.9999978365465384,1.4553640923044584e-06,2.2882224166771711e-07,2.3729628774735037e-07,3,2223,0.00010865840348319708,0.0035811298556668097,0.9878067120291828,0.007826839333502167,0.00017590228771153051,0.0005007580904534086,3,0.00010862932301969195,0.0035809169652903134,-0.0121911245173556,0.007825383969409863,0.0001756734654698628,0.0005005207941656613,0.014924000103020625,3,3.261755246638379e-05,0.07656754388084226,0.07653492632837589
diederrick joel_1993,diederrick joel_1993,2122,0.6222031500802062,0.0322642340402725,0.0036807077078220523,0.011041828705506265,0.24312232990315197,0.08768774956304083,1,2223,0.9443814732050062,0.012909814912536321,0.002679640153560416,0.0030478156163627375,0.008170014842102336,0.02881124127043204,1,0.3221783231248,-0.01935441912773618,-0.0010010675542616362,-0.007994013089143527,-0.23495231506104963,-0.05887650829260879,0.39930059124091516,1,1.0336523131126116,0.2851917950585532,-0.7484605180540584
lamine diaby_1996,lamine diaby_1996,2122,0.004570199660831207,0.015341153130779614,0.01336540161243963,0.020988626119359418,0.010070801192595423,0.9356638182839947,6,2223,0.0007807893062082179,0.6100724669340243,0.02242655117498258,0.3639286123439565,0.0014101373120531755,0.001381442928775321,2,-0.003789410354622989,0.5947313138032446,0.00906114956254295,0.3429399862245971,-0.008660663880542247,-0.9342823753552194,0.6866473919931121,2,0.3360040775179556,0.7784465320181532,0.4424424545001976
paulo sergio mota_1991,paulo sergio mota_1991,2122,0.013705135608310577,0.13620265845160295,0.2484394112067813,0.4667039182637785,0.11304373520512122,0.021905141264405428,4,2223,0.0006822918449261382,0.0838430194132052,0.07135461418428146,0.8386054322125092,0.002970490847557176,0.002544151497520821,4,-0.01302284376338444,-0.05235963903839776,-0.17708479702249985,0.37190151394873067,-0.11007324435756405,-0.019360989766884606,0.42976389657249564,4,1.3620857732825395,0.5812787462855391,-0.7808070269970004
tm102427,sebastian coates_1990,2122,9.398728545184934e-05,0.0005716277892110487,0.9933011424893277,0.004599633375289726,0.0011120854862515777,0.0003215235744681748,3,2223,6.946300909891587e-05,0.001570546988544302,0.996690881604289,0.0013085772070478502,8.555093773540192e-05,0.00027498025328435673,3,-2.4524276352933468e-05,0.000998919199333253,0.003389739114961321,-0.003291056168241876,-0.0010265345485161758,-4.654332118381806e-05,0.004936962239702284,3,0.04672012303698465,0.025851914679035665,-0.020868208357948982
tm126956,edgar costa_1987,2122,0.0024620383105387303,0.963614269857046,0.0006794030302445239,0.02264741600389402,0.006216422124337431,0.004380450673939359,2,2223,0.024412043923403803,0.3350377841345747,0.04933992393357843,0.21828993304319141,0.0682316701212685,0.30468864484398317,2,0.021950005612865073,-0.6285764857224714,0.048660520903333906,0.1956425170392974,0.062015247996931075,0.3003081941700438,0.6633852070266517,2,0.19661348051326297,1.4829923525415003,1.2863788720282374
tm127031,pierre sagna_1990,2122,0.00024907475043107726,0.002651287625804615,0.9784230937034827,0.013977603306654084,0.0022063264556665078,0.0024926141579610784,3,2223,0.0006441890855663861,0.04464825292078484,0.7243569598890482,0.21284612010373863,0.0025844055910233324,0.014920072409838477,3,0.00039511433513530884,0.04199696529498022,-0.25406613381443444,0.19886851679708453,0.0003780791353568246,0.012427458251877398,0.3253649204779836,3,0.12726367740378786,0.7845767019416136,0.6573130245378257
tm129670,luiz carlos_1985,2122,0.0009674777349911157,0.050646018486539504,0.05149370833138354,0.878556547126773,0.010315597402174068,0.008020650918138838,4,2223,0.0019022524905405193,0.7135357516857203,0.026540931120605932,0.24962623884433313,0.0037071810647826588,0.004687644794017684,2,0.0009347747555494036,0.6628897331991808,-0.024952777210777606,-0.6289303082824399,-0.006608416337391409,-0.003333006124121154,0.9141352838163445,2,0.5101735990027036,0.7413892659388438,0.23121566693614015
tm137192,zainadine junior_1988,2122,6.672316465304022e-05,0.0006659689383181357,0.9943012322668594,0.004057752406729688,0.00033137028704234155,0.000576952936397297,3,2223,1.217522967748402e-05,0.00030835238930376193,0.9992193540360308,0.0003907358449541816,1.4781238394166584e-05,5.460126163938066e-05,3,-5.45479349755562e-05,-0.0003576165490143738,0.004918121769171391,-0.003667016561775506,-0.00031658904864817494,-0.0005223516747579163,0.0061535376735497764,3,0.04049946850373,0.007177547114688661,-0.03332192138904134
tm138651,joaozinho_1989,2122,0.0007368667398149438,0.005928610732022141,0.9633414777816848,0.02060833101001274,0.005668331699632859,0.0037163820368325677,3,2223,0.0013325029214635152,0.022104150773706106,0.8031530933440274,0.14880531995662594,0.010205296735758361,0.01439963626841864,3,0.0005956361816485715,0.016175540041683964,-0.16018838443765737,0.1281969889466132,0.004536965036125502,0.010683254231586073,0.2058576532790676,3,0.20181247905050514,0.6604856362332551,0.4586731571827499
tm139336,paulo oliveira_1992,2122,2.73488011495721e-05,0.0001591345721341507,0.9979812388602657,0.001144630191119225,0.0002904679702165493,0.00039717960511489775,3,2223,7.31365843734192e-05,0.0017539589406384026,0.993985523437945,0.002858895520263416,0.00012911826645302236,0.0011993672503267524,3,4.57877832238471e-05,0.001594824368504252,-0.003995715422320689,0.0017142653291441908,-0.00016134970376352692,0.0008021876452118546,0.004634225109902341,3,0.016923969169859145,0.043791847907313344,0.0268678787374542
tm139395,ricardo esgaio_1993,2122,0.01962953863013615,0.26959024668791565,0.07012317154796241,0.4140000095783792,0.09464631311194006,0.1320107204436665,4,2223,0.005514460786976877,0.04270079641263553,0.02770342832194262,0.8117203545783878,0.06762729301291341,0.04473366688714371,4,-0.014115077843159273,-0.22688945027528012,-0.04241974322601979,0.3977203450000086,-0.027019020099026653,-0.08727705355652278,0.460856803094124,4,1.4724495588520585,0.7531696362217746,-0.719279922630284
tm14132,pepe_1983,2122,0.0001041680593651673,0.0006519563532650173,0.9949036797841089,0.0029945128781907805,0.001040585098096556,0.00030509782697351245,3,2223,1.1031751470827604e-06,2.3709500625295955e-05,0.9999014572180702,6.183759935922693e-05,2.8243107986012937e-06,9.068195999370891e-06,3,-0.00010306488421808455,-0.0006282468526397213,0.004997777433961348,-0.0029326752788315534,-0.0010377607872979547,-0.00029602963097414154,0.0059212015250578055,3,0.03783840346965967,0.0011068115189233133,-0.03673159195073636
tm149729,joao mario_1993,2122,0.01038006182475581,0.17108701040088553,0.004055482488880419,0.4839443924758984,0.32191305467360226,0.008619998135977717,4,2223,0.017616686884837467,0.02207365819606169,0.0017052365013060819,0.04109785289106653,0.8996171660714704,0.017889399455257873,5,0.007236625060081657,-0.14901335220482384,-0.002350245987574337,-0.44284653958483183,0.577704111397868,0.009269401319280156,0.7430464113916717,5,1.1289157506183516,0.4645183100932607,-0.6643974405250909
tm155025,fabio cardoso_1994,2122,2.475237928830969e-05,0.00011182419339586118,0.998923331950128,0.0006264425235622437,0.0001253238197792866,0.00018832513384645373,3,2223,0.002949602394982155,0.03477378239161524,0.9142314936919789,0.03399566492004776,0.0036299107567587976,0.010419545844617115,3,0.002924850015693845,0.034661958198219385,-0.08469183825814908,0.033369222396485515,0.003504586936979511,0.01023122071077066,0.09751154133864799,3,0.00971768035400429,0.3988739531517569,0.3891562727977526
tm155395,salvador agra_1991,2122,0.6857229083352482,0.08989206257562889,0.0009320471946371914,0.011969925492682125,0.20523966829658108,0.006243388105222431,1,2223,0.01862431954755023,0.039000584302264496,0.013761997628775073,0.5557616849232502,0.33626548355142655,0.03658593004673346,4,-0.6670985887876979,-0.05089147827336439,0.012829950434137882,0.543791759430568,0.13102581525484547,0.03034254194151103,0.8721538392045972,1,0.8914545735049673,1.0736657815462873,0.18221120804132007
tm167791,stefano beltrame_1993,2122,0.001184050557481884,0.012421552194279085,0.0025947359214943608,0.9776379206358561,0.004907284704240974,0.0012544559866476614,4,2223,0.0009206994913938874,0.8941723101978595,0.010349356444979335,0.08880919749795518,0.0032173780685016986,0.002531058299310433,2,-0.0002633510660879967,0.8817507580035804,0.007754620523484974,-0.8888287231379008,-0.0016899066357392756,0.0012766023126627715,1.25202394449648,4,0.1345220824226408,0.4023896736582716,0.2678675912356308
tm175600,arsenio nunes_1989,2122,0.1542889112385267,0.2672459690483882,0.003743440355772901,0.09238068116691726,0.47554678390865196,0.0067942142817430905,5,2223,0.010336575439550365,0.10911163056920847,0.06561816349401854,0.7147274254347572,0.0773132290660831,0.022892975996382247,4,-0.14395233579897634,-0.15813433847917974,0.061874723138245644,0.62234674426784,-0.39823355484256884,0.016098761714639157,0.7716622704622749,4,1.269345831307511,0.9921436661748191,-0.2772021651326919
tm176997,anderson carvalho_1990,2122,0.0023633912875010254,0.05984793770661456,0.2138217570241845,0.6602452766715777,0.014364836420463425,0.04935680088965867,4,2223,0.0005714722366142606,0.9197028152805847,0.01030488216733987,0.0670178071711135,0.0015306333218501817,0.0008723898224974617,2,-0.0017919190508867647,0.8598548775739702,-0.2035168748568446,-0.5932274695004642,-0.012834203098613243,-0.04848441106716121,1.064357217832542,2,0.99621099108736,0.3255995952604665,-0.6706113958268936
tm177859,tiago ilori_1993,2122,0.004947205859322297,0.009090417049278413,0.8528259545110776,0.03712605283445844,0.048731597188005106,0.04727877255785825,3,2223,0.0007743617578434142,0.010850322856934904,0.9753480536837889,0.006864708089445343,0.000866370375490232,0.005296183236497353,3,-0.004172844101478883,0.0017599058076564911,0.12252209917271129,-0.030261344745013095,-0.04786522681251487,-0.0419825893213609,0.1350518552468821,3,0.6185555404459572,0.14703538420647982,-0.47152015623947735
tm177964,yusupha njie_1994,2122,0.7116872125766426,0.04295658750656243,0.0009525199715814336,0.007537092865645354,0.2265253644101641,0.010341222669404163,1,2223,0.8964874216224114,0.008231645995115939,0.00218611034597667,0.005553056914686224,0.054217455151753954,0.033324309970055914,1,0.18480020904576877,-0.03472494151144649,0.0012335903743952363,-0.0019840359509591295,-0.17230790925841016,0.022983087300651753,0.25505374446026907,1,0.8043754796082617,0.45108271669455496,-0.35329276291370676
tm181783,claudio winck_1994,2122,0.004944435902462331,0.5282242985202193,0.030451496938159205,0.3336629172049628,0.08929685524069901,0.01341999619349721,2,2223,0.002020515391657636,0.10871422459702532,0.08089175604436824,0.786779306820789,0.014816798043148525,0.006777399103011214,4,-0.002923920510804695,-0.41951007392319406,0.050440259106209036,0.45311638961582623,-0.07448005719755049,-0.0066425970904859955,0.624021804612251,4,1.1095208837974313,0.7421216825439811,-0.36739920125345016
tm182108,sebastian perez_1993,2122,0.0006900783803333442,0.013913800555351147,0.08544499939036226,0.890771298495288,0.0057652131891283535,0.003414609989536899,4,2223,0.003397901896298499,0.07871123937143606,0.1016749992650008,0.7773794722204106,0.015566859037133764,0.02326952820972034,4,0.002707823515965155,0.06479743881608492,0.016229999874638537,-0.11339182627487743,0.00980164584800541,0.01985491822018344,0.13199709015175431,4,0.426839489843843,0.7998949414180899,0.3730554515742469
tm182936,filipe ferreira_1990,2122,0.0010069149716217278,0.017101293316213257,0.8752684841646314,0.08661872451466489,0.012386486662904733,0.0076180963699638785,3,2223,0.0010216722230999228,0.04903158025846645,0.33535091864195493,0.5618427769340215,0.032116498493510184,0.020636553448946965,4,1.4757251478195047e-05,0.031930286942253194,-0.5399175655226764,0.4752240524193566,0.01973001183060545,0.013018457078983086,0.720248356031887,3,0.49657045473752565,1.0357110070580207,0.5391405523204951
tm184992,juan delgado_1993,2122,0.01841385048177678,0.39108439078556995,0.11594148552765969,0.10694801742238073,0.24255819222617095,0.12505406355644202,2,2223,0.0026469860924323322,0.18294471072207974,0.3247914095305004,0.4737293763806489,0.005019713054344753,0.010867804219993938,4,-0.015766864389344448,-0.2081396800634902,0.2088499240028407,0.36678135895826813,-0.2375384791718262,-0.11418625933644809,0.5273917951126414,4,1.53318347973841,1.12135629670578,-0.4118271830326301
tm186848,giorgi aburjania_1995,2122,0.00485417687705991,0.05405440985365666,0.0037853505789397185,0.7272160040864905,0.2052240030538141,0.004866055550039096,4,2223,0.0019840137322846446,0.6501647301578676,0.07307098579981064,0.2623631515791838,0.006986466993458171,0.0054306517373952316,2,-0.0028701631447752654,0.596110320304211,0.06928563522087092,-0.4648528525073067,-0.19823753606035593,0.0005645961873561355,0.7845651956625955,2,0.7872491744876804,0.8974908095629697,0.11024163507528928
tm190442,alan ruiz_1993,2122,0.2866482737342573,0.1738965602994499,0.005139178901159437,0.16142894126597226,0.30526761061668695,0.06761943518247421,5,2223,0.011424509003643842,0.9055104386079482,0.002017502299626557,0.0607164437684856,0.016626289779510195,0.0037048165407856464,2,-0.27522376473061344,0.7316138783084983,-0.0031216766015328802,-0.10071249749748666,-0.28864132083717675,-0.06391461864168856,0.8393292272509698,2,1.5282250278399536,0.4124422095484671,-1.1157828182914864
tm193082,alex grimaldo_1995,2122,0.046157810196733026,0.09241908024400376,0.03594793427577278,0.17966860676551122,0.552843744317055,0.09296282420092432,5,2223,0.005559978441026344,0.042724146490824885,0.2807477965418808,0.4349216243749822,0.14429898396307997,0.0917474701882058,4,-0.04059783175570668,-0.04969493375317888,0.24479986226610803,0.255253017609471,-0.408544760353975,-0.0012153540127185225,0.5441577594419937,5,1.338531599087426,1.3808241753865265,0.04229257629910044
tm193303,nuno sequeira_1990,2122,0.00421153729415371,0.02532809208246557,0.8700573400160035,0.06183944202972248,0.017113329801668103,0.021450258775986716,3,2223,0.0012042114119304554,0.021824523916739634,0.7408646367955283,0.22102435455146577,0.0033982151620919688,0.011684058162243735,3,-0.0030073258822232544,-0.003503568165725935,-0.12919270322047527,0.15918491252174327,-0.013715114639576136,-0.009766200613742981,0.20552375606824472,4,0.5613874489126282,0.7187184198457794,0.1573309709331513
tm193830,iuri medeiros_1994,2122,0.42392127569312943,0.05531460692055819,0.0071193392105687635,0.026586787170091972,0.2442738621377976,0.24278412886785405,1,2223,0.041117441105773894,0.033950685471047216,0.0057293557692378394,0.04688268151469381,0.7427861665419528,0.12953366959729437,5,-0.38280383458735556,-0.02136392144951097,-0.001389983441330924,0.02029589434460184,0.4985123044041553,-0.11325045927055968,0.6292245751224597,5,1.343553192136571,0.9047188810011422,-0.4388343111354289
tm194005,nino galovic_1992,2122,6.9881550052005e-06,4.3498401828377656e-05,0.9995843182396836,0.0002592911075110306,6.575754887454106e-05,4.014654709731109e-05,3,2223,0.00015328601059323512,0.0022305561749398893,0.9914216646108595,0.004868695224670688,0.00024980719505245363,0.0010759907838842502,3,0.00014629785558803462,0.0021870577731115115,-0.008162653628824179,0.004609404117159657,0.00018404964617791257,0.0010358442367869392,0.009628811952529777,3,0.004116127758574506,0.05885788589263657,0.05474175813406206
tm197880,raphael guzzo_1995,2122,0.01205387271680541,0.07646853588674737,0.002435109067859188,0.29078486547550003,0.6159623225973127,0.0022952942557753616,5,2223,5.195792281072874e-42,1.4601475543222733e-39,2.1590428732584815e-40,1.0,7.287544979436779e-41,1.8436131307022148e-41,4,-0.01205387271680541,-0.07646853588674737,-0.002435109067859188,0.7092151345244999,-0.6159623225973127,-0.0022952942557753616,0.9425467375586148,4,0.9360974948517952,1.3815510557964273e-10,-0.93609749471364
tm211072,paulinho_1992,2122,0.9681231562595334,0.002409975852089633,0.0002766385011126623,0.0012241767890896838,0.021432937910131504,0.00653311468804308,1,2223,0.7523495711769566,0.005658683790778096,0.0016114862519528079,0.005336755718004275,0.21223267313636912,0.022810829925939035,1,-0.21577358508257682,0.003248707938688463,0.0013348477508401456,0.0041125789289145915,0.1907997352262376,0.016277715237895955,0.28808337024032776,1,0.17159642362020983,0.6968689930121403,0.5252725693919305
tm214070,ewerton_1992,2122,0.0015791965607052049,0.04413986610487273,0.007869187820252563,0.8649754437626381,0.07945649616322138,0.0019798095883099757,4,2223,0.008599244096143347,0.11626532471908883,0.022664048441933718,0.6263975542230358,0.21262665444208562,0.01344717407771282,4,0.007020047535438142,0.0721254586142161,0.014794860621681154,-0.23857788953960235,0.13317015827886425,0.011467364489402844,0.2830617444687894,4,0.5250647865368208,1.0570619634987686,0.5319971769619478
tm214538,mateus uribe_1991,2122,0.00027033037023160345,0.004477901035995987,0.008792385209047519,0.9792174097778067,0.006066129533705809,0.0011758440732122268,4,2223,0.00044556319692220077,0.5945033476364624,0.029038127659886576,0.3726792701728314,0.0009420951218433809,0.0023915962120540243,2,0.00017523282669059732,0.5900254466004664,0.020245742450839058,-0.6065381396049753,-0.005124034411862427,0.0012157521388417975,0.8464364825278549,4,0.12752707297410837,0.8042145480309946,0.6766874750568862
tm215122,ivo rodrigues_1995,2122,0.006978552465738079,0.7811176777149225,0.0036708120723363364,0.16220096082371505,0.02700042269761098,0.019031574225677184,2,2223,0.014666283901858182,0.41868643029169694,0.025940679029857274,0.3570131043098928,0.12051209514248819,0.06318140732420673,2,0.007687731436120103,-0.3624312474232255,0.022269866957520937,0.19481214348617776,0.09351167244487721,0.044149833098529545,0.4226199964871658,2,0.7161403863443447,1.3183926690000478,0.6022522826557031
tm222813,marko grujic_1996,2122,0.002429307225997142,0.07148262413232896,0.07692909924795116,0.800475063554984,0.03594263926804219,0.012741266570696838,4,2223,0.002493976287614924,0.5760511694809775,0.11921685844775055,0.2744571281662901,0.003582142718690263,0.024198724898676745,2,6.46690616177819e-05,0.5045685453486485,0.04228775919979939,-0.5260179353886939,-0.03236049654935193,0.011457458327979907,0.7308349648196805,4,0.7538044588093719,1.0513169200742565,0.2975124612648846
tm223977,igor juliao_1994,2122,0.0024193962276178537,0.02203907983674105,0.88441777756332,0.06641597425661004,0.011397106778194688,0.013310665337516285,3,2223,0.003275432358585232,0.057437912454032444,0.35901581670442945,0.5558851904321311,0.01212992730851444,0.012255720742307368,4,0.0008560361309673781,0.03539883261729139,-0.5254019608588905,0.4894692161755211,0.000732820530319752,-0.0010549445952089172,0.7189448387966216,3,0.495876466370285,0.9844917155853957,0.48861524921511074
tm226155,carlinhos_1994,2122,0.008681811060721243,0.20487565719059275,0.004826971983489636,0.6626675387020161,0.11688372572149054,0.0020642953416895814,4,2223,0.0003162567934035471,0.964811111443495,0.004703989411369449,0.028620298192130255,0.0008858618517780343,0.0006624823078237954,2,-0.008365554267317696,0.7599354542529022,-0.00012298257212018694,-0.6340472405098858,-0.1159978638697125,-0.001401813033865786,0.9965155793433511,2,0.9280922035153638,0.17510330433606064,-0.7529888991793032
tm228433,wendell_1993,2122,0.013477767489465081,0.18848924847275345,0.24465916308770724,0.3245395378936247,0.1478746450801496,0.0809596379762999,4,2223,0.0006089816667435628,0.016558094405508365,0.8350275428996964,0.14042577831764344,0.002237822420367113,0.005141780290041235,3,-0.012868785822721518,-0.17193115406724507,0.5903683798119892,-0.18411375957598128,-0.1456368226597825,-0.07581785768625866,0.6583074599675429,3,1.5684153555465157,0.5393803552960732,-1.0290350002504425
tm231289,otavio_1995,2122,0.005673289849672324,0.5888322792624945,0.006363432711527815,0.32458471422904545,0.032675665710457574,0.04187061823680248,2,2223,0.00995815000537767,0.13563358866909309,0.01392533886407452,0.47107326401025107,0.31933130016167494,0.05007835828952875,4,0.004284860155705346,-0.4531986905934014,0.007561906152546704,0.14648854978120562,0.28665563445121733,0.008207740052726273,0.5559630775388039,2,0.9832527056150707,1.2454512392699828,0.2621985336549121
tm231614,gilberto_1993,2122,0.009178783923049005,0.29902398736027086,0.09035177766372614,0.40896250493203495,0.09079984111248902,0.10168310500843009,4,2223,0.010739570245234344,0.03161586606538078,0.34863589783177806,0.38392762703805133,0.1095476644327396,0.11553337438681598,4,0.001560786322185339,-0.2674081212948901,0.2582841201680519,-0.02503487789398362,0.018747823320250573,0.01385026937838589,0.3730930877271849,2,1.4371981561268998,1.3843938897655907,-0.05280426636130908
tm235568,joao pedro_1993,2122,0.00868409943509517,0.14538684049519146,0.0077557473680973,0.7045633184691323,0.12546964943942385,0.00814034479305987,4,2223,0.0015597816328830204,0.672410916313641,0.09224138664257531,0.22539825339377287,0.0018417504301937138,0.006547911586934168,2,-0.007124317802212151,0.5270240758184496,0.08448563927447801,-0.4791650650753595,-0.12362789900923013,-0.0015924332061257023,0.7278914566349608,2,0.9055832006997472,0.8771368682893711,-0.028446332410376085
tm236997,tiago silva_1993,2122,0.001457876315613854,0.12182973387210731,0.0035071205609987196,0.854893979353799,0.013932728811306196,0.00437856108617493,4,2223,0.0007510434559284679,0.2345537178372477,0.011560417083923793,0.7481175205472247,0.0016899169643051824,0.0033273841113701124,4,-0.000706832859685386,0.1127239839651404,0.008053296522925073,-0.10677645880657427,-0.012242811847001014,-0.0010511769748048172,0.1559588098048457,2,0.5031644550021915,0.6439555097723535,0.14079105477016196
tm238055,rafa silva_1993,2122,0.2479724369948188,0.10737873239014538,0.006775277408710127,0.039775120393222924,0.2856800750779952,0.3124183577351076,6,2223,0.4843819307549227,0.03572621410955029,0.004597083707016735,0.022282870687333936,0.38844875071115204,0.06456315003002429,1,0.2364094937601039,-0.07165251828059509,-0.002178193701693392,-0.017492249705888988,0.10276867563315684,-0.24785520770508335,0.26813365349173884,1,1.468875574548785,1.1238853775118334,-0.34499019703695155
tm238367,cassiano_1989,2122,0.7792632296481593,0.0693344289515221,0.0016124275980184271,0.014005441079449338,0.09467570755531965,0.0411087651675312,1,2223,0.9806281972979395,0.00672440753019384,0.0015402601224970018,0.002469634642541253,0.004965979666736464,0.0036715207400918096,1,0.20136496764978018,-0.06261002142132827,-7.216747552142534e-05,-0.011535806436908085,-0.08970972788858318,-0.03743724442743939,0.22945322027619086,1,0.8039202430275383,0.12455184628500335,-0.6793683967425349
tm249360,ali alipour_1995,2122,0.8611843187602927,0.006545068209877475,0.0005413753795215434,0.0017994858439686642,0.12506739702011627,0.004862354786223395,1,2223,0.2537572198158985,0.035028167105580946,0.0067077065866312496,0.03703968785883545,0.41400351716907036,0.25346370146398345,5,-0.6074270989443942,0.02848309889570347,0.006166331207109706,0.03524020201486679,0.2889361201489541,0.24860134667776004,0.6741980009315072,1,0.4629626712616773,1.3340296862176608,0.8710670149559836
tm257388,wilson manafa_1994,2122,0.0007075623953014715,0.006419183190370651,0.9591841719484853,0.021542434093746763,0.009768569018502763,0.002378079353593128,3,2223,0.00027776104003373095,0.004894787630173838,0.9835096891671293,0.008233189932338502,0.00088351777307059,0.002201054457254068,3,-0.0004298013552677405,-0.001524395560196813,0.024325517218644066,-0.013309244161408261,-0.008885051245432173,-0.00017702489633905985,0.029160236877731675,3,0.219766534584856,0.1038626076167721,-0.11590392696808391
tm257456,francisco geraldes_1995,2122,0.0022658664935437823,0.3473439835766172,0.0007262650478993885,0.6373288741620782,0.011708541077434522,0.0006264696424269495,4,2223,0.0016089764091116747,0.13771113727940867,0.005737829103949356,0.7780709551278288,0.07260974263822642,0.0042613594414752,4,-0.0006568900844321076,-0.20963284629720855,0.005011564056049967,0.14074208096575058,0.0609012015607919,0.003634889799048251,0.25978600276315517,2,0.7301337976495522,0.721922769382981,-0.008211028266571163
tm258015,diogo goncalves_1997,2122,0.0017019537085649027,0.8849542689987009,0.002328957738648743,0.09563071803206509,0.012521774537592267,0.0028623269844282226,2,2223,0.1605855849933375,0.18265700270207305,0.05425161128233208,0.1137153591376504,0.10902706772445885,0.3797633741601481,6,0.1588836312847726,-0.7022972662966278,0.051922653543683334,0.018084641105585317,0.09650529318686658,0.37690104717571987,0.7285614224936497,2,0.4292104004758404,1.6188732860083477,1.1896628855325073
tm261927,ricardo horta_1994,2122,0.42252638059860836,0.03836335217314018,0.003360834218332898,0.020112970102983605,0.43853566518712966,0.07710079771980521,5,2223,0.022401989547740805,0.019946090854957462,0.0031649908084540245,0.019855953017420182,0.8750597510132743,0.0595712247581529,5,-0.40012439105086756,-0.018417261318182717,-0.00019584340987887326,-0.0002570170855634227,0.4365240858261446,-0.017529572961652314,0.592445867355883,5,1.1458813071080691,0.5440303886400162,-0.6018509184680529
tm262002,welinton junior_1993,2122,0.572646764452094,0.1371029719635151,0.0023715896136916274,0.029317816882736852,0.16843124894979575,0.0901296081381668,1,2223,0.9594285385118149,0.014958681239118676,0.0010810345883072539,0.0022153967237126385,0.010416197795029,0.011900151142017291,1,0.3867817740597209,-0.12214429072439642,-0.0012905550253843735,-0.027102420159024213,-0.15801505115476674,-0.0782294569961495,0.4361471444404334,1,1.2263946670586503,0.22380052299257236,-1.002594144066078
tm264848,ruben lameiras_1994,2122,0.7503506731055015,0.12073823953729587,0.004003097223630898,0.019435862058835164,0.10001141693802001,0.005460711136716544,1,2223,0.08388924039657066,0.2990165844059454,0.02477271781485445,0.23203653368176436,0.3196151726378575,0.040669751063007645,5,-0.6664614327089309,0.17827834486864955,0.020769620591223552,0.2126006716229292,0.21960375569983748,0.0352090399262911,0.7548577626076609,1,0.8281822020206266,1.4942722541763314,0.6660900521557047
tm265589,fahd moufi_1996,2122,0.003874903464606704,0.12001189295274804,0.5924421467499208,0.2528293666403496,0.016390150920149345,0.014451539272225705,3,2223,0.002592920408361587,0.08650477870112688,0.335379875714744,0.5546630604919012,0.0075419763282206,0.013317388355645792,4,-0.001281983056245117,-0.03350711425162116,-0.2570622710351768,0.30183369385155157,-0.008848174591928746,-0.001134150916579913,0.39797895712395626,4,1.0623701296646055,1.0148542745760225,-0.047515855088583026
tm271256,jhonder cadiz_1995,2122,0.36532364555293323,0.04991261048307057,0.0032103673888846025,0.015382534643071667,0.054838375279899626,0.5113324666521403,6,2223,0.9264525537418996,0.0023360407445119423,0.0008203225761829225,0.0017260419797084899,0.04017674460906776,0.02848829634862935,1,0.5611289081889663,-0.04757656973855863,-0.00239004481270168,-0.013656492663363176,-0.014661630670831864,-0.4828441703035109,0.5635036442769722,1,1.1023138655619267,0.3322543870927903,-0.7700594784691364
tm271498,denilson_1995,2122,0.9046895818551867,0.019550291351983114,0.0009128724449083546,0.003344029195820587,0.05709201719507262,0.014411207957028549,1,2223,0.6844494696855615,0.14094027068425538,0.051729159937683684,0.031102820014706226,0.050627699377843026,0.04115058029995009,1,-0.22024011216962514,0.12138997933227227,0.05081628749277533,0.02775879081888564,-0.006464317817229594,0.026739372342921543,0.25813923963221036,1,0.4175541488143484,1.0791395741579446,0.6615854253435962
tm27178,ruben fernandes_1986,2122,0.0003312567284127515,0.0013957319769301376,0.9876199744565148,0.0059314981290305106,0.0017374132255586745,0.002984125483553147,3,2223,0.0005147080501153212,0.009673198414398235,0.9768956554091368,0.007005898650170471,0.00044961530045159524,0.005460924175727503,3,0.0001834513217025697,0.008277466437468097,-0.010724319047378028,0.0010744005211399607,-0.0012877979251070793,0.0024767986921743557,0.013651882068657651,3,0.08293987534292503,0.13827449606117675,0.05533462071825172
tm278985,flavio ramos_1994,2122,1.7231222066020362e-06,8.600199659231902e-06,0.9999038403543217,6.843584100531001e-05,8.743183144155036e-06,8.65729966322084e-06,3,2223,0.0001516847868217638,0.002949198202299428,0.9921467425919307,0.002980443254736709,0.00015634132256178474,0.00161558984164978,3,0.00014996166461516176,0.0029405980026401962,-0.007757097762390974,0.002912007413731399,0.0001475981394176297,0.001606932541986559,0.008794529162932083,3,0.0010783598689315843,0.055427401084667115,0.05434904121573553
tm284883,fran navarro_1998,2122,0.3246814118974353,0.04500709673923751,0.007227383912608464,0.016744575696568377,0.44183081005104224,0.16450872170310799,5,2223,0.9376448735467662,0.004616932269937367,0.0012986088712567477,0.0029975103558084067,0.018725107423239892,0.0347169675329915,1,0.6129634616493309,-0.04039016446930014,-0.005928775041351716,-0.01374706534075997,-0.42310570262780234,-0.12979175417011649,0.7460550505680719,1,1.2667156846500145,0.302399629325667,-0.9643160553243475
tm290336,rochinha_1995,2122,0.18165869909414878,0.23761993510613297,0.0016613602204414565,0.03274001498022156,0.5380339792504091,0.008286011348646217,5,2223,0.06364032064106397,0.014582197073960306,0.0037772958617676997,0.014482442972278296,0.8278770440599496,0.07564069939098005,5,-0.11801837845308481,-0.22303773803217267,0.002115935641326243,-0.018257572007943264,0.2898430648095405,0.06735468804233383,0.3847349588699402,5,1.1471053318315836,0.6710181326072245,-0.47608719922435905
tm290391,nuno santos_1995,2122,0.4694393387551504,0.0631138745970445,0.00963616458729383,0.08511258183093053,0.2645341884394021,0.10816385179017861,1,2223,0.039480026262884854,0.0897809653087692,0.014488012442711693,0.19651045477427376,0.5143290960122735,0.14541144519908702,5,-0.4299593124922656,0.026667090711724697,0.004851847855417863,0.11139787294334323,0.24979490757287143,0.037247593408908417,0.5103005648626129,1,1.3761432224354424,1.347437040553955,-0.028706181881487325
tm290530,bilel aouacheria_1994,2122,0.0053669620667946855,0.5151964199092117,0.0057106189602149264,0.4417281220878427,0.027108514421199482,0.004889362554736524,2,2223,0.09107129120756914,0.5443602568150971,0.007846821159668699,0.21525821720518445,0.10975089001461862,0.03171252359786195,2,0.08570432914077446,0.02916383690588542,0.0021362021994537723,-0.22646990488265822,0.08264237559341914,0.026823161043125425,0.257524183015235,4,0.883973942943943,1.2698643856872238,0.38589044274328077
tm291939,samu_1996,2122,0.03783046644032633,0.23804615273349955,0.007394908153226081,0.5071705062116104,0.19411832458147146,0.015439641879866106,4,2223,0.0011022182278914603,0.19700287478571504,0.005137300064768246,0.787888858699022,0.006049691417942121,0.0028190568046610434,4,-0.03672824821243487,-0.04104327794778451,-0.0022576080884578343,0.2807183524874116,-0.18806863316352934,-0.012620585075205063,0.3423612359467398,4,1.228766922074489,0.5899082045006044,-0.6388587175738846
tm291941,carraca_1993,2122,0.0018313975750468413,0.04117061025325411,0.06489766399835224,0.8722346233765272,0.011511781530209816,0.008353923266609825,4,2223,0.0023250230501914862,0.06636704495146922,0.6423304234674453,0.2376741210862173,0.007419647489318208,0.04388373995535853,3,0.0004936254751446449,0.025196434698215114,0.577432759469093,-0.6345605022903099,-0.004092134040891608,0.03552981668874871,0.8583399514898753,4,0.5309681127418681,0.9935285638441594,0.4625604511022914
tm292365,paulo henrique_1996,2122,0.0024421159380585613,0.06737728836759369,0.83755080319944,0.07152865771089527,0.010056963781089057,0.011044171002923545,3,2223,0.0001840763234369538,0.007068530323011147,0.9729997962613057,0.018547966381298648,0.00028546013304468255,0.000914170577902816,3,-0.0022580396146216074,-0.060308758044582536,0.13544899306186575,-0.052980691329596624,-0.009771503648044374,-0.010130000425020729,0.15776916903679342,3,0.6295995672235869,0.1459042765167304,-0.48369529070685646
tm295414,adrian marin_1997,2122,0.048103626729727324,0.07038487574011039,0.10651769267539372,0.10878316292322174,0.48599823590520247,0.18021240602634436,5,2223,7.173926411776592e-05,0.0034564308325003425,0.9881630222092223,0.0068851636647417865,0.00019305297106515538,0.0012305910583527624,3,-0.04803188746560956,-0.06692844490761005,0.8816453295338286,-0.10189799925847995,-0.4858051829341373,-0.1789818149679916,1.0151230684299442,3,1.4721037298402067,0.0762139795596755,-1.3958897502805312
tm299400,pedro sa_1993,2122,0.0009071862376091541,0.01408854198001124,0.03434365589105316,0.9101869749341596,0.03705209671542584,0.003421544241740892,4,2223,0.004904908261910639,0.5455721863444724,0.08838697705653802,0.3391822099143398,0.004710278777451884,0.017243439645287257,2,0.003997722024301485,0.5314836443644612,0.05404332116548485,-0.5710047650198198,-0.03234181793797396,0.013821895403546365,0.7826263229880407,4,0.40937230485989917,1.03306614530463,0.6236938404447308
tm302371,toni martinez_1997,2122,0.18865932114146178,0.035472304563381685,0.008285592262445969,0.014936387884344432,0.08479331199907893,0.6678530821492873,6,2223,0.5134776198123643,0.013971796948766548,0.003192898060102878,0.009142680271163,0.21972158949803736,0.24049341540956598,1,0.3248182986709025,-0.02150050761461514,-0.005092694202343091,-0.005793707613181431,0.13492827749895842,-0.4273596667397213,0.35246892292814597,1,1.0144316247809364,1.1388825164477812,0.12445089166684475
tm307058,mehdi taremi_1992,2122,0.4171424288134729,0.01852017017568807,0.004477790647281427,0.012669293765683832,0.09349218077882361,0.4536981358190501,6,2223,0.4286238940425866,0.011964801666563258,0.005367269274958812,0.01122405173681744,0.3140430674787022,0.22877691580037157,1,0.011481465229113696,-0.006555368509124812,0.0008894786276773849,-0.001445242028866393,0.2205508866998786,-0.22492122001867854,0.22095332181470265,5,1.0982927501530266,1.195703272903217,0.09741052275019046
tm308371,mikel villanueva_1993,2122,1.3102609689096402e-07,8.350799471964667e-07,0.9999902572700451,6.105591916215212e-06,1.2186715751691457e-06,1.4523604193735728e-06,3,2223,0.0002387734769923058,0.004210033433253085,0.985972660491599,0.007456692768159826,0.0003520961525551098,0.0017697436774405145,3,0.00023864245089541485,0.004209198353305888,-0.014017596778446051,0.007450587176243611,0.00035087748097994064,0.001768291317021141,0.01642868481398946,3,0.0001329309872059824,0.08949207727740047,0.08935914629019448
tm314367,marcus edwards_1998,2122,0.8179655058258498,0.03320329424564445,0.0005393347770876096,0.0062587891575216145,0.13599097997333737,0.0060420960205592,1,2223,0.09385194680012866,0.04860982262798005,0.00779088761147013,0.04661351140287539,0.7605215339091861,0.042612297648359755,5,-0.7241135590257212,0.015406528382335596,0.007251552834382521,0.040354722245353775,0.6245305539358488,0.03657020162780056,0.9572341975228005,1,0.6154267407503506,0.8924450844376703,0.2770183436873197
tm314942,bruno lourenco_1998,2122,0.5129865401409911,0.08347482997922741,0.0017543293857649172,0.02951838492851133,0.3505016033674265,0.021764312198078714,1,2223,0.010831735068795164,0.43748568577861197,0.00869638944356608,0.5045363878512803,0.03396441629920779,0.004485385558538642,4,-0.5021548050721959,0.35401085579938457,0.006942060057801163,0.47501800292276897,-0.3165371870682187,-0.017278926639540074,0.838671103816359,1,1.1155899410442314,0.9362498806312558,-0.17934006041297557
tm324803,nicolas janvier_1998,2122,0.029117612411311864,0.1748857330401797,0.015415312335836063,0.5348904492326617,0.22302141731804861,0.02266947566196192,4,2223,0.003419678111832708,0.5220590624209563,0.04644512270509712,0.3879830181646937,0.011693986229794678,0.028399132367625445,2,-0.025697934299479155,0.3471733293807766,0.031029810369261057,-0.146907431067968,-0.21132743108825394,0.005729656705663524,0.43404335039889314,2,1.2273868677493338,1.0218085694746242,-0.20557829827470964
tm329721,jorge silva_1996,2122,0.010646440400106217,0.09297903393369344,0.4869069580923342,0.2227535958555464,0.09702539049361933,0.08968858122470028,3,2223,0.0009740347188442531,0.042078723679813385,0.8582450443595013,0.07956520311390766,0.002027384438805676,0.01710960968912801,3,-0.009672405681261964,-0.05090031025388006,0.37133808626716713,-0.14318839274163875,-0.09499800605481365,-0.07257897153557227,0.41243655063353735,3,1.3967625939928192,0.5548339556777032,-0.841928638315116
tm329722,andre horta_1996,2122,0.003389581306189198,0.0224557074242573,0.003472257022506827,0.9592582036601337,0.009912309779748293,0.001511940807164701,4,2223,0.0011656660353002,0.26803224116022023,0.015665259525465932,0.6766384756339787,0.03139642213616223,0.007101935508872722,4,-0.0022239152708889982,0.24557653373596294,0.012193002502959105,-0.282619728026155,0.021484112356413933,0.005589994701708021,0.37522916568979636,4,0.2196411361836069,0.8339954820397103,0.6143543458561034
tm334557,chiquinho_1995,2122,0.7697237933502814,0.051847516024345564,0.00591011784207596,0.02955468392996332,0.12369224445538232,0.019271644397951548,1,2223,0.00043535344984359063,0.0741090569088919,0.017311396552197805,0.9043289772234622,0.0012833216525135805,0.002531894213090926,4,-0.7692884399004378,0.022261540884546335,0.011401278710121844,0.8747742932934989,-0.12240892280286875,-0.01673975018486062,1.1715990259948703,4,0.8239151514353993,0.38106261891893295,-0.44285253251646634
tm340376,abel ruiz_2000,2122,0.16059883203075198,0.11221891055021095,0.0161882413273181,0.05824429719296887,0.6282590983417563,0.024490620556993917,5,2223,0.06411259682860736,0.006644143692556714,0.0031910395806944063,0.006666039302475101,0.9000503678265296,0.01933581276913694,5,-0.09648623520214462,-0.10557476685765424,-0.012997201746623693,-0.05157825789049377,0.2717912694847733,-0.005154807787856978,0.31169755066239613,5,1.1543775336759405,0.43225501247664,-0.7221225211993005
tm340524,ivanildo fernandes_1996,2122,5.879982243507068e-06,6.57366006926375e-05,0.9994389406640926,0.0003899504308944308,5.735495584624915e-05,4.213736623051917e-05,3,2223,1.8245594474882324e-05,0.00031204867302073364,0.9992529116266923,0.00032396627991333656,1.8083509186951524e-05,7.47443167115481e-05,3,1.2365612231375256e-05,0.00024631207232809614,-0.00018602903740028154,-6.598415098109421e-05,-3.9271446659297626e-05,3.260695048102893e-05,0.0003183166706283277,2,0.005310325443549982,0.006975551055910933,0.0016652256123609512
tm343289,andre bukia_1995,2122,0.00227911063836794,0.9735943562135975,0.0003384004088006063,0.01381709888321979,0.008874241274005564,0.0010967925820084766,2,2223,0.06713468072690558,0.3939178079248101,0.025046547883565563,0.11151680657470839,0.38466578733779005,0.017718369552220253,2,0.06485557008853764,-0.5796765482887873,0.024708147474764956,0.0976997076914886,0.3757915460637845,0.016621576970211778,0.7011463164954649,2,0.1511892251378341,1.324244579205168,1.1730553540673339
tm344395,jorge fernandes_1997,2122,1.0407227468499245e-06,5.831577697368564e-06,0.9999187922219614,5.3055243983401265e-05,1.0740633583278787e-05,1.0539600027542308e-05,3,2223,0.00038855680474882213,0.005308886202563679,0.9878910273143938,0.0038437272002015753,0.00047812234911509815,0.002089680128977238,3,0.0003875160820019722,0.00530305462486631,-0.012027764907567629,0.003790671956218174,0.00046738171553181935,0.002079140528949696,0.013694061679703134,3,0.0009317861676333744,0.08082325694019414,0.07989147077256077
tm344399,leonardo ruiz_1996,2122,0.740472789086932,0.03088583919100603,0.003619536332609866,0.007968305951773665,0.1835795445591807,0.033473984878497724,1,2223,0.9557328354217035,0.010404816790236908,0.0016866598081224876,0.0022542869420494513,0.011644370792376329,0.01827703024551131,1,0.21526004633477147,-0.02048102240076912,-0.0019328765244873783,-0.0057140190097242135,-0.1719351737668044,-0.015196954632986415,0.27632308957043816,1,0.8136410811897753,0.2402829558638358,-0.5733581253259394
tm344474,ilija vukotic_1999,2122,0.0008217128243705657,0.014628517817810561,0.015477135814966786,0.9374157504422527,0.03024404137183934,0.0014128417287600351,4,2223,0.00012680337967023043,0.0637847974290826,0.02275132279393475,0.9118191591722706,0.0004626278791386665,0.0010552893459031608,4,-0.0006949094447003352,0.04915627961127203,0.0072741869789679624,-0.02559659126998204,-0.029781413492700675,-0.00035755238285687437,0.06333920266966275,2,0.30781701640984827,0.35771867120881906,0.049901654798970796
tm344519,bruno costa_1997,2122,0.002665115758992225,0.09083227625780511,0.17476147860295482,0.6933092948701941,0.030883496366877518,0.0075483381431760725,4,2223,0.003617988983133894,0.16094296125367122,0.04029565205807473,0.46820612612387025,0.2616394069570827,0.06529786462416708,4,0.0009528732241416691,0.0701106849958661,-0.1344658265448801,-0.22510316874632386,0.2307559105902052,0.057749526480991006,0.3562544055563655,5,0.9367502932994805,1.3280292346725868,0.39127894137310637
tm344869,simon banza_1996,2122,0.4674586889516052,0.050881374018037905,0.0032973596428898222,0.012989128700040821,0.1353716165212604,0.3300018321661658,1,2223,0.6032711595997846,0.0181461673593038,0.00415242989287948,0.011317838425557846,0.07024525870544142,0.29286714601703284,1,0.13581247064817942,-0.032735206658734105,0.0008550702499896573,-0.0016712902744829752,-0.06512635781581898,-0.037134686149132956,0.15414794120331515,1,1.2188432656707544,0.9973375001846975,-0.22150576548605694
tm345061,murilo costa_1994,2122,0.5081271273008493,0.029995388481027032,0.0018530071746687316,0.02353997139353643,0.42753812097046817,0.008946384679450378,1,2223,0.08916859363512235,0.34367241167667767,0.02480503301994526,0.1942715925982298,0.3071515719289973,0.04093079714102761,2,-0.41895853366572694,0.31367702319565066,0.02295202584527653,0.17073162120469337,-0.12038654904147089,0.03198441246157723,0.5639933784823369,1,0.954588935484216,1.4859918506517296,0.5314029151675136
tm345345,xadas_1997,2122,0.15839189739784895,0.07342548851764781,0.004279141318260957,0.10056307786175335,0.6477925965671987,0.015547798337290234,5,2223,0.06813998945437853,0.13066342163617664,0.014863057796643696,0.14656931889947572,0.5686739840311147,0.07109022818221075,5,-0.09025190794347042,0.05723793311852883,0.010583916478382738,0.04600624103772237,-0.07911861253608399,0.05554242984492052,0.1411025734251336,1,1.0839445026403147,1.3018972613009032,0.2179527586605885
tm352918,henrique gomes_1995,2122,0.017295502647781933,0.10539901531713591,0.2745942020186127,0.17409158824525098,0.3561364702868565,0.07248322148436191,5,2223,0.004941897624803253,0.11207557665398483,0.7708569046020701,0.09299343224702196,0.0033829939752242394,0.015749194896895802,3,-0.01235360502297868,0.006676561336848921,0.49626270258345745,-0.08109815599822902,-0.3527534763116323,-0.05673402658746611,0.6143987174140584,3,1.5244807738277344,0.7776461917147202,-0.7468345821130142
tm355496,lucas cunha_1997,2122,0.0014017096898137063,0.005019102754325478,0.9505227920927242,0.021823284354728325,0.01406977669990602,0.007163334408502254,3,2223,4.694926234689527e-05,0.0013158743071671896,0.9971455135219176,0.0011755974739354432,4.736708908849615e-05,0.00026869834554438097,3,-0.001354760427466811,-0.0037032284471582885,0.04662272142919344,-0.02064768688079288,-0.014022409610817523,-0.006894636062957873,0.05303001390752844,3,0.26285251050705694,0.02265828810437903,-0.2401942224026779
tm364406,joao gamboa_1996,2122,0.0005670057710339831,0.012180677395586833,0.06438133173570026,0.9146719598252864,0.005610480822506851,0.0025885444498856044,4,2223,0.0004223219094513769,0.8389027744743478,0.03789851365652488,0.12099529436244899,0.0004175087614597763,0.0013635868357673533,2,-0.00014468386158260615,0.826722097078761,-0.026482818079175387,-0.7936766654628373,-0.005192972061047075,-0.001224957614118251,1.1463509072898115,2,0.36060156549732336,0.5424669530590418,0.18186538756171844
tm367652,rodrigo abascal_1994,2122,0.00015807313293632729,0.0011630262747910683,0.9871762983235374,0.007747625897614031,0.0022324325743961057,0.0015225437967248648,3,2223,3.526491344882741e-05,0.0007081833681664245,0.9957407200464298,0.003015213102084329,9.916547887687983e-05,0.00040145309099354106,3,-0.00012280821948749986,-0.00045484290662464386,0.008564421722892401,-0.004732412795529702,-0.0021332670955192257,-0.0011210907057313238,0.010025858703579957,3,0.0831447842737601,0.03130233480717517,-0.05184244946658493
tm373187,maracas_1994,2122,9.17900012529011e-06,9.064296466713994e-05,0.9992090160863941,0.00044747428426842906,8.405180396156198e-05,0.00015963586058385677,3,2223,1.620627318922771e-05,0.0005268444020149215,0.9985265486206176,0.0008059523006249212,2.1699213061130374e-05,0.00010274919049212824,3,7.0272730639376e-06,0.00043620143734778157,-0.0006824674657764929,0.00035847801635649213,-6.235259090043161e-05,-5.688667009172852e-05,0.0008879624159598514,3,0.007376148619996054,0.01254583232157478,0.005169683701578726
tm374889,kenji gorre_1994,2122,0.7714451990285289,0.04665213356495832,0.00040031530717203633,0.01384653229531766,0.16472804135990693,0.0029277784441161183,1,2223,0.23471626130798992,0.1224946636902754,0.00401569029888834,0.05161630704085911,0.5455599320044544,0.041597145657532995,5,-0.536728937720539,0.07584253012531708,0.003615374991716304,0.03776977474554145,0.3808318906445475,0.03866936721341688,0.6635530104784305,1,0.7197231564219339,1.235381793102321,0.5156586366803871
tm375382,andre almeida_2000,2122,0.001998548047301281,0.24881813006085587,0.058949387181137035,0.6672110632124557,0.010831856148765188,0.012191015349485058,4,2223,0.0220279516814943,0.25027270053105594,0.04297719039840811,0.1764707579346484,0.20846622133551093,0.2997851781188823,6,0.02002940363419302,0.0014545704702000617,-0.015972196782728924,-0.4907403052778073,0.19763436518674574,0.2875941627693972,0.5296638494197843,4,0.898155766910693,1.560102727018977,0.6619469601082839
tm375383,romario baro_2000,2122,0.006488760392983248,0.6463233132085732,0.025640517173079042,0.2695737768090258,0.03118107743260847,0.020792554983730213,2,2223,0.011841836957301734,0.25406162388704656,0.17536519205549386,0.5047952838301444,0.037232095629338796,0.01670396764067469,4,0.005353076564318486,-0.3922616893215266,0.1497246748824148,0.2352215070211186,0.006051018196730325,-0.004088587343055523,0.48133266956776316,2,0.9507706960337341,1.2418811196711457,0.2911104236374116
tm376441,allano_1995,2122,0.005769354315610408,0.6789097189181283,0.018890491007492557,0.21053316536121658,0.021804186279495336,0.06409308411805671,2,2223,0.0900729011633263,0.34529460164793885,0.07191354322685731,0.3587458085160153,0.02584268502269741,0.10813046042316489,4,0.08430354684771589,-0.3336151172701895,0.05302305221936475,0.1482126431547987,0.004038498743202074,0.04403737630510818,0.3784189155050198,2,0.9551798149213169,1.4760527439547881,0.5208729290334713
tm377641,al musrati_1996,2122,0.00040639257934312235,0.005136197419306522,0.03630891201176173,0.9439058542272353,0.012698451510903565,0.0015441922514497753,4,2223,0.000401456507477061,0.02272697637198777,0.01738675212320318,0.9559210105464157,0.0017419172493333857,0.0018218872015829549,4,-4.936071866061369e-06,0.017590778952681248,-0.01892215988855855,0.012015156319180376,-0.010956534261570179,0.0002776949501331796,0.030526927257330937,3,0.27056901164592556,0.22524613358992945,-0.04532287805599611
tm379249,matheus reis_1995,2122,0.008298843193773798,0.07256394562873214,0.0865727025634563,0.5359399212290686,0.2906827859368586,0.005941801448110502,4,2223,0.0008658034581888656,0.14960203615212322,0.4139092904553981,0.42740675312133325,0.005074679467195868,0.003141437345760583,4,-0.007433039735584932,0.07703809052339108,0.3273365878919418,-0.10853316810773539,-0.2856081064696627,-0.002800364102349919,0.4544125859883593,3,1.1658295307753441,1.0636491279215614,-0.10218040285378271
tm384741,vitor costa_1994,2122,0.002525414893838328,0.05314063945976578,0.5428476369465954,0.3449527098774304,0.014913229266313869,0.0416203695560562,3,2223,0.00046589489019067726,0.07940195840936214,0.09808702469017574,0.8183067975953945,0.0019046792959606885,0.0018336451189160888,4,-0.0020595200036476508,0.02626131894959636,-0.4447606122564197,0.4733540877179641,-0.013008549970353181,-0.03978672443714011,0.6501839858393625,4,1.0648887412661063,0.6200356934112767,-0.4448530478548296
tm387110,petar musa_1998,2122,0.9034930310525686,0.008090140389578124,0.0008756234997051992,0.0038367474231061063,0.05180455776778633,0.03189989986725552,1,2223,0.07807660996172956,0.01024749775658152,0.005200658199432516,0.009761016832993524,0.04475315575777089,0.851961061491492,6,-0.825416421090839,0.002157357367003395,0.004325034699727317,0.005924269409887418,-0.007051402010015438,0.8200611616242365,0.8254819486583095,1,0.421428863961013,0.5941050332771944,0.17267616931618146
tm394328,rafik guitane_1999,2122,0.01489436036364762,0.02174561767201615,0.00183861732471951,0.012176422817546563,0.9460843127268784,0.0032606690951917177,5,2223,0.0018689607214031976,0.12018402595826465,0.03100250163382394,0.8242492612048988,0.01855634982195031,0.004138900659659008,4,-0.013025399642244423,0.0984384082862485,0.02916388430910443,0.8120728383873522,-0.9275279629049281,0.0008782315644672903,1.2371259961001635,5,0.282270009336467,0.6300795418146322,0.3478095324781652
tm396429,diogo calila_1998,2122,0.004941179138791114,0.2672807969732698,0.2574074050838138,0.37048253799311004,0.08464384095262127,0.01524423985839392,4,2223,0.0023145199872724644,0.11564839035306593,0.5359668600558574,0.31645920740345723,0.0036783223014484456,0.025932699898898612,3,-0.00262665915151865,-0.15163240662020386,0.27855945497204354,-0.05402333058965281,-0.08096551865117282,0.010688460040504692,0.33176586848032963,3,1.3688865157126335,1.0772323927245238,-0.2916541229881098
tm396443,diogo mendes_1998,2122,0.00036199040036768163,0.015201797794230183,0.04978574379139888,0.9271108874625329,0.005452600854635027,0.0020869796968354987,4,2223,0.003789498962529385,0.6506374514090042,0.14640878967435325,0.1832657924387784,0.004234694026060359,0.011663773489274358,2,0.003427508562161703,0.635435653614774,0.09662304588295437,-0.7438450950237545,-0.0012179068285746676,0.00957679379243886,0.9830733641918185,4,0.3273305794601996,0.9681045593753824,0.6407739799151828
tm398324,rui pires_1998,2122,0.0015114728573896077,0.04337613237263806,0.3319475218366033,0.5801922817358982,0.02618102628598536,0.01679156491148542,4,2223,0.001613430890767374,0.3632098414938546,0.36273968222989283,0.25332838880559033,0.0021250981554004253,0.016983558424494526,2,0.00010195803337776635,0.31983370912121656,0.030792160393289525,-0.3268638929303079,-0.024055928130584936,0.00019199351300910536,0.45897762604199044,4,0.9918381256289431,1.1761980719973804,0.18435994636843722
tm401534,arthur_1998,2122,0.036112251544461196,0.6223451925107738,0.004411642619805008,0.21576714222953552,0.11594760809889279,0.00541616299653161,2,2223,0.004365975489229466,0.018261464884982242,0.002037398843437957,0.03884224437105526,0.9301269414050005,0.0063659750062943846,5,-0.03174627605523173,-0.6040837276257915,-0.002374243776367051,-0.17692489785848026,0.8141793333061077,0.0009498120097627743,1.029621784600621,5,1.0479905590914107,0.3351817658232985,-0.7128087932681122
tm410183,joao othavio basso_1997,2122,3.6899285762008485e-05,0.00026283120068373183,0.9966335134423535,0.0025354204188733466,0.00037330612617114776,0.00015802952615631094,3,2223,1.7963177731372805e-05,0.00041331264125497836,0.9982501152880314,0.0011378132947145092,4.157043796110903e-05,0.00013922516030686482,3,-1.893610803063568e-05,0.00015048144057124653,0.0016166018456779119,-0.0013976071241588374,-0.0003317356882100387,-1.880436584944612e-05,0.0021678927574778004,3,0.025389184295151187,0.014533325855201548,-0.010855858439949639
tm415525,kanya fujimoto_1999,2122,0.174435965312993,0.12207888315076831,0.007074409265235259,0.15428345040411767,0.535836614214226,0.00629067765265977,5,2223,0.002071149101822086,0.3693775665420815,0.07915608125865313,0.5273995003036153,0.012632891939292172,0.00936281085453589,4,-0.17236481621117092,0.24729868339131317,0.07208167199341788,0.3731160498994976,-0.5232037222749338,0.0030721332018761194,0.7134562059488339,5,1.2509276377955143,1.017828055264041,-0.23309958253147323
tm426213,rodrigo conceicao_2000,2122,0.008652165591148358,0.09566448287581977,0.14486126239427663,0.14759172791419212,0.0381791511394888,0.5650512100850743,6,2223,0.0010455914240810034,0.021376948905062695,0.8721997597807296,0.07547290647075251,0.0023873520833738297,0.027517441336000432,3,-0.007606574167067354,-0.07428753397075707,0.727338497386453,-0.0721188214434396,-0.035791799056114966,-0.5375337687490739,0.7355813787341702,3,1.2750959417682532,0.5169444851786817,-0.7581514565895715
tm426620,pedro goncalves_1998,2122,0.26541226138525326,0.05631439744384573,0.011066647037215438,0.042662477598798786,0.2825951461270453,0.3419490704078415,6,2223,0.004589954836557414,0.004426554783448471,0.0014107855033037024,0.011497278435077614,0.959796413823816,0.0182790126177966,5,-0.26082230654869587,-0.05188784266039726,-0.009655861533911736,-0.031165199163721173,0.6772012676967707,-0.32367005779004493,0.7282765175950148,5,1.4225555135761234,0.221843923867453,-1.2007115897086704
tm426624,andre vidigal_1998,2122,0.06408759540116382,0.7854709400442437,0.0024896663863808966,0.11319689985969139,0.03098012277295125,0.003774775535568981,2,2223,0.18198060029750338,0.3903319129655711,0.007870375302213137,0.06461534468786619,0.3397667334324533,0.015435033314392796,2,0.11789300489633955,-0.39513902707867254,0.0053807089158322404,-0.048581555171825205,0.308786610659502,0.011660257778823815,0.5174668122479945,2,0.755989544193673,1.3235647669200534,0.5675752227263804
tm435497,fabio china_1992,2122,0.0025319845418437727,0.31175059991613197,0.42146822899543623,0.2249050324143082,0.021348820880160765,0.01799533325211914,3,2223,0.0014359639282976822,0.11029970112222569,0.5708980105728522,0.26468720475638857,0.0027950899133200036,0.049884029706915876,3,-0.0010960206135460905,-0.20145089879390626,0.14942978157741593,0.03978217234208037,-0.01855373096684076,0.031888696454796736,0.2546365796137254,2,1.2326509277877358,1.0903890251643915,-0.14226190262334426
tm443338,safira_1995,2122,0.1930827239874186,0.45184083825148297,0.006565089289855376,0.02639082478432793,0.2626058980068601,0.05951462568005502,2,2223,0.6712460362690331,0.01624857405673087,0.0033218494418746163,0.008465909563097706,0.04475778543377361,0.2559598452354901,1,0.4781633122816145,-0.4355922641947521,-0.00324323984798076,-0.01792491522123022,-0.21784811257308645,0.19644521955543506,0.6827667209087533,1,1.3244775827836808,0.8817122380017888,-0.442765344781892
tm445517,heriberto tavares_1997,2122,0.016476788855546244,0.9016557459553558,0.003451006636145825,0.0356427124877761,0.026724483604021503,0.016049262461154352,2,2223,0.017741910580341917,0.3166541062686084,0.0868796034021828,0.1962690304806232,0.05561490749550739,0.32684044177273647,6,0.0012651217247956724,-0.5850016396867475,0.08342859676603698,0.1606263179928471,0.028890423891485887,0.3107911793115821,0.6130451209756754,2,0.4625142582326381,1.4937015103635602,1.0311872521309222
tm44699,vitorino antunes_1987,2122,0.006291570566281389,0.19169796035894648,0.16083728069696698,0.5371423579495518,0.029981858608937487,0.07404897181931581,4,2223,0.0018455125548639596,0.03120634307976098,0.7870981914988078,0.1528040267759242,0.005061256727002336,0.021984669363640814,3,-0.004446058011417429,-0.1604916172791855,0.6262609108018408,-0.3843383311736276,-0.02492060188193515,-0.052064302455675004,0.752540393769376,3,1.2741829129883309,0.7059836714671825,-0.5681992415211483
tm448470,andre franco_1998,2122,0.3339088731646858,0.05112092710386642,0.002835826687677226,0.03195675537438929,0.5690469982681795,0.011130619401201686,5,2223,0.006944859225996442,0.42392634588027284,0.012895998060654695,0.47677619209827243,0.06725972047802221,0.012196884256781273,4,-0.32696401393868935,0.37280541877640644,0.01006017137297747,0.44481943672388313,-0.5017872777901573,0.0010662648555795871,0.8340535697228411,5,1.0158343043817644,1.0428798285463754,0.027045524164611034
tm450173,gaius makouta_1997,2122,3.0618114465793954e-41,1.4157367977140239e-39,1.759748673179014e-40,1.0,5.199526327387032e-40,2.36815378662817e-41,4,2223,0.0007411193449267426,0.1754708243940361,0.012694923459945969,0.8018814863022492,0.007150500828295422,0.0020611456705465726,4,0.0007411193449267426,0.1754708243940361,0.012694923459945969,-0.1981185136977508,0.007150500828295422,0.0020611456705465726,0.2650543259125595,4,1.3815510557964273e-10,0.5912690642258049,0.5912690640876498
tm451317,kennedy boateng_1996,2122,2.4176509115161755e-05,0.00021939593510650492,0.9985272942490457,0.0007540811261494086,0.00013616676884412607,0.00033888541173897834,3,2223,0.0009091740979414458,0.007987584820954751,0.9346756314265069,0.04687630205313382,0.003491257132140968,0.00606005046932207,3,0.000884997588826284,0.007768188885848246,-0.06385166282253885,0.04612222092698441,0.003355090363296842,0.005721165057583091,0.07922549286110551,3,0.012918550951720113,0.30223606951912313,0.289317518567403
tm454121,galeno_1997,2122,0.4289174302636781,0.21540320757780887,0.0025583403369701624,0.04713955830270737,0.27684301185900495,0.029138451659830703,1,2223,0.05416133469431724,0.09407254024779241,0.011551137248369854,0.32417729356599645,0.4484921133378558,0.06754558090566827,5,-0.3747560955693609,-0.12133066733001646,0.008992796911399691,0.27703773526328906,0.17164910147885087,0.03840712924583757,0.5113291045850391,1,1.3116102801123595,1.338646684025904,0.02703640391354445
tm461629,gustavo assuncao_2000,2122,0.0022180818284785377,0.052746274921876855,0.12805035702927692,0.7509458134536594,0.03776706637765937,0.028272406389048918,4,2223,0.0011873067717791761,0.05055071264090492,0.03929603765148528,0.895783083767809,0.004650323819803853,0.008532535348217655,4,-0.0010307750566993616,-0.0021955622809719383,-0.08875431937779163,0.1448372703141496,-0.033116742557855516,-0.01973987104083126,0.1730831179198581,4,0.8715741177695007,0.4502783550199137,-0.42129576274958697
tm461937,nuno goncalo moreira_1999,2122,0.006502436675880881,0.952603214945219,0.0015579824970483526,0.02460593048686573,0.007954672240207478,0.006775763154778391,2,2223,0.18865151594770363,0.41507332228366517,0.02221290829080446,0.25655257596798875,0.09704076695646335,0.020468910553374648,2,0.18214907927182275,-0.5375298926615539,0.020654925793756107,0.231946645481123,0.08908609471625588,0.013693147398596256,0.6199023125990091,2,0.25252327777878447,1.4191633134705208,1.1666400356917364
tm469952,kyosuke tagawa_1999,2122,0.5088481677926536,0.009695534238341463,0.0046585346381376996,0.007462409786490456,0.08151125570464113,0.38782409783973576,1,2223,0.9583261088918831,0.009271581551290192,0.004533575748997725,0.013440888486126672,0.008790662963928234,0.005637182357773836,1,0.44947794109922945,-0.0004239526870512718,-0.00012495888913997485,0.005978478699636216,-0.0727205927407129,-0.38218691548196193,0.4553620995444503,1,1.0219901067703674,0.23738580825376412,-0.7846042985166033
tm476701,manuel ugarte_2001,2122,0.0035255626760457726,0.12424513322305579,0.18189783512240362,0.5387643585679394,0.024742135947354724,0.12682497446320082,4,2223,0.006777862492530523,0.35800065257435004,0.310944982278857,0.19979252307500595,0.0063114608432944565,0.11817251873596217,2,0.0032522998164847506,0.23375551935129424,0.12904714715645335,-0.3389718354929334,-0.018430675104060268,-0.008652455727238648,0.43191084903339566,4,1.275662296462647,1.3709233342404141,0.09526103777776718
tm478365,moura_1999,2122,0.01836330424624082,0.3076309782779896,0.019270682042969896,0.26316511598262476,0.36333368561934204,0.02823623383083285,5,2223,0.002468827292875122,0.04275411374737581,0.7263744331009444,0.21131155186096146,0.0053424100159139105,0.011748663981929341,3,-0.015894476953365697,-0.26487686453061376,0.7071037510579745,-0.05185356412166331,-0.35799127560342814,-0.01648756984890351,0.8374094864770386,3,1.3320533985556489,0.7904410300577523,-0.5416123684978965
tm478940,reggie cannon_1998,2122,0.00021360109294208117,0.0015775267986507119,0.9647732330594786,0.02879301974868341,0.0019930251246944165,0.0026495941755506794,3,2223,0.00014890895550028098,0.005073549986716784,0.9862570005680814,0.006522767348651289,0.00018148537595821093,0.0018162877650919045,3,-6.469213744180019e-05,0.0034960231880660723,0.021483767508602813,-0.022270252400032123,-0.0018115397487362057,-0.0008333064104587748,0.031193339798588866,4,0.17684271425052062,0.08761896998306887,-0.08922374426745175
tm479636,henrique jocu_2001,2122,0.00333647270661659,0.038462815662122715,0.32796398059628656,0.5676247448031524,0.050872819651531086,0.01173916658029055,4,2223,0.00027416065075848396,0.08876934284137064,0.09336663904910847,0.8123713234168677,0.0015545948082413804,0.0036639392336533026,4,-0.003062312055858106,0.050306527179247926,-0.2345973415471781,0.2447465786137153,-0.0493182248432897,-0.008075227346637247,0.3462790957273915,4,1.0351151914238679,0.6380291258724079,-0.39708606555146
tm479643,alexandre penetra_2001,2122,4.957644484782106e-05,0.0002664011887048834,0.9963842504075704,0.002026800056870582,0.0006312430501490138,0.0006417288518574465,3,2223,0.00028802772856973406,0.008464195415509499,0.9273985190886385,0.058960178318601175,0.0014093155730417553,0.003479763875639353,3,0.000238451283721913,0.008197794226804616,-0.06898573131893193,0.056933378261730595,0.0007780725228927415,0.0028380350237819066,0.08982375394043485,3,0.028230467352639923,0.30849814317724983,0.28026767582460993
tm481628,tiago araujo_2001,2122,0.009535035855002446,0.22577255433909943,0.2768176029273458,0.3149016086693527,0.08191093737118017,0.0910622608380194,4,2223,0.004372004362649923,0.19851689025396968,0.20181264273162883,0.5514269201976836,0.01876362156299086,0.0251079208910771,4,-0.0051630314923525236,-0.02725566408512975,-0.07500496019571698,0.2365253115283309,-0.06314731580818932,-0.0659543399469423,0.25754044082478916,4,1.522931782066628,1.1630610094113325,-0.35987077265529543
tm487421,juan manuel boselli_1999,2122,0.3599254833328076,0.17313711733121243,0.0034409301427761265,0.024349152494271505,0.39082678468657306,0.048320532012359266,5,2223,0.26165376829833165,0.2295950047158811,0.019997619937899405,0.21929264470002446,0.19350398871501187,0.07595697363285155,1,-0.09827171503447596,0.05645788738466867,0.01655668979512328,0.19494349220575297,-0.1973227959715612,0.02763644162049228,0.3000969809313948,5,1.2949833280330802,1.6132274123125052,0.31824408427942497
tm498237,david carmo_1999,2122,0.00021450424042724245,0.000651234177588422,0.993572620900742,0.0028678083364549523,0.0017798885085718698,0.0009139438362154572,3,2223,3.6058041232138295e-05,0.0012100759146460322,0.9976189632124625,0.0009500695570320856,2.4722612793649613e-05,0.00016011066183361868,3,-0.00017844619919510417,0.0005588417370576102,0.004046342311720408,-0.0019177387794228667,-0.0017551658957782202,-0.0007538331743818385,0.004845138035650674,3,0.04744963184946799,0.01914832799534196,-0.028301303854126027
tm504090,paulo bernardo_2002,2122,0.009851813589622397,0.4633374612283804,0.0256178525496249,0.41292290622823824,0.054796909362267346,0.03347305704186672,2,2223,0.004635855963610036,0.14029051274192153,0.010695319234866517,0.35612804414056504,0.4789046814794219,0.009345586439615073,5,-0.005215957626012361,-0.3230469484864589,-0.014922533314758384,-0.056794862087673204,0.42410777211715456,-0.024127470602251646,0.5363788566588297,5,1.1339107704095772,1.1129393615922454,-0.020971408817331838
tm512913,stephen eustaquio_1996,2122,0.0007076626578890949,0.05240018046669795,0.012916634623002814,0.9245974505547387,0.00675555941876032,0.002622512278911071,4,2223,0.00025473843875003827,0.019267588861964287,0.003970681558333421,0.9642615652656441,0.01070385821484026,0.0015415676604679685,4,-0.0004529242191390567,-0.03313259160473366,-0.008945953064669393,0.03966411471090536,0.00394829879607994,-0.0010809446184431024,0.0526007119933999,4,0.3376635084005139,0.19379396189605502,-0.14386954650445888
tm513346,matheus costa_1995,2122,0.0392324291603261,0.036042189829152,0.18839836444918556,0.07061839472663933,0.5096679039088367,0.15604071792586027,5,2223,2.5037508691319746e-42,6.602739672696556e-41,1.0,2.1590428732584815e-40,6.687747809427578e-42,1.8436131307022148e-41,3,-0.0392324291603261,-0.036042189829152,0.8116016355508144,-0.07061839472663933,-0.5096679039088367,-0.15604071792586027,0.9624363707398282,3,1.3818417929080522,1.3815510557964273e-10,-1.3818417927698972
tm514304,nelson_1998,2122,0.42805595929317997,0.03551028470289791,0.012455528409329368,0.03710629174745608,0.15357533428494327,0.3332966015621935,1,2223,0.022857691235728887,0.3686428589331995,0.027017091941449255,0.3860028381070726,0.18450754664245309,0.010971973140096776,4,-0.40519826805745107,0.33313257423030157,0.014561563532119888,0.34889654635961653,0.030932212357509814,-0.3223246284220967,0.6309204303282335,1,1.3125225183021731,1.2805920917046092,-0.031930426597563955
tm517300,vitor tormena_1996,2122,2.632446758806974e-05,0.000199410286320215,0.9980810633626979,0.0012502187057085844,0.00016594055690950866,0.0002770426207757719,3,2223,4.9120432090245254e-05,0.0009720553505402453,0.9964034495298937,0.002220215687157285,8.896670766927213e-05,0.00026619229264937565,3,2.2795964502175516e-05,0.0007726450642200303,-0.0016776138328041812,0.0009699969814487004,-7.697384924023653e-05,-1.0850328126396245e-05,0.0020877517430871765,3,0.015964375719774302,0.027406455384883364,0.011442079665109062
tm518472,willyan_1995,2122,0.0006442268845906957,0.01372677811297638,0.17762796535972233,0.7981644496739498,0.006241428349895561,0.003595151618865136,4,2223,0.00416631559295013,0.09406917293194302,0.6855545310406398,0.18759485710415727,0.013985887831906137,0.014629235498403653,3,0.0035220887083594345,0.08034239481896663,0.5079265656809174,-0.6105695925697926,0.007744459482010576,0.011034083879538517,0.7983181732004093,4,0.6024096444593676,0.9394583163907124,0.3370486719313448
tm520662,pepe_1997,2122,0.015656370658814346,0.01810648163921211,0.004552171385820621,0.06059658566612678,0.896905906459758,0.004182484190268157,5,2223,0.004392186344546362,0.0730932599143908,0.08795042832801168,0.6711071143761137,0.14147737225377716,0.02197963878316034,4,-0.011264184314267983,0.0549867782751787,0.08339825694219107,0.6105105287099869,-0.7554285342059808,0.017797154592892182,0.9764737952718904,5,0.4526391106067553,1.0571007169992896,0.6044616063925343
tm524315,hidemasa morita_1995,2122,0.0005543402861273149,0.014841156742658084,0.06746658973966731,0.8986911764156496,0.01557823839876571,0.0028684984171320964,4,2223,0.004605420127910678,0.07801846720182967,0.021692727625205858,0.8505083377177663,0.03350211953108092,0.011672927796206496,4,0.0040510798417833635,0.06317731045917159,-0.04577386211446145,-0.0481828386978832,0.01792388113231521,0.0088044293790744,0.09351941893235,2,0.4261622790132602,0.6103333440917025,0.18417106507844228
tm524929,kevin zohi_1996,2122,0.17368023441443342,0.29386247958588363,0.043688536383340915,0.39100958920081136,0.06588875620804961,0.03187040420748118,4,2223,0.002785637325484939,0.006024571074832922,0.0003599918000516124,0.003563757251406616,0.9863734824026054,0.0008925601456184369,5,-0.17089459708894847,-0.28783790851105073,-0.0433285445832893,-0.38744583194940474,0.9204847261945558,-0.030977844061862745,1.0542008307330957,5,1.4568835724570073,0.08992924308763338,-1.366954329369374
tm526111,alex mendez_2000,2122,0.0020808350852658895,0.48462421647014325,0.02082983580793417,0.4559241564794743,0.03236307290052226,0.00417788325666007,2,2223,0.00013821883928412295,0.06546797970998892,0.0010842248130131435,0.9305742329607047,0.00237774586499957,0.00035759781200960796,4,-0.0019426162459817665,-0.41915623676015434,-0.019745610994921024,0.4746500764812304,-0.02998532703552269,-0.0038202854446504624,0.6342534419831253,4,0.9365533261663984,0.27126994431202506,-0.6652833818543733
tm530032,quaresma_1996,2122,0.0002013013831877327,0.0033306930575502255,0.9873169342157311,0.007400285902934816,0.0007176420924813171,0.00103314334811477,3,2223,0.00012829983844473843,0.002871694342898821,0.9792513996170297,0.016311551419628166,0.0005011601430936789,0.0009358946389049461,3,-7.300154474299429e-05,-0.0004589987146514044,-0.008065534598701407,0.00891126551669335,-0.0002164819493876382,-9.724870920982376e-05,0.012030227551956556,4,0.08192166559285965,0.11596062270307604,0.034038957110216386
tm535958,ricardo matos_2000,2122,0.3599399645919708,0.038413892652413004,0.013787274670034901,0.02000283165081485,0.22487849967214107,0.3429775367626253,1,2223,0.2795116556259537,0.5139801366829534,0.015348353163758209,0.036143676992468204,0.12330719909079102,0.031708978444075525,2,-0.0804283089660171,0.4755662440305404,0.0015610784937233075,0.016140845341653356,-0.10157130058135005,-0.3112685583185498,0.49316494025897895,2,1.3328899708282371,1.2500231218965503,-0.08286684893168683
tm537602,joao mario lopes_2000,2122,0.0012431781675738165,0.014222121500653469,0.9272812830789776,0.045852563539780684,0.004817283529689712,0.006583570183324667,3,2223,0.004486116819428814,0.13530510050179864,0.24721144011259516,0.5034811335806353,0.06827137961388444,0.04124482937165763,4,0.0032429386518549974,0.12108297900114517,-0.6800698429663825,0.4576285700408546,0.06345409608419472,0.03466125918833297,0.8310336492553784,3,0.33891696136266325,1.3006262845983523,0.961709323235689
tm539135,leo andrade_1998,2122,1.1952222248824425e-05,7.479461252680256e-05,0.9989515045090838,0.0007257871653404642,0.00010896119000085888,0.00012700030079937689,3,2223,0.0002576128198029996,0.004860893258838088,0.9821491173892077,0.009673378323456643,0.0005093740714355657,0.00254962413725902,3,0.00024566059755417517,0.004786098646311286,-0.016802387119876028,0.00894759115811618,0.00040041288143470685,0.0024226238364596434,0.019634332693422685,3,0.009273777922341308,0.10966812603685944,0.10039434811451813
tm539183,anderson jesus_1995,2122,5.253040895131333e-07,2.774341187262995e-06,0.9999664311915096,2.0865444564130142e-05,3.5024110949086037e-06,5.901307554489965e-06,3,2223,0.004500776650417173,0.028298778633632185,0.8414067410905731,0.08641641609798298,0.008794530392269633,0.030582757135125024,3,0.0045002513463276595,0.028296004292444922,-0.1585596901009365,0.08639555065341885,0.008791027981174725,0.030576855827570533,0.18303979018693306,3,0.00041658853672098815,0.6303766616818438,0.6299600731451228
tm544784,zaidu sanusi_1997,2122,0.00494218326422129,0.040958950487493866,0.8557716725667817,0.04894130291234416,0.0339256662014441,0.015460224567714845,3,2223,0.0012066056992412937,0.017562913692671947,0.942821663970238,0.029709350928107423,0.001436526849294641,0.007262938860446835,3,-0.0037355775649799963,-0.02339603679482192,0.08704999140345637,-0.019231951984236734,-0.032489139352149456,-0.00819728570726801,0.09779796640911224,3,0.6173159714617547,0.2842479774990604,-0.33306799396269426
tm54716,steven vitoria_1987,2122,0.005543545179570445,0.034403085610132215,0.7467554852233625,0.14534296599738228,0.06025680389199016,0.007698114097562366,3,2223,0.0004044824317096898,0.00829709635645277,0.979947824577789,0.009861561868504962,0.0004702907915583426,0.0010187439739853714,3,-0.005139062747860755,-0.026105989253679445,0.2331923393544264,-0.13548140412887733,-0.059786513100431815,-0.006679370123576995,0.2775179954306926,3,0.8498418266055565,0.11894179781485983,-0.7309000287906967
tm54781,nicolas otamendi_1988,2122,2.5611414994382197e-05,0.00018904354867577011,0.9980580668430205,0.0012259886200213618,0.0001467053202015541,0.00035458425308640087,3,2223,1.8385204336446002e-05,0.000642159575070109,0.9979371282481712,0.0011517763910514544,4.293271116484106e-05,0.00020761787020619449,3,-7.226210657936195e-06,0.0004531160263943389,-0.00012093859484929581,-7.421222896990742e-05,-0.00010377260903671305,-0.00014696638288020638,0.00048607479314911883,2,0.01616262844014865,0.01696724328392856,0.0008046148437799126
tm548658,mohamed aidara_1996,2122,5.856610737794287e-05,0.00033649575010594586,0.9963435467962949,0.002311127275715535,0.0005870913300313823,0.0003631727404743326,3,2223,0.0008197788728453367,0.01283693413381877,0.9663394405624881,0.009494654014275529,0.0009530576381997848,0.00955613477837243,3,0.0007612127654673938,0.012500438383712825,-0.030004106233806782,0.0071835267385599935,0.0003659663081684025,0.009192962037898097,0.03329900574027992,3,0.028184738424902163,0.19011132674712977,0.16192658832222762
tm549006,goncalo inacio_2001,2122,0.003946584006806893,0.01794766308368587,0.8310975455956485,0.06821050763049621,0.06367946643461006,0.015118233248752364,3,2223,8.103929937513511e-05,0.0015329834147092952,0.98985196564962,0.0075754295260531635,0.00026213632718572323,0.0006964457830565983,3,-0.003865544707431758,-0.016414679668976574,0.15875442005397145,-0.06063507810444305,-0.06341733010742434,-0.014421787465695765,0.18216948286109563,3,0.6696544236495285,0.06500858678431146,-0.6046458368652171
tm549013,helder sa_2002,2122,1.9513719058162135e-05,0.00023820488561457364,0.9984385939162608,0.0008939299173649198,0.0001395212014443337,0.0002702363602572741,3,2223,0.0011850604381633202,0.12993504260429434,0.6638403099148055,0.19035735779449675,0.0026182695496683875,0.012063959698571783,3,0.0011655467191051582,0.12969683771867976,-0.3345982840014553,0.18946342787713183,0.002478748348224054,0.011793723338314509,0.4058092834897022,3,0.013493170380333024,0.9297643469770493,0.9162711765967163
tm550550,goncalo ramos_2001,2122,0.30708677678776924,0.026504540268389654,0.001730296467318509,0.012856456175986691,0.6342151792448277,0.017606751055708136,5,2223,0.7559500267201189,0.014694168197109931,0.0033043359462179137,0.006695414416336309,0.03693146889318955,0.18242458582702722,1,0.44886324993234966,-0.011810372071279723,0.0015740394788994047,-0.006161041759650382,-0.5972837103516382,0.1648178347713191,0.7472656614053386,5,0.8856796648694621,0.7581151886120241,-0.12756447625743805
tm552628,hernan de la fuente_1997,2122,0.0032620130761885054,0.029993342469658818,0.3457870716139858,0.591615519853833,0.024092402333835448,0.005249650652498539,4,2223,0.0005521871828198617,0.020627432652439076,0.9406935570273923,0.03165437578128717,0.0010658319393557776,0.0054066154167057645,3,-0.0027098258933686437,-0.009365909817219742,0.5949064854134065,-0.5599611440725458,-0.02302657039447967,0.00015696476420722517,0.8173710880776092,3,0.9189202128009302,0.28652862435395915,-0.6323915884469711
tm553062,vitor carvalho_1997,2122,0.0006111118537058241,0.021796715010128254,0.13245475954974278,0.8302269007995697,0.009259724226889773,0.005650788559963432,4,2223,0.0005132092146581838,0.4615827544753619,0.01979290262674357,0.5156283093309441,0.001004704807067457,0.0014781195452247817,4,-9.79026390476403e-05,0.43978603946523365,-0.11266185692299921,-0.3145985914686257,-0.008255019419822316,-0.00417266901473865,0.5523992063702173,2,0.5827476130824323,0.7964752886321584,0.21372767554972616
tm553875,pedro porro_1999,2122,0.02534681958588624,0.3435880899896391,0.0155278030897815,0.435784392656124,0.09637438558192359,0.08337850909664571,4,2223,0.024998383592459743,0.05676643757334102,0.010236747812243673,0.0947259142109415,0.5983180979310336,0.21495441887998043,5,-0.00034843599342649495,-0.28682165241629803,-0.005291055277537827,-0.3410584784451825,0.5019437123491101,0.13157590978333472,0.6712400115119452,5,1.3194643400544162,1.1629906540631334,-0.15647368599128275
tm56036,luis neto_1988,2122,5.72255046306315e-05,0.00038864689163682083,0.9947593729551706,0.003271648201250551,0.0009541641940807898,0.0005689422532305568,3,2223,0.00037160984259665067,0.006005793950350755,0.9860576245201015,0.005097310893007845,0.0008553907627950776,0.001612270031148313,3,0.0003143843379660192,0.005617147058713934,-0.008701748435069101,0.0018256626917572934,-9.877343128571225e-05,0.0010433277779177562,0.010522091278505757,3,0.038446626461345196,0.0908178316563176,0.0523712051949724
tm560903,patrick_1997,2122,7.0850560373065275e-06,8.199486939186124e-05,0.9992925378324005,0.0005060341055865194,6.345487586724424e-05,4.889326071657103e-05,3,2223,0.0014990686852906793,0.03800921634297512,0.8706282557080456,0.07964037182153061,0.0029827774497508635,0.007240309992407208,3,0.0014919836292533728,0.03792722147358326,-0.12866428212435488,0.0791343377159441,0.0029193225738836192,0.007191416731690637,0.15577536226394487,3,0.006501557414709273,0.5091869160417287,0.5026853586270195
tm561217,oday dabbagh_1998,2122,0.8379291740618381,0.013280328772343026,0.0012385924167137817,0.008449191808216176,0.06996414566004211,0.06913856728084682,1,2223,0.1742378778880686,0.018362456488922988,0.013336114380314725,0.012293773593107283,0.05152349140487351,0.7302462862447129,6,-0.6636912961737695,0.0050821277165799626,0.012097521963600944,0.0038445817848911067,-0.018440654255168602,0.6611077189638661,0.6640882119229833,1,0.624981503333188,0.8718807162644986,0.24689921293131056
tm565232,andre silva_1997,2122,0.47378250416151324,0.03652871113212435,0.0013592337825093902,0.014848000054100608,0.4667391672986822,0.006742383571070259,1,2223,0.8858671056982489,0.021302352025301025,0.0021710820907018657,0.006291225080374077,0.07834988168071581,0.006018353424658655,1,0.41208460153673565,-0.015226359106823326,0.0008118483081924754,-0.00855677497372653,-0.3883892856179664,-0.0007240301464116038,0.566538326606242,1,0.9356524129142793,0.4648451227532891,-0.47080729016099016
tm567497,filipe relvas_1999,2122,0.0011887666208860745,0.010226205095372263,0.6709560939753514,0.29772532405405516,0.016093240505117908,0.0038103697492172313,3,2223,8.752080811621403e-05,0.002248130840439709,0.9925196751254607,0.0039248483159933486,0.00019650697302197982,0.0010233179369682063,3,-0.0011012458127698604,-0.007978074254932554,0.3215635811501093,-0.29380047573806184,-0.015896733532095926,-0.002787051812249025,0.43593511537170554,3,0.7710147223561612,0.05244609865567827,-0.7185686237004829
tm57723,ivan marcano_1987,2122,0.0007094946905748731,0.004126172928681111,0.9616124792670194,0.022540108719477942,0.008903417488405823,0.002108326905841124,3,2223,0.00708197051005909,0.03846759094314627,0.8671010357250498,0.05262083976628016,0.009419101691289018,0.025309461364175723,3,0.006372475819484217,0.034341418014465164,-0.09451144354196961,0.030080731046802218,0.0005156842028831952,0.023201134458334598,0.1051545087488321,3,0.20594952007944597,0.5759727049748612,0.3700231848954152
tm577590,pedro brazao_2002,2122,0.016038952375835334,0.051721829349616104,0.012769418092564157,0.21097015304435934,0.663652094327043,0.04484755281058211,5,2223,0.00470490193276289,0.9626370019952317,0.012537893154515659,0.014029794968085383,0.00246203132878298,0.0036283766206214496,2,-0.011334050443072443,0.9109151726456156,-0.00023152493804849857,-0.19694035807627397,-0.66119006299826,-0.041219176189960655,1.142739152259206,2,1.014763810240464,0.21180957185526625,-0.8029542383851976
tm581121,tiago esgaio_1995,2122,0.0008705915201467646,0.009260314160010968,0.6367743198538461,0.3400568972439951,0.011018903185821008,0.00201897403618018,3,2223,0.00010629189333634622,0.0030197963034742288,0.9854447695378011,0.01008268828457424,0.0003822395673088019,0.0009642144135052932,3,-0.0007642996268104184,-0.00624051785653674,0.348670449683955,-0.32997420895942087,-0.010636663618512206,-0.001054759622674887,0.4802152932708179,3,0.7658957609068817,0.08899703226454894,-0.6768987286423328
tm58267,andre castro_1988,2122,0.0004707965747790099,0.01550338999984463,0.010970852129699251,0.9618977865428763,0.009464699272913532,0.0016924754798874322,4,2223,0.002721671439552749,0.07036522972224164,0.023397525014878167,0.8771025116085677,0.016166070367005812,0.010246991847754048,4,0.002250874864773739,0.05486183972239701,0.012426672885178916,-0.0847952749343086,0.00670137109409228,0.008554516367866615,0.10200224076020982,4,0.2099856762978033,0.5193267440229407,0.30934106772513736
tm585264,pedrao_1997,2122,1.6689569021689416e-05,0.00018260988205009068,0.9982215294918295,0.0012573507463190282,0.00016243368972806933,0.0001593866210516303,3,2223,5.1497076544078827e-05,0.0021635336159657216,0.9933746785595389,0.0041108001852940435,9.239862518567748e-05,0.0002070919374715395,3,3.480750752238941e-05,0.001980923733915631,-0.004846850932290647,0.0028534494389750153,-7.003506454239185e-05,4.77053164199092e-05,0.005963582226570635,3,0.014740927491356316,0.045587531222481464,0.030846603731125147
tm586855,loreintz rosier_1998,2122,0.0010132560004767687,0.04207494681431281,0.0037689327494627167,0.8932923922568833,0.05897814903922869,0.0008723231396355609,4,2223,0.0013930268093446598,0.14972135592015143,0.1558415947529021,0.6786650019372844,0.002824044177477493,0.01155497640284003,4,0.00037977080886789105,0.10764640910583861,0.15207266200343939,-0.21462739031959888,-0.056154104861751195,0.010682653263204469,0.28971052503540007,4,0.43521453190093734,0.9143628635824862,0.47914833168154886
tm58965,ruben lima_1989,2122,0.00597195655375834,0.04056589415906311,0.6832056484457181,0.16114404955790773,0.0727362519824504,0.03637619930110234,3,2223,0.0011688363028885878,0.03065028797874479,0.8108726580079054,0.13468604669575115,0.004347142092654678,0.018275028922055275,3,-0.004803120250869752,-0.00991560618031832,0.12766700956218735,-0.026458002862156577,-0.06838910988979573,-0.018101170379047068,0.14763925903224914,3,1.0262027271279994,0.6515074434498267,-0.37469528367817273
tm590302,kiko bondoso_1995,2122,0.029645187322660502,0.12958366341926264,0.0009925823644698773,0.022462243794787947,0.8146090159342148,0.002707307164604313,5,2223,0.025900241383233463,0.27765458190020237,0.0312586791907402,0.478562452296948,0.17356769518795567,0.013056350040920173,4,-0.003744945939427039,0.14807091848093973,0.030266096826270322,0.45610020850216004,-0.6410413207462591,0.01034904287631586,0.8011344663892558,5,0.6442672125816638,1.2720123714699934,0.6277451588883296
tm594546,ze uilton_1992,2122,0.02457826407169604,0.09754000902487606,0.023619243814666423,0.7580008591795231,0.09080934125033455,0.005452282658903811,4,2223,0.012967769619430889,0.18493130451756506,0.009523239572362322,0.7484198559845445,0.040399487312020324,0.0037583429940768113,4,-0.011610494452265151,0.08739129549268901,-0.014096004242304101,-0.009581003194978566,-0.05040985393831422,-0.0016939396648269997,0.10297421250594725,2,0.8628651469123344,0.7803023719372203,-0.0825627749751141
tm595012,ibrahima camara_1999,2122,0.0034893267977903213,0.33287003065033705,0.009607090909460037,0.626892226448828,0.017596711601125036,0.009544613592459556,4,2223,0.00016388525192525754,0.0304877242931533,0.005567037041251403,0.9576645246719911,0.005465066351519347,0.0006517623901595356,4,-0.003325441545865064,-0.30238230635718377,-0.004040053868208634,0.3307722982231631,-0.01213164524960569,-0.00889285120230002,0.4483524616670663,4,0.8387656713051913,0.21141890140381336,-0.6273467699013779
tm596884,adrian butzke_1999,2122,0.1176333643734902,0.04277014153383384,0.0021665921956950836,0.014937552314767318,0.8125882031689837,0.009904146413229986,5,2223,0.8594562030788035,0.018384647980868616,0.00426761374097353,0.008132893144488252,0.09157872999546153,0.018179912059404533,1,0.7418228387053134,-0.024385493552965227,0.0021010215452784463,-0.006804659170279066,-0.7210094731735222,0.008275765646174547,1.03479522341599,1,0.6769942997967092,0.5578389800676005,-0.11915531972910876
tm597087,lucas africo_1995,2122,4.698518672409396e-05,0.0003929008574116961,0.9968576043262364,0.0020692954047610785,0.0004094588476995839,0.00022375537716726453,3,2223,0.00018568831772856233,0.00432864090501498,0.9915397741617723,0.0029026525703451547,0.0002077423079941484,0.0008355017371449958,3,0.00013870313100446837,0.003935740047603284,-0.005317830164464077,0.0008333571655840762,-0.00020171653970543549,0.0006117463599777313,0.006672614155393959,3,0.02455088972749401,0.05821906820111605,0.033668178473622044
tm610335,ivan jaime pajuelo_2000,2122,0.39761686075557323,0.4609274308164562,0.003503960685820248,0.05428342960082384,0.06692699779350862,0.01674132034781779,2,2223,0.1645098003602461,0.09934081243663041,0.009624316069519426,0.07240797909854835,0.5422395524462454,0.11187753958881026,5,-0.23310706039532714,-0.3615866183798258,0.0061203553836991775,0.018124549497724504,0.4753125546527368,0.09513621924099247,0.6413826992151703,5,1.1511221178304556,1.338022712720567,0.18690059489011146
tm617679,ze carlos_1998,2122,0.0006410545821331455,0.006311471014609062,0.9639284180509676,0.02326863360830146,0.002696046195550514,0.0031543765484380163,3,2223,0.002891020719892879,0.020768539706703077,0.6602095490264791,0.23898575252178703,0.02938660569093519,0.047758532334202575,3,0.0022499661377597337,0.014457068692094014,-0.3037188690244885,0.21571711891348555,0.026690559495384677,0.04460415578576456,0.37377196516434313,3,0.19371719506130444,0.9624706209714868,0.7687534259101824
tm631112,matheus bueno_1998,2122,0.005442031045462859,0.7198255985329499,0.0031804303971745282,0.1795237751009939,0.08906186061527817,0.002966304308140479,2,2223,0.00030761694406267485,0.06993412760627916,0.00971426170492549,0.91618842608693,0.0026446177789206525,0.0012109498788821648,4,-0.005134414101400185,-0.6498914709266708,0.006533831307750961,0.736664650985936,-0.08641724283635752,-0.0017553544292583144,0.9861900045197292,4,0.8242796526534256,0.3375704164643389,-0.48670923618908674
tm637782,andre amaro_2002,2122,1.591651828135215e-05,8.163442892644018e-05,0.9989133621384866,0.0006554279103314805,0.0001819827647047488,0.00015167623926939605,3,2223,9.525681088092232e-06,0.00019359789632660053,0.9988153540855682,0.0008827412116520966,2.6970824455861902e-05,7.181030090890613e-05,3,-6.3908371932599176e-06,0.00011196346740016035,-9.800805291837467e-05,0.00022731330132061607,-0.0001550119402488869,-7.986593836048992e-05,0.00031286143553680454,4,0.00973574100522732,0.010126073242048434,0.000390332236821115
tm63837,andre andre_1989,2122,0.0031425713035707274,0.3168208892165365,0.10804638023561745,0.5005556461126516,0.03268272732212643,0.038751785809497355,4,2223,0.0025306414426865226,0.7557870735322645,0.038706508090980384,0.18925423496941343,0.003890895668468615,0.009830646296186404,2,-0.0006119298608842048,0.438966184315728,-0.06933987214463708,-0.31130141114323817,-0.028791831653657816,-0.02892113951331095,0.5433573791250497,2,1.2068669420949385,0.7346877157386568,-0.47217922635628173
tm64339,pizzi_1989,2122,0.03709425883617249,0.018509605834187367,0.004559251133217116,0.014528917979328123,0.024506035896394853,0.9008019303207,6,2223,0.005504236696975115,0.05897801642351689,0.00954133447523735,0.26286129184349943,0.6418509896417295,0.021264130919041807,5,-0.03159002213919738,0.040468410589329526,0.004982083342020233,0.2483323738641713,0.6173449537453346,-0.8795377994016582,0.6674160641853418,5,0.4670961867557637,0.9576596087339495,0.4905634219781858
tm645588,tomas handel_2000,2122,0.0016863316924160265,0.03708010574671545,0.13439889708142186,0.7976430587531251,0.021678820603456463,0.007512786122865241,4,2223,0.0033410878404099772,0.05449656468469945,0.03955448713065597,0.8453971880681429,0.04379683578319978,0.013413836492891943,4,0.0016547561479939507,0.017416458937984,-0.09484440995076589,0.04775412931501777,0.02211801517974332,0.005901050370026702,0.10986899845217277,3,0.7028145660676989,0.6421989372398219,-0.060615628827876966
tm646677,riccieli_1998,2122,0.0001624669887553506,0.0011626579138594442,0.9889278440048106,0.006337274718126649,0.00273200518807201,0.0006777511863758887,3,2223,3.5844193044184693e-05,0.0013099743687794863,0.9971784909580617,0.0011192636648713462,6.049481319609983e-05,0.00029593200204732016,3,-0.0001266227957111659,0.00014731645492004216,0.008250646953251062,-0.005218011053255303,-0.00267151037487591,-0.0003818191843285685,0.010123019196486742,3,0.07343081337779259,0.022477351551291855,-0.050953461826500734
tm651205,luquinha_2000,2122,0.26236781808954196,0.19008937763923534,0.01668207765165115,0.12699411536670205,0.33481607044066153,0.06905054081220788,5,2223,0.0035117610795910104,0.39233825561247887,0.005226776686039508,0.5892600920874833,0.007563491344793128,0.002099623189614161,4,-0.25885605700995096,0.20224887797324353,-0.01145530096561164,0.4622659767207813,-0.3272525790958684,-0.06695091762259371,0.6548483599818382,4,1.5479151806870655,0.775934199589466,-0.7719809810975995
tm657387,fabiano souza_2000,2122,0.0026710210036222834,0.14407060143817907,0.41852913181396606,0.3870277302939762,0.021375931841861928,0.026325583608394442,3,2223,0.001471660480658449,0.04020551619908625,0.8144733914028824,0.09737739392365331,0.0028605167634330815,0.04361152123028652,3,-0.0011993605229638344,-0.10386508523909282,0.3959442595889164,-0.2896503363703229,-0.018515415078428847,0.017285937621892077,0.5017981556898858,3,1.2048412212829096,0.6861199011680089,-0.5187213201149007
tm667121,rodrigo gomes_2003,2122,0.353183963755843,0.08561304373916724,0.048404828921527594,0.1380672584482575,0.35248361791162175,0.022247287223582823,1,2223,0.06028488257790669,0.2886522171173781,0.058517493362437625,0.18009837512602542,0.330372184942827,0.08207484687342513,5,-0.2928990811779363,0.20303917337821087,0.010112664440910031,0.042031116677767905,-0.022111432968794753,0.05982755964984231,0.35968399172078064,1,1.450179781449278,1.5739083577190724,0.12372857626979439
tm671657,ricardinho_1998,2122,7.370395665223027e-40,5.9908793009211714e-40,2.299683380748337e-41,5.199526327387032e-40,1.0,2.36815378662817e-41,5,2223,0.015109930921804808,0.3256555253767862,0.037749108908663044,0.5324038127826956,0.07968592684783998,0.009395695162210442,4,0.015109930921804808,0.3256555253767862,0.037749108908663044,0.5324038127826956,-0.92031407315216,0.009395695162210442,1.112715884469958,5,1.3815510557964273e-10,1.1334360946226558,1.1334360944845008
tm673492,morato_2001,2122,4.3127243446267616e-05,0.0004465535372979412,0.9966087519238357,0.0019798588930065595,0.0006374850602356589,0.00028422334217782585,3,2223,0.0019296362008638511,0.019440411135248862,0.9093754383296685,0.056938667715017224,0.0037546312771978216,0.008561215342003816,3,0.0018865089574175834,0.01899385759795092,-0.0872333135941672,0.054958808822010666,0.0031171462169621625,0.00827699199982599,0.10490073312798251,3,0.026599256186062355,0.3999504698083437,0.37335121362228135
tm68275,claudemir de souza_1988,2122,0.002527698507398234,0.04068642597615582,0.17766856366109163,0.744647519857938,0.027351674406272786,0.00711811759114355,4,2223,0.0006218398220706947,0.036616768003654335,0.0843320354679231,0.8716822727845817,0.004277794477582327,0.0024692894441878843,4,-0.0019058586853275394,-0.004069657972501486,-0.09333652819316852,0.12703475292664368,-0.02307387992869046,-0.004648828146955665,0.15938047024209948,4,0.8055641078569749,0.4921102874559777,-0.3134538204009972
tm685807,luis santos_2000,2122,0.01190370837255329,0.2637443040277183,0.017137066030466185,0.19485306106833164,0.5008408935111335,0.011520966989797186,5,2223,0.05534435557738416,0.5330809758575368,0.10562755704010028,0.15854085633733658,0.052487880588897716,0.09491837459874458,2,0.04344064720483087,0.26933667182981846,0.0884904910096341,-0.03631220473099506,-0.4483530129222358,0.0833974076089474,0.5334781157928938,5,1.1903678743190058,1.4031518683008417,0.2127839939818359
tm685887,matchoi djalo_2003,2122,0.010225347312550915,0.777148877806471,0.003952546111746245,0.1084289890915476,0.04746084076392997,0.052783398913754,2,2223,0.1083591035580079,0.6000242766598625,0.017552844707811432,0.0957065136918409,0.07155192619396473,0.10680533518851264,2,0.09813375624545699,-0.17712460114660855,0.013600298596065187,-0.01272247539970671,0.024091085430034763,0.05402193627475864,0.2047695493611866,2,0.805481291727656,1.2704235785916653,0.4649422868640093
tm690273,bernardo vital_2000,2122,0.007185692509726479,0.02077904592736293,0.7835091604819073,0.06135395896377305,0.10714033632569113,0.020031805791539133,3,2223,9.46526647210522e-05,0.0028270462303180794,0.994975842184422,0.0015351929808359133,0.00011443444871735449,0.0004528314909854108,3,-0.007091039845005427,-0.01795199969704485,0.2114666817025147,-0.05981876598293714,-0.10702590187697378,-0.019578974300553723,0.24520102578451797,3,0.7960031085142178,0.03695110250788968,-0.7590520060063282
tm701979,geny catamo_2001,2122,0.014593261680731247,0.11354879328742848,0.010329708736128798,0.06307173014803973,0.024615433052410835,0.773841073095261,6,2223,0.10162360448809381,0.35795155078221774,0.024250767731602656,0.07797281223126153,0.20084830205496604,0.23735296271185824,2,0.08703034280736256,0.24440275749478926,0.013921058995473858,0.0149010820832218,0.1762328690025552,-0.5364881103834027,0.31429421039513594,2,0.8198382615353114,1.5530054948458356,0.7331672333105242
tm70359,david simao_1990,2122,0.004307108619777983,0.27650137288894194,0.009189088560929053,0.6485491614410922,0.040036723104889635,0.021416545384369445,4,2223,0.00028282241129429843,0.09961410450665402,0.018436325610167746,0.8779474017034471,0.0015276282134148195,0.002191717555021885,4,-0.0040242862084836845,-0.1768872683822879,0.009247237049238693,0.2293982402623549,-0.03850909489147482,-0.01922482782934756,0.2923992390775083,4,0.9139968510347914,0.4432965949345757,-0.47070025610021576
tm711337,evanilson_1999,2122,0.3280332189610126,0.033713867760376284,0.0047501645323855275,0.015552672842395535,0.224349740272733,0.39360033563109703,6,2223,0.34199892266440546,0.009262307484773205,0.0018200822246641328,0.005973019383647342,0.6068839728287548,0.03406169541375504,5,0.01396570370339284,-0.02445156027560308,-0.002930082307721395,-0.009579653458748193,0.3825342325560218,-0.359538640217342,0.38370003114384377,5,1.2723914095680045,0.8705816330849739,-0.4018097764830305
tm71830,bruno wilson_1996,2122,0.00011232218509813713,0.0020976606867414973,0.9854381621508094,0.01008247277431304,0.0012580286924813158,0.0010113535105567202,3,2223,0.00021684577682104807,0.0021914372149736913,0.9904985873719495,0.005715565202015012,0.00027697754189260926,0.001100586892348284,3,0.00010452359172291093,9.377652823219394e-05,0.005060425221140141,-0.004366907572298027,-0.0009810511505887066,8.923338179156384e-05,0.006757215827712658,3,0.09013773620288451,0.06398848927555557,-0.026149246927328937
tm729140,miguel maga_2002,2122,0.0006467659153626743,0.007887736761624839,0.9413038336747793,0.037128902008911384,0.0052929811947588605,0.007739780444562818,3,2223,0.0004563997377258972,0.023219139914794337,0.5851678797454424,0.37770177158963214,0.00202382845932489,0.011430980553080427,3,-0.00019036617763677711,0.015331403153169498,-0.35613595392933695,0.34057286958072075,-0.0032691527354339707,0.0036912001085176093,0.49301974879018756,3,0.28753164557376953,0.8358607825996127,0.5483291370258432
tm75442,nicolas gaitan_1988,2122,0.19688635093918058,0.06499620862301671,0.014074326548110885,0.04962024567796033,0.41644483068295807,0.2579780375287735,5,2223,0.019845622097080146,0.26952311684629887,0.010427171901049243,0.3370366251938182,0.34866826692936603,0.014499197032387431,5,-0.17704072884210043,0.20452690822328218,-0.003647154647061642,0.2874163795158579,-0.06777656375359203,-0.24347884049638607,0.40048697282381734,4,1.4209954997953218,1.2740474497188208,-0.14694805007650102
tm798687,antony_2001,2122,0.07397089430964049,0.28345073353961536,0.0038109660693374093,0.03817838123286189,0.5834910087133139,0.017098016135230952,5,2223,0.018168033005687773,0.15921431033476646,0.031154173513484956,0.20273509052097535,0.582843146500152,0.005885246124933533,5,-0.05580286130395272,-0.1242364232048489,0.027343207444147546,0.16455670928811347,-0.0006478622131619316,-0.01121277001029742,0.2153500161851773,4,1.0797852960811378,1.14184268432853,0.062057388247392264
tm813109,bruno marques_1999,2122,0.05331564912589736,0.012564350954152478,0.001914467065285924,0.004041495677576917,0.010675869984597878,0.9174881671924895,6,2223,0.06257186298635418,0.009449925951873899,0.0033867797805806304,0.0039710628454246635,0.005851244243912299,0.9147691241918544,6,0.009256213860456823,-0.003114425002278579,0.0014723127152947064,-7.043283215225384e-05,-0.00482462574068558,-0.0027190430006350796,0.010992125234843364,1,0.37301959951280234,0.3702585329105351,-0.002761066602267215
tm818252,pedro malheiro_2001,2122,0.0016759773733861273,0.03400687971397361,0.7142834339747801,0.19799266427998488,0.012759783191755813,0.03928126146611944,3,2223,0.0005651321638454176,0.030299387481542223,0.5000776575082239,0.45270157203374944,0.003965408688452931,0.012390842124186096,3,-0.0011108452095407097,-0.00370749223243139,-0.21420577646655625,0.25470890775376454,-0.008794374503302883,-0.02689041934193334,0.3329460359568701,4,0.869493521234864,0.8918327425774982,0.02233922134263422
tm836336,nuno lima_2001,2122,0.0001636144409693943,0.0007887295294897547,0.9925969038631071,0.003598501776741501,0.0023206685878026725,0.0005315818018894599,3,2223,0.0002606604790622273,0.004366061778171722,0.9837010810552239,0.009161710597002583,0.0004690125864357101,0.0020414735041038488,3,9.7046038092833e-05,0.003577332248681967,-0.008895822807883147,0.005563208820261081,-0.0018516560013669625,0.0015098917022143888,0.011239230832465915,3,0.05277206776255884,0.10127447377643346,0.04850240601387462
tm836546,luis bastos_2001,2122,0.0008448629411261299,0.008342408913050494,0.9362038876581739,0.028308106078989807,0.004448905594320875,0.021851828814338725,3,2223,0.0008289565587967454,0.026936095562408068,0.9218736206665084,0.041240628699745575,0.002498418125805245,0.006622280386736008,3,-1.5906382329384508e-05,0.018593686649357573,-0.014330266991665508,0.012932522620755768,-0.0019504874685156298,-0.015229548427602716,0.02687259814348272,2,0.3161734555766153,0.357913943177098,0.04174048760048271
tm840674,ibrahima bamba_2002,2122,0.0027766191768477015,0.12583874813960833,0.29116088869185724,0.47793106519888234,0.026505967314340673,0.0757867114784636,4,2223,0.001309307214022939,0.1064878433577617,0.794617693304012,0.0832629502535287,0.0020138112660680317,0.012308394604606775,3,-0.0014673119628247626,-0.01935090478184663,0.5034568046121548,-0.39466811494535364,-0.02449215604827264,-0.06347831687385683,0.6404749419711637,3,1.2810298034680103,0.7034709616429327,-0.5775588418250777
tm9335,rui fonte_1990,2122,0.0020564224642110117,0.002674702019098004,5.2618201574174436e-05,0.0010554282701659317,0.9940353529780439,0.00012547606690689367,5,2223,0.3907595550590379,0.31671114255549476,0.07017515012616134,0.09556838340467298,0.10035425318342042,0.02643151567121264,1,0.3887031325948269,0.31403644053639673,0.07012253192458716,0.09451295513450705,-0.8936810997946235,0.026306039604305748,1.0306429001238506,5,0.04339350801127781,1.4689008097811342,1.4255073017698565
tm95429,osama rashid_1992,2122,0.0018373441545256385,0.146475042022232,0.008293421711283092,0.8174874594990693,0.023637592922251826,0.0022691396906380414,4,2223,0.029529157458773558,0.625170469541133,0.014569234638026365,0.22248883179385817,0.07140899955266823,0.03683330701554063,2,0.027691813304247918,0.478695427518901,0.006275812926743273,-0.5949986277052112,0.0477714066304164,0.034564167324902584,0.7656768306158972,4,0.599758663176368,1.1037311401286176,0.5039724769522497
tm99499,rafael martins_1989,2122,0.902831724096808,0.010609949644518175,0.0018991069942786735,0.003241522143615212,0.0736379409961582,0.007779756124621722,1,2223,0.9692910473111004,0.008843156424887763,0.0008846378014544031,0.001974090832910348,0.012819989044707448,0.006187078584939693,1,0.06645932321429238,-0.001766793219630412,-0.0010144691928242705,-0.001267431310704864,-0.06081795195145075,-0.001592677539682029,0.0901189325825724,1,0.40087090664889824,0.1778737846211271,-0.22299712202777114
alemao_2002,alemao_2002,2223,2.2034524022536978e-05,0.00045966955450813646,0.9977340048719143,0.0012431288420331013,4.797675561489455e-05,0.0004931854519070885,3,2324,4.04743838166419e-05,0.0009357536769456419,0.9979190099970078,0.0008065021624647069,0.00022021993814799786,7.803984161744005e-05,3,1.8439859794104922e-05,0.00047608412243750544,0.00018500512509345146,-0.00043662667956839436,0.0001722431825331033,-0.00041514561028964847,0.0006939262119398667,2,0.018581488814214207,0.017351436320876722,-0.0012300524933374843
carlos ponck_1995,carlos ponck_1995,2223,3.565765431223653e-05,0.0011761378318089026,0.9971428020247627,0.0012575311294569385,6.030762235601558e-05,0.0003275637373032535,3,2324,7.364168246887657e-05,0.005111957616942065,0.9924336036536369,0.0018429939665428443,0.0003304136536895027,0.00020738942671969708,3,3.7984028156640045e-05,0.003935819785133162,-0.004709198371125822,0.0005854628370859057,0.0002701060313334871,-0.00012017431058355642,0.006171255420724875,3,0.022764782807891196,0.051221399172776017,0.02845661636488482
daniel bandeira_2000,daniel bandeira_2000,2223,0.0004291833346001035,0.22619006007116005,0.05477839107668198,0.7138443411328095,0.0015797022159686524,0.003178322168779733,4,2324,0.01369640021130137,0.14413274713862648,0.047330033420650335,0.3883327924642461,0.3802998269313808,0.02620819983379481,4,0.013267216876701265,-0.08205731293253357,-0.007448357656031648,-0.32551154866856336,0.37872012471541217,0.023029877665015075,0.5063117625161371,5,0.7677333950907186,1.312774815918607,0.5450414208278884
danny loader_2000,danny loader_2000,2223,0.049465752434345554,0.017217927117602012,0.003677767654837448,0.017956120699577593,0.4684258388841174,0.44325659320952004,5,2324,0.09856832802793668,0.015163613487271603,0.010236801517961249,0.011134376301953453,0.0451883410849488,0.8197085395799283,6,0.04910257559359112,-0.0020543136303304097,0.0065590338631238004,-0.00682174439762414,-0.4232374977991686,0.37645194637040824,0.42618636744921984,5,1.0273294084559734,0.6917912952142614,-0.335538113241712
fabio conceicao_2001,fabio conceicao_2001,2223,0.0032033848848415747,0.07932815557240394,0.008473828246321672,0.843854954329918,0.0620050601144783,0.0031346168520365596,4,2324,0.00837123307966419,0.08405749974268625,0.042567904569617274,0.22562005482909958,0.6322873429112744,0.007095964867658277,5,0.0051678481948226156,0.0047293441702823125,0.0340940763232956,-0.6182348995008184,0.5702822827967962,0.003961348015621717,0.8418121835803378,4,0.5936004458101437,1.0434456252686832,0.4498451794585395
goncalo rodrigues_1997,goncalo rodrigues_1997,2223,0.00085313957360271,0.23873776285742715,0.004943603788190143,0.7468929097031949,0.006918330212291334,0.001654253865293928,4,2324,0.001985907305149927,0.06258921054975122,0.01693607932953798,0.26162922836177455,0.6522749999343161,0.004584574519470346,5,0.001132767731547217,-0.17614855230767593,0.011992475541347837,-0.48526368134142034,0.6453566697220248,0.002930320654176418,0.8265225264299597,5,0.6372148544423388,0.9090687757988841,0.2718539213565453
hector_1995,hector_1995,2223,0.3560473072098867,0.05264851183051687,0.03328204341723512,0.02933011382790105,0.31096347280764686,0.21772855090681353,1,2324,0.9994532487074999,2.334700501360699e-05,3.5412562247013445e-05,1.5704993872841862e-05,0.00036768067362412724,0.00010460605774257532,1,0.6434059414976132,-0.052625164825503265,-0.03324663085498811,-0.029314408834028208,-0.3105957921340227,-0.21762394484907097,0.7177569453841592,1,1.434609304319882,0.005198717884451265,-1.4294105864354307
mihai dobre_1998,mihai dobre_1998,2223,0.0018804536561458658,0.014025390817342198,0.0025037988828973965,0.02920780521163672,0.9490618218232267,0.0033207296087514517,5,2324,0.08519448095262803,0.1700360358637711,0.047088986701060584,0.11275819690678177,0.5161907474675934,0.068731552108165,5,0.08331402729648217,0.15601064504642892,0.04458518781816319,0.08355039169514505,-0.4328710743556333,0.06541082249941356,0.47710210904077455,5,0.25841656967842325,1.4264434689248593,1.168026899246436
nonoca_1998,nonoca_1998,2223,0.003468934079806914,0.7330923682030246,0.04297192187787109,0.1999785616937934,0.006438211238330194,0.014050002907173727,2,2324,0.00012519960245063475,0.7944230239563718,0.00703430927985778,0.19415686268299337,0.0028920978223258213,0.001368506656000757,2,-0.003343734477356279,0.061330655753347174,-0.03593761259801331,-0.005821699010800041,-0.003546113416004373,-0.01268149625117297,0.07148852351508625,2,0.7967861177639801,0.5629925027430988,-0.23379361502088136
ricardo guimaraes_1995,ricardo guimaraes_1995,2223,0.001760503931366227,0.6050978918201361,0.11760298902177893,0.26637132306766675,0.002078270293038392,0.007089021866013715,2,2324,0.00012199195841143674,0.6012939065242614,0.00488171002060577,0.38864786903410803,0.004091145675553677,0.0009633767870595422,2,-0.0016385119729547903,-0.003803985295874668,-0.11272127900117317,0.12227654596644127,0.0020128753825152854,-0.006125645078954173,0.1663696099835118,4,0.9671615764880034,0.7294336767988832,-0.23772789968912023
tm102427,sebastian coates_1990,2223,6.946300909891587e-05,0.001570546988544302,0.996690881604289,0.0013085772070478502,8.555093773540192e-05,0.00027498025328435673,3,2324,0.011407468827271169,0.025201397227273496,0.9182752564837895,0.009484615703506576,0.030379172606579293,0.005252089151579924,3,0.011338005818172252,0.023630850238729195,-0.07841562512049949,0.008176038496458725,0.03029362166884389,0.004977108898295567,0.08843375397034488,3,0.025851914679035665,0.39997807018415,0.3741261555051143
tm122115,vincent sasso_1991,2223,0.004210154362870893,0.023022250638372814,0.8246545225890853,0.09883373878409052,0.016589917805335266,0.03268941582024508,3,2324,0.002610052376106147,0.010995051075484532,0.9668104726444205,0.006921316779027549,0.010659348925804175,0.0020037581991568135,3,-0.001600101986764746,-0.012027199562888282,0.1421559500553352,-0.09191242200506297,-0.005930568879531091,-0.030685657621088266,0.16981929501060883,3,0.6773948088067899,0.1930262878083063,-0.4843685209984836
tm131740,nermin zolotic_1993,2223,2.1789249281564748e-05,0.000654872966243858,0.9980498252736365,0.0010471590938433929,5.080084924326856e-05,0.00017555256775140412,3,2324,2.7186187937843704e-05,0.0005276637585680189,0.9986325711737021,0.0005674669817325743,0.00018302849501899556,6.208340304074528e-05,3,5.3969386562789555e-06,-0.00012720920767583907,0.0005827459000655733,-0.00047969211211081855,0.000132227645775727,-0.00011346916471065884,0.0007767836032231491,3,0.016188745411689607,0.012052559368299054,-0.004136186043390553
tm139336,paulo oliveira_1992,2223,7.31365843734192e-05,0.0017539589406384026,0.993985523437945,0.002858895520263416,0.00012911826645302236,0.0011993672503267524,3,2324,0.0008273211096445591,0.012762397884174792,0.9648822338909782,0.015065109952665575,0.002279522473431301,0.004183414689105593,3,0.0007541845252711398,0.01100843894353639,-0.029103289546966837,0.01220621443240216,0.0021504042069782786,0.0029840474387788406,0.03350181926029523,3,0.043791847907313344,0.19600849080537877,0.1522166428980654
tm139341,josue sa_1992,2223,0.00031445119669791776,0.004084399139702549,0.9831091767261942,0.010986543175298728,0.0003378815200601178,0.0011675482420464166,3,2324,0.00027739290698924787,0.005893422495971812,0.9824580436835305,0.008781278844188653,0.0015244630086044657,0.0010653990607152359,3,-3.705828970866989e-05,0.001809023356269263,-0.0006511330426637318,-0.0022052643311100753,0.001186581488544348,-0.0001021491813311807,0.003157384908216744,4,0.10189600108828038,0.10867579574081784,0.00677979465253746
tm139395,ricardo esgaio_1993,2223,0.005514460786976877,0.04270079641263553,0.02770342832194262,0.8117203545783878,0.06762729301291341,0.04473366688714371,4,2324,0.012348862195734825,0.12021700292613227,0.0985228601473465,0.532402012585336,0.187651618178605,0.04885764396684539,4,0.006834401408757948,0.07751620651349675,0.07081943182540387,-0.2793183419930517,0.1200243251656916,0.004123977079701677,0.32170706868851856,4,0.7531696362217746,1.3343305934672807,0.5811609572455061
tm139396,bruma_1994,2223,0.007730404079330941,0.008537732592193726,0.0034823974426571452,0.015521778051146833,0.9198082630009939,0.044919424833677425,5,2324,0.6358903360294741,0.028278617531701664,0.022287696963007305,0.025310682157833716,0.20872299882931017,0.07950966848867301,1,0.6281599319501432,0.019740884939507937,0.01880529952035016,0.009788904106686883,-0.7110852641716838,0.034590243654995585,0.9492451303544184,5,0.3788905028536803,1.094874211293302,0.7159837084396218
tm14132,pepe_1983,2223,1.1031751470827604e-06,2.3709500625295955e-05,0.9999014572180702,6.183759935922693e-05,2.8243107986012937e-06,9.068195999370891e-06,3,2324,0.001109123529592524,0.006593356117478211,0.9792271707841178,0.005626588162678606,0.006560177466825631,0.0008835839393072041,3,0.0011080203544454412,0.006569646616852915,-0.020674286433952416,0.005564750563319379,0.006557353156027029,0.0008745157433078332,0.02336192232189214,3,0.0011068115189233133,0.12954843263208835,0.12844162111316504
tm149729,joao mario_1993,2223,0.017616686884837467,0.02207365819606169,0.0017052365013060819,0.04109785289106653,0.8996171660714704,0.017889399455257873,5,2324,0.012232338821090075,0.21752525661648495,0.024665223505011696,0.21953700450418762,0.5152047561923633,0.010835420360862479,5,-0.005384348063747392,0.19545159842042326,0.022959987003705613,0.17843915161312107,-0.3844124098791071,-0.007053979094395394,0.4673017346745605,5,0.4645183100932607,1.2005868037323542,0.7360684936390934
tm155025,fabio cardoso_1994,2223,0.002949602394982155,0.03477378239161524,0.9142314936919789,0.03399566492004776,0.0036299107567587976,0.010419545844617115,3,2324,0.002781524963411278,0.008787288825988419,0.9736545197158366,0.006369707256494225,0.007113463798065344,0.0012934954402040164,3,-0.0001680774315708771,-0.025986493565626823,0.05942302602385774,-0.027625957663553538,0.0034835530413065466,-0.009126050404413099,0.0705815188155617,3,0.3988739531517569,0.15995724009577922,-0.23891671305597767
tm155395,salvador agra_1991,2223,0.01862431954755023,0.039000584302264496,0.013761997628775073,0.5557616849232502,0.33626548355142655,0.03658593004673346,4,2324,0.00870740650147111,0.011656984943635117,0.011958401501620688,0.031821618902921796,0.9271002173325753,0.008755370817776041,5,-0.00991691304607912,-0.02734359935862938,-0.0018035961271543853,-0.5239400660203284,0.5908347337811488,-0.02783055922895742,0.7902203148317979,5,1.0736657815462873,0.3674989527831761,-0.7061668287631112
tm159142,aderlan santos_1989,2223,1.4584300221302653e-06,4.729604349787675e-05,0.9998252116933124,0.00011005327044700299,3.6608683069397974e-06,1.2319694413714072e-05,3,2324,0.00027423869556100837,0.008012815296785235,0.9861564429890257,0.00405101156661716,0.0010298483712051457,0.00047564308080593804,3,0.0002727802655388781,0.007965519253287359,-0.013668768704286682,0.003940958296170157,0.001026187502898206,0.00046332338639222396,0.016338401299463266,3,0.0018535742139158622,0.08771091027856376,0.08585733606464789
tm167165,pedro tiba_1988,2223,2.4380767592741073e-41,1.0,6.602739672696556e-41,1.4601475543222733e-39,4.5673423993599396e-41,1.8436131307022148e-41,2,2324,0.0013732079888059997,0.14974119640641093,0.009435661140738266,0.645731219373555,0.18918169415219374,0.004537020938296051,4,0.0013732079888059997,-0.8502588035935891,0.009435661140738266,0.645731219373555,0.18918169415219374,0.004537020938296051,1.084338264364814,2,1.3815510557964273e-10,0.9592874223515878,0.9592874222134327
tm172142,hernani fortes_1991,2223,0.9025849229013984,0.006438432142647566,0.0014038683873911816,0.005887707742228461,0.04738435164504761,0.03630071718128644,1,2324,0.1489379306190293,0.016355980590194552,0.024263045557123136,0.036539159988931834,0.16197861862631957,0.6119252646184016,6,-0.7536469922823691,0.009917548447546987,0.022859177169731956,0.030651452246703372,0.11459426698127195,0.5756245474371151,0.7633321991598121,1,0.4293141968736577,1.157429597152921,0.7281154002792632
tm182108,sebastian perez_1993,2223,0.003397901896298499,0.07871123937143606,0.1016749992650008,0.7773794722204106,0.015566859037133764,0.02326952820972034,4,2324,0.00024522301527602565,0.5020294581392789,0.022679668626533558,0.46587784046777947,0.006410731041298151,0.002757078709833898,2,-0.003152678881022473,0.4233182187678428,-0.07899533063846724,-0.3115016317526311,-0.009156127995835612,-0.02051244949988644,0.5315690145710289,2,0.7998949414180899,0.8383312648164335,0.038436323398343575
tm182710,joao teixeira_1994,2223,0.007896715855717875,0.3256590496703273,0.012062689837775349,0.5849096389218786,0.05440849860683665,0.015063407107464104,4,2324,0.004578246127489781,0.007451967647642578,0.0029131481299311725,0.01520062050410473,0.9626138589445816,0.0072421586462500815,5,-0.0033184697282280943,-0.3182070820226848,-0.009149541707844176,-0.5697090184177739,0.908205360337745,-0.007821248461214023,1.1183719486901256,5,0.9921573860766472,0.21418091642636894,-0.7779764696502782
tm182936,filipe ferreira_1990,2223,0.0010216722230999228,0.04903158025846645,0.33535091864195493,0.5618427769340215,0.032116498493510184,0.020636553448946965,4,2324,0.0002120210365135649,0.0044149250753325875,0.9773492092630697,0.014937076862482765,0.00210770936592387,0.000979058396677496,3,-0.0008096511865863579,-0.04461665518313386,0.6419982906211148,-0.5469057000715387,-0.030008789127586314,-0.01965749505226947,0.8450795695145232,3,1.0357110070580207,0.1306928037491662,-0.9050182033088545
tm187211,ygor nogueira_1995,2223,0.00013144075310799218,0.002966578863209976,0.9888511098625239,0.0074678615480205735,0.00023723859475824457,0.00034577037837928035,3,2324,5.419555958509406e-05,0.004061066055444065,0.9916553708515423,0.0036331400012926318,0.00031734644719919665,0.0002788810849369307,3,-7.724519352289812e-05,0.0010944871922340888,0.0028042609890184256,-0.0038347215467279417,8.010785244095208e-05,-6.688929344234967e-05,0.0048763977829315444,4,0.07083471403951536,0.05645225385509569,-0.014382460184419667
tm194005,nino galovic_1992,2223,0.00015328601059323512,0.0022305561749398893,0.9914216646108595,0.004868695224670688,0.00024980719505245363,0.0010759907838842502,3,2324,0.00082285865513441,0.004393674497527877,0.9863983892595465,0.004976965952758485,0.0020785189091489225,0.0013295927258838306,3,0.0006695726445411749,0.0021631183225879875,-0.005023275351312972,0.00010827072808779724,0.0018287117140964688,0.00025360194199958034,0.005806600790718827,3,0.05885788589263657,0.09123568989573591,0.03237780400309934
tm197880,raphael guzzo_1995,2223,5.195792281072874e-42,1.4601475543222733e-39,2.1590428732584815e-40,1.0,7.287544979436779e-41,1.8436131307022148e-41,4,2324,0.006251036148157169,0.009892363223073087,0.003645984199189884,0.013429862812592154,0.9660316159522517,0.0007491376647356803,5,0.006251036148157169,0.009892363223073087,0.003645984199189884,-0.9865701371874078,0.9660316159522517,0.0007491376647356803,1.380828717152545,4,1.3815510557964273e-10,0.1945185985158944,0.1945185983777393
tm198021,joao nunes_1995,2223,0.0008579837934967755,0.011991524205493483,0.9190717327702979,0.05504462874824928,0.0033984355447147616,0.009635694937747777,3,2324,5.551120796390672e-05,0.0005443173357902286,0.9986269647109359,0.0004976820322195336,0.00020854898995586633,6.697572313468787e-05,3,-0.0008024725855328689,-0.011447206869703255,0.07955523194063807,-0.05454694671602975,-0.0031898865547588954,-0.00956871921461309,0.09719188345109202,3,0.36032262316213276,0.012203503447196406,-0.34811911971493636
tm211072,paulinho_1992,2223,0.7523495711769566,0.005658683790778096,0.0016114862519528079,0.005336755718004275,0.21223267313636912,0.022810829925939035,1,2324,0.023897332431511868,0.001853697177824893,0.0019035132591362816,0.0019759392603208212,0.006320394294368746,0.9640491235768375,6,-0.7284522387454447,-0.003804986612953203,0.0002920270071834737,-0.003360816457683454,-0.20591227884200036,0.9412382936508984,0.7570128063654644,1,0.6968689930121403,0.19242356174474198,-0.5044454312673984
tm222813,marko grujic_1996,2223,0.002493976287614924,0.5760511694809775,0.11921685844775055,0.2744571281662901,0.003582142718690263,0.024198724898676745,2,2324,0.0032960931381508726,0.3502037728020292,0.07280814267055565,0.3183840219598426,0.016317390605306112,0.2389905788241154,2,0.0008021168505359488,-0.22584739667894826,-0.04640871577719491,0.043926893793552524,0.012735247886615848,0.21479185392543865,0.23506002938669132,2,1.0513169200742565,1.3506559500064377,0.2993390299321812
tm223367,fredrik aursnes_1995,2223,0.0006227368095241606,0.012338188752194406,0.09090991151128185,0.8786151766941547,0.014819051338115041,0.0026949348947299064,4,2324,0.004738170060838463,0.10073856012412082,0.4359778484674019,0.3934366474597929,0.055924797804829826,0.009183976083015907,3,0.004115433251314302,0.08840037137192641,0.34506793695612004,-0.4851785292343618,0.04110574646671478,0.006489041188286001,0.6033169409085888,4,0.4688751523382457,1.189870161820941,0.7209950094826953
tm226155,carlinhos_1994,2223,0.0003162567934035471,0.964811111443495,0.004703989411369449,0.028620298192130255,0.0008858618517780343,0.0006624823078237954,2,2324,0.11238005843678678,0.01904264138641988,0.013723971050381029,0.06516176070889743,0.7478797682445223,0.041811800172992644,5,0.11206380164338323,-0.9457684700570751,0.00901998163901158,0.03654146251676717,0.7469939063927442,0.04114931786516885,1.210971853237057,2,0.17510330433606064,0.9078868688111391,0.7327835644750784
tm228433,wendell_1993,2223,0.0006089816667435628,0.016558094405508365,0.8350275428996964,0.14042577831764344,0.002237822420367113,0.005141780290041235,3,2324,0.047776304680946034,0.03943756716493255,0.19973878998303196,0.09352661864040364,0.568527452649697,0.05099326688098891,5,0.04716732301420247,0.02287947275942418,-0.6352887529166644,-0.0468991596772398,0.5662896302293299,0.04585148659094768,0.853945842955037,3,0.5393803552960732,1.2889517974080686,0.7495714421119954
tm230457,bruno gaspar_1993,2223,0.005692314628597599,0.0422500562228582,0.0882746267908152,0.6471558041430643,0.09851709887345214,0.11811009934121248,4,2324,0.0017663165726133044,0.034301043318524606,0.016368799997052496,0.6123512243667791,0.3315095138836091,0.0037031018614213772,4,-0.0039259980559842944,-0.007949012904333592,-0.0719058267937627,-0.03480457977628515,0.23299241501015697,-0.1144069974797911,0.24646677751667154,5,1.1396132017019713,0.8812727067014643,-0.25834049500050704
tm235568,joao pedro_1993,2223,0.0015597816328830204,0.672410916313641,0.09224138664257531,0.22539825339377287,0.0018417504301937138,0.006547911586934168,2,2324,0.0015876483785939278,0.5785947443179923,0.03939286118686615,0.2493756151386449,0.12703211759675925,0.004017013381143487,2,2.7866745710907392e-05,-0.09381617199564873,-0.05284852545570916,0.023977361744872028,0.12519036716656554,-0.0025308982057906807,0.1668591725223979,5,0.8771368682893711,1.0848179207671507,0.20768105247777957
tm236997,tiago silva_1993,2223,0.0007510434559284679,0.2345537178372477,0.011560417083923793,0.7481175205472247,0.0016899169643051824,0.0033273841113701124,4,2324,0.010768753378425217,0.22762456213648832,0.042202601200931604,0.45532075363564967,0.19876281349485705,0.06532051615364826,4,0.010017709922496749,-0.006929155700759387,0.03064218411700781,-0.292796766911575,0.19707289653055188,0.061993132042278146,0.3544784682023579,4,0.6439555097723535,1.376853121922084,0.7328976121497306
tm238055,rafa silva_1993,2223,0.4843819307549227,0.03572621410955029,0.004597083707016735,0.022282870687333936,0.38844875071115204,0.06456315003002429,1,2324,0.5372565891701994,0.005030965719846847,0.005574076457693834,0.005536299723940517,0.04459050178122745,0.402011567147092,1,0.052874658415276665,-0.030695248389703444,0.000976992750677099,-0.01674657096339342,-0.34385824892992456,0.33744841711706774,0.34965386496828343,5,1.1238853775118334,0.9231372294484872,-0.20074814806334618
tm238367,cassiano_1989,2223,0.9806281972979395,0.00672440753019384,0.0015402601224970018,0.002469634642541253,0.004965979666736464,0.0036715207400918096,1,2324,0.8955431971553781,0.008025473931585201,0.005967945323920755,0.003930481323759,0.030140623651979878,0.05639227861337718,1,-0.08508500014256137,0.0013010664013913611,0.004427685201423753,0.0014608466812177472,0.025174643985243415,0.05272075787328537,0.0888631036600297,1,0.12455184628500335,0.45756004242353276,0.3330081961385294
tm24202,vasco fernandes_1986,2223,3.680598672325104e-05,0.0008629259409311104,0.9978915437713236,0.0008728996419146803,4.0456461603248105e-05,0.0002953681975040726,3,2324,0.0008289685567879689,0.057579997372754654,0.8957624163917763,0.032899043693889705,0.011671080509938269,0.0012584934748530725,3,0.0007921625700647179,0.05671707143182354,-0.10212912737954727,0.03202614405197503,0.011630624048335021,0.0009631252773489999,0.12169123917209217,3,0.017528320190632773,0.4415294968313702,0.42400117664073744
tm249360,ali alipour_1995,2223,0.2537572198158985,0.035028167105580946,0.0067077065866312496,0.03703968785883545,0.41400351716907036,0.25346370146398345,5,2324,0.5138897859265623,0.026060674028789442,0.041949658594798336,0.016602098981160135,0.3281845408730255,0.07331324159566426,1,0.2601325661106638,-0.008967493076791504,0.035241952008167085,-0.020437588877675314,-0.08581897629604485,-0.18015045986831918,0.27708113395967815,1,1.3340296862176608,1.1954705267292574,-0.13855915948840347
tm257707,joao graca_1995,2223,0.002118272130147875,0.3317078529020425,0.015981779837560193,0.6401835801896122,0.008167251530627582,0.0018412634100096927,4,2324,0.0009987594319678598,0.3453849557125687,0.049441804320749995,0.5455753040224964,0.04230223942760862,0.01629693708460832,4,-0.0011195126981800153,0.013677102810526198,0.0334600244831898,-0.09460827616711576,0.03413498789698104,0.01445567367459863,0.10688223896619604,4,0.781570022090279,1.054208378959804,0.272638356869525
tm261927,ricardo horta_1994,2223,0.022401989547740805,0.019946090854957462,0.0031649908084540245,0.019855953017420182,0.8750597510132743,0.0595712247581529,5,2324,0.34765319405115463,0.009761274363752433,0.008259722680754375,0.027552149577636804,0.5587541486033817,0.04801951072331985,5,0.3252512045034138,-0.010184816491205029,0.005094731872300351,0.007696196560216622,-0.3163056024098926,-0.01155171403483305,0.4539014192179952,1,0.5440303886400162,1.0220909056988843,0.4780605170588681
tm264848,ruben lameiras_1994,2223,0.08388924039657066,0.2990165844059454,0.02477271781485445,0.23203653368176436,0.3196151726378575,0.040669751063007645,5,2324,0.018507006408747428,0.02299864218208005,0.023028928013953,0.1534666487282272,0.7701780569476725,0.011820717719319805,5,-0.06538223398782322,-0.2760179422238654,-0.0017437898009014519,-0.07856988495353714,0.450562884309815,-0.028849033343687838,0.5381857683855985,5,1.4942722541763314,0.7886528382558019,-0.7056194159205295
tm268179,moustapha seck_1996,2223,0.00033797225922405934,0.032674582281757146,0.5569725182170857,0.40555967105077656,0.0010798600164952535,0.0033753961746614586,3,2324,0.0009852170506425032,0.2032180592623554,0.17722579376790054,0.5908661919389202,0.021223208175735832,0.0064815298044455,4,0.000647244791418444,0.17054347698059824,-0.37974672444918517,0.18530652088814364,0.020143348159240577,0.003106133629784042,0.4561110965050835,3,0.8330474891008086,1.0626210291795475,0.22957354007873887
tm271256,jhonder cadiz_1995,2223,0.9264525537418996,0.0023360407445119423,0.0008203225761829225,0.0017260419797084899,0.04017674460906776,0.02848829634862935,1,2324,0.7632158078822968,0.007220866590072226,0.005944166128020041,0.004332995555648433,0.04774918334749157,0.17153698049647087,1,-0.1632367458596028,0.004884825845560284,0.005123843551837118,0.002606953575939943,0.007572438738423809,0.14304868414784153,0.16358633356888952,1,0.3322543870927903,0.743535690092949,0.41128130300015864
tm27178,ruben fernandes_1986,2223,0.0005147080501153212,0.009673198414398235,0.9768956554091368,0.007005898650170471,0.00044961530045159524,0.005460924175727503,3,2324,8.721632902161444e-05,0.0009253728626754079,0.9977347786851775,0.000872622306332506,0.00022032335157924534,0.00015968646521391608,3,-0.0004274917210937068,-0.008747825551722828,0.02083912327604065,-0.006133276343837965,-0.0002292919488723499,-0.005301237710513587,0.023423191786703573,3,0.13827449606117675,0.018939893884955497,-0.11933460217622126
tm282721,oriol busquets_1999,2223,0.0007242778979275208,0.1501021336259431,0.2830027070190724,0.5564130270149596,0.0027497627899185123,0.007008091652178832,4,2324,0.006487234867260632,0.5173978044699327,0.09841954098686229,0.25946409567911305,0.11365078142539138,0.004580542571439981,2,0.005762956969333111,0.36729567084398956,-0.1845831660322101,-0.2969489313358466,0.11090101863547287,-0.0024275490807388507,0.5191223077773947,2,1.024302599989452,1.223676155560108,0.19937355557065595
tm288253,jerry st juste_1996,2223,0.0024163295296725554,0.07422285986917625,0.7360672561482069,0.17240606661970648,0.006829601712638278,0.008057886120599465,3,2324,0.00036310373765657323,0.02387481444580414,0.9641732413926919,0.007420907451080128,0.0020077472862114884,0.002160185686555861,3,-0.002053225792015982,-0.05034804542337211,0.228105985244485,-0.16498515916862636,-0.004821854426426789,-0.005897700434043604,0.2860329263292441,3,0.8091223542940249,0.1893399940002974,-0.6197823602937275
tm290391,nuno santos_1995,2223,0.039480026262884854,0.0897809653087692,0.014488012442711693,0.19651045477427376,0.5143290960122735,0.14541144519908702,5,2324,0.06300483918716658,0.05145269706359241,0.03853879813021381,0.10310674807460021,0.45276402017206485,0.2911328973723623,5,0.023524812924281727,-0.03832826824517679,0.024050785687502116,-0.09340370669967354,-0.06156507584020865,0.14572145217327528,0.1229448016405416,4,1.347437040553955,1.4046017771794723,0.05716473662551724
tm291399,nanu_1994,2223,0.00025563579990620067,0.008482826323310941,0.9487380359354763,0.03763619581997243,0.0022703294213715277,0.0026169766999623372,3,2324,0.012771230068513906,0.08537079748204461,0.03517709846022485,0.16128133645547926,0.6997108494575085,0.005688688076228768,5,0.012515594268607705,0.07688797115873366,-0.9135609374752515,0.12364514063550683,0.697440520036137,0.0030717113762664307,1.158608383570788,3,0.2453202312795863,0.9570559724286781,0.7117357411490919
tm291939,samu_1996,2223,0.0011022182278914603,0.19700287478571504,0.005137300064768246,0.787888858699022,0.006049691417942121,0.0028190568046610434,4,2324,0.005807506512922685,0.3602332315588113,0.021978844816456945,0.37643757667330263,0.22242863906402927,0.01311420137447719,4,0.0047052882850312245,0.16323035677309627,0.016841544751688697,-0.4114512820257194,0.21637894764608714,0.010295144569816147,0.4930131166660547,4,0.5899082045006044,1.2405698224061805,0.6506616179055761
tm291941,carraca_1993,2223,0.0023250230501914862,0.06636704495146922,0.6423304234674453,0.2376741210862173,0.007419647489318208,0.04388373995535853,3,2324,0.004264903448755886,0.0920263249186946,0.29079966473760466,0.3989527787870088,0.19427941182637973,0.019676916281556288,4,0.0019398803985644,0.025659279967225376,-0.35153075872984063,0.1612786577007915,0.18685976433706153,-0.024206823673802245,0.4303061852628264,3,0.9935285638441594,1.3642113366856201,0.3706827728414607
tm291968,neto_1991,2223,0.00011653251755798425,0.020008949672919055,0.0021760697285110515,0.9764377388997543,0.0006164201268386725,0.0006442890544189303,4,2324,2.141904091723874e-05,0.9766104060936464,0.0011947892778287666,0.02160219152947596,0.0005101367425560688,6.105731557593318e-05,2,-9.51134766407455e-05,0.9566014564207272,-0.0009812804506822849,-0.9548355473702783,-0.00010628338428260366,-0.0005832317388429971,1.351591007739475,2,0.12523442318964415,0.11868814993044158,-0.006546273259202567
tm295327,saviour godwin_1996,2223,0.9633939304418528,0.020909029251395886,0.0008608301491820707,0.003763631900619612,0.007322298979788876,0.0037502792771607414,1,2324,0.05581166224815238,0.11128380324893165,0.06521094951700397,0.10552155489623724,0.5080672654666643,0.15410476462301068,5,-0.9075822681937005,0.09037477399753577,0.0643501193678219,0.10175792299561763,0.5007449664868754,0.15035448534584994,1.0474322448405455,1,0.20083164106929588,1.4529659659784377,1.252134324909142
tm295414,adrian marin_1997,2223,7.173926411776592e-05,0.0034564308325003425,0.9881630222092223,0.0068851636647417865,0.00019305297106515538,0.0012305910583527624,3,2324,0.0001076638616875734,0.003498817463477538,0.9839565241460168,0.010236643301730144,0.0014633609442875626,0.0007369902828004655,3,3.592459756980748e-05,4.2386630977195566e-05,-0.004206498063205499,0.003351479636988358,0.0012703079732224072,-0.0004936007755522968,0.005526645570590519,3,0.0762139795596755,0.09845403623912162,0.02224005667944612
tm299400,pedro sa_1993,2223,0.004904908261910639,0.5455721863444724,0.08838697705653802,0.3391822099143398,0.004710278777451884,0.017243439645287257,2,2324,0.00047546027561756705,0.05474206924613888,0.020706430875380433,0.8508897656254854,0.07152707336491687,0.001659200612460996,4,-0.004429447986293072,-0.49083011709833346,-0.06768054618115758,0.5117075557111456,0.06681679458746499,-0.01558423903282626,0.7154184697101589,4,1.03306614530463,0.5796377369983465,-0.4534284083062834
tm302371,toni martinez_1997,2223,0.5134776198123643,0.013971796948766548,0.003192898060102878,0.009142680271163,0.21972158949803736,0.24049341540956598,1,2324,0.38785100256343813,0.010061950344451315,0.007179548275120707,0.0043198020762264975,0.023377327248585857,0.5672103694921775,6,-0.12562661724892615,-0.003909846604315233,0.003986650215017829,-0.004822878194936503,-0.1963442622494515,0.32671695408261153,0.23321139919433387,5,1.1388825164477812,0.8820105168029526,-0.25687199964482854
tm306668,amine oudrhiri_1992,2223,0.0016990163607286746,0.3076697183940871,0.22058546710436552,0.4545334107410923,0.005453403487958205,0.01005898391176825,4,2324,0.00018916266408911032,0.11298575428479786,0.0158557915783233,0.8601719357966573,0.010222591524934663,0.000574764151197736,4,-0.0015098536966395642,-0.19468396410928923,-0.2047296755260422,0.40563852505556497,0.004769188036976458,-0.009484219760570513,0.49435182182761,4,1.1399801217720331,0.49439829476011304,-0.64558182701192
tm307058,mehdi taremi_1992,2223,0.4286238940425866,0.011964801666563258,0.005367269274958812,0.01122405173681744,0.3140430674787022,0.22877691580037157,1,2324,0.6951602803435557,0.014788472585329015,0.01176054627561341,0.012887540730107507,0.17018536413429022,0.09521779593110409,1,0.2665363863009691,0.0028236709187657565,0.006393277000654599,0.0016634889932900677,-0.14385770334441197,-0.1335591198692675,0.3029658369153256,1,1.195703272903217,0.9487074026016339,-0.2469958703015832
tm308371,mikel villanueva_1993,2223,0.0002387734769923058,0.004210033433253085,0.985972660491599,0.007456692768159826,0.0003520961525551098,0.0017697436774405145,3,2324,0.00021925278356966677,0.0052277138926040525,0.9909585846757644,0.002329761315399061,0.0008372402207019932,0.0004274471119607602,3,-1.9520693422639027e-05,0.0010176804593509678,0.004985924184165325,-0.005126931452760764,0.0004851440681468834,-0.0013422965654797544,0.007239909214432655,4,0.08949207727740047,0.061684118148185134,-0.027807959129215333
tm314367,marcus edwards_1998,2223,0.09385194680012866,0.04860982262798005,0.00779088761147013,0.04661351140287539,0.7605215339091861,0.042612297648359755,5,2324,0.7777638105183139,0.002120387194624322,0.0031464318915547223,0.0049871759451309275,0.1838943750539542,0.028087819396421968,1,0.6839118637181852,-0.04648943543335572,-0.004644455719915408,-0.04162633545774446,-0.5766271588552319,-0.014524478251937787,0.896744059385634,1,0.8924450844376703,0.6648422923588166,-0.2276027920788537
tm314942,bruno lourenco_1998,2223,0.010831735068795164,0.43748568577861197,0.00869638944356608,0.5045363878512803,0.03396441629920779,0.004485385558538642,4,2324,1.2292334024937806e-40,1.2999736796864104e-40,6.299433910984074e-41,7.385976573456167e-40,1.0,2.3780969510394466e-41,5,-0.010831735068795164,-0.43748568577861197,-0.00869638944356608,-0.5045363878512803,0.9660355837007922,-0.004485385558538642,1.1744651525597876,5,0.9362498806312558,1.3815510557964273e-10,-0.9362498804931007
tm314944,ricardo mangas_1998,2223,0.6064722072003341,0.11512454127615725,0.011213029195418788,0.10478412316170951,0.1424375998203758,0.019968499346004462,1,2324,0.005050365731328546,0.051409838206079535,0.031184399159024153,0.5222173930706385,0.37595525745209313,0.014182746380836065,4,-0.6014218414690056,-0.0637147030700777,0.019971369963605365,0.41743326990892904,0.23351765763171733,-0.0057857529651683965,0.7713285173349718,1,1.1946340631039292,1.0548498553412788,-0.13978420776265033
tm329722,andre horta_1996,2223,0.0011656660353002,0.26803224116022023,0.015665259525465932,0.6766384756339787,0.03139642213616223,0.007101935508872722,4,2324,0.17430305741944385,0.06378343269660124,0.029510347437345652,0.2020605739256524,0.4184725889063814,0.11186999961457543,5,0.17313739138414366,-0.20424880846361898,0.01384508791187972,-0.4745779017083263,0.38707616677021917,0.1047680641057027,0.6685341892415124,4,0.8339954820397103,1.516739186369842,0.6827437043301318
tm332612,emmanuel boateng_1996,2223,0.9977686926152758,0.00045933147353469735,7.315912709793344e-05,0.00010219315068170812,0.0009680590662819101,0.0006285645671279477,1,2324,0.938844970772946,0.0020252807474501994,0.0017505059142694155,0.001478377959114418,0.02056811957227259,0.0353327450339472,1,-0.058923721842329746,0.001565949273915502,0.001677346787171482,0.0013761848084327098,0.01960006050599068,0.03470418046681925,0.06215566701106678,1,0.01874718307924078,0.29055514627175383,0.27180796319251305
tm340376,abel ruiz_2000,2223,0.06411259682860736,0.006644143692556714,0.0031910395806944063,0.006666039302475101,0.9000503678265296,0.01933581276913694,5,2324,1.0,6.620568572907266e-42,1.1890976640687022e-41,4.4240180985067035e-42,1.2292334024937806e-40,2.3780969510394466e-41,1,0.9358874031713926,-0.006644143692556714,-0.0031910395806944063,-0.006666039302475101,-0.9000503678265296,-0.01933581276913694,1.298489375966765,1,0.43225501247664,1.3815510557964273e-10,-0.4322550123384849
tm340491,joca_1996,2223,0.0061718635592928825,0.5211041418033074,0.048646938244329085,0.34117056833588233,0.059461422925618485,0.02344506513156965,2,2324,0.8204844446483749,0.003769194430440199,0.005831050675454214,0.005721945593037989,0.1527652547552834,0.011428109897409326,1,0.814312581089082,-0.5173349473728672,-0.042815887568874875,-0.3354486227428443,0.09330383182966492,-0.012016955234160322,1.026550052971471,1,1.1408298370290948,0.5810462037394861,-0.5597836332896087
tm344395,jorge fernandes_1997,2223,0.00038855680474882213,0.005308886202563679,0.9878910273143938,0.0038437272002015753,0.00047812234911509815,0.002089680128977238,3,2324,6.8252804613905015e-06,0.0003661880603771827,0.9991372739750423,0.00042746622402957,4.448782456798023e-05,1.775863552146221e-05,3,-0.0003817315242874316,-0.004942698142186497,0.01124624666064844,-0.003416260976172005,-0.0004336345245471179,-0.002071921493455776,0.012763734790089841,3,0.08082325694019414,0.007797116180809343,-0.0730261407593848
tm344399,leonardo ruiz_1996,2223,0.9557328354217035,0.010404816790236908,0.0016866598081224876,0.0022542869420494513,0.011644370792376329,0.01827703024551131,1,2324,0.3393463377479961,0.02090904529268679,0.014297142938866005,0.010501974245409105,0.6040535666517686,0.01089193312327357,5,-0.6163864976737075,0.010504228502449881,0.012610483130743517,0.008247687303359653,0.5924091958593922,-0.007385097122237739,0.8551130669685194,1,0.2402829558638358,0.9099167699534623,0.6696338140896265
tm344474,ilija vukotic_1999,2223,0.00012680337967023043,0.0637847974290826,0.02275132279393475,0.9118191591722706,0.0004626278791386665,0.0010552893459031608,4,2324,0.0009190049669589665,0.39194283578919054,0.03208045605540032,0.5604393683089454,0.013205651285823827,0.0014126835936808882,4,0.0007922015872887361,0.32815803836010793,0.009329133261465575,-0.35137979086332527,0.01274302340668516,0.0003573942477777274,0.4810462561166199,4,0.35771867120881906,0.8748022171912693,0.5170835459824502
tm344519,bruno costa_1997,2223,0.003617988983133894,0.16094296125367122,0.04029565205807473,0.46820612612387025,0.2616394069570827,0.06529786462416708,4,2324,0.0016368908265770297,0.05720105445833704,0.04308906849745956,0.8021711297003636,0.08188022393472057,0.01402163258254225,4,-0.0019810981565568644,-0.10374190679533418,0.002793416439384834,0.3339650035764934,-0.17975918302236216,-0.05127623204162483,0.39321762250127584,4,1.3280292346725868,0.7512190208663648,-0.576810213806222
tm344869,simon banza_1996,2223,0.6032711595997846,0.0181461673593038,0.00415242989287948,0.011317838425557846,0.07024525870544142,0.29286714601703284,1,2324,0.28978429909154957,0.006338490683382921,0.004706168087612038,0.003981774778539261,0.02549406101017523,0.669695206348741,6,-0.31348686050823504,-0.011807676675920878,0.000553738194732558,-0.007336063647018585,-0.044751197695266184,0.3768280603317082,0.3169703883500396,1,0.9973375001846975,0.8002834322087422,-0.19705406797595526
tm345061,murilo costa_1994,2223,0.08916859363512235,0.34367241167667767,0.02480503301994526,0.1942715925982298,0.3071515719289973,0.04093079714102761,2,2324,0.04291368100673974,0.010852208344157193,0.008531129477723191,0.026686905464335504,0.8975537006488169,0.013462375058227555,5,-0.046254912628382605,-0.3328202033325205,-0.016273903542222072,-0.1675846871338943,0.5904021287198196,-0.027468422082800058,0.699880665244955,5,1.4859918506517296,0.4765536882360086,-1.009438162415721
tm356099,cristian borja_1993,2223,0.00025936784459158833,0.007880107399246921,0.9568604701165587,0.03018974617962339,0.0007183809291655415,0.004091927530813792,3,2324,0.004936474023374403,0.02019883861084096,0.8394218907308941,0.08215227137477145,0.04349189642139251,0.009798628838726675,3,0.004677106178782814,0.01231873121159404,-0.1174385793856646,0.05196252519514806,0.04277351549222697,0.005706701307912883,0.13599677952515762,3,0.215875830486956,0.6389625978813525,0.42308676739439643
tm357149,paulo estrela moreira_1999,2223,0.00014085829564198022,0.012455456929876438,0.0094144973721013,0.9759938842070058,0.0005898739405544753,0.0014054292548198342,4,2324,0.0015570016071603345,0.6235293070927819,0.030983914914624634,0.28468252324115795,0.04944878738478095,0.009798465759494404,2,0.0014161433115183542,0.6110738501629054,0.021569417542523332,-0.6913113609658479,0.04885891344422648,0.008393036504674569,0.9242170128337407,4,0.13712882103045318,0.9639192223986963,0.8267904013682431
tm357162,florentino luis_1999,2223,0.001469939383716334,0.03734945636073184,0.3254722905804843,0.5924185024620425,0.005380600661064043,0.03790921055196087,4,2324,0.0006061645397267681,0.7582512513796796,0.04643058990423384,0.1773642780205779,0.0043006022628134365,0.013047113892968438,2,-0.0008637748439895659,0.7209017950189478,-0.2790417006762505,-0.41505422444146467,-0.0010799983982506065,-0.024862096658992434,0.8774027527356307,2,0.9600367357271145,0.7436701582681332,-0.21636657745898125
tm358177,andre pereira_1995,2223,0.4438073121311533,0.11718648391689812,0.015717712570773607,0.03254605842206329,0.2694274745355335,0.12131495842357828,1,2324,0.14826908656600774,0.07635549400614763,0.043597153868928956,0.026787281156351525,0.5842172523695572,0.12077373203300701,5,-0.2955382255651456,-0.04083098991075049,0.02787944129815535,-0.005758777265711765,0.31478977783402373,-0.0005412263905712755,0.43464128140200176,5,1.397768384158094,1.2822659007032533,-0.1155024834548406
tm361504,rafa mujica_1998,2223,0.45618157974223067,0.08141700729931294,0.024820913574602657,0.033628601383415675,0.20941869562603685,0.19453320237440122,1,2324,0.34466459945154987,0.007833173402940541,0.005633539882818493,0.0046015344861355155,0.026808965903548358,0.6104581868730072,6,-0.1115169802906808,-0.0735838338963724,-0.019187373691784165,-0.02902706689728016,-0.18260972972248848,0.41592498449860604,0.22892718671055357,5,1.4139590014100518,0.8573669124490455,-0.5565920889610063
tm367652,rodrigo abascal_1994,2223,3.526491344882741e-05,0.0007081833681664245,0.9957407200464298,0.003015213102084329,9.916547887687983e-05,0.00040145309099354106,3,2324,8.69519954404664e-05,0.0023374097841347254,0.9936186801949113,0.002989152405040912,0.0007455827284759218,0.00022222289199660812,3,5.168708199163899e-05,0.001629226415968301,-0.002122039851518487,-2.606069704341697e-05,0.000646417249599042,-0.00017923019899693295,0.0027529325856031975,3,0.03130233480717517,0.045949363638347555,0.014647028831172387
tm373187,maracas_1994,2223,1.620627318922771e-05,0.0005268444020149215,0.9985265486206176,0.0008059523006249212,2.1699213061130374e-05,0.00010274919049212824,3,2324,0.009176767742041856,0.040899326073819,0.883932712944989,0.028448414768536833,0.022235229373488874,0.015307549097124451,3,0.009160561468852628,0.04037248167180408,-0.11459383567562864,0.02764246246791191,0.022213530160427743,0.015204799906632323,0.1268981756807241,3,0.01254583232157478,0.5327163346793495,0.5201705023577747
tm375376,pedro alvaro_2000,2223,0.0001233892149303388,0.0021069174935737455,0.9937129379396257,0.0035596510659530764,8.971621916723513e-05,0.0004073880667497333,3,2324,0.0003884010001564871,0.006128611357971268,0.9843431433806284,0.006713244528311466,0.0016357439261545706,0.0007908558067778071,3,0.0002650117852261483,0.004021693864397522,-0.009369794558997224,0.0031535934623583895,0.0015460277069873356,0.00038346774002807383,0.010787615874680443,3,0.04444738402823876,0.09954176695701675,0.05509438292877799
tm375380,benny_2000,2223,0.008767908698168033,0.23262254207515867,0.01949682811828596,0.49925658333981837,0.22164577891292192,0.018210358855646987,4,2324,0.025492794425237504,0.03583095928107592,0.03196536236212656,0.12402466077836953,0.7693166407558822,0.013369582397308274,5,0.01672488572706947,-0.19679158279408276,0.0124685342438406,-0.3752319225614488,0.5476708618429603,-0.004840776458338712,0.6927513852951475,5,1.2112373978153161,0.8411970505381903,-0.37004034727712587
tm375383,romario baro_2000,2223,0.011841836957301734,0.25406162388704656,0.17536519205549386,0.5047952838301444,0.037232095629338796,0.01670396764067469,4,2324,0.0029673349033189126,0.22720385413301974,0.08203704546725844,0.5709821219269945,0.10689098305524948,0.009918660514158817,4,-0.008874502053982821,-0.026857769754026817,-0.09332814658823542,0.06618683809685011,0.06965888742591068,-0.006785307126515873,0.13690616371491815,3,1.2418811196711457,1.1638432955616835,-0.07803782410946214
tm377641,al musrati_1996,2223,0.000401456507477061,0.02272697637198777,0.01738675212320318,0.9559210105464157,0.0017419172493333857,0.0018218872015829549,4,2324,0.003475182815152017,0.7433600377910399,0.016427815559003522,0.21255285826176007,0.020185337387185604,0.003998768185858717,2,0.003073726307674956,0.7206330614190521,-0.0009589365641996563,-0.7433681522846556,0.018443420137852218,0.0021768809842757624,1.0354992738483344,4,0.22524613358992945,0.7376483799858279,0.5124022463958984
tm379249,matheus reis_1995,2223,0.0008658034581888656,0.14960203615212322,0.4139092904553981,0.42740675312133325,0.005074679467195868,0.003141437345760583,4,2324,0.004765879041348249,0.047579219904110535,0.4865674151014574,0.3412144937650071,0.10391980477868333,0.015953187409393343,3,0.003900075583159384,-0.10202281624801268,0.07265812464605931,-0.08619225935632613,0.09884512531148747,0.012811750063632759,0.18139055397843695,2,1.0636491279215614,1.1890820620852618,0.12543293416370038
tm383014,goncalo costa_2000,2223,0.007515132094718875,0.05107108355768019,0.6236335277337929,0.12922451406003846,0.007776723439804833,0.18077901911396474,3,2324,0.0064121583714264576,0.3021232272388073,0.10096721080239036,0.41290097784474106,0.10406696954243982,0.07352945620019499,4,-0.0011029737232924174,0.2510521436811271,-0.5226663169314025,0.28367646378470257,0.096290246102635,-0.10724956291376975,0.6526504591681986,3,1.094550281823854,1.4181316890165203,0.32358140719266637
tm383654,joao correia_1996,2223,0.005992206672138569,0.16737813366851523,0.27529590876189797,0.48947948997654117,0.017983401568153128,0.0438708593527539,4,2324,0.029208661715578527,0.033722010508262124,0.04075413352199979,0.11222390270915553,0.7662785123311244,0.017812779213879564,5,0.023216455043439957,-0.1336561231602531,-0.23454177523989816,-0.3772555872673856,0.7482951107629713,-0.026058080138874336,0.8807270623138154,5,1.244074505203571,0.8691287118332395,-0.3749457933703316
tm387110,petar musa_1998,2223,0.07807660996172956,0.01024749775658152,0.005200658199432516,0.009761016832993524,0.04475315575777089,0.851961061491492,6,2324,0.14234934507294109,0.012017185072686586,0.008102849405382213,0.008127145913048913,0.023744521075973246,0.8056589534599679,6,0.06427273511121152,0.0017696873161050664,0.0029021912059496967,-0.0016338709199446109,-0.021008634681797644,-0.046302108031524125,0.06772422942378088,1,0.5941050332771944,0.6716835409946001,0.07757850771740571
tm38780,vitor gomes_1987,2223,0.0007634419970902734,0.11063562823463555,0.05710748893552601,0.8234680271908619,0.005440792420959451,0.0025846212209269144,4,2324,3.901360135821576e-05,0.9830011567268053,0.0021208460792073447,0.013365369113112719,0.0012839150525991647,0.00018969942691732234,2,-0.0007244283957320576,0.8723655284921698,-0.054986642856318664,-0.8101026580777492,-0.0041568773683602865,-0.002394921794009592,1.191775678240088,2,0.6162436364577882,0.09815197724447844,-0.5180916592133098
tm392655,bogdan milovanov_1998,2223,0.00014124160280769968,0.0032112683709398277,0.9869057384461676,0.00740262767522741,0.00027237215827481096,0.0020667517465827907,3,2324,0.00039433523335475517,0.030541188429788813,0.8837678599118614,0.07366155433756122,0.0051914204699955975,0.006443641617438357,3,0.00025309363054705546,0.027329920058848985,-0.10313787853430623,0.06625892666233381,0.004919048311720787,0.004376889870855567,0.12569348819292023,3,0.08402506902970046,0.4707847180238182,0.38675964899411774
tm394328,rafik guitane_1999,2223,0.0018689607214031976,0.12018402595826465,0.03100250163382394,0.8242492612048988,0.01855634982195031,0.004138900659659008,4,2324,0.03859607295699592,0.0036563090452897363,0.0037879300479947936,0.01380346784298262,0.9357145640376989,0.004441656069038093,5,0.036727112235592725,-0.11652771691297491,-0.027214571585829146,-0.8104457933619162,0.9171582142157486,0.00030275540937908536,1.230312885558045,5,0.6300795418146322,0.3126034597164653,-0.3174760820981669
tm401931,jo_1995,2223,0.8545825990914757,0.026168373659499082,0.007066288322660983,0.00827228063337182,0.03962934138529055,0.06428111690770198,1,2324,0.3858320065160642,0.02148882763662206,0.013652885879076324,0.012363182154730491,0.11601807288063437,0.4506450249328725,6,-0.4687505925754115,-0.004679546022877023,0.0065865975564153405,0.004090901521358671,0.07638873149534382,0.3863639080251705,0.4750203924389721,1,0.6086368724196279,1.1720069475781254,0.5633700751584975
tm402112,morlaye sylla_1998,2223,0.0011661788425618267,0.17790031063580536,0.008708126003678516,0.7978944199390812,0.012717479389387505,0.0016134851894855178,4,2324,0.00495006540792848,0.7514519279470137,0.01595689128131458,0.16926606145797887,0.05372242829813345,0.004652625607630975,2,0.0037838865653666534,0.5735516173112083,0.007248765277636064,-0.6286283584811023,0.041004948908745946,0.0030391404181454567,0.8519878749357568,4,0.6023643999601883,0.789761019203392,0.18739661924320372
tm409884,miguel nobrega_2000,2223,0.0009856563391834874,0.024396159305495865,0.9058411725534649,0.060334639549690657,0.005044353902049613,0.003398018350115494,3,2324,3.5739097197986525e-06,0.00018709341502737254,0.9995089972029544,0.00026001501624692335,2.968884991663835e-05,1.0631606134876632e-05,3,-0.0009820824294636888,-0.024209065890468492,0.09366782464948953,-0.060074624533443734,-0.005014665052132974,-0.003387386743980617,0.11399478983784367,3,0.402402536099977,0.004719310029636674,-0.39768322607034035
tm410183,joao othavio basso_1997,2223,1.7963177731372805e-05,0.00041331264125497836,0.9982501152880314,0.0011378132947145092,4.157043796110903e-05,0.00013922516030686482,3,2324,1.7174160066722787e-05,0.0005244217663611013,0.9987153290259801,0.0005941737953388717,0.00010641896808331773,4.248228416999252e-05,3,-7.890176646500183e-07,0.00011110912510612291,0.000465213737948722,-0.0005436394993756375,6.484853012220869e-05,-9.674287613687231e-05,0.0007269930669183511,4,0.014533325855201548,0.011248255159000825,-0.003285070696200723
tm410281,renato pantalon_1997,2223,0.0010865161226725696,0.010813244305854333,0.9295196238249337,0.048289252706653074,0.0022416554668094443,0.008049707573076745,3,2324,0.000514832432468307,0.007351988036935862,0.9848509327524794,0.0037086902677106086,0.002589250888222132,0.0009843056221835813,3,-0.0005716836902042626,-0.003461256268918471,0.055331308927545675,-0.04458056243894246,0.00034759542141268775,-0.007065401950893164,0.07114357479622248,3,0.32313752301203047,0.0980459256405569,-0.22509159737147355
tm412669,francisco trincao_1999,2223,0.18942650917031217,0.026399871456331315,0.007936979037112555,0.029537961434132506,0.6799589234651144,0.06673975543699716,5,2324,0.48317464297569335,0.014200247920152703,0.014920166660046854,0.0324135541548702,0.24115888017897927,0.21413250811025766,1,0.2937481338053812,-0.012199623536178612,0.0069831876229343,0.0028755927207376915,-0.4388000432861352,0.14739275267326052,0.5282417144256552,5,0.9964639614742457,1.2587694787079453,0.26230551723369966
tm413118,sikou niakate_1999,2223,0.004458011644772721,0.025538208246445326,0.8656146988836951,0.07291667061176771,0.0057006282619085314,0.025771782351410602,3,2324,0.00022807686104323288,0.002851582556953473,0.9932975211583587,0.002211487017648393,0.0009523772136796773,0.00045895519231646634,3,-0.004229934783729488,-0.022686625689491854,0.12768282227466354,-0.07070518359411931,-0.004748251048228854,-0.025312827159094137,0.14784196735896124,3,0.5573857549032519,0.04897679081413244,-0.5084089640891195
tm415525,kanya fujimoto_1999,2223,0.002071149101822086,0.3693775665420815,0.07915608125865313,0.5273995003036153,0.012632891939292172,0.00936281085453589,4,2324,0.09921341890660253,0.10885224309384213,0.04498322252826906,0.06653785550069956,0.6467875015640534,0.03362575840653329,5,0.09714226980478044,-0.26052532344823937,-0.03417285873038407,-0.4608616448029157,0.6341546096247612,0.024262947551997403,0.8324802541641594,5,1.017828055264041,1.1863735434259135,0.16854548816187243
tm415642,joao queiros_1998,2223,0.0003645851872205464,0.006061913523270977,0.982293518738282,0.007723462511142743,0.0007526809178295367,0.002803839122254362,3,2324,0.014030766664020117,0.051269401883505955,0.8484846084076922,0.02454104091538546,0.05089815170825488,0.010776030421141305,3,0.01366618147679957,0.04520748836023498,-0.13380891033058973,0.016817578404242715,0.05014547079042535,0.007972191298886943,0.15143548193218673,3,0.11083930048860183,0.6429499648923156,0.5321106644037138
tm425028,jose luis rodriguez_1998,2223,0.3676466830327424,0.04489174202907499,0.003268702957336746,0.032784152582064144,0.46005406903157725,0.09135465036720451,5,2324,0.0324155108427908,0.018114384480326092,0.012463868189396198,0.05567130318193438,0.8389232619813587,0.04241167132419387,5,-0.3352311721899516,-0.0267773575487489,0.009195165232059451,0.02288715059987024,0.37886919294978144,-0.04894297904301064,0.5071954295710749,5,1.2137623204941315,0.6806423870298243,-0.5331199334643072
tm426620,pedro goncalves_1998,2223,0.004589954836557414,0.004426554783448471,0.0014107855033037024,0.011497278435077614,0.959796413823816,0.0182790126177966,5,2324,0.33897949417312423,0.014363492548524235,0.015480295791949863,0.02715731893254844,0.1874939524175589,0.4165254461362943,6,0.3343895393365668,0.009936937765075763,0.014069510288646161,0.01566004049747083,-0.772302461406257,0.3982464335184977,0.8419081818299287,5,0.221843923867453,1.268778290807814,1.046934366940361
tm429309,jordan holsgrove_1999,2223,0.00011773724522580383,0.4551212411457477,0.0006302253695643783,0.543255424912017,0.0007463581564291832,0.0001290131710159637,4,2324,0.0036140609154170335,0.11514321393809063,0.013024237062641891,0.6730389903198808,0.18733282468935478,0.007846673074614965,4,0.0034963236701912297,-0.3399780272076571,0.012394011693077512,0.12978356540786384,0.1865864665329256,0.007717659903599002,0.4091566669776812,2,0.7019877615076169,0.9440371940035996,0.24204943249598276
tm445517,heriberto tavares_1997,2223,0.017741910580341917,0.3166541062686084,0.0868796034021828,0.1962690304806232,0.05561490749550739,0.32684044177273647,6,2324,0.01723040248020274,0.004128523087420486,0.0015642091879774088,0.005942221453243287,0.9682959275883073,0.0028387162028489345,5,-0.0005115081001391755,-0.3125255831811879,-0.08531539421420539,-0.19032680902737992,0.9126810200927999,-0.32400172556988754,0.986996533400894,5,1.4937015103635602,0.18104568884084235,-1.312655821522718
tm448264,afonso freitas_2000,2223,0.0002611947366805947,0.0200485001277859,0.09472552323352332,0.8816931579903052,0.0023228467455093603,0.0009487771661954685,4,2324,0.0018476772777241738,0.11824608764327833,0.035946444170241176,0.7713736759896344,0.06683807721097815,0.005748037708143748,4,0.001586482541043579,0.09819758751549243,-0.05877907906328214,-0.11031948200067088,0.06451523046546878,0.004799260541948279,0.17156009538104222,4,0.43548980540359244,0.7943486201219954,0.3588588147184029
tm448470,andre franco_1998,2223,0.006944859225996442,0.42392634588027284,0.012895998060654695,0.47677619209827243,0.06725972047802221,0.012196884256781273,4,2324,0.0032612811799433363,0.3333423677576341,0.025208844970012776,0.33633635321572286,0.2855334352056496,0.0163177176710373,4,-0.003683578046053106,-0.09058397812263874,0.01231284690935808,-0.14043983888254957,0.2182737147276274,0.004120833414256028,0.2752042785370742,5,1.0428798285463754,1.269189448765155,0.22630962021877954
tm448920,enea mihaj_1998,2223,0.00033750202616833995,0.00791516423968931,0.9834046503432381,0.004913423561843375,0.0002990283907010818,0.003130231438359949,3,2324,7.52822737097221e-05,0.0014054625267177756,0.9970309551137131,0.0009976402902440763,0.0003349436284057076,0.00015571616720970664,3,-0.0002622197524586178,-0.006509701712971535,0.013626304770474995,-0.0039157832715992985,3.591523770462581e-05,-0.002974515271150242,0.015603070397288792,3,0.10405238076846011,0.023848718957891493,-0.08020366181056862
tm450173,gaius makouta_1997,2223,0.0007411193449267426,0.1754708243940361,0.012694923459945969,0.8018814863022492,0.007150500828295422,0.0020611456705465726,4,2324,0.0021375030141520925,0.15587819083867108,0.024157239901872945,0.46206432438190925,0.35359020483206033,0.0021725370313343015,4,0.0013963836692253498,-0.01959263355536503,0.011462316441926976,-0.33981716192033995,0.3464397040037649,0.00011139136078772887,0.4858120808718245,5,0.5912690642258049,1.1304681534879863,0.5391990892621814
tm452607,alexander bah_1997,2223,0.003174579646256362,0.03938873774436504,0.5171047772388256,0.37147645424138526,0.015535025982126692,0.053320425147041044,3,2324,0.013515495785163206,0.09089631046974228,0.3399773740281464,0.32594986743877596,0.15704223748717566,0.07261871479099664,3,0.010340916138906843,0.05150757272537724,-0.17712740321067927,-0.04552658680260929,0.14150721150504897,0.0192982896439556,0.23713085538714834,3,1.0755570829772831,1.4894972117601326,0.41394012878284947
tm454121,galeno_1997,2223,0.05416133469431724,0.09407254024779241,0.011551137248369854,0.32417729356599645,0.4484921133378558,0.06754558090566827,5,2324,0.19977820488392378,0.01934592689360999,0.017338969687310753,0.047201034391347006,0.5632852208691934,0.153050643274615,5,0.14561687018960653,-0.07472661335418242,0.005787832438940899,-0.27697625917464946,0.11479310753133759,0.08550506236894674,0.34163598217200025,4,1.338646684025904,1.223086401405612,-0.11556028262029194
tm454576,robert bozenik_1999,2223,0.9983594197271034,0.00023195918627671403,3.510752199603987e-05,7.930280864944568e-05,0.0005939093086960904,0.0007003014472782207,1,2324,0.8435941646084896,0.005818794034206704,0.003616308396193565,0.003185652852642363,0.0356910772713485,0.10809400283711947,1,-0.15476525511861383,0.00558683484792999,0.003581200874197525,0.0031063500439929173,0.03509716796265241,0.10739370138984125,0.15886403785892977,1,0.014188398936065945,0.5715113698682712,0.5573229709322053
tm461629,gustavo assuncao_2000,2223,0.0011873067717791761,0.05055071264090492,0.03929603765148528,0.895783083767809,0.004650323819803853,0.008532535348217655,4,2324,1.465237341498893e-05,0.6299962263675756,0.0015346706406573884,0.36773329756444184,0.0005464212466948406,0.00017473180721551393,2,-0.001172654398364187,0.5794455137266706,-0.03776136701082789,-0.5280497862033672,-0.004103902573109012,-0.008357803541002141,0.7848807667796307,2,0.4502783550199137,0.6746872884299411,0.22440893341002738
tm461937,nuno goncalo moreira_1999,2223,0.18865151594770363,0.41507332228366517,0.02221290829080446,0.25655257596798875,0.09704076695646335,0.020468910553374648,2,2324,0.013809219114837852,0.003193080130431886,0.0017494884830696815,0.013810837747311419,0.9655640016584986,0.001873372865850264,5,-0.17484229683286578,-0.41188024215323327,-0.02046341980773478,-0.24274173822067732,0.8685232347020353,-0.018595537687524383,1.0069210867192664,5,1.4191633134705208,0.19333639987527004,-1.2258269135952509
tm461939,tomas costa silva_1999,2223,0.00383348098642245,0.023826856761592696,0.4624739116091149,0.43606937397984796,0.022441291562417066,0.05135508510060478,3,2324,0.00134660490156288,0.12728363207974075,0.0841380937364162,0.7183296290817344,0.05591783032959428,0.012984209870951472,4,-0.0024868760848595697,0.10345677531814805,-0.37833581787269865,0.2822602551018864,0.03347653876717721,-0.03837087522965331,0.48439551015188753,3,1.066609324571366,0.9348486510835379,-0.13176067348782805
tm469822,david neres_1997,2223,0.005047936886799666,0.006021852083847326,0.0007230060863645262,0.008950390160085513,0.9702839246028201,0.008972890180082876,5,2324,0.3229794939907125,0.012909055751403628,0.012943789847726905,0.02105898534713343,0.13439149677424353,0.49571717828877987,6,0.31793155710391285,0.006887203667556302,0.012220783761362378,0.012108595187047915,-0.8358924278285765,0.48674428810869697,0.8945054639917941,5,0.17648694846833762,1.1763307591935759,0.9998438107252383
tm471582,zaydou youssouf_1999,2223,0.0014547835583299488,0.45630887173230444,0.041058430282968274,0.49367549998280014,0.002316405519518112,0.005186008924079022,4,2324,0.0003062392046438567,0.587485643544599,0.00678812438217421,0.36364956529657533,0.040601632586297204,0.001168794985710415,2,-0.0011485443536860922,0.13117677181229453,-0.034270305900794065,-0.1300259346862248,0.038285227066779094,-0.004017213938368607,0.19171755471615637,2,0.8884240343927661,0.8546856937272884,-0.03373834066547765
tm478365,moura_1999,2223,0.002468827292875122,0.04275411374737581,0.7263744331009444,0.21131155186096146,0.0053424100159139105,0.011748663981929341,3,2324,0.0032354357830879092,0.012475429363766968,0.8918159101782296,0.055991388762549874,0.025888850498120387,0.010592985414245363,3,0.0007666084902127872,-0.030278684383608843,0.16544147707728518,-0.15532016309841157,0.020546440482206475,-0.0011556785676839782,0.22985816939038597,3,0.7904410300577523,0.47951887049498365,-0.3109221595627687
tm479638,tiago gouveia_2001,2223,0.01060749385079276,0.06926039826924685,0.002402760765395897,0.07639455449509513,0.8379817878991764,0.003353004720293065,5,2324,0.22386972110518308,0.046255349994895056,0.017195378732057377,0.03377569846399723,0.11886322072717184,0.5600406309766954,6,0.2132622272543903,-0.02300504827435179,0.014792617966661481,-0.042618856031097906,-0.7191185671720046,0.5566876262564023,0.7517823567408538,5,0.6113328948692417,1.2393665674265573,0.6280336725573156
tm479648,felix correia_2001,2223,3.636499533270601e-41,4.5673423993599396e-41,6.687747809427578e-42,7.287544979436779e-41,1.0,1.8436131307022148e-41,5,2324,0.14922411903282484,0.005682679269782028,0.005223782006497475,0.014789268838664212,0.8108684526657559,0.014211698186475611,5,0.14922411903282484,0.005682679269782028,0.005223782006497475,0.014789268838664212,-0.1891315473342441,0.014211698186475611,0.2414888881772513,5,1.3815510557964273e-10,0.6334698945891727,0.6334698944510175
tm481627,sandro cruz_2001,2223,0.0008604707224036815,0.01888680582501551,0.8127982192768298,0.1497347286369352,0.005095053711834997,0.012624721826980493,3,2324,0.0005978507635370966,0.02683045691767206,0.3581706014743981,0.5853775179024054,0.027525904088251972,0.0014976688537353773,4,-0.00026261995886658483,0.007943651092656549,-0.4546276178024317,0.43564278926547023,0.022430850376416976,-0.011127052973245115,0.6301088987772246,3,0.6159366707543699,0.891365570250972,0.2754288994966021
tm481628,tiago araujo_2001,2223,0.004372004362649923,0.19851689025396968,0.20181264273162883,0.5514269201976836,0.01876362156299086,0.0251079208910771,4,2324,0.005879532265539145,0.08543082013752774,0.23640496854142867,0.2302597005160011,0.4321549009419662,0.009870077597536954,5,0.0015075279028892224,-0.11308607011644194,0.034592325809799845,-0.3211672196816825,0.4133912793789753,-0.015237843293540146,0.5366824887811584,5,1.1630610094113325,1.3276035026333783,0.16454249322204584
tm482145,abass issah_1998,2223,0.9011015925580306,0.041368165436585815,0.001300460748595669,0.00480408521264637,0.040597832512585655,0.010827863531555945,1,2324,0.09991995976873773,0.02671315945857536,0.01216218573199912,0.03039873464880511,0.1484961411223031,0.6823098192695796,6,-0.8011816327892929,-0.014655005978010456,0.01086172498340345,0.02559464943615874,0.10789830860971746,0.6714819557380236,0.8090252691166981,1,0.4389731857648734,1.0307859136007673,0.591812727835894
tm483573,martin agirregabiria_1996,2223,0.0013524784342293828,0.02254378860550182,0.6751424870417161,0.23765919621189444,0.016911724319045696,0.04639032538761275,3,2324,0.0001443346072795089,0.0036631700781836756,0.9829883042006877,0.009536100698722228,0.0029133242427050324,0.000754766172421986,3,-0.0012081438269498739,-0.018880618527318146,0.30784581715897164,-0.2281230955131722,-0.013998400076340664,-0.04563555921519077,0.3838789997134056,3,0.9125855566527252,0.10549461276417425,-0.807090943888551
tm490760,duplexe tchamba_1998,2223,6.858865922345279e-05,0.0036308155373769237,0.9923759897796144,0.0032651893890253275,0.00015703007113290605,0.0005023865636268579,3,2324,0.00019443598461334392,0.003654085485943174,0.992863054502055,0.0020554607755065564,0.001069696382000059,0.00016326686988187464,3,0.00012584732538989114,2.3269948566250528e-05,0.00048706472244064436,-0.0012097286135187711,0.0009126663108671529,-0.00033911969374498326,0.0015968763875197586,4,0.05253447225144997,0.05073784627684278,-0.0017966259746071897
tm495601,victor gomez_2000,2223,0.0013923000242846983,0.026924519175112762,0.8259211350006579,0.11735479185248375,0.007813410633146408,0.020593843314314374,3,2324,0.0009663306715729184,0.016104906651814507,0.8833071188097984,0.0797194667952863,0.015227671856081352,0.004674505215446618,3,-0.0004259693527117799,-0.010819612523298255,0.057385983809140506,-0.03763532505719745,0.007414261222934943,-0.015919338098867756,0.06986977575768745,3,0.6337537131749079,0.4732360911694233,-0.16051762200548464
tm498237,david carmo_1999,2223,3.6058041232138295e-05,0.0012100759146460322,0.9976189632124625,0.0009500695570320856,2.4722612793649613e-05,0.00016011066183361868,3,2324,0.0017274092499035482,0.05589906518802589,0.9127885361969823,0.014218568504306816,0.007647616779518977,0.007718804081262455,3,0.00169135120867141,0.05468898927337986,-0.08483042701548016,0.013268498947274731,0.007622894166725327,0.007558693419428836,0.10209852664987171,3,0.01914832799534196,0.3907948019472554,0.37164647395191347
tm503212,abdul aziz yakubu_1998,2223,0.39178554065510945,0.01836590410685363,0.00697955012718942,0.02853680806828794,0.39577949592694905,0.1585527011156104,5,2324,0.7112613694622884,0.013040467197723987,0.010649113936589856,0.006131832265950225,0.05489566376742237,0.20402155337002512,1,0.3194758288071789,-0.0053254369091296425,0.0036695638094004362,-0.022404975802337718,-0.34088383215952667,0.045468852254414716,0.467771740421892,5,1.2355257407132156,0.8621608641798326,-0.373364876533383
tm504075,rafael brito_2002,2223,0.0016997290224498361,0.1580590645055529,0.7180407498128658,0.10651899343543769,0.0019248413498669768,0.013756621873826749,3,2324,0.002813134248936897,0.4633217724137473,0.0868157473497698,0.31257081791055064,0.020086052225345718,0.11439247585164967,2,0.0011134052264870607,0.3052627079081944,-0.631225002463096,0.20605182447511294,0.018161210875478742,0.10063585397782293,0.7310394983823815,3,0.8498027902286833,1.2751502685878675,0.4253474783591842
tm504087,tomas araujo_2002,2223,2.3313442801501007e-05,0.00044529582205062143,0.9966090970028796,0.002649302068365348,8.156346800217177e-05,0.00019142819590072937,3,2324,0.011876099854462557,0.128273414357978,0.7639477794106809,0.05060305210196298,0.026316227700003417,0.01898342657491209,3,0.011852786411661057,0.12782811853592738,-0.23266131759219866,0.047953750033597635,0.026234664232001246,0.01879199837901136,0.2712925079827014,3,0.025196256662051306,0.8437355342811205,0.8185392776190692
tm504503,joao mendes_1994,2223,0.0007360826900841075,0.9411038644419942,0.000975850684726024,0.05375943567043926,0.002978150948091137,0.00044661556466526494,2,2324,0.2747824756276765,0.02300707193853439,0.017888140258516212,0.06842606328388755,0.5118639338254187,0.10403231506596664,5,0.27404639293759236,-0.9180967925034599,0.01691228957379019,0.014666627613448287,0.5088857828773276,0.10358569950130136,1.0851124464340534,2,0.2471205911974486,1.2754568831787723,1.0283362919813237
tm512913,stephen eustaquio_1996,2223,0.00025473843875003827,0.019267588861964287,0.003970681558333421,0.9642615652656441,0.01070385821484026,0.0015415676604679685,4,2324,0.0003080810153106345,0.1508139111670122,0.0032211444350657807,0.799069742269006,0.045860594926007345,0.0007265261875982825,4,5.3342576560596255e-05,0.13154632230504792,-0.0007495371232676407,-0.16519182299663815,0.035156736711167084,-0.000815041472869686,0.21407786920754823,4,0.19379396189605502,0.6321067776874585,0.43831281579140347
tm514304,nelson_1998,2223,0.022857691235728887,0.3686428589331995,0.027017091941449255,0.3860028381070726,0.18450754664245309,0.010971973140096776,4,2324,0.02023681269098,0.3207592023339606,0.06548309440001726,0.21370496127997055,0.3207128127678046,0.05910311652726693,2,-0.0026208785447488885,-0.04788365659923888,0.038466002458568,-0.17229787682710204,0.13620526612535153,0.04813114338717015,0.22807406647448494,4,1.2805920917046092,1.483826876240031,0.20323478453542188
tm520662,pepe_1997,2223,0.004392186344546362,0.0730932599143908,0.08795042832801168,0.6711071143761137,0.14147737225377716,0.02197963878316034,4,2324,0.05461448580138825,0.03373992130149271,0.019804084581928044,0.04519462288382703,0.821203708303156,0.025443177128207876,5,0.05022229945684189,-0.039353338612898095,-0.06814634374608364,-0.6259124914922867,0.6797263360493788,0.0034635383450475343,0.9287137490711916,5,1.0571007169992896,0.745936745251975,-0.3111639717473147
tm524315,hidemasa morita_1995,2223,0.004605420127910678,0.07801846720182967,0.021692727625205858,0.8505083377177663,0.03350211953108092,0.011672927796206496,4,2324,0.0008475396812826393,0.778376392201738,0.01823503250150616,0.1879677146058537,0.013328581794253735,0.0012447392153658399,2,-0.003757880446628039,0.7003579249999083,-0.0034576951236996965,-0.6625406231119126,-0.020173537736827184,-0.010428188580840657,0.9643102972225992,2,0.6103333440917025,0.6540955459955123,0.04376220190380986
tm525602,alejandro marques_2000,2223,0.19932696770056327,0.40697729663520515,0.06282808751534084,0.08459168032961895,0.10406430448358409,0.14221166333568777,2,2324,0.9229705644650844,0.005935578131743064,0.004180703105055477,0.0019454772393091688,0.020673415743460936,0.044294261315346944,1,0.7236435967645212,-0.4010417185034621,-0.058647384410285365,-0.08264620309030977,-0.08339088874012315,-0.09791740202034083,0.8376863768898138,1,1.58299638541491,0.3577079386266775,-1.2252884467882326
tm526111,alex mendez_2000,2223,0.00013821883928412295,0.06546797970998892,0.0010842248130131435,0.9305742329607047,0.00237774586499957,0.00035759781200960796,4,2324,0.08517479688724411,0.07292814035973186,0.06194597388969529,0.15764538216531862,0.3669361153305475,0.2553695913674628,5,0.08503657804795998,0.0074601606497429335,0.060861749076682146,-0.7729288507953861,0.3645583694655479,0.2550119935554532,0.8609952608713679,4,0.27126994431202506,1.5807423912648038,1.3094724469527788
tm530032,quaresma_1996,2223,0.00012829983844473843,0.002871694342898821,0.9792513996170297,0.016311551419628166,0.0005011601430936789,0.0009358946389049461,3,2324,0.018338905708301177,0.07845111336531634,0.08437908169220644,0.3965100318147971,0.13331209285090892,0.28900877456846996,4,0.018210605869856438,0.07557941902241752,-0.8948723179248232,0.38019848039516896,0.13281093270781524,0.28807287992956504,0.9843931981050941,3,0.11596062270307604,1.4758056425291906,1.3598450198261145
tm53286,mauricio_1988,2223,0.014843436264252448,0.23378034355771848,0.12751108243414913,0.5332465260047919,0.03046615304594627,0.06015245869314165,4,2324,4.304900542426888e-06,0.9955817322078844,0.0003577156283070807,0.0039734012801756055,4.90025566571784e-05,3.3843426433424306e-05,2,-0.01483913136371002,0.7618013886501659,-0.12715336680584205,-0.5292731247246163,-0.030417150489289092,-0.060118615266708225,0.936901690605081,2,1.2756122913238177,0.030100582797849586,-1.2455117085259682
tm537602,joao mario lopes_2000,2223,0.004486116819428814,0.13530510050179864,0.24721144011259516,0.5034811335806353,0.06827137961388444,0.04124482937165763,4,2324,0.005051794226202427,0.03776191193990899,0.5921980893907025,0.17224819742269992,0.17812459347513404,0.014615413545352134,3,0.0005656774067736127,-0.09754318856188965,0.34498664927810735,-0.33123293615793536,0.1098532138612496,-0.0266294158263055,0.5003136700084628,3,1.3006262845983523,1.1327268385591687,-0.1678994460391836
tm539154,leandro sanca_2000,2223,0.38235658375539905,0.2167025313747089,0.017614110447294287,0.07258033294261172,0.13335299291071354,0.17739344856927258,1,2324,0.1060499901831015,0.01278904262908731,0.012145216193367676,0.042724011903654005,0.79255660854721,0.03373513054357935,5,-0.27630659357229753,-0.2039134887456216,-0.005468894253926611,-0.029856321038957717,0.6592036156364964,-0.14365831802569323,0.7439064189281533,5,1.5359684946831724,0.7805863768469383,-0.7553821178362341
tm539183,anderson jesus_1995,2223,0.004500776650417173,0.028298778633632185,0.8414067410905731,0.08641641609798298,0.008794530392269633,0.030582757135125024,3,2324,0.00021834931843958718,0.006985344488314329,0.9852500783291614,0.005478641585987101,0.0013311320103148302,0.0007364542677828057,3,-0.004282427331977586,-0.021313434145317854,0.14384333723858833,-0.08093777451199588,-0.007463398381954803,-0.029846302867342217,0.16664373071081065,3,0.6303766616818438,0.09380964984818188,-0.536567011833662
tm539252,costinha_2000,2223,0.001286575131359383,0.018816801846353506,0.010390852228201308,0.9506556756466271,0.01018252150511838,0.008667573642340278,4,2324,0.002911622789542427,0.24101435787786668,0.01255585601368355,0.5912179672353057,0.13749275633859406,0.01480743974500765,4,0.001625047658183044,0.22219755603151317,0.002165003785482242,-0.3594377084113214,0.12731023483347567,0.006139866102667372,0.4413416409642271,4,0.2667451583545162,1.0608201099520462,0.79407495159753
tm544784,zaidu sanusi_1997,2223,0.0012066056992412937,0.017562913692671947,0.942821663970238,0.029709350928107423,0.001436526849294641,0.007262938860446835,3,2324,0.035466256695512954,0.1377626164027108,0.46245450792229625,0.11624731899002864,0.15484158033199294,0.0932277196574584,3,0.03425965099627166,0.12019970271003887,-0.4803671560479418,0.08653796806192122,0.1534050534826983,0.08596478079701156,0.526684181628679,3,0.2842479774990604,1.5083573018159004,1.22410932431684
tm54716,steven vitoria_1987,2223,0.0004044824317096898,0.00829709635645277,0.979947824577789,0.009861561868504962,0.0004702907915583426,0.0010187439739853714,3,2324,0.00256333240353724,0.008461411822760652,0.9787062050936502,0.0030101566659274945,0.006236153052383659,0.0010227409617407479,3,0.00215884997182755,0.00016431546630788114,-0.0012416194841387007,-0.0068514052025774675,0.005765862260825317,3.996987755376441e-06,0.009296029936345724,4,0.11894179781485983,0.13292081992700527,0.01397902211214544
tm54781,nicolas otamendi_1988,2223,1.8385204336446002e-05,0.000642159575070109,0.9979371282481712,0.0011517763910514544,4.293271116484106e-05,0.00020761787020619449,3,2324,0.0002969926055237256,0.009480609691276185,0.9841195787378747,0.00427557655340156,0.0012498962101250267,0.000577346201799062,3,0.00027860740118727963,0.008838450116206075,-0.013817549510296456,0.003123800162350106,0.0012069634989601856,0.0003697283315928675,0.016743219085715688,3,0.01696724328392856,0.09831430845777163,0.08134706517384308
tm549006,goncalo inacio_2001,2223,8.103929937513511e-05,0.0015329834147092952,0.98985196564962,0.0075754295260531635,0.00026213632718572323,0.0006964457830565983,3,2324,1.1890976640687022e-41,4.762206182123847e-40,1.0,4.272932152752568e-40,6.299433910984074e-41,2.3780969510394466e-41,3,-8.103929937513511e-05,-0.0015329834147092952,0.01014803435038003,-0.0075754295260531635,-0.00026213632718572323,-0.0006964457830565983,0.01275911653103531,3,0.06500858678431146,1.3815510557964273e-10,-0.06500858664615634
tm550179,joao carlos_1995,2223,0.896076509468014,0.014498856116842504,0.0013582419741749983,0.0050254601172722135,0.0733724494205281,0.009668482903168152,1,2324,0.046215970632382024,0.013173047995813467,0.009026675250206017,0.006257619267462186,0.021719907984813155,0.9036067788693232,6,-0.849860538835632,-0.001325808121029037,0.007668433276031019,0.0012321591501899725,-0.051652541435714946,0.893938295966155,0.8514652085429052,1,0.43179206343496573,0.4481335863860852,0.016341522951119458
tm550631,masaki watai_1999,2223,0.04332345120770981,0.08461205139307867,0.026021270755451364,0.6208295860484713,0.180091646785841,0.045121993809447834,4,2324,0.007007778910863662,0.14671734288627025,0.3388618236026617,0.26505536655340933,0.2270155173806891,0.01534217066610624,3,-0.036315672296846145,0.06210529149319158,0.31284055284721035,-0.35577421949506194,0.046923870594848094,-0.029779823143341592,0.48147923286523686,4,1.1843901743175629,1.4356900194836433,0.2512998451660804
tm553062,vitor carvalho_1997,2223,0.0005132092146581838,0.4615827544753619,0.01979290262674357,0.5156283093309441,0.001004704807067457,0.0014781195452247817,4,2324,1.026070275350273e-05,0.9759758393468966,0.0005227211506824189,0.023332065546297232,0.00012370121261849617,3.541204075192649e-05,2,-0.0005029485119046811,0.5143930848715347,-0.019270181476061153,-0.4922962437846468,-0.0008810035944489609,-0.0014427075044728553,0.7122697567823483,2,0.7964752886321584,0.11695715989879664,-0.6795181287333618
tm560903,patrick_1997,2223,0.0014990686852906793,0.03800921634297512,0.8706282557080456,0.07964037182153061,0.0029827774497508635,0.007240309992407208,3,2324,0.002600673304218197,0.07521964697865274,0.8508622012850139,0.04267594117897142,0.01548839812964366,0.01315313912349991,3,0.0011016046189275177,0.037210430635677624,-0.019766054423031698,-0.036964430642559186,0.012505620679892797,0.0059128291310927015,0.05743941390370553,2,0.5091869160417287,0.6036397279606155,0.09445281191888677
tm565232,andre silva_1997,2223,0.8858671056982489,0.021302352025301025,0.0021710820907018657,0.006291225080374077,0.07834988168071581,0.006018353424658655,1,2324,0.9921344633106651,0.0002697664368457056,0.00046952321315688863,0.00021635350620006705,0.0027778634660053305,0.004132030067126902,1,0.10626735761241624,-0.02103258558845532,-0.001701558877544977,-0.00607487157417401,-0.07557201821471048,-0.001886323357531753,0.1322348299608006,1,0.4648451227532891,0.05450686347047286,-0.41033825928281625
tm567497,filipe relvas_1999,2223,8.752080811621403e-05,0.002248130840439709,0.9925196751254607,0.0039248483159933486,0.00019650697302197982,0.0010233179369682063,3,2324,0.004059553680589658,0.02229124815528183,0.9304991247388524,0.026132379762688163,0.00931052473034157,0.007707168932246421,3,0.003972032872473444,0.02004311731484212,-0.06202055038660825,0.022207531446694816,0.009114017757319591,0.006683850995278215,0.06957220738003807,3,0.05244609865567827,0.35045178303419183,0.29800568437851355
tm567587,habib sylla_1999,2223,0.00015994291272236234,0.0061356775039122305,0.9823628771401769,0.009507573630520336,0.0004974122204016733,0.0013365165922664627,3,2324,0.0036991484901897713,0.04563349763518737,0.6525353935586649,0.20416207123131222,0.08178217374421011,0.01218771534043576,3,0.003539205577467409,0.03949782013127514,-0.32982748358151204,0.1946544976007919,0.08128476152380844,0.010851198748169297,0.39351792664268026,3,0.107023684775742,1.0230045296363557,0.9159808448606137
tm57723,ivan marcano_1987,2223,0.00708197051005909,0.03846759094314627,0.8671010357250498,0.05262083976628016,0.009419101691289018,0.025309461364175723,3,2324,0.2650796211924128,0.06423681030328304,0.3018740202562394,0.03765660408564056,0.10331854238934729,0.22783440177307693,3,0.2579976506823537,0.02576921936013677,-0.5652270154688104,-0.0149642356806396,0.09389944069805828,0.2025249404089012,0.6290862045481027,3,0.5759727049748612,1.5848727825525293,1.008900077577668
tm581121,tiago esgaio_1995,2223,0.00010629189333634622,0.0030197963034742288,0.9854447695378011,0.01008268828457424,0.0003822395673088019,0.0009642144135052932,3,2324,0.0003827892855176224,0.006258776396022201,0.9763829142172411,0.014681787724033177,0.0013869231249684494,0.0009068092522172366,3,0.0002764973921812762,0.003238980092547972,-0.00906185532056003,0.004599099439458937,0.0010046835576596475,-5.740516128805654e-05,0.010716611843471351,3,0.08899703226454894,0.13555696684944998,0.04655993458490104
tm58267,andre castro_1988,2223,0.002721671439552749,0.07036522972224164,0.023397525014878167,0.8771025116085677,0.016166070367005812,0.010246991847754048,4,2324,0.004099513016671687,0.7252291595272378,0.017198456969648293,0.19409011256693384,0.047744589131515504,0.011638168787992944,2,0.0013778415771189385,0.6548639298049961,-0.006199068045229874,-0.6830123990416338,0.03157851876450969,0.0013911769402388963,0.9467788725693304,4,0.5193267440229407,0.8406650376221639,0.3213382935992233
tm585264,pedrao_1997,2223,5.1497076544078827e-05,0.0021635336159657216,0.9933746785595389,0.0041108001852940435,9.239862518567748e-05,0.0002070919374715395,3,2324,0.001888623214551365,0.018249182873741977,0.9524802342070031,0.016358326762277213,0.00830525468930573,0.002718378253120466,3,0.0018371261380072863,0.016085649257776256,-0.04089444435253575,0.01224752657698317,0.008212856064120052,0.0025112863156489264,0.04638891716108119,3,0.045587531222481464,0.2544115990354005,0.20882406781291904
tm588114,rodrigo martins_1998,2223,0.8788350415318767,0.08081628199403534,0.0013223832141605453,0.007197260375754115,0.02257771247457472,0.009251320409598687,1,2324,0.008909315336816508,0.16040848802553237,0.018220855975813636,0.12387395639883994,0.6640993411491068,0.02448804311389088,5,-0.8699257261950603,0.07959220603149703,0.01689847276165309,0.11667669602308582,0.6415216286745321,0.015236722704292193,1.0902085571993678,1,0.4899962995978689,1.029969615638147,0.5399733160402782
tm58965,ruben lima_1989,2223,0.0011688363028885878,0.03065028797874479,0.8108726580079054,0.13468604669575115,0.004347142092654678,0.018275028922055275,3,2324,0.0024590924175516586,0.03936592062369699,0.45136475898693257,0.4133350044390112,0.08712197306409367,0.006353250468713641,3,0.0012902561146630707,0.0087156326449522,-0.35950789902097285,0.27864895774326004,0.08277483097143899,-0.011921778453341633,0.46240725639361735,3,0.6515074434498267,1.1111049974628289,0.4595975540130022
tm59084,fernando varela_1987,2223,7.5095755349700234e-06,0.00019396298933341868,0.9993429683291289,0.0003993056913628292,1.4811074955802452e-05,4.144233968413423e-05,3,2324,0.0002828732908148363,0.0022826853789633906,0.993072513909882,0.002614531906565785,0.0011988049171022305,0.0005485905966716314,3,0.00027536371527986625,0.002088722389629972,-0.006270454419246896,0.0022152262152029555,0.001183993842146428,0.0005071482569874972,0.007075751099583017,3,0.006111173183126302,0.05082920813952801,0.044718034956401705
tm594069,yuki soma_1997,2223,0.5177065178064283,0.07986012839239481,0.010651655325581235,0.07080943716004069,0.2692647860276304,0.05170747528792472,1,2324,0.11007475026389502,0.005592722412012876,0.004044740542735149,0.014702368121915986,0.850172003326452,0.015413415332988943,5,-0.4076317675425333,-0.07426740598038194,-0.006606914782846086,-0.05610706903812471,0.5809072172988217,-0.03629405995493578,0.7157682272424237,5,1.2849990431001577,0.5585338518280468,-0.7264651912721108
tm595012,ibrahima camara_1999,2223,0.00016388525192525754,0.0304877242931533,0.005567037041251403,0.9576645246719911,0.005465066351519347,0.0006517623901595356,4,2324,0.0016210934584956892,0.04033665207168673,0.8464461281310619,0.08975108890486445,0.019381915415424115,0.0024631220184670698,3,0.0014572082065704318,0.009848927778533426,0.8408790910898105,-0.8679134357671267,0.013916849063904769,0.0018113596283075343,1.208571132097377,4,0.21141890140381336,0.5886150780957363,0.37719617669192296
tm596067,felippe cardoso_1998,2223,0.9022876426819099,0.013887767450296823,0.0024273486008545633,0.003196451903225967,0.015097078985869056,0.06310371037784375,1,2324,0.866606491519149,0.008221610459674386,0.005044198919778256,0.003249331947660852,0.049391152179440234,0.06748721497429719,1,-0.03568115116276083,-0.005666156990622437,0.0026168503189236926,5.2880044434884966e-05,0.03429407319357118,0.004383504596453439,0.049881700466593314,1,0.4228101718698962,0.5393429284279695,0.11653275655807327
tm596884,adrian butzke_1999,2223,0.8594562030788035,0.018384647980868616,0.00426761374097353,0.008132893144488252,0.09157872999546153,0.018179912059404533,1,2324,0.11350266216296111,0.033273355899699514,0.03563761010537263,0.0286960543376486,0.738350660091424,0.05053965740289437,5,-0.7459535409158424,0.014888707918830898,0.0313699963643991,0.020563161193160345,0.6467719300959625,0.03235974534348984,0.9881240856585728,1,0.5578389800676005,0.9557602374742875,0.39792125740668705
tm607093,savio_1995,2223,0.002434705557191257,0.04940984409386364,0.6024424099900489,0.25011742733204134,0.03950305738386432,0.056092555642990545,3,2324,0.011415616508854311,0.05768139272542714,0.37830725239037655,0.2748970486191423,0.1426316042257965,0.13506708553040306,3,0.008980910951663054,0.0082715486315635,-0.2241351575996724,0.024779621287100984,0.10312854684193216,0.07897452988741252,0.24826431671784158,3,1.104409810678947,1.4865135780731693,0.38210376739422225
tm610238,pedro ortiz_2000,2223,0.002689053767568663,0.23219864562973283,0.39641453641779784,0.3432465907690023,0.004022192052566291,0.02142898136333205,3,2324,3.805307394504457e-05,0.9608096136561259,0.005217936279960498,0.03315102801509653,0.0005889107799752168,0.00019445819489676645,2,-0.0026510006936236183,0.7286109680263931,-0.39119660013783736,-0.3100955627539058,-0.0034332812725910737,-0.021234523168435285,0.883225223797643,2,1.1933369323100105,0.18519968833505837,-1.008137243974952
tm610335,ivan jaime pajuelo_2000,2223,0.1645098003602461,0.09934081243663041,0.009624316069519426,0.07240797909854835,0.5422395524462454,0.11187753958881026,5,2324,0.06586813118772289,0.05135879283520319,0.04164835754105326,0.10116805070843563,0.4897073353865247,0.25024933234106045,5,-0.0986416691725232,-0.04798201960142722,0.032024041471533836,0.028760071609887278,-0.05253221705972072,0.1383717927522502,0.1290146033693831,1,1.338022712720567,1.392095300362486,0.05407258764191902
tm617679,ze carlos_1998,2223,0.002891020719892879,0.020768539706703077,0.6602095490264791,0.23898575252178703,0.02938660569093519,0.047758532334202575,3,2324,0.0018172872614912923,0.05477405350057432,0.6912178213356952,0.20906912631952748,0.035803279342217414,0.007318432240494255,3,-0.0010737334584015868,0.03400551379387125,0.0310082723092161,-0.029916626202259544,0.006416673651282224,-0.04044010009370832,0.05527403592646496,2,0.9624706209714868,0.9082422920709818,-0.054228328900504996
tm631472,bruno langa_1997,2223,0.000731187774894175,0.026834830042330872,0.9329773703454146,0.030731463883010436,0.001524015556288979,0.007201132398061081,3,2324,0.0005759272371896908,0.07024951985433639,0.1855807495039115,0.6705821347574514,0.06940272005339286,0.0036089485937179536,4,-0.00015526053770448418,0.04341468981200552,-0.747396620841503,0.639850670874441,0.06787870449710388,-0.003592183804343128,0.9871691687777137,3,0.31952799486375894,0.9768483859936715,0.6573203911299126
tm635807,marlon_1997,2223,0.12151157429301877,0.5598965141309683,0.03676468679241502,0.10811206869758405,0.029752045314732405,0.1439631107712814,2,2324,0.0040329499899061354,0.4464559923573291,0.024387957179994025,0.07240788856068354,0.4487320201002465,0.003983191811840744,5,-0.11747862430311264,-0.11344052177363922,-0.012376729612420995,-0.03570418013690051,0.4189799747855141,-0.13997991895944067,0.45126729366844726,5,1.3264070230794727,1.0445265178917018,-0.28188050518777086
tm63837,andre andre_1989,2223,0.0025306414426865226,0.7557870735322645,0.038706508090980384,0.18925423496941343,0.003890895668468615,0.009830646296186404,2,2324,0.015291598305521426,0.1237564828022236,0.057435739697885645,0.08725715077708275,0.08212793174740679,0.6341310966698799,6,0.012760956862834903,-0.6320305907300409,0.01872923160690526,-0.10199708419233068,0.07823703607893817,0.6243004503736935,0.6453686797121155,2,0.7346877157386568,1.1935408857027316,0.4588531699640749
tm641153,ne lopes_2000,2223,0.0005788916368642304,0.014817532536001295,0.9698276503112497,0.009342709466973744,0.0005928751003640509,0.004840340948546798,3,2324,1.5782664623794648e-05,0.0010638143925404387,0.9978622637546363,0.0008793302967901285,0.00011462090191111098,6.418798949840326e-05,3,-0.0005631089722404357,-0.013753718143460856,0.028034613443386536,-0.008463379170183616,-0.00047825419845293996,-0.004776152959048394,0.03236168906996553,3,0.17030650864293115,0.017439696472196033,-0.1528668121707351
tm642721,matias lacava_2002,2223,0.04524434854483155,0.814069529161952,0.005537396270386192,0.043403747006871087,0.056255752603206845,0.03548922641275234,2,2324,0.01838779782180802,0.12869963471516632,0.02965587181703261,0.18912171189863597,0.5717370217146084,0.06239796203274864,5,-0.026856550723023533,-0.6853698944467856,0.024118475546646416,0.1457179648917649,0.5154812691114016,0.0269087356199963,0.8706259423485665,2,0.7528411416274556,1.2493875386408664,0.49654639701341075
tm64339,pizzi_1989,2223,0.005504236696975115,0.05897801642351689,0.00954133447523735,0.26286129184349943,0.6418509896417295,0.021264130919041807,5,2324,0.08771300661125098,0.016947473227283703,0.012263918209514375,0.04787955194214243,0.7973125582372987,0.037883491772509555,5,0.08220876991427586,-0.042030543196233186,0.0027225837342770252,-0.214981739901357,0.15546156859556926,0.016619360853467748,0.2809229586124789,4,0.9576596087339495,0.786655113573592,-0.17100449516035754
tm645588,tomas handel_2000,2223,0.0033410878404099772,0.05449656468469945,0.03955448713065597,0.8453971880681429,0.04379683578319978,0.013413836492891943,4,2324,8.600501142016196e-05,0.10104386918820231,0.0035000171411103116,0.8820239252047365,0.013102656270341436,0.00024352718418943064,4,-0.0032550828289898154,0.04654730450350286,-0.03605446998954566,0.03662673713659359,-0.030694179512858348,-0.013170309308702511,0.07590008205682751,2,0.6421989372398219,0.4217617519229518,-0.22043718531687012
tm646677,riccieli_1998,2223,3.5844193044184693e-05,0.0013099743687794863,0.9971784909580617,0.0011192636648713462,6.049481319609983e-05,0.00029593200204732016,3,2324,0.00020353341145984056,0.0011477152356363855,0.9962595105658288,0.001228440810114246,0.001026584290757796,0.00013421568620293502,3,0.00016768921841565587,-0.0001622591331431008,-0.0009189803922328155,0.00010917714524289975,0.0009660894775616962,-0.00016171631584438513,0.0013580210562684231,5,0.022477351551291855,0.029727621539564746,0.007250269988272891
tm650568,antonio silva_2003,2223,0.000317597411131449,0.0031395319448319515,0.9788598998882423,0.015398547567366312,0.0009097784294426513,0.0013746447589852368,3,2324,6.522939758647081e-05,0.0014097665484666358,0.9970364094121009,0.0010928424779628506,0.00025252898430303683,0.00014322317958003695,3,-0.0002523680135449782,-0.0017297653963653156,0.01817650952385863,-0.014305705089403462,-0.0006572494451396146,-0.0012314215794052,0.023206172699300663,3,0.12126289580922811,0.02365371752368916,-0.09760917828553894
tm655899,serdar saatci_2003,2223,0.0003336860528712449,0.00663809930219278,0.9725177183764085,0.009388060670282338,0.0006071217996339639,0.010515313798611092,3,2324,0.0005309237819717614,0.01206954969692454,0.9739027346972272,0.010033550816504398,0.0017872354778772157,0.001676005529494913,3,0.00019723772910051652,0.005431450394731759,0.001385016320818666,0.0006454901462220591,0.001180113678243252,-0.00883930826911618,0.005767768385050945,2,0.15928169487510335,0.15126192731219446,-0.008019767562908897
tm657387,fabiano souza_2000,2223,0.001471660480658449,0.04020551619908625,0.8144733914028824,0.09737739392365331,0.0028605167634330815,0.04361152123028652,3,2324,0.0009425349804666104,0.03739043127509288,0.854576415235016,0.08294387478128139,0.020554159134588065,0.003592584593555086,3,-0.0005291255001918387,-0.0028150849239933703,0.0401030238321336,-0.014433519142371926,0.017693642371154984,-0.040018936636731436,0.04623687546316761,3,0.6861199011680089,0.5703055502294175,-0.11581435093859138
tm658737,mor ndiaye_2000,2223,0.0006485920699966379,0.35752751273647765,0.17672199638519057,0.45921049632471467,0.0021538704923131113,0.003737531991307469,4,2324,0.0017417242400067983,0.6862143347984626,0.04393603326341304,0.2226916418889992,0.041162339392512216,0.004253926416606137,2,0.0010931321700101606,0.32868682206198496,-0.13278596312177754,-0.23651885443571546,0.03900846890019911,0.0005163944252986677,0.4279382701825663,2,1.0702792181639513,0.8957894579210137,-0.1744897602429376
tm663244,jota silva_1999,2223,0.6033121184360641,0.1343835908755366,0.0086544973451565,0.12628663254221895,0.0818403284093325,0.04552283239169128,1,2324,0.6240830456421712,0.0061410022517318615,0.00608915317011582,0.00989056688481744,0.15899361336271184,0.19480261868845183,1,0.02077092720610707,-0.12824258862380475,-0.0025653441750406797,-0.1163960656574015,0.07715328495337934,0.14927978629676056,0.19074812561147672,2,1.2224898594042295,1.0132550593340697,-0.20923480007015982
tm666539,beni_2002,2223,0.0008702670261499854,0.05752011218680154,0.2251781195503825,0.7017016545932567,0.0031125933664272946,0.011617253276981834,4,2324,0.0001495813884741844,0.38175195191993727,0.009029531956170494,0.6053507647355314,0.002710218948125558,0.001007951051761012,4,-0.0007206856376758009,0.32423183973313574,-0.21614858759421202,-0.09635088985772533,-0.0004023744183017366,-0.010609302225220822,0.40141085322278336,2,0.8243984143158891,0.7382710637787282,-0.08612735053716092
tm667121,rodrigo gomes_2003,2223,0.06028488257790669,0.2886522171173781,0.058517493362437625,0.18009837512602542,0.330372184942827,0.08207484687342513,5,2324,0.4239786202629321,0.05546193525414049,0.049063241816641234,0.07844492985706926,0.35525221980487187,0.03779905300434506,1,0.3636937376850254,-0.2331902818632376,-0.009454251545796391,-0.10165344526895616,0.024880034862044875,-0.04427579386908007,0.4446264323326231,1,1.5739083577190724,1.3632520873827854,-0.2106562703362871
tm669956,leonardo lelo_2000,2223,0.0006889696055316029,0.05849626679471038,0.05965220623910694,0.8601714970207234,0.01054533280545675,0.010445727534471141,4,2324,0.0013424060207253403,0.06180478516947412,0.3970842386450998,0.49429946443513023,0.03889681450058284,0.006572291228987962,4,0.0006534364151937373,0.0033085183747637442,0.33743203240599284,-0.36587203258559314,0.028351481695126093,-0.0038734363054831788,0.4985357565002196,4,0.5644615951295688,1.0552851236622598,0.49082352853269096
tm670681,joao neves_2004,2223,0.01547186481997222,0.714836935935331,0.03269440916794845,0.1427768125969529,0.030134774445712244,0.06408520303408309,2,2324,0.001417191855133177,0.2502610487349342,0.011319333572209747,0.5823893431875055,0.14929919027356656,0.005313892376650918,4,-0.014054672964839043,-0.46457588720039683,-0.021375075595738702,0.43961253059055255,0.11916441582785431,-0.05877131065743217,0.6511102193244483,2,0.975824491684188,1.0333122873490705,0.0574877956648826
tm670717,dario essugo_2005,2223,0.0041070099185889775,0.21216717990734726,0.4055731423148207,0.22401409846342157,0.005392334707070675,0.14874623468875095,3,2324,5.0155013500942575e-05,0.788559030747976,0.007233956469998172,0.20224374421910848,0.0011486689897385006,0.0007644445596779046,2,-0.004056854905088035,0.5763918508406287,-0.39833918584482253,-0.02177035424431309,-0.004243665717332174,-0.14798179012907303,0.701006481988124,2,1.3642556836875863,0.5599770423788822,-0.8042786413087041
tm671649,alvaro djalo_1999,2223,0.0307809083853159,0.04526519392112524,0.006551927627117147,0.04284211806173787,0.49355703142656865,0.3810028205781351,5,2324,0.11223720862560929,0.05351901406435498,0.01782727543199257,0.06516522713688555,0.2477209375418634,0.5035303371992943,6,0.08145630024029339,0.008253820143229743,0.011275347804875423,0.02232310907514768,-0.24583609388470526,0.12252751662115918,0.2603153743427097,5,1.131312432934498,1.3430738141820915,0.21176138124759358
tm673492,morato_2001,2223,0.0019296362008638511,0.019440411135248862,0.9093754383296685,0.056938667715017224,0.0037546312771978216,0.008561215342003816,3,2324,0.0005459614154763493,0.014652877273452231,0.9507462068719699,0.02824776992610067,0.0033783606928451887,0.002428823820155847,3,-0.0013836747853875019,-0.004787533861796631,0.04137076854230137,-0.028690897788916554,-0.00037627058435263285,-0.006132391521847969,0.05059332684907116,3,0.3999504698083437,0.24860197266009668,-0.15134849714824702
tm685807,luis santos_2000,2223,0.05534435557738416,0.5330809758575368,0.10562755704010028,0.15854085633733658,0.052487880588897716,0.09491837459874458,2,2324,0.009362614077112945,0.1373869418309201,0.16112819639388673,0.5269639071945156,0.12825222765499078,0.03690611284857389,4,-0.04598174150027121,-0.3956940340266167,0.05550063935378645,0.36842305085717897,0.07576434706609306,-0.05801226175017069,0.5506761214848498,2,1.4031518683008417,1.3333395627622469,-0.06981230553859485
tm690273,bernardo vital_2000,2223,9.46526647210522e-05,0.0028270462303180794,0.994975842184422,0.0015351929808359133,0.00011443444871735449,0.0004528314909854108,3,2324,1.437964383072724e-06,2.9702229789901613e-05,0.9999242519072319,2.9958543001214915e-05,1.247589795826936e-05,2.1734576356065084e-06,3,-9.321470033797947e-05,-0.002797344000528178,0.0049484097228098545,-0.0015052344378346984,-0.00010195855075908512,-0.0004506580333498043,0.005881896588802427,3,0.03695110250788968,0.00088596719009364,-0.036065135317796045
tm701325,bruno onyemaechi_1999,2223,0.00035406661898221915,0.04710703738009914,0.5540053717708731,0.39174057622554626,0.001920185362937224,0.004872762641562127,3,2324,0.0014531004446272883,0.08957705909562601,0.1570438372575145,0.6743520684243676,0.07132042709037069,0.006253507687493803,4,0.0010990338256450692,0.04247002171552687,-0.3969615345133586,0.2826114921988213,0.06940024172743346,0.001380745045931676,0.4940334194948134,3,0.8790023559538392,1.002095170943535,0.12309281498969582
tm701979,geny catamo_2001,2223,0.10162360448809381,0.35795155078221774,0.024250767731602656,0.07797281223126153,0.20084830205496604,0.23735296271185824,2,2324,0.03797274030885321,0.01767355855755866,0.013092484427405628,0.07598416331021708,0.8405957425313935,0.014681310864571886,5,-0.0636508641792406,-0.3402779922246591,-0.011158283304197028,-0.0019886489210444447,0.6397474404764274,-0.22267165184728635,0.727492813785935,5,1.5530054948458356,0.6560606724369785,-0.8969448224088571
tm70359,david simao_1990,2223,0.00028282241129429843,0.09961410450665402,0.018436325610167746,0.8779474017034471,0.0015276282134148195,0.002191717555021885,4,2324,0.0003188393254234494,0.03662169195982422,0.015072391931386707,0.9292720749199199,0.01447041623247208,0.004244585630973472,4,3.6016914129150944e-05,-0.0629924125468298,-0.0033639336787810396,0.05132467321647283,0.01294278801905726,0.002052868075951587,0.08234743000220053,2,0.4432965949345757,0.339547643816205,-0.10374895111837068
tm711337,evanilson_1999,2223,0.34199892266440546,0.009262307484773205,0.0018200822246641328,0.005973019383647342,0.6068839728287548,0.03406169541375504,5,2324,0.8765146806435223,0.003190940363581326,0.0029849095687441204,0.002485821689430853,0.030496706538840766,0.08432694119588043,1,0.5345157579791169,-0.006071367121191879,0.0011648273440799876,-0.0034871976942164886,-0.5763872662899141,0.050265245782125385,0.7861168838909203,5,0.8705816330849739,0.4811113817111927,-0.3894702513737812
tm71830,bruno wilson_1996,2223,0.00021684577682104807,0.0021914372149736913,0.9904985873719495,0.005715565202015012,0.00027697754189260926,0.001100586892348284,3,2324,0.0009412576033082065,0.02928050716290646,0.9486447140970347,0.014338048112121037,0.004728327331499091,0.0020671456931305693,3,0.0007244118264871584,0.027089069947932767,-0.041853873274914855,0.008622482910106026,0.004451349789606482,0.0009665588007822853,0.05079617030579649,3,0.06398848927555557,0.25891425255446016,0.1949257632789046
tm729140,miguel maga_2002,2223,0.0004563997377258972,0.023219139914794337,0.5851678797454424,0.37770177158963214,0.00202382845932489,0.011430980553080427,3,2324,0.00039861552805978015,0.20081282472008027,0.0258275281277077,0.7623872155530339,0.008568329260659372,0.002005486810459104,4,-5.7784209666117056e-05,0.17759368480528592,-0.5593403516177347,0.38468544396340176,0.006544500801334482,-0.009425493742621324,0.7017313378050344,3,0.8358607825996127,0.6800115588849572,-0.15584922371465548
tm733579,clayton_1999,2223,0.9450494540980757,0.004647720835472314,0.0008309095684280398,0.0010117650286664529,0.0043961273850520064,0.04406402308430522,1,2324,0.7098809080657956,0.00833203266466916,0.005433493720373416,0.005109159432696783,0.054357340428215106,0.21688706568825003,1,-0.2351685460322801,0.0036843118291968457,0.004602584151945376,0.004097394404030331,0.0499612130431631,0.17282304260394482,0.24052424914572262,1,0.2526785353300267,0.8282171152644572,0.5755385799344305
tm739438,matheus pereira_2000,2223,0.00868792057730864,0.09536083809321529,0.3231899060406602,0.4552260302615504,0.047471745081179594,0.07006355994608592,4,2324,0.0067292880727468345,0.07679673095281828,0.04381428491745948,0.11514912034150712,0.7375330827103306,0.019977493005137605,5,-0.0019586325045618056,-0.01856410714039701,-0.27937562112320075,-0.34007690992004325,0.690061337629151,-0.05008606694094831,0.8186795187034305,5,1.3195602541163185,0.9194138202026586,-0.4001464339136599
tm742095,gabriel pereira_2000,2223,8.232078012254921e-05,0.003560994070177627,0.993448717444492,0.002418836113041784,6.37657507370965e-05,0.00042536584142922483,3,2324,0.0015327655261435852,0.01033697867171678,0.9728382966095805,0.004549444403335325,0.009848904453563307,0.0008936103356605439,3,0.0014504447460210361,0.006775984601539152,-0.02061042083491149,0.002130608290293541,0.009785138702826211,0.0004682444942313191,0.02393941593677516,3,0.04586999201540713,0.1602969622863819,0.11442697027097477
tm800177,rildo_2000,2223,0.7628522771670975,0.030142495367948156,0.0022629326082723106,0.017844734933432305,0.15729137152657732,0.029606188396672537,1,2324,0.30592481273773325,0.09355495481003742,0.03498808456287289,0.04254240635566493,0.23255368155289272,0.29043605998079886,1,-0.4569274644293642,0.06341245944208926,0.03272515195460058,0.024697671422232628,0.0752623100263154,0.2608298715841263,0.4692005686451925,1,0.7928200458441249,1.533914316244906,0.7410942704007811
tm818252,pedro malheiro_2001,2223,0.0005651321638454176,0.030299387481542223,0.5000776575082239,0.45270157203374944,0.003965408688452931,0.012390842124186096,3,2324,0.0013303053090309876,0.34125105555124274,0.13722716486164888,0.47200040700211143,0.044236163347713804,0.003954903928252145,4,0.00076517314518557,0.31095166806970054,-0.362850492646575,0.01929883496836199,0.040270754659260874,-0.00843593819593395,0.4799439384877112,3,0.8918327425774982,1.162436371689697,0.2706036291121988
tm818495,otavio ataide_2002,2223,9.835085356571585e-06,0.0003822951949184535,0.9988610560483977,0.0006395028054639911,1.84051190108481e-05,8.890574685230625e-05,3,2324,0.00011554944464133456,0.0029311955147427095,0.9923753502248882,0.0031778509709575677,0.0012554907088814815,0.0001445631358884516,3,0.00010571435928476298,0.0025489003198242563,-0.006485705823509491,0.0025383481654935765,0.0012370855898706334,5.565738903614534e-05,0.007519710138109998,3,0.009993495013078458,0.05368153252361243,0.04368803751053397
tm891971,joao marques_2002,2223,0.06830606102939002,0.6133207215110089,0.04551141523868692,0.1356455543789817,0.01981172367463231,0.11740452416730021,2,2324,0.27175446794597835,0.038745873042044576,0.02251781208574055,0.04548981766482904,0.5441145582178352,0.07737747104357226,5,0.20344840691658833,-0.5745748484689643,-0.022993603152946365,-0.09015573671415267,0.5243028345432028,-0.04002705312372795,0.80936872668055,2,1.2239376206798416,1.2351644868442626,0.011226866164421034
tm908936,ze carlos_2001,2223,0.001573442829846567,0.027441600627431485,0.134606423124165,0.7723368930413901,0.022912308333696594,0.04112933204347008,4,2324,6.471021524878692e-05,0.03073899902659433,0.008322169938238512,0.950957565718757,0.009008527607345877,0.0009080274938154425,4,-0.0015087326145977803,0.003297398399162845,-0.12628425318592648,0.17862067267736692,-0.013903780726350717,-0.040221304549654634,0.21922481962413343,4,0.7960521733232173,0.24412384789175937,-0.551928325431458
tm924885,martim tavares_2003,2223,0.34648460988504126,0.0614100825402909,0.023023097492423355,0.04414904252464172,0.056152723705717285,0.46878044385188555,6,2324,0.5848739223564104,0.02077313745195243,0.012531378390610063,0.01301075653536252,0.2865008960833466,0.08230990918231801,1,0.23838931247136919,-0.04063694508833847,-0.010491719101813292,-0.0311382859892792,0.23034817237762933,-0.38647053466956754,0.33559018929113565,1,1.2800289845684165,1.0692328965508333,-0.2107960880175832
tm974982,ousmane diomande_2003,2223,0.00017217118721066536,0.005881409253638258,0.9817715036715164,0.011063992628064736,0.00032721694461052605,0.0007837063149592553,3,2324,5.549344156025168e-05,0.00046299324178121845,0.9987878309080852,0.00037505941473721843,0.00028261165309277126,3.6011340743288916e-05,3,-0.00011667774565041368,-0.005418416011857039,0.017016327236568762,-0.010688933213327517,-4.4605291517754784e-05,-0.0007476949742159664,0.020813061314157468,3,0.10782364148862858,0.01094642476927566,-0.09687721671935293
tm982575,gustavo sa_2004,2223,0.021935029622507013,0.5691439875897332,0.07716380981394422,0.12722072949959312,0.03180712077837595,0.1727293226958465,2,2324,0.017886370943419584,0.21716128280289182,0.04213850144953981,0.16791738891817987,0.474808669573748,0.0800877863122209,5,-0.004048658679087429,-0.35198270478684135,-0.03502530836440441,0.040696659418586745,0.44300154879537207,-0.09264153638362561,0.5683674679774635,5,1.2775452521065849,1.3925062885047608,0.1149610363981759
andre inacio_2002,andre inacio_2002,2324,0.6261294558886544,0.008882268516507075,0.009366027114626975,0.013020167460414815,0.28377074401758434,0.058831337002212346,1,2425,0.020215800588507984,0.04011202351426329,0.004670957168048956,0.06490465129145967,0.8581946937002507,0.011901873737469607,5,-0.6059136553001464,0.031229754997756213,-0.00469506994657802,0.05188448383104485,0.5744239496826664,-0.04692946326474274,0.8371281697504009,1,0.9594875785242902,0.5944176425236078,-0.3650699360006824
bachir belloumi_2002,bachir belloumi_2002,2324,0.7436173600759328,0.01790557779773929,0.016093304288406128,0.023239786475122537,0.16782010550707285,0.03132386585572638,1,2425,0.048603055701032516,0.2010312108114286,0.07334824837985804,0.11535399618439954,0.26631019903705044,0.29535328988623094,6,-0.6950143043749003,0.1831256330136893,0.05725494409145191,0.092114209709277,0.09849009352997759,0.26402942403050456,0.7335143730897267,1,0.8542110974420977,1.6228142711109546,0.7686031736688569
carlos ponck_1995,carlos ponck_1995,2324,7.364168246887657e-05,0.005111957616942065,0.9924336036536369,0.0018429939665428443,0.0003304136536895027,0.00020738942671969708,3,2425,2.1320293347639117e-05,0.0028950002668542913,0.9958600015641198,0.0005834484804553345,0.00023616108406309685,0.0004040683111598109,3,-5.232138912123746e-05,-0.0022169573500877733,0.0034263979104829367,-0.0012595454860875098,-9.425256962640585e-05,0.00019667888444011383,0.004272373864637108,3,0.051221399172776017,0.030755566971821427,-0.02046583220095459
danny loader_2000,danny loader_2000,2324,0.09856832802793668,0.015163613487271603,0.010236801517961249,0.011134376301953453,0.0451883410849488,0.8197085395799283,6,2425,0.19524485927259946,0.02396924050285061,0.0010902196778007681,0.00627647085488585,0.7695274741334663,0.003891735558396994,5,0.09667653124466279,0.008805627015579008,-0.00914658184016048,-0.0048579054470676035,0.7243391330485175,-0.8158168040215313,0.7308887258884262,5,0.6917912952142614,0.6708205398587084,-0.02097075535555304
fabio conceicao_2001,fabio conceicao_2001,2324,0.00837123307966419,0.08405749974268625,0.042567904569617274,0.22562005482909958,0.6322873429112744,0.007095964867658277,5,2425,0.0032683808717342325,0.4211518679899932,0.05187068469499497,0.3732052758724266,0.13060231406769535,0.019901476503155602,2,-0.005102852207929958,0.337094368247307,0.009302780125377698,0.147585221043327,-0.501685028843579,0.012805511635497325,0.6222655860313653,5,1.0434456252686832,1.248036163878251,0.20459053860956766
larra_1997,larra_1997,2324,0.0019515135650084812,0.1624663572962522,0.32298208847152304,0.4311421927274657,0.07568960880848068,0.005768239131269835,4,2425,0.00042114444953451706,0.10537695686462728,0.011464779745681818,0.8475300959423917,0.03264642256044069,0.002560600437323872,4,-0.0015303691154739641,-0.057089400431624915,-0.3115173087258412,0.416387903214926,-0.04304318624803999,-0.003207638693945963,0.5249153999771479,4,1.260272725634913,0.5588269909490619,-0.7014457346858513
luismi_2001,luismi_2001,2324,0.12773256859401472,0.41625945261980324,0.1074432263178061,0.06473235838692469,0.2527387604477537,0.03109363363369751,2,2425,0.9683590576413977,0.0024303796980502585,0.0009198441778633178,0.0011631293301451353,0.01601348639906835,0.011114102753475246,1,0.840626489047383,-0.41382907292175297,-0.10652338213994278,-0.06356922905677956,-0.23672527404868532,-0.019979530880222265,0.9743379951958346,1,1.5001022606741998,0.1762682348905814,-1.3238340257836185
manuel manu_2001,manuel manu_2001,2324,5.413099852852144e-05,0.003301637076100562,0.9940808703448645,0.0020871556626481554,0.00036978104989051215,0.00010642486796776289,3,2425,0.005248222409489788,0.5877568861180045,0.06836852669776715,0.24868610354454504,0.034240072352588274,0.05570018887760519,2,0.005194091410961266,0.5844552490419039,-0.9257123436470973,0.24659894788189687,0.03387029130269776,0.05559376400963743,1.1227272587891544,3,0.042074370853467026,1.1457833833277498,1.1037090124742828
tidjany chabrol_2002,tidjany chabrol_2002,2324,0.3284929633868794,0.010474054072598955,0.010189987633942653,0.01820976968965662,0.5849001863177119,0.0477330388992105,5,2425,0.05879536379086638,0.1551612248263099,0.014852456411554311,0.15126912194560566,0.5806855197071825,0.039236313318481264,5,-0.269697599596013,0.14468717075371093,0.0046624687776116586,0.13305935225594903,-0.004214666610529383,-0.008496725580729239,0.33378955325336007,1,0.9920210118980078,1.2466247899809222,0.25460377808291434
tm1070645,fabricio garcia_2001,2324,0.11584442372178162,0.04535000589649592,0.029026184658988995,0.03508542386583222,0.06824685694653819,0.706447104910363,6,2425,0.007664325416223339,0.5882650868748097,0.06383559123393741,0.18820752600623625,0.0965889146393497,0.05543855582944354,2,-0.10818009830555829,0.5429150809783138,0.03480940657494841,0.15312210214040403,0.028342057692811506,-0.6510085490809194,0.5761259098559517,2,1.0389740523689839,1.2255521055097098,0.18657805314072595
tm1072017,wagner pina_2002,2324,0.002055383492040143,0.43267658606731013,0.02800839026857876,0.4763471713212532,0.050323480711365276,0.010588988139452313,4,2425,0.002963469517902244,0.339426656731147,0.11835304820376194,0.39544841515446194,0.13165532484930365,0.012153085543423202,4,0.0009080860258621009,-0.0932499293361631,0.09034465793518318,-0.08089875616679126,0.08133184413793837,0.0015640974039708884,0.17325705982460538,2,1.0271877537586203,1.3239850160831097,0.29679726232448944
tm131740,nermin zolotic_1993,2324,2.7186187937843704e-05,0.0005276637585680189,0.9986325711737021,0.0005674669817325743,0.00018302849501899556,6.208340304074528e-05,3,2425,9.457840541459058e-06,0.0009982057493429903,0.9985447438183382,0.0001898031663124395,0.00010900139192101468,0.0001487880335438796,3,-1.7728347396384646e-05,0.0004705419907749714,-8.782735536383424e-05,-0.0003776638154201348,-7.402710309798088e-05,8.670463050313432e-05,0.0006144490810513579,2,0.012052559368299054,0.012393099829867426,0.00034054046156837235
tm134602,ze luis_1991,2324,0.9257951269242994,0.0030978786935361964,0.002741036657796008,0.0023095007272091344,0.045425697460708105,0.020630759536451142,1,2425,0.3453819964045412,0.034795333634167196,0.015299784934308596,0.02682086862992777,0.5516559497097023,0.02604606668735285,5,-0.5804131305197582,0.031697454940631,0.012558748276512589,0.024511367902718635,0.5062302522489942,0.005415307150901709,0.771305210883652,1,0.3399773749228457,1.068189453190499,0.7282120782676533
tm137313,jonathan buatu_1993,2324,0.02072290702877683,0.024917832148016857,0.8996654595320547,0.015101308774366128,0.026896767823450515,0.012695724693334975,3,2425,4.200574201255542e-05,0.0011709608163048158,0.9965259708214657,0.001353311004967303,0.00035561337679825884,0.000552138238451245,3,-0.020680901286764274,-0.023746871331712043,0.09686051128941098,-0.013747997769398824,-0.026541154446652254,-0.01214358645488373,0.10614618478943241,3,0.48346439172874445,0.027700249753687844,-0.4557641419750566
tm139336,paulo oliveira_1992,2324,0.0008273211096445591,0.012762397884174792,0.9648822338909782,0.015065109952665575,0.002279522473431301,0.004183414689105593,3,2425,1.5017041884643874e-05,0.0014163949295753421,0.9976496262881229,0.0005927073835692102,0.00021752851658559503,0.00010872584026235176,3,-0.0008123040677599152,-0.01134600295459945,0.03276739239714477,-0.014472402569096364,-0.002061993956845706,-0.004074688848843241,0.037640349103758255,3,0.19600849080537877,0.01903649411943707,-0.1769719966859417
tm139341,josue sa_1992,2324,0.00027739290698924787,0.005893422495971812,0.9824580436835305,0.008781278844188653,0.0015244630086044657,0.0010653990607152359,3,2425,0.0004021111866766108,0.019828570022008708,0.9691223133070256,0.00333713620235051,0.004959897478680846,0.0023499718032576195,3,0.0001247182796873629,0.013935147526036896,-0.013335730376504928,-0.0054441426418381424,0.003435434470076381,0.0012845727425423836,0.02033436733708246,2,0.10867579574081784,0.17085527460691155,0.06217947886609371
tm139395,ricardo esgaio_1993,2324,0.012348862195734825,0.12021700292613227,0.0985228601473465,0.532402012585336,0.187651618178605,0.04885764396684539,4,2425,3.1899130481247015e-06,0.0005944952128507725,0.9991285069355654,0.00016075831292902866,4.880294281197943e-05,6.424668279458015e-05,3,-0.0123456722826867,-0.11962250771328149,0.900605646788219,-0.532241254272407,-0.18760281523579303,-0.048793397284050806,1.069592473812532,3,1.3343305934672807,0.00783625624802217,-1.3264943372192586
tm139396,bruma_1994,2324,0.6358903360294741,0.028278617531701664,0.022287696963007305,0.025310682157833716,0.20872299882931017,0.07950966848867301,1,2425,0.790948570956094,0.011001328338576486,0.0030240731928394635,0.010136105162394295,0.10237504476634986,0.08251487758374589,1,0.15505823492661996,-0.017277289193125177,-0.01926362377016784,-0.01517457699543942,-0.10634795406296031,0.003005209095072875,0.1904016892297659,1,1.094874211293302,0.7383732060562925,-0.35650100523700956
tm154319,andre geraldes_1991,2324,0.0023497522501759174,0.053598938622857105,0.8416752502367598,0.07776069337505372,0.019757656923529317,0.004857708591624249,3,2425,0.00042170185291809647,0.09856374445162709,0.8193013475942976,0.0591695720430362,0.01922477813145941,0.0033188559266616536,3,-0.001928050397257821,0.04496480582876999,-0.022373902642462196,-0.018591121332017513,-0.0005328787920699067,-0.0015388526649625957,0.05359157035576178,2,0.6181600029004168,0.6571491258520367,0.038989122951619826
tm155395,salvador agra_1991,2324,0.00870740650147111,0.011656984943635117,0.011958401501620688,0.031821618902921796,0.9271002173325753,0.008755370817776041,5,2425,0.002468567055984545,0.0617780765568881,0.05727173773205105,0.7287726203488661,0.13227834138411532,0.01743065692209503,4,-0.0062388394454865655,0.05012109161325298,0.04531333623043036,0.6969510014459444,-0.79482187594846,0.00867528610431899,1.059286013447358,5,0.3674989527831761,0.9193623295510946,0.5518633767679185
tm159142,aderlan santos_1989,2324,0.00027423869556100837,0.008012815296785235,0.9861564429890257,0.00405101156661716,0.0010298483712051457,0.00047564308080593804,3,2425,9.179158939385651e-06,0.000584752883767984,0.9987044374507196,0.0003942634013406392,7.164731253866811e-05,0.00023571979269373507,3,-0.00026505953662162273,-0.007428062413017251,0.012547994461693857,-0.0036567481652765204,-0.0009582010586664776,-0.00023992328811220297,0.015066137168943344,3,0.08771091027856376,0.01149742708380524,-0.07621348319475851
tm174694,rony lopes_1995,2324,0.11303801123806888,0.028231471964649337,0.02057932826497033,0.03581344261229077,0.09350142001213636,0.7088363259078844,6,2425,0.012867752802239486,0.17052248896383254,0.01875768754521522,0.20779248249682555,0.551541111314978,0.03851847687690908,5,-0.10017025843582938,0.1422910169991832,-0.0018216407197551125,0.17197903988453478,0.4580396913028416,-0.6703178490309752,0.5192892079921201,5,1.011804567884337,1.212347429596972,0.20054286171263502
tm182108,sebastian perez_1993,2324,0.00024522301527602565,0.5020294581392789,0.022679668626533558,0.46587784046777947,0.006410731041298151,0.002757078709833898,2,2425,0.0005625867797628395,0.6729981357249984,0.14663989638838576,0.1592627725638736,0.010486997466524041,0.010049611076455264,2,0.00031736376448681384,0.17096867758571954,0.1239602277618522,-0.30661506790390586,0.00407626642522589,0.007292532366621366,0.37232505061521876,4,0.8383312648164335,0.9388650091212378,0.10053374430480433
tm182710,joao teixeira_1994,2324,0.004578246127489781,0.007451967647642578,0.0029131481299311725,0.01520062050410473,0.9626138589445816,0.0072421586462500815,5,2425,0.0033295425919409104,0.37649982058253934,0.04855068849222672,0.4454120358757166,0.0430958485844267,0.08311206387314983,4,-0.0012487035355488708,0.3690478529348968,0.045637540362295545,0.43021141537161184,-0.9195180103601549,0.07586990522689975,1.0811456402351352,5,0.21418091642636894,1.2361306019314444,1.0219496855050756
tm182936,filipe ferreira_1990,2324,0.0002120210365135649,0.0044149250753325875,0.9773492092630697,0.014937076862482765,0.00210770936592387,0.000979058396677496,3,2425,9.58268420536288e-06,0.0007270214396239448,0.9984178910692924,0.0005055949566560177,0.00017068201012354235,0.00016922784009861533,3,-0.00020243835230820202,-0.0036879036357086426,0.021068681806222678,-0.014431481905826746,-0.0019370273558003276,-0.0008098305565788807,0.025875678011212388,3,0.1306928037491662,0.013733208550825578,-0.11695959519834062
tm190185,marcelo ferreira_1989,2324,0.00013814310703235053,0.0012228244201857518,0.9960760856635609,0.0018255092850749267,0.000597034057874331,0.0001404034662715736,3,2425,1.1259176766978903e-05,0.0012722487598626465,0.9981810705424092,0.0002887612297550208,0.0001331293642020797,0.00011353092700387559,3,-0.00012688393026537162,4.942433967689464e-05,0.0021049848788483594,-0.0015367480553199059,-0.00046390469367225127,-2.6872539267697998e-05,0.002650717975876156,3,0.0305339924556399,0.015000308943847535,-0.015533683511792365
tm207561,maxime dominguez_1996,2324,0.018178119141361446,0.0549554693916883,0.009042766383282235,0.09218973944940594,0.8079046959368131,0.017729209697448966,5,2425,0.024950847728590533,0.3347090595266287,0.08520794112175714,0.12221926022359468,0.23415521291954644,0.19875767847988252,2,0.006772728587229087,0.2797535901349404,0.07616517473847491,0.030029520774188745,-0.5737494830172667,0.18102846878243356,0.6435831851978072,5,0.7384420037886568,1.5862286906722645,0.8477866868836077
tm223367,fredrik aursnes_1995,2324,0.004738170060838463,0.10073856012412082,0.4359778484674019,0.3934366474597929,0.055924797804829826,0.009183976083015907,3,2425,0.0025663262823454776,0.5126455898330632,0.021601047822100473,0.27967315390587594,0.1731617262284186,0.010352155928196334,2,-0.002171843778492985,0.4119070297089424,-0.4143768006453014,-0.11376349355391696,0.11723692842358878,0.0011681798451804275,0.6066851578816375,3,1.189870161820941,1.1479841330957878,-0.041886028725153235
tm225151,rafael barbosa_1996,2324,0.09013171579150116,0.00805283037404895,0.006650110298082052,0.0225625188294263,0.8495828743277724,0.02301995037916915,5,2425,0.003321073686564978,0.17409187777857135,0.041820443803149254,0.5859745137375235,0.1641706237457075,0.030621467248483455,4,-0.08681064210493618,0.1660390474045224,0.0351703335050672,0.5634119949080972,-0.6854122505820648,0.007601516869314307,0.9075048399093105,5,0.5999194885373327,1.1726217182899927,0.57270222975266
tm230457,bruno gaspar_1993,2324,0.0017663165726133044,0.034301043318524606,0.016368799997052496,0.6123512243667791,0.3315095138836091,0.0037031018614213772,4,2425,0.00022792652050296878,0.018077413626286475,0.9564011202217425,0.015257577114259388,0.00649829299128862,0.0035376695259201917,3,-0.0015383900521103357,-0.01622362969223813,0.94003232022469,-0.5970936472525198,-0.3250112208923205,-0.0001654323355011855,1.1602066424420223,3,0.8812727067014643,0.2336041294013786,-0.6476685773000856
tm236997,tiago silva_1993,2324,0.010768753378425217,0.22762456213648832,0.042202601200931604,0.45532075363564967,0.19876281349485705,0.06532051615364826,4,2425,0.00021722190615642946,0.046124062697153675,0.0012750854149376051,0.9200839349281552,0.031230497322082124,0.0010691977315149895,4,-0.010551531472268788,-0.18150049943933466,-0.040927515785994,0.46476318129250555,-0.16753231617277492,-0.06425131842213326,0.5280158324415055,4,1.376853121922084,0.344431815628198,-1.032421306293886
tm238367,cassiano_1989,2324,0.8955431971553781,0.008025473931585201,0.005967945323920755,0.003930481323759,0.030140623651979878,0.05639227861337718,1,2425,0.8550197999149297,0.006512277944200934,0.0008701507342767768,0.0015930188889214493,0.12662056889665724,0.009384183621013821,1,-0.0405233972404484,-0.0015131959873842674,-0.005097794589643979,-0.0023374624348375507,0.09647994524467736,-0.04700809499236336,0.10480585174851564,5,0.45756004242353276,0.4885810464447767,0.031021004021243914
tm257707,joao graca_1995,2324,0.0009987594319678598,0.3453849557125687,0.049441804320749995,0.5455753040224964,0.04230223942760862,0.01629693708460832,4,2425,0.009981278823631635,0.8012668135185691,0.021224141056221543,0.030404977382091112,0.1218082944053285,0.015314494814158083,2,0.008982519391663776,0.4558818578060004,-0.02821766326452845,-0.5151703266404053,0.07950605497771988,-0.0009824422704502386,0.6931283205008177,4,1.054208378959804,0.7319339049034645,-0.32227447405633947
tm261927,ricardo horta_1994,2324,0.34765319405115463,0.009761274363752433,0.008259722680754375,0.027552149577636804,0.5587541486033817,0.04801951072331985,5,2425,0.03580171871600929,0.018798709281506103,0.0021029092576601463,0.025959339464478946,0.9049943712431658,0.012342952037179613,5,-0.31185147533514535,0.00903743491775367,-0.006156813423094229,-0.0015928101131578581,0.34624022263978416,-0.03567655868614024,0.466107018899984,5,1.0220909056988843,0.4462488356010923,-0.575842070097792
tm263860,jason_1994,2324,0.14795838315703586,0.002655197996250129,0.0025936307878727358,0.008008101286480426,0.8253290906063498,0.013455596166011037,5,2425,0.012896781885019469,0.011916564825759009,0.001579627499114573,0.026258486365647482,0.9380376427807674,0.009310896643692109,5,-0.13506160127201638,0.00926136682950888,-0.0010140032887581629,0.018250385079167056,0.11270855217441755,-0.004144699522318928,0.1771009078044852,1,0.5689853932149093,0.31820839802281997,-0.2507769951920893
tm27178,ruben fernandes_1986,2324,8.721632902161444e-05,0.0009253728626754079,0.9977347786851775,0.000872622306332506,0.00022032335157924534,0.00015968646521391608,3,2425,0.00012025064583484355,0.004214970823582284,0.991203590379168,0.002246319832858821,0.0010195931641513954,0.0011952751544046186,3,3.3034316813229116e-05,0.003289597960906876,-0.006531188306009406,0.001373697526526315,0.0007992698125721501,0.0010355886891907026,0.007483638408335723,3,0.018939893884955497,0.061661003301973126,0.04272110941701763
tm276030,artur jorge_1994,2324,0.00011387679375114175,0.005234107781417037,0.9910683861584642,0.002582422204630587,0.00067920963487717,0.00032199742686003454,3,2425,1.4417869648124907e-05,0.00037475434062631853,0.9988150757410436,0.0005412024437568084,0.00011416396432553427,0.00014038564059959144,3,-9.945892410301684e-05,-0.0048593534407907184,0.007746689582579402,-0.0020412197608737784,-0.0005650456705516357,-0.0001816117862604431,0.009387239325325807,3,0.06035055819571993,0.01065398080733914,-0.04969657738838079
tm288253,jerry st juste_1996,2324,0.00036310373765657323,0.02387481444580414,0.9641732413926919,0.007420907451080128,0.0020077472862114884,0.002160185686555861,3,2425,0.00010201627790868944,0.009665649521452541,0.9859176726432308,0.001800270281321591,0.000505298061824846,0.0020090932142614874,3,-0.00026108745974788377,-0.0142091649243516,0.02174443125053893,-0.005620637169758537,-0.0015024492243866424,-0.00015109247229437356,0.026620250577040157,3,0.1893399940002974,0.08745031914364461,-0.1018896748566528
tm290391,nuno santos_1995,2324,0.06300483918716658,0.05145269706359241,0.03853879813021381,0.10310674807460021,0.45276402017206485,0.2911328973723623,5,2425,0.029295121982096318,0.10772026168918535,0.09122938758419996,0.21295240370728802,0.12915655011624352,0.42964627492098684,6,-0.033709717205070266,0.05626756462559294,0.05269058945398615,0.1098456556326878,-0.32360747005582136,0.13851337754862453,0.3519467925940709,5,1.4046017771794723,1.5185648068534154,0.11396302967394312
tm291939,samu_1996,2324,0.005807506512922685,0.3602332315588113,0.021978844816456945,0.37643757667330263,0.22242863906402927,0.01311420137447719,4,2425,0.009207371671947281,0.4300892104899346,0.008467667823634308,0.2582747632045102,0.26726875149108226,0.02669223531889146,2,0.0033998651590245966,0.06985597893112327,-0.013511176992822636,-0.11816281346879243,0.04484011242705299,0.01357803394441427,0.14507603161304022,4,1.2405698224061805,1.245470621025421,0.004900798619240421
tm291968,neto_1991,2324,2.141904091723874e-05,0.9766104060936464,0.0011947892778287666,0.02160219152947596,0.0005101367425560688,6.105731557593318e-05,2,2425,0.0006120359511012383,0.7931302095679407,0.14342459722257586,0.046973001690402194,0.005816528589567821,0.01004362697841216,2,0.0005906169101839995,-0.18348019652570569,0.1422298079447471,0.025370810160926235,0.005306391847011752,0.009982569662836227,0.23359470331345616,2,0.11868814993044158,0.6866720465850548,0.5679838966546131
tm29364,joao moutinho_1986,2324,4.4240180985067035e-42,1.9391443665586914e-38,4.272932152752568e-40,1.0,7.385976573456167e-40,2.3780969510394466e-41,4,2425,0.0011590313481169927,0.649699195675179,0.07332602093289617,0.2443217953290744,0.019204278671050887,0.012289678043682584,2,0.0011590313481169927,0.649699195675179,0.07332602093289617,-0.7556782046709256,0.019204278671050887,0.012289678043682584,0.9994525736093938,4,1.3815510557964273e-10,0.9538890908803345,0.9538890907421793
tm295414,adrian marin_1997,2324,0.0001076638616875734,0.003498817463477538,0.9839565241460168,0.010236643301730144,0.0014633609442875626,0.0007369902828004655,3,2425,0.000978787354632505,0.015748664255740032,0.9178892964449944,0.03690185525695663,0.010310514440592077,0.018170882247084377,3,0.0008711234929449316,0.012249846792262493,-0.06606722770102236,0.026665211955226482,0.008847153496304515,0.01743389196428391,0.07283544351671736,3,0.09845403623912162,0.39254980669515765,0.294095770456036
tm306668,amine oudrhiri_1992,2324,0.00018916266408911032,0.11298575428479786,0.0158557915783233,0.8601719357966573,0.010222591524934663,0.000574764151197736,4,2425,0.0006252757678023219,0.5518729376889402,0.2794002750259956,0.14991322406657626,0.008628418667372014,0.009559868783313621,2,0.00043611310371321165,0.43888718340414234,0.26354448344767234,-0.710258711730081,-0.001594172857562649,0.008985104632115885,0.8755271690143801,4,0.49439829476011304,1.0588863199024456,0.5644880251423325
tm308371,mikel villanueva_1993,2324,0.00021925278356966677,0.0052277138926040525,0.9909585846757644,0.002329761315399061,0.0008372402207019932,0.0004274471119607602,3,2425,6.23461597092924e-05,0.004012481706613845,0.993241475323371,0.0012524769226853797,0.0008837992702590728,0.0005474206173614883,3,-0.0001569066238603744,-0.0012152321859902077,0.0022828906476066724,-0.0010772843927136814,4.655904955707963e-05,0.0001199735054007281,0.0028063691972525563,3,0.061684118148185134,0.048176952402404535,-0.013507165745780599
tm314944,ricardo mangas_1998,2324,0.005050365731328546,0.051409838206079535,0.031184399159024153,0.5222173930706385,0.37595525745209313,0.014182746380836065,4,2425,0.018276043369483144,0.03684370067596126,0.00547046153556901,0.02383020326435721,0.9098751628887068,0.005704428265922698,5,0.013225677638154599,-0.014566137530118276,-0.02571393762345514,-0.4983871898062813,0.5339199054366137,-0.008478318114913367,0.7311009190830514,5,1.0548498553412788,0.42771620542422406,-0.6271336499170548
tm325443,viktor gyokeres_1998,2324,0.28010292362672184,0.003529458935577186,0.004398515271835015,0.003990468967839047,0.02692490251453561,0.6810537306834913,6,2425,0.055010813807295895,0.005756127303520196,0.0024224844524684784,0.005064787190974804,0.025550274416657887,0.9061955128290828,6,-0.22509210981942596,0.0022266683679430096,-0.0019760308193665366,0.0010743182231357567,-0.0013746280978777226,0.22514178214559155,0.2251185563538298,1,0.7812270437486734,0.4135471454007134,-0.36767989834795994
tm329722,andre horta_1996,2324,0.17430305741944385,0.06378343269660124,0.029510347437345652,0.2020605739256524,0.4184725889063814,0.11186999961457543,5,2425,0.006180624632505541,0.08128906192317668,0.03630257201653618,0.5308232555124707,0.0642526317975159,0.2811518541177951,4,-0.1681224327869383,0.017505629226575448,0.006792224579190528,0.32876268158681826,-0.3542199571088655,0.16928185450321964,0.512029698937389,5,1.516739186369842,1.2251217824559288,-0.2916174039139132
tm33829,jose fonte_1983,2324,0.0005060846170113461,0.006022846024217615,0.9878665636334978,0.0032915291547359433,0.0014992917026324854,0.0008136848679048963,3,2425,4.020906630475286e-06,0.00025251135355636465,0.9995261778701303,0.000126042272181389,4.0445651410246934e-05,5.08019460911418e-05,3,-0.0005020637103808707,-0.005770334670661251,0.011659614236632532,-0.003165486882554554,-0.0014588460512222384,-0.0007628829218137546,0.013477535877622154,3,0.08104381886760591,0.004658641657558999,-0.07638517721004691
tm344395,jorge fernandes_1997,2324,6.8252804613905015e-06,0.0003661880603771827,0.9991372739750423,0.00042746622402957,4.448782456798023e-05,1.775863552146221e-05,3,2425,1.7179724766801143e-05,0.0016912164517481484,0.997305811979583,0.0003663915267783662,0.0001649390317176607,0.0004544612854058588,3,1.0354444305410642e-05,0.0013250283913709658,-0.0018314619954592493,-6.107469725120381e-05,0.00012045120714968048,0.0004367026498843966,0.0022645748177562426,3,0.007797116180809343,0.02150605303651937,0.013708936855710029
tm344474,ilija vukotic_1999,2324,0.0009190049669589665,0.39194283578919054,0.03208045605540032,0.5604393683089454,0.013205651285823827,0.0014126835936808882,4,2425,3.859198987984765e-05,0.9956853334634169,0.00028000963041603834,0.0016148284593866984,0.0022990365392228907,8.219991767749739e-05,2,-0.0008804129770791189,0.6037424976742264,-0.03180044642498429,-0.5588245398495587,-0.010906614746600936,-0.0013304836760033908,0.8233595008263727,2,0.8748022171912693,0.03210963161402811,-0.8426925855772411
tm344519,bruno costa_1997,2324,0.0016368908265770297,0.05720105445833704,0.04308906849745956,0.8021711297003636,0.08188022393472057,0.01402163258254225,4,2425,0.001273163806356619,0.08344757518948388,0.006172487744663167,0.7497289946276813,0.15043529386584392,0.008942484765971334,4,-0.00036372702022041074,0.02624652073114684,-0.03691658075279639,-0.05244213507268236,0.06855506993112336,-0.005079147816570916,0.09747728569546943,5,0.7512190208663648,0.790229425768415,0.03901040490205021
tm357162,florentino luis_1999,2324,0.0006061645397267681,0.7582512513796796,0.04643058990423384,0.1773642780205779,0.0043006022628134365,0.013047113892968438,2,2425,0.0018850980905274989,0.7839076171862374,0.10849026337667153,0.040404488680585854,0.018664284715006314,0.04664824795097139,2,0.0012789335508007309,0.025656365806557724,0.06205967347243769,-0.13695978933999203,0.014363682452192878,0.033601134058002954,0.15321745043752452,4,0.7436701582681332,0.7905853842907712,0.04691522602263798
tm364244,godfried frimpong_1999,2324,0.021381626298398692,0.04922215398545169,0.5835410733257064,0.13588637056425748,0.12776503507173143,0.08220374075445457,3,2425,0.0005392022935313307,0.018921254835301486,0.916809616947287,0.03833332886492147,0.018940790678488795,0.00645580638046984,3,-0.020842424004867362,-0.030300899150150204,0.33326854362158065,-0.09755304169933601,-0.10882424439324263,-0.07574793437398472,0.36575919046267075,3,1.2842596916413562,0.3914614531696541,-0.8927982384717021
tm366278,rodrigo pinho_1991,2324,0.9693639619391572,0.0008249432167009636,0.0012078164867391503,0.0008845214304005104,0.013410051911188076,0.014308705015813997,1,2425,0.9642663744719582,0.004553698531591392,0.0009731179215569799,0.0010589138959403693,0.022300558082225024,0.006847337096728222,1,-0.005097587467199016,0.0037287553148904282,-0.00023469856518217036,0.00017439246553985893,0.008890506171036948,-0.007461367919085775,0.010909427588551554,5,0.16894124663013316,0.1925814545370349,0.023640207906901745
tm367468,nuno santos_1999,2324,0.10743344891950388,0.028586647831991288,0.013114884946410653,0.03754549383631219,0.7337331381058761,0.07958638635990589,5,2425,0.011896852148742972,0.03354906966612136,0.004490281287302238,0.16173168186422152,0.7828514633092942,0.005480651724317551,5,-0.0955365967707609,0.004962421834130072,-0.008624603659108415,0.12418618802790932,0.04911832520341808,-0.07410573463558834,0.1645024921056441,4,0.9499608839646787,0.7057173135182299,-0.24424357044644884
tm367652,rodrigo abascal_1994,2324,8.69519954404664e-05,0.0023374097841347254,0.9936186801949113,0.002989152405040912,0.0007455827284759218,0.00022222289199660812,3,2425,4.728292382233253e-06,0.00040024077861425744,0.9992328825582919,0.00021590456406604626,5.856453748261923e-05,8.76792691630052e-05,3,-8.222370305823315e-05,-0.001937169005520468,0.005614202363380616,-0.0027732478409748657,-0.0006870181909933025,-0.00013454362283360293,0.006591020425739077,3,0.045949363638347555,0.0071682608116693915,-0.03878110282667816
tm373187,maracas_1994,2324,0.009176767742041856,0.040899326073819,0.883932712944989,0.028448414768536833,0.022235229373488874,0.015307549097124451,3,2425,0.00014258649219855258,0.009061648827166341,0.9848001304332787,0.00281950231529097,0.0021066543521043955,0.001069477579961039,3,-0.009034181249843303,-0.03183767724665266,0.10086741748828976,-0.02562891245324586,-0.02012857502138448,-0.014238071517163413,0.11104724544085562,3,0.5327163346793495,0.095822042963484,-0.4368942917158655
tm374987,elves balde_1999,2324,0.10898896150818278,0.021802085906924392,0.01656025356574469,0.06395793445986993,0.6641477185329003,0.12454304602637778,5,2425,0.013243273594486734,0.01727547330265387,0.003696675352762608,0.15811449403257202,0.7977120210330385,0.009958062684486336,5,-0.09574568791369605,-0.004526612604270522,-0.012863578212982084,0.0941565595727021,0.13356430250013818,-0.11458498334189145,0.18988965014737835,5,1.099987007872502,0.6659034117159871,-0.43408359615651493
tm375376,pedro alvaro_2000,2324,0.0003884010001564871,0.006128611357971268,0.9843431433806284,0.006713244528311466,0.0016357439261545706,0.0007908558067778071,3,2425,3.077713904279163e-05,0.0016019688950151454,0.9972835788784875,0.0006142800141119377,0.00021854533509672188,0.0002508497382458853,3,-0.0003576238611136955,-0.004526642462956122,0.01294043549785906,-0.0060989645141995286,-0.0014171985910578487,-0.0005400060685319219,0.015075777846588468,3,0.09954176695701675,0.02180793119881373,-0.07773383575820302
tm379249,matheus reis_1995,2324,0.004765879041348249,0.047579219904110535,0.4865674151014574,0.3412144937650071,0.10391980477868333,0.015953187409393343,3,2425,0.0023897478336155444,0.09262686588800258,0.5301315768684194,0.3148793981386074,0.045061021142475434,0.014911390128879683,3,-0.002376131207732705,0.04504764598389204,0.043564161766961984,-0.02633509562639974,-0.0588587836362079,-0.0010417972805136597,0.08994813100587477,5,1.1890820620852618,1.1374918483812066,-0.05159021370405514
tm383014,goncalo costa_2000,2324,0.0064121583714264576,0.3021232272388073,0.10096721080239036,0.41290097784474106,0.10406696954243982,0.07352945620019499,4,2425,0.007247307245777721,0.5926228440970868,0.09010452630330092,0.14993668869834645,0.08998734064390326,0.07010129301158508,2,0.0008351488743512632,0.29049961685827946,-0.010862684499089448,-0.2629642891463946,-0.014079628898536561,-0.0034281631886099173,0.39224632069551063,2,1.4181316890165203,1.250153820661722,-0.16797786835479833
tm383807,kikas_1998,2324,0.8891831222081388,0.0019430279897164882,0.0026120078831176124,0.002513808078240753,0.025887986300956473,0.07786004753982985,1,2425,0.9820351031754705,0.0011001371990684871,0.0003029307165281964,0.00036020690061668286,0.013448485776354805,0.0027531362319613588,1,0.09285198096733172,-0.0008428907906480011,-0.002309077166589416,-0.00215360117762407,-0.012439500524601669,-0.07510691130786849,0.0937385291283034,1,0.4405090461159882,0.10478521404481218,-0.335723832071176
tm390638,arthur cabral_1998,2324,0.7724272544807672,0.01295594838329789,0.011505767599576857,0.005032006424996977,0.04719170801317045,0.15088731509819045,1,2425,0.30657540642188275,0.025876402284388172,0.010782973573894017,0.006174433429468188,0.05804962044247783,0.592541163847889,6,-0.46585184805888447,0.012920453901090282,-0.0007227940256828401,0.0011424270044712104,0.010857912429307379,0.4416538487496986,0.46615941940700373,1,0.763227612935052,1.0126140961703831,0.24938648323533108
tm394328,rafik guitane_1999,2324,0.03859607295699592,0.0036563090452897363,0.0037879300479947936,0.01380346784298262,0.9357145640376989,0.004441656069038093,5,2425,0.03539369419682224,0.08878204714954037,0.04819991416544905,0.3292463095786928,0.33755189899593996,0.16082613591355566,5,-0.0032023787601736797,0.08512573810425063,0.044411984117454256,0.31544284173571013,-0.598162665041759,0.15638447984451756,0.6830313544069012,5,0.3126034597164653,1.505679669094143,1.1930762093776777
tm395632,marious vrousai_1998,2324,0.0060386572455861645,0.3773980582624659,0.035076379335781734,0.46772306328081414,0.10663464448341797,0.0071291973919340255,4,2425,0.00038962103220041485,0.1539202224163884,0.11949184163555789,0.6997448519562748,0.023018340991000877,0.0034351219685775087,4,-0.00564903621338575,-0.22347783584607753,0.08441546229977615,0.23202178867546064,-0.0836163034924171,-0.0036940754233565167,0.34340358418305356,4,1.1454679515621624,0.9010933144319868,-0.2443746371301756
tm396342,toni borevkovic_1997,2324,0.0006892176844629735,0.01618067486785558,0.9724870213605743,0.006583794677509135,0.0025018130063432487,0.0015574784032548418,3,2425,5.859067001092947e-07,3.3330861808640274e-05,0.999931114921933,2.205725604136803e-05,5.5583318751593924e-06,7.352721641761891e-06,3,-0.0006886317777628642,-0.01614734400604694,0.027444093561358684,-0.006561737421467768,-0.0024962546744680893,-0.0015501256816130799,0.032614059682407964,3,0.15700421374214615,0.0008115636867228157,-0.15619265005542335
tm402112,morlaye sylla_1998,2324,0.00495006540792848,0.7514519279470137,0.01595689128131458,0.16926606145797887,0.05372242829813345,0.004652625607630975,2,2425,0.005668494664570864,0.5640052278096496,0.050500218396881555,0.22163241729253824,0.14475718419916694,0.013436457637192941,2,0.000718429256642384,-0.1874467001373641,0.03454332711556697,0.05236635583455937,0.09103475590103349,0.008783832029561966,0.2176225746253113,2,0.789761019203392,1.1747271437258486,0.3849661245224566
tm406151,ze pedro figueiredo_1997,2324,0.00512819212077044,0.010865845886329363,0.9593267170688735,0.00848953400561437,0.012663643307031014,0.003526067611381225,3,2425,1.6793170800529204e-42,1.904735336245471e-40,1.0,1.0241816614610038e-40,1.8116263190755192e-41,2.474708934928924e-41,3,-0.00512819212077044,-0.010865845886329363,0.040673282931126487,-0.00848953400561437,-0.012663643307031014,-0.003526067611381225,0.04506795929580851,3,0.231739772704855,1.3815510557964273e-10,-0.2317397725666999
tm410281,renato pantalon_1997,2324,0.000514832432468307,0.007351988036935862,0.9848509327524794,0.0037086902677106086,0.002589250888222132,0.0009843056221835813,3,2425,2.0995328119517606e-06,0.0002278017185029449,0.9996350246201056,7.542637535604363e-05,2.3519058380598254e-05,3.61286948428582e-05,3,-0.0005127328996563553,-0.0071241863184329166,0.014784091867626192,-0.003633263892354565,-0.002565731829841534,-0.0009481769273407231,0.017010875474551483,3,0.0980459256405569,0.0036391110643740027,-0.0944068145761829
tm412367,weverson_2000,2324,2.8763712717695417e-05,0.000557967025845463,0.9965559626066061,0.002390119961016176,0.0003900396017197994,7.714709209489359e-05,3,2425,0.0005557572197581051,0.033481897168601935,0.9038997277216895,0.03734001118174423,0.01853380304293414,0.006188803665272003,3,0.0005269935070404097,0.03292393014275647,-0.09265623488491659,0.03494989122072806,0.01814376344121434,0.006111656573177109,0.10592512359870945,3,0.026138551752460076,0.437370602804104,0.41123205105164395
tm412669,francisco trincao_1999,2324,0.48317464297569335,0.014200247920152703,0.014920166660046854,0.0324135541548702,0.24115888017897927,0.21413250811025766,1,2425,0.13034283071544944,0.05854413974171757,0.01323756831990404,0.197770234335508,0.40952166155469893,0.19058356533272205,5,-0.3528318122602439,0.04434389182156487,-0.0016825983401428136,0.16535668018063782,0.16836278137571967,-0.02354894277753561,0.42678842235331904,1,1.2587694787079453,1.4910267219845943,0.23225724327664898
tm413118,sikou niakate_1999,2324,0.00022807686104323288,0.002851582556953473,0.9932975211583587,0.002211487017648393,0.0009523772136796773,0.00045895519231646634,3,2425,1.4584580233654131e-05,0.0006160603021589432,0.9986465356103567,0.00046136895788052157,0.0001453989864821518,0.00011605156288824116,3,-0.00021349228080957874,-0.00223552225479453,0.00534901445199798,-0.0017501180597678714,-0.0008069782271975254,-0.0003429036294282252,0.006113037002638432,3,0.04897679081413244,0.011949242384621563,-0.03702754842951088
tm415525,kanya fujimoto_1999,2324,0.09921341890660253,0.10885224309384213,0.04498322252826906,0.06653785550069956,0.6467875015640534,0.03362575840653329,5,2425,0.016633021269058322,0.11608844207788803,0.00754511566085444,0.11658153892244523,0.7321214837166939,0.011030398353060047,5,-0.08258039763754421,0.0072361989840458996,-0.03743810686741462,0.05004368342174567,0.08533398215264054,-0.022595360053473245,0.13438658882481785,5,1.1863735434259135,0.8835419429228719,-0.3028316005030416
tm415645,alexandre pinto_1998,2324,6.847422177132336e-05,0.0027460486782211486,0.9897188369599901,0.006393656053858273,0.0007320234122728244,0.0003409606738861392,3,2425,0.0008112122869685804,0.04591888141156144,0.839073893285375,0.08086759465635643,0.02348023254118079,0.009848185818557722,3,0.000742738065197257,0.04317283273334029,-0.15064494367461512,0.07447393860249815,0.022748209128907966,0.009507225144671583,0.17499197910282527,3,0.06739055998642199,0.6314337668952881,0.5640432069088661
tm420196,justin de haas_2000,2324,0.0002866961228494006,0.006820435376421283,0.9882589874639495,0.0025026347314796656,0.001794007626662201,0.0003372386786381065,3,2425,1.683860438179774e-05,0.0015961109208226841,0.9974139868564568,0.0005672706955149081,0.00021890830773445036,0.0001868846150894129,3,-0.00026985751846760286,-0.005224324455598599,0.009154999392507301,-0.0019353640359647574,-0.0015750993189277507,-0.0001503540635486936,0.010835449911777572,3,0.07706160066276835,0.02073628440299089,-0.05632531625977746
tm426620,pedro goncalves_1998,2324,0.33897949417312423,0.014363492548524235,0.015480295791949863,0.02715731893254844,0.1874939524175589,0.4165254461362943,6,2425,0.12421050307449824,0.03212884540175136,0.010876439388289876,0.08413900473483499,0.3117101348084797,0.43693507259214587,6,-0.214768991098626,0.017765352853227123,-0.004603856403659987,0.05698168580228655,0.1242161823909208,0.020409626455851593,0.25522361818207945,1,1.268778290807814,1.35210077102626,0.08332248021844602
tm428786,alan_2000,2324,0.01241408920679194,0.08707795760333378,0.014442926975406962,0.12501574805247367,0.7311599009559597,0.02988937720603371,5,2425,0.0063154721391637456,0.02174896153196735,0.0018510589581919627,0.2627251080068875,0.7026765552300794,0.004682844133710073,5,-0.006098617067628194,-0.06532899607136644,-0.012591868017215,0.1377093599544138,-0.028483345725880294,-0.025206533072323636,0.15568813314054308,4,0.9220496835321753,0.7511265612358543,-0.170923122296321
tm429309,jordan holsgrove_1999,2324,0.0036140609154170335,0.11514321393809063,0.013024237062641891,0.6730389903198808,0.18733282468935478,0.007846673074614965,4,2425,4.9944048112635236e-42,1.4996200979554118e-39,1.0241816614610038e-40,1.0,4.238799344868809e-40,2.474708934928924e-41,4,-0.0036140609154170335,-0.11514321393809063,-0.013024237062641891,0.3269610096801192,-0.18733282468935478,-0.007846673074614965,0.3942559333231304,4,0.9440371940035996,1.3815510557964273e-10,-0.9440371938654445
tm433358,tomas ribeiro_1999,2324,0.00022853930452845103,0.0014475540473705372,0.9948985165669885,0.0020159250223135373,0.001172764671774653,0.00023670038702406837,3,2425,0.01553912637571534,0.3868265044570049,0.31043948193471943,0.0411213997604868,0.13733082005454786,0.10874266741752583,2,0.015310587071186888,0.3853789504096344,-0.684459034632269,0.03910547473817327,0.1361580553827732,0.10850596703050176,0.7983130800539032,3,0.0388710265594446,1.4404066298314955,1.401535603272051
tm437566,claudio falcao_1994,2324,0.00019961541266004502,0.9272187208383503,0.004694933772428927,0.06447095671118658,0.0028194018521586844,0.0005963714132155014,2,2425,0.001106570233161255,0.16246575054957216,0.7206312460185723,0.09127105834818516,0.008253516887869548,0.0162718579626396,3,0.0009069548205012099,-0.7647529702887782,0.7159363122461434,0.026800101636998586,0.005434115035710863,0.0156754865494241,1.0479315370667768,2,0.2946683223487343,0.8639792185594111,0.5693108962106768
tm448470,andre franco_1998,2324,0.0032612811799433363,0.3333423677576341,0.025208844970012776,0.33633635321572286,0.2855334352056496,0.0163177176710373,4,2425,0.005062293762045056,0.6972054133699147,0.014910402282322254,0.14885359497588477,0.12104504690688206,0.012923248702951112,2,0.00180101258210172,0.3638630456122806,-0.010298442687690522,-0.1874827582398381,-0.16448838829876755,-0.0033944689680861888,0.44126163673347,2,1.269189448765155,0.9362649261225741,-0.3329245226425809
tm448920,enea mihaj_1998,2324,7.52822737097221e-05,0.0014054625267177756,0.9970309551137131,0.0009976402902440763,0.0003349436284057076,0.00015571616720970664,3,2425,8.208030311094085e-07,4.652701549340417e-05,0.9998934046785413,3.9362397672504024e-05,9.665245502038862e-06,1.0219859759898666e-05,3,-7.44614706786127e-05,-0.0013589355112243716,0.0028624495648281734,-0.0009582778925715723,-0.00032527838290366876,-0.00014549630744980797,0.003327156487339167,3,0.023848718957891493,0.001210504269293059,-0.022638214688598435
tm451858,rui costa_1996,2324,0.9139355673239156,0.0018038461678519739,0.001935759135516475,0.0024153318242632117,0.03388691355295233,0.04602258199550058,1,2425,0.98292858638903,0.0006044339022253498,0.00020204871768822713,0.0007167496922095796,0.010739682735120137,0.004808498563726489,1,0.06899301906511446,-0.001199412265626624,-0.001733710417828248,-0.001698582132053632,-0.02314723081783219,-0.04121408343177409,0.07282280204103933,1,0.3766781086613631,0.10266952660526889,-0.2740085820560942
tm452607,alexander bah_1997,2324,0.013515495785163206,0.09089631046974228,0.3399773740281464,0.32594986743877596,0.15704223748717566,0.07261871479099664,3,2425,0.0007177784613413108,0.03274039091529553,0.7890144911742432,0.13771164000807432,0.01263075870743087,0.02718494073361474,3,-0.012797717323821895,-0.05815591955444675,0.4490371171460968,-0.18823822743070165,-0.1444114787797448,-0.0454337740573819,0.5113399364340775,3,1.4894972117601326,0.7303609262942757,-0.7591362854658569
tm45320,angel di maria_1988,2324,0.17612417094047322,0.004991514641691997,0.005448639480137561,0.008595674955716861,0.05345197803157741,0.7513880219504029,6,2425,0.23362536630971506,0.020860415195020767,0.005827916563111007,0.09021493288706926,0.4501973268346283,0.1992740422104555,5,0.057501195369241836,0.01586890055332877,0.0003792770829734466,0.0816192579313524,0.3967453488030509,-0.5521139797399474,0.4094226769328831,5,0.7729229668773516,1.348162706086325,0.5752397392089734
tm454121,galeno_1997,2324,0.19977820488392378,0.01934592689360999,0.017338969687310753,0.047201034391347006,0.5632852208691934,0.153050643274615,5,2425,0.054273355669287066,0.38680185178756094,0.04981440856103921,0.0932368624398563,0.32209130328503727,0.09378221825721919,2,-0.14550484921463672,0.36745592489395096,0.03247543887372846,0.04603582804850929,-0.24119391758415615,-0.05926842501739582,0.46641609680454743,2,1.223086401405612,1.483034807143847,0.2599484057382351
tm454567,orkun kokcu_2000,2324,0.274514348185077,0.05042330231119926,0.029411558658841833,0.08445422690626876,0.32364152544817354,0.2375550384904396,5,2425,0.011465361689509602,0.06223711157039439,0.0037451772261452233,0.35706311520946854,0.5529706112485991,0.012518623055883022,5,-0.26304898649556735,0.011813809259195132,-0.02566638143269661,0.2726088883031998,0.2293290858004256,-0.22503641543455657,0.4437347564676131,4,1.5245141942032205,0.9951425576044686,-0.529371636598752
tm454576,robert bozenik_1999,2324,0.8435941646084896,0.005818794034206704,0.003616308396193565,0.003185652852642363,0.0356910772713485,0.10809400283711947,1,2425,0.9569407142350108,0.004707499494167991,0.0011011425723547424,0.0016131839845742037,0.020705284999198926,0.014932174714693509,1,0.11334654962652124,-0.001111294540038713,-0.0025151658238388224,-0.0015724688680681595,-0.014985792272149575,-0.09316182812242596,0.11437678075238274,1,0.5715113698682712,0.22827697962913146,-0.34323439023913976
tm458715,robson bambu_1997,2324,3.3243259801151947e-06,0.0001303028627192396,0.999694715441258,0.00013313152204348552,2.7972134070530166e-05,1.0553713928687065e-05,3,2425,0.008250696152978484,0.07080181915047375,0.8679744194472919,0.008718220174626371,0.028421240054161082,0.015833605020468364,3,0.008247371826998369,0.0706715162877545,-0.13172029599396606,0.008585088652582886,0.028393267920090552,0.015823051306539677,0.1526191342642065,3,0.0031151078857813625,0.5581376330256305,0.5550225251398491
tm461496,morten hjulmand_1999,2324,0.00044985300632770556,0.2813679066496067,0.00846197976208347,0.695002407966569,0.013993632523425,0.0007242200919881051,4,2425,0.00020067517006619166,0.8234420725846617,0.00959336495757742,0.15616541423153,0.009573515735824907,0.0010249573203397703,2,-0.00024917783626151387,0.542074165935055,0.0011313851954939495,-0.538836993735039,-0.004420116787600093,0.0003007372283516652,0.7643366972389005,2,0.7184963241053347,0.5477833322587976,-0.1707129918465371
tm461629,gustavo assuncao_2000,2324,1.465237341498893e-05,0.6299962263675756,0.0015346706406573884,0.36773329756444184,0.0005464212466948406,0.00017473180721551393,2,2425,0.0003506488422915454,0.9383515513869618,0.015532278037236238,0.037494665347562024,0.005685640841599208,0.0025852155443489983,2,0.0003359964688765565,0.30835532501938623,0.01399760739657885,-0.3302386322168798,0.0051392195949043675,0.002410483737133484,0.45206528086194303,4,0.6746872884299411,0.2950990469854747,-0.3795882414444664
tm461937,nuno goncalo moreira_1999,2324,0.013809219114837852,0.003193080130431886,0.0017494884830696815,0.013810837747311419,0.9655640016584986,0.001873372865850264,5,2425,0.1302089510213147,0.0702373456360517,0.005165820956523791,0.07396655578708584,0.6750543764725028,0.045366950126521186,5,0.11639973190647684,0.06704426550561982,0.00341633247345411,0.060155718039774424,-0.2905096251859959,0.04349357726067092,0.3256839805566825,5,0.19333639987527004,1.0773979843466623,0.8840615844713923
tm461943,daniel braganca_1999,2324,0.026990915599765086,0.30311168447630144,0.02891397501875771,0.35033381479349873,0.23213263466460538,0.058516975447071524,4,2425,0.06355590402945879,0.31038652072148554,0.022270173973206096,0.2441956532928787,0.28824866066842936,0.07134308731454155,2,0.036564988429693704,0.007274836245184102,-0.006643801045551612,-0.10613816150062003,0.05611602600382398,0.01282611186747002,0.1258903467895148,4,1.4343314882345672,1.5141983820952383,0.07986689386067103
tm466805,nicolas gonzalez_2002,2324,0.0013753660486590885,0.9125278075969527,0.009242026954847318,0.049069772431686816,0.026333318805831084,0.00145170816202316,2,2425,0.03974957292390683,0.6543919569427876,0.020958176106899942,0.11478612752966073,0.13378322863396405,0.036330937862780924,2,0.03837420687524774,-0.2581358506541651,0.011716149152052624,0.06571635509797391,0.10744990982813296,0.03487922970075776,0.2900139440555295,2,0.3890622727967456,1.1247263062852595,0.7356640334885138
tm468332,ismael_1999,2324,0.0009681370982462788,0.876266475393405,0.03899154623252721,0.07424265196709008,0.006960288366639621,0.0025709009420915737,2,2425,0.0004394016979586295,0.867947099717754,0.03905398661334493,0.08293143427664096,0.005917075906980644,0.0037110017873209084,2,-0.0005287354002876494,-0.008319375675650997,6.244038081772152e-05,0.008688782309550877,-0.0010432124596589766,0.0011401008452293347,0.01208630223914823,4,0.49193412561764005,0.5105642054797727,0.01863007986213261
tm471582,zaydou youssouf_1999,2324,0.0003062392046438567,0.587485643544599,0.00678812438217421,0.36364956529657533,0.040601632586297204,0.001168794985710415,2,2425,2.964631617923563e-05,0.9932893008476823,0.00037256924379836713,0.0048412055693059656,0.0013480542442190558,0.0001192237788151911,2,-0.0002765928884646211,0.4058036573030833,-0.006415555138375843,-0.3588083597272694,-0.03925357834207815,-0.0010495712068952238,0.5431409822088082,2,0.8546856937272884,0.04573172972912656,-0.8089539639981619
tm478365,moura_1999,2324,0.0032354357830879092,0.012475429363766968,0.8918159101782296,0.055991388762549874,0.025888850498120387,0.010592985414245363,3,2425,0.011926984833885271,0.24957301379864458,0.11332781622608434,0.12243260288939806,0.33132053966727987,0.17141904258470797,5,0.008691549050797363,0.2370975844348776,-0.7784880939521452,0.06644121412684818,0.30543168916915947,0.1608260571704626,0.8718012799247178,3,0.47951887049498365,1.5714543222004256,1.0919354517054418
tm478366,miguel reisinho_1999,2324,0.0004715612438414759,0.7837251523247686,0.008659466034145231,0.18501218975468406,0.0214150654825375,0.0007165651600231716,2,2425,0.008132178945897156,0.5030954078395985,0.07251495352653262,0.29669456192923077,0.10619964754624073,0.01336325021250017,2,0.00766061770205568,-0.2806297444851701,0.06385548749238738,0.11168237217454671,0.08478458206370323,0.012646685052476998,0.32023528763477976,2,0.6354061771053409,1.2313329783132951,0.5959268012079543
tm479648,felix correia_2001,2324,0.14922411903282484,0.005682679269782028,0.005223782006497475,0.014789268838664212,0.8108684526657559,0.014211698186475611,5,2425,0.008542322895699034,0.021224163285518634,0.002072503811735378,0.07131181699524775,0.8875820560050044,0.009267137006794945,5,-0.1406817961371258,0.015541484015736606,-0.003151278194762097,0.05652254815658353,0.07671360333924848,-0.004944561179680666,0.170653483502227,1,0.6334698945891727,0.47280192101117785,-0.16066797357799484
tm479649,goncalo borges_2001,2324,0.011425913735519589,0.011025153461300698,0.00613027913660528,0.013164028656780026,0.02647616416146691,0.9317784608483274,6,2425,0.1725497251780541,0.045109761759426055,0.006237910463300822,0.13712977465006537,0.4359540372141868,0.20301879073496695,5,0.1611238114425345,0.03408460829812536,0.00010763132669554254,0.12396574599328535,0.4094778730527199,-0.7287596701133604,0.4584346075729445,5,0.3510146085257403,1.4327271156491892,1.081712507123449
tm481627,sandro cruz_2001,2324,0.0005978507635370966,0.02683045691767206,0.3581706014743981,0.5853775179024054,0.027525904088251972,0.0014976688537353773,4,2425,4.6895993104532824e-05,0.0058919216309021045,0.9899842070211435,0.0026347518905550974,0.0009401501377774899,0.0005020733265172807,3,-0.0005509547704325639,-0.020938535286769956,0.6318136055467454,-0.5827427660118504,-0.02658575395047448,-0.0009955955272180966,0.8601878234533142,3,0.891365570250972,0.06669723598546613,-0.8246683342655058
tm490760,duplexe tchamba_1998,2324,0.00019443598461334392,0.003654085485943174,0.992863054502055,0.0020554607755065564,0.001069696382000059,0.00016326686988187464,3,2425,0.0001054779419481604,0.007369989266639555,0.9881478432577749,0.00223426595419921,0.001132797973132914,0.001009625606305102,3,-8.895804266518352e-05,0.0037159037806963804,-0.004715211244280093,0.00017880517869265375,6.310159113285499e-05,0.0008463587364232273,0.006007081206514916,3,0.05073784627684278,0.07722267341908727,0.02648482714224449
tm495601,victor gomez_2000,2324,0.0009663306715729184,0.016104906651814507,0.8833071188097984,0.0797194667952863,0.015227671856081352,0.004674505215446618,3,2425,0.00022055805658505471,0.012048926333540436,0.9199849951298517,0.05762847843807848,0.004893924515597225,0.0052231175263471276,3,-0.0007457726149878637,-0.004055980318274071,0.03667787632005326,-0.022090988357207818,-0.010333747340484128,0.0005486123109005097,0.044238804970069774,3,0.4732360911694233,0.34976016194674286,-0.12347592922268041
tm504073,eduardo quaresma_2002,2324,0.0025749057998341843,0.031903323869092115,0.9160093212508282,0.030139872276353955,0.012453098853755867,0.006919477950135722,3,2425,0.0009450538301714311,0.09030661724744729,0.8769525001653331,0.010906633858916355,0.009780438285167977,0.011108756612963877,3,-0.0016298519696627532,0.058403293378355176,-0.03905682108549513,-0.019233238417437598,-0.0026726605685878906,0.004189278662828155,0.07291156933383411,2,0.4001972391189408,0.4834016254982237,0.0832043863792829
tm504075,rafael brito_2002,2324,0.002813134248936897,0.4633217724137473,0.0868157473497698,0.31257081791055064,0.020086052225345718,0.11439247585164967,2,2425,0.0009870811659483188,0.4296378163656585,0.142437885000621,0.40478398549285927,0.01152023153618424,0.010633000438728637,2,-0.001826053082988578,-0.03368395604808877,0.055622137650851194,0.09221316758230863,-0.008565820689161478,-0.10375947541292103,0.1131742334694762,4,1.2751502685878675,1.113208580492966,-0.16194168809490161
tm504087,tomas araujo_2002,2324,0.011876099854462557,0.128273414357978,0.7639477794106809,0.05060305210196298,0.026316227700003417,0.01898342657491209,3,2425,0.0034144092262967437,0.17735697499012973,0.6810188458641478,0.04063861452217372,0.047989098296699007,0.04958205710055288,3,-0.008461690628165814,0.04908356063215172,-0.08292893354653308,-0.009964437579789265,0.02167287059669559,0.030598630525640786,0.09963436900971889,3,0.8437355342811205,1.0126219191948793,0.16888638491375885
tm512913,stephen eustaquio_1996,2324,0.0003080810153106345,0.1508139111670122,0.0032211444350657807,0.799069742269006,0.045860594926007345,0.0007265261875982825,4,2425,0.0002496595890900868,0.5926540661616351,0.35604591461073204,0.04292795405229019,0.005961345800738924,0.002161059785513705,2,-5.8421426220547695e-05,0.44184015499462287,0.35282477017566627,-0.7561417882167157,-0.03989924912526842,0.0014345335979154227,0.9450134382095209,4,0.6321067776874585,0.8587484085342556,0.22664163084679712
tm520662,pepe_1997,2324,0.05461448580138825,0.03373992130149271,0.019804084581928044,0.04519462288382703,0.821203708303156,0.025443177128207876,5,2425,1.2046594240444258e-40,5.960802551714288e-40,1.8116263190755192e-41,4.238799344868809e-40,1.0,2.474708934928924e-41,5,-0.05461448580138825,-0.03373992130149271,-0.019804084581928044,-0.04519462288382703,0.17879629169684397,-0.025443177128207876,0.1962753014952808,5,0.745936745251975,1.3815510557964273e-10,-0.7459367451138198
tm524315,hidemasa morita_1995,2324,0.0008475396812826393,0.778376392201738,0.01823503250150616,0.1879677146058537,0.013328581794253735,0.0012447392153658399,2,2425,0.0013512164353965662,0.7960617071048409,0.023834070008877047,0.14032492588549575,0.03282500089918775,0.0056030796662019005,2,0.0005036767541139269,0.017685314903102878,0.005599037507370886,-0.04764278872035796,0.019496419104934017,0.004358340450836061,0.05472037051657634,4,0.6540955459955123,0.6963179952192426,0.04222244922373031
tm525602,alejandro marques_2000,2324,0.9229705644650844,0.005935578131743064,0.004180703105055477,0.0019454772393091688,0.020673415743460936,0.044294261315346944,1,2425,0.522308119730361,0.12136216499726482,0.01512238103182011,0.011525683900633896,0.2828937835415801,0.0467878667983401,1,-0.40066244473472346,0.11542658686552176,0.010941677926764632,0.009580206661324727,0.2622203677981192,0.0024936054829931553,0.4927724764431723,1,0.3577079386266775,1.2104915927636073,0.8527836541369298
tm536081,lawrence ofori_1998,2324,0.001387549567040398,0.14603013612552623,0.031335599670920145,0.7578486727845474,0.061995558712102196,0.0014024831398636924,4,2425,0.0006588081348237432,0.7122491374855853,0.06662193026973566,0.191955951705352,0.023189795669731172,0.005324376734772162,2,-0.0007287414322166548,0.566219001360059,0.035286330598815516,-0.5658927210791953,-0.03880576304237102,0.00392189359490847,0.8022406576010113,2,0.7903332170637184,0.8589560054492109,0.06862278838549252
tm537602,joao mario lopes_2000,2324,0.005051794226202427,0.03776191193990899,0.5921980893907025,0.17224819742269992,0.17812459347513404,0.014615413545352134,3,2425,0.0006983442126559333,0.04807759932166481,0.07425684078361477,0.8553654025154953,0.01673940969454255,0.004862403472026561,4,-0.004353450013546494,0.010315687381755818,-0.5179412486070878,0.6831172050927954,-0.1613851837805915,-0.009753010073325574,0.8724005939816497,4,1.1327268385591687,0.5720648462289761,-0.5606619923301925
tm54716,steven vitoria_1987,2324,0.00256333240353724,0.008461411822760652,0.9787062050936502,0.0030101566659274945,0.006236153052383659,0.0010227409617407479,3,2425,0.01860250101287359,0.19956900018191584,0.6238218470849458,0.07116509202264623,0.05415936636790215,0.032682193329716405,3,0.01603916860933635,0.1911075883591552,-0.35488435800870444,0.06815493535671874,0.047923213315518486,0.031659452367975655,0.41190290409918756,3,0.13292081992700527,1.147915209769045,1.0149943898420397
tm547187,leo cordeiro_1995,2324,0.0009911084533917025,0.5156737375247872,0.020409352211353045,0.34371918819198366,0.11811852473816144,0.0010880888803229292,2,2425,0.0014061195954494924,0.2837563038762629,0.06924851825944854,0.6114242788371739,0.02563150774683328,0.008533271684831726,4,0.00041501114205778986,-0.2319174336485243,0.048839166048095496,0.2677050906451902,-0.09248701699132816,0.007445182804508797,0.3693115165736683,4,1.0546060157438013,0.9869233811213582,-0.06768263462244306
tm54781,nicolas otamendi_1988,2324,0.0002969926055237256,0.009480609691276185,0.9841195787378747,0.00427557655340156,0.0012498962101250267,0.000577346201799062,3,2425,0.009216397721374942,0.28468510450493634,0.5219001159192601,0.05348367512177896,0.07772639358662642,0.05298831314602319,3,0.008919405115851216,0.27520449481366016,-0.4622194628186146,0.049208098568377406,0.07647649737650139,0.052410966944224126,0.5456500647642996,3,0.09831430845777163,1.2510862852774496,1.152771976819678
tm549006,goncalo inacio_2001,2324,1.1890976640687022e-41,4.762206182123847e-40,1.0,4.272932152752568e-40,6.299433910984074e-41,2.3780969510394466e-41,3,2425,0.0003677563513093518,0.01843773826629355,0.9679166575311942,0.006622384451713674,0.004121690885507113,0.0025337725139823832,3,0.0003677563513093518,0.01843773826629355,-0.03208334246880584,0.006622384451713674,0.004121690885507113,0.0025337725139823832,0.03781891871356089,3,1.3815510557964273e-10,0.17910750411770132,0.17910750397954622
tm549027,martim neto_2003,2324,0.0004096629579852751,0.9261394251418594,0.009759616652547253,0.05668401356784692,0.006391333716173946,0.0006159479635872178,2,2425,0.0008320600710933733,0.8956488964679321,0.017908493412141225,0.039542129241703736,0.04367553483524572,0.0023928859718839704,2,0.0004223971131080982,-0.03049052867392732,0.008148876759593972,-0.017141884326143185,0.037284201119071776,0.0017769380082967526,0.05177075237929292,5,0.3189862814266671,0.45556858767686814,0.13658230625020107
tm553062,vitor carvalho_1997,2324,1.026070275350273e-05,0.9759758393468966,0.0005227211506824189,0.023332065546297232,0.00012370121261849617,3.541204075192649e-05,2,2425,0.002046049502662487,0.35947491775102325,0.29408943764437245,0.2925535150398364,0.014275862712716683,0.037560217349388664,2,0.0020357887999089843,-0.6165009215958733,0.29356671649369004,0.26922144949353916,0.014152161500098187,0.037524805308636736,0.7341249351030196,2,0.11695715989879664,1.283885197547529,1.1669280376487323
tm554300,madson_1999,2324,0.1618261142262717,0.014459092513057317,0.013338807793409272,0.05307114151859992,0.6892224223219283,0.06808242162673336,5,2425,0.053360821934235816,0.057921360224317604,0.00619209692757669,0.09069817462150126,0.7401670589987198,0.05166048729364879,5,-0.10846529229203587,0.043462267711260286,-0.0071467108658325815,0.03762703310290134,0.0509446366767915,-0.016421934333084573,0.13310113992396522,1,1.0088484963517368,0.946335418966963,-0.06251307738477374
tm560903,patrick_1997,2324,0.002600673304218197,0.07521964697865274,0.8508622012850139,0.04267594117897142,0.01548839812964366,0.01315313912349991,3,2425,0.00010123308818198049,0.011506653992712078,0.984314523120721,0.001875566479760788,0.0012416830321100268,0.0009603402865141139,3,-0.0024994402160362166,-0.06371299298594066,0.1334523218357071,-0.040800374699210634,-0.014246715097533634,-0.012192798836985796,0.1540868402772524,3,0.6036397279606155,0.09462572061274638,-0.5090140073478691
tm562671,talys oliveira_1999,2324,0.0008055937525596833,0.020061396679549013,0.9075240118597776,0.05326687895908678,0.012703463175558583,0.005638655573468192,3,2425,0.0003024866517585994,0.022086568186147012,0.9230013166504168,0.024923043003258434,0.0054349204096322086,0.02425166509878674,3,-0.0005031071008010839,0.002025171506597999,0.015477304790639246,-0.028343835955828345,-0.007268542765926375,0.01861300952531855,0.033167848145446,4,0.4130813079011253,0.3711737233588585,-0.041907584542266785
tm567497,filipe relvas_1999,2324,0.004059553680589658,0.02229124815528183,0.9304991247388524,0.026132379762688163,0.00931052473034157,0.007707168932246421,3,2425,3.4035373169935565e-06,0.00027671109121596123,0.9994822893799487,0.00016095285266811763,2.1705826619422746e-05,5.4937312231050015e-05,3,-0.004056150143272664,-0.022014537064065868,0.06898316464109622,-0.025971426910020044,-0.009288818903722148,-0.007652231620015371,0.07759230871935148,3,0.35045178303419183,0.005005194870634562,-0.3454465881635573
tm57723,ivan marcano_1987,2324,0.2650796211924128,0.06423681030328304,0.3018740202562394,0.03765660408564056,0.10331854238934729,0.22783440177307693,3,2425,0.0001324678861800121,0.010921527262445463,0.9826139562878741,0.0032096393245489123,0.0017735966511777457,0.0013488125877738771,3,-0.2649471533062328,-0.05331528304083758,0.6807399360316346,-0.034446964761091645,-0.10154494573816955,-0.22648558918530304,0.7402326278578747,3,1.5848727825525293,0.10632701015899522,-1.478545772393534
tm581121,tiago esgaio_1995,2324,0.0003827892855176224,0.006258776396022201,0.9763829142172411,0.014681787724033177,0.0013869231249684494,0.0009068092522172366,3,2425,0.00014187120014169096,0.02174595697691029,0.9652390767108338,0.008433063047452082,0.002752262573491305,0.0016877694911707974,3,-0.00024091808537593146,0.015487180580888087,-0.01114383750640735,-0.006248724676581096,0.0013653394485228555,0.0007809602389535607,0.020124776523765816,2,0.13555696684944998,0.18593104780939834,0.05037408095994836
tm58965,ruben lima_1989,2324,0.0024590924175516586,0.03936592062369699,0.45136475898693257,0.4133350044390112,0.08712197306409367,0.006353250468713641,3,2425,2.4742820465350924e-05,0.0016131736541539973,0.9955510797766557,0.002034130485952514,0.0004905953938050471,0.0002862778689673262,3,-0.0024343495970863076,-0.03775274696954299,0.5441863207897231,-0.4113008739530587,-0.08663137767028863,-0.0060669725997463154,0.6886532888238933,3,1.1111049974628289,0.03375423786169257,-1.0773507596011362
tm592375,pablo roberto_1999,2324,0.18176113854250422,0.10940909232459098,0.024799235012032256,0.03664156589448607,0.6020431648303454,0.04534580339604127,5,2425,0.006075901320257178,0.6203368967578387,0.05381710628813893,0.1898501581905932,0.11220343635372207,0.01771650108944993,2,-0.17568523722224705,0.5109278044332477,0.029017871276106676,0.15320859229610712,-0.48983972847662327,-0.027629302306591344,0.7457683240267179,2,1.2106054228839256,1.1168101387233786,-0.09379528416054694
tm59248,miguel lopes_1986,2324,3.858756068185918e-05,0.002826689644924154,0.99424001509759,0.002562041999067899,0.0001667038720234643,0.0001659618257125195,3,2425,7.758420041223716e-06,0.0006714515446830017,0.9987905989881519,0.00031440042282637385,7.101599307696294e-05,0.00014477463122051633,3,-3.082914064063546e-05,-0.002155238100241152,0.0045505838905619544,-0.002247641576241525,-9.568787894650135e-05,-2.1187194492003163e-05,0.005514967295924108,3,0.04090663730647995,0.010699465464042084,-0.030207171842437864
tm594273,jeremy antonisse_2002,2324,0.026122571662608885,0.24841679885980628,0.03226572735807052,0.35102484406248186,0.2913222739036975,0.05084778415333485,4,2425,0.02664229472362088,0.15466470524693776,0.034703168175545925,0.22515502603869542,0.5237295609703758,0.03510524484482433,5,0.0005197230610119938,-0.09375209361286851,0.002437440817475406,-0.12586981802378644,0.2324072870666783,-0.015742539308510523,0.2804496825771593,5,1.430218837606382,1.2939187523537596,-0.13630008525262238
tm595012,ibrahima camara_1999,2324,0.0016210934584956892,0.04033665207168673,0.8464461281310619,0.08975108890486445,0.019381915415424115,0.0024631220184670698,3,2425,6.163025088516394e-05,0.04761080566468273,0.9295103534933554,0.020471922195333468,0.001833990564731472,0.0005112978310118182,3,-0.0015594632076105252,0.007274153592996005,0.08306422536229352,-0.06927916670953099,-0.017547924850692644,-0.0019518241874552514,0.1098296106592426,3,0.5886150780957363,0.30854313864665434,-0.280071939449082
tm596884,adrian butzke_1999,2324,0.11350266216296111,0.033273355899699514,0.03563761010537263,0.0286960543376486,0.738350660091424,0.05053965740289437,5,2425,0.37857976759779866,0.0641960498867324,0.06555818717672794,0.09289007286389983,0.264363978642863,0.1344119438319781,1,0.26507710543483753,0.030922693987032887,0.029920577071355314,0.06419401852625123,-0.47398668144856104,0.08387228642908373,0.5485449589291465,5,0.9557602374742875,1.5648294483321887,0.6090692108579012
tm606752,rodrigo zalazar_1999,2324,0.18765357066267532,0.05086747755154192,0.03695616963887321,0.15799581678076888,0.34166457570843706,0.22486238965770364,5,2425,0.01438680752148178,0.09020816760659561,0.0111912323661589,0.6225412440361359,0.17324103449574457,0.08843151397388352,4,-0.17326676314119355,0.039340690055053695,-0.025764937272714308,0.46454542725536696,-0.16842354121269248,-0.13643087568382012,0.5257393235383826,4,1.5813755245257477,1.1415542650998676,-0.43982125942588013
tm610335,ivan jaime pajuelo_2000,2324,0.06586813118772289,0.05135879283520319,0.04164835754105326,0.10116805070843563,0.4897073353865247,0.25024933234106045,5,2425,0.26536089244381844,0.035544543547776614,0.0073946267808472025,0.03847257207247619,0.2506805446714811,0.4025468204836005,6,0.19949276125609555,-0.015814249287426578,-0.03425373076020606,-0.06269547863595944,-0.23902679071504362,0.15229748814254007,0.31982073113859333,5,1.392095300362486,1.3454082372803122,-0.04668706308217385
tm615302,mirko topic_2001,2324,0.0022165551255214746,0.46506149782930895,0.07486797665463255,0.42485503614777853,0.012564077475264595,0.02043485676749379,2,2425,0.0005098278840364101,0.6080575791896621,0.22428841189343438,0.1488907038541059,0.009207052867754098,0.009046424311007177,2,-0.0017067272414850645,0.14299608136035313,0.14942043523880183,-0.2759643322936726,-0.003357024607510497,-0.011388432456486611,0.344883807943711,4,1.061824467229609,1.010932861348659,-0.0508916058809501
tm617267,henrique araujo_2002,2324,0.26972337233243837,0.07341433011362151,0.08404416466876251,0.04352977516146416,0.4714617289508345,0.05782662877287908,5,2425,1.0,9.240746994354721e-42,1.6793170800529204e-42,4.9944048112635236e-42,1.2046594240444258e-40,2.474708934928924e-41,1,0.7302766276675616,-0.07341433011362151,-0.08404416466876251,-0.04352977516146416,-0.4714617289508345,-0.05782662877287908,0.8774554356714225,1,1.4090534988254857,1.3815510557964273e-10,-1.4090534986873307
tm61764,marco matias_1989,2324,0.0402424914805233,0.01697740032951672,0.009873897362176882,0.050739958285456827,0.8610797160917408,0.02108653645058562,5,2425,0.08469419256620413,0.09731466222964062,0.005126061542630463,0.15189311234610603,0.605400754949072,0.05557121636634682,5,0.04445170108568083,0.0803372619001239,-0.004747835819546419,0.1011531540606492,-0.25567896114266886,0.0344846799157612,0.28992458169565577,5,0.6055099009353127,1.2135308516490046,0.608020950713692
tm617679,ze carlos_1998,2324,0.0018172872614912923,0.05477405350057432,0.6912178213356952,0.20906912631952748,0.035803279342217414,0.007318432240494255,3,2425,5.873628421780683e-05,0.0044816042700931225,0.9873952603508062,0.005838765157933726,0.0007518588270694167,0.001473775109879749,3,-0.0017585509772734854,-0.0502924492304812,0.29617743901511095,-0.20323036116159376,-0.035051420515148,-0.005844657130614507,0.3643963228556122,3,0.9082422920709818,0.08237984998576997,-0.8258624420852119
tm632901,miguel puche garcia_2001,2324,0.3016113315404568,0.04817572174487571,0.027159116560408023,0.031026415361426456,0.29979014288073963,0.2922372719120934,1,2425,0.022630305214006295,0.4433164703800315,0.0491937331115616,0.15602517189766923,0.2338320712418195,0.09500224815491166,2,-0.2789810263264505,0.3951407486351558,0.022034616551153574,0.12499875653624277,-0.06595807163892012,-0.19723502375718177,0.5044078755913702,2,1.4339735209524922,1.4477993014888784,0.013825780536386167
tm645588,tomas handel_2000,2324,8.600501142016196e-05,0.10104386918820231,0.0035000171411103116,0.8820239252047365,0.013102656270341436,0.00024352718418943064,4,2425,0.00040722200539667475,0.8249606567822594,0.04501866192363036,0.10991058673165781,0.016114326301324117,0.003588546255731542,2,0.0003212169939765128,0.7239167875940571,0.04151864478252005,-0.7721133384730787,0.003011670030982681,0.0033450190715421115,1.0592202292299049,4,0.4217617519229518,0.6309222957740477,0.2091605438510959
tm646404,vinicius zanocelo_2001,2324,0.004427597424196963,0.4039556778529593,0.12225316151563029,0.3405023875388096,0.12436106837733053,0.004500107291073208,2,2425,0.0001251627914900707,0.9840226340035665,0.0044171890564853305,0.008594057934868476,0.00230229740885645,0.0005386588047331577,2,-0.004302434632706893,0.5800669561506071,-0.11783597245914496,-0.3319083296039411,-0.12205877096847409,-0.00396144848634005,0.6895237369357231,2,1.297487932608663,0.09984205431312054,-1.1976458782955426
tm646677,riccieli_1998,2324,0.00020353341145984056,0.0011477152356363855,0.9962595105658288,0.001228440810114246,0.001026584290757796,0.00013421568620293502,3,2425,0.0011507218852635495,0.014480848363836623,0.9667130795135777,0.004548859158636625,0.006999943127043831,0.00610654795164159,3,0.0009471884738037089,0.013333133128200237,-0.029546431052251187,0.0033204183485223793,0.005973358836286035,0.005972332265438655,0.03314162619336732,3,0.029727621539564746,0.19223709207199366,0.16250947053242892
tm650568,antonio silva_2003,2324,6.522939758647081e-05,0.0014097665484666358,0.9970364094121009,0.0010928424779628506,0.00025252898430303683,0.00014322317958003695,3,2425,2.792753779393963e-05,0.0013019830150222409,0.9971926129016992,0.0009146558900017673,0.0003923091965095449,0.00017051145897318949,3,-3.730185979253118e-05,-0.00010778353344439496,0.00015620348959832775,-0.00017818658796108335,0.00013978021220650806,2.7288279393152535e-05,0.00029782077973530466,4,0.02365371752368916,0.02270284252463108,-0.0009508749990580802
tm652332,oscar aranda_2002,2324,0.13504627248744866,0.01593434735936851,0.016798044242473525,0.028123653767581417,0.4185281221610058,0.3855695599821222,5,2425,0.038438544617009004,0.02592029373222989,0.003463413084877693,0.03865769255032456,0.8759407771878703,0.017579278827688335,5,-0.09660772787043966,0.00998594637286138,-0.013334631157595832,0.01053403878274314,0.4574126550268645,-0.3679902811544339,0.46791867621325123,5,1.2374201062571577,0.5523778766023345,-0.6850422296548232
tm653415,leonardo buta_2002,2324,0.0010087730209931767,0.01668670821256929,0.8923064955784238,0.06931172424928773,0.016448694915952657,0.004237604022773318,3,2425,0.0005660234684868094,0.023066520238207947,0.946255778997187,0.016275056449317704,0.007314882771420127,0.006521738075380552,3,-0.00044274955250636736,0.0063798120256386565,0.05394928341876326,-0.05303666779997003,-0.00913381214453253,0.002284134052607234,0.07647050323924096,3,0.4526542084107551,0.27926932445528935,-0.17338488395546575
tm657387,fabiano souza_2000,2324,0.0009425349804666104,0.03739043127509288,0.854576415235016,0.08294387478128139,0.020554159134588065,0.003592584593555086,3,2425,0.0008642324322835601,0.06427164230597056,0.8372254944701137,0.056942778327570005,0.008744747144408952,0.03195110531965311,3,-7.830254818305031e-05,0.026881211030877677,-0.0173509207649023,-0.026001096453711382,-0.011809411990179113,0.028358520726098024,0.04288565398259118,2,0.5703055502294175,0.6458919187530855,0.07558636852366796
tm657435,pedro santos_2000,2324,0.0002533391603159195,0.1536803669664238,0.012010451581885576,0.7872688950383687,0.046100156634094024,0.0006867906189119255,4,2425,0.0009244703606586361,0.5066375497414694,0.16394328938949287,0.30423700331713727,0.008705015375921301,0.015552671815320532,2,0.0006711312003427166,0.35295718277504556,0.1519328378076073,-0.48303189172123145,-0.037395141258172726,0.014865881196408607,0.6183696430965607,4,0.6781855752325022,1.1154750770005846,0.43728950176808234
tm658848,jesus castillo_2001,2324,0.0010836612656915342,0.9475321031310544,0.010947723656217163,0.03078850828685462,0.003644320809891823,0.006003682850290318,2,2425,0.001144413293812513,0.539757461136234,0.14328196905268162,0.267590375498267,0.03798669270410034,0.010239088314904641,2,6.0752028120978924e-05,-0.4077746419948204,0.13233424539646446,0.23680186721141236,0.03434237189420852,0.004235405464614323,0.49096541392606874,2,0.26622557236235417,1.1428837551586148,0.8766581827962607
tm659705,paulo victor_2001,2324,0.08431753205628265,0.03766337136718384,0.011341539137147106,0.027343186066254334,0.7873192932771442,0.0520150780959881,5,2425,0.0007453252373887378,0.3191067816284675,0.5660106864058432,0.08171763682353866,0.008746983653445416,0.023672586251316664,3,-0.08357220681889391,0.28144341026128367,0.5546691472686961,0.05437445075728433,-0.7785723096236988,-0.028342491844671434,1.0014908846673547,5,0.823282894924729,1.0267312552990604,0.20344836037433145
tm663254,dinis pinto_2000,2324,0.0008795990246749166,0.02456775230956381,0.9219519450542856,0.040408041362224104,0.007705090719437639,0.004487571529813752,3,2425,0.003553786722272256,0.3688599261372043,0.42928524978263594,0.10840641812203144,0.07156688193674475,0.01832773729911128,3,0.0026741876975973394,0.3442921738276405,-0.49266669527164964,0.06799837675980734,0.06386179121730712,0.01384016576929753,0.6082489888920032,3,0.3635768411012371,1.2538328891643369,0.8902560480630998
tm666539,beni_2002,2324,0.0001495813884741844,0.38175195191993727,0.009029531956170494,0.6053507647355314,0.002710218948125558,0.001007951051761012,4,2425,0.0004879591839555529,0.8338169022446285,0.03025454955742882,0.12538180547985234,0.007523153027233638,0.0025356305069012233,2,0.00033837779548136844,0.4520649503246912,0.021225017601258327,-0.47996895925567906,0.004812934079108081,0.0015276794551402114,0.6597019792051568,4,0.7382710637787282,0.5733781060886127,-0.16489295769011547
tm669956,leonardo lelo_2000,2324,0.0013424060207253403,0.06180478516947412,0.3970842386450998,0.49429946443513023,0.03889681450058284,0.006572291228987962,4,2425,0.0002924124219935102,0.10419847006091677,0.015670828841270978,0.8526599548919149,0.02288011192990141,0.004298221854002432,4,-0.00104999359873183,0.04239368489144265,-0.3814134098038288,0.3583604904567847,-0.01601670257068143,-0.0022740693749855306,0.5253125660643201,3,1.0552851236622598,0.5489091485915418,-0.506375975070718
tm681829,nilton varela_2001,2324,0.0008329076216966685,0.08194971967972926,0.03749269466627778,0.8013031058329234,0.05367367045099835,0.024747901748374514,4,2425,0.00033068583320026155,0.07413236665616885,0.5706267622642849,0.33432946370153993,0.01736557392879734,0.00321514761600877,3,-0.0005022217884964069,-0.007817353023560417,0.5331340675980071,-0.4669736421313835,-0.03630809652220101,-0.021532754132365745,0.7097013157569395,3,0.7600574375208745,0.9708111417440679,0.2107537042231934
tm695121,hevertton santos_2001,2324,0.0013029717904602105,0.0402027571111132,0.5266521029429633,0.37856078006029903,0.04681809990716345,0.0064632881880008096,3,2425,0.00057482384288034,0.052802166227967594,0.8958073350115932,0.027434606454620404,0.01623869680002045,0.007142371662918007,3,-0.0007281479475798705,0.012599409116854393,0.3691552320686299,-0.3511261736056786,-0.030579403107143,0.0006790834749171972,0.5105482840618757,3,1.0192016809910078,0.4590147715509465,-0.5601869094400613
tm701325,bruno onyemaechi_1999,2324,0.0014531004446272883,0.08957705909562601,0.1570438372575145,0.6743520684243676,0.07132042709037069,0.006253507687493803,4,2425,0.001616026949661159,0.41277771415867637,0.060646318222854996,0.35604688347048036,0.16169387506825247,0.007219182130074556,2,0.0001629265050338707,0.32320065506305035,-0.09639751903465951,-0.3183051849538872,0.09037344797788179,0.000965674442580753,0.47247933555046373,2,1.002095170943535,1.243504767924826,0.24140959698129083
tm701979,geny catamo_2001,2324,0.03797274030885321,0.01767355855755866,0.013092484427405628,0.07598416331021708,0.8405957425313935,0.014681310864571886,5,2425,0.025234341425409583,0.06531333989279976,0.007093424049045183,0.2245797770461738,0.6360620273850378,0.04171709020153377,5,-0.012738398883443629,0.047639781335241105,-0.005999060378360445,0.1485956137359567,-0.20453371514635565,0.02703577933696188,0.257648018331876,5,0.6560606724369785,1.0619008999136421,0.4058402274766636
tm70359,david simao_1990,2324,0.0003188393254234494,0.03662169195982422,0.015072391931386707,0.9292720749199199,0.01447041623247208,0.004244585630973472,4,2425,0.0002797748782915,0.7275234804575089,0.031880807269832195,0.22596831049187735,0.009525870120767808,0.004821756781722311,2,-3.906444713194936e-05,0.6909017884976847,0.016808415338445487,-0.7033037644280425,-0.004944546111704272,0.0005771711507488392,0.9860468747967444,4,0.339547643816205,0.7497236101348832,0.4101759663186782
tm717585,mory gbane_2000,2324,6.620568572907266e-42,1.0,4.762206182123847e-40,1.9391443665586914e-38,1.2999736796864104e-40,2.3780969510394466e-41,2,2425,0.00012751489283789857,0.09537915870812598,0.8883958451154547,0.011235202960989656,0.002196792888094925,0.002665485434496956,3,0.00012751489283789857,-0.904620841291874,0.8883958451154547,0.011235202960989656,0.002196792888094925,0.002665485434496956,1.2679578526365285,2,1.3815510557964273e-10,0.4100821974615498,0.4100821973233947
tm726705,samuel justo_2004,2324,0.011192474396810547,0.18144699763612315,0.034552243797130976,0.25501224723396865,0.5116006135216992,0.006195423414267531,5,2425,0.005648721867139576,0.5224712032173678,0.057250592342309434,0.09582160873196387,0.29857239155934795,0.02023548228187122,2,-0.005543752529670971,0.3410242055812447,0.022698348545178458,-0.15919063850200477,-0.21302822196235122,0.014040058867603688,0.43308906676366743,2,1.1990900760417311,1.1967244845417524,-0.0023655914999787253
tm72768,nelson oliveira_1991,2324,0.9083487096652801,0.0038990820205548437,0.0024651132271567484,0.002244553869466671,0.0353153970654249,0.047727144152116756,1,2425,0.9850982474839541,0.0010498767985527453,0.00020697969373776869,0.0008393460743141712,0.008937117577870817,0.003868432371570242,1,0.076749537818674,-0.0028492052220020986,-0.00225813353341898,-0.0014052077951524997,-0.026378279487554085,-0.04385871178054651,0.081249596494401,1,0.40071233107433635,0.09334214386192546,-0.3073701872124109
tm729140,miguel maga_2002,2324,0.00039861552805978015,0.20081282472008027,0.0258275281277077,0.7623872155530339,0.008568329260659372,0.002005486810459104,4,2425,3.1249639533443766e-05,0.0026835613100841546,0.9928422851530139,0.003259639729265093,0.0007214118838673812,0.00046185228423583036,3,-0.0003673658885263364,-0.19812926340999612,0.9670147570253061,-0.7591275758237688,-0.00784691737679199,-0.0015436345262232734,1.245274721003436,3,0.6800115588849572,0.05077573385480689,-0.6292358250301503
tm733579,clayton_1999,2324,0.7098809080657956,0.00833203266466916,0.005433493720373416,0.005109159432696783,0.054357340428215106,0.21688706568825003,1,2425,0.7333875149691796,0.004935525097559428,0.001475122423054994,0.002253955956044519,0.017130786169772688,0.2408170953843888,1,0.02350660690338402,-0.0033965075671097316,-0.003958371297318422,-0.0028552034766522643,-0.037226554258442415,0.023930029696138777,0.0444267269100587,5,0.8282171152644572,0.6895023135786361,-0.13871480168582107
tm739438,matheus pereira_2000,2324,0.0067292880727468345,0.07679673095281828,0.04381428491745948,0.11514912034150712,0.7375330827103306,0.019977493005137605,5,2425,0.007231133182323502,0.17591038837483586,0.04065153680775134,0.6144934171219701,0.13592755974700818,0.02578596476611104,4,0.0005018451095766671,0.09911365742201758,-0.0031627481097081384,0.499344296780463,-0.6016055229633224,0.005808471760973436,0.7881038661869615,5,0.9194138202026586,1.1363505266584688,0.2169367064558102
tm740087,michel costa_2001,2324,0.00040995715727144057,0.3758807494629747,0.03276423639581029,0.5604827013135274,0.027805797984429108,0.0026565576859871876,4,2425,0.0024672625054480988,0.6543878879444687,0.15911174247922083,0.13131676861369,0.02018806626614246,0.032528272191030036,2,0.0020573053481766582,0.278507138481494,0.12634750608341055,-0.4291659326998374,-0.007617731718286648,0.02987171450504285,0.5270441903774259,4,0.9228575486089293,1.041591870435126,0.11873432182619659
tm740498,david pastor_2000,2324,0.0005572806761218464,0.028579372198764268,0.922183751637885,0.04111043639964249,0.00441639239887701,0.003152766688709679,3,2425,0.0004467797353689876,0.06889911164817693,0.6571244462236697,0.24720877259795818,0.014655991498142625,0.011664898296683516,3,-0.00011050094075285878,0.04031973944941266,-0.2650593054142153,0.2060983361983157,0.010239599099265615,0.008512131607973837,0.3383245521090959,3,0.35379343671317925,0.9229667351726122,0.5691732984594329
tm741517,alfonso trezza_1999,2324,0.0014258268023643248,0.31741285400432057,0.022519067163122023,0.37255404102566536,0.27805457548615153,0.008033635518376171,4,2425,0.0070278860515620295,0.02252618826406613,0.0004349205826376305,0.002278546871980411,0.9669073807796773,0.0008250774500764661,5,0.0056020592491977045,-0.29488666574025446,-0.022084146580484392,-0.37027549415368494,0.6888528052935258,-0.007208558068299705,0.8361216222302471,5,1.2215125185848608,0.17591350560363914,-1.0455990129812216
tm752442,andre lacximicant_2001,2324,0.21414396904446276,0.0728075175996931,0.026385370536176456,0.049513628870625076,0.17522528564144096,0.46192422830760177,6,2425,0.8474625513399743,0.007634070402641586,0.0014884853771999866,0.004862104267078727,0.051107760799632626,0.08744502781347299,1,0.6333185822955115,-0.06517344719705152,-0.024896885158976468,-0.04465152460354635,-0.12411752484180834,-0.37447920049412875,0.6506602634349516,1,1.4274487925256125,0.5781329178594002,-0.8493158746662123
tm756990,alan varela_2001,2324,0.0021306153003913986,0.4003983985675039,0.026133652084704088,0.47638535083469,0.09067726617200549,0.004274717040705068,4,2425,0.00012476039753754565,0.1277636684923019,0.021930878075978634,0.8334500759741102,0.015521153085139166,0.001209463974932547,4,-0.002005854902853853,-0.272634730075202,-0.004202774008725454,0.3570647251394202,-0.07515611308686632,-0.0030652530657725207,0.455516236900128,4,1.0690718359037779,0.5723954402123203,-0.4966763956914576
tm766258,kaio cesar_2004,2324,0.049014700119202115,0.10592259206271165,0.046580444932589574,0.10895332407662575,0.6322786097239228,0.057250329084948114,5,2425,0.06953691456809508,0.07320579032394567,0.0031598129449147317,0.05575158973016552,0.7811235910192671,0.017222301413612005,5,0.02052221444889296,-0.03271680173876598,-0.04342063198767484,-0.05320173434646023,0.1488449812953443,-0.040028027671336106,0.16841067269740323,5,1.2235924179007862,0.8188155385146264,-0.4047768793861598
tm811778,alvaro carreras_2003,2324,0.036894730210981566,0.21256956663074963,0.25350650463086793,0.2636105154059103,0.173640740172711,0.0597779429487796,4,2425,0.0004909110984736896,0.0497519870673404,0.9087322940151314,0.02213823403919749,0.013757807506435415,0.00512876627342147,3,-0.036403819112507875,-0.16281757956340923,0.6552257893842635,-0.2414722813667128,-0.1598829326662756,-0.054649176675358124,0.7355454113523571,3,1.6226790013483416,0.410369431566578,-1.2123095697817636
tm815652,tiago fonseca morais_2003,2324,0.14128987600853812,0.015227354527011955,0.010673377799418557,0.034161020193600455,0.7468686192517239,0.051779752219707036,5,2425,0.09488198479376568,0.5083627755792218,0.010135153133758254,0.03119988781152694,0.33697046164444394,0.01844973703728338,2,-0.04640789121477244,0.49313542105220987,-0.0005382246656603033,-0.002961132382073517,-0.40989815760727993,-0.03333001518242366,0.6429321841873836,2,0.8753177921462708,1.16232253171442,0.2870047395681491
tm816572,gilberto batista_2003,2324,0.0010217749444086702,0.00701555702957367,0.9805344778451106,0.005108311886831394,0.0027749809224855565,0.0035448973715900066,3,2425,5.292829667288979e-06,0.0003055255366728609,0.9994045949119054,0.00014974776917592306,5.1348812039509335e-05,8.349014053915302e-05,3,-0.0010164821147413813,-0.0067100314929008096,0.018870117066794756,-0.004958564117655471,-0.002723632110446047,-0.0034614072310508535,0.020836137036931813,3,0.12439930766533028,0.005742260818167442,-0.11865704684716284
tm818495,otavio ataide_2002,2324,0.00011554944464133456,0.0029311955147427095,0.9923753502248882,0.0031778509709575677,0.0012554907088814815,0.0001445631358884516,3,2425,0.00022448819332398354,0.01660757501102321,0.9725906725005626,0.006852586471972292,0.0028027161522502283,0.0009219616708676413,3,0.00010893874868264898,0.0136763794962805,-0.019784677724325572,0.0036747355010147242,0.0015472254433687468,0.0007773985349791897,0.024380038638355278,3,0.05368153252361243,0.15403536141163401,0.10035382888802158
tm821824,matias rocha_2001,2324,0.003902735332031763,0.010484820410675121,0.9657372826648849,0.006873535942901367,0.009921577402140004,0.003080048247366932,3,2425,6.2120941285247565e-06,0.0003865974248658137,0.9993289590967648,0.00013610535102566893,7.219351955026482e-05,6.993251366510251e-05,3,-0.003896523237903238,-0.010098222985809308,0.03359167643187988,-0.006737430591875699,-0.009849383882589739,-0.003010115733701829,0.03725534941677131,3,0.20091253355174124,0.006352406867866815,-0.19456012668387443
tm829434,facundo caseres_2001,2324,0.00013439024903509253,0.8039429220919052,0.014133531145791947,0.17676221726211497,0.003842719214878029,0.001184220036274909,2,2425,0.0009876544768393837,0.5107280189319254,0.22595206188962996,0.22964683820182133,0.013477557010033697,0.0192078694897501,2,0.0008532642278042911,-0.2932149031599798,0.21181853074383802,0.05288462093970636,0.009634837795155667,0.01802364945347519,0.3656944225616689,2,0.5725094216563711,1.1579119388714525,0.5854025172150814
tm830841,leonel bucca_1999,2324,0.010917675526171913,0.5484559650955662,0.030482890358621836,0.15392481141581743,0.23615663762435674,0.020062019979465846,2,2425,0.009285032656290784,0.6676185150605747,0.006399754188966692,0.11685858957444238,0.19655615981137983,0.003281948708345616,2,-0.001632642869881129,0.11916254996500852,-0.024083136169655142,-0.03706622184137505,-0.0396004778129769,-0.01678007127112023,0.1331333126203956,2,1.192446112569239,0.9349201452965057,-0.25752596727273325
tm858719,telasco segovia_2003,2324,0.0009445011873012257,0.7305103410263231,0.02307756323376396,0.2248188909119428,0.007076650369455958,0.01357205327121295,2,2425,0.001116871909684242,0.9568960299054005,0.013231128840058814,0.013817246809004287,0.00973894869071927,0.005199773845132827,2,0.00017237072238301628,0.2263856888790774,-0.009846434393705144,-0.2110016441029385,0.0026622983212633124,-0.008372279426080122,0.3096388925146265,2,0.7518698862369684,0.23859671000295463,-0.5132731762340137
tm868101,marcos vinicios sorriso_2001,2324,0.018317755563872582,0.09483806263019197,0.037642890953261884,0.20251816736673597,0.5570936323052194,0.08958949118071817,5,2425,0.0515586667330207,0.08057738545185496,0.006351586575636102,0.3687951985679366,0.429668480751071,0.06304868192048052,5,0.033240911169148124,-0.014260677178337011,-0.031291304377625784,0.1662770312012006,-0.12742515155414835,-0.02654080926023765,0.21487831712919728,4,1.2855766756678846,1.2930374067409056,0.007460731073021032
tm868622,taichi fukui_2004,2324,0.008090247882539002,0.17495344881364217,0.07028561099698398,0.5355200852821189,0.20448557707760834,0.006665029947107556,4,2425,0.0006344554739230894,0.18525595401863207,0.15204345856060075,0.6393675664526774,0.012741861340298474,0.009956704153868135,4,-0.007455792408615913,0.010302505204989904,0.08175784756361677,0.10384748117055853,-0.19174371573730986,0.0032916742067605797,0.23322956065300687,5,1.2229883986393926,0.9908634947948421,-0.23212490384455042
tm891971,joao marques_2002,2324,0.27175446794597835,0.038745873042044576,0.02251781208574055,0.04548981766482904,0.5441145582178352,0.07737747104357226,5,2425,0.0056135346100284885,0.15053604845769492,0.041381662090734295,0.6519278587507876,0.1310382091080001,0.019502686982754716,4,-0.26614093333594985,0.11179017541565034,0.018863850004993743,0.6064380410859586,-0.41307634910983504,-0.057874784060817544,0.7887224178527502,4,1.2351644868442626,1.067936927827118,-0.1672275590171446
tm906329,roger fernandes_2005,2324,0.03711297259402948,0.005379588149990358,0.004555457890356634,0.010210348430665388,0.022948204825927618,0.9197934281090304,6,2425,0.017871942503241083,0.06285007777084459,0.006630700076309671,0.57537900906063,0.2937144678426407,0.04355380274633399,4,-0.019241030090788397,0.05747048962085423,0.0020752421859530374,0.5651686606299646,0.2707662630167131,-0.8762396253626964,0.6296088985970971,4,0.38523844633787097,1.0934499554222432,0.7082115090843722
tm90681,eliaquim mangala_1991,2324,0.0020978188327612393,0.017679897619151175,0.9559600338238128,0.012542129517143431,0.006413645485239241,0.005306474721892087,3,2425,0.00012289459391688344,0.010260097177297277,0.9829270949552886,0.0019153569751492183,0.0005709140456105179,0.004203642252737587,3,-0.001974924238844356,-0.007419800441853898,0.026967061131475845,-0.010626772541994213,-0.0058427314396287235,-0.0011028324691544997,0.03054900907967022,3,0.2424388136442398,0.10427020135678156,-0.13816861228745825
tm908936,ze carlos_2001,2324,6.471021524878692e-05,0.03073899902659433,0.008322169938238512,0.950957565718757,0.009008527607345877,0.0009080274938154425,4,2425,0.00025608236292660254,0.1322134829287665,0.8288977313383477,0.031382146928051816,0.0025009243164656005,0.00474963212544168,3,0.00019137214767781562,0.10147448390217217,0.8205755614001091,-0.9195754187907051,-0.006507603290880277,0.003841604631626237,1.2366497722549856,4,0.24412384789175937,0.5742021184544182,0.3300782705626588
tm929573,joel silva_2003,2324,0.028042360416034046,0.24667436402637338,0.024131581213974903,0.12387864377536943,0.5462699982589169,0.031003052309331255,5,2425,0.0010223516257644638,0.3602282327370837,0.02377102809701058,0.31411780999381034,0.2946749015743492,0.006185675971981721,2,-0.027020008790269584,0.11355386871071033,-0.0003605531169643232,0.1902391662184409,-0.25159509668456764,-0.024817376337349532,0.3363268128055659,5,1.232069652988855,1.2189854776141387,-0.0130841753747164
tm935480,martim fernandes_2006,2324,0.003484826838036774,0.14532692144467346,0.559171169958331,0.19350874265752516,0.013773228145525425,0.08473511095590816,3,2425,0.004258914079573367,0.08449518514093829,0.510525481454503,0.25141607381072356,0.08587756637574924,0.06342677913851254,3,0.0007740872415365929,-0.06083173630373517,-0.048645688503828,0.057907331153198405,0.07210433823022382,-0.021308331817395623,0.12091235237022246,5,1.21105901666971,1.3081292606260364,0.09707024395632646
tm974982,ousmane diomande_2003,2324,5.549344156025168e-05,0.00046299324178121845,0.9987878309080852,0.00037505941473721843,0.00028261165309277126,3.6011340743288916e-05,3,2425,0.00024184610348896668,0.010906007062288491,0.9815111635716831,0.003940689614524294,0.002282465804032772,0.0011178278439823318,3,0.000186352661928715,0.010443013820507272,-0.017276667336402096,0.0035656301997870755,0.0019998541509400006,0.0010818165032390429,0.02059824348261964,3,0.01094642476927566,0.11290641027626745,0.10195998550699178
tm982575,gustavo sa_2004,2324,0.017886370943419584,0.21716128280289182,0.04213850144953981,0.16791738891817987,0.474808669573748,0.0800877863122209,5,2425,0.011402347666505216,0.3503080934681825,0.005456817824098923,0.2249610009835749,0.39182600957576014,0.016045730481878545,5,-0.006484023276914368,0.13314681066529066,-0.036681683625440886,0.057043612065395044,-0.08298265999798787,-0.06404205583034235,0.1710431442636629,2,1.3925062885047608,1.2159267874759316,-0.17657950102882913
