uid,pid,season_t,u_1,u_2,u_3,u_noise,hard_t,season_t1,u_1_t1,u_2_t1,u_3_t1,u_noise_t1,hard_t1,delta_u_1,delta_u_2,delta_u_3,delta_u_noise,transition_norm,dominant,entropy_t,entropy_t1,delta_entropy
alan eduardo schons_1993,alan eduardo schons_1993,1718,0.04278812807264319,0.7882365850802656,0.13739733350775918,0.03157795333933205,2,1819,0.006085029118454331,0.5856583506464508,0.35432714383928576,0.0539294763958092,2,-0.03670309895418886,-0.20257823443381484,0.21692981033152658,0.022351523056477154,0.29907123089597687,3,0.7042411319674676,0.86948848530368,0.16524735333621232
andre almeida pinto_1989,andre almeida pinto_1989,1718,0.003624219445294063,0.05993094668373746,0.9246012746771505,0.011843559193817908,3,1819,1.2488547407182017e-05,0.00018245976987891073,0.9997462964263255,5.875525638852959e-05,3,-0.0036117308978868812,-0.05974848691385855,0.07514502174917503,-0.011784803937429379,0.09607133069890449,3,0.3140675822973037,0.00253786981896371,-0.31152971247834
carlos ponck_1995,carlos ponck_1995,1718,0.001166993295887466,0.02361487661757777,0.9723538816510247,0.0028642484355099417,3,1819,6.579299405779116e-05,0.0011745970453420245,0.9982913914186026,0.00046821854199778894,3,-0.0011012003018296748,-0.022440279572235745,0.025937509767577915,-0.0023960298935121528,0.03431520366146834,3,0.14037139555646974,0.013855108126051783,-0.12651628743041796
diederrick joel_1993,diederrick joel_1993,1718,0.2503670082002898,0.0195081137461363,0.00986875919278107,0.7202561188607928,4,1819,0.9622307093729012,0.019701526438753513,0.0029930792138773608,0.015074684974467806,1,0.7118637011726114,0.00019341269261721403,-0.006875679978903709,-0.7051814338863249,0.7118969317470129,1,0.7054456625444372,0.1950444359564481,-0.5104012265879891
eliseu cassama_1994,eliseu cassama_1994,1718,0.021040276098930392,0.01986029140180975,0.9522926569707663,0.00680677552849347,3,1819,0.002302192235674733,0.05067421527193788,0.9389973485177077,0.008026243974679824,3,-0.018738083863255657,0.030813923870128126,-0.013295308453058596,0.001219468446186354,0.038436687136151906,2,0.2395918124196945,0.26294080551123233,0.023348993091537845
paulinho_1994,paulinho_1994,1718,0.9810875549838468,0.008193359709485364,0.004082665973965847,0.006636419332701844,1,1819,0.04141023776697879,0.891351266604629,0.04675994496732607,0.02047855066106605,2,-0.939677317216868,0.8831579068951437,0.042677278993360226,0.013842131328364208,1.2902645849381353,1,0.11383852169812503,0.4572212139550585,0.34338269225693346
paulo sergio mota_1991,paulo sergio mota_1991,1718,0.00907927386587995,0.024918952689836325,0.9521591713453241,0.013842602098959664,3,1819,0.001963284516990197,0.056790703088179365,0.9325852607270403,0.008660751667790187,3,-0.007115989348889753,0.03187175039834304,-0.01957391061828384,-0.005181850431169477,0.03807339956925777,2,0.24061665917531272,0.2813539043674434,0.04073724519213068
pedrao_1992,pedrao_1992,1718,0.0034130359360190383,0.06223932694730791,0.9210078285565972,0.013339808560075751,3,1819,7.018935037512784e-05,0.0015652541588987736,0.9981630441757844,0.0002015123149415225,3,-0.0033428465856439105,-0.06067407278840914,0.07715521561918715,-0.01313829624513423,0.09821122659488364,3,0.3255854735603892,0.014332465219933054,-0.31125300834045616
pedro rodrigues_1997,pedro rodrigues_1997,1718,0.2415365603571357,0.654511885721159,0.08163947857416598,0.022312075347539168,2,1819,0.0010903376123798112,0.9788541363738525,0.017571217411305788,0.0024843086024618766,2,-0.24044622274475588,0.3243422506526935,-0.06406826116286019,-0.01982776674507729,0.4087994908009401,2,0.9099718479164678,0.11427242475470528,-0.7956994231617625
tm102427,sebastian coates_1990,1718,0.0013075021844722447,0.033467060610024225,0.9624669979616749,0.00275843924382855,3,1819,0.00010095117245109146,0.002054538568662426,0.9973146818338047,0.0005298284250819582,3,-0.001206551012021153,-0.0314125220413618,0.034847683872129775,-0.0022286108187465916,0.04693147534006942,3,0.17545081208190283,0.020319898161211138,-0.1551309139206917
tm103381,tiquinho soares_1991,1718,0.08856071546720268,0.009432584207024116,0.005065029285038194,0.8969416710407351,4,1819,0.9823045558137194,0.0035654622964172607,0.000806675638568014,0.013323306251295327,1,0.8937438403465168,-0.005867121910606855,-0.00425835364647018,-0.8836183647894398,0.8937732424125442,1,0.382992805945764,0.1009133978674622,-0.2820794080783018
tm104127,aymen tahar_1989,1718,0.07582042430190528,0.5105920866803282,0.23120703554354055,0.18238045347422605,2,1819,0.003540104579329405,0.8682867996498758,0.11416992593272947,0.014003169838065406,2,-0.07228031972257587,0.3576947129695476,-0.11703710961081108,-0.16837728363616064,0.38323313704795653,2,1.187721047398996,0.4501384200540807,-0.7375826273449153
tm104466,stefan ristovski_1992,1718,0.005929283422450651,0.026572643102216555,0.9374765388671319,0.030021534608200805,3,1819,0.0016978438832875276,0.022534222558731477,0.9639309335533284,0.011837000004652664,3,-0.004231439539163124,-0.004038420543485077,0.02645439468619648,-0.01818453460354814,0.02709333717489774,3,0.29258418023612953,0.18422128002123514,-0.10836290021489439
tm107444,antonio briseno_1994,1718,0.017077423873275842,0.12547596427849186,0.7627245661703066,0.09472204567792572,3,1819,2.9856453607093355e-06,7.570352141782201e-05,0.9999105044305532,1.0806402668179224e-05,3,-0.017074438227915132,-0.12540026075707403,0.2371859382602466,-0.09471123927525754,0.26883811327104373,3,0.7597801465434844,0.000969376199842197,-0.7588107703436422
tm109256,haris seferovic_1992,1718,0.06885990328900629,0.006689750479079758,0.005057770046173478,0.9193925761857404,4,1819,0.03777102093103945,0.003861213691809135,0.0025906872268579967,0.9557770781502934,4,-0.031088882357966842,-0.002828536787270623,-0.002467082819315481,0.03638450196455301,0.031314624766421946,1,0.3217511504113693,0.20386184973916036,-0.11788930067220896
tm111200,fabio pacheco_1988,1718,0.01680195291625092,0.9049469378704545,0.06163338412388706,0.01661772508940762,2,1819,0.0053481967870667,0.462616044156442,0.4388084814205499,0.09322727763594144,2,-0.011453756129184221,-0.4423308937140126,0.3771750972966628,0.07660955254653382,0.5814196953011233,2,0.3988744855090939,0.9672324888307232,0.5683580033216293
tm111811,florent hanin_1990,1718,0.033132092129494146,0.07778060987612653,0.8745963618786979,0.014490936115681353,3,1819,0.002207773207125479,0.019617889621331795,0.9568370589155335,0.02133727825600922,3,-0.030924318922368667,-0.05816272025479474,0.08224069703683556,0.006846342140327866,0.10536957709583185,3,0.49007804713670866,0.2149349310325393,-0.27514311610416936
tm111828,fransergio_1990,1718,0.3349355787181611,0.5909528173303886,0.050919593447073884,0.023192010504376432,2,1819,0.024966955719547712,0.964885898556578,0.005150516863441666,0.004996628860432573,2,-0.3099686229986134,0.3739330812261894,-0.04576907658363222,-0.01819538164394386,0.48785377404534536,2,0.9161177011229276,0.18023677684244593,-0.7358809242804816
tm112465,sergio oliveira_1992,1718,0.5266958858536833,0.11781638616749412,0.09238663292661187,0.2631010950522107,1,1819,0.050302659287082614,0.7895856726260592,0.06567271812571683,0.0944389499611415,2,-0.4763932265666007,0.671769286458565,-0.026713914800895036,-0.1686621450910692,0.8239770104751561,2,1.160988001736266,0.7386156351238022,-0.4223723666124637
tm114130,fabio espinho_1985,1718,1.0,1.6055416213499702e-40,4.2634821165284684e-41,3.1108120158008103e-41,1,1819,0.019882113528955338,0.9015301245250034,0.045995107620638395,0.03259265432540291,2,-0.9801178864710447,0.9015301245250034,0.045995107620638395,0.03259265432540291,1.3324800886810917,1,8.289306334778563e-11,0.4245665835417839,0.4245665834588908
tm119183,jose adolfo valencia_1991,1718,0.39764348377044506,0.07864126507115228,0.026663666509436933,0.49705158464896565,4,1819,0.45563499263379353,0.20517136167498776,0.08101388215625091,0.2581797635349678,1,0.05799150886334847,0.12653009660383546,0.05435021564681398,-0.23887182111399785,0.1494216396231782,2,1.0107910537155333,1.2363306471493312,0.2255395934337978
tm122043,hector herrera_1990,1718,0.5183046624039703,0.4004267193052601,0.049718159805797246,0.03155045848497232,1,1819,0.009680691639869713,0.9715333765780393,0.0133956017803041,0.005390330001786959,2,-0.5086239707641006,0.5711066572727792,-0.03632255802549315,-0.026160128483185364,0.7656242458534367,2,0.9653730514563689,0.1588803694431331,-0.8064926820132358
tm122115,vincent sasso_1991,1718,0.005423390124038255,0.07515674413694892,0.9070072098920503,0.012412655846962444,3,1819,0.0008639855520204026,0.005780221550468286,0.986721401661413,0.0066343912360983595,3,-0.004559404572017852,-0.06937652258648064,0.07971419176936267,-0.005778264610864085,0.10577448853899754,3,0.36582110685412694,0.08234656416449221,-0.28347454268963473
tm122946,jardel_1986,1718,0.11542646538077302,0.1970345617211832,0.6073015209244662,0.08023745197357754,3,1819,4.8363313167000135e-05,0.0008435814619222852,0.9990061591578526,0.00010189606705799601,3,-0.11537810206760601,-0.1961909802592609,0.3917046382333864,-0.08013555590651954,0.45302928248112256,3,1.074577650681112,0.00838125191706185,-1.0661963987640501
tm124384,joao silva_1990,1718,0.7588780009733921,0.11036686176380855,0.04093228194162395,0.08982285532117529,1,1819,0.9672072511787555,0.01406226508473838,0.003967680960552504,0.014762802775953557,1,0.20832925020536341,-0.09630459667907018,-0.03696460098107145,-0.07506005254522173,0.23246942499678774,1,0.7999061778178898,0.1763885628610768,-0.6235176149568129
tm124548,bebeto_1990,1718,0.051598380816823684,0.08950136761148929,0.7450419003531766,0.11385835121851033,3,1819,0.0014459272414926202,0.034106371469543914,0.9220841712026017,0.04236353008636168,3,-0.05015245357533107,-0.055394996141945374,0.17704227084942503,-0.07149482113214865,0.19216617773352587,3,0.8356312611733984,0.3334047446254754,-0.5022265165479229
tm125165,jesus corona_1993,1718,0.7352130143617308,0.10311893222834638,0.06455015703575084,0.09711789637417202,1,1819,0.05992188156342587,0.5725084351647479,0.14389826911203224,0.22367141415979397,2,-0.6752911327983049,0.4693895029364015,0.0793481120762814,0.12655351778562196,0.8262207588731779,1,0.8637708985435488,1.1019002096380555,0.23812931109450663
tm125735,luis farina_1991,1718,0.4239352507066234,0.1158239733300483,0.04026873416700757,0.4199720417963206,1,1819,0.09662010566027482,0.8194349071161744,0.03186214486890658,0.05208284235464421,2,-0.3273151450463486,0.703610933786126,-0.008406589298100987,-0.36788919944167636,0.7760632841873937,2,1.1071946560256758,0.652688955921563,-0.45450570010411284
tm126956,edgar costa_1987,1718,0.8134952221170317,0.11026866705730579,0.022927052062386252,0.05330905876327597,1,1819,0.41945879279447285,0.3719591450741106,0.034315440653339135,0.17426662147807734,1,-0.3940364293225589,0.2616904780168048,0.011388388590952883,0.12095756271480138,0.47315569246563466,1,0.6538851743570835,1.1524688654502564,0.4985836910931729
tm126964,david bruno_1992,1718,0.0010815241405009173,0.005052718869583721,0.9926204195426103,0.0012453374473051751,3,1819,0.0001114171779255161,0.0036155070942224528,0.9953547873088949,0.0009182884189569929,3,-0.0009701069625754012,-0.0014372117753612686,0.002734367766284662,-0.00032704902834818225,0.0032378159749082303,3,0.04978559123750766,0.03239841401196304,-0.01738717722554462
tm127031,pierre sagna_1990,1718,0.00027350529167383206,0.003646506993346809,0.9951318448516301,0.0009481428633491961,3,1819,0.0005392191879734304,0.034142047236120965,0.9605040131617557,0.004814720414149921,3,0.00026571389629959834,0.030495540242774156,-0.03462783168987438,0.003866577550800725,0.046142554178497885,3,0.034171640829635294,0.18376049413542928,0.14958885330579397
tm130622,tiago mesquita_1990,1718,0.0588275070957232,0.09282187367492312,0.763995178819786,0.08435544040956762,3,1819,0.0020810619767013764,0.05126459041891742,0.9303128077360441,0.016341539868337026,3,-0.05674644511902183,-0.041557283256005696,0.16631762891625812,-0.06801390054123059,0.18057884846679076,3,0.8015610768032202,0.2995752547957752,-0.501985822007445
tm130635,vitor bruno_1990,1718,0.12216770846839724,0.2938009664499943,0.5305871436430348,0.05344418143857363,3,1819,0.0024762754136729345,0.16955174326956882,0.8147746024045125,0.0131973789122459,3,-0.11969143305472431,-0.1242492231804255,0.28418745876147766,-0.04024680252632773,0.33245514031962164,3,1.109518549429169,0.539762447840644,-0.5697561015885251
tm130940,idrissa mandiang_1984,1718,0.0019398793502604522,0.9592873208225956,0.035443384219371814,0.0033294156077718633,2,1819,0.0021206120447503033,0.2798579197667193,0.6930953808914296,0.02492608729710073,3,0.00018073269448985112,-0.6794294010558763,0.6576519966720579,0.021596671689328866,0.9455847357112942,2,0.18935588811136453,0.7155495097123495,0.526193621600985
tm131753,diego galo_1984,1718,0.003257607142815932,0.04993357479475279,0.932078806043797,0.014730012018634372,3,1819,3.455635853807027e-05,0.0004898651895577095,0.9993214668704262,0.00015411158147814028,3,-0.0032230507842778617,-0.049443709605195084,0.06724266082662922,-0.014575900437156232,0.08352630669990138,3,0.295999271396706,0.006119512292430766,-0.28987975910427527
tm131933,diego lopes_1994,1718,0.5293665884430621,0.2578323741287879,0.03228423210695652,0.18051680532119357,1,1819,0.08069135243038694,0.8205053389076956,0.0482429733982782,0.050560335263639164,2,-0.4486752360126751,0.5626729647789077,0.015958741291321674,-0.1299564700575544,0.719836796869762,2,1.1060639889729467,0.6625852733743522,-0.4434787155985944
tm132060,jorge fellipe_1988,1718,0.06601390120719504,0.21292246173703816,0.564457164950637,0.1566064721051298,3,1819,0.008139513958546363,0.04768127805256815,0.9329076101409055,0.011271597847979977,3,-0.05787438724864868,-0.16524118368447,0.3684504451902685,-0.1453348742571498,0.40793360249648264,3,1.1219320240315314,0.29961185913650823,-0.8223201648950231
tm132214,joao carlos teixeira_1993,1718,0.537356623749984,0.3870134452741246,0.0573392609981982,0.018290669977693096,1,1819,0.004069248595401269,0.9502077796695876,0.03420451856755957,0.011518453167451655,2,-0.5332873751545828,0.563194334395463,-0.02313474243063863,-0.006772216810241441,0.7759629495676615,2,0.9382462287048144,0.23779981244890155,-0.7004464162559129
tm13222,tiago gomes_1986,1718,0.0006765209355537999,0.009784931281914025,0.988051136728108,0.001487411054424109,3,1819,0.000242952973106825,0.01556807988262737,0.9799979624327262,0.004191004711539646,3,-0.0004335679624469749,0.0057831486007133455,-0.008053174295381771,0.0027035936571155367,0.009924031698245973,3,0.07177293680643243,0.10957027529117126,0.03779733848473883
tm134608,helder tavares_1989,1718,0.017674419975892613,0.9630831877931715,0.015432310075765683,0.003810082155170197,2,1819,0.0007381554794838032,0.9635030234738167,0.03340698566441294,0.0023518353822865176,2,-0.01693626449640881,0.0004198356806451864,0.01797467558864726,-0.0014582467728836792,0.024700248573813425,3,0.19314961024283944,0.16893045170657964,-0.024219158536259805
tm137192,zainadine junior_1988,1718,0.002865424302077635,0.027702717535087674,0.9636851578396287,0.005746700323206029,3,1819,0.0018230989269692889,0.04325923503679423,0.9481708834267957,0.006746782609440756,3,-0.0010423253751083463,0.015556517501706554,-0.01551427441283304,0.0010000822862347271,0.021995099216079547,2,0.18142064141819425,0.2315434704202932,0.05012282900209894
tm138651,joaozinho_1989,1718,0.0009873519743869505,0.022155241506255186,0.9718428234701014,0.005014583049256373,3,1819,0.0020038372555766576,0.04974478120649617,0.9274262303206008,0.020825151217326515,3,0.001016485281189707,0.027589539700240983,-0.04441659314950064,0.01581056816807014,0.052297702532772085,3,0.1455485974630615,0.31222653110376436,0.16667793364070285
tm139393,tomane_1992,1718,0.44376904664175204,0.016289273599300068,0.010542069050703906,0.529399610708244,4,1819,0.9931296722835334,0.0014894164328329066,0.00022106279210271955,0.005159848491531072,1,0.5493606256417813,-0.01479985716646716,-0.010321006258601186,-0.524239762216713,0.5496568529072182,1,0.8123034787393272,0.04557867439986727,-0.7667248043394599
tm139395,ricardo esgaio_1993,1718,0.31309731966898013,0.2950681463275957,0.15266337161244267,0.23917116239098163,1,1819,0.019917771085686552,0.32636691750993685,0.5695605086927231,0.08415480271165357,3,-0.2931795485832936,0.031298771182341145,0.4168971370802804,-0.15501635967932806,0.5106242098557044,3,1.3528129630025387,0.9723360340995756,-0.38047692890296314
tm140032,andreas samaris_1989,1718,0.015336472320682954,0.955116853269602,0.023572036053572613,0.00597463835614249,2,1819,0.0021959742271957646,0.9511728883512535,0.038742842720948766,0.007888294700602079,2,-0.01314049809348719,-0.003943964918348586,0.015170806667376153,0.001913656344459589,0.020454361988607946,3,0.22686123886356824,0.22520069618759775,-0.0016605426759704889
tm141050,danilo pereira_1991,1718,0.0026580305571881277,0.9886873822718586,0.008028497996883667,0.0006260891740694812,2,1819,0.0016780137389178842,0.9814617493067515,0.014722362301368044,0.0021378746529624837,2,-0.0009800168182702435,-0.007225632965107143,0.006693864304484378,0.0015117854788930024,0.009898384920651737,2,0.07036456333396642,0.10433625948079753,0.03397169614683111
tm144927,edu machado_1990,1718,4.2634821165284684e-41,4.8157762522403625e-40,1.0,3.1108120158008103e-41,3,1819,0.002585442023324709,0.07930468454936745,0.8850611745750404,0.03304869885226731,3,0.002585442023324709,0.07930468454936745,-0.11493882542495959,0.03304869885226731,0.1396669291278361,3,8.289306334778563e-11,0.4371513135801698,0.4371513134972767
tm145692,rafael crivellaro_1989,1718,0.8184086682185785,0.10738969848619798,0.035092154832873174,0.039109478462350473,1,1819,0.00525050396500236,0.9835159091110276,0.008055786095412342,0.0031778008285575842,2,-0.8131581642535761,0.8761262106248296,-0.027036368737460834,-0.03593167763379289,1.1956397042046476,2,0.647941431005201,0.1010268482786642,-0.5469145827265367
tm147487,vincent aboubakar_1992,1718,0.10954395179451784,0.018480257498772256,0.009234350019844836,0.8627414406868651,4,1819,0.4384833328086384,0.04973701029392793,0.03024195725573909,0.4815376996416946,4,0.32893938101412057,0.031256752795155676,0.021007607235894253,-0.38120374104517046,0.331088236787458,1,0.4866410579724136,0.9684573144525289,0.48181625648011533
tm149928,jubal_1993,1718,0.0034054547054530667,0.03822374922198091,0.9558535017901648,0.0025172942824010064,3,1819,7.675332955523011e-05,0.007050429820542678,0.9922148244484987,0.0006579924014032469,3,-0.0033287013758978366,-0.031173319401438228,0.03636132265833392,-0.0018593018809977594,0.04801043512422541,3,0.20234709676516058,0.04823521416308129,-0.15411188260207928
tm153207,william_1991,1718,0.17644716046495737,0.029370402306867178,0.01803005832445511,0.7761523789037204,4,1819,0.9262858097970063,0.04261590477390234,0.01894685241844199,0.012151433010649384,1,0.7498386493320489,0.013245502467035163,0.0009167940939868793,-0.764000945893071,0.7499561879730886,1,0.6787863840296627,0.3341406428737563,-0.34464574115590646
tm156501,felipe_1989,1718,0.02741353905068461,0.10362972391372222,0.8494418916571888,0.01951484537840442,3,1819,0.0002993965198593648,0.00856650698199247,0.989980380048037,0.0011537164501111564,3,-0.027114142530825246,-0.09506321693172974,0.14053848839084826,-0.018361128928293263,0.17182333560310023,3,0.5489502765940676,0.060978779496925054,-0.48797149709714255
tm157036,dyego sousa_1989,1718,0.0033815147007575717,0.0013290898508077633,0.0007684240844994853,0.9945209713639351,4,1819,0.9556257524591982,0.0043737958020886305,0.0014771697787763784,0.03852328195993641,1,0.9522442377584407,0.0030447059512808674,0.0007087456942768931,-0.9559976894039988,0.9522493690724834,1,0.03901629528040092,0.20221223796853446,0.16319594268813353
tm158382,rafael costa_1991,1718,0.6461975373439066,0.06814553352824057,0.04406764365680224,0.24158928547105069,1,1819,0.032806778618113375,0.8859969055897868,0.03423540978747926,0.04696090600462061,2,-0.6133907587257932,0.8178513720615462,-0.009832233869322984,-0.19462837946643008,1.0223628330959704,2,0.9459705211054656,0.4785016987370566,-0.46746882236840903
tm158427,nildo petrolina_1986,1718,0.5335175641154911,0.0939106664823258,0.12417468007875941,0.24839708932342372,1,1819,0.2274332680771476,0.3251182786295941,0.02390242064486521,0.4235460326483932,4,-0.30608429603834353,0.2312076121472683,-0.1002722594338942,0.17514894332496947,0.39648339461837256,1,1.1623126730658155,1.1552092206566724,-0.007103452409143118
tm159570,bruno nascimento_1991,1718,0.010904079905104773,0.12159975704441296,0.8479199299438454,0.01957623310663701,3,1819,6.59890367793136e-06,0.00020222117113437738,0.9997349355345743,5.624439061340742e-05,3,-0.010897481001426842,-0.12139753587327859,0.1518150055907289,-0.019519988716023604,0.19468927225400343,3,0.5223670138403499,0.0026142649801512044,-0.5197527488601987
tm164705,raul silva_1989,1718,0.2055964176108851,0.13607156792275368,0.2342409970600078,0.4240910174063534,4,1819,0.0002453090628358878,0.007477246024953288,0.9915105343520703,0.0007669105601405879,3,-0.20535110854804922,-0.1285943218978004,0.7572695372920625,-0.4233241068462128,0.7950866176189876,3,1.3003923505785298,0.05260151654479916,-1.2477908340337307
tm168536,alhassan wakaso_1992,1718,0.00928858320045204,0.9207903160702825,0.05010629255111207,0.019814808178153637,2,1819,0.0007044016577674754,0.9402418475130829,0.055041394317439,0.0040123565117106425,2,-0.008584181542684564,0.01945153144280043,0.00493510176632693,-0.015802451666442993,0.02182671477048306,2,0.3471462672073942,0.2447921868580016,-0.10235408034939261
tm175597,ruben ferreira_1990,1718,0.04206350387764193,0.22438079995578813,0.5755147530427043,0.15804094312386557,3,1819,0.0004974936688094695,0.015671640499130834,0.9741859962395539,0.009644869592505838,3,-0.041566010208832466,-0.2087091594566573,0.39867124319684966,-0.14839607353135972,0.4519137158771648,3,1.0781347227357774,0.13915664369402891,-0.9389780790417485
tm175600,arsenio nunes_1989,1718,0.9117854416768778,0.07622315014038213,0.008320258721136054,0.0036711494616039637,1,1819,0.1581832564306284,0.5965376618283638,0.10748739908125178,0.13779168265975603,2,-0.7536021852462494,0.5203145116879816,0.09916714036011573,0.13412053319815206,0.9211284201501048,1,0.3408404539742959,1.1127118762878956,0.7718714223135996
tm177964,yusupha njie_1994,1718,0.3961924958658162,0.09668111757053745,0.028350693886645364,0.478775692677001,4,1819,0.9891013961378385,0.0012403916481275791,0.0005303760245696122,0.009127836189464377,1,0.5929089002720224,-0.09544072592240987,-0.02782031786207575,-0.4696478564875366,0.6011853842803586,1,1.0463423341912428,0.06600837366189038,-0.9803339605293524
tm182462,welthon_1992,1718,0.7999876203001122,0.05870447005282108,0.020355615419698988,0.12095229422736788,1,1819,0.7963572128524041,0.15122391901745402,0.010995815985346592,0.04142305214479515,1,-0.0036304074477080395,0.09251944896463293,-0.009359799434352396,-0.07952924208257273,0.09306252812172576,2,0.6797332385081047,0.6484788420977807,-0.031254396410324015
tm182710,joao teixeira_1994,1718,0.8804786566760424,0.09977140133675798,0.012887853461284808,0.006862088525914707,1,1819,0.0469302773772458,0.559641764599658,0.1484584651468706,0.24496949287622566,2,-0.8335483792987967,0.4598703632629,0.1355706116855858,0.23810740435031094,0.9615940112084758,1,0.43230251919778645,1.0961693003570754,0.6638667811592889
tm182936,filipe ferreira_1990,1718,0.0021190680876445435,0.011767741814190465,0.9837943838417571,0.0023188062564078425,3,1819,0.0002154203439544778,0.005070730256375205,0.9925063761117127,0.0022074732879577828,3,-0.0019036477436900658,-0.00669701155781526,0.00871199226995556,-0.00011133296845005974,0.011152248555754704,3,0.09546466862692271,0.04958006359913057,-0.04588460502779214
tm183945,eber bessa_1992,1718,0.3372934310669791,0.16572205908967771,0.06297553552411439,0.4340089743192287,4,1819,0.03148210784985919,0.6287326073180041,0.0222092325794259,0.31757605225271096,2,-0.3058113232171199,0.4630105482283263,-0.04076630294468849,-0.11643292206651773,0.5563822648452044,2,1.200838073230473,0.849466403808903,-0.35137166942157005
tm184992,juan delgado_1993,1718,0.2117892547399596,0.02645365989859874,0.024455947544654487,0.7373011378167873,4,1819,0.202784338357501,0.4331135638895783,0.028694675213494957,0.3354074225394257,2,-0.009004916382458594,0.4066599039909795,0.00423872766884047,-0.4018937152773616,0.40678167712577507,2,0.7402729978255018,1.1542734808681725,0.4140004830426707
tm187697,jean cleber_1990,1718,0.1658060372362124,0.8111757860092451,0.017413153801342358,0.005605022953200221,2,1819,0.0020271290379205095,0.6503088325213947,0.34439648019797764,0.0032675582427070956,2,-0.16377890819829188,-0.1608669534878504,0.3269833263966353,-0.0023374647104931257,0.39952447138629105,3,0.5672875467095415,0.6782195596095525,0.11093201290001098
tm187896,luis martins_1992,1718,0.002300508616254439,0.025784605017704614,0.9602787897763428,0.011636096589697994,3,1819,0.000611403084615665,0.01365727865865355,0.974229222690969,0.011502095565761592,3,-0.001689105531638774,-0.012127326359051064,0.013950432914626165,-0.00013400102393640138,0.018561780642530838,3,0.199038924761332,0.13995679920557277,-0.05908212555575923
tm188911,shoya nakajima_1994,1718,0.3634912562574223,0.016436651177365806,0.01335798097083438,0.6067141115943775,4,1819,0.7126009104399498,0.028057311814331853,0.006512327229858426,0.25282945051586003,1,0.3491096541825275,0.011620660636966047,-0.006845653740975954,-0.35388466107851746,0.34937008082007365,1,0.7962007287644841,0.7221502849884485,-0.07405044377603565
tm189516,derley_1987,1718,0.4243537383830219,0.08992714115238296,0.04036353246564448,0.44535558799895086,4,1819,0.9929924559563813,0.004201169075451698,0.0004873218507211089,0.0023190531174458375,1,0.5686387175733594,-0.08572597207693125,-0.03987621061492337,-0.443036534881505,0.5764451800345071,1,1.0701636224304172,0.04775874053535474,-1.0224048818950624
tm18981,rodrigo defendi_1986,1718,0.06211307262164421,0.2047880272267548,0.5689497856369835,0.1641491145146176,3,1819,0.001076005067274952,0.01993684929446544,0.9772874078100621,0.001699737828197529,3,-0.06103706755436925,-0.18485117793228936,0.40833762217307856,-0.1624493766864201,0.4523661075727882,3,1.1148293146354327,0.1187028129654071,-0.9961265016700256
tm190543,dener_1992,1718,0.28308470082283194,0.6639186924434766,0.03986092678059049,0.013135679953100894,2,1819,0.02613447441365484,0.9239905225828593,0.037963254265063244,0.011911748738422392,2,-0.2569502264091771,0.26007183013938273,-0.001897672515527249,-0.0012239312146785017,0.36560139064936764,2,0.8145491721741136,0.34524652049425636,-0.46930265167985724
tm193082,alex grimaldo_1995,1718,0.006691468439731693,0.03090035460443599,0.9518675739473609,0.010540603008471452,3,1819,0.010328501813116557,0.20402803955873253,0.6592824848885412,0.1263609737396097,3,0.0036370333733848643,0.17312768495429653,-0.29258508905881964,0.11582037073113824,0.33998890812635446,3,0.23588513726845994,0.9075838800169889,0.6716987427485289
tm193303,nuno sequeira_1990,1718,0.017958674543254574,0.0498955862066085,0.8882211168510601,0.04392462239907695,3,1819,0.010565621566621119,0.0907934307463809,0.7302570614084949,0.16838388627850306,3,-0.007393052976633455,0.040897844539772396,-0.1579640554425652,0.12445926387942612,0.1633399330604017,3,0.46432793887293233,0.7954439096184729,0.33111597074554056
tm194214,goncalo silva_1991,1718,0.003160854987435449,0.05210503449178559,0.9261093784170965,0.018624732103682554,3,1819,0.0005413459300210329,0.014113660276980118,0.9764857834096208,0.008859210383378063,3,-0.0026195090574144164,-0.03799137421480547,0.05037640499252427,-0.00976552172030449,0.06315052274052912,3,0.3174188755591406,0.129311369503438,-0.18810750605570262
tm194641,fabio sturgeon_1994,1718,0.12128206822312754,0.8029982962579569,0.05480114287157391,0.020918492647341625,2,1819,0.03426525640182749,0.88940036866894,0.05671399974534074,0.019620375183891873,2,-0.08701681182130006,0.08640207241098308,0.0019128568737668342,-0.0012981174634497522,0.12264135794207362,1,0.672080337307014,0.45972818036145036,-0.21235215694556364
tm195308,luis machado_1992,1718,0.9978964116637093,0.0006203605052319695,0.00028126504615092325,0.001201962784907805,1,1819,0.007723196608737715,0.9657612881314681,0.01823042925127689,0.008285086008517342,2,-0.9901732150549716,0.9651409276262362,0.01794916420512597,0.007083123223609537,1.3828456813712777,1,0.017064306331616028,0.1839273517044036,0.16686304537278757
tm197613,alexandre guedes_1994,1718,0.7290115073447601,0.046092437075791,0.02386837127662609,0.20102768430282292,1,1819,0.9862384151653856,0.003776537118989416,0.0011305890339497412,0.008854458681675247,1,0.2572269078206255,-0.04231589995680158,-0.02273778224267635,-0.19217322562114766,0.2616740801788171,1,0.7839113330195455,0.08426018314340716,-0.6996511498761384
tm198006,rafa soares_1995,1718,0.00817890350992692,0.01774995998278485,0.9599938383200928,0.014077298187195478,3,1819,0.002761971625590983,0.0687823999842342,0.8925292743511717,0.03592635403900315,3,-0.005416931884335937,0.05103244000144935,-0.06746456396892109,0.021849055851807672,0.08476508995487299,3,0.2100753625764985,0.4213684891931196,0.21129312661662109
tm198007,francisco ramos_1995,1718,0.003076887337656316,0.9806083340548875,0.015119044346569672,0.0011957342608864613,2,1819,0.005070639899166782,0.8664467731434772,0.11570933074046157,0.012773256216894426,2,0.001993752561510466,-0.11416156091141028,0.10059028639389189,0.011577521956007964,0.15216846833628628,2,0.10842073604168811,0.45624768561371765,0.34782694957202953
tm198053,lazar rosic_1993,1718,0.0033964252964945874,0.07314537135816368,0.9165444537844997,0.00691374956084207,3,1819,0.00075531781611904,0.00891329529957058,0.9875452002937446,0.0027861865905656493,3,-0.0026411074803755472,-0.0642320760585931,0.07100074650924493,-0.004127562970276421,0.095780170434124,3,0.3248690169619984,0.07627041952713258,-0.2485985974348658
tm203330,tyler boyd_1994,1718,0.9660032296245922,0.015164095236096796,0.007088804825750392,0.011743870313560435,1,1819,0.00425451960020781,0.9518478993551893,0.029367680538282558,0.014529900506320486,2,-0.9617487100243843,0.9366838041190926,0.022278875712532165,0.002786030192760051,1.3426963463254067,1,0.18421087919206075,0.23529146440693433,0.051080585214873575
tm203654,toze_1993,1718,0.956896019547302,0.011417332616182864,0.005322703918952835,0.02636394391756227,1,1819,0.7170651982664236,0.16141042101636208,0.017406038119261946,0.10411834259795244,1,-0.2398308212808784,0.14999308840017922,0.01208333420030911,0.07775439868039016,0.283130281618694,1,0.21694817478120554,0.8389188937313805,0.621970718950175
tm205116,talocha_1989,1718,0.0012640508959363616,0.0032473967451992435,0.9948885592906014,0.0005999930682631068,3,1819,0.000373241949566812,0.0070128658967256495,0.9890958719210148,0.003518020232692842,3,-0.0008908089463695497,0.003765469151526406,-0.005792687369586602,0.0029180271644297356,0.0069661700719833965,3,0.03659228272461798,0.06845075300233561,0.031858470277717627
tm206843,andrija zivkovic_1996,1718,0.9183772999614184,0.03518728048575176,0.009560638479457676,0.03687478107337221,1,1819,0.030495033223049178,0.5707955735570124,0.04123636547904221,0.3574730277408962,2,-0.8878822667383692,0.5356082930712607,0.031675726999584534,0.32059824666752396,1.0374075934154938,1,0.3621244526792246,0.9257026742873298,0.5635782216081051
tm209993,mohamed abarhoun_1989,1718,0.006736566301554685,0.09659808276758834,0.8512513930241916,0.04541395790666531,3,1819,0.000387968057009938,0.00409057415993186,0.9941732997878243,0.0013481579952340495,3,-0.006348598244544747,-0.09250750860765648,0.1429219067636327,-0.04406579991143126,0.1703661212841884,3,0.5369620945887128,0.04026137223807365,-0.49670072235063917
tm211072,paulinho_1992,1718,0.48333093145002815,0.016561777759384947,0.009995762083079514,0.4901115287075074,4,1819,0.9493683699944709,0.018879299197784322,0.001761969883407105,0.029990360924337586,1,0.4660374385444428,0.0023175214383993753,-0.008233792199672409,-0.4601211677831698,0.4661159301768929,1,0.81486761091238,0.24061839644887292,-0.5742492144635071
tm211107,joao afonso_1990,1718,0.04716064472683721,0.1641979553262752,0.546896543747698,0.24174485619918964,3,1819,0.0002655174894894797,0.0052626198906574545,0.9904280861022431,0.0040437765176100935,3,-0.046895127237347733,-0.15893533543561775,0.44353154235454506,-0.23770107968157955,0.47347631711843935,3,1.1139879363491834,0.061609352121896624,-1.0523785842272868
tm212899,filipe augusto_1993,1718,0.0332103027599433,0.737164191380505,0.10006936786803404,0.12955613799151774,2,1819,0.0003545122034764831,0.9818610748648641,0.015835531165292075,0.001948881766367509,2,-0.03285579055646682,0.24469688348435903,-0.08423383670274197,-0.12760725622515023,0.26086664601997817,2,0.8329869356796407,0.09859810339594868,-0.734388832283692
tm214070,ewerton_1992,1718,0.017478761668573876,0.9664051133070068,0.012889677336213318,0.0032264476882057124,2,1819,0.0007006827146034523,0.9913007548885429,0.0059872968374281976,0.002011265559425442,2,-0.016778078953970422,0.02489564158153601,-0.0069023804987851205,-0.0012151821287802703,0.030804865844408072,2,0.1783519868441057,0.05688227936126988,-0.12146970748283581
tm214775,oliver torres_1994,1718,0.3392151550615914,0.3695697749974405,0.13852979276470503,0.15268527717626307,2,1819,0.006959502767592668,0.972406367710846,0.012131247906850221,0.008502881614711088,2,-0.3322556522939987,0.6028365927134055,-0.12639854485785482,-0.144182395561552,0.6998445314052272,2,1.2953888756167804,0.15584065613691012,-1.1395482194798703
tm220722,eduardo teixeira_1993,1718,0.43688991818121314,0.37908458836615244,0.08975351639696941,0.09427197705566513,1,1819,0.013717004910658224,0.3570487813578126,0.16677560833117655,0.4624586054003527,4,-0.4231729132705549,-0.022035807008339847,0.07702209193420714,0.36818662834468757,0.4306893241796444,1,1.1684854178929611,1.0819123428430137,-0.08657307504994738
tm223029,fabio martins_1993,1718,0.05410464201067276,0.008278634997213829,0.0049106043489651075,0.9327061186431483,4,1819,0.1585600635909942,0.4080435372504263,0.035753687794326146,0.39764271136425344,2,0.10445542158032144,0.3997649022532125,0.03084308344536104,-0.5350634072788949,0.4143358637234541,2,0.2885863536874908,1.1435761444803334,0.8549897907928425
tm224852,patrick_1991,1718,0.03651923040332646,0.04063399699873085,0.8836152355643113,0.03923153703363146,3,1819,0.01086695756358118,0.14018471730093007,0.7670584243138535,0.08188990082163528,3,-0.025652272839745284,0.09955072030219922,-0.1165568112504578,0.04265836378800381,0.15541517063467866,3,0.48740773424274875,0.732912439506215,0.24550470526346624
tm226138,mattheus oliveira_1994,1718,0.15289191021559642,0.7439685119514049,0.07175791594485481,0.03138166188814376,2,1819,0.09255590503954464,0.799566215360729,0.03349675201824392,0.07438112758148231,2,-0.06033600517605178,0.05559770340932413,-0.03826116392661089,0.042999465693338554,0.09052875128938159,1,0.8048400268854806,0.7061779892877429,-0.09866203759773773
tm226896,dankler_1992,1718,0.0018188930258730145,0.03718621382053937,0.9509679911839013,0.010026901969686343,3,1819,7.865869104779842e-05,0.0010076024867445572,0.998370571016808,0.0005431678053996821,3,-0.001740234334825216,-0.03617861133379481,0.047402579832906744,-0.009483734164286661,0.059656725592316814,3,0.22784502144653834,0.013407681994218655,-0.2144373394523197
tm227676,amilton_1989,1718,0.9482310630029045,0.01728725675836793,0.009759832233769819,0.02472184800495782,1,1819,0.41840596127394203,0.490852312297563,0.03058353039244597,0.060158196036049126,2,-0.5298251017289625,0.47356505553919503,0.02082369815867615,0.0354363480310913,0.7109234323434205,1,0.2572086313845077,0.9895998676608412,0.7323912362763334
tm228940,joao novais_1993,1718,0.4912743137978373,0.03189616545395409,0.020959731339097502,0.45586978940911116,1,1819,0.07688544013524612,0.8330111911895568,0.027974131410111187,0.062129237265085874,2,-0.4143888736625912,0.8011150257356027,0.007014400071013685,-0.39374055214402526,0.9019715211042212,2,0.8981855737709332,0.622120132029795,-0.27606544174113823
tm229854,leandrinho_1993,1718,0.0020594828903255343,0.9727954344812305,0.021075494310439296,0.004069588318004603,2,1819,0.02152363265220542,0.557120482535804,0.36997979034183176,0.05137609447015886,2,0.019464149761879886,-0.4156749519454265,0.34890429603139245,0.04730650615215426,0.5430457868264398,2,0.14331343415163192,0.9289091800527847,0.7855957459011528
tm231289,otavio_1995,1718,0.40639945414001094,0.43501542434022417,0.04315330934033396,0.11543181217943092,2,1819,0.00744875611261332,0.9436364010218045,0.018015282676290767,0.03089956018929161,2,-0.39895069802739763,0.5086209766815804,-0.025138026664043196,-0.0845322519901393,0.6469071631707557,2,1.1128817761096355,0.27103838238337263,-0.8418433937262628
tm236886,costinha_1992,1718,0.42305582360082084,0.5143238550408723,0.047215987499396025,0.01540433385891083,2,1819,0.14606369800975452,0.8166832856703645,0.022609903764549626,0.014643112555331392,2,-0.27699212559106634,0.3023594306294922,-0.0246060837348464,-0.0007612213035794388,0.4107935275619786,2,0.9143446943774783,0.5938927094975227,-0.32045198487995563
tm236997,tiago silva_1993,1718,0.4153337460731523,0.32712908494408416,0.09343222208197949,0.1641049469007839,1,1819,0.0018525188754161398,0.9815319801441306,0.006867066922200065,0.009748434058253054,2,-0.41348122719773617,0.6544028952000465,-0.08656515515977942,-0.15435651284253085,0.7789116770077245,2,1.2485380583962578,0.10929756783985792,-1.1392404905563998
tm238055,rafa silva_1993,1718,0.9820046991745575,0.006677996352597931,0.0021003813790059344,0.009216923093838515,1,1819,0.3336885628317497,0.0761037524056027,0.02711837945178142,0.5630893053108661,4,-0.6483161363428078,0.06942575605300477,0.025017998072775487,0.5538723822170276,0.6525026041891074,1,0.10742934066489293,0.9834786716183944,0.8760493309535015
tm240306,bruno fernandes_1994,1718,0.40838492723570813,0.054033908814609184,0.02992222623630002,0.5076589377133828,4,1819,0.21573518819127555,0.052280340883231316,0.012166135081996111,0.7198183358434971,4,-0.19264973904443258,-0.0017535679313778682,-0.01775609115430391,0.2121593981301143,0.19347422496926528,1,0.9725725729008612,0.7754467586998222,-0.19712581420103903
tm240578,luiz phellype_1993,1718,0.06181102304106868,0.016128099758734794,0.007659258096862518,0.914401619103334,4,1819,0.6549692535013122,0.04575047165119137,0.01027784685750294,0.2890024279899934,1,0.5931582304602435,0.02962237189245658,0.002618588760640422,-0.6253991911133405,0.5939032145782339,1,0.35776575033946867,0.8240752385141414,0.46630948817467277
tm240773,edson rodrigues farias_1992,1718,0.4932996455938932,0.33347694444374765,0.10740543831828529,0.06581797164407367,1,1819,0.01023892356918022,0.24295111803374417,0.630475987912523,0.11633397048455253,3,-0.483060722024713,-0.09052582641000348,0.5230705495942377,0.05051599884047886,0.7177362929816696,3,1.1335214334629926,0.9317547784497393,-0.2017666550132533
tm24202,vasco fernandes_1986,1718,0.008498614037283714,0.040568916901142185,0.9450259820469575,0.0059064870146165556,3,1819,2.4624394605811745e-05,0.0003714808700528437,0.9995081647750801,9.572996026122578e-05,3,-0.008473989642677902,-0.04019743603108934,0.05448218272812255,-0.00581075705435533,0.06823452644195802,3,0.25427831049007643,0.004572866615282608,-0.24970544387479382
tm243783,antonio xavier_1992,1718,0.5260962074959615,0.10979583717945271,0.08786281109464485,0.27624514422994084,1,1819,0.15065971993417457,0.33057245531479357,0.037455507546637325,0.48131231720439455,4,-0.37543648756178694,0.22077661813534086,-0.05040730354800752,0.2050671729744537,0.4384469951533377,1,1.1495106345058876,1.1260594831505597,-0.023451151355327937
tm248901,platiny_1990,1718,0.3093352815711997,0.04376189143025134,0.018376623174431367,0.6285262038241175,4,1819,0.8341119941865027,0.04454673398312404,0.012088191785624074,0.10925308004474926,1,0.524776712615303,0.0007848425528726999,-0.0062884313888072925,-0.5192731237793682,0.524814975444193,1,0.8652016977912357,0.5851637923716626,-0.2800379054195731
tm248903,marcelo goiano_1987,1718,0.0008645239347394946,0.009393923565539876,0.9877454726742507,0.0019960798254700647,3,1819,0.0008750121513329501,0.01611995538684873,0.9756096944545455,0.007395338007272683,3,1.0488216593455423e-05,0.006726031821308853,-0.01213577821970524,0.005399258181802619,0.013875039713882577,3,0.07453362014956859,0.1330781341611015,0.05854451401153292
tm24946,cris_1984,1718,0.009523400019441745,0.9015610066102857,0.07655806961339187,0.012357523756880677,2,1819,0.0011132438059459004,0.8779997347271865,0.11767697131570784,0.003210050151159912,2,-0.008410156213495844,-0.0235612718830992,0.04111890170231597,-0.009147473605720765,0.04813136542307362,3,0.3887728793698767,0.3920432363574773,0.0032703569876005867
tm255755,alex telles_1992,1718,0.049349716696665206,0.0751652568634809,0.3263813528819102,0.5491036735579435,4,1819,0.007662998486991578,0.12389955178170985,0.6382622045442528,0.23017524518704577,3,-0.04168671820967363,0.04873429491822895,0.31188085166234253,-0.31892842837089774,0.3184061551068034,3,1.0376328633554903,0.9207579661914964,-0.11687489716399391
tm256696,perdigao_1991,1718,0.183824195422024,0.6597825991888905,0.13512924338422722,0.02126396200485842,2,1819,0.05112297866308713,0.8513316002786885,0.07088571694137592,0.026659704116848416,2,-0.13270121675893687,0.191549001089798,-0.06424352644285129,0.005395742111989996,0.24171856245976459,2,0.9380705237007788,0.5732831943441056,-0.36478732935667324
tm257388,wilson manafa_1994,1718,0.3375818898406006,0.191438482064219,0.08953874386191563,0.3814408842332646,4,1819,0.010234907732266929,0.06469582791465209,0.8385542941866879,0.08651497016639291,3,-0.3273469821083337,-0.12674265414956692,0.7490155503247723,-0.2949259140668717,0.8271904506851079,3,1.2667770338943505,0.5834260641184285,-0.683350969775922
tm258004,ruben dias_1997,1718,0.021173021053913617,0.1797361123743325,0.7670311888750124,0.03205967769674158,3,1819,1.979058588023766e-05,0.00044742112369034197,0.9995020502074592,3.073808297027804e-05,3,-0.021153230468033378,-0.17928869125064217,0.23247086133244677,-0.032028939613771304,0.29433755339448536,3,0.703825780241485,0.0044820491062671705,-0.6993437311352179
tm258475,nikola maras_1995,1718,0.011563659949739725,0.18167988552938094,0.7900223853532355,0.016734069167643775,3,1819,0.0014923971780280304,0.008280782867795135,0.9862026052030445,0.004024214751132441,3,-0.010071262771711694,-0.1733991026615858,0.19618021984980893,-0.012709854416511334,0.2620216742904667,3,0.6160803496033251,0.08530517356149736,-0.5307751760418278
tm261927,ricardo horta_1994,1718,0.54270243280648,0.021509102252907922,0.01605661314914205,0.41973185179147005,1,1819,0.4358160143701814,0.4099011006986147,0.042057037018060024,0.11222584791314381,1,-0.10688641843629859,0.38839199844570677,0.026000423868917974,-0.3075060038783262,0.40366950955472575,2,0.8450017181820993,1.1062588547523269,0.26125713657022753
tm262999,cristian arango_1995,1718,0.4168859474432479,0.030669884611383917,0.012804587286706718,0.5396395806586615,4,1819,0.8494444725372039,0.050658914934959214,0.008437643314560301,0.09145896921327669,1,0.432558525093956,0.019989030323575296,-0.004366943972146417,-0.4481806114453848,0.43304215633629856,1,0.86030019602257,0.5487511405142146,-0.31154905550835543
tm265648,pablo santos_1992,1718,0.003588161904647969,0.06966140067731896,0.9198202801502445,0.006930157267788713,3,1819,8.058562690915896e-05,0.0010846221484501456,0.9984871491430752,0.0003476430815656124,3,-0.00350757627773881,-0.06857677852886881,0.07866686899283071,-0.0065825141862231006,0.10442008390092812,3,0.3171189803497177,0.012444265762995016,-0.3046747145867227
tm269467,cesar_1992,1718,0.00522630204903537,0.04920178716909411,0.9319803638564875,0.01359154692538291,3,1819,1.3118309200250915e-05,0.000206848026284392,0.999689446161103,9.058750341253998e-05,3,-0.005213183739835119,-0.04899493914280972,0.06770908230461548,-0.01350095942197037,0.08373888686175678,3,0.2997190823531105,0.003056072427604341,-0.29666300992550615
tm271256,jhonder cadiz_1995,1718,0.5224684004398978,0.04206401499128126,0.020795020130714475,0.41467256443810635,1,1819,0.9818341454918325,0.002869782388435302,0.0004447566306212252,0.014851315489110877,1,0.4593657450519346,-0.03919423260284596,-0.02035026350009325,-0.39982124894899546,0.4614837037436622,1,0.918026302761862,0.10074988752482317,-0.8172764152370389
tm27178,ruben fernandes_1986,1718,0.08331709234783118,0.15055207732657863,0.504985691696793,0.2611451386287973,3,1819,0.0005899660641044498,0.010001141052867937,0.9841244515076535,0.005284441375374325,3,-0.08272712628372672,-0.14055093627371068,0.4791387598108605,-0.255860697253423,0.5061346602078046,3,1.1877667184433622,0.0938976004409741,-1.093869118002388
tm278985,flavio ramos_1994,1718,0.002088806560838397,0.023982583690552416,0.9712085879670416,0.0027200217815677562,3,1819,0.00018543295552434847,0.0038779129835472196,0.995631884386239,0.00030476967468931606,3,-0.0019033736053140483,-0.020104670707005196,0.024423296419197382,-0.0024152521068784402,0.03169097700132482,3,0.14679603746565742,0.029951303889187243,-0.11684473357647018
tm282513,fabricio baiano_1992,1718,0.0007829620087911709,0.9930305989893317,0.005545049228310677,0.0006413897735666909,2,1819,0.001651700811535952,0.9018554436636198,0.08597217668868416,0.010520678836160256,2,0.0008687388027447811,-0.09117515532571185,0.08042712746037349,0.009879289062593565,0.12158201547639454,2,0.0460662503081764,0.36261146708066305,0.31654521677248665
tm283130,moussa marega_1991,1718,0.057082023242075564,0.007697283905420529,0.005268178491391327,0.9299525143611127,4,1819,0.9351359261544964,0.006363395863036049,0.001903520243474024,0.0565971577389936,1,0.8780539029124208,-0.0013338880423844806,-0.003364658247917303,-0.873355356622119,0.8780613626633219,1,0.2960748545460529,0.2693535688357737,-0.026721285710279208
tm288498,indio_1996,1718,0.4507378503536244,0.35941154694954586,0.10825203507203777,0.08159856762479208,1,1819,0.0065300796100650075,0.907175526854427,0.07825633358376342,0.008038059951744432,2,-0.4442077707435594,0.5477639799048812,-0.02999570148827435,-0.07356050767304764,0.7058793546902837,2,1.1721178246305044,0.3593823639647562,-0.8127354606657482
tm289216,stephane sparagna_1995,1718,0.0033124387515383676,0.3710766425565741,0.6192956984419038,0.006315220249983913,3,1819,0.0011283799576766026,0.2001262391795054,0.7867189417536554,0.012026439109162618,3,-0.002184058793861765,-0.17095040337706868,0.16742324331175162,0.005711218859178705,0.23928926622108132,2,0.7155145447145013,0.5715088727341456,-0.14400567198035563
tm290336,rochinha_1995,1718,0.874415954270722,0.07890775858540404,0.014012894286983877,0.032663392856889906,1,1819,0.1939714669669288,0.7464751245759462,0.017302275588546415,0.04225113286857852,2,-0.6804444873037933,0.6675673659905422,0.003289381301562538,0.009587740011688613,0.9532374879677256,1,0.48929188979968175,0.7402675996424687,0.25097570984278694
tm290391,nuno santos_1995,1718,0.7319005874863971,0.20205997033968148,0.04803947936568236,0.01799996280823906,1,1819,0.42987377804667215,0.13490006180859118,0.02812967316399447,0.40709648698074213,1,-0.30202680943972493,-0.0671599085310903,-0.01990980620168789,0.38909652417250307,0.3100436216361064,1,0.7697141352792077,1.0994702219849435,0.32975608670573575
tm290530,bilel aouacheria_1994,1718,0.9214606735189808,0.05632414311838515,0.012832939517669877,0.009382243844964252,1,1819,0.41716962496761506,0.4520370221257134,0.02642355025001133,0.10436980265666021,2,-0.5042910485513656,0.39571287900732827,0.013590610732341454,0.09498755881169596,0.641157429155572,1,0.33709692116445633,1.0554955124247842,0.7183985912603279
tm291402,pite_1994,1718,5.7405972359196e-05,0.0011028654199991298,0.9987034887871042,0.00013623982053759506,3,1819,0.11401150745311693,0.5959371004034351,0.06007803290462709,0.22997335923882098,2,0.11395410148075774,0.5948342349834359,-0.9386254558824771,0.2298371194182834,1.1170635840377237,3,0.010579284895842162,1.0629990702965375,1.0524197854006954
tm291941,carraca_1993,1718,0.02044202026792753,0.05916720491951611,0.9040871643901143,0.016303610422442084,3,1819,0.0034175282070434652,0.1704746936167433,0.8108861057697195,0.01522167240649371,3,-0.017024492060884064,0.1113074886972272,-0.09320105862039474,-0.0010819380159483739,0.14616985906121932,2,0.40508175188931034,0.5546934308878677,0.14961167899855737
tm291968,neto_1991,1718,0.003421057655572376,0.991054114649649,0.004754550395370425,0.0007702772994081719,2,1819,0.0014471601736095125,0.946116708340275,0.03604373490887622,0.016392396577239322,2,-0.0019738974819628633,-0.04493740630937404,0.03128918451350579,0.01562211927783115,0.05479306365410936,2,0.05928222508529582,0.24902879288399216,0.18974656779869634
tm291981,djavan da silva ferreira_1987,1718,0.009602169328874434,0.05610008548770767,0.9249390838984979,0.009358661284919988,3,1819,0.0027517236862838125,0.05540084911616988,0.8977761527808642,0.044071274416681995,3,-0.0068504456425906215,-0.0006992363715377856,-0.027162931117633682,0.03471261313176201,0.028022176287838214,3,0.32210148428218316,0.41090584633185245,0.0888043620496693
tm292733,icaro do carmo silva_1989,1718,0.0007562626970034669,0.023574146154382154,0.9734287693320569,0.002240821816557624,3,1819,2.6669556815386394e-06,4.4503794577086836e-05,0.9999436664516289,9.162798112547578e-06,3,-0.0007535957413219283,-0.023529642359805068,0.026514897119572,-0.0022316590184450766,0.0354577459151475,3,0.13366803696274546,0.0006427781238581558,-0.1330252588388873
tm292775,ricardo valente_1991,1718,0.8473509201153996,0.05664662647165343,0.016708070278626308,0.07929438313432087,1,1819,0.8083997325830812,0.0826065963542016,0.02311389353892467,0.0858797775237925,1,-0.03895118753231841,0.025959969882548173,0.006405823260298361,0.00658539438947163,0.04724563067758568,1,0.572329338314234,0.6758344860896918,0.10350514777545772
tm29366,edinho_1982,1718,0.39110694596522333,0.04314085662087764,0.01682697830788959,0.5489252191060094,4,1819,0.9959075608922885,0.002053224038992985,0.0008114159419486059,0.0012277991267698755,1,0.6048006149270652,-0.04108763258188466,-0.016015562365940986,-0.5476974199792396,0.6064061968723914,1,0.9007410266344684,0.030794101301738104,-0.8699469253327303
tm294576,bruno gomes_1996,1718,0.8970592874142763,0.039181176120987295,0.015313033311651708,0.048446503153084644,1,1819,0.5275374326192206,0.29729947884346125,0.048491454734186513,0.12667163380313154,1,-0.3695218547950557,0.25811830272247394,0.033178421422534805,0.0782251306500469,0.45196489578240506,1,0.4350360669757411,1.1064841759532034,0.6714481089774622
tm299400,pedro sa_1993,1718,0.01312488843261385,0.8301347657198248,0.09931765705697776,0.057422688790583556,2,1819,0.002825995457385317,0.8457652717522849,0.12151360499667137,0.029895127793658372,2,-0.010298892975228534,0.01563050603246008,0.022195947939693608,-0.027527560996925184,0.02903515145969746,3,0.6048593618884516,0.5193139379903036,-0.08554542389814801
tm311867,jefferson de jesus santos_1993,1718,0.006916911609294462,0.8920678689674726,0.08406469418982596,0.016950525233406833,2,1819,0.003400471006457158,0.7438035057952458,0.20561331602634672,0.047182707171950354,2,-0.0035164406028373035,-0.1482643631722268,0.12154862183652076,0.03023218193854352,0.19175180367270808,2,0.4135624265685236,0.7087911468340387,0.29522872026551505
tm312123,lucas possignolo_1994,1718,0.00134711935311783,0.019894594750879575,0.9764331053418118,0.002325180554190798,3,1819,2.3914453073586313e-05,0.0004594927082809723,0.9993933432626059,0.00012324957603943796,3,-0.0013232049000442437,-0.019435102042598604,0.022960237920794047,-0.0022019309781513598,0.03011057269454021,3,0.1242241951190248,0.005501732856050454,-0.11872246226297435
tm325223,mama samba balde_1995,1718,0.5105140961621004,0.11156666904792066,0.08681663723818847,0.2911025975517903,1,1819,0.9282390985753266,0.03683821762151384,0.014611230418336885,0.0203114533848226,1,0.4177250024132262,-0.07472845142640683,-0.07220540681985159,-0.2707911441669677,0.4304557350851989,1,1.1593379455183168,0.3316247812649359,-0.8277131642533809
tm332220,iago santos_1992,1718,0.00041559030697427366,0.008492064331962975,0.9903856798584139,0.0007066655026487809,3,1819,5.7312658846156244e-05,0.0018864929021063003,0.9976086698189697,0.0004475246200778308,3,-0.0003582776481281174,-0.006605571429856675,0.0072229899605558145,-0.00025914088257095007,0.00979456587901562,3,0.05842594090269444,0.01823348922459819,-0.04019245167809625
tm332615,nelson monte_1995,1718,0.00664541371036589,0.07634562175028643,0.8750614418229651,0.041947522716382704,3,1819,0.00047994934736522753,0.004702381401024965,0.9920827295196897,0.0027349397319201833,3,-0.006165464363000663,-0.07164324034926146,0.1170212876967246,-0.03921258298446252,0.1373490029550745,3,0.4795333129820871,0.05289747174990823,-0.4266358412321789
tm335380,pedro nuno_1995,1718,0.8836256280927609,0.03747071740088313,0.020748803152843623,0.05815485135351237,1,1819,0.9426434521370959,0.03166217686657025,0.0032789459446887818,0.02241542505164522,1,0.05901782404433498,-0.00580854053431288,-0.017469857208154842,-0.035739426301867154,0.06182263832076531,1,0.4782220287589156,0.26888739160419073,-0.2093346371547249
tm33648,fabio coentrao_1988,1718,0.003226525550828995,0.011172056850863935,0.9835124393900436,0.0020889782082634547,3,1819,0.018625842449828352,0.5170789644895413,0.391172253771974,0.07312293928865644,2,0.015399316898999357,0.5059069076386773,-0.5923401856180697,0.07103396108039299,0.7791314610869813,3,0.09796163447079262,0.9736534333318406,0.875691798861048
tm33710,jose semedo_1985,1718,0.028631336827556315,0.3929041439786478,0.506431856236079,0.07203266295771689,3,1819,0.0008435267136432063,0.8584115936530449,0.13692042339959618,0.0038244562337156982,2,-0.027787810113913108,0.46550744967439706,-0.3695114328364828,-0.06820820672400119,0.5949857536867238,2,1.0028318169021915,0.4305601488046822,-0.5722716680975093
tm34077,tarantini_1983,1718,0.008694178770038488,0.9803502434281983,0.009696730853619691,0.0012588469481435664,2,1819,0.0007207856759391628,0.9738131933965405,0.024249511659935073,0.001216509267585247,2,-0.007973393094099326,-0.006537050031657832,0.014552780806315382,-4.2337680558319265e-05,0.017835118439362547,3,0.11406992853567408,0.12941347013299967,0.015343541597325594
tm341110,franco cervi_1994,1718,0.7181786380692161,0.11390439949456589,0.04524539350144729,0.12267156893477071,1,1819,0.38467948050451817,0.2061461480860747,0.05165003488547415,0.357524336523933,1,-0.33349915756469795,0.09224174859150881,0.0064046413840268615,0.2348527675891623,0.34607982852347857,1,0.882648164206943,1.2138263641528664,0.33117819994592335
tm344395,jorge fernandes_1997,1718,0.0003074330214187655,0.01170656098293004,0.9871244484703832,0.000861557525267936,3,1819,0.00022675434873618998,0.0037438074065816716,0.992942461857876,0.003086976386806114,3,-8.067867268257551e-05,-0.00796275357634837,0.005818013387492882,0.002225418861538178,0.00986211099830665,2,0.07342457331818664,0.047698972131321654,-0.025725601186864983
tm345345,xadas_1997,1718,0.9580693169427354,0.012062286818363657,0.006870474332935324,0.022997921905965623,1,1819,0.22535152518920687,0.1640432634493981,0.028938758613788543,0.5816664527476065,4,-0.7327177917535286,0.15198097663103444,0.02206828428085322,0.5586685308416409,0.7486391579265613,1,0.21530105406638994,1.0500219772619963,0.8347209231956063
tm352811,aylton boa morte_1993,1718,0.9292994355499044,0.03135113145760614,0.020794863753654063,0.018554569238835566,1,1819,0.4739152453166982,0.4055183626792839,0.028295964569493477,0.09227042743452442,1,-0.45538419023320614,0.3741672312216777,0.0075011008158394135,0.07371585819568885,0.5894337487350879,1,0.3312109778914909,1.0406611460371016,0.7094501681456107
tm358165,yordan osorio_1994,1718,0.004449642678290097,0.07789002180142607,0.9093537469465327,0.008306588573751286,3,1819,0.00039788913856794337,0.00562455531281971,0.9927199784667519,0.001257577081860472,3,-0.004051753539722154,-0.07226546648860636,0.08336623152021916,-0.0070490114918908145,0.11040218707727363,3,0.3491076939246033,0.047906126918453085,-0.3012015670061502
tm358177,andre pereira_1995,1718,0.6289518542594602,0.03706367317324207,0.01141840269911703,0.3225660698681807,1,1819,0.20334116089960141,0.05370329285630221,0.015439342219137116,0.7275162040249592,4,-0.4256106933598588,0.016639619683060138,0.004020939520020087,0.4049501341567785,0.4259548182613742,1,0.8298101512930611,0.7767712768023446,-0.05303887449071654
tm35871,fernando tissone_1986,1718,0.00935402239946046,0.8972492932651408,0.06047470182170744,0.03292198251369125,2,1819,0.0025848994404444724,0.5734923088426455,0.41535526729348027,0.008567524423429718,2,-0.006769122959015987,-0.32375698442249534,0.3548805654717728,-0.024354458090261533,0.4804212960907826,3,0.4230292234247751,0.7399882850042423,0.3169590615794672
tm364406,joao gamboa_1996,1718,0.018438989530486512,0.9469281450406865,0.030725216510144503,0.00390764891868252,2,1819,0.0013024870184084535,0.9258586667763318,0.06954518246682992,0.0032936637384298213,2,-0.01713650251207806,-0.02106947826435468,0.038819965956685416,-0.0006139851802526991,0.047376918320599815,3,0.2539431859867336,0.2841931851432159,0.0302499991564823
tm364857,falaye sacko_1995,1718,0.004438681224899838,0.0319420935492101,0.9309978443995822,0.03262138082630793,3,1819,0.0006237490548180959,0.022038061226257656,0.9707635984544012,0.006574591264522963,3,-0.003814932170081742,-0.009904032322952443,0.03976575405481897,-0.026046789561784967,0.04115773024918603,3,0.31227009035323994,0.15051708321908316,-0.16175300713415677
tm366278,rodrigo pinho_1991,1718,0.7185936328220215,0.06176448074961642,0.021306571884798155,0.1983353145435639,1,1819,0.9977479829612274,0.0013295673025188548,0.0002037696767213595,0.0007186800595323349,1,0.27915435013920586,-0.06043491344709757,-0.021102802208076796,-0.19761663448403158,0.2863998223219312,1,0.8123141628781451,0.01798868767438291,-0.7943254752037622
tm375039,emmanuel hackman_1995,1718,0.002891649463189897,0.014389799544012427,0.9769236579887285,0.005794893004069072,3,1819,0.0010824010610917562,0.2379341320724759,0.756566312825374,0.004417154041058453,3,-0.0018092484020981409,0.22354433252846348,-0.22035734516335448,-0.001377738963010619,0.31389919011175943,2,0.13059112660374145,0.5840144451135593,0.4534233185098178
tm375770,gabriel airton de souza_1996,1718,0.26968017218362794,0.37944288607276294,0.06715393455191034,0.28372300719169885,2,1819,0.14961306223692517,0.7882591173372452,0.03088030710979887,0.031247513316030703,2,-0.12006710994670278,0.40881623126448224,-0.03627362744211146,-0.25247549387566814,0.4276243654003562,2,1.259909635938988,0.6874582121444472,-0.5724514237945408
tm376306,wellington_1992,1718,0.9617293349429146,0.007912167226987996,0.0033617438145703595,0.026996754015527195,1,1819,0.9934225923373066,0.003406891583145172,0.0010170968754933463,0.0021534192040549866,1,0.031693257394391994,-0.004505275643842824,-0.002344646939077013,-0.02484333481147221,0.03209762362174355,1,0.19247803552950649,0.046145645384212,-0.14633239014529448
tm377605,hamdou elhouni_1994,1718,0.7036339646774913,0.19703462020002155,0.046921354920992614,0.05241006020149451,1,1819,0.03455483614549734,0.8308884808010237,0.07468581427339181,0.05987086878008706,2,-0.6690791285319939,0.6338538606010022,0.0277644593523992,0.007460808578592548,0.922067493212432,1,0.8654684486775828,0.6325544220043173,-0.23291402667326544
tm37947,mateus galiano da costa_1984,1718,0.7739251877791354,0.1570322860082258,0.021523256491502968,0.04751926972113592,1,1819,0.15428605420760355,0.8086323277603314,0.020250335583545106,0.016831282448519936,2,-0.6196391335715319,0.6516000417521056,-0.001272920907957862,-0.030687987272615982,0.8991867940490799,2,0.716448860125741,0.6078303250415067,-0.10861853508423436
tm38780,vitor gomes_1987,1718,0.003797588767293932,0.9946427847356,0.001358534165515516,0.00020109233159053616,2,1819,0.002380124164701521,0.972457197454573,0.023637375062586435,0.0015253033181391042,2,-0.001417464602592411,-0.02218558728102693,0.02227884089707092,0.001324210986548568,0.03147310344755767,3,0.03718808401569282,0.13995002546652716,0.10276194145083434
tm388236,rodrigo alves soares_1992,1718,0.0028506549938722946,0.011030994990482476,0.9830746901143912,0.0030436599012538946,3,1819,0.008821454683155545,0.3227365839381078,0.4557793030809691,0.21266265829776757,3,0.005970799689283251,0.3117055889476253,-0.527295387033422,0.20961899839651368,0.6125654657396561,3,0.10084097275361384,1.0940584272706446,0.9932174545170308
tm397090,davidson da luz pereira_1991,1718,0.894376590274673,0.048908235206814095,0.01668011135895959,0.04003506315955343,1,1819,0.8021736257224915,0.1491790703144288,0.007759505847736511,0.040887798115343155,1,-0.09220296455218147,0.10027083510761473,-0.008920605511223078,0.000852734955789726,0.13651082099260908,2,0.444547011357768,0.629069908193275,0.18452289683550704
tm40858,nuno andre coelho_1986,1718,0.012248166887668822,0.06714161898737744,0.8818870938472784,0.03872312027767526,3,1819,0.0007138189495197258,0.010531516346220163,0.9842194489030169,0.0045352158012432805,3,-0.011534347938149095,-0.05661010264115728,0.10233235505573857,-0.034187904476431975,0.11751449184953483,3,0.4720139867854385,0.09325243066966452,-0.378761556115774
tm411838,bruno viana_1995,1718,0.16101513792857614,0.12247850558446295,0.30517637425491473,0.41132998223204614,4,1819,7.979873822138814e-05,0.0015811203802091691,0.9978934613244816,0.0004456195570877925,3,-0.16093533919035474,-0.12089738520425378,0.6927170870695669,-0.41088436267495837,0.7213690621780825,3,1.278849967056944,0.016493348160404223,-1.2623566188965398
tm419458,diga_1998,1718,0.003293940550942056,0.025773843709021495,0.9686531281815721,0.0022790875584641356,3,1819,0.0004452734763166055,0.019792453960163398,0.9677896588492896,0.011972613714230477,3,-0.0028486670746254504,-0.005981389748858097,-0.0008634693322825404,0.009693526155766342,0.006681130646648987,2,0.15783424958305517,0.16573743682278924,0.007903187239734072
tm435497,fabio china_1992,1718,0.0004675370010029585,0.005177371349974954,0.9936254759708782,0.0007296156781438894,3,1819,0.00048290011099542306,0.014726452997876938,0.9808380589038945,0.003952587987233094,3,1.536310999246458e-05,0.009549081647901985,-0.01278741706698372,0.003222972309089205,0.015959424538135255,3,0.04246013650622371,0.10665343469615646,0.06419329818993275
tm437566,claudio falcao_1994,1718,0.006650366861478354,0.9350553446832459,0.039993927430023696,0.018300361025251937,2,1819,0.0022127755845760427,0.8423687176132612,0.132024863221465,0.023393643580697718,2,-0.004437591276902311,-0.09268662706998476,0.09203093579144131,0.005093282555445781,0.1306912246350139,2,0.29808567091239946,0.5131948673372081,0.21510919642480864
tm438202,bruno tabata_1997,1718,0.908901440588126,0.030406263395826277,0.013112959246023693,0.04757933677002401,1,1819,0.3371499001025278,0.5442266514456156,0.027755528864694044,0.09086791958716252,2,-0.5717515404855982,0.5138203880497892,0.01464256961867035,0.04328858281713851,0.7688469418995749,1,0.39475897075363797,1.0150780799964942,0.6203191092428563
tm439022,marcao_1996,1718,0.002212699001196109,0.03313156972815497,0.9604888825823286,0.004166848688320295,3,1819,0.0007483375697900521,0.011402956285583814,0.9822711220541541,0.0055775840904719425,3,-0.0014643614314060569,-0.02172861344257116,0.02178223947182556,0.0014107354021516477,0.03080167126872224,3,0.1879724647027074,0.10291463048384827,-0.08505783421885912
tm442424,murilo oliveira de freitas_1996,1718,0.9144975992912088,0.026992321163707207,0.011894954977038706,0.04661512456804532,1,1819,0.08696298484952619,0.3872201685475585,0.07080306532749948,0.4550137812754158,4,-0.8275346144416826,0.3602278473838513,0.05890811035046078,0.40839865670737047,0.9044599524550602,1,0.3748681612463643,1.1255335480010427,0.7506653867546784
tm454121,galeno_1997,1718,0.08681842883450001,0.03311591306705584,0.04310316476262881,0.8369624933358153,4,1819,0.4549292192963945,0.12067241814514723,0.01608701874757555,0.40831134381088285,1,0.3681107904618945,0.0875565050780914,-0.027016146015053255,-0.42865114952493244,0.3793436012133028,1,0.6095116328812025,1.0456614412174217,0.4361498083362192
tm46110,ljubomir fejsa_1988,1718,0.005302724324985521,0.8889370790746031,0.08136655488580001,0.02439364171461138,2,1819,0.003205347883738094,0.49943733558709963,0.44736738278830157,0.049989933740860706,2,-0.0020973764412474272,-0.38949974348750344,0.36600082790250155,0.025596292026249325,0.534482043842526,2,0.4271531496891192,0.8747717548612566,0.44761860517213736
tm48206,nuno pinto_1986,1718,0.037565797315197706,0.06700746607030761,0.7273352265315061,0.1680915100829885,3,1819,0.007581835852872882,0.16697896862346592,0.712497612026262,0.11294158349739905,3,-0.029983961462324824,0.09997150255315831,-0.014837614505244012,-0.055149926585589454,0.10542055810854231,2,0.8357048887172287,0.8237221581336128,-0.011982730583615875
tm48703,mano_1987,1718,4.518235909644555e-05,0.0008841109769334693,0.9989843399323232,8.636673164684988e-05,3,1819,0.000378004911678656,0.015704595582262417,0.9815171398606534,0.0024002596454054865,3,0.00033282255258221044,0.014820484605328949,-0.017467200071669797,0.0023138929137586366,0.02290983660203715,3,0.008491430903327457,0.10100246990589325,0.09251103900256578
tm50143,jonas_1984,1718,0.012235117120231072,0.0024517533570260026,0.0017650237830359977,0.983548105739707,4,1819,0.30905611248175924,0.010101353659143898,0.004197772098411731,0.6766447617606852,4,0.2968209953615282,0.007649600302117895,0.002432748315375733,-0.30690334397902175,0.29692951678227686,1,0.096119379427325,0.6965989917804387,0.6004796123531138
tm51058,lica_1988,1718,0.6695065970990446,0.09243216878131971,0.021618572389030626,0.21644266173060508,1,1819,0.8741465959986092,0.02897369378619797,0.006482846575449264,0.09039686363974343,1,0.20463999889956463,-0.06345847499512175,-0.015135725813581361,-0.12604579809086164,0.2147873306185079,1,0.9028627310341484,0.47012291780306203,-0.43273981323108635
tm512913,stephen eustaquio_1996,1718,0.0196576830451603,0.8760770047265123,0.09050228775555186,0.013763024472775581,2,1819,0.0014350200335634313,0.750689541995492,0.24155692077248128,0.006318517198463407,2,-0.01822266301159687,-0.1253874627310203,0.15105463301692942,-0.007444507274312174,0.1971587771650972,3,0.46955284651820517,0.5998310869112549,0.1302782403930497
tm5404,jeremy mathieu_1983,1718,0.029520452568277636,0.19102295267621902,0.7553971076769166,0.024059487078586923,3,1819,0.0003657985239864685,0.007126546100251163,0.991320018616142,0.0011876367596202538,3,-0.029154654044291167,-0.18389640657596787,0.23592291093922546,-0.022871850318966668,0.30054534118836995,3,0.7217758154669995,0.05476972769167212,-0.6670060877753274
tm55734,gevorg ghazaryan_1988,1718,0.14608680407181726,0.556948592177197,0.14349537683096905,0.15346922692001666,2,1819,0.05821630085739767,0.8514332422761041,0.01770870739508912,0.07264174947140913,2,-0.08787050321441958,0.294484650098907,-0.12578666943587993,-0.08082747744860753,0.33206132067255645,2,1.173208022295088,0.5643967637414998,-0.6088112585535882
tm56183,bruno moreira_1987,1718,0.5892448545255303,0.03207892227963424,0.019569751742192016,0.3591064714526433,1,1819,0.897921342500043,0.012419137501639381,0.0034967799771160667,0.0861627400212016,1,0.30867648797451264,-0.019659784777994863,-0.01607297176507595,-0.2729437314314417,0.30971926286099394,1,0.8667536920945746,0.3821902452588245,-0.48456344683575014
tm56331,bas dost_1989,1718,0.02345369230916589,0.006194438973746868,0.0037744147109872203,0.9665774540061001,4,1819,0.9327527364930258,0.006584136259537155,0.0062298454625040346,0.054433281784932994,1,0.9092990441838599,0.0003896972857902869,0.0024554307515168143,-0.9121441722211671,0.9093024429516459,1,0.17342554869782598,0.28808738096592607,0.11466183226810009
tm57834,maxi pereira_1984,1718,0.005150555014662737,0.026973567848088978,0.9598617639923094,0.008014113144938776,3,1819,0.0009983685833221973,0.0273469214984177,0.9605753646066171,0.011079345311643148,3,-0.00415218643134054,0.0003733536503287213,0.0007136006143076967,0.003065232166704372,0.004229571012001405,1,0.20259144611162852,0.19384755523599095,-0.008743890875637567
tm58181,nelson lenho_1984,1718,0.0007941040059248125,0.002635948966367324,0.9958008789375822,0.0007690680901256947,3,1819,0.005264474320603583,0.0500277086854358,0.9087787918779642,0.035929025115996244,3,0.0044703703146787704,0.04739175971906848,-0.087022087059618,0.03515995702587055,0.0991907593288408,3,0.031026929361488716,0.38389882154368504,0.35287189218219633
tm58965,ruben lima_1989,1718,0.006054533587511163,0.030893965179910925,0.9362110424096773,0.026840458822900662,3,1819,0.0015962273401015068,0.041983081990178285,0.9363911048506433,0.020029585819076833,3,-0.004458306247409656,0.01108911681026736,0.00018006244096591129,-0.006810873003823829,0.01195313468133329,2,0.29715887457194573,0.2832548932253671,-0.013903981346578609
tm60410,marcos acuna_1991,1718,0.7434192713509441,0.1090409235622554,0.026935789732648895,0.12060401535415156,1,1819,0.006062060931710261,0.669983238812812,0.18460683674891581,0.13934786350656195,2,-0.7373572104192339,0.5609423152505566,0.1576710470162669,0.018743848152410383,0.9397936453621587,1,0.814519120028242,0.8858035775580659,0.07128445752982393
tm60517,yacine brahimi_1990,1718,0.7534563922415927,0.052718005771851435,0.019393901203959563,0.17443170078259637,1,1819,0.9183874523554241,0.05556362271730208,0.007541789210695818,0.01850713571657803,1,0.1649310601138314,0.0028456169454506436,-0.011852111993263744,-0.15592456506601834,0.16538084739404793,1,0.7494926894360924,0.3494742185126929,-0.4000184709233995
tm60799,wilson eduardo_1990,1718,0.2512313372186964,0.0283139254997058,0.017703806509134046,0.7027509307724639,4,1819,0.7273603426417681,0.061042536690078544,0.022118018113326598,0.18947910255482686,1,0.4761290054230717,0.03272861119037274,0.004414211604192551,-0.513271828217637,0.47727295865123204,1,0.7672824640795104,0.8017230099171584,0.034440545837647996
tm63837,andre andre_1989,1718,0.24268547945189425,0.2520447905119312,0.06966979565195988,0.4355999343842147,4,1819,0.016399387571463583,0.9573801152490062,0.01671234940693161,0.009508147772598487,2,-0.22628609188043067,0.705335324737075,-0.05295744624502827,-0.4260917866116162,0.7426357160905128,2,1.2385917039137317,0.22175490337808476,-1.016836800535647
tm64339,pizzi_1989,1718,0.9437122703502863,0.019453462633451445,0.008950613690988178,0.02788365332527397,1,1819,0.25541229173594615,0.07338916243282743,0.0164407398319589,0.6547578059992675,4,-0.6882999786143401,0.053935699799375986,0.007490126140970723,0.6268741526739935,0.690450593643714,1,0.273341294738088,0.8851188547713322,0.6117775600332442
tm66008,renan bardini bressan_1988,1718,0.8363249061709923,0.1349049119427411,0.018399237935246174,0.010370943951020372,1,1819,0.017254487181122553,0.8418813812076298,0.04164760030290477,0.09921653130834285,2,-0.8190704189898698,0.7069764692648887,0.023248362367658596,0.08884558735732248,1.0822349863644527,1,0.5406180165888318,0.5765614080386511,0.035943391449819284
tm67815,rafik halliche_1986,1718,0.022273681235178693,0.18238634863492809,0.7283992495779092,0.06694072055198393,3,1819,8.52155870281724e-06,0.0002537860197894888,0.9996916311026084,4.6061318899321966e-05,3,-0.022265159676475875,-0.1821325626151386,0.27129238152469914,-0.0668946592330846,0.32751727278651926,3,0.8069288743639622,0.002968839053133335,-0.8039600353108288
tm70359,david simao_1990,1718,0.25116914674922747,0.3549851824868601,0.2820650117516313,0.11178065901228115,2,1819,0.010433322408337593,0.7543715624062646,0.17172007015233978,0.06347504503305812,2,-0.2407358243408899,0.39938637991940446,-0.11034494159929151,-0.04830561397922303,0.4792068694444662,2,1.3165953964260784,0.7377989364687559,-0.5787964599573224
tm72855,diogo viana_1990,1718,0.5775499997747192,0.2017536002332817,0.118681072382878,0.10201532760912108,1,1819,0.01696904647775142,0.3555521893811565,0.4810755188095908,0.14640324533150126,3,-0.5605809532969678,0.1537985891478748,0.3623944464267128,0.04438791772238018,0.6850071138492926,1,1.1258109012009805,1.070158260056078,-0.05565264114490254
tm73852,fredy montero_1987,1718,0.2109126257697088,0.07438586353693376,0.05094116093365957,0.663760349759698,4,1819,0.9888945732147925,0.0018815984181860747,0.0005101850182175081,0.008713643348803911,1,0.7779819474450836,-0.07250426511874768,-0.050430975915442065,-0.6550467064108941,0.7829789667306769,1,0.9452243343590799,0.06804696932732458,-0.8771773650317554
tm74550,jefferson nascimento_1988,1718,0.026470208580719697,0.044209474952401163,0.8763582506643142,0.05296206580256496,3,1819,0.002952115934399117,0.0386600514352183,0.9067694197597557,0.05161841287062678,3,-0.023518092646320578,-0.005549423517182864,0.030411169095441504,-0.0013436529319381801,0.03884245086043769,3,0.5052880994500399,0.3846894159164589,-0.12059868353358105
tm75116,lionn_1989,1718,0.07971053960467868,0.05926197680315273,0.19936387003854794,0.6616636135536206,4,1819,0.0030401280414465307,0.08420123001727176,0.8450561494993074,0.06770249244197425,3,-0.07667041156323215,0.024939253214119023,0.6456922794607595,-0.5939611211116463,0.6507064146874417,3,0.9638425050588089,0.5505449218406456,-0.41329758321816323
tm75296,radosav petrovic_1989,1718,0.01971168349813742,0.6243490805474592,0.331854333560558,0.02408490239384537,2,1819,0.0009916598797794153,0.11307314683306369,0.8672241216316937,0.01871107165546327,3,-0.018720023618358006,-0.5112759337143955,0.5353697880711357,-0.005373830738382102,0.7405230108910401,3,0.8272951073570414,0.45131377328987715,-0.3759813340671642
tm79128,bruno braga_1983,1718,0.6163850677175768,0.30075477171064313,0.03630559045979358,0.04655457011198637,1,1819,0.002319576709950642,0.928333889640397,0.04622898762456138,0.023117546025091015,2,-0.6140654910076262,0.6275791179297538,0.009923397164767804,-0.023437024086895353,0.8780833959933502,2,0.9227737511062936,0.312308196255551,-0.6104655548507425
tm80462,babanco_1985,1718,0.10679262586278539,0.7184078919800899,0.1336129827566527,0.041186499400471865,2,1819,0.004950989636030752,0.8928661465448932,0.08790815532736439,0.01427470849171186,2,-0.10184163622675463,0.17445825456480324,-0.04570482742928832,-0.026911790908760006,0.2071142986504827,2,0.8767786594572301,0.4018614598313248,-0.4749171996259053
tm83466,andre almeida_1990,1718,0.040088114536411555,0.05786026335728214,0.8867051914827949,0.01534643062351124,3,1819,0.003067812582098425,0.08510565735000236,0.8787549308338742,0.03307159923402491,3,-0.03702030195431313,0.027245393992720218,-0.007950260648920682,0.01772516861051367,0.04664783912458166,1,0.4645561811764248,0.4537634979870522,-0.010792683189372598
tm83485,nuno reis_1991,1718,0.001924495310259894,0.41115190494113096,0.5769148194372432,0.01000878031136603,3,1819,4.34899999144575e-05,0.0019804302556348003,0.9972971486555215,0.0006789310889289003,3,-0.0018810053103454365,-0.40917147468549614,0.42038232921827834,-0.00932984922243713,0.586639699130792,3,0.7408842820098134,0.02041583224949793,-0.7204684497603154
tm84491,ruben micael_1986,1718,0.4681057824419459,0.4415687842588387,0.05057781597785523,0.03974761732136027,1,1819,0.00903122689785933,0.9095040148359849,0.05018371230667808,0.03128104595947763,2,-0.45907455554408655,0.46793523057714614,-0.00039410367117715533,-0.008466571361882641,0.655524967397117,2,0.9953993225845309,0.38731608201277085,-0.60808324057176
tm84535,eduardo salvio_1990,1718,0.5805457512508438,0.03284071374821386,0.015843485501362553,0.3707700494995797,1,1819,0.3899311565427682,0.1683735508080014,0.023443188498348908,0.4182521041508816,4,-0.19061459470807562,0.13553283705978753,0.007599702996986354,0.0474820546513019,0.2340103184110505,1,0.8614190625741067,1.119765240984739,0.25834617841063223
tm84711,joao aurelio_1988,1718,0.03629641388255906,0.0715069952451906,0.8501998949337611,0.04199669593848925,3,1819,0.003292891603336402,0.05310366199705522,0.9173977976968652,0.02620564870274321,3,-0.03300352227922266,-0.018403333248135374,0.06719790276310411,-0.015791047235746043,0.0770939251383445,3,0.5801029061554441,0.34923626928541035,-0.23086663687003378
tm85588,bruno monteiro_1984,1718,0.0014013883705714977,0.9942371192567284,0.003993292164840074,0.0003682002078600167,2,1819,0.0007517590180505521,0.9025707394899976,0.09412034122601823,0.0025571602659337236,2,-0.0006496293525209456,-0.09166637976673087,0.09012704906117816,0.0021889600580737066,0.1285536159363485,2,0.039920598992373726,0.3356151216832064,0.2956945226908327
tm86536,erdem sen_1989,1718,0.005561664062710891,0.8550071193536094,0.1265242883061675,0.012906928277512188,2,1819,0.002767369511486599,0.14334681319092615,0.793851375422071,0.0600344418755162,3,-0.002794294551224292,-0.7116603061626833,0.6673270871159035,0.04712751359800402,0.9755991188229927,2,0.48051971198003185,0.6468837644422631,0.1663640524622313
tm86804,andre claro_1991,1718,0.41031712444102153,0.47990256256091357,0.07560360525391009,0.03417670774415475,2,1819,0.46095078622227276,0.3546984726310114,0.0967096858438949,0.08764105530282093,1,0.05063366178125123,-0.12520408992990217,0.02110608058998481,0.05346434755866618,0.13669417865594755,2,1.0284671276412334,1.1639107342406585,0.13544360659942511
tm87854,fredy_1990,1718,0.7413645544753703,0.11116069523318263,0.03525167364236026,0.11222307664908673,1,1819,0.39786024178947754,0.47512717294629264,0.028942845609018324,0.09806973965521149,2,-0.34350431268589277,0.36396647771311,-0.006308828033341936,-0.014153336993875248,0.5005063546488193,2,0.8294454273610212,1.0505198848612252,0.22107445750020394
tm89297,rodrigo battaglia_1991,1718,0.028859988573929928,0.9455115540069475,0.017086242744157397,0.008542214674965142,2,1819,0.0046842961337345956,0.9402149866140221,0.03910408320194188,0.015996634050301297,2,-0.02417569244019533,-0.005296567392925389,0.02201784045778448,0.007454419375336155,0.03312556459194574,1,0.2655099766796895,0.2759946860692268,0.010484709389537272
tm96140,jorge correa_1993,1718,0.5626859702041341,0.27720027469188757,0.09772678811831848,0.062386966985659896,1,1819,0.023248706502563478,0.9353065741890758,0.032185822094801884,0.009258897213558706,2,-0.5394372637015706,0.6581062994971882,-0.06554096602351658,-0.05312806977210119,0.853458892469354,2,1.0795732010406491,0.3039539014560194,-0.7756192995846297
tm9819,ricardo costa_1981,1718,0.0018751846576685713,0.03358798222781482,0.9616634954895303,0.0028733376249861988,3,1819,0.00014115946681294168,0.0023470791497408644,0.9971163614089404,0.00039539997450561146,3,-0.0017340251908556296,-0.031240903078073954,0.035452865919410104,-0.0024779376504805873,0.047285373747024594,3,0.18016577801337125,0.02143973122839283,-0.15872604678497843
carlos_1995,carlos_1995,1819,0.12417527136421272,0.4400482267053356,0.24674283467565253,0.1890336672547992,2,1920,0.882692725243602,0.04348112575805662,0.013554836691863826,0.060271312306477684,1,0.7585174538793893,-0.396567100947279,-0.2331879979837887,-0.1287623549483215,0.8871250395502813,1,1.2804520626262472,0.4740682439121454,-0.8063838187141018
diederrick joel_1993,diederrick joel_1993,1819,0.9622307093729012,0.019701526438753513,0.0029930792138773608,0.015074684974467806,1,1920,0.4636736338925975,0.10201041548993806,0.04748686146445083,0.3868290891530136,1,-0.4985570754803037,0.08230888905118454,0.04449378225057347,0.3717544041785458,0.5072608869085758,1,0.1950444359564481,1.1013312100260872,0.9062867740696392
francisco reis ferreira_1997,francisco reis ferreira_1997,1819,0.0012384046686708867,0.00791419784806003,0.9751001329095172,0.015747264573751696,3,1920,0.000438909943605109,0.009497414722501459,0.9888053491233904,0.0012583262105029898,3,-0.0007994947250657777,0.0015832168744414291,0.013705216213873106,-0.014488938363248705,0.01381950501848508,3,0.13654291675467478,0.06715508135182219,-0.0693878354028526
hildeberto pereira_1996,hildeberto pereira_1996,1819,0.8855097441154592,0.07789331251854423,0.0131856258256076,0.023411317540388825,1,1920,0.8452818870669151,0.05257173870482952,0.015455916856804575,0.08669045737145055,1,-0.04022785704854415,-0.025321573813714707,0.0022702910311969745,0.06327913983106173,0.04758799012868519,1,0.45146110944851553,0.5733747390310285,0.121913629582513
mamadu cande_1990,mamadu cande_1990,1819,0.00084770389429086,0.04392361319772715,0.9521448603816951,0.0030838225262866973,3,1920,0.0018938742785760802,0.010681949662375482,0.9860500916747296,0.0013740843843189365,3,0.0010461703842852203,-0.03324166353535166,0.033905231293034466,-0.0017097381419677608,0.04749386672092142,3,0.20779115162223122,0.08326777465717734,-0.12452337696505388
pedrao_1992,pedrao_1992,1819,7.018935037512784e-05,0.0015652541588987736,0.9981630441757844,0.0002015123149415225,3,1920,0.00042230375607272815,0.009186604933666256,0.9892306977252132,0.0011603935850478411,3,0.0003521144056976003,0.007621350774767483,-0.008932346450571171,0.0009588812701063186,0.011747160733546643,3,0.014332465219933054,0.06492066773005767,0.050588202510124615
pedro rodrigues_1997,pedro rodrigues_1997,1819,0.0010903376123798112,0.9788541363738525,0.017571217411305788,0.0024843086024618766,2,1920,0.5252416998640191,0.4001861092688819,0.03242350527199995,0.04214868559509902,1,0.5241513622516393,-0.5786680271049707,0.01485228786069416,0.03966437699263714,0.7809045566511347,2,0.11427242475470528,0.9493441228106726,0.8350716980559674
tm102427,sebastian coates_1990,1819,0.00010095117245109146,0.002054538568662426,0.9973146818338047,0.0005298284250819582,3,1920,0.029341458318660935,0.2504657094916676,0.6927188324911405,0.027473999698530996,3,0.029240507146209845,0.24841117092300516,-0.30459584934266415,0.026944171273449037,0.3941341758009384,3,0.020319898161211138,0.8033661676588223,0.7830462694976111
tm103381,tiquinho soares_1991,1819,0.9823045558137194,0.0035654622964172607,0.000806675638568014,0.013323306251295327,1,1920,0.3831328721776158,0.03457595816064357,0.01662942251156871,0.5656617471501719,4,-0.5991716836361036,0.03101049586422631,0.015822746873000695,0.5523384408988766,0.6001822361947039,1,0.1009133978674622,0.8743163093942303,0.7734029115267681
tm104466,stefan ristovski_1992,1819,0.0016978438832875276,0.022534222558731477,0.9639309335533284,0.011837000004652664,3,1920,0.07633185661863039,0.25599653490801133,0.5873250580749362,0.08034655039842209,3,0.07463401273534286,0.23346231234927986,-0.3766058754783922,0.06850955039376942,0.44934048625657835,3,0.18422128002123514,1.0603420419618403,0.8761207619406052
tm109256,haris seferovic_1992,1819,0.03777102093103945,0.003861213691809135,0.0025906872268579967,0.9557770781502934,4,1920,0.13301390827827445,0.017471025853993807,0.012846093131812304,0.8366689727359194,4,0.09524288734723499,0.013609812162184673,0.010255405904954306,-0.119108105414374,0.09675540257579117,1,0.20386184973916036,0.5441796680659439,0.34031781832678354
tm111200,fabio pacheco_1988,1819,0.0053481967870667,0.462616044156442,0.4388084814205499,0.09322727763594144,2,1920,0.0030044416073640953,0.9572171759634521,0.0329573089155568,0.006821073513626989,2,-0.002343755179702605,0.49460113180701015,-0.4058511725049931,-0.08640620412231445,0.6398053977552827,2,0.9672324888307232,0.20579302571726502,-0.7614394631134582
tm111811,florent hanin_1990,1819,0.002207773207125479,0.019617889621331795,0.9568370589155335,0.02133727825600922,3,1920,0.1083067751902814,0.1356610054319518,0.7028560709391648,0.05317614843860203,3,0.10609900198315592,0.11604311581062002,-0.2539809879763687,0.03183887018259281,0.29871281392386073,3,0.2149349310325393,0.9155946576344951,0.7006597266019559
tm111828,fransergio_1990,1819,0.024966955719547712,0.964885898556578,0.005150516863441666,0.004996628860432573,2,1920,0.7322082573389592,0.2230500877664846,0.01776253744050276,0.026979117454053382,1,0.7072413016194115,-0.7418358107900934,0.012612020577061095,0.02198248859362081,1.025021800719356,2,0.18023677684244593,0.7319394617830661,0.5517026849406201
tm112465,sergio oliveira_1992,1819,0.050302659287082614,0.7895856726260592,0.06567271812571683,0.0944389499611415,2,1920,0.445565979466567,0.15714557432516985,0.041552857727035014,0.3557355884812281,1,0.3952633201794844,-0.6324400983008893,-0.024119860398681817,0.2612966385200866,0.7461872002948053,2,0.7386156351238022,1.1508584787293663,0.41224284360556407
tm113025,ze manuel_1990,1819,0.7792909657970596,0.10281381387684722,0.028806165903918834,0.08908905442217435,1,1920,0.9220901894474144,0.03488851614693383,0.009254740191585476,0.033766554214066366,1,0.1427992236503548,-0.0679252977299134,-0.019551425712333356,-0.055322500208107986,0.1593352522018474,1,0.7458250885547651,0.3496117388116693,-0.39621334974309586
tm118323,ricardo alves_1991,1819,4.694512090566309e-05,0.0010418068593851012,0.9986478276704939,0.00026342034921534885,3,1920,0.007375805141137213,0.14231855472927019,0.8267948138978325,0.023510826231760203,3,0.00732886002023155,0.1412767478698851,-0.17185301377266138,0.023247405882544855,0.2225899593886341,3,0.011144062914384238,0.5591164126480488,0.5479723497336646
tm122946,jardel_1986,1819,4.8363313167000135e-05,0.0008435814619222852,0.9990061591578526,0.00010189606705799601,3,1920,3.589561446457841e-05,0.0006440735192022618,0.9992280990273079,9.193183902530316e-05,3,-1.2467698702421727e-05,-0.00019950794272002338,0.00022193986945528987,-9.964228032692855e-06,0.0002986907570935894,3,0.00838125191706185,0.006725905431280212,-0.0016553464857816374
tm124548,bebeto_1990,1819,0.0014459272414926202,0.034106371469543914,0.9220841712026017,0.04236353008636168,3,1920,0.030835706536732305,0.1333882660558922,0.4785571355781123,0.35721889182926325,3,0.029389779295239685,0.0992818945863483,-0.44352703562448936,0.3148553617429016,0.4554523960300623,3,0.3334047446254754,1.0963997705021415,0.7629950258766661
tm124550,ola john_1992,1819,0.04534528204775916,0.8852196346970359,0.02704611192510627,0.04238897133009876,2,1920,0.540012776422657,0.06955751263533068,0.051970203370604984,0.3384595075714074,1,0.4946674943748978,-0.8156621220617052,0.024924091445498713,0.29607053624130864,0.9542650772671748,2,0.4798269518148831,1.0384988900331988,0.5586719382183157
tm125165,jesus corona_1993,1819,0.05992188156342587,0.5725084351647479,0.14389826911203224,0.22367141415979397,2,1920,0.4193148705989683,0.20049213394232723,0.1392399622498289,0.2409530332088756,1,0.35939298903554245,-0.3720163012224207,-0.0046583068622033375,0.017281619049081626,0.517282465163797,2,1.1019002096380555,1.3040599036872682,0.20215969404921275
tm126956,edgar costa_1987,1819,0.41945879279447285,0.3719591450741106,0.034315440653339135,0.17426662147807734,1,1920,0.8983870909243941,0.051139177110569305,0.017304191326946692,0.033169540638089905,1,0.4789282981299212,-0.3208199679635413,-0.017011249326392443,-0.14109708083998743,0.5767036927204429,1,1.1524688654502564,0.43149251732985155,-0.7209763481204048
tm127031,pierre sagna_1990,1819,0.0005392191879734304,0.034142047236120965,0.9605040131617557,0.004814720414149921,3,1920,0.0005785775418176712,0.007031983678650153,0.9915204435279942,0.000868995251537917,3,3.935835384424077e-05,-0.027110063557470813,0.031016430366238468,-0.0039457251626120035,0.041194369127756335,3,0.18376049413542928,0.053741148787202285,-0.13001934534822698
tm127769,nwankwo obiora_1991,1819,0.01372204575523465,0.6768868953307359,0.2778620680261831,0.03152899088784647,2,1920,0.0005830235728284673,0.9901506589263556,0.008443038819209426,0.0008232786816065521,2,-0.013139022182406182,0.3132637635956197,-0.26941902920697364,-0.030705712206239917,0.413392589175024,2,0.7878358395456261,0.06030027481922783,-0.7275355647263982
tm130940,idrissa mandiang_1984,1819,0.0021206120447503033,0.2798579197667193,0.6930953808914296,0.02492608729710073,3,1920,0.005305124372055495,0.4999779871390637,0.4737760623118711,0.020940826177009545,2,0.003184512327305192,0.2201200673723444,-0.21931931857955855,-0.003985261120091184,0.31074740333745365,2,0.7155495097123495,0.8092531405388984,0.09370363082654887
tm131933,diego lopes_1994,1819,0.08069135243038694,0.8205053389076956,0.0482429733982782,0.050560335263639164,2,1920,0.9853748444067375,0.00716352111418558,0.0012832435106597759,0.006178390968417124,1,0.9046834919763506,-0.81334181779351,-0.04695972988761842,-0.04438194429522204,1.2174491157569145,1,0.6625852733743522,0.08986845700033187,-0.5727168163740204
tm132214,joao carlos teixeira_1993,1819,0.004069248595401269,0.9502077796695876,0.03420451856755957,0.011518453167451655,2,1920,0.7256098461247797,0.02808797657903939,0.0071189709963887715,0.23918320629979206,1,0.7215405975293785,-0.9221198030905482,-0.0270855475711708,0.22766475313234041,1.1711786336942944,2,0.23779981244890155,0.7104369362503886,0.47263712380148704
tm137192,zainadine junior_1988,1819,0.0018230989269692889,0.04325923503679423,0.9481708834267957,0.006746782609440756,3,1920,0.0015018621213151503,0.023954958328032874,0.972372819906314,0.0021703596443380375,3,-0.0003212368056541386,-0.019304276708761354,0.024201936479518293,-0.004576422965102718,0.03095952231046809,3,0.2315434704202932,0.13970602495515602,-0.09183744546513717
tm137313,jonathan buatu_1993,1819,0.00048173697249163466,0.008629522789406298,0.9894066372456131,0.0014821029924888618,3,1920,0.0010286263988563483,0.018658582067454726,0.9782934388787558,0.0020193526549330825,3,0.0005468894263647136,0.010029059278048428,-0.011113198366857313,0.0005372496624442206,0.014979462473279834,3,0.06488384575316246,0.1153639512150334,0.05048010546187094
tm139395,ricardo esgaio_1993,1819,0.019917771085686552,0.32636691750993685,0.5695605086927231,0.08415480271165357,3,1920,0.16994312332889683,0.5007485236744283,0.21378752873091167,0.1155208242657631,2,0.15002535224321029,0.1743816061644915,-0.35577297996181145,0.03136602155410953,0.4236637394858269,3,0.9723360340995756,1.2266867466261728,0.25435071252659724
tm140032,andreas samaris_1989,1819,0.0021959742271957646,0.9511728883512535,0.038742842720948766,0.007888294700602079,2,1920,0.07403010440479492,0.8693027346767236,0.03706436819882817,0.019602792719653428,2,0.07183413017759915,-0.08187015367452988,-0.001678474522120596,0.01171449801905135,0.108929709435878,2,0.22520069618759775,0.5136898101049983,0.2884891139174005
tm141050,danilo pereira_1991,1819,0.0016780137389178842,0.9814617493067515,0.014722362301368044,0.0021378746529624837,2,1920,0.034356822292265436,0.9390397935926377,0.022969149712256814,0.0036342344028400257,2,0.03267880855334755,-0.04242195571411378,0.00824678741088877,0.001496359749877542,0.05418059023005347,2,0.10433625948079753,0.28196972273298065,0.17763346325218313
tm14132,pepe_1983,1819,0.002294777603224121,0.012602142003051731,0.9805020126213525,0.004601067772371694,3,1920,0.004552035451158588,0.05560193247512947,0.9333021031506885,0.006543928923023416,3,0.0022572578479344674,0.04299979047207774,-0.04719990947066399,0.0019428611506517217,0.063889816462982,3,0.11313314891230569,0.28254252102196864,0.16940937210966295
tm148489,mikel agu_1993,1819,0.003879248487010605,0.8354238668897095,0.1508613274976705,0.009835557125609481,2,1920,0.02299740045480733,0.6921538089860959,0.11369659542865078,0.17115219513044597,2,0.019118151967796725,-0.14327005790361358,-0.037164732069019726,0.16131663800483648,0.1492415174679304,2,0.5025563969961439,0.8907506022736049,0.38819420527746107
tm149928,jubal_1993,1819,7.675332955523011e-05,0.007050429820542678,0.9922148244484987,0.0006579924014032469,3,1920,0.007689886203531302,0.09303784017439394,0.885668569028744,0.01360370459333088,3,0.007613132873976072,0.08598741035385127,-0.10654625541975471,0.012945712191927633,0.1371273097362084,3,0.04823521416308129,0.4243666743997425,0.3761314602366612
tm154990,rene santos_1992,1819,0.0012739599258201695,0.8504106764270942,0.137710775660447,0.01060458798663858,2,1920,0.002953574664152768,0.7485390337894385,0.24654623077328974,0.001961160773118866,2,0.0016796147383325985,-0.10187164263765569,0.10883545511284273,-0.008643427213519714,0.14908322832895407,3,0.46752755391928424,0.591446360990602,0.12391880707131775
tm155025,fabio cardoso_1994,1819,0.0006141403911783369,0.003277229671009072,0.9949463619281662,0.0011622680096466179,3,1920,0.0008576051954017265,0.016558982240885353,0.9814827172131834,0.0011006953505296325,3,0.00024346480422338958,0.01328175256987628,-0.013463644714982848,-6.157265911698536e-05,0.018913856176084144,3,0.03618471427263509,0.09980388030969026,0.06361916603705517
tm157036,dyego sousa_1989,1819,0.9556257524591982,0.0043737958020886305,0.0014771697787763784,0.03852328195993641,1,1920,0.014813056788696896,0.006978064730810035,0.006765424466078897,0.9714434540144141,4,-0.9408126956705013,0.0026042689287214043,0.005288254687302518,0.9329201720544777,0.9408311624245267,1,0.20221223796853446,0.15898667975253084,-0.04322555821600363
tm157387,anthony d alberto_1994,1819,0.00045600777570599214,0.01280951614691686,0.981536522153212,0.005197953924165066,3,1920,0.001071144753199804,0.009788516582529001,0.9839223632060379,0.0052179754582331135,3,0.0006151369774938119,-0.0030209995643878593,0.00238584105282591,2.0021534068047873e-05,0.0038983418780888504,2,0.10495694892883306,0.09598412830023112,-0.00897282062860194
tm158382,rafael costa_1991,1819,0.032806778618113375,0.8859969055897868,0.03423540978747926,0.04696090600462061,2,1920,0.37950837611670574,0.5814573506985197,0.0268154602057269,0.012218812979047623,2,0.34670159749859236,-0.30453955489126716,-0.007419949581752357,-0.03474209302557299,0.46152074043670327,1,0.4785016987370566,0.8338343149699988,0.3553326162329422
tm164705,raul silva_1989,1819,0.0002453090628358878,0.007477246024953288,0.9915105343520703,0.0007669105601405879,3,1920,0.017696533372846136,0.1685690405738408,0.7952951598028163,0.01843926625049661,3,0.017451224310010248,0.16109179454888753,-0.19621537454925397,0.01767235569035602,0.2544711864050689,3,0.05260151654479916,0.627305626265974,0.5747041097211748
tm166230,josip vukovic_1992,1819,0.0036513340222668316,0.7168344575931652,0.2482650963844402,0.031249112000127706,2,1920,0.0004928892374849083,0.9911374422524583,0.007948492393893733,0.0004211761161630389,2,-0.0031584447847819233,0.27430298465929304,-0.24031660399054647,-0.030827935883964666,0.364697372241704,2,0.7133347447236286,0.05427936247235353,-0.659055382251275
tm167291,gabriel_1993,1819,0.0019469846711271353,0.8844599061045357,0.08224840743862871,0.0313447017857085,2,1920,0.11268706662365062,0.8252830195903774,0.04341090489769332,0.01861900888827881,2,0.11074008195252348,-0.05917688651415831,-0.03883750254093539,-0.01272569289742969,0.13142914917162915,1,0.4347394166617449,0.614842013118864,0.18010259645711907
tm169681,frederico venancio_1993,1819,0.0047787913743277495,0.035172095814062665,0.9444673413421247,0.015581771469484942,3,1920,0.0006443703076980411,0.014920252843674136,0.9819875240796581,0.0024478527689696873,3,-0.004134421066629708,-0.02025184297038853,0.037520182737533325,-0.013133918700515255,0.042836838047542215,3,0.2620817568957359,0.10004162879027435,-0.16204012810546153
tm175597,ruben ferreira_1990,1819,0.0004974936688094695,0.015671640499130834,0.9741859962395539,0.009644869592505838,3,1920,0.01354166614397578,0.04481734952325246,0.8918295250321852,0.0498114593005865,3,0.01304417247516631,0.029145709024121627,-0.08235647120736878,0.040166589708080666,0.08833012589038246,3,0.13915664369402891,0.4489279441753844,0.3097713004813555
tm176997,anderson carvalho_1990,1819,0.0015671934889436845,0.8703233718447024,0.10746825664503142,0.020641178021322426,2,1920,0.0004701074227534002,0.9951191862012654,0.0033156983840838573,0.0010950079918971662,2,-0.0010970860661902843,0.12479581435656295,-0.10415255826094756,-0.01954617002942526,0.16255138963126223,2,0.4508130549997926,0.03486537756228303,-0.41594767743750954
tm177184,nuno valente_1991,1819,0.018312309749471314,0.9369624610582009,0.035668388157919124,0.009056841034408701,2,1920,0.5794350572422009,0.2337918646272274,0.09405739484485862,0.09271568328571296,1,0.5611227474927296,-0.7031705964309736,0.05838900668693949,0.08365884225130427,0.9015081261645777,2,0.29576586378155023,1.0988096791887945,0.8030438154072442
tm177859,tiago ilori_1993,1819,7.500676423869366e-05,0.001535683654201437,0.9973139707053742,0.001075338876185614,3,1920,0.0013097108577999389,0.01992564181771128,0.975962682154214,0.0028019651702747483,3,0.0012347040935612452,0.018389958163509846,-0.021351288551160197,0.0017266262940891343,0.02820625069464575,3,0.020694253460805164,0.12693202731962366,0.1062377738588185
tm177964,yusupha njie_1994,1819,0.9891013961378385,0.0012403916481275791,0.0005303760245696122,0.009127836189464377,1,1920,0.594162456708349,0.07161156059863347,0.022803073956938168,0.31142290873607925,1,-0.39493893942948954,0.0703711689505059,0.022272697932368555,0.30229507254661486,0.4017772272918628,1,0.06600837366189038,0.9476485214103612,0.8816401477484708
tm178078,mato milos_1993,1819,0.0017536129787874286,0.3049526238514702,0.6778110467061174,0.01548271646362506,3,1920,0.0024837084813048704,0.013014509422091619,0.9815061504292233,0.002995631667380348,3,0.0007300955025174418,-0.29193811442937856,0.30369510372310593,-0.012487084796244713,0.4212589604048937,3,0.7014141047367496,0.10713045281031976,-0.5942836519264298
tm181686,matija ljujic_1993,1819,0.010139812860393286,0.87918269296193,0.09697925542016204,0.013698238757514502,2,1920,0.47103139625866497,0.2600222269232415,0.06908794882135443,0.1998584279967391,1,0.4608915833982717,-0.6191604660386885,-0.02789130659880762,0.18616018923922462,0.7723720990147175,2,0.4448103640144775,1.2112838347341917,0.7664734707197142
tm182462,welthon_1992,1819,0.7963572128524041,0.15122391901745402,0.010995815985346592,0.04142305214479515,1,1920,0.368104692008832,0.06746008244707084,0.05358144049502242,0.5108537850490747,4,-0.4282525208435721,-0.08376383657038318,0.04258562450967583,0.4694307329042796,0.43844057446904156,1,0.6484788420977807,1.049701558214685,0.4012227161169042
tm182936,filipe ferreira_1990,1819,0.0002154203439544778,0.005070730256375205,0.9925063761117127,0.0022074732879577828,3,1920,0.0016529960676978496,0.009205279029740582,0.986632901473627,0.0025088234289346403,3,0.0014375757237433718,0.004134548773365377,-0.0058734746380856295,0.0003013501409768575,0.0073252182114301925,3,0.04958006359913057,0.08204190667885942,0.03246184307972885
tm183945,eber bessa_1992,1819,0.03148210784985919,0.6287326073180041,0.0222092325794259,0.31757605225271096,2,1920,0.8041868579940016,0.053293085703905334,0.010848647962034002,0.13167140834005917,1,0.7727047501441424,-0.5754395216140987,-0.011360584617391896,-0.1859046439126518,0.9635000450511839,1,0.849466403808903,0.6475367408116977,-0.20192966299720538
tm188911,shoya nakajima_1994,1819,0.7126009104399498,0.028057311814331853,0.006512327229858426,0.25282945051586003,1,1920,0.7506507185964401,0.12529141029475224,0.05018835755411789,0.07386951355468994,1,0.038049808156490283,0.09723409848042039,0.04367603032425947,-0.17895993696117007,0.1131806230453404,2,0.7221502849884485,0.8181680366694633,0.09601775168101478
tm190543,dener_1992,1819,0.02613447441365484,0.9239905225828593,0.037963254265063244,0.011911748738422392,2,1920,0.6322440159186615,0.28564384579156954,0.03186713139346537,0.050245006896303394,1,0.6061095415050067,-0.6383466767912898,-0.006096122871597873,0.038333258157881,0.8802797389398205,2,0.34524652049425636,0.9078804688425026,0.5626339483482463
tm193082,alex grimaldo_1995,1819,0.010328501813116557,0.20402803955873253,0.6592824848885412,0.1263609737396097,3,1920,0.15979310806703392,0.1425635177102858,0.2672851168774605,0.4303582573452197,4,0.14946460625391736,-0.061464521848446724,-0.39199736801108076,0.30399728360561,0.4240041184897989,3,0.9075838800169889,1.2862673446949444,0.37868346467795555
tm193303,nuno sequeira_1990,1819,0.010565621566621119,0.0907934307463809,0.7302570614084949,0.16838388627850306,3,1920,0.13940726909487786,0.16085020205417452,0.3274662116677088,0.37227631718323895,4,0.12884164752825675,0.07005677130779363,-0.4027908497407861,0.20389243090473588,0.42865906030174206,3,0.7954439096184729,1.3020273954206973,0.5065834858022245
tm194214,goncalo silva_1991,1819,0.0005413459300210329,0.014113660276980118,0.9764857834096208,0.008859210383378063,3,1920,0.0004398984131540163,0.004914877869134444,0.9929468652959427,0.0016983584217689508,3,-0.00010144751686701659,-0.009198782407845673,0.016461081886321893,-0.007160851961609112,0.018857229548737118,3,0.129311369503438,0.047385427221283034,-0.08192594228215497
tm195308,luis machado_1992,1819,0.007723196608737715,0.9657612881314681,0.01823042925127689,0.008285086008517342,2,1920,0.9599263482183058,0.029711843739317144,0.0056831146667166935,0.004678693375660326,1,0.9522031516095681,-0.936049444392151,-0.012547314584560198,-0.003606392632857016,1.3353040250764365,1,0.1839273517044036,0.1982159387552624,0.014288587050858781
tm197734,alhassane keita_1992,1819,0.9716975204373206,0.009374668719785673,0.003822696186242528,0.01510511465665116,1,1920,0.3153695261365017,0.16038855114897985,0.17059500055426857,0.35364692216024984,4,-0.6563279943008189,0.15101388242919417,0.16677230436802604,0.3385418075035987,0.6938188742701482,1,0.1562871619559755,1.3267671667221232,1.1704800047661477
tm198006,rafa soares_1995,1819,0.002761971625590983,0.0687823999842342,0.8925292743511717,0.03592635403900315,3,1920,0.32582037424088334,0.08855673725599222,0.11330488429043238,0.47231800421269204,4,0.32305840261529234,0.019774337271758022,-0.7792243900607393,0.4363916501736889,0.8437703514466556,3,0.4213684891931196,1.1810773874143756,0.7597088982212561
tm198007,francisco ramos_1995,1819,0.005070639899166782,0.8664467731434772,0.11570933074046157,0.012773256216894426,2,1920,0.015931853993659362,0.9179372941391929,0.05933500837245144,0.006795843494696304,2,0.010861214094492581,0.051490520995715716,-0.05637432236801013,-0.005977412722198122,0.07711876520321738,3,0.45624768561371765,0.3460644649566252,-0.11018322065709246
tm198053,lazar rosic_1993,1819,0.00075531781611904,0.00891329529957058,0.9875452002937446,0.0027861865905656493,3,1920,0.03102609168901671,0.254949061244305,0.6087891159465202,0.10523573112015822,3,0.03027077387289767,0.24603576594473442,-0.3787560843472244,0.10244954452959257,0.4526655380133527,3,0.07627041952713258,0.9952637263104016,0.9189933067832691
tm210146,douglas grolli_1989,1819,5.8334797792609486e-06,0.00011315599865667745,0.9998509962997425,3.0014221821623387e-05,3,1920,0.0007460392346118935,0.024072308576964983,0.972224508350174,0.0029571438382492176,3,0.0007402057548326326,0.023959152578308305,-0.027626487949568457,0.0029271296164275944,0.036576108776875046,3,0.0015600798740842228,0.1396892865014807,0.13812920662739647
tm211072,paulinho_1992,1819,0.9493683699944709,0.018879299197784322,0.001761969883407105,0.029990360924337586,1,1920,0.060594444347021756,0.009677568849264002,0.007243667723098919,0.9224843190806153,4,-0.8887739256474492,-0.00920173034852032,0.005481697839691814,0.8924939581562777,0.8888384621309938,1,0.24061839644887292,0.3248883610247178,0.08426996457584487
tm211107,joao afonso_1990,1819,0.0002655174894894797,0.0052626198906574545,0.9904280861022431,0.0040437765176100935,3,1920,0.0026193386917952133,0.04291237608506638,0.9480526558390937,0.006415629384044565,3,0.0023538212023057337,0.037649756194408926,-0.04237543026314938,0.0023718528664344717,0.056733779230171984,3,0.061609352121896624,0.23365194551708288,0.17204259339518624
tm212899,filipe augusto_1993,1819,0.0003545122034764831,0.9818610748648641,0.015835531165292075,0.001948881766367509,2,1920,0.038226849253512905,0.892777749948865,0.03760124844985299,0.03139415234776897,2,0.037872337050036425,-0.08908332491599902,0.021765717284560917,0.029445270581401457,0.09921642576021597,2,0.09859810339594868,0.4580559051747937,0.359457801778845
tm216118,eduardo henrique_1995,1819,0.005986686864257695,0.9601584536025234,0.026906471389855805,0.006948388143362989,2,1920,0.06889033091840263,0.8716762010806675,0.050678589926623295,0.00875487807430667,2,0.06290364405414493,-0.08848225252185593,0.02377211853676749,0.001806489930943682,0.11113546268567098,2,0.20148387257802008,0.49662993419093177,0.2951460616129117
tm223029,fabio martins_1993,1819,0.1585600635909942,0.4080435372504263,0.035753687794326146,0.39764271136425344,2,1920,0.8059120406300542,0.02479422715678897,0.0056246250488236164,0.16366910716433314,1,0.64735197703906,-0.38324931009363733,-0.03012906274550253,-0.2339736041999203,0.7528959930067042,1,1.1435761444803334,0.5909331324608653,-0.5526430120194681
tm224852,patrick_1991,1819,0.01086695756358118,0.14018471730093007,0.7670584243138535,0.08188990082163528,3,1920,0.038669697140240405,0.20111002433690683,0.7383769093068199,0.021843369216032877,3,0.027802739576659227,0.06092530703597676,-0.028681515007033642,-0.0600465316056024,0.07285269156657335,2,0.732912439506215,0.7558181806084725,0.022905741102257515
tm225119,ruben macedo_1996,1819,0.10718023490372754,0.7816752251998897,0.03484271566648646,0.07630182422989629,2,1920,0.7418113864901275,0.16380016742455045,0.0240692217802256,0.07031922430509646,1,0.6346311515863999,-0.6178750577753394,-0.010773493886260858,-0.005982599924799825,0.885800402887285,1,0.7451915749208735,0.7942606337490404,0.04906905882816692
tm228940,joao novais_1993,1819,0.07688544013524612,0.8330111911895568,0.027974131410111187,0.062129237265085874,2,1920,0.5286240004198136,0.110127931656063,0.04308844685873316,0.3181596210653902,1,0.4517385602845675,-0.7228832595334937,0.015114315448621976,0.2560303838003043,0.8525587230761426,2,0.622120132029795,1.0797894122804559,0.4576692802506609
tm229854,leandrinho_1993,1819,0.02152363265220542,0.557120482535804,0.36997979034183176,0.05137609447015886,2,1920,0.00010197579590548275,0.9988744192328638,0.0009419237413624785,8.168122986839838e-05,2,-0.021421656856299938,0.44175393669705976,-0.3690378666004693,-0.051294413240290465,0.5760159502607933,2,0.9289091800527847,0.009393958361436488,-0.9195152216913481
tm231289,otavio_1995,1819,0.00744875611261332,0.9436364010218045,0.018015282676290767,0.03089956018929161,2,1920,0.23216495280690252,0.622869967146876,0.036588593356473055,0.10837648668974827,2,0.22471619669428922,-0.3207664338749284,0.018573310680182288,0.07747692650045665,0.3920885640097246,2,0.27103838238337263,0.9957736121986069,0.7247352298152343
tm232577,jonatan lucca_1994,1819,1.5048990943053368e-41,1.0,1.207707008105115e-40,1.6787139256555456e-41,2,1920,0.015384681181984595,0.8257893968324299,0.13665632041833728,0.0221696015672482,2,0.015384681181984595,-0.1742106031675701,0.13665632041833728,0.0221696015672482,0.22194813038491484,2,8.289306334778563e-11,0.5787203723693409,0.5787203722864479
tm235568,joao pedro_1993,1819,0.0019457668270868181,0.9776242541702662,0.018812165525862703,0.001617813476784292,2,1920,0.747008431611522,0.21347991880725434,0.02884314205295627,0.010668507528267378,1,0.7450626647844352,-0.7641443353630119,0.010030976527093567,0.009050694051483087,1.0673029374142795,2,0.11941182420315405,0.6982592185252826,0.5788473943221286
tm236886,costinha_1992,1819,0.14606369800975452,0.8166832856703645,0.022609903764549626,0.014643112555331392,2,1920,0.46022398702899875,0.3288175462426461,0.10990796947602677,0.10105049725232851,1,0.3141602890192442,-0.48786573942771844,0.08729806571147714,0.08640738469699712,0.5867969147677711,2,0.5938927094975227,1.197191659199049,0.6032989497015263
tm237000,afonso figueiredo_1993,1819,0.0022532429685520996,0.061524370496913366,0.9061348076117334,0.03008757892280127,3,1920,0.023740161762593484,0.12035112029065988,0.8440643625202967,0.011844355426449866,3,0.021486918794041385,0.05882674979374651,-0.062070445091436666,-0.018243223496351404,0.08817604166896378,3,0.38001542578297476,0.5392583237503042,0.1592428979673295
tm238055,rafa silva_1993,1819,0.3336885628317497,0.0761037524056027,0.02711837945178142,0.5630893053108661,4,1920,0.6563334122309258,0.05502363494766634,0.016233614164908792,0.27240933865649913,1,0.3226448493991761,-0.021080117457936358,-0.010884765286872627,-0.29067996665436696,0.32351591662730866,1,0.9834786716183944,0.8570891338295081,-0.12638953778888629
tm240306,bruno fernandes_1994,1819,0.21573518819127555,0.052280340883231316,0.012166135081996111,0.7198183358434971,4,1920,0.2596402055026295,0.011865845819313579,0.005311879399790427,0.7231820692782666,4,0.04390501731135396,-0.04041449506391774,-0.006854255682205684,0.003363733434769478,0.060066319825163014,1,0.7754467586998222,0.6649300387104976,-0.11051671998932455
tm240578,luiz phellype_1993,1819,0.6549692535013122,0.04575047165119137,0.01027784685750294,0.2890024279899934,1,1920,0.3817343397726945,0.04135157037799902,0.02070284416203755,0.5562112456872689,4,-0.2732349137286177,-0.004398901273192354,0.010424997304534611,0.26720881769727545,0.2734691005972997,1,0.8240752385141414,0.9059056034159289,0.08183036490178741
tm243783,antonio xavier_1992,1819,0.15065971993417457,0.33057245531479357,0.037455507546637325,0.48131231720439455,4,1920,0.868227977646581,0.04344469403487282,0.017876032001741808,0.07045129631680436,1,0.7175682577124064,-0.28712776127992073,-0.019579475544895517,-0.4108610208875902,0.7731299448583342,1,1.1260594831505597,0.5177695656910788,-0.6082899174594809
tm255755,alex telles_1992,1819,0.007662998486991578,0.12389955178170985,0.6382622045442528,0.23017524518704577,3,1920,0.13908849499858034,0.08089910970592198,0.1998811523441074,0.5801312429513903,4,0.13142549651158875,-0.04300044207578786,-0.43838105220014534,0.3499559977643445,0.459673412413789,3,0.9207579661914964,1.1154943772107462,0.19473641101924977
tm257388,wilson manafa_1994,1819,0.010234907732266929,0.06469582791465209,0.8385542941866879,0.08651497016639291,3,1920,0.0040573595281009215,0.04249185270845088,0.9492784255023845,0.0041723622610636705,3,-0.006177548204166008,-0.02220397520620121,0.11072413131569658,-0.08234260790532924,0.11309735572677203,3,0.5834260641184285,0.22882730432179219,-0.35459875979663624
tm257455,joao palhinha_1995,1819,0.006574056134197793,0.5728543345646482,0.4014923649795721,0.01907924432158186,2,1920,0.009732726264377699,0.977687604283512,0.00729095345640943,0.005288715995700871,2,0.0031586701301799065,0.4048332697188638,-0.3942014115231626,-0.013790528325880989,0.5650616836373809,2,0.7941092095666366,0.13075019637374893,-0.6633590131928876
tm258004,ruben dias_1997,1819,1.979058588023766e-05,0.00044742112369034197,0.9995020502074592,3.073808297027804e-05,3,1920,0.0038377882526845733,0.04572715371279592,0.94677807119901,0.0036569868355093987,3,0.0038179976668043358,0.04527973258910558,-0.05272397900844916,0.0036262487525391207,0.06960351465269568,3,0.0044820491062671705,0.23471982616989312,0.23023777706362594
tm261927,ricardo horta_1994,1819,0.4358160143701814,0.4099011006986147,0.042057037018060024,0.11222584791314381,1,1920,0.5886619178093356,0.02545649258211331,0.012399193572681624,0.37348239603586936,1,0.15284590343915422,-0.3844446081165014,-0.0296578434453784,0.26125654812272553,0.4147759812064968,2,1.1062588547523269,0.8276501466972344,-0.2786087080550925
tm265589,fahd moufi_1996,1819,0.002012944657449143,0.016172801803203306,0.9694989216410862,0.012315331898261485,3,1920,0.0037013363294237226,0.007700003801414035,0.9862327684553018,0.002365891413860306,3,0.0016883916719745797,-0.00847279800178927,0.016733846814215636,-0.00994944048440118,0.018832434829802337,3,0.16338070061512083,0.08617396830111156,-0.07720673231400928
tm265648,pablo santos_1992,1819,8.058562690915896e-05,0.0010846221484501456,0.9984871491430752,0.0003476430815656124,3,1920,0.0003616112161612742,0.0036652540020695665,0.9953829108011542,0.0005902239806149967,3,0.0002810255892521152,0.0025806318536194207,-0.003104238341921084,0.0002425808990493843,0.004046595090836574,3,0.012444265762995016,0.03241836973022832,0.0199741039672333
tm269467,cesar_1992,1819,1.3118309200250915e-05,0.000206848026284392,0.999689446161103,9.058750341253998e-05,3,1920,0.0027462995769959204,0.051320691973062285,0.9385948737170821,0.007338134732859717,3,0.0027331812677956696,0.05111384394677789,-0.061094572444020945,0.007247547229447177,0.07970346356950817,3,0.003056072427604341,0.26414590202140387,0.2610898295937995
tm27178,ruben fernandes_1986,1819,0.0005899660641044498,0.010001141052867937,0.9841244515076535,0.005284441375374325,3,1920,0.011579335222653978,0.10368396271886857,0.8262586800641464,0.05847802199433101,3,0.010989369158549528,0.09368282166600063,-0.1578657714435071,0.05319358061895669,0.1838989915776054,3,0.0938976004409741,0.6103315046298696,0.5164339041888956
tm275287,ruben oliveira_1994,1819,0.012853469432436418,0.7993575603937992,0.12988879459807817,0.057900175575686025,2,1920,0.0007756330557331292,0.990435807043751,0.00824287376334369,0.0005456861371723259,2,-0.012077836376703288,0.19107824664995177,-0.12164592083473448,-0.0573544894385137,0.22683584489690492,2,0.6650520918599975,0.058725913870477424,-0.60632617798952
tm276030,artur jorge_1994,1819,1.5463145006120085e-05,0.00045946512180766605,0.9994311791589445,9.389257424172301e-05,3,1920,2.8090600565971513e-05,0.0006632943951399333,0.9992217721244818,8.684287981225339e-05,3,1.2627455559851428e-05,0.00020382927333226724,-0.00020940703446270525,-7.049694429469623e-06,0.000292501506634651,3,0.005141839734387567,0.0067386017937130635,0.0015967620593254966
tm283130,moussa marega_1991,1819,0.9351359261544964,0.006363395863036049,0.001903520243474024,0.0565971577389936,1,1920,0.27534221626597033,0.022582822848915576,0.011136643368227086,0.690938317516887,4,-0.659793709888526,0.016219426985879526,0.009233123124753061,0.6343411597778934,0.6600576186840446,1,0.2693535688357737,0.746252064961956,0.47689849612618224
tm290336,rochinha_1995,1819,0.1939714669669288,0.7464751245759462,0.017302275588546415,0.04225113286857852,2,1920,0.7424010305506205,0.0549831124193616,0.03525572001851204,0.16736013701150584,1,0.5484295635836917,-0.6914920121565846,0.017953444429965628,0.12510900414292733,0.8827562037481587,2,0.7402675996424687,0.7977360061640373,0.057468406521568594
tm290391,nuno santos_1995,1819,0.42987377804667215,0.13490006180859118,0.02812967316399447,0.40709648698074213,1,1920,0.6408114981365065,0.11730343484805725,0.0389249948821257,0.20296007213331052,1,0.21093772008983436,-0.017596626960533934,0.010795321718131232,-0.2041364148474316,0.21194551660293137,1,1.0994702219849435,0.9865790462539825,-0.11289117573096097
tm290530,bilel aouacheria_1994,1819,0.41716962496761506,0.4520370221257134,0.02642355025001133,0.10436980265666021,2,1920,0.8729762192841583,0.04151644705173821,0.017142457034429084,0.06836487662967447,1,0.4558065943165432,-0.4105205750739752,-0.009281093215582247,-0.03600492602698574,0.613492406369296,1,1.0554955124247842,0.5038030885922002,-0.551692423832584
tm291399,nanu_1994,1819,0.0007152669591030089,0.020049207684075192,0.9730329459717105,0.006202579385111337,3,1920,0.5307237998525152,0.28416720384895283,0.15875124960069126,0.026357746697840585,1,0.5300085328934122,0.26411799616487763,-0.8142816963710193,0.020155167312729247,1.006837644251963,3,0.14169080666600764,1.081762796817369,0.9400719901513614
tm291402,pite_1994,1819,0.11401150745311693,0.5959371004034351,0.06007803290462709,0.22997335923882098,2,1920,0.002473135612195394,0.9959637771921939,0.0012916383210726694,0.0002714488745380977,2,-0.11153837184092154,0.4000266767887588,-0.058786394583554426,-0.2297019103642829,0.4194257869083816,2,1.0629990702965375,0.029693333268488543,-1.033305737028049
tm291941,carraca_1993,1819,0.0034175282070434652,0.1704746936167433,0.8108861057697195,0.01522167240649371,3,1920,0.5788365938895855,0.2646724851883909,0.11683956994061637,0.03965135098140705,1,0.5754190656825421,0.09419779157164762,-0.6940465358291031,0.024429678574913335,0.9064661708990158,3,0.5546934308878677,1.0471183924923404,0.4924249616044727
tm291981,djavan da silva ferreira_1987,1819,0.0027517236862838125,0.05540084911616988,0.8977761527808642,0.044071274416681995,3,1920,0.0003079062493174056,0.004810200383549266,0.9940602661760729,0.0008216271910604305,3,-0.002443817436966407,-0.05059064873262062,0.0962841133952087,-0.043249647225621565,0.10879345786927648,3,0.41090584633185245,0.03992084325465599,-0.37098500307719645
tm292775,ricardo valente_1991,1819,0.8083997325830812,0.0826065963542016,0.02311389353892467,0.0858797775237925,1,1920,0.6601787617804425,0.07460389202597605,0.032664352250986226,0.23255299394259515,1,-0.14822097080263863,-0.008002704328225557,0.009550458712061557,0.14667321641880265,0.14874377541212422,1,0.6758344860896918,0.9187453254603831,0.24291083937069136
tm299400,pedro sa_1993,1819,0.002825995457385317,0.8457652717522849,0.12151360499667137,0.029895127793658372,2,1920,0.002900287686905886,0.9705561753177269,0.023582534092231922,0.002961002903135259,2,7.429222952056889e-05,0.12479090356544198,-0.09793107090443945,-0.026934124890523114,0.15862934716030686,2,0.5193139379903036,0.15156151685958139,-0.36775242113072215
tm308560,jhon murillo_1995,1819,0.45566630018097937,0.27243805363064844,0.0826316335206533,0.1892640126677189,1,1920,0.018392468743167956,0.9687269918726684,0.01092802286741877,0.0019525165167448067,2,-0.4372738314378114,0.69628893824202,-0.07170361065323452,-0.1873114961509741,0.8253290840381269,2,1.2334962598173513,0.1658083477322984,-1.0676879120850529
tm312123,lucas possignolo_1994,1819,2.3914453073586313e-05,0.0004594927082809723,0.9993933432626059,0.00012324957603943796,3,1920,0.00013386329994167516,0.0024927730209027246,0.9969239052761486,0.0004494584030068999,3,0.00010994884686808885,0.0020332803126217524,-0.002469437986457268,0.00032620882696746193,0.0032006939165719925,3,0.005501732856050454,0.02267200777440955,0.017170274918359096
tm332220,iago santos_1992,1819,5.7312658846156244e-05,0.0018864929021063003,0.9976086698189697,0.0004475246200778308,3,1920,0.002366667418724412,0.03131900982517911,0.9625076340343058,0.0038066887217906116,3,0.002309354759878256,0.029432516923072808,-0.03510103578466384,0.003359164101712781,0.04586598832457653,3,0.01823348922459819,0.18077146793497129,0.1625379787103731
tm332615,nelson monte_1995,1819,0.00047994934736522753,0.004702381401024965,0.9920827295196897,0.0027349397319201833,3,1920,0.00012715350261318175,0.0012441298746690204,0.9984237367030392,0.00020497991967864497,3,-0.0003527958447520458,-0.003458251526355945,0.006341007183349512,-0.0025299598122415384,0.007231344316716473,3,0.05289747174990823,0.012778795585023671,-0.040118676164884556
tm333166,ronan_1995,1819,0.7479281757049937,0.03281098290559756,0.0077913533654442235,0.21146948802396448,1,1920,0.4049709128827128,0.061376098051081046,0.028630170008332293,0.5050228190578738,4,-0.3429572628222809,0.02856511514548349,0.02083881664288807,0.29355333103390935,0.3447751531141734,1,0.6957291160662364,0.9840924309104082,0.28836331484417177
tm334557,chiquinho_1995,1819,0.6167855318330971,0.25941864635603684,0.026379236603265452,0.09741658520760052,1,1920,0.5996279889625667,0.0935059335376121,0.04668129334848786,0.2601847841513333,1,-0.017157542870530396,-0.16591271281842473,0.02030205674522241,0.16276819894373276,0.16802851859196222,2,0.9708413648776942,1.0216150100892913,0.05077364521159711
tm335062,nikola jambor_1995,1819,0.003558659858105969,0.9464933585587999,0.04050130727450138,0.009446674308592848,2,1920,0.0007575473500252283,0.9921310627868928,0.0060225106541768976,0.0010888792089049925,2,-0.002801112508080741,0.04563770422809288,-0.034478796620324485,-0.008357795099687855,0.05726633998152416,2,0.24601948245105523,0.05149877555605747,-0.19452070689499776
tm335380,pedro nuno_1995,1819,0.9426434521370959,0.03166217686657025,0.0032789459446887818,0.02241542505164522,1,1920,0.8043150357608939,0.02416563819587279,0.009887470533426061,0.16163185550980716,1,-0.13832841637620197,-0.007496538670697463,0.006608524588737279,0.13921643045816195,0.13868893779400399,1,0.26888739160419073,0.6053242403895933,0.3364368487854026
tm336158,gustavo sauer_1993,1819,0.02278716966129398,0.73036672281698,0.08110110208137264,0.16574500544035345,2,1920,0.3842677415915383,0.38995022853785005,0.06780284407303738,0.15797918579757422,2,0.36148057193024435,-0.34041649427912996,-0.013298258008335256,-0.007765819642779226,0.4967176633927625,1,0.8172834583648679,1.2087353715748441,0.3914519132099762
tm336697,philipe sampaio_1994,1819,0.0018750494211672863,0.009104390064177058,0.9843741226295925,0.004646437885063231,3,1920,0.037720302087273117,0.22925158014660527,0.7036296146540173,0.029398503112104284,3,0.03584525266610583,0.2201471900824282,-0.28074450797557515,0.024752065227041053,0.3585626112666148,3,0.09501738753709763,0.8123141966857357,0.717296809148638
tm33710,jose semedo_1985,1819,0.0008435267136432063,0.8584115936530449,0.13692042339959618,0.0038244562337156982,2,1920,0.0016360579279259301,0.8542673881262227,0.14319887212184595,0.0008976818240054458,2,0.0007925312142827238,-0.004144205526822153,0.00627844872224978,-0.0029267744097102523,0.007564486997283796,3,0.4305601488046822,0.42966047516687883,-0.0008996736378033554
tm337800,gedson fernandes_1999,1819,0.020101654544092788,0.9033014741371925,0.025422109929574013,0.05117476138914075,2,1920,0.24108194034039435,0.47765475537141766,0.19353336796769846,0.08772993632048959,2,0.22098028579630155,-0.42564671876577487,0.16811125803812443,0.03655517493134884,0.5082015456350429,2,0.4158718840377443,1.227221966486117,0.8113500824483728
tm34077,tarantini_1983,1819,0.0007207856759391628,0.9738131933965405,0.024249511659935073,0.001216509267585247,2,1920,0.0041713584589772226,0.9911362837150981,0.004128410863955459,0.000563946961969151,2,0.0034505727830380596,0.01732309031855761,-0.020121100795979615,-0.0006525623056160961,0.026774140657692805,3,0.12941347013299967,0.0585643746297583,-0.07084909550324137
tm341110,franco cervi_1994,1819,0.38467948050451817,0.2061461480860747,0.05165003488547415,0.357524336523933,1,1920,0.7567418047680342,0.18486262046005275,0.03645712359095063,0.021938451180962427,1,0.37206232426351604,-0.021283527626021953,-0.01519291129452352,-0.33558588534297057,0.37298014188181744,1,1.2138263641528664,0.7275297604855815,-0.4862966036672849
tm345061,murilo costa_1994,1819,0.2190565971583496,0.24973459525383498,0.12056817843299138,0.4106406291548241,4,1920,0.7869854851329378,0.0931860010825294,0.04740439998975284,0.07242411379477992,1,0.5679288879745882,-0.15654859417130557,-0.07316377844323854,-0.33821651536004416,0.5936359343984794,1,1.2996440451613487,0.7443307565583772,-0.5553132886029715
tm345345,xadas_1997,1819,0.22535152518920687,0.1640432634493981,0.028938758613788543,0.5816664527476065,4,1920,0.9900408074346567,0.0038947604972434397,0.0013106529164813104,0.004753779151618483,1,0.7646892822454499,-0.16014850295215466,-0.027628105697307233,-0.5769126735959881,0.7817675828552237,1,1.0500219772619963,0.06564423664103097,-0.9843777406209653
tm347905,joao paulo lazaro lucas_1996,1819,0.0002799241028844517,0.007081672077022058,0.9883875965458134,0.00425080727428018,3,1920,0.03885125955541779,0.3753623343954086,0.5216998940437686,0.06408651200540505,3,0.038571335452533335,0.3682806623183866,-0.46668770250204483,0.05983570473112487,0.5957481060170469,3,0.07210294256781528,1.0095230737436651,0.9374201311758499
tm349513,neris_1992,1819,3.0154005286588614e-05,0.0007824143181546597,0.9989160327863972,0.00027139889016151395,3,1920,0.0014145281970647193,0.03679542521564507,0.9584166751653612,0.003373371421928916,3,0.0013843741917781308,0.03601301089749041,-0.04049935762103596,0.003101972531767402,0.05421301885637976,3,0.009222672892550908,0.19070040068325822,0.1814777277907073
tm349903,bruno lamas_1994,1819,0.02379204720056679,0.9495956736122249,0.015905247634596952,0.010707031552611476,2,1920,0.5953571026210939,0.07682216612102499,0.05015925073070901,0.27766148052717204,1,0.571565055420527,-0.8727735074911999,0.034254003096112054,0.26695444897456055,1.0438359759485538,2,0.2524979776232971,1.0117808036930276,0.7592828260697304
tm352811,aylton boa morte_1993,1819,0.4739152453166982,0.4055183626792839,0.028295964569493477,0.09227042743452442,1,1920,0.9879289297846464,0.009359358059515516,0.0010427131757267177,0.0016689989801112594,1,0.5140136844679482,-0.3961590046197684,-0.027253251393766758,-0.09060142845441316,0.6495342673586767,1,1.0406611460371016,0.07355235452918824,-0.9671087915079133
tm356099,cristian borja_1993,1819,0.0011522831508991558,0.030033689122597428,0.9387753061082437,0.03003872161825977,3,1920,0.04120190889533919,0.11984416249928923,0.8194220543030137,0.019531874302357734,3,0.04004962574444003,0.08981047337669179,-0.11935325180522993,-0.010506847315902037,0.1546450528368037,3,0.2776822877425172,0.6257255478862418,0.3480432601437246
tm357156,diogo leite_1999,1819,0.005655675684880114,0.022161878433330572,0.9607553026755945,0.011427143206194994,3,1920,0.00021018758032113042,0.00433040966041762,0.9946553002985437,0.0008041024607176691,3,-0.005445488104558984,-0.017831468772912952,0.03389999762294915,-0.010623040745477324,0.03868881567239066,3,0.20325554895977335,0.03640650976234251,-0.16684903919743083
tm357162,florentino luis_1999,1819,0.005225869202409243,0.11369269103568017,0.7438869775754073,0.13719446218650339,3,1920,0.003346870892213078,0.8349040021468704,0.1316981902937251,0.030050936667191393,2,-0.001878998310196165,0.7212113111111903,-0.6121887872816822,-0.107143525519312,0.9460044382468766,2,0.7672624743230091,0.5420336341706652,-0.2252288401523439
tm358177,andre pereira_1995,1819,0.20334116089960141,0.05370329285630221,0.015439342219137116,0.7275162040249592,4,1920,0.9352131912187114,0.03592499374725097,0.004031402388924666,0.024830412645113143,1,0.73187203031911,-0.017778299109051238,-0.01140793983021245,-0.7026857913798461,0.7321768077273391,1,0.7767712768023446,0.2961325068642704,-0.4806387699380742
tm364237,mamadou loum_1996,1819,0.006098526572027399,0.2782681209021384,0.7049230715222047,0.010710281003629647,3,1920,0.26307595343975376,0.47090356054113286,0.09502778852810173,0.17099269749101173,2,0.25697742686772634,0.19263543963899443,-0.6098952829941029,0.1602824164873821,0.6892880869004796,3,0.6821287755107076,1.2315791567402912,0.5494503812295836
tm364857,falaye sacko_1995,1819,0.0006237490548180959,0.022038061226257656,0.9707635984544012,0.006574591264522963,3,1920,0.0313485744289583,0.0883200145596857,0.8119821140788571,0.06834929693249883,3,0.030724825374140202,0.06628195333342804,-0.15878148437554407,0.06177470566797587,0.17478235612460225,3,0.15051708321908316,0.6753879589524974,0.5248708757334142
tm366278,rodrigo pinho_1991,1819,0.9977479829612274,0.0013295673025188548,0.0002037696767213595,0.0007186800595323349,1,1920,0.18888685971029373,0.038524550218389006,0.013364313519922365,0.7592242765513949,4,-0.8088611232509336,0.03719498291587015,0.013160543843201006,0.7585055964918626,0.8098228098634432,1,0.01798868767438291,0.7070575076750906,0.6890688200007077
tm371245,guilherme schettine_1995,1819,0.9719631816294851,0.008586661146788044,0.0014579334409058175,0.01799222378282097,1,1920,0.4333101214721014,0.038527909533115176,0.01868463118720344,0.50947733780758,4,-0.5386530601573838,0.029941248386327134,0.017226697746297624,0.49148511402475903,0.5397595359853201,1,0.15030230600078134,0.9057811895025116,0.7554788835017303
tm372459,andre martins sousa_1998,1819,0.0004455991962908159,0.007626570657745844,0.982362721439113,0.009565108706850308,3,1920,9.347666913502138e-05,0.0015553664022328539,0.998005172033214,0.00034598489541807294,3,-0.0003521225271557945,-0.00607120425551299,0.015642450594101076,-0.009219123811432235,0.01678302034721947,3,0.10258140182595094,0.015674356061661038,-0.0869070457642899
tm375025,lucas marques_1995,1819,0.0021669911211352967,0.3687234856281623,0.6092014711412073,0.01990805210949512,3,1920,0.007763971476400514,0.8465210196897462,0.13239758350352926,0.01331742533032403,2,0.005596980355265218,0.47779753406158393,-0.476803887637678,-0.006590626779171091,0.6750287082864188,2,0.7610682443474807,0.503981416471676,-0.2570868278758046
tm375039,emmanuel hackman_1995,1819,0.0010824010610917562,0.2379341320724759,0.756566312825374,0.004417154041058453,3,1920,0.03340521061587137,0.24465592698003533,0.7090846444882354,0.012854217915857962,3,0.03232280955477962,0.00672179490755942,-0.04748166833713863,0.008437063874799509,0.057831266390870925,3,0.5840144451135593,0.7577351549912203,0.17372070987766108
tm375770,gabriel airton de souza_1996,1819,0.14961306223692517,0.7882591173372452,0.03088030710979887,0.031247513316030703,2,1920,0.6271675657983862,0.30875152789491084,0.03135769564453644,0.03272321066216653,1,0.477554503561461,-0.47950758944233435,0.0004773885347375724,0.0014756973461358298,0.6767466735082226,2,0.6874582121444472,0.8759224152250848,0.1884642030806376
tm375820,henrique_1995,1819,0.003062256100378616,0.5278816147957544,0.463049879056022,0.006006250047844941,2,1920,0.049748557665703914,0.2818139391585657,0.5891657904347529,0.07927171274097757,3,0.0466863015653253,-0.24606767563718868,0.1261159113787309,0.07326546269313262,0.28041778625869135,2,0.742214191013674,1.0188444169112936,0.27663022589761954
tm376175,thiago santana_1993,1819,0.9353120804215063,0.018451604790493722,0.002232919947308896,0.044003394840690914,1,1920,0.4757977163991445,0.043380246427699554,0.025334348939146673,0.4554876882340092,1,-0.4595143640223618,0.02492864163720583,0.02310142899183778,0.41148429339331827,0.4607695345161361,1,0.28729380761036494,0.9408293029535609,0.653535495343196
tm379249,matheus reis_1995,1819,0.0038167583492856993,0.2484891986997452,0.7129620178024317,0.0347320251485374,3,1920,0.023290642244967207,0.1902149682129729,0.7650293545385713,0.02146503500348856,3,0.019473883895681506,-0.0582742304867723,0.05206733673613961,-0.013266990145048837,0.08053648643690946,2,0.7251556950171378,0.6906073215712674,-0.03454837344587047
tm37947,mateus galiano da costa_1984,1819,0.15428605420760355,0.8086323277603314,0.020250335583545106,0.016831282448519936,2,1920,0.9606166102711033,0.02949751217190136,0.003980273482839212,0.00590560407415618,1,0.8063305560634998,-0.7791348155884301,-0.016270062100705893,-0.010925678374363756,1.1213762711170816,1,0.6078303250415067,0.19483376532670427,-0.4129965597148024
tm380409,joao jaquite_1996,1819,0.008345606605475208,0.7104321500659638,0.1787857134956624,0.10243652983289855,2,1920,0.0036478601133867784,0.9749905549190037,0.017126748319431055,0.0042348366481785565,2,-0.00469774649208843,0.26455840485303983,-0.16165896517623135,-0.09820169318472,0.310075538252115,2,0.8240205788697055,0.13796906984171303,-0.6860515090279924
tm383807,kikas_1998,1819,0.7349657066866899,0.034436517291065415,0.007887525334452193,0.2227102506877924,1,1920,0.8632666284977228,0.036499281886204715,0.018032335128449324,0.08220175448762308,1,0.12830092181103292,0.0020627645951393006,0.010144809793997131,-0.1405084962001693,0.12871790357635618,1,0.715003215968754,0.5255550430743767,-0.18944817289437732
tm387378,luther singh_1997,1819,0.6920154346623963,0.2104702357448423,0.02175492128589861,0.07575940830686272,1,1920,0.9654086633813669,0.007702092796497737,0.0019419749478479119,0.024947268874287193,1,0.27339322871897054,-0.20276814294834455,-0.0198129463380507,-0.05081213943257552,0.3409564930408249,1,0.8615124205319977,0.1756723781149372,-0.6858400424170605
tm388588,jadson_1991,1819,0.0013931012919534147,0.009207025269384007,0.9810342706141564,0.008365602824506163,3,1920,0.02748071310902152,0.20132172892840153,0.6543887005941549,0.11680885736842199,3,0.026087611817068108,0.19211470365901753,-0.3266455700200015,0.10844325454391583,0.37984990623403064,3,0.11112458607859188,0.9497717438053067,0.8386471577267148
tm396342,toni borevkovic_1997,1819,1.1525153686902238e-05,0.00020943498605905094,0.9997198972730901,5.9142587163933235e-05,3,1920,2.483791186526752e-05,0.0007352971333985431,0.999149744620881,9.012033385522694e-05,3,1.331275817836528e-05,0.0005258621473394922,-0.000570152652209055,3.09777466912937e-05,0.0007757462693148044,3,0.0027610460582968344,0.007258009567846334,0.0044969635095494995
tm397090,davidson da luz pereira_1991,1819,0.8021736257224915,0.1491790703144288,0.007759505847736511,0.040887798115343155,1,1920,0.8305710554547759,0.019939378191178202,0.005307721390632546,0.14418184496341332,1,0.02839742973228443,-0.12923969212325062,-0.002451784457103965,0.10329404684807017,0.13234546944469514,2,0.629069908193275,0.5392916191694022,-0.08977828902387286
tm401539,messias_1994,1819,3.378435128034082e-05,0.0004315325411245747,0.9993152252094917,0.00021945789810325731,3,1920,0.00016654719552894892,0.005991485791835652,0.9931439035011658,0.0006980635114696473,3,0.00013276284424860812,0.005559953250711077,-0.006171321708325905,0.00047860561336639,0.008307581943656061,3,0.006224744147612461,0.04401543063070477,0.037790686483092306
tm407907,gelson_1996,1819,0.9922820356206737,0.0018083267500575862,0.00031884148902326035,0.005590796140245331,1,1920,0.04665584082052569,0.007071638395668122,0.003887894753978217,0.9423846260298279,4,-0.9456261948001481,0.005263311645610536,0.0035690532649549564,0.9367938298895825,0.9456475775271116,1,0.05067267160904454,0.25551468328758903,0.2048420116785445
tm411295,raphinha_1996,1819,0.925369130795364,0.03537287718742922,0.006650334902232765,0.03260765711497416,1,1920,0.3574974177598161,0.05742169132568744,0.012329989282014259,0.5727509016324822,4,-0.567871713035548,0.022048814138258217,0.005679654379781494,0.5401432445175081,0.5683279784989518,1,0.3349449434924907,0.9052002273077656,0.5702552838152749
tm411838,bruno viana_1995,1819,7.979873822138814e-05,0.0015811203802091691,0.9978934613244816,0.0004456195570877925,3,1920,0.0005531820287493193,0.008855700973122441,0.9878287924320084,0.002762324566119837,3,0.0004733832905279311,0.007274580592913272,-0.01006466889247326,0.0023167050090320443,0.012427436359026765,3,0.016493348160404223,0.07437853085948633,0.057885182699082105
tm430579,idrissa doumbia_1998,1819,0.005336100418901141,0.4469995605582352,0.5073840268339114,0.04028031218895241,3,1920,0.0004574463685154936,0.9940441374326593,0.0052308421709391945,0.0002675740278860663,2,-0.0048786540503856475,0.5470445768744241,-0.5021531846629722,-0.04001273816106634,0.7425896519749154,2,0.8614777596514976,0.03913545110742203,-0.8223423085440756
tm430761,lucas fernandes_1997,1819,0.01242840171605658,0.9653895891828064,0.013436051507958565,0.008745957593178325,2,1920,0.9909331577938847,0.0069694228800984285,0.0011563152140999192,0.0009411041119170552,1,0.9785047560778282,-0.958420166302708,-0.012279736293858645,-0.007804853481261269,1.3697414225926319,1,0.1878928231378176,0.05801496528995053,-0.12987785784786707
tm435497,fabio china_1992,1819,0.00048290011099542306,0.014726452997876938,0.9808380589038945,0.003952587987233094,3,1920,0.0030834676205872334,0.24105076582687804,0.7519103047839173,0.003955461768617512,3,0.0026005675095918104,0.2263243128290011,-0.22892775411997723,2.873781384417698e-06,0.321927591447686,3,0.10665343469615646,0.5970647100520786,0.49041127535592216
tm437566,claudio falcao_1994,1819,0.0022127755845760427,0.8423687176132612,0.132024863221465,0.023393643580697718,2,1920,0.002598656766873066,0.2632342750655212,0.7253099630205962,0.008857105147009514,3,0.0003858811822970232,-0.5791344425477399,0.5932850997991312,-0.014536538433688203,0.8290862808496071,3,0.5131948673372081,0.6416120255952937,0.12841715825808564
tm438202,bruno tabata_1997,1819,0.3371499001025278,0.5442266514456156,0.027755528864694044,0.09086791958716252,2,1920,0.7416988159732716,0.03428475552726961,0.01847062169712049,0.20554580680233836,1,0.40454891587074376,-0.5099418959183459,-0.009284907167573554,0.11467788721517584,0.65098907214031,2,1.0150780799964942,0.7361909427640423,-0.27888713723245195
tm442424,murilo oliveira de freitas_1996,1819,0.08696298484952619,0.3872201685475585,0.07080306532749948,0.4550137812754158,4,1920,0.9105192548027254,0.06881831330429888,0.008846889238847761,0.01181554265412796,1,0.8235562699531993,-0.3184018552432596,-0.06195617608865173,-0.4431982386212878,0.8851345880469843,1,1.1255335480010427,0.3637964662458011,-0.7617370817552416
tm445517,heriberto tavares_1997,1819,0.7934329692523799,0.17279836809710095,0.006053655857657056,0.02771500679286224,1,1920,0.9785735922212525,0.006847925512825877,0.0018325745725053543,0.012745907693416316,1,0.18514062296887257,-0.16595044258427508,-0.004221081285151702,-0.014969099099445925,0.24866527138793398,1,0.6172559640900488,0.12247750381706773,-0.49477846027298106
tm446043,getterson_1991,1819,0.3688290400138319,0.4061730447414363,0.11060553749425929,0.11439237775047245,2,1920,0.8207090277636078,0.043387026064113696,0.03046660891815978,0.10543733725411865,1,0.4518799877497759,-0.3627860186773226,-0.08013892857609951,-0.008955040496353803,0.5850055269395371,1,1.2253765024359056,0.6418506494168158,-0.5835258530190898
tm448466,jovane cabral_1998,1819,0.4156305225632166,0.11895598203108998,0.011070750002764387,0.454342745402929,4,1920,0.6866004881683584,0.013673401562447228,0.005458391470260848,0.2942677187989336,1,0.2709699656051418,-0.10528258046864275,-0.005612358532503538,-0.16007502660399542,0.29075873603124175,1,1.0264529791230643,0.7052630039341243,-0.32118997518894
tm45335,alberto bueno_1988,1819,0.14178042740168947,0.5159420433255583,0.09313602119998768,0.24914150807276458,2,1920,0.9306795093052342,0.01616006100836344,0.007297787855430655,0.04586264183097183,1,0.7888990819035447,-0.49978198231719484,-0.08583823334455702,-0.20327886624179275,0.9378230075983822,1,1.1857117826541703,0.3107838933354412,-0.8749278893187291
tm454121,galeno_1997,1819,0.4549292192963945,0.12067241814514723,0.01608701874757555,0.40831134381088285,1,1920,0.670184948131423,0.02788821578693935,0.008222327143193478,0.2937045089384442,1,0.21525572883502853,-0.09278420235820788,-0.007864691604382074,-0.11460683487243867,0.23453313279274687,1,1.0456614412174217,0.7673521525832973,-0.2783092886341244
tm45717,nene_1983,1819,0.902211492212264,0.041234136497074185,0.006197016154938495,0.050357355135723425,1,1920,0.48142909552278823,0.056059757428324725,0.017962366820434613,0.44454878022845234,1,-0.4207823966894758,0.01482562093125054,0.011765350665496117,0.3941914250927289,0.42120784403429457,1,0.40632006142289845,0.9460429526579963,0.5397228912350979
tm46110,ljubomir fejsa_1988,1819,0.003205347883738094,0.49943733558709963,0.44736738278830157,0.049989933740860706,2,1920,0.01234297034766892,0.7576162456050181,0.08108684503967717,0.14895393900763584,2,0.009137622463930826,0.25817891001791843,-0.3662805377486244,0.09896400526677514,0.44822012232356906,3,0.8747717548612566,0.7518761609934012,-0.12289559386785542
tm46717,nuno miguel prata coelho_1987,1819,0.0004360894237210434,0.014448094240923652,0.9840793302082648,0.0010364861270904192,3,1920,6.407640465753215e-06,0.00010133379466554862,0.9998778426942586,1.4415870609939196e-05,3,-0.00042968178325529017,-0.014346760446258103,0.015798512485993843,-0.00102207025648048,0.02134495627794259,3,0.08750958008956145,0.0012914449397767138,-0.08621813514978473
tm48206,nuno pinto_1986,1819,0.007581835852872882,0.16697896862346592,0.712497612026262,0.11294158349739905,3,1920,0.013374420581359821,0.028168914552507942,0.9472520885326323,0.011204576333499942,3,0.005792584728486939,-0.13881005407095798,0.23475447650637027,-0.1017370071638991,0.27278462088028155,3,0.8237221581336128,0.2599089297982979,-0.563813228335315
tm48703,mano_1987,1819,0.000378004911678656,0.015704595582262417,0.9815171398606534,0.0024002596454054865,3,1920,0.0002772695216125685,0.008574320744211498,0.9898468669660361,0.0013015427681400363,3,-0.00010073539006608752,-0.007130274838050919,0.008329727105382712,-0.0010987168772654502,0.01096518675331621,3,0.10100246990589325,0.06182516425431094,-0.039177305651582305
tm499721,wendel_1997,1819,0.004652064516483925,0.9900138874301673,0.0037176998040809378,0.0016163482492679176,2,1920,0.336263282207256,0.6272937426300048,0.026890403191405104,0.009552571971333959,2,0.33161121769077206,-0.36272014480016246,0.023172703387324165,0.007936223722066042,0.4920049566056061,2,0.06610818415844519,0.8006763768471874,0.7345681926887422
tm51058,lica_1988,1819,0.8741465959986092,0.02897369378619797,0.006482846575449264,0.09039686363974343,1,1920,0.563006861246757,0.051057085776929204,0.020812221057814093,0.3651238319184996,1,-0.3111397347518522,0.022083391990731234,0.014329374482364828,0.2747269682787562,0.31225140786924416,1,0.47012291780306203,0.9237705368580713,0.4536476190550093
tm512913,stephen eustaquio_1996,1819,0.0014350200335634313,0.750689541995492,0.24155692077248128,0.006318517198463407,2,1920,0.004167116812127711,0.943688300469772,0.04879933450458378,0.0033452482135165663,2,0.0027320967785642797,0.19299875847428005,-0.19275758626789752,-0.002973268984946841,0.27278466267231166,2,0.5998310869112549,0.24397808605280114,-0.3558530008584537
tm517300,vitor tormena_1996,1819,0.0003520277220667329,0.039754221287461596,0.9572087986053437,0.002684952385128123,3,1920,0.0005106196419654496,0.020122019135646256,0.9774215158536969,0.0019458453686914952,3,0.0001585919198987167,-0.01963220215181534,0.020212717248353163,-0.0007391070164366278,0.028178049103667085,3,0.18876565614920224,0.11693358061372439,-0.07183207553547785
tm520469,junio_1997,1819,0.0005092659478317856,0.014093074152393218,0.9839209096124854,0.0014767502872895996,3,1920,0.0017890779963842245,0.012259831880737584,0.9835386789110268,0.0024124112118516115,3,0.001279812048552439,-0.0018332422716556343,-0.00038223070145859683,0.0009356609245620119,0.0022682143671493293,2,0.08950167421342589,0.09614355775996698,0.006641883546541091
tm525287,carlos vinicius_1995,1819,0.9343324312125211,0.0076948370708954,0.0034237841890443744,0.05454894752753921,1,1920,0.009161106269172914,0.002760053452017596,0.0020378884723022397,0.9860409518065073,4,-0.9251713249433482,-0.004934783618877805,-0.0013858957167421347,0.931492004278968,0.9251855237160455,1,0.2790160232670815,0.0857423593021262,-0.19327366396495532
tm5404,jeremy mathieu_1983,1819,0.0003657985239864685,0.007126546100251163,0.991320018616142,0.0011876367596202538,3,1920,0.00719648372833711,0.07735747788794542,0.901016772386527,0.014429265997190396,3,0.006830685204350642,0.07023093178769425,-0.09030324622961505,0.013241629237570142,0.11460243592409013,3,0.05476972769167212,0.3885636524751944,0.3337939247835223
tm544792,miguel tavares_1998,1819,0.03360953846526577,0.7822162848144433,0.08846386677745748,0.09571030994283349,2,1920,0.6948120173814227,0.19371720414183882,0.07143086077001497,0.04003991770672342,1,0.6612024789161569,-0.5884990806726045,-0.017033006007442508,-0.05567039223611007,0.885330452074829,1,0.7452830180439263,0.8883010547846322,0.1430180367407059
tm55994,ukra_1988,1819,0.027808013781727304,0.5824365861197126,0.1196725502090721,0.27008284988948816,2,1920,0.2922769281460229,0.5847235402184937,0.05768404933217792,0.06531548230330547,2,0.2644689143642956,0.002286954098781102,-0.06198850087689418,-0.2047673675861827,0.27164611365716934,1,1.0220575900043014,1.0160629437084172,-0.005994646295884198
tm56183,bruno moreira_1987,1819,0.897921342500043,0.012419137501639381,0.0034967799771160667,0.0861627400212016,1,1920,0.27474426630912313,0.024642642703313646,0.017953752839085346,0.6826593381484779,4,-0.6231770761909199,0.012223505201674265,0.01445697286196928,0.5964965981272763,0.6234645831429486,1,0.3821902452588245,0.7789895067303321,0.39679926147150757
tm58175,zequinha_1987,1819,0.2572582894318307,0.5274875786549797,0.03229389339346269,0.18296023851972687,2,1920,0.9970062030578775,0.0013814424845739665,0.00044281272219502487,0.0011695417353535607,1,0.7397479136260467,-0.5261061361704058,-0.03185108067126766,-0.18179069678437332,0.9083111435902183,1,1.1082863752725034,0.02340089929465774,-1.0848854759778457
tm58965,ruben lima_1989,1819,0.0015962273401015068,0.041983081990178285,0.9363911048506433,0.020029585819076833,3,1920,0.005111668933371685,0.06376163234668404,0.9251914541493128,0.005935244570631618,3,0.0035154415932701784,0.021778550356505756,-0.011199650701330444,-0.014094341248445216,0.02474056913367925,2,0.2832548932253671,0.30484780807996803,0.02159291485460091
tm595012,ibrahima camara_1999,1819,0.004749686147890971,0.9415938746932232,0.03610063899458351,0.017555800164302242,2,1920,0.03517632112613988,0.7312245946021113,0.14744890715752437,0.08615017711422433,2,0.03042663497824891,-0.2103692800911119,0.11134826816294086,0.0685943769499221,0.2399571856499373,2,0.2729488934668111,0.8401159717774921,0.567167078310681
tm60410,marcos acuna_1991,1819,0.006062060931710261,0.669983238812812,0.18460683674891581,0.13934786350656195,2,1920,0.08945527713500764,0.8003975140677688,0.07818844736095501,0.031958761436268635,2,0.08339321620329739,0.13041427525495686,-0.1064183893879608,-0.10738910207029331,0.18784883629911897,2,0.8858035775580659,0.7034700182673405,-0.18233355929072548
tm606050,pedro pelagio_2000,1819,0.02047464880081972,0.7912599622285218,0.15736030291637326,0.030905086054285134,2,1920,0.011904057118645436,0.9659365725096497,0.017108346724120503,0.0050510236475843386,2,-0.008570591682174285,0.1746766102811279,-0.14025195619225275,-0.025854062406700795,0.22417846559569718,2,0.663318983717829,0.18253259613757042,-0.4807863875802586
tm60799,wilson eduardo_1990,1819,0.7273603426417681,0.061042536690078544,0.022118018113326598,0.18947910255482686,1,1920,0.24666939241784627,0.032291025140359655,0.015749491427984347,0.7052900910138098,4,-0.48069095022392183,-0.02875151154971889,-0.006368526685342251,0.515810988458983,0.4815921481665917,1,0.8017230099171584,0.7677432808767187,-0.033979729040439666
tm61743,andre santos_1989,1819,0.0005116720731754182,0.9864865178376102,0.012073494409048017,0.000928315680166327,2,1920,0.4499466733856129,0.5124790337759609,0.026394443122472973,0.011179849715953103,2,0.44943500131243747,-0.4740074840616493,0.014320948713424956,0.010251534035786776,0.6533605474186652,2,0.07710627125734781,0.848100656946655,0.7709943856893072
tm63837,andre andre_1989,1819,0.016399387571463583,0.9573801152490062,0.01671234940693161,0.009508147772598487,2,1920,0.7439033575590916,0.2029333548505781,0.014392601767355148,0.038770685822974986,1,0.7275039699876281,-0.7544467603984282,-0.0023197476395764634,0.0292625380503765,1.0480731471860896,2,0.22175490337808476,0.7307811929263919,0.5090262895483071
tm64339,pizzi_1989,1819,0.25541229173594615,0.07338916243282743,0.0164407398319589,0.6547578059992675,4,1920,0.11196014548053539,0.0078940433598572,0.004152500610779173,0.8759933105488281,4,-0.14345214625541075,-0.06549511907297023,-0.012288239221179727,0.22123550454956065,0.15817436489780273,1,0.8851188547713322,0.42212071413641344,-0.4629981406349188
tm67815,rafik halliche_1986,1819,8.52155870281724e-06,0.0002537860197894888,0.9996916311026084,4.6061318899321966e-05,3,1920,0.00025133814406150387,0.00445306100551669,0.9940508669593853,0.00124473389103677,3,0.00024281658535868663,0.004199274985727201,-0.00564076414322312,0.0011986725721374481,0.007036411757376845,3,0.002968839053133335,0.040450089437308476,0.037481250384175144
tm68275,claudemir de souza_1988,1819,0.00546547414675057,0.6790710266348781,0.29597340132692823,0.0194900978914432,2,1920,0.0029544784999793695,0.9713830805564083,0.022548707363884122,0.003113733579728178,2,-0.0025109956467712,0.29231205392153026,-0.2734246939630441,-0.01637636431171502,0.40026704240512484,2,0.7283843117690071,0.14889036268345213,-0.579493949085555
tm72855,diogo viana_1990,1819,0.01696904647775142,0.3555521893811565,0.4810755188095908,0.14640324533150126,3,1920,0.1717847767969551,0.2941582025106643,0.43097835471185014,0.10307866598053039,3,0.1548157303192037,-0.06139398687049219,-0.050097164097740676,-0.043324579350970865,0.17391623796747252,1,1.070158260056078,1.2595193077239342,0.18936104766785622
tm74418,jackson martinez_1986,1819,0.9995053223399281,0.00020532495413654373,3.104234748104283e-05,0.0002583103584542059,1,1920,0.6448439202889865,0.08664642369792769,0.05071623599394349,0.21779342001914245,1,-0.35466140205094154,0.08644109874379115,0.05068519364646244,0.21753510966068826,0.368545468716891,1,0.004694168804671518,0.9780269576916317,0.9733327888869602
tm75116,lionn_1989,1819,0.0030401280414465307,0.08420123001727176,0.8450561494993074,0.06770249244197425,3,1920,9.195782545124554e-05,0.0012308145576145246,0.9985375450377385,0.0001396825791958209,3,-0.002948170215995285,-0.08297041545965723,0.1534813955384311,-0.06756280986277843,0.17449733615615726,3,0.5505449218406456,0.011802454408411421,-0.5387424674322342
tm83466,andre almeida_1990,1819,0.003067812582098425,0.08510565735000236,0.8787549308338742,0.03307159923402491,3,1920,0.27542341915632573,0.2767191266804693,0.3286195604468897,0.11923789371631524,3,0.2723556065742273,0.1916134693304669,-0.5501353703869845,0.08616629448229032,0.6430724872143868,3,0.4537634979870522,1.3299402704596819,0.8761767724726297
tm84511,silvio_1987,1819,0.001132894523396418,0.026072064088295845,0.9668167600837824,0.005978281304525612,3,1920,0.00015901205840053193,0.001337955220011608,0.9981759159752203,0.0003271167463677857,3,-0.000973882464995886,-0.024734108868284237,0.031359155891437895,-0.005651164558157827,0.03995148616493844,3,0.16599939766594957,0.014691129971470889,-0.15130826769447867
tm84711,joao aurelio_1988,1819,0.003292891603336402,0.05310366199705522,0.9173977976968652,0.02620564870274321,3,1920,0.04176085533127113,0.10530604148963874,0.7920984722740768,0.060834630905013475,3,0.03846796372793473,0.052202379492583516,-0.12529932542278843,0.034628982202270266,0.14108434927187083,3,0.34923626928541035,0.7245821230875579,0.3753458538021475
tm89297,rodrigo battaglia_1991,1819,0.0046842961337345956,0.9402149866140221,0.03910408320194188,0.015996634050301297,2,1920,0.008767903266248463,0.9699020887294871,0.019021304040660682,0.0023087039636036527,2,0.0040836071325138674,0.02968710211546499,-0.020082779161281195,-0.013687930086697645,0.036073784083009014,2,0.2759946860692268,0.1605533401232521,-0.11544134594597469
tm95429,osama rashid_1992,1819,0.01520634199857188,0.9393270748687141,0.035479068393448804,0.009987514739265235,2,1920,0.36881787135921923,0.5648397428508728,0.0483907132429688,0.01795167254693924,2,0.3536115293606473,-0.37448733201784135,0.012911644849519996,0.007964157807674004,0.5152170281651579,2,0.2869129584510113,0.9092379223601057,0.6223249639090944
tm96140,jorge correa_1993,1819,0.023248706502563478,0.9353065741890758,0.032185822094801884,0.009258897213558706,2,1920,0.965111197601805,0.014415007471994654,0.005468259657803262,0.015005535268397029,1,0.9418624910992415,-0.9208915667170812,-0.02671756243699862,0.005746638054838323,1.3175204203096376,1,0.3039539014560194,0.1868815274695375,-0.1170723739864819
tm9819,ricardo costa_1981,1819,0.00014115946681294168,0.0023470791497408644,0.9971163614089404,0.00039539997450561146,3,1920,0.00020959953625682316,0.006352816900687632,0.9930237401695039,0.00041384339355171504,3,6.844006944388149e-05,0.004005737750946767,-0.004092621239436545,1.8443419046103575e-05,0.00572714305583095,3,0.02143973122839283,0.044089083880927304,0.022649352652534475
carlos_1995,carlos_1995,1920,0.882692725243602,0.04348112575805662,0.013554836691863826,0.060271312306477684,1,2021,0.6690623300463312,0.03831094594915866,0.0250490315892871,0.267577692415223,1,-0.21363039519727078,-0.0051701798088979595,0.011494194897423276,0.2073063801087453,0.2140018528605264,1,0.4740682439121454,0.8389661007897872,0.36489785687764176
diederrick joel_1993,diederrick joel_1993,1920,0.4636736338925975,0.10201041548993806,0.04748686146445083,0.3868290891530136,1,2021,0.7702839196485821,0.014834274595430984,0.012403884486086677,0.20247792126990005,1,0.3066102857559846,-0.08717614089450706,-0.035082976978364155,-0.18435116788311356,0.32068732769832037,1,1.1013312100260872,0.6413378195009836,-0.4599933905251037
goncalo rodrigues_1997,goncalo rodrigues_1997,1920,0.9099797816368871,0.07210561876354696,0.0054539023655476035,0.012460697234018487,1,2021,0.7615194314426043,0.22704688546573368,0.006220814064633494,0.005212869027028686,1,-0.14846035019428283,0.15494126670218672,0.0007669116990858902,-0.007247828206989801,0.21458765076453362,2,0.3585165905520021,0.6030903949300914,0.24457380437808934
jose luis garcia vaya_1998,jose luis garcia vaya_1998,1920,0.037482427854474226,0.8736221275370734,0.08177481853173377,0.007120626076718576,2,2021,0.01010164352667511,0.7381470893407783,0.22881063207900004,0.022940635053546533,2,-0.027380784327799116,-0.13547503819629503,0.14703581354726628,0.015820008976827955,0.20179872098256596,3,0.48107709966701495,0.6945891937050721,0.21351209403805715
lamine diaby_1996,lamine diaby_1996,1920,0.27970804360252044,0.41521833751919623,0.04060368830178448,0.26446993057649876,2,2021,0.06373383263196618,0.16928528272388815,0.07992717925464553,0.6870537053895001,4,-0.21597421097055425,-0.24593305479530808,0.03932349095286105,0.4225837748130013,0.3296577986124782,2,1.203149373512122,0.9359690275179093,-0.2671803459942126
pedro rodrigues_1997,pedro rodrigues_1997,1920,0.5252416998640191,0.4001861092688819,0.03242350527199995,0.04214868559509902,1,2021,0.005836660880299448,0.959759792826895,0.03111310414492421,0.0032904421478813888,2,-0.5194050389837197,0.5595736835580132,-0.001310401127075738,-0.038858243447217625,0.7634828216819791,2,0.9493441228106726,0.19621789204295315,-0.7531262307677195
rui filipe cunha correia_1995,rui filipe cunha correia_1995,1920,0.09716345098144184,0.7170188029985324,0.1069717136097838,0.07884603241024188,2,2021,0.11349707458818002,0.7595805708534598,0.06251980666492675,0.06440254789343344,2,0.01633362360673818,0.04256176785492738,-0.04445190694485705,-0.014443484516808436,0.06367309772657173,3,0.9044331376420538,0.8057958343819587,-0.09863730326009512
thibang phete_1994,thibang phete_1994,1920,0.0017062381141896446,0.40104870614629934,0.5958868657080737,0.0013581900314373768,3,2021,0.00684688374920399,0.5063473586502434,0.48481107203308155,0.001994685567471081,2,0.005140645635014346,0.10529865250394405,-0.11107579367499215,0.0006364955360337041,0.15314066865865703,3,0.6947612945191932,0.7421131482395519,0.04735185372035866
tm102427,sebastian coates_1990,1920,0.029341458318660935,0.2504657094916676,0.6927188324911405,0.027473999698530996,3,2021,0.0017825385392275402,0.003097904520176901,0.9931897163864442,0.0019298405541514896,3,-0.027558919779433394,-0.24736780497149066,0.30047088389530363,-0.025544159144379505,0.39017057431929403,3,0.8033661676588223,0.04802880722750628,-0.755337360431316
tm109256,haris seferovic_1992,1920,0.13301390827827445,0.017471025853993807,0.012846093131812304,0.8366689727359194,4,2021,0.025492985257546168,0.002507777124664541,0.005745240783376343,0.9662539968344129,4,-0.10752092302072827,-0.014963248729329266,-0.00710085234843596,0.12958502409849348,0.1087891070091093,1,0.5441796680659439,0.17137219555166117,-0.3728074725142827
tm111200,fabio pacheco_1988,1920,0.0030044416073640953,0.9572171759634521,0.0329573089155568,0.006821073513626989,2,2021,0.0065419239037429674,0.4717687569337637,0.47229717381137026,0.04939214535112323,3,0.003537482296378872,-0.48544841902968844,0.43933986489581345,0.04257107183749624,0.6547459035428117,2,0.20579302571726502,0.8901887910369082,0.6843957653196432
tm111828,fransergio_1990,1920,0.7322082573389592,0.2230500877664846,0.01776253744050276,0.026979117454053382,1,2021,0.9602010202888498,0.018925129026160392,0.010283439761404148,0.010590410923585623,1,0.22799276294989057,-0.2041249587403242,-0.007479097679098613,-0.01638870653046776,0.3061104958023452,1,0.7319394617830661,0.2093099837169986,-0.5226294780660675
tm112465,sergio oliveira_1992,1920,0.445565979466567,0.15714557432516985,0.041552857727035014,0.3557355884812281,1,2021,0.6505884973972198,0.09054730983077208,0.025916896367143814,0.23294729640486442,1,0.2050225179306528,-0.06659826449439776,-0.0156359613598912,-0.12278829207636369,0.21613432161491294,1,1.1508584787293663,0.9312194146063446,-0.2196390641230217
tm113504,nikola stojiljkovic_1992,1920,0.4057205555355698,0.07725765369362177,0.04056519076818082,0.4764566000026277,4,2021,0.769965391522665,0.022988891382162136,0.022247180623455962,0.184798536471717,1,0.3642448359870952,-0.054268762311459634,-0.018318010144724856,-0.29165806353091067,0.3687206918546148,1,1.0470632760889669,0.6847004753126715,-0.36236280077629535
tm118323,ricardo alves_1991,1920,0.007375805141137213,0.14231855472927019,0.8267948138978325,0.023510826231760203,3,2021,0.03759890010181021,0.036790910047330636,0.8412844971656185,0.0843256926852406,3,0.030223094960673,-0.10552764468193955,0.014489683267785991,0.06081486645348039,0.11072249176350892,2,0.5591164126480488,0.5987944352822552,0.03967802263420639
tm122946,jardel_1986,1920,3.589561446457841e-05,0.0006440735192022618,0.9992280990273079,9.193183902530316e-05,3,2021,0.0011937889870801415,0.03011493238757026,0.9643430815653965,0.004348197059953099,3,0.001157893372615563,0.029470858868367998,-0.034885017461911416,0.0042562652209277956,0.045681907609243684,3,0.006725905431280212,0.17217853188570317,0.16545262645442296
tm124548,bebeto_1990,1920,0.030835706536732305,0.1333882660558922,0.4785571355781123,0.35721889182926325,3,2021,0.013447866092300293,0.584235397299368,0.25010339779067453,0.1522133388176573,2,-0.017387840444432014,0.4508471312434758,-0.22845373778743777,-0.20500555301160595,0.5057238209288191,2,1.0963997705021415,1.005094941673106,-0.09130482882903546
tm125165,jesus corona_1993,1920,0.4193148705989683,0.20049213394232723,0.1392399622498289,0.2409530332088756,1,2021,0.8997136348167524,0.06684960093301821,0.009548287939253717,0.023888476310975754,1,0.48039876421778405,-0.133642533009309,-0.12969167431057518,-0.21706455689789983,0.5152312390340852,1,1.3040599036872682,0.4095504948640083,-0.8945094088232599
tm126956,edgar costa_1987,1920,0.8983870909243941,0.051139177110569305,0.017304191326946692,0.033169540638089905,1,2021,0.0927175413223894,0.8541923343584141,0.023101983787961043,0.029988140531235642,2,-0.8056695496020047,0.8030531572478449,0.005797792461014351,-0.0031814001068542624,1.1375550144582238,1,0.43149251732985155,0.5473319142525112,0.1158393969226596
tm127031,pierre sagna_1990,1920,0.0005785775418176712,0.007031983678650153,0.9915204435279942,0.000868995251537917,3,2021,0.024799724590156703,0.2382820961152462,0.5673108633853061,0.16960731590929087,3,0.024221147048339033,0.23125011243659604,-0.42420958014268806,0.16873832065775296,0.4837530840740049,3,0.053741148787202285,1.0559587091195324,1.00221756033233
tm129670,luiz carlos_1985,1920,0.026596101175038214,0.8724567989283695,0.08233502645047047,0.01861207344612177,2,2021,0.49654779529179344,0.3633646325642991,0.07744602136523356,0.06264155077867405,1,0.46995169411675525,-0.5090921663640704,-0.004889005085236917,0.044029477332552275,0.6928588103121689,2,0.4952403142138457,1.0871305379128886,0.5918902236990429
tm131015,marco baixinho_1989,1920,0.00037237183929786594,0.007569251786319984,0.9911345374211473,0.0009238389532346894,3,2021,0.00012314260284721382,0.00272823971309727,0.9965900411851084,0.0005585764989471453,3,-0.00024922923645065214,-0.004841012073222714,0.005455503763961089,-0.0003652624542875441,0.007297947274678234,3,0.055186651179522206,0.024804289523334303,-0.030382361656187903
tm131933,diego lopes_1994,1920,0.9853748444067375,0.00716352111418558,0.0012832435106597759,0.006178390968417124,1,2021,0.9153633233138125,0.025476320461862434,0.00868224053561536,0.05047811568870959,1,-0.07001152109292497,0.018312799347676854,0.0073989970249555845,0.04429972472029247,0.07274418782740415,1,0.08986845700033187,0.3663962543820526,0.27652779738172073
tm137192,zainadine junior_1988,1920,0.0015018621213151503,0.023954958328032874,0.972372819906314,0.0021703596443380375,3,2021,0.00030364621253689225,0.0099462364187354,0.9893144738583786,0.0004356435103490521,3,-0.001198215908778258,-0.014008721909297474,0.016941653952064595,-0.0017347161339889854,0.022015895383281286,3,0.13970602495515602,0.06231669736836579,-0.07738932758679024
tm139395,ricardo esgaio_1993,1920,0.16994312332889683,0.5007485236744283,0.21378752873091167,0.1155208242657631,2,2021,0.00980137437530721,0.8699621383386856,0.10649817917353052,0.013738308112476602,2,-0.16014174895358962,0.3692136146642573,-0.10728934955738115,-0.1017825161532865,0.416503394391699,2,1.2266867466261728,0.4639443811307791,-0.7627423654953938
tm141050,danilo pereira_1991,1920,0.034356822292265436,0.9390397935926377,0.022969149712256814,0.0036342344028400257,2,2021,0.16001293857400914,0.6664821159178002,0.15186925833446077,0.021635687173729875,2,0.1256561162817437,-0.2725576776748375,0.12890010862220397,0.01800145277088985,0.3266380033329369,2,0.28196972273298065,0.9328154065257075,0.6508456837927268
tm14132,pepe_1983,1920,0.004552035451158588,0.05560193247512947,0.9333021031506885,0.006543928923023416,3,2021,0.0008197897426371762,0.006168086226336557,0.9919049587788412,0.0011071652521849563,3,-0.003732245708521412,-0.04943384624879291,0.058602855628152706,-0.005436763670838459,0.07675890502575049,3,0.28254252102196864,0.05280879108878774,-0.2297337299331809
tm145918,diogo salomao_1988,1920,0.1821253342543519,0.34484558355755596,0.14012796897264926,0.332901113215443,2,2021,0.0553656341475214,0.7427448239202236,0.1815148186723581,0.02037472325989697,2,-0.1267597001068305,0.3978992403626676,0.04138684969970885,-0.31252638995554605,0.4196483032021312,2,1.3188537695427367,0.7701795275219948,-0.5486742420207419
tm148489,mikel agu_1993,1920,0.02299740045480733,0.6921538089860959,0.11369659542865078,0.17115219513044597,2,2021,0.0090495994437725,0.4873710352534416,0.42623119385956076,0.07734817144322509,2,-0.013947801011034829,-0.2047827737326543,0.31253459843090997,-0.09380402368722088,0.37390961579913007,3,0.8907506022736049,0.954313140951247,0.06356253867764206
tm154990,rene santos_1992,1920,0.002953574664152768,0.7485390337894385,0.24654623077328974,0.001961160773118866,2,2021,0.00402094254767683,0.8187544417872354,0.17560282290656415,0.0016217927585236251,2,0.0010673678835240617,0.07021540799779691,-0.0709434078667256,-0.00033936801459524065,0.09982139006365541,3,0.591446360990602,0.5017929078816623,-0.08965345310893968
tm155025,fabio cardoso_1994,1920,0.0008576051954017265,0.016558982240885353,0.9814827172131834,0.0011006953505296325,3,2021,0.012856352670783708,0.03318768785606474,0.9358503670008208,0.018105592472330824,3,0.011998747475381981,0.016628705615179387,-0.04563235021236256,0.017004897121801192,0.05002794396452836,3,0.09980388030969026,0.3036764858629173,0.20387260555322703
tm157036,dyego sousa_1989,1920,0.014813056788696896,0.006978064730810035,0.006765424466078897,0.9714434540144141,4,2021,0.8897580865828133,0.026397150248978537,0.033971165772682214,0.049873597395525805,1,0.8749450297941164,0.019419085518168504,0.027205741306603318,-0.9215698566188884,0.8755832675444586,1,0.15898667975253084,0.46430213964493766,0.3053154598924068
tm157387,anthony d alberto_1994,1920,0.001071144753199804,0.009788516582529001,0.9839223632060379,0.0052179754582331135,3,2021,0.004102164574139131,0.3792908314895162,0.6078820171641878,0.008724986772156957,3,0.003031019820939327,0.3695023149069872,-0.3760403460418501,0.0035070113139238435,0.5272072549330592,3,0.09598412830023112,0.734208972146525,0.6382248438462939
tm159142,aderlan santos_1989,1920,0.0004183794279157377,0.005040301064638095,0.9936193849476823,0.0009219345597638098,3,2021,6.785471703546976e-06,0.00022916839486307778,0.9997508578850007,1.318824843258812e-05,3,-0.00041159395621219073,-0.004811132669775017,0.006131472937318416,-0.0009087463113312216,0.007804573500969481,3,0.04272292576167558,0.0023987212846796405,-0.04032420447699594
tm164705,raul silva_1989,1920,0.017696533372846136,0.1685690405738408,0.7952951598028163,0.01843926625049661,3,2021,0.00045970777085478935,0.04206176229444022,0.9567304181355877,0.0007481117991173357,3,-0.017236825601991346,-0.1265072782794006,0.1614352583327714,-0.017691154451379275,0.20582162725880823,3,0.627305626265974,0.18451492809451567,-0.44279069817145833
tm167291,gabriel_1993,1920,0.11268706662365062,0.8252830195903774,0.04341090489769332,0.01861900888827881,2,2021,0.21426055433118307,0.37862138704078746,0.2514610578551872,0.1556570007728424,2,0.10157348770753245,-0.44666163254958996,0.20805015295749385,0.1370379918845636,0.503099049435172,2,0.614842013118864,1.3344772599953236,0.7196352468764596
tm168530,douglas tanque_1993,1920,0.24337902736332398,0.02486396522779351,0.013135069603041536,0.718621937805841,4,2021,0.8142465652424754,0.009504633303098762,0.00922363890296174,0.16702516255146418,1,0.5708675378791515,-0.01535933192469475,-0.003911430700079797,-0.5515967752543769,0.5710875188370859,1,0.7301375823215533,0.5537064168159593,-0.176431165505594
tm172181,diogo figueiras_1991,1920,0.015196118030888738,0.09338796856446602,0.8775285325985296,0.013887380806115813,3,2021,0.005668573676039596,0.2685054133838134,0.722686425328801,0.0031395876113460112,3,-0.009527544354849142,0.17511744481934738,-0.15484210726972858,-0.010747793194769801,0.2339507891955505,2,0.45908264018068595,0.6351855517450017,0.17610291156431573
tm176485,lucas piazon_1994,1920,0.9865519131076194,0.007863951853922064,0.0015238048250497214,0.004060330213408719,1,2021,0.6406046579209468,0.03814731632181278,0.03768872210439513,0.2835593036528452,1,-0.3459472551866726,0.030283364467890712,0.03616491727934541,0.27949897343943647,0.3491482303786026,1,0.08370416484288293,0.8908271518416103,0.8071229869987274
tm176997,anderson carvalho_1990,1920,0.0004701074227534002,0.9951191862012654,0.0033156983840838573,0.0010950079918971662,2,2021,0.038209169177914615,0.8153090996126392,0.10145128913405675,0.045030442075389504,2,0.037739061755161216,-0.17981008658862618,0.0981355907499729,0.04393543408349234,0.20829425866551216,2,0.03486537756228303,0.6629685979180711,0.628103220355788
tm177964,yusupha njie_1994,1920,0.594162456708349,0.07161156059863347,0.022803073956938168,0.31142290873607925,1,2021,0.3715699780999913,0.01796039326983552,0.02593269305398285,0.5845369355761902,4,-0.22259247860835768,-0.05365116732879795,0.0031296190970446815,0.273114026840111,0.2289883267864269,1,0.9476485214103612,0.8486255616180649,-0.09902295979229625
tm179860,andraz sporar_1994,1920,0.6572543475281903,0.06990356646948112,0.03530449400275357,0.23753759199957503,1,2021,0.312216922033002,0.008905706273114133,0.014958533460113319,0.6639188382337705,4,-0.34503742549518834,-0.060997860196366986,-0.02034596054264025,0.4263812462341955,0.3509779509474717,1,0.92132013411198,0.7402836355999323,-0.18103649851204773
tm182711,carlos mane_1994,1920,0.8386941298788819,0.06846970165810451,0.022279546564738763,0.07055662189827486,1,2021,0.869187661448206,0.06369536775675574,0.020889525553740528,0.04622744524129762,1,0.030493531569324106,-0.004774333901348765,-0.0013900210109982353,-0.024329176656977237,0.030896308682137913,1,0.6029490979063759,0.5201740076065468,-0.0827750902998291
tm182882,franck yves bambock_1995,1920,0.04201147456706694,0.9124241137106298,0.027457797411353676,0.018106614310949388,2,2021,0.03966886492213755,0.8137449772911397,0.1317653154882266,0.014820842298496202,2,-0.00234260964492939,-0.09867913641949011,0.10430751807687291,-0.0032857720124531854,0.14360751412026468,3,0.3881404473404744,0.6252128142701718,0.2370723669296974
tm182936,filipe ferreira_1990,1920,0.0016529960676978496,0.009205279029740582,0.986632901473627,0.0025088234289346403,3,2021,0.0049233759053064026,0.14112214986696447,0.8448217863729395,0.009132687854789589,3,0.003270379837608553,0.1319168708372239,-0.14181111510068756,0.006623864425854949,0.19370892741912413,3,0.08204190667885942,0.48784516635363784,0.4058032596747784
tm183945,eber bessa_1992,1920,0.8041868579940016,0.053293085703905334,0.010848647962034002,0.13167140834005917,1,2021,0.12244335863823251,0.4841440260076599,0.024425207409156945,0.3689874079449505,2,-0.6817434993557691,0.43085094030375454,0.013576559447122943,0.23731599960489133,0.8065922480664566,1,0.6475367408116977,1.06687660398473,0.4193398631730323
tm187211,ygor nogueira_1995,1920,0.00014513278605351364,0.0021402445250632844,0.9971664529861862,0.0005481697026968712,3,2021,7.975988752857856e-05,0.013554618368660523,0.9862277648498371,0.00013785689397373703,3,-6.537289852493508e-05,0.01141437384359724,-0.010938688136349128,-0.00041031280872313417,0.015809715430758504,2,0.021384088084132672,0.07395385587354791,0.052569767789415245
tm190185,marcelo ferreira_1989,1920,0.00045274988374840395,0.00615181746237657,0.9920771045045604,0.0013183281493145435,3,2021,0.00040222791443112464,0.0656021937719344,0.9328134428659439,0.0011821354476905215,3,-5.0521969317279315e-05,0.05945037630955782,-0.059263661638616516,-0.00013619270162402194,0.08394362028548592,2,0.05143897701121777,0.2547001068138794,0.20326112980266162
tm190543,dener_1992,1920,0.6322440159186615,0.28564384579156954,0.03186713139346537,0.050245006896303394,1,2021,0.1590116571967338,0.49032160715731576,0.31617608270292313,0.03449065294302729,2,-0.4732323587219277,0.20467776136574622,0.28430895130945777,-0.015754353953276103,0.5887898021653366,1,0.9078804688425026,1.1220314333325478,0.21415096449004523
tm193082,alex grimaldo_1995,1920,0.15979310806703392,0.1425635177102858,0.2672851168774605,0.4303582573452197,4,2021,0.12455976802805435,0.3612032418447357,0.3536915367715508,0.16054545335565912,2,-0.03523334003897957,0.21863972413444988,0.08640641989409031,-0.2698128039895606,0.23771997522043567,2,1.2862673446949444,1.2885412080646421,0.002273863369697704
tm193303,nuno sequeira_1990,1920,0.13940726909487786,0.16085020205417452,0.3274662116677088,0.37227631718323895,4,2021,0.002376668927855478,0.8670071784189843,0.12640905610704503,0.004207096546115231,2,-0.13703060016702237,0.7061569763648098,-0.20105715556066375,-0.3680692206371237,0.7468996187259502,2,1.3020273954206973,0.4225490713356063,-0.879478324085091
tm193994,yves baraye_1992,1920,0.8883845810091131,0.07111105803391109,0.006923552610013287,0.03358080834696252,1,2021,0.9290616732217745,0.00937247519832005,0.006092867249439837,0.05547298433046584,1,0.04067709221266136,-0.06173858283559104,-0.0008306853605734498,0.02189217598350332,0.07393895103119034,2,0.4415199533757861,0.3036273141908321,-0.13789263918495398
tm194214,goncalo silva_1991,1920,0.0004398984131540163,0.004914877869134444,0.9929468652959427,0.0016983584217689508,3,2021,9.414863010177999e-05,0.0010381884829405502,0.9984618457663988,0.00040581712055888286,3,-0.0003457497830522363,-0.0038766893861938937,0.005514980470456177,-0.0012925413012100679,0.006750057266351308,3,0.047385427221283034,0.0127117043601485,-0.034673722861134536
tm196792,julian weigl_1995,1920,1.27295824939554e-40,1.0,5.361241665100792e-40,3.8441714915381594e-41,2,2021,0.00636034606954255,0.9570966687459993,0.03297199422653793,0.0035709909579202397,2,0.00636034606954255,-0.0429033312540007,0.03297199422653793,0.0035709909579202397,0.054482127694223816,2,8.289306334778563e-11,0.20676393309475027,0.20676393301185722
tm197981,pedrinho_1992,1920,0.7960032424145237,0.16970385848451694,0.015552154580992421,0.018740744519966813,1,2021,0.6314202744544288,0.2999221631474674,0.020624853612292413,0.04803270878581125,1,-0.16458296796009486,0.13021830466295045,0.005072699031299992,0.029291964265844437,0.20992877955942282,1,0.6218987888392382,0.8773642313051377,0.25546544246589953
tm198007,francisco ramos_1995,1920,0.015931853993659362,0.9179372941391929,0.05933500837245144,0.006795843494696304,2,2021,0.18273861804473024,0.7641690688890861,0.036437210112447424,0.01665510295373613,2,0.16680676405107087,-0.1537682252501068,-0.022897798260004015,0.009859259459039826,0.2280207727267695,1,0.3460644649566252,0.7050255478190433,0.35896108286241807
tm198053,lazar rosic_1993,1920,0.03102609168901671,0.254949061244305,0.6087891159465202,0.10523573112015822,3,2021,0.0002455909164517292,0.006919490820224979,0.9917729406351063,0.0010619776282169867,3,-0.03078050077256498,-0.24802957042408003,0.38298382468858616,-0.10417375349194123,0.45732124049256806,3,0.9952637263104016,0.05191994520665446,-0.9433437811037472
tm203348,chancel mbemba_1994,1920,0.013130203799300164,0.14060402444623035,0.8202918358678958,0.02597393588657378,3,2021,0.0004248274410697442,0.0034127013172485254,0.9948869195548588,0.0012755516868230756,3,-0.01270537635823042,-0.13719132312898183,0.17459508368696297,-0.024698384199750706,0.22241027174557965,3,0.5900469779153232,0.03628403046435821,-0.553762947450965
tm207571,alex soares_1991,1920,0.0037246498047386646,0.9870434388655357,0.008585256752734801,0.0006466545769908777,2,2021,0.028545884748059584,0.8914073317674186,0.07183079509126511,0.008215988393256914,2,0.02482123494332092,-0.0956361070981171,0.0632455383385303,0.007569333816266036,0.11731307175555744,2,0.07929840444130987,0.4325994664286668,0.35330106198735695
tm211072,paulinho_1992,1920,0.060594444347021756,0.009677568849264002,0.007243667723098919,0.9224843190806153,4,2021,0.834421506796239,0.0075008833178847045,0.006125483331979553,0.1519521265538967,1,0.7738270624492173,-0.0021766855313792976,-0.0011181843911193656,-0.7705321925267187,0.7738309317124897,1,0.3248883610247178,0.5052617772012297,0.18037341617651187
tm211107,joao afonso_1990,1920,0.0026193386917952133,0.04291237608506638,0.9480526558390937,0.006415629384044565,3,2021,0.00022232656316381643,0.014955405764009704,0.983070701029655,0.0017515666431716737,3,-0.0023970121286313968,-0.027956970321056675,0.03501804519056129,-0.004664062740872892,0.04487316955203234,3,0.23365194551708288,0.09262569574238119,-0.14102624977470168
tm212899,filipe augusto_1993,1920,0.038226849253512905,0.892777749948865,0.03760124844985299,0.03139415234776897,2,2021,0.013158151328201473,0.9421353507654185,0.027739253776339578,0.016967244130040228,2,-0.025068697925311433,0.04935760081655349,-0.009861994673513414,-0.01442690821772874,0.05623051940874424,2,0.4580559051747937,0.28175052947176704,-0.17630537570302668
tm214538,mateus uribe_1991,1920,0.00157231766230876,0.9928759352703352,0.004672853472208317,0.0008788935951474615,2,2021,0.13672875988547872,0.5994079746762853,0.2265084840622035,0.0373547813760325,2,0.13515644222316997,-0.39346796059405,0.2218356305899952,0.036475887780885036,0.4714820748318294,2,0.04850736309052351,1.037996696877918,0.9894893337873945
tm224878,joao afonso crispim_1995,1920,0.004195795401938625,0.9581613253524788,0.031716998026832456,0.0059258812187502905,2,2021,0.0017289512705576022,0.2527724345918319,0.7351549288363777,0.01034368530123291,3,-0.002466844131381023,-0.7053888907606469,0.7034379308095452,0.00441780408248262,0.9961950085350353,2,0.203760089570298,0.632098769928064,0.428338680357766
tm225119,ruben macedo_1996,1920,0.7418113864901275,0.16380016742455045,0.0240692217802256,0.07031922430509646,1,2021,0.936880422398882,0.03707212871462155,0.003582431087626796,0.022465017798869752,1,0.19506903590875457,-0.12672803870992888,-0.020486790692598806,-0.04785420650622671,0.23352009155213724,1,0.7942606337490404,0.28868067943525494,-0.5055799543137856
tm228940,joao novais_1993,1920,0.5286240004198136,0.110127931656063,0.04308844685873316,0.3181596210653902,1,2021,0.8482826688957509,0.10246767414716676,0.007600322838082249,0.041649334119000236,1,0.31965866847593727,-0.007660257508896234,-0.035488124020650914,-0.27651028694638996,0.3217137715787387,1,1.0797894122804559,0.542487672224858,-0.5373017400555978
tm231289,otavio_1995,1920,0.23216495280690252,0.622869967146876,0.036588593356473055,0.10837648668974827,2,2021,0.6532590897164597,0.2590117777437625,0.01625454723187601,0.07147458530790178,1,0.4210941369095572,-0.36385818940311354,-0.020334046124597046,-0.036901901381846486,0.556890049800779,1,0.9957736121986069,0.8835780894128875,-0.11219552278571943
tm232577,jonatan lucca_1994,1920,0.015384681181984595,0.8257893968324299,0.13665632041833728,0.0221696015672482,2,2021,0.33719971378886615,0.4573314922709489,0.15462753118221986,0.05084126275796505,2,0.32181503260688155,-0.36845790456148103,0.017971210763882584,0.02867166119071685,0.48953968895476246,2,0.5787203723693409,1.1644621566124345,0.5857417842430935
tm235568,joao pedro_1993,1920,0.747008431611522,0.21347991880725434,0.02884314205295627,0.010668507528267378,1,2021,0.6079897688001921,0.36378725452926586,0.018518937497515108,0.009704039173026946,1,-0.1390186628113299,0.15030733572201152,-0.010324204555441162,-0.0009644683552404321,0.205000178003343,2,0.6982592185252826,0.7892422342643126,0.09098301573903
tm236886,costinha_1992,1920,0.46022398702899875,0.3288175462426461,0.10990796947602677,0.10105049725232851,1,2021,0.6593048280075411,0.2927415756253833,0.016174010981113648,0.03177958538596207,1,0.19908084097854234,-0.03607597061726281,-0.09373395849491312,-0.06927091186636644,0.22298141598758262,1,1.197191659199049,0.8105818173742175,-0.3866098418248315
tm237000,afonso figueiredo_1993,1920,0.023740161762593484,0.12035112029065988,0.8440643625202967,0.011844355426449866,3,2021,0.007973424077898226,0.19993302823253536,0.7847954474515343,0.007298100238032297,3,-0.015766737684695258,0.07958190794187549,-0.05926891506876242,-0.004546255188417569,0.1004722567792488,2,0.5392583237503042,0.5864603496671872,0.04720202591688294
tm238055,rafa silva_1993,1920,0.6563334122309258,0.05502363494766634,0.016233614164908792,0.27240933865649913,1,2021,0.8898301959950813,0.025648002602177207,0.02207287163986073,0.062448929762881,1,0.2334967837641555,-0.029375632345489136,0.005839257474951939,-0.20996040889361814,0.2354097974421645,1,0.8570891338295081,0.4551902249211982,-0.4018989089083099
tm240262,tomislav strkalj_1996,1920,0.3659035678175096,0.057856387828214485,0.07752532538725063,0.4987147189670252,4,2021,0.7697442982476486,0.04742066912911789,0.05309584884421359,0.12973918377901983,1,0.40384073043013896,-0.010435718699096597,-0.024429476543037038,-0.36897553518800535,0.40471352720570336,1,1.0779630252124828,0.7668392669265912,-0.31112375828589156
tm243779,adriano castanheira_1993,1920,0.2826469101283859,0.45849686954755636,0.14499651393790328,0.11385970638615452,2,2021,0.20475803566944206,0.6763895318407608,0.06296335027432394,0.05588908221547317,2,-0.07788887445894382,0.21789266229320442,-0.08203316366357934,-0.05797062417068135,0.24550627076789125,2,1.2420650316710136,0.9245021974723351,-0.3175628341986785
tm255755,alex telles_1992,1920,0.13908849499858034,0.08089910970592198,0.1998811523441074,0.5801312429513903,4,2021,0.04207402639656639,0.028927769827318615,0.007671535477450878,0.9213266682986642,4,-0.09701446860201395,-0.05197133987860337,-0.1922096168666565,0.3411954253472739,0.22148897061238812,3,1.1154943772107462,0.34865019528326213,-0.766844181927484
tm257388,wilson manafa_1994,1920,0.0040573595281009215,0.04249185270845088,0.9492784255023845,0.0041723622610636705,3,2021,0.001362769571135179,0.05351935814636217,0.9437771447311644,0.0013407275513381551,3,-0.0026945899569657426,0.01102750543791129,-0.005501280771220141,-0.0028316347097255153,0.012614704964569729,2,0.22882730432179219,0.22916130327331247,0.00033399895152028125
tm257455,joao palhinha_1995,1920,0.009732726264377699,0.977687604283512,0.00729095345640943,0.005288715995700871,2,2021,0.059053653848884495,0.6387820126146061,0.14652572709307538,0.155638606443434,2,0.0493209275845068,-0.3389055916689059,0.13923477363666595,0.15034989044773311,0.369697005873595,2,0.13075019637374893,1.0243104641398184,0.8935602677660694
tm257456,francisco geraldes_1995,1920,0.7668487266559143,0.08374565263137067,0.07221678203202195,0.07718883868069294,1,2021,0.8725182289898474,0.06261487518366761,0.03675077850198995,0.02811611732449491,1,0.10566950233393313,-0.02113077744770306,-0.035466003530032,-0.04907272135619803,0.1134477451756433,1,0.7987697703315235,0.5143011056617139,-0.2844686646698096
tm258015,diogo goncalves_1997,1920,0.9741728330807636,0.009644196624531332,0.002244144357842638,0.013938825936862468,1,2021,0.055611751080310426,0.7362982537063527,0.1199721381693048,0.08811785704403209,2,-0.9185610820004532,0.7266540570818214,0.11772799381146216,0.07417903110716963,1.1771323037646133,1,0.14350298206672818,0.8545237762725674,0.7110207942058392
tm261927,ricardo horta_1994,1920,0.5886619178093356,0.02545649258211331,0.012399193572681624,0.37348239603586936,1,2021,0.9162196458301303,0.009035048765863196,0.007436564239081022,0.0673087411649253,1,0.32755772802079464,-0.016421443816250113,-0.004962629333600602,-0.30617365487094406,0.3280066412331583,1,0.8276501466972344,0.3407726728514293,-0.48687747384580504
tm262002,welinton junior_1993,1920,0.6195597932589852,0.010600523868730907,0.00629752793016445,0.3635421549421194,1,2021,0.395716940348916,0.19493460567602183,0.022053341836628416,0.38729511213843365,1,-0.22384285291006922,0.18433408180729094,0.015755813906463967,0.02375295719631426,0.2904013123016338,1,0.7445779366023619,1.1370813938928983,0.3925034572905364
tm264848,ruben lameiras_1994,1920,0.9130005885969277,0.034110017897505555,0.010143095244484611,0.04274629826108234,1,2021,0.9450015511119187,0.028237571615101945,0.007512002323579647,0.019248874949399607,1,0.03200096251499107,-0.005872446282403611,-0.002631092920904964,-0.02349742331168273,0.032641536072679174,1,0.3796525185368048,0.26696580065576414,-0.11268671788104068
tm265589,fahd moufi_1996,1920,0.0037013363294237226,0.007700003801414035,0.9862327684553018,0.002365891413860306,3,2021,0.00538862071419063,0.9250677749362024,0.06224106101005584,0.007302543339551278,2,0.001687284384766907,0.9173677711347884,-0.923991707445246,0.004936651925690972,1.3020472917190777,3,0.08617396830111156,0.3089515740273234,0.2227776057262118
tm269467,cesar_1992,1920,0.0027462995769959204,0.051320691973062285,0.9385948737170821,0.007338134732859717,3,2021,3.301712089120992e-05,0.0003358116698582502,0.9995079514225658,0.000123219786684644,3,-0.0027132824561047104,-0.050984880303204035,0.06091307770548371,-0.007214914946175073,0.07948095971220367,3,0.26414590202140387,0.004627926232342299,-0.25951797578906155
tm27178,ruben fernandes_1986,1920,0.011579335222653978,0.10368396271886857,0.8262586800641464,0.05847802199433101,3,2021,0.0007986192680646822,0.00902720422507027,0.9878079229674699,0.0023662535393950616,3,-0.010780715954589296,-0.0946567584937983,0.1615492429033235,-0.05611176845493595,0.18754808356174643,3,0.6103315046298696,0.07461680731766948,-0.5357146973122001
tm280178,claude goncalves_1994,1920,0.0003686111459822867,0.9975285435230224,0.0018229134062631976,0.0002799319247321508,2,2021,0.07683399016717282,0.8272615119243142,0.08222864333111385,0.013675854577399138,2,0.07646537902119054,-0.17026703159870826,0.08040572992485065,0.013395922652666988,0.20323114338860043,2,0.019170364124794715,0.6181678768798234,0.5989975127550288
tm282820,easah suliman_1998,1920,0.0004896750176284799,0.013677807478404594,0.9818400343831368,0.0039924831208301165,3,2021,5.4034646750682304e-05,0.0013254884822193939,0.9983195550374884,0.00030092183354167465,3,-0.0004356403708777976,-0.0123523189961852,0.016479520654351543,-0.003691561287288442,0.020599615727325,3,0.1024829901976502,0.013432695808200123,-0.08905029438945007
tm283130,moussa marega_1991,1920,0.27534221626597033,0.022582822848915576,0.011136643368227086,0.690938317516887,4,2021,0.4838796583992811,0.016022095302119656,0.021250952897595096,0.47884729340100407,1,0.20853744213331077,-0.00656072754679592,0.01011430952936801,-0.21209102411588288,0.20888563180530892,1,0.746252064961956,0.8519447876330986,0.1056927226711426
tm288248,denis will poha_1997,1920,0.06495412359900389,0.8501700759037066,0.062037413686283335,0.022838386811006195,2,2021,0.011103104571060377,0.9540190813259478,0.029612349235213012,0.005265464867778773,2,-0.053851019027943516,0.10384900542224118,-0.03242506445107032,-0.01757292194322742,0.12139165120465524,2,0.5743665265138341,0.22672533747267712,-0.34764118904115704
tm290336,rochinha_1995,1920,0.7424010305506205,0.0549831124193616,0.03525572001851204,0.16736013701150584,1,2021,0.7864412392716211,0.04498643992196831,0.022275820416927425,0.14629650038948316,1,0.04404020872100067,-0.009996672497393291,-0.012979899601584619,-0.02106363662202268,0.04698884164220969,1,0.7977360061640373,0.6943954603323089,-0.10334054583172836
tm290388,rafael ramos_1995,1920,0.01278118135835103,0.11815312919986515,0.8169077690594535,0.05215792038233029,3,2021,0.003745658645748322,0.9125417743020054,0.07918422796096782,0.004528339091278451,2,-0.009035522712602708,0.7943886451021402,-0.7377235410984857,-0.04762958129105184,1.0841452777320912,2,0.627321354782038,0.32969542886811987,-0.2976259259139181
tm290391,nuno santos_1995,1920,0.6408114981365065,0.11730343484805725,0.0389249948821257,0.20296007213331052,1,2021,0.5234036580682857,0.047940267144223114,0.026553565522924198,0.4021025092645669,1,-0.1174078400682208,-0.06936316770383413,-0.012371429359201505,0.1991424371312564,0.13692663074721748,1,0.9865790462539825,0.9471724630823664,-0.03940658317161616
tm290530,bilel aouacheria_1994,1920,0.8729762192841583,0.04151644705173821,0.017142457034429084,0.06836487662967447,1,2021,0.9018439065840193,0.056471532937981336,0.016801215745523252,0.02488334473247636,1,0.028867687299861,0.014955085886243127,-0.00034124128890583236,-0.04348153189719811,0.032513295888370326,1,0.5038030885922002,0.41603609884474446,-0.08776698974745578
tm291399,nanu_1994,1920,0.5307237998525152,0.28416720384895283,0.15875124960069126,0.026357746697840585,1,2021,0.017369445248113447,0.7734870669761142,0.2061955134078051,0.0029479743679672794,2,-0.5133543546044017,0.4893198631271614,0.047444263807113835,-0.023409772329873305,0.7107865924525341,1,1.081762796817369,0.6118115706498012,-0.4699512261675679
tm292398,fabio abreu_1993,1920,0.4272330579270449,0.033252866575550516,0.019391420238334033,0.5201226552590705,4,2021,0.47284166298252545,0.02209160082588752,0.05595420012281675,0.4491125360687703,1,0.04560860505548053,-0.011161265749662995,0.03656277988448272,-0.07101011919030026,0.05951097025862155,1,0.8929680749291786,0.9592161762179391,0.06624810128876046
tm293607,bozhidar kraev_1997,1920,0.9599616669421288,0.010272071382108387,0.002397256926852774,0.027369004748910023,1,2021,0.7846522520990388,0.03780356637531971,0.025102156358207166,0.1524420251674343,1,-0.17530941484309004,0.027531494993211322,0.02270489943135439,0.12507302041852428,0.17890468581726912,1,0.19920155916461083,0.6933451270022439,0.49414356783763314
tm298410,joao pedro sousa silva_1996,1920,0.09446794719829085,0.019003203420564503,0.010017622671685539,0.8765112267094591,4,2021,0.07117107637940082,0.00980517630312832,0.017457272098721867,0.901566475218749,4,-0.023296870818890036,-0.009198027117436183,0.007439649427036328,0.025055248509289862,0.026128457214354306,1,0.4598535743362536,0.397517690823845,-0.062335883512408596
tm299400,pedro sa_1993,1920,0.002900287686905886,0.9705561753177269,0.023582534092231922,0.002961002903135259,2,2021,0.007607174701130786,0.7761229480311216,0.18016861202956844,0.03610126523817915,2,0.0047068870142249,-0.19443322728660528,0.1565860779373365,0.03314026233504389,0.24969107805896273,2,0.15156151685958139,0.6625087001295149,0.5109471832699335
tm302371,toni martinez_1997,1920,0.3211185663788986,0.03578098442102312,0.017498192737678088,0.6256022564624001,4,2021,0.033729633565850695,0.005095184644744292,0.00765436679952933,0.9535208149898757,4,-0.2873889328130479,-0.03068579977627883,-0.009843825938148757,0.32791855852747565,0.2891901068854759,1,0.8481602633451159,0.2238999488399447,-0.6242603145051712
tm307058,mehdi taremi_1992,1920,0.22695486865434406,0.021469765565947922,0.011348725851251035,0.7402266399284569,4,2021,0.13330898840319194,0.006559074691115894,0.009748860070175376,0.8503830768355167,4,-0.09364588025115211,-0.014910690874832027,-0.0015998657810756597,0.11015643690705978,0.09483901708102725,1,0.6925290277961518,0.48456417985339495,-0.20796484794275683
tm308560,jhon murillo_1995,1920,0.018392468743167956,0.9687269918726684,0.01092802286741877,0.0019525165167448067,2,2021,0.6141311839570032,0.047777201831765544,0.0636177023840784,0.27447391182715286,1,0.5957387152138353,-0.9209497900409028,0.052689679516659635,0.27252139531040803,1.0981026067306199,2,0.1658083477322984,0.9748431399562453,0.8090347922239469
tm310822,koki anzai_1995,1920,0.4111231565804185,0.34413439083272823,0.21351860811194565,0.031223844474907683,1,2021,0.004628368123453098,0.8764857801036403,0.11748623889621315,0.0013996128766933992,2,-0.4064947884569654,0.5323513892709121,-0.0960323692157325,-0.029824231598214283,0.6766522228135587,2,1.1704471745638139,0.4012180284905437,-0.7692291460732701
tm312123,lucas possignolo_1994,1920,0.00013386329994167516,0.0024927730209027246,0.9969239052761486,0.0004494584030068999,3,2021,6.806784653852775e-05,0.0008055648351491391,0.9989364871693439,0.00018988014896846245,3,-6.579545340314741e-05,-0.0016872081857535856,0.0020125818931953088,-0.0002595782540384374,0.002627068019785564,3,0.02267200777440955,0.00908198096871722,-0.013590026805692332
tm31316,silvestre varela_1985,1920,1.0,1.27295824939554e-40,2.008586018348155e-41,3.8441714915381594e-41,1,2021,0.8256280188289881,0.12392476175443992,0.01436593392540976,0.036081285491162234,1,-0.17437198117101194,0.12392476175443992,0.01436593392540976,0.036081285491162234,0.21440455790618743,1,8.289306334778563e-11,0.5977787655463775,0.5977787654634845
tm314367,marcus edwards_1998,1920,0.8997957645637937,0.006863350579355624,0.0032347648798781614,0.09010611997697252,1,2021,0.9368387146993487,0.01460274332752363,0.006650626612758793,0.04190791536036876,1,0.03704295013555492,0.007739392748168005,0.0034158617328806317,-0.048198204616603756,0.037996663882948485,1,0.36460929265280567,0.28912595204285735,-0.07548334060994832
tm314944,ricardo mangas_1998,1920,0.06282236415501483,0.7024211452090368,0.22912621870760752,0.005630271928341093,2,2021,0.13079711676318095,0.5215097195537479,0.2875063750418095,0.060186788641261604,2,0.06797475260816613,-0.18091142565528884,0.05838015633420196,0.054556516712920514,0.201885496206083,2,0.7887440391595132,1.1330952649747192,0.34435122581520605
tm319623,pedro amaral_1997,1920,0.22533910537241797,0.4925487242860256,0.2421918850011359,0.03992028534042067,2,2021,0.001089694673715136,0.9947018985631821,0.004002159451860325,0.00020624731124238102,2,-0.22424941069870283,0.5021531742771566,-0.23818972554927556,-0.03971403802917829,0.5993162387192417,2,1.1566052636452584,0.036563694964898016,-1.1200415686803604
tm329722,andre horta_1996,1920,0.257678076757477,0.5278680870028477,0.13876881797372764,0.07568501826594769,2,2021,0.9233207528053928,0.057764757807477966,0.0054276912419662015,0.0134867981451631,1,0.6656426760479158,-0.47010332919536973,-0.13334112673176143,-0.06219822012078459,0.8257464310397572,1,1.1560996599389117,0.32475719318827967,-0.8313424667506321
tm332615,nelson monte_1995,1920,0.00012715350261318175,0.0012441298746690204,0.9984237367030392,0.00020497991967864497,3,2021,0.00020692011834532866,0.014210272124698749,0.9843997005335614,0.0011831072233946915,3,7.97666157321469e-05,0.01296614225002973,-0.014024036169477783,0.0009781273037160465,0.019099759109575502,3,0.012778795585023671,0.08565451582763589,0.07287572024261221
tm333166,ronan_1995,1920,0.4049709128827128,0.061376098051081046,0.028630170008332293,0.5050228190578738,4,2021,0.7270899798593625,0.05795612002420349,0.04431957439589358,0.1706343257205405,1,0.3221190669766497,-0.003419978026877553,0.01568940438756129,-0.33438849333733334,0.32251906450572515,1,0.9840924309104082,0.8366257974315092,-0.147466633478899
tm334557,chiquinho_1995,1920,0.5996279889625667,0.0935059335376121,0.04668129334848786,0.2601847841513333,1,2021,0.40259757715492495,0.12265546581050674,0.10224522759892399,0.37250172943564425,1,-0.1970304118076418,0.029149532272894643,0.055563934250436126,0.11231694528431097,0.20678014701175795,1,1.0216150100892913,1.224676328239883,0.20306131815059159
tm335062,nikola jambor_1995,1920,0.0007575473500252283,0.9921310627868928,0.0060225106541768976,0.0010888792089049925,2,2021,0.013052355598287695,0.9604150614190479,0.023351638096345093,0.0031809448863190973,2,0.012294808248262467,-0.031716001367844915,0.017329127442168194,0.0020920656774141046,0.03817545953271015,2,0.05149877555605747,0.20144872463450514,0.14994994907844766
tm335380,pedro nuno_1995,1920,0.8043150357608939,0.02416563819587279,0.009887470533426061,0.16163185550980716,1,2021,0.10921624440499005,0.016853575546559585,0.011170454625306631,0.8627597254231437,4,-0.6950987913559039,-0.007312062649313205,0.00128298409188057,0.7011278699133365,0.695138433733027,1,0.6053242403895933,0.488232809862144,-0.1170914305274493
tm336158,gustavo sauer_1993,1920,0.3842677415915383,0.38995022853785005,0.06780284407303738,0.15797918579757422,2,2021,0.7929596362287427,0.1886100316696962,0.005499545303819109,0.012930786797742101,1,0.40869189463720434,-0.20134019686815385,-0.06230329876921827,-0.14504839899983213,0.45983544954100825,1,1.2087353715748441,0.5834081142437655,-0.6253272573310786
tm337798,abdu conte_1998,1920,0.012874946195122432,0.07250857582312217,0.8997409308549181,0.014875547126837353,3,2021,0.01978131902856562,0.9474493091188518,0.027635681299426458,0.005133690553155892,2,0.006906372833443189,0.8749407332957296,-0.8721052495554916,-0.00974185657368146,1.235368993891311,2,0.4039570492790671,0.254986695480805,-0.14897035379826212
tm34077,tarantini_1983,1920,0.0041713584589772226,0.9911362837150981,0.004128410863955459,0.000563946961969151,2,2021,0.06991724107131984,0.7417333221000797,0.15722069660485302,0.031128740223747453,2,0.06574588261234263,-0.2494029616150184,0.15309228574089756,0.030564793261778304,0.2999360036677673,2,0.0585643746297583,0.8064949396883909,0.7479305650586326
tm341110,franco cervi_1994,1920,0.7567418047680342,0.18486262046005275,0.03645712359095063,0.021938451180962427,1,2021,0.05963107454471811,0.8401560823643546,0.06011011262171623,0.04010273046921105,2,-0.6971107302233162,0.6552934619043018,0.023652989030765598,0.01816427928824862,0.9570435493210846,1,0.7275297604855815,0.6124495236873806,-0.1150802367982009
tm344392,fernando ferreira fonseca_1997,1920,0.0072824628935617,0.040434130220364364,0.9356288875525328,0.016654519333541028,3,2021,0.0010256358907822785,0.22984767025435415,0.7665934735102559,0.002533220344607578,3,-0.006256827002779422,0.1894135400339898,-0.16903541404227695,-0.01412129898893345,0.25394804238819124,2,0.2960171652856682,0.5639165192557329,0.26789935397006476
tm344519,bruno costa_1997,1920,0.7296029656980987,0.1996470020698181,0.0384614523518734,0.03228857988020989,1,2021,0.540033740390137,0.4338649848591921,0.009129982457960099,0.01697129229271064,1,-0.18956922530796172,0.234217982789374,-0.0293314698939133,-0.01531728758749925,0.3027455858834639,2,0.787842210778457,0.8070693946902965,0.01922718391183953
tm347905,joao paulo lazaro lucas_1996,1920,0.03885125955541779,0.3753623343954086,0.5216998940437686,0.06408651200540505,3,2021,0.0036387311203697863,0.40200976732728805,0.5817215923265855,0.012629909225756597,3,-0.035212528435048004,0.026647432931879433,0.06002169828281689,-0.051456602779648454,0.07451585137003791,3,1.0095230737436651,0.7571479992864404,-0.25237507445722474
tm350311,helder ferreira_1997,1920,0.9211973376863486,0.05217953801315948,0.009062998051276791,0.01756012624921513,1,2021,0.9131678592714568,0.03262519859657719,0.022758834015206238,0.03144810811675989,1,-0.008029478414891766,-0.019554339416582286,0.013695835963929447,0.013887981867544759,0.025187708041522552,2,0.34331088853282454,0.3894976767961127,0.04618678826328815
tm351738,lincoln_1998,1920,0.7065430497792453,0.0672691155572489,0.033880657556913114,0.1923071771065926,1,2021,0.8431804007388097,0.10082105302568681,0.013919314354254416,0.04207923188124907,1,0.13663735095956442,0.033551937468437903,-0.0199613432026587,-0.15022794522534352,0.1421054306055454,1,0.8587280591674855,0.567962848527027,-0.29076521064045846
tm352811,aylton boa morte_1993,1920,0.9879289297846464,0.009359358059515516,0.0010427131757267177,0.0016689989801112594,1,2021,0.9453453299506758,0.013043577746165835,0.012224135528289545,0.02938695677486886,1,-0.04258359983397064,0.003684219686650319,0.011181422352562826,0.027717957794757598,0.0441809988043009,1,0.07355235452918824,0.26722828754932376,0.19367593302013553
tm352898,joao amaral_1991,1920,0.7734847884274885,0.038284145442339726,0.018393856583167244,0.1698372095470047,1,2021,0.9130556027887675,0.029650420543396405,0.007935679103928985,0.049358297563907035,1,0.13957081436127905,-0.008633724898943321,-0.01045817747923826,-0.12047891198309768,0.1402281245089176,1,0.6981833920219118,0.3742504401537698,-0.323932951868142
tm352918,henrique gomes_1995,1920,0.054933076776312754,0.15486108058429723,0.6742518502150611,0.11595399242432895,3,2021,0.0010000687588012007,0.061437269608098505,0.9362344095033018,0.0013282521297982828,3,-0.05393300801751155,-0.09342381097619873,0.26198255928824077,-0.11462574029453067,0.2833225003107767,3,0.963834500653257,0.2487882038363762,-0.7150462968168808
tm356099,cristian borja_1993,1920,0.04120190889533919,0.11984416249928923,0.8194220543030137,0.019531874302357734,3,2021,0.042335952884489755,0.3845670879669573,0.5578371091533034,0.015259849995249507,3,0.0011340439891505683,0.26472292546766807,-0.2615849451497103,-0.004272024307108227,0.37216420684008134,2,0.6257255478862418,0.8908056152620515,0.2650800673758097
tm357156,diogo leite_1999,1920,0.00021018758032113042,0.00433040966041762,0.9946553002985437,0.0008041024607176691,3,2021,0.00252236273214595,0.012137301712387744,0.9816614875422962,0.003678848013170023,3,0.0023121751518248197,0.007806892051970124,-0.012993812756247447,0.002874745552452354,0.015334043412885242,3,0.03640650976234251,0.10742338857995917,0.07101687881761666
tm357163,filipe soares_1999,1920,0.03390922101315578,0.9457979046074453,0.013253864240956648,0.0070390101384424815,2,2021,0.9911774807582877,0.007096939456775446,0.0011198336811902255,0.0006057461037467024,1,0.957268259745132,-0.9387009651506698,-0.012134030559766421,-0.006433264034695779,1.3407718887968594,1,0.25964699093653515,0.055996589723646566,-0.20365040121288858
tm358177,andre pereira_1995,1920,0.9352131912187114,0.03592499374725097,0.004031402388924666,0.024830412645113143,1,2021,0.2793804591157617,0.06069022898011185,0.03821891766639202,0.6217103942377344,4,-0.6558327321029497,0.02476523523286088,0.034187515277467356,0.5968799815926213,0.6571899843839719,1,0.2961325068642704,0.9465627987852718,0.6504302919210014
tm362667,mateo cassierra_1997,1920,0.46095599219296185,0.07337333184604203,0.04892249616578247,0.4167481797952138,1,2021,0.09443191643630014,0.009568631869886865,0.027518255502153376,0.8684811961916596,4,-0.3665240757566617,-0.06380469997615516,-0.02140424066362909,0.45173301639644586,0.3726514180393103,1,1.06104703662709,0.48866919452371427,-0.5723778421033758
tm364857,falaye sacko_1995,1920,0.0313485744289583,0.0883200145596857,0.8119821140788571,0.06834929693249883,3,2021,0.008482012987964827,0.5603758369464648,0.416328200968237,0.014813949097333336,2,-0.02286656144099347,0.47205582238677907,-0.3956539131106201,-0.053535347835165496,0.6163615806011429,2,0.6753879589524974,0.7922176426198987,0.11682968366740132
tm366278,rodrigo pinho_1991,1920,0.18888685971029373,0.038524550218389006,0.013364313519922365,0.7592242765513949,4,2021,0.12602564007123557,0.013684933149593698,0.017135797994983944,0.8431536287841869,4,-0.06286121963905816,-0.024839617068795308,0.003771484475061579,0.08392935223279196,0.06769611219102563,1,0.7070575076750906,0.5332927940751968,-0.17376471359989376
tm367468,nuno santos_1999,1920,0.5409544993732033,0.3933133206249198,0.031449379894573914,0.034282800107303085,1,2021,0.11241690742230913,0.714653726627879,0.14923878405890093,0.023690581890910944,2,-0.42853759195089414,0.32134040600295916,0.11778940416432701,-0.01059221821639214,0.5484327378800474,1,0.9238280861487573,0.8583341566085854,-0.06549392954017197
tm371245,guilherme schettine_1995,1920,0.4333101214721014,0.038527909533115176,0.01868463118720344,0.50947733780758,4,2021,0.3607865951727918,0.03431521964071733,0.026624329159326228,0.5782738560271646,4,-0.07252352629930958,-0.004212689892397849,0.007939697972122788,0.06879651821958466,0.07307836497147902,1,0.9057811895025116,0.8967902553839507,-0.00899093411856089
tm373187,maracas_1994,1920,0.003721164148009232,0.06786571858085612,0.9218944819608833,0.006518635310251543,3,2021,0.00013951460058301776,0.010507355973173357,0.9885026279638107,0.0008505014624328968,3,-0.0035816495474262143,-0.05735836260768276,0.06660814600292742,-0.0056681338478186466,0.08797417284898047,3,0.31117064130045796,0.06655046644092993,-0.24462017485952803
tm373300,cryzan_1996,1920,0.14239693415110566,0.04333409230938399,0.020276533457258925,0.7939924400822514,4,2021,0.5147285888865093,0.02016337809517956,0.008292210210293789,0.4568158228080172,1,0.37233165473540364,-0.023170714214204427,-0.011984323246965136,-0.33717661727423426,0.3732443798892194,1,0.6757718992402867,0.8181984828847413,0.1424265836444546
tm373374,braian mansilla_1997,1920,0.766784623233803,0.12252419381561647,0.05145491062721625,0.05923627232336424,1,2021,0.24682337899818513,0.3079867333400675,0.02761646933396286,0.41757341832778466,4,-0.5199612442356178,0.18546253952445102,-0.023838441293253392,0.3583371460044204,0.5525615986993688,1,0.780936229021,1.1718314629702538,0.39089523394925374
tm375382,andre almeida_2000,1920,0.18754527913426738,0.39627893683120147,0.06164754880588854,0.3545282352286426,2,2021,0.8235743323525793,0.12605237563310143,0.03598284323527679,0.01439044877904265,1,0.6360290532183119,-0.27022656119810007,-0.02566470557061175,-0.3401377864495999,0.6915302076025016,1,1.220115603739061,0.6015840047184958,-0.6185315990205652
tm375770,gabriel airton de souza_1996,1920,0.6271675657983862,0.30875152789491084,0.03135769564453644,0.03272321066216653,1,2021,0.14703507214825606,0.8066514797826111,0.029856631963123742,0.016456816106008833,2,-0.4801324936501301,0.49789995188770025,-0.001501063681412701,-0.0162663945561577,0.6916891113358964,2,0.8759224152250848,0.6276240580020035,-0.24829835722308136
tm375820,henrique_1995,1920,0.049748557665703914,0.2818139391585657,0.5891657904347529,0.07927171274097757,3,2021,0.024785795952714577,0.21959637459595643,0.07198224258297,0.683635586868359,4,-0.024962761712989338,-0.06221756456260924,-0.5171835478517829,0.6043638741273815,0.5215102942234212,3,1.0188444169112936,0.8739620743335824,-0.14488234257771115
tm376175,thiago santana_1993,1920,0.4757977163991445,0.043380246427699554,0.025334348939146673,0.4554876882340092,1,2021,0.0990785657495627,0.008567107434973445,0.012368343359576567,0.8799859834558873,4,-0.3767191506495818,-0.03481313899272611,-0.012966005579570106,0.4244982952218781,0.37854641777906,1,0.9408293029535609,0.43666690015992826,-0.5041624027936327
tm377641,al musrati_1996,1920,0.009005225871288517,0.9177983607118707,0.056622336011870236,0.016574077404970602,2,2021,0.0980970364021256,0.1495734911665291,0.6639096408933577,0.08841983153798764,3,0.08909181053083708,-0.7682248695453416,0.6072873048814874,0.07184575413301704,0.9833131096257389,2,0.3516756308456703,0.9983661472713479,0.6466905164256775
tm379249,matheus reis_1995,1920,0.023290642244967207,0.1902149682129729,0.7650293545385713,0.02146503500348856,3,2021,0.00012063278434035676,0.007383701051253367,0.9923049313703997,0.00019073479400663404,3,-0.02317000946062685,-0.18283126716171955,0.2272755768318283,-0.021274300209481928,0.29260606523892474,3,0.6906073215712674,0.04663014916088683,-0.6439771724103805
tm380409,joao jaquite_1996,1920,0.0036478601133867784,0.9749905549190037,0.017126748319431055,0.0042348366481785565,2,2021,0.06019180844850805,0.5159894829197156,0.35358014550255307,0.07023856312922344,2,0.056543948335121275,-0.4590010719992881,0.336453397183122,0.06600372648104488,0.5719091629497504,2,0.13796906984171303,1.0647078558794354,0.9267387860377223
tm387378,luther singh_1997,1920,0.9654086633813669,0.007702092796497737,0.0019419749478479119,0.024947268874287193,1,2021,0.994516150454818,0.0015590777264825016,0.00041538975327976685,0.0035093820654196143,1,0.02910748707345112,-0.006143015070015236,-0.001526585194568145,-0.02143788680886758,0.029787797841361704,1,0.1756723781149372,0.03861661574234197,-0.1370557623725952
tm396342,toni borevkovic_1997,1920,2.483791186526752e-05,0.0007352971333985431,0.999149744620881,9.012033385522694e-05,3,2021,8.164442939980303e-06,0.00036631783453292254,0.9995972822505648,2.8235471962484912e-05,3,-1.6673468925287216e-05,-0.00036897929886562053,0.00044753762968374744,-6.188486189274202e-05,0.000580270331432096,3,0.007258009567846334,0.003692363703999934,-0.0035656458638464003
tm396429,diogo calila_1998,1920,0.08616036646154858,0.5264460485793884,0.37973620328516833,0.007657381673894783,2,2021,0.006883984139391217,0.9875393296041947,0.003728003621286129,0.0018486826351279044,2,-0.07927638232215736,0.4610932810248063,-0.3760081996638822,-0.005808699038766879,0.6002282272725799,2,0.9539949872293703,0.07913586303257533,-0.8748591241967949
tm400831,rafael camacho_2000,1920,0.8846961592506302,0.030973157874732506,0.019577136642168876,0.06475354623246854,1,2021,0.6691058832745747,0.025235183337259347,0.03751387929200909,0.2681450540961569,1,-0.2155902759760555,-0.00573797453747316,0.017936742649840215,0.20339150786368837,0.21641122471838437,1,0.4702512504398326,0.8378082198770509,0.3675569694372183
tm407907,gelson_1996,1920,0.04665584082052569,0.007071638395668122,0.003887894753978217,0.9423846260298279,4,2021,0.9617749366904152,0.004858948566817787,0.0067491285720650785,0.02661698617070194,1,0.9151190958698896,-0.002212689828850335,0.0028612338180868616,-0.9157676398591259,0.9151262439035199,1,0.25551468328758903,0.19362140785682042,-0.06189327543076861
tm411502,danny henriques_1997,1920,0.03646915719216299,0.22888504457738837,0.6386389706224417,0.096006827608007,3,2021,0.003359597991441761,0.1992309731900202,0.7955030509460929,0.0019063778724450666,3,-0.03310955920072123,-0.02965407138736817,0.15686408032365118,-0.09410044973556193,0.16303970852555547,3,0.9696111645085354,0.5344879255533063,-0.4351232389552291
tm411838,bruno viana_1995,1920,0.0005531820287493193,0.008855700973122441,0.9878287924320084,0.002762324566119837,3,2021,0.0006244178759523299,0.004738593186103561,0.9935688036570236,0.0010681852809205864,3,7.123584720301066e-05,-0.004117107787018881,0.005740011225015218,-0.0016941392851992504,0.007064232438075558,3,0.07437853085948633,0.04368718357650145,-0.03069134728298488
tm415645,alexandre pinto_1998,1920,0.007089874646422845,0.03485510189852345,0.9333238731603248,0.024731150294729,3,2021,0.0017015576950125545,0.7165426850294561,0.2761759128664451,0.005579844409086021,2,-0.005388316951410291,0.6816875831309326,-0.6571479602938797,-0.019151305885642976,0.9468740342162032,2,0.3079812890074955,0.6339975390190823,0.3260162500115868
tm426620,pedro goncalves_1998,1920,0.8323181853595973,0.12822020285732183,0.014550859033487578,0.02491075274959327,1,2021,0.11067169048572184,0.020629383588281654,0.017547617259045672,0.8511513086669509,4,-0.7216464948738754,-0.10759081926904018,0.0029967582255580934,0.8262405559173576,0.729628966334668,1,0.5696626799095599,0.5317908173935002,-0.03787186251605967
tm430761,lucas fernandes_1997,1920,0.9909331577938847,0.0069694228800984285,0.0011563152140999192,0.0009411041119170552,1,2021,0.2140484043003016,0.7416914905079413,0.011165886577634735,0.033094218614122234,2,-0.7768847534935831,0.7347220676278429,0.010009571363534815,0.03215311450220518,1.069329990409415,1,0.05801496528995053,0.7145883231475312,0.6565733578575806
tm432960,lourency_1996,1920,0.9937615028293352,0.00147485401184294,0.00047448188179698787,0.004289161277024719,1,2021,0.9503837345327109,0.02863581386321907,0.0072850698231319766,0.013695381780938237,1,-0.04337776829662432,0.027160959851376128,0.006810587941334989,0.009406220503913518,0.05163073339156001,1,0.04284827243444239,0.24472964721209087,0.20188137477764848
tm433358,tomas ribeiro_1999,1920,2.008586018348155e-41,5.361241665100792e-40,1.0,3.8441714915381594e-41,3,2021,3.049580085016456e-05,0.0015981716522018494,0.9982926090907824,7.872345616561235e-05,3,3.049580085016456e-05,0.0015981716522018494,-0.0017073909092175654,7.872345616561235e-05,0.0023388600515314864,3,8.289306334778563e-11,0.013057387688122564,0.0130573876052295
tm435497,fabio china_1992,1920,0.0030834676205872334,0.24105076582687804,0.7519103047839173,0.003955461768617512,3,2021,0.030132043188490647,0.8543253938302576,0.10093492218839407,0.014607640792857571,2,0.027048575567903414,0.6132746280033796,-0.6509753825955232,0.010652179024240059,0.8947660831403502,3,0.5970647100520786,0.5332420223003738,-0.06382268775170485
tm437566,claudio falcao_1994,1920,0.002598656766873066,0.2632342750655212,0.7253099630205962,0.008857105147009514,3,2021,0.018808055283363507,0.8227761689839118,0.1161167046679954,0.04229907106472937,2,0.01620939851649044,0.5595418939183906,-0.6091932583526009,0.033441965917719856,0.8273247860860357,3,0.6416120255952937,0.6190424171591326,-0.02256960843616118
tm438202,bruno tabata_1997,1920,0.7416988159732716,0.03428475552726961,0.01847062169712049,0.20554580680233836,1,2021,0.22959776966359044,0.18706228666120797,0.012614866374678903,0.5707250773005227,4,-0.5121010463096811,0.15277753113393835,-0.005855755322441586,0.3651792704981843,0.5344368489552792,1,0.7361909427640423,1.0266643774233923,0.29047343465935005
tm445517,heriberto tavares_1997,1920,0.9785735922212525,0.006847925512825877,0.0018325745725053543,0.012745907693416316,1,2021,0.9969041308363238,0.0006901682965057882,0.00033240536069989955,0.0020732955064705636,1,0.01833053861507128,-0.006157757216320088,-0.0015001692118054547,-0.010672612186945752,0.019395286219022662,1,0.12247750381706773,0.02358689654525276,-0.09889060727181498
tm448466,jovane cabral_1998,1920,0.6866004881683584,0.013673401562447228,0.005458391470260848,0.2942677187989336,1,2021,0.550207134818365,0.013222446751572083,0.0059519916886979435,0.43061842674136497,1,-0.13639335334999336,-0.00045095481087514475,0.0004936002184370951,0.13635070794243137,0.13639499198824434,1,0.7052630039341243,0.7792335632595402,0.07397055932541585
tm45287,adel taarabt_1989,1920,0.21711959770818426,0.7594917154304938,0.01855021539338677,0.004838471467935162,2,2021,0.24334599690437733,0.6866489194066199,0.04456915455687139,0.025435929132131444,2,0.026226399196193073,-0.07284279602387389,0.02601893916348462,0.02059745766419628,0.08167546842575736,2,0.6403083302595106,0.8340794729599234,0.19377114270041274
tm454121,galeno_1997,1920,0.670184948131423,0.02788821578693935,0.008222327143193478,0.2937045089384442,1,2021,0.8974111085324311,0.06495804313277728,0.010229764592364906,0.027401083742426672,1,0.22722616040100807,0.03706982734583793,0.0020074374491714283,-0.2663034251960175,0.2302388539650665,1,0.7673521525832973,0.4201768953478102,-0.34717525723548703
tm461512,oleg reabciuk_1998,1920,0.018084279116015768,0.057931494335314755,0.908058932016489,0.01592529453218031,3,2021,0.15922998147848497,0.5308454789533543,0.24325764070225725,0.06666689886590352,2,0.1411457023624692,0.4729139846180396,-0.6648012913142318,0.05074160433372321,0.8279676944638458,3,0.39109145588632854,1.1531605670311793,0.7620691111448508
tm461629,gustavo assuncao_2000,1920,0.0009569767488142577,0.9924904352584828,0.006107241206166844,0.0004453467865361727,2,2021,0.061068762839492856,0.34841251355772546,0.5519387323005667,0.03857999130221504,3,0.0601117860906786,-0.6440779217007573,0.5458314910943999,0.03813464451567886,0.8463934148607929,2,0.04870695749355919,0.9916942843228285,0.9429873268292692
tm478366,miguel reisinho_1999,1920,0.0028220307117895623,0.8942923288125875,0.08706941468099909,0.01581622579462396,2,2021,0.028547894273132052,0.5017999789669894,0.3203490590624695,0.149303067697409,2,0.02572586356134249,-0.3924923498455981,0.23327964438147042,0.13348684190278504,0.4573089297466664,2,0.39460500119704295,1.0961478461673848,0.7015428449703418
tm480692,luis diaz_1997,1920,0.8154728565342486,0.032563522760002545,0.008854034741781001,0.1431095859639678,1,2021,0.9284027747506148,0.011429874356247349,0.005437786111273694,0.05472956478186411,1,0.11292991821636622,-0.021133648403755194,-0.003416248630507307,-0.0883800211821037,0.11494115136849009,1,0.5979395052506937,0.30744296109159286,-0.29049654415910087
tm498237,david carmo_1999,1920,6.257263620642636e-05,0.001686663874686214,0.9980799278635372,0.00017083562557028374,3,2021,0.0010050005171073375,0.07141480658838377,0.9235044947145022,0.004075698180006622,3,0.000942427880900911,0.06972814271369755,-0.07457543314903492,0.003904862554436338,0.1020999377373887,3,0.014775199416968898,0.29133834480287246,0.27656314538590354
tm51058,lica_1988,1920,0.563006861246757,0.051057085776929204,0.020812221057814093,0.3651238319184996,1,2021,0.9426223960431431,0.017493271653753008,0.013428019265256925,0.026456313037846887,1,0.3796155347963861,-0.033563814123176196,-0.007384201792557167,-0.3386675188806527,0.38116795551745236,1,0.9237705368580713,0.2804523121113615,-0.6433182247467097
tm510782,rodrigao_1995,1920,0.08530739304190739,0.26561779925078705,0.5197142915092614,0.1293605161980442,3,2021,0.00021919367914955318,0.003225757510721359,0.9960489230030425,0.0005061258070865503,3,-0.08508819936275784,-0.2623920417400657,0.4763346314937811,-0.12885439039095764,0.5504400661285778,3,1.1668148174776545,0.02813577938248588,-1.1386790380951686
tm512913,stephen eustaquio_1996,1920,0.004167116812127711,0.943688300469772,0.04879933450458378,0.0033452482135165663,2,2021,0.021488021060487455,0.701610599790303,0.2615113887588869,0.015389990390322463,2,0.017320904248359744,-0.242077700679469,0.21271205425430312,0.012044742176805897,0.32271976220139514,2,0.24397808605280114,0.7461517818452416,0.5021736957924404
tm516127,walterson_1994,1920,0.34966893910347147,0.44165025328579455,0.09936700887998139,0.1093137987307527,2,2021,0.988554578736365,0.009240538616019823,0.0012234041823342054,0.0009814784652810253,1,0.6388856396328935,-0.43240971466977474,-0.09814360469764719,-0.10833232026547167,0.7776793613135015,1,1.1997556563886662,0.06966624200879572,-1.1300894143798705
tm517300,vitor tormena_1996,1920,0.0005106196419654496,0.020122019135646256,0.9774215158536969,0.0019458453686914952,3,2021,0.0005450029437873393,0.014247627202131755,0.9840484839842003,0.0011588858698805117,3,3.438330182188977e-05,-0.0058743919335145015,0.006626968130503452,-0.0007869594988109835,0.008855866383516231,3,0.11693358061372439,0.08832257720983933,-0.02861100340388506
tm518472,willyan_1995,1920,0.06268862068771813,0.5813663415347801,0.2257821536961,0.1301628840814018,2,2021,0.01323217285226993,0.8531197122848592,0.11739875535784404,0.01624935950502697,2,-0.049456447835448204,0.2717533707500791,-0.10838339833825596,-0.11391352457637484,0.2967200629918365,2,1.0903425333411252,0.5111848573796045,-0.5791576759615207
tm520530,fali cande_1998,1920,0.0011249476178417123,0.006364606784942702,0.9918130219037137,0.0006974236935021887,3,2021,0.029029173173644465,0.4664854579676125,0.4888625100718853,0.015622858786857742,3,0.027904225555802752,0.46012085118266977,-0.5029505118318284,0.014925435093355553,0.6822382727821943,3,0.05304658025708685,0.8732978168959786,0.8202512366388918
tm522714,anderson_1997,1920,0.022268696369106555,0.0038051380267826265,0.002323178332550908,0.9716029872715598,4,2021,0.17489870927530182,0.01566325171813007,0.016119640244931444,0.7933183987616366,4,0.15263001290619527,0.011858113691347443,0.013796461912380535,-0.17828458850992324,0.15371037070205126,1,0.1480024480736185,0.6202624937555371,0.4722600456819186
tm534473,paulinho_1997,1920,0.2579972389325523,0.510741860079906,0.06767113562909718,0.1635897653584445,2,2021,0.23140211186591633,0.5433619937554567,0.0961193298440162,0.12911656453461068,2,-0.026595127066635943,0.03262013367555072,0.02844819421491901,-0.034473200823833816,0.050800331286233374,2,1.1711058277683595,1.1595534836613526,-0.011552344107006896
tm535955,nuno tavares_2000,1920,0.19878999859363852,0.2312090345709118,0.18911565031433283,0.3808853165211169,4,2021,0.013126498274820262,0.9721251948998771,0.007843766261114604,0.006904540564188046,2,-0.18566350031881826,0.7409161603289653,-0.18127188405321823,-0.37398077595692886,0.7850396091506824,2,1.3423414011520076,0.15674229351196295,-1.1855991076400447
tm537598,fabio vieira_2000,1920,0.08228308069255834,0.015278726260420348,0.008172148745506121,0.8942660443015151,4,2021,0.4643643776550263,0.22111150214019049,0.01484076952172688,0.2996833506830563,1,0.38208129696246795,0.20583277587977014,0.00666862077622076,-0.5945826936184588,0.434048061414805,1,0.4086139180401622,1.1134963673441334,0.7048824493039711
tm544784,zaidu sanusi_1997,1920,0.4183394914117399,0.26412422795393237,0.25840679282892887,0.05912948780539876,1,2021,0.004050828738069412,0.7087506174569057,0.28439833458119884,0.002800219223825882,2,-0.41428866267367054,0.44462638950297334,0.025991541752269975,-0.05632926858157288,0.6082789512263663,2,1.2331059869112244,0.640360310429679,-0.5927456764815454
tm54716,steven vitoria_1987,1920,0.016033820341933167,0.12287594472589072,0.8464403615356073,0.014649873396568713,3,2021,0.0043098694679629896,0.014521604856278509,0.9715989288617846,0.009569596813973916,3,-0.011723950873970178,-0.10835433986961221,0.12515856732617725,-0.005080276582594797,0.16596017886172557,3,0.5268738230386073,0.1574168584455704,-0.3694569645930369
tm550549,tomas tavares_2001,1920,0.00427886082591717,0.030242810552811635,0.9618644541829998,0.0036138744382713107,3,2021,0.0007920210136406473,0.13928450572486473,0.8589838051105003,0.0009396681509942542,3,-0.003486839812276523,0.10904169517205309,-0.1028806490724995,-0.0026742062872770565,0.14995558439568102,2,0.18686126251553323,0.41733796676882073,0.2304767042532875
tm553062,vitor carvalho_1997,1920,0.06464360309863984,0.09196552787292214,0.04578519168667767,0.7976056773417602,4,2021,0.11205871304346518,0.5800685235198108,0.20443100102415482,0.10344176241256932,2,0.04741510994482534,0.48810299564688864,0.15864580933747716,-0.6941639149291909,0.5154233404017415,2,0.7180747524401213,1.1203995016657897,0.4023247492256684
tm55994,ukra_1988,1920,0.2922769281460229,0.5847235402184937,0.05768404933217792,0.06531548230330547,2,2021,0.8490913502190555,0.12692347506142643,0.011879468079454353,0.012105706640063727,1,0.5568144220730326,-0.4578000651570673,-0.04580458125272356,-0.05320977566324175,0.7223027481257963,1,1.0160629437084172,0.5069898799418152,-0.509073063766602
tm56036,luis neto_1988,1920,1.386234261565299e-06,4.5281759983995036e-05,0.9999487353086517,4.596697102695617e-06,3,2021,0.00019477539627850323,0.00575425257647305,0.9931958030913796,0.0008551689358690116,3,0.00019338916201693793,0.005708970816489055,-0.006752932217272134,0.000850572238766316,0.008844876521613022,3,0.0005793919960355607,0.0441655620609334,0.043586170064897845
tm560903,patrick_1997,1920,0.00048631048396385597,0.014445326025755824,0.9840582153720876,0.0010101481181927858,3,2021,0.001128621801833784,0.1630756937185763,0.8333672498582373,0.0024284346213525225,3,0.0006423113178699281,0.14863036769282048,-0.1506909655138503,0.0014182865031597367,0.211658134386157,3,0.08770198799037132,0.46993141656389587,0.38222942857352454
tm56183,bruno moreira_1987,1920,0.27474426630912313,0.024642642703313646,0.017953752839085346,0.6826593381484779,4,2021,0.2688892578534629,0.061292443158834545,0.06407828568254369,0.6057400133051588,4,-0.005855008455660227,0.036649800455520895,0.04612453284345834,-0.07691932484331909,0.05920271554137208,3,0.7789895067303321,1.0040334928943164,0.22504398616398436
tm564544,pedro amador_1998,1920,0.007180184338305587,0.1153461123416132,0.8654978630627472,0.01197584025733401,3,2021,0.0025572334753544766,0.6666368796361407,0.3069709135610811,0.02383497332742368,2,-0.0046229508629511105,0.5512907672945275,-0.5585269495016661,0.011859133070089671,0.7847899305537163,3,0.4625840419725577,0.7371866122240227,0.274602570251465
tm568216,show_1999,1920,0.010469343998111343,0.9602331113202582,0.02374314054907923,0.0055544041325512,2,2021,0.029409619390277808,0.8903469668223718,0.05671801580866182,0.0235253979786886,2,0.018940275392166465,-0.06988614449788644,0.03297487525958259,0.0179709938461374,0.0795622374188635,2,0.2043536502310406,0.45809376347037,0.25374011323932943
tm581121,tiago esgaio_1995,1920,0.02817937540971321,0.8685824910187819,0.0973304133163467,0.005907720255158098,2,2021,0.00541064978641313,0.38683624038871883,0.6024183194357267,0.005334790389141309,3,-0.022768725623300082,-0.4817462506300631,0.5050879061193799,-0.0005729298660167885,0.698363557017899,3,0.48001441472014805,0.7288666530841171,0.24885223836396908
tm589374,milson_1999,1920,0.09541319762318064,0.06889365389162277,0.026165054922178424,0.8095280935630181,4,2021,0.8945498115653825,0.0247511195184323,0.003117031823483965,0.07758203709270108,1,0.7991366139422018,-0.044142534373190476,-0.02304802309869446,-0.7319460564703171,0.8006866443576126,1,0.6748649736251444,0.40755563538070355,-0.26730933824444086
tm58965,ruben lima_1989,1920,0.005111668933371685,0.06376163234668404,0.9251914541493128,0.005935244570631618,3,2021,0.008526877211589762,0.8844934330947654,0.0971558611105312,0.009823828583113828,2,0.0034152082782180765,0.8207318007480813,-0.8280355930387816,0.00388858401248221,1.1658710459334078,3,0.30484780807996803,0.42111742656394086,0.11626961848397283
tm592735,gonzalo plata_2000,1920,0.9846701508335775,0.007557426657393216,0.0009072359447066279,0.006865186564322537,1,2021,0.058514535646777055,0.10164659674708947,0.029491322765079056,0.8103475448410543,4,-0.9261556151868005,0.09408917008969625,0.028584086820372428,0.8034823582767318,0.9313613936005525,1,0.0926842532176538,0.6728092249085537,0.5801249716908998
tm594546,ze uilton_1992,1920,0.8356423159400751,0.12577965248733752,0.009777497166217886,0.02880053440636943,1,2021,0.11251402357275231,0.08597866206334855,0.7583741747775639,0.043133139586335315,3,-0.7231282923673228,-0.03980099042398898,0.748596677611346,0.014332605179965884,1.0415832332519357,3,0.5582257346200661,0.8021062758069317,0.24388054118686564
tm595012,ibrahima camara_1999,1920,0.03517632112613988,0.7312245946021113,0.14744890715752437,0.08615017711422433,2,2021,0.03271033900639884,0.8337315107082618,0.08300633635425639,0.05055181393108307,2,-0.002465982119741042,0.10250691610615048,-0.06444257080326798,-0.03559836318314126,0.12110571352806797,2,0.8401159717774921,0.6209546142214855,-0.21916135755600663
tm598629,bruno duarte_1996,1920,0.11126032187839736,0.019683491351610898,0.01350089463630462,0.8555552921336871,4,2021,0.8362956612889277,0.010073322487564334,0.02340773178429049,0.13022328443921743,1,0.7250353394105303,-0.009610168864046564,0.009906837147985872,-0.7253320076944696,0.7251667009467652,1,0.5132227308029224,0.5491724454287441,0.03594971462582175
tm601883,matheus nunes_1998,1920,0.00752787934998812,0.885898366006994,0.08795695657544658,0.01861679806757142,2,2021,0.7880037141104069,0.0935335813283221,0.037051265755346556,0.08141143880592437,1,0.7804758347604188,-0.7923647846786719,-0.050905690820100026,0.06279464073835295,1.1133624162875815,2,0.43211297072240457,0.7356656354887074,0.3035526647663029
tm606050,pedro pelagio_2000,1920,0.011904057118645436,0.9659365725096497,0.017108346724120503,0.0050510236475843386,2,2021,0.11780786316269264,0.749044059897796,0.05336505058965186,0.07978302634985955,2,0.1059038060440472,-0.21689251261185372,0.036256703865531356,0.07473200270227522,0.24407483839365976,2,0.18253259613757042,0.826516116031136,0.6439835198935655
tm616341,nuno mendes_2002,1920,0.11967758732118336,0.494172214723625,0.26863703261282695,0.11751316534236475,2,2021,0.03782709601089718,0.86121064841227,0.08026472440465295,0.020697531172179883,2,-0.08185049131028618,0.367038433688645,-0.18837230820817402,-0.09681563417018486,0.4205958169454666,2,1.207112475869747,0.5352737036090586,-0.6718387722606883
tm61764,marco matias_1989,1920,0.9612723626905697,0.030776914248561594,0.0036048060214411435,0.004345917039427439,1,2021,0.4801656650297089,0.25408687556912923,0.027486300439751143,0.23826115896141078,1,-0.4811066976608608,0.22330996132056763,0.02388149441831,0.23391524192198335,0.5309438003544105,1,0.18901613360868483,1.140926750578413,0.9519106169697282
tm63837,andre andre_1989,1920,0.7439033575590916,0.2029333548505781,0.014392601767355148,0.038770685822974986,1,2021,0.7805070560502526,0.15409345082980846,0.037176941880466184,0.02822255123947285,1,0.03660369849116096,-0.048839904020769626,0.022784340113111035,-0.010548134583502136,0.06514823959540066,2,0.7307811929263919,0.7046802826305516,-0.026100910295840274
tm64339,pizzi_1989,1920,0.11196014548053539,0.0078940433598572,0.004152500610779173,0.8759933105488281,4,2021,0.8921619729174236,0.025397352088959827,0.008503164589768578,0.07393751040384795,1,0.7802018274368883,0.017503308729102628,0.0043506639789894054,-0.8020558001449801,0.7804102675063831,1,0.42212071413641344,0.4281998332466318,0.006079119110218356
tm646677,riccieli_1998,1920,6.63866682142666e-05,0.001464018474289691,0.9983671431828995,0.0001024516745964104,3,2021,3.159155147046322e-05,0.0006463975563796237,0.9991528897445692,0.0001691211475809445,3,-3.479511674380339e-05,-0.0008176209179100672,0.0007857465616696313,6.66694729845341e-05,0.0011345097287943208,2,0.012766316398743762,0.007390127675950821,-0.005376188722792941
tm694928,samuel lino_1999,1920,0.9831553971056758,0.009768450050492766,0.0017931772049006975,0.0052829756389307205,1,2021,0.8239563196702074,0.01826401100041236,0.027896482523518933,0.12988318680586153,1,-0.15919907743546835,0.008495560949919595,0.026103305318618236,0.1246002111669308,0.16154845514802996,1,0.10095583123721724,0.597612414732255,0.4966565834950378
tm782612,tiago melo almeida_2001,1920,0.000365902629278388,0.0032188531863576505,0.9954130728255226,0.001002171358841627,3,2021,0.0027535374234364364,0.1098646458351649,0.8713840848719602,0.015997731869438463,3,0.0023876347941580484,0.10664579264880726,-0.12402898795356243,0.014995560510596837,0.16359161268961073,3,0.032864541606076686,0.4449896070804959,0.4121250654744192
tm82281,ivo pinto_1990,1920,0.010396359513847372,0.08426600880844018,0.889371876499175,0.01596575517853739,3,2021,0.0005678326619567848,0.9718007568426138,0.02726531078824651,0.00036609970718298594,2,-0.009828526851890586,0.8875347480341736,-0.8621065657109286,-0.015599655471354406,1.2373529244116466,2,0.42625324796903374,0.1331519256627391,-0.29310132230629465
tm83466,andre almeida_1990,1920,0.27542341915632573,0.2767191266804693,0.3286195604468897,0.11923789371631524,3,2021,0.011730463287284878,0.20264479244182182,0.7010818269550593,0.08454291731583398,3,-0.26369295586904085,-0.07407433423864745,0.37246226650816955,-0.03469497640048126,0.4623301006210319,3,1.3299402704596819,0.8334691546000661,-0.4964711158596158
tm84511,silvio_1987,1920,0.00015901205840053193,0.001337955220011608,0.9981759159752203,0.0003271167463677857,3,2021,1.1758911906148907e-05,0.000659898930438202,0.9993090497776205,1.929238003518391e-05,3,-0.00014725314649438302,-0.000678056289573406,0.0011331338024002102,-0.0003078243663326018,0.001328697119408524,3,0.014691129971470889,0.005866339489649503,-0.008824790481821386
tm85953,yohan tavares_1988,1920,0.03246028969268826,0.24074470991029387,0.5430803575361087,0.1837146428609091,3,2021,1.6645960427121527e-05,0.0008438283129149609,0.9990461386802403,9.338704641756766e-05,3,-0.032443643732261135,-0.2399008815973789,0.45596578114413155,-0.18362125581449154,0.5162458877165063,3,1.0969205424916828,0.007975330041203285,-1.0889452124504795
tm9413,ricardo vaz te_1986,1920,0.4823561783226883,0.06134528937691548,0.036120571906216495,0.42017796039417965,1,2021,0.16605649801408895,0.040685302336269165,0.03106531136063972,0.7621928882890021,4,-0.31629968030859934,-0.020659987040646317,-0.005055260545576774,0.34201492789482246,0.3170140036134452,1,1.0071810147437705,0.7432382195322176,-0.26394279521155295
tm95429,osama rashid_1992,1920,0.36881787135921923,0.5648397428508728,0.0483907132429688,0.01795167254693924,2,2021,0.25891589804017406,0.5729709254770445,0.1225408299626442,0.04557234652013715,2,-0.10990197331904517,0.00813118262617174,0.0741501167196754,0.02762067397319791,0.13282620102924633,1,0.9092379223601057,1.0669591805440457,0.15772125818394
tm96140,jorge correa_1993,1920,0.965111197601805,0.014415007471994654,0.005468259657803262,0.015005535268397029,1,2021,0.7778555888877505,0.203385354881686,0.0067047649731715965,0.012054291257391906,1,-0.18725560871405444,0.18897034740969135,0.0012365053153683345,-0.0029512440110051226,0.26603756152168706,2,0.1868815274695375,0.6061475891683179,0.4192660616987804
anderson_1998,anderson_1998,2021,0.8946749519080237,0.08345088619077368,0.014789281774512757,0.00708488012668992,1,2122,2.1310037993526065e-38,1.0,3.104776043279438e-40,4.2827187326766845e-41,2,-0.8946749519080237,0.9165491138092263,-0.014789281774512757,-0.00708488012668992,1.2809075963751284,2,0.40421124231222044,8.289306334778563e-11,-0.40421124222932736
diederrick joel_1993,diederrick joel_1993,2021,0.7702839196485821,0.014834274595430984,0.012403884486086677,0.20247792126990005,1,2122,0.5056487237795441,0.1557425814246597,0.008791994767997647,0.32981670002779856,1,-0.26463519586903805,0.1409083068292287,-0.0036118897180890293,0.1273387787578985,0.2998332596185084,1,0.6413378195009836,1.0418789509702864,0.4005411314693028
francisco chico_1998,francisco chico_1998,2021,0.49209165923548426,0.06943992426767474,0.011988163703141633,0.4264802527936994,1,2122,0.03402730944288098,0.4435149226953212,0.4813620563524296,0.041095711509368096,3,-0.4580643497926033,0.37407499842764647,0.46937389264928797,-0.3853845412843313,0.7550277505498122,3,0.9506295925740701,0.9587329795158263,0.008103386941756163
lamine diaby_1996,lamine diaby_1996,2021,0.06373383263196618,0.16928528272388815,0.07992717925464553,0.6870537053895001,4,2122,0.005818903721244221,0.010898745089621683,0.005580053330613053,0.977702297858521,4,-0.05791492891072196,-0.15838653763426647,-0.07434712592403248,0.29064859246902097,0.18430390507981328,2,0.9359690275179093,0.1302000887471744,-0.805768938770735
paulo sergio mota_1991,paulo sergio mota_1991,2021,0.011212391528171604,0.2779508834844285,0.7001392940750035,0.010697430912396503,3,2122,0.04253205970894213,0.1104834852908746,0.8320796731045569,0.014904781895626443,3,0.031319668180770525,-0.16746739819355388,0.13194037902955336,0.0042073509832299405,0.21548669260799866,2,0.7043405421015241,0.5933271176689016,-0.11101342443262252
pedro borges_1997,pedro borges_1997,2021,0.0739384880815052,0.7225697063299787,0.16948442628479016,0.034007379303725785,2,2122,0.17399088604775562,0.5442480037165386,0.23049465709587486,0.05126645313983102,2,0.10005239796625041,-0.17832170261344016,0.0610102308110847,0.017259073836105233,0.2133807869171331,2,0.8431860764931494,1.125915859916534,0.2827297834233846
pedro rodrigues_1997,pedro rodrigues_1997,2021,0.005836660880299448,0.959759792826895,0.03111310414492421,0.0032904421478813888,2,2122,0.16719266990057846,0.24202231199871221,0.564952912107494,0.025832105993215206,3,0.16135600902027902,-0.7177374808281829,0.5338398079625698,0.022541663845333817,0.9089377281189576,2,0.19621789204295315,1.0594465272669418,0.8632286352239886
rui filipe cunha correia_1995,rui filipe cunha correia_1995,2021,0.11349707458818002,0.7595805708534598,0.06251980666492675,0.06440254789343344,2,2122,0.04221390672332884,0.33717776913826825,0.5745228984190525,0.046085425719350544,3,-0.07128316786485119,-0.4224028017151915,0.5120030917541257,-0.0183171221740829,0.6675721555633336,3,0.8057958343819587,0.9603945336131245,0.15459869923116587
sphephelo sithole_1999,sphephelo sithole_1999,2021,0.010026231315372816,0.7993962819652612,0.1481824255986225,0.04239506112074345,2,2122,0.022587486257339463,0.14699970617050126,0.7980105179974274,0.032402289574731874,3,0.012561254941966646,-0.65239657579476,0.6498280923988049,-0.009992771546011574,0.920899357641819,2,0.6420552720347583,0.6586432612189399,0.016587989184181584
thibang phete_1994,thibang phete_1994,2021,0.00684688374920399,0.5063473586502434,0.48481107203308155,0.001994685567471081,2,2122,0.014659687125185186,0.13748318846542787,0.83614884909016,0.011708275319227055,3,0.007812803375981196,-0.36886417018481554,0.3513377770570784,0.009713589751755975,0.5094703617779288,2,0.7421131482395519,0.5364040741056315,-0.20570907413392037
tm102427,sebastian coates_1990,2021,0.0017825385392275402,0.003097904520176901,0.9931897163864442,0.0019298405541514896,3,2122,0.03841000690785546,0.10242987199480656,0.8390771166207435,0.020083004476594644,3,0.03662746836862792,0.09933196747462966,-0.1541125997657007,0.018153163922443153,0.18697353986064116,3,0.04802880722750628,0.5842896593717727,0.5362608521442664
tm106837,abdoulaye ba_1991,2021,0.0003658262282949067,0.011123419512539041,0.9875896651703118,0.000921089088854371,3,2122,0.008501346167029081,0.0319514802906091,0.9436941981997856,0.015852975342576122,3,0.008135519938734175,0.020828060778070055,-0.043895466970526154,0.01493188625372175,0.04926263108086163,3,0.071707243473719,0.2709475787064236,0.19924033523270462
tm109256,haris seferovic_1992,2021,0.025492985257546168,0.002507777124664541,0.005745240783376343,0.9662539968344129,4,2122,0.07969989342425864,0.02962588892999345,0.008652110535703082,0.8820221071100448,4,0.05420690816671247,0.027118111805328908,0.0029068697523267385,-0.08423188972436813,0.06068138736579537,1,0.17137219555166117,0.4576810510137609,0.2863088554620997
tm111200,fabio pacheco_1988,2021,0.0065419239037429674,0.4717687569337637,0.47229717381137026,0.04939214535112323,3,2122,0.03189865891128134,0.10407749406789712,0.809484885317194,0.054538961703627584,3,0.02535673500753837,-0.36769126286586656,0.3371877115058237,0.005146816352504351,0.4995351655175768,2,0.8901887910369082,0.6751203031448936,-0.2150684878920146
tm112465,sergio oliveira_1992,2021,0.6505884973972198,0.09054730983077208,0.025916896367143814,0.23294729640486442,1,2122,0.05056217521510496,0.05447398236359417,0.021229684273458806,0.873734158147842,4,-0.6000263221821148,-0.03607332746717791,-0.004687212093685007,0.6407868617429776,0.6011279749131299,1,0.9312194146063446,0.5091465948295206,-0.422072819776824
tm118323,ricardo alves_1991,2021,0.03759890010181021,0.036790910047330636,0.8412844971656185,0.0843256926852406,3,2122,0.007142903664486266,0.05970171700886678,0.9300982659017409,0.0030571134249059158,3,-0.030455996437323943,0.02291080696153614,0.08881376873612246,-0.08126857926033468,0.09664552918646835,3,0.5987944352822552,0.288661779835083,-0.31013265544717217
tm124548,bebeto_1990,2021,0.013447866092300293,0.584235397299368,0.25010339779067453,0.1522133388176573,2,2122,0.017202352780882325,0.03586035310866342,0.8041328045616997,0.1428044895487547,3,0.0037544866885820313,-0.5483750441907046,0.5540294067710252,-0.00940884926890262,0.7795369579619084,3,1.005094941673106,0.6424667577318399,-0.36262818394126617
tm125165,jesus corona_1993,2021,0.8997136348167524,0.06684960093301821,0.009548287939253717,0.023888476310975754,1,2122,0.07958757462806229,0.10094136873001208,0.7628876698494055,0.0565833867925201,3,-0.82012606018869,0.03409176779699387,0.7533393819101518,0.03269491048154434,1.1141316024460113,1,0.4095504948640083,0.8018893615127936,0.39233886664878526
tm126956,edgar costa_1987,2021,0.0927175413223894,0.8541923343584141,0.023101983787961043,0.029988140531235642,2,2122,0.1647702657243049,0.5384840869859085,0.08677103393406017,0.20997461335572642,2,0.0720527244019155,-0.3157082473725056,0.06366905014609914,0.1799864728244908,0.33002581792833124,2,0.5473319142525112,1.1702665285393374,0.6229346142868263
tm127031,pierre sagna_1990,2021,0.024799724590156703,0.2382820961152462,0.5673108633853061,0.16960731590929087,3,2122,0.0015187704745230652,0.0022660984844281454,0.993112093127942,0.003103037913106604,3,-0.023280954115633638,-0.23601599763081804,0.4258012297426359,-0.16650427799618428,0.4873933126465171,3,1.0559587091195324,0.04844178305876934,-1.007516926060763
tm129386,zouhair feddal_1989,2021,0.0041028295709055656,0.01623595886875476,0.9761560003677942,0.003505211192545467,3,2122,0.01280480768592719,0.041364319551172014,0.9321541664305302,0.0136767063323705,3,0.008701978115021623,0.025128360682417254,-0.04400183393726398,0.010171495139825033,0.05141323101636897,3,0.1328243489115859,0.31175347023986133,0.17892912132827543
tm129670,luiz carlos_1985,2021,0.49654779529179344,0.3633646325642991,0.07744602136523356,0.06264155077867405,1,2122,0.022832336007580577,0.0926510333273381,0.8524114417944444,0.032105188870636875,3,-0.4737154592842129,-0.270713599236961,0.7749654204292108,-0.03053636190803717,0.9477676888550833,3,1.0871305379128886,0.5532249889228271,-0.5339055489900615
tm131015,marco baixinho_1989,2021,0.00012314260284721382,0.00272823971309727,0.9965900411851084,0.0005585764989471453,3,2122,0.008758175324820325,0.022955025087110455,0.9451831296400993,0.023103669947969724,3,0.00863503272197311,0.020226785374013186,-0.05140691154500909,0.022545093449022578,0.05591383720754934,3,0.024804289523334303,0.2684668441454695,0.2436625546221352
tm137192,zainadine junior_1988,2021,0.00030364621253689225,0.0099462364187354,0.9893144738583786,0.0004356435103490521,3,2122,0.016223462295732544,0.06506505927720871,0.8676280520959204,0.05108342633113832,3,0.01591981608319565,0.05511882285847331,-0.12168642176245814,0.050647782820789265,0.134532934327537,3,0.06231669736836579,0.5197769389528838,0.45746024158451803
tm139395,ricardo esgaio_1993,2021,0.00980137437530721,0.8699621383386856,0.10649817917353052,0.013738308112476602,2,2122,0.08985281926325167,0.1020624866589188,0.5814393197805483,0.22664537429728124,3,0.08005144488794447,-0.7678996516797668,0.47494114060701775,0.21290706618480465,0.9064475693164221,2,0.4639443811307791,1.101141707261044,0.637197326130265
tm14132,pepe_1983,2021,0.0008197897426371762,0.006168086226336557,0.9919049587788412,0.0011071652521849563,3,2122,0.030194081496073544,0.05430616179912929,0.899489695713607,0.016010060991190147,3,0.02937429175343637,0.04813807557279273,-0.09241526306523418,0.01490289573900519,0.10826220108276176,3,0.05280879108878774,0.4253578840879585,0.3725490929991708
tm149729,joao mario_1993,2021,0.29520148983040206,0.6583508951720698,0.03517846819239765,0.011269146805130522,2,2122,0.46782865877469776,0.40520731258357195,0.10430897698428278,0.022655051657447755,1,0.1726271689442957,-0.25314358258849784,0.06913050879188512,0.011385904852317233,0.31410323161229486,2,0.8036799903450884,1.0430170695330512,0.23933707918796276
tm155025,fabio cardoso_1994,2021,0.012856352670783708,0.03318768785606474,0.9358503670008208,0.018105592472330824,3,2122,0.011798141300544941,0.0440723188916858,0.912067001169513,0.032062538638256206,3,-0.0010582113702387666,0.01088463103562106,-0.0237833658313078,0.013956946165925382,0.02617715596376977,3,0.3036764858629173,0.384217538503851,0.0805410526409337
tm155395,salvador agra_1991,2021,0.9915350071140877,0.0034876501122521595,0.0008580598068658025,0.004119282966794353,1,2122,0.6392129022842267,0.31133243092376733,0.014289376064098832,0.03516529072790725,1,-0.35232210482986104,0.3078447808115152,0.013431316257233029,0.031046007761112895,0.4680594779309946,1,0.05684606198291811,0.8277784199912729,0.7709323580083548
tm164705,raul silva_1989,2021,0.00045970777085478935,0.04206176229444022,0.9567304181355877,0.0007481117991173357,3,2122,0.3356720234335631,0.17385318050314183,0.40738770681227326,0.08308708925102176,3,0.3352123156627083,0.1317914182087016,-0.5493427113233145,0.08233897745190442,0.6568970154974572,3,0.18451492809451567,1.2431299526086206,1.0586150245141048
tm172181,diogo figueiras_1991,2021,0.005668573676039596,0.2685054133838134,0.722686425328801,0.0031395876113460112,3,2122,0.006231935578300402,0.011205724295186417,0.9746040286487058,0.00795831147780739,3,0.0005633619022608052,-0.257299689088627,0.25191760331990476,0.004818723866461379,0.3600915525865359,2,0.6351855517450017,0.1455123391702634,-0.4896732125747383
tm173617,fabricio_1990,2021,0.9710635659003237,0.007978620482503706,0.00423494061967704,0.016722872997495624,1,2122,0.22010289899840943,0.6085934092151529,0.035316651490429556,0.13598704029600814,2,-0.7509606669019143,0.6006147887326492,0.031081710870752517,0.11926416729851251,0.9621050464625918,1,0.1586125649120818,1.0247899062393628,0.8661773413272811
tm176485,lucas piazon_1994,2021,0.6406046579209468,0.03814731632181278,0.03768872210439513,0.2835593036528452,1,2122,0.06086013420372422,0.8038808192441038,0.13237293048136176,0.0028861160708101466,2,-0.5797445237172225,0.765733502922291,0.09468420837696662,-0.2806731875820351,0.9650992744758046,2,0.8908271518416103,0.6304019958654693,-0.260425155976141
tm176997,anderson carvalho_1990,2021,0.038209169177914615,0.8153090996126392,0.10145128913405675,0.045030442075389504,2,2122,0.039337180622854837,0.25740500739431427,0.4588251716216369,0.24443264036119403,3,0.0011280114449402218,-0.5579040922183249,0.3573738824875801,0.19940219828580452,0.6625513869942616,2,0.6629685979180711,1.1784290748104091,0.5154604768923381
tm177964,yusupha njie_1994,2021,0.3715699780999913,0.01796039326983552,0.02593269305398285,0.5845369355761902,4,2122,0.7608916792052365,0.1704976521804979,0.005792172089710994,0.06281849652455473,1,0.38932170110524517,0.1525372589106624,-0.020140520964271855,-0.5217184390516355,0.4186223153299076,1,0.8486255616180649,0.7132280744425242,-0.13539748717554068
tm181783,claudio winck_1994,2021,0.0015803931399126882,0.9921530947398657,0.005065014290087208,0.001201497830134647,2,2122,0.157282045953461,0.2849173985133717,0.5150536157746238,0.042746939758543295,3,0.15570165281354834,-0.707235696226494,0.5099886014845366,0.04154544192840865,0.88572778456476,2,0.05285941550886493,1.125144532989198,1.0722851174803332
tm182108,sebastian perez_1993,2021,0.30435498690923685,0.15191043283216124,0.3977982044741205,0.14593637578448154,3,2122,0.013634875756524908,0.10945518468031291,0.8623054436603663,0.01460449590279585,3,-0.29072011115271196,-0.04245524815184833,0.4645072391862458,-0.13133187988168568,0.5496249688475847,3,1.2958798771540772,0.49017632129063043,-0.8057035558634467
tm182936,filipe ferreira_1990,2021,0.0049233759053064026,0.14112214986696447,0.8448217863729395,0.009132687854789589,3,2122,0.0024480187384480164,0.008583911807130713,0.9862452257557536,0.002722843698667772,3,-0.002475357166858386,-0.13253823805983375,0.1414234393828141,-0.0064098441561218165,0.1938378217685423,3,0.48784516635363784,0.08530082194919256,-0.4025443444044453
tm193082,alex grimaldo_1995,2021,0.12455976802805435,0.3612032418447357,0.3536915367715508,0.16054545335565912,2,2122,0.47694510297455645,0.1513721253327514,0.2266437189691296,0.14503905272356246,1,0.3523853349465021,-0.20983111651198427,-0.1270478178024212,-0.015506400632096656,0.42935494611146796,1,1.2885412080646421,1.2553598376916595,-0.03318137037298263
tm193303,nuno sequeira_1990,2021,0.002376668927855478,0.8670071784189843,0.12640905610704503,0.004207096546115231,2,2122,0.007508458604984861,0.010237197265076143,0.965234387153251,0.01701995697668792,3,0.005131789677129383,-0.8567699811539082,0.838825331046206,0.012812860430572691,1.1990450666578532,2,0.4225490713356063,0.18711608360125204,-0.23543298773435428
tm193830,iuri medeiros_1994,2021,0.3144122311689112,0.03432222209994148,0.028752049451315986,0.6225134972798313,4,2122,0.317231221791815,0.08588480293857381,0.026681800924455292,0.570202174345156,4,0.0028189906229038053,0.051562580838632334,-0.002070248526860694,-0.05231132293467533,0.05168106403544225,2,0.8766315146680332,0.992054499864272,0.11542298519623873
tm193994,yves baraye_1992,2021,0.9290616732217745,0.00937247519832005,0.006092867249439837,0.05547298433046584,1,2122,0.5383956460495123,0.4342833251387074,0.02158981353506228,0.005731215276718021,1,-0.3906660271722622,0.4249108499403873,0.015496946285622442,-0.04974176905374782,0.5774160809397332,2,0.3036273141908321,0.8079634455628483,0.5043361313720162
tm196792,julian weigl_1995,2021,0.00636034606954255,0.9570966687459993,0.03297199422653793,0.0035709909579202397,2,2122,0.07529434755449528,0.08454902598935653,0.8178643340011428,0.022292292455005604,3,0.06893400148495273,-0.8725476427566428,0.7848923397746048,0.018721301497085365,1.1756475962114477,2,0.20676393309475027,0.6528373516093016,0.4460734185145513
tm197981,pedrinho_1992,2021,0.6314202744544288,0.2999221631474674,0.020624853612292413,0.04803270878581125,1,2122,0.1710422807030844,0.42353596539248184,0.26646532487304253,0.13895642903139144,2,-0.46037799375134447,0.12361380224501445,0.24584047126075012,0.09092372024558018,0.5363448578533127,1,0.8773642313051377,1.2925480107553065,0.4151837794501687
tm198053,lazar rosic_1993,2021,0.0002455909164517292,0.006919490820224979,0.9917729406351063,0.0010619776282169867,3,2122,0.005239861497083448,0.020345747918693334,0.9658122663055634,0.00860212427865992,3,0.004994270580631719,0.013426257098468355,-0.025960674329542965,0.007540146650442934,0.029650695269273643,3,0.05191994520665446,0.18126731479171487,0.1293473695850604
tm203348,chancel mbemba_1994,2021,0.0004248274410697442,0.0034127013172485254,0.9948869195548588,0.0012755516868230756,3,2122,0.06885810656614964,0.10126690408572239,0.7624405449242512,0.06743444442387679,3,0.0684332791250799,0.09785420276847387,-0.23244637463060758,0.06615889273705372,0.2613233165451898,3,0.03628403046435821,0.804785905424545,0.7685018749601867
tm205116,talocha_1989,2021,0.02325339939693434,0.5785776345651495,0.3623555131199364,0.03581345291797981,2,2122,0.009030559710825534,0.04577299342715574,0.9376067336657199,0.007589713196298933,3,-0.014222839686108806,-0.5328046411379939,0.5752512205457835,-0.02822373972168088,0.7842174708117238,3,0.8911268875952534,0.2811249322374478,-0.6100019553578055
tm211072,paulinho_1992,2021,0.834421506796239,0.0075008833178847045,0.006125483331979553,0.1519521265538967,1,2122,0.5358124733061743,0.1571795474225783,0.011641608279001013,0.29536637099224633,1,-0.29860903349006473,0.1496786641046936,0.005516124947021459,0.14341424443834963,0.3340680843847066,1,0.5052617772012297,1.0372240326627846,0.531962255461555
tm211107,joao afonso_1990,2021,0.00022232656316381643,0.014955405764009704,0.983070701029655,0.0017515666431716737,3,2122,0.012549747748439366,0.038223804744481615,0.9363237240598391,0.012902723447240003,3,0.01232742118527555,0.02326839898047191,-0.04674697696981589,0.01115115680406833,0.053653178470712284,3,0.09262569574238119,0.2974527472983034,0.2048270515559222
tm211345,mansur_1993,2021,0.0002229837345485692,0.009208445229598993,0.9901841780434016,0.0003843929924509507,3,2122,0.0040280712777074614,0.018078364062624013,0.9671965630006888,0.010697001658979733,3,0.0038050875431588924,0.00886991883302502,-0.02298761504271285,0.010312608666528783,0.024931598357656754,3,0.05783105768000492,0.1755620451456885,0.11773098746568357
tm214070,ewerton_1992,2021,0.08160988286225128,0.843977128628447,0.06302281949294473,0.011390169016356897,2,2122,0.1561745737362402,0.7823290010460499,0.05445899674285463,0.007037428474855313,2,0.07456469087398891,-0.06164812758239713,-0.008563822750090107,-0.004352740541501584,0.0971273587597439,1,0.5728446051678319,0.675401520698223,0.10255691553039115
tm214538,mateus uribe_1991,2021,0.13672875988547872,0.5994079746762853,0.2265084840622035,0.0373547813760325,2,2122,0.09234395214921746,0.1760802135013091,0.6992048307916556,0.03237100355781775,3,-0.04438480773626126,-0.42332776117497617,0.47269634672945215,-0.004983777818214748,0.6360960939595314,3,1.037996696877918,0.8870359041803932,-0.15096079269752471
tm215122,ivo rodrigues_1995,2021,0.6587100523552346,0.0796231921265782,0.03103694973790772,0.23062980578027945,1,2122,0.16149568561594474,0.4716637095814162,0.16097929781126838,0.2058613069913706,2,-0.49721436673928987,0.392040517454838,0.12994234807336066,-0.024768498788908855,0.6463767536360111,1,0.9225739918964007,1.2683014607120164,0.3457274688156158
tm222813,marko grujic_1996,2021,0.24306371792455062,0.43260941191372376,0.22910456751448277,0.09522230264724278,2,2122,0.1325284321244119,0.5477556029486343,0.23475462575656306,0.08496133917039055,2,-0.11053528580013872,0.11514619103491058,0.005650058242080286,-0.010260963476852236,0.159714175560297,2,1.2678114218372893,1.147229771500058,-0.12058165033723145
tm225151,rafael barbosa_1996,2021,0.9995951793105587,0.0001512342052846483,8.067615298509692e-05,0.00017291033117148075,1,2122,0.2587153167439011,0.7215680057083941,0.013147844541545422,0.006568833006159497,2,-0.7408798625666577,0.7214167715031095,0.013067168388560325,0.006395922674988016,1.0341740084978226,1,0.003993352767745487,0.6752193961037303,0.6712260433359848
tm231289,otavio_1995,2021,0.6532590897164597,0.2590117777437625,0.01625454723187601,0.07147458530790178,1,2122,0.13412389016876688,0.38088109775612017,0.17418090528133687,0.3108141067937761,2,-0.5191351995476928,0.12186932001235767,0.15792635804946087,0.23933952148587428,0.556142266993315,1,0.8835780894128875,1.3047202468659345,0.42114215745304695
tm231614,gilberto_1993,2021,0.0004248801269298842,0.9966435591372995,0.002608133406711101,0.000323427329059524,2,2122,0.11700221688570674,0.06849717332589798,0.5775447501955157,0.23695585959287954,3,0.11657733675877685,-0.9281463858114015,0.5749366167888046,0.23663243226382003,1.097997314325082,2,0.024764780305484697,1.0929166318442913,1.0681518515388067
tm235568,joao pedro_1993,2021,0.6079897688001921,0.36378725452926586,0.018518937497515108,0.009704039173026946,1,2122,0.21504231492956177,0.6156204372741947,0.1441060601471088,0.025231187649134703,2,-0.3929474538706303,0.25183318274492883,0.1255871226495937,0.015527148476107757,0.48332161012131036,1,0.7892422342643126,1.0011612402797654,0.21191900601545277
tm238055,rafa silva_1993,2021,0.8898301959950813,0.025648002602177207,0.02207287163986073,0.062448929762881,1,2122,0.28697449217117643,0.12961022187690474,0.01585821189993833,0.5675570740519805,4,-0.6028557038239049,0.10396221927472754,-0.006214659739922402,0.5051081442890996,0.611785717931716,1,0.4551902249211982,1.01026045998085,0.5550702350596518
tm249360,ali alipour_1995,2021,0.9713021936174526,0.006696963739879673,0.00956538869179155,0.012435453950876129,1,2122,0.7766879341870054,0.1637625367933353,0.004941218189955303,0.054608310829704014,1,-0.1946142594304472,0.15706557305345561,-0.004624170501836247,0.04217285687882789,0.2501313398299019,1,0.16083984425515865,0.6775997389350149,0.5167598946798563
tm255995,mario gonzalez_1996,2021,0.08476032287036099,0.0070107868877009455,0.018802451414331144,0.8894264388276069,4,2122,0.3531697236187713,0.1492062139565915,0.013691829665329865,0.4839322327593074,4,0.2684094007484103,0.14219542706889055,-0.005110621749001279,-0.40549420606829945,0.30379148168453685,1,0.42289620903710023,1.061429213010176,0.6385330039730757
tm257388,wilson manafa_1994,2021,0.001362769571135179,0.05351935814636217,0.9437771447311644,0.0013407275513381551,3,2122,0.01707641224046385,0.0564688630692567,0.918936735881657,0.007517988808622375,3,0.01571364266932867,0.0029495049228945303,-0.024840408849507334,0.00617726125728422,0.029540887885102708,3,0.22916130327331247,0.34624867835814044,0.11708737508482797
tm257455,joao palhinha_1995,2021,0.059053653848884495,0.6387820126146061,0.14652572709307538,0.155638606443434,2,2122,0.22782200698161462,0.5885162313157278,0.05641861045817153,0.12724315124448612,2,0.16876835313273011,-0.050265781298878265,-0.09010711663490384,-0.028395455198947872,0.19780975268418066,1,1.0243104641398184,1.0735270812254836,0.04921661708566516
tm257456,francisco geraldes_1995,2021,0.8725182289898474,0.06261487518366761,0.03675077850198995,0.02811611732449491,1,2122,0.10631929939278044,0.8140100163643949,0.06938296735653887,0.01028771688628586,2,-0.766198929597067,0.7513951411807273,0.032632188854548924,-0.01782840043820905,1.073648134937669,1,0.5143011056617139,0.6380099763727993,0.12370887071108538
tm258015,diogo goncalves_1997,2021,0.055611751080310426,0.7362982537063527,0.1199721381693048,0.08811785704403209,2,2122,0.11597218518196185,0.6176783775564575,0.2184073589810445,0.047942078280536066,2,0.06036043410165143,-0.11861987614989522,0.0984352208117397,-0.040175778763496026,0.16554017554361913,2,0.8545237762725674,1.0253608028939099,0.17083702662134248
tm258135,andrija lukovic_1994,2021,0.3007591103386037,0.3999736003362587,0.10269466728201916,0.19657262204311837,2,2122,0.14211162155485374,0.27750698784744204,0.5563076811919935,0.024073709405710714,3,-0.15864748878374996,-0.12246661248881663,0.4536130139099743,-0.17249891263740766,0.4959151774853907,3,1.2813660516044325,1.0489702986913678,-0.2323957529130647
tm261927,ricardo horta_1994,2021,0.9162196458301303,0.009035048765863196,0.007436564239081022,0.0673087411649253,1,2122,0.6659333573615636,0.1030807511353669,0.019250053021151962,0.21173583848191757,1,-0.2502862884685667,0.0940457023695037,0.01181348878207094,0.14442709731699227,0.2676329180925769,1,0.3407726728514293,0.9097145454581312,0.5689418726067019
tm262002,welinton junior_1993,2021,0.395716940348916,0.19493460567602183,0.022053341836628416,0.38729511213843365,1,2122,0.42609653462932934,0.14677537358952766,0.014781444967708175,0.4123466468134349,1,0.030379594280413313,-0.04815923208649417,-0.007271896868920241,0.025051534675001264,0.057403064969351096,2,1.1370813938928983,1.0727274351723834,-0.06435395872051486
tm264848,ruben lameiras_1994,2021,0.9450015511119187,0.028237571615101945,0.007512002323579647,0.019248874949399607,1,2122,0.14910304007048455,0.8223010732424798,0.013872904963421015,0.014722981723614496,2,-0.7958985110414342,0.7940635016273778,0.006360902639841368,-0.004525893225785111,1.124291663927603,1,0.26696580065576414,0.5660951338254959,0.2991293331697318
tm265589,fahd moufi_1996,2021,0.00538862071419063,0.9250677749362024,0.06224106101005584,0.007302543339551278,2,2122,0.010770238474780574,0.07483096039378194,0.8972250120170843,0.017173789114353116,3,0.005381617760589944,-0.8502368145424205,0.8349839510070284,0.009871245774801838,1.19169199084842,2,0.3089515740273234,0.40990408639856507,0.1009525123712417
tm27178,ruben fernandes_1986,2021,0.0007986192680646822,0.00902720422507027,0.9878079229674699,0.0023662535393950616,3,2122,0.028195149637020477,0.09480263296162088,0.7894236143924361,0.08757860300892244,3,0.027396530368955795,0.08577542873655061,-0.19838430857503375,0.08521234946952738,0.21786309448823682,3,0.07461680731766948,0.7239023835954466,0.649285576277777
tm290336,rochinha_1995,2021,0.7864412392716211,0.04498643992196831,0.022275820416927425,0.14629650038948316,1,2122,0.6712197268029126,0.302094467801885,0.007991463437511443,0.01869434195769084,1,-0.11522151246870849,0.25710802787991666,-0.014284356979415982,-0.12760215843179232,0.2821073869826739,2,0.6943954603323089,0.7421879689105042,0.04779250857819528
tm290388,rafael ramos_1995,2021,0.003745658645748322,0.9125417743020054,0.07918422796096782,0.004528339091278451,2,2122,0.006682760028541407,0.03045296766202964,0.9148409486314542,0.04802332367797476,3,0.0029371013827930855,-0.8820888066399758,0.8356567206704864,0.04349498458669631,1.2150767235717344,2,0.32969542886811987,0.36702505299798704,0.03732962412986718
tm290391,nuno santos_1995,2021,0.5234036580682857,0.047940267144223114,0.026553565522924198,0.4021025092645669,1,2122,0.4559214633652281,0.12610105164138014,0.08084544749194045,0.3371320375014513,1,-0.06748219470305761,0.07816078449715702,0.05429188196901625,-0.0649704717631156,0.11666431880780853,2,0.9471724630823664,1.1891113175188155,0.24193885443644914
tm290530,bilel aouacheria_1994,2021,0.9018439065840193,0.056471532937981336,0.016801215745523252,0.02488334473247636,1,2122,0.12617389860895464,0.5836124161672182,0.24905839227316018,0.041155292950667034,2,-0.7756700079750646,0.5271408832292368,0.23225717652763692,0.016271948218190675,0.9661702065849094,1,0.41603609884474446,1.052987789378634,0.6369516905338894
tm298410,joao pedro sousa silva_1996,2021,0.07117107637940082,0.00980517630312832,0.017457272098721867,0.901566475218749,4,2122,0.10593086133571891,0.6403883117794382,0.02400592748125844,0.22967489940358435,2,0.034759784956318096,0.63058313547631,0.006548655382536572,-0.6718915758151647,0.6315743964765062,2,0.397517690823845,0.9506216429433771,0.5531039521195321
tm299400,pedro sa_1993,2021,0.007607174701130786,0.7761229480311216,0.18016861202956844,0.03610126523817915,2,2122,0.09385037207336644,0.31925657615591113,0.571219947570848,0.01567310419987451,3,0.08624319737223565,-0.45686637187521045,0.3910513355412796,-0.02042816103830464,0.6075244175109532,2,0.6625087001295149,0.9715761703258435,0.30906747019632863
tm302371,toni martinez_1997,2021,0.033729633565850695,0.005095184644744292,0.00765436679952933,0.9535208149898757,4,2122,0.062734305912173,0.03791337737160492,0.00577099103152755,0.8935813256846945,4,0.0290046723463223,0.03281819272686062,-0.0018833757680017799,-0.059939489305181226,0.04383893128325983,2,0.2238999488399447,0.42806423242998015,0.20416428359003544
tm307058,mehdi taremi_1992,2021,0.13330898840319194,0.006559074691115894,0.009748860070175376,0.8503830768355167,4,2122,0.09766630758601676,0.03910227269593009,0.0061025468292879494,0.8571288728887652,4,-0.035642680817175185,0.0325431980048142,-0.0036463132408874263,0.006745796053248432,0.04840202508641804,1,0.48456417985339495,0.517202337250221,0.03263815739682607
tm308371,mikel villanueva_1993,2021,1.1592080353824799e-05,0.0003697671489684405,0.9995940629778777,2.4577792800202283e-05,3,2122,0.004357536229481961,0.015433893695962318,0.9708169961568693,0.00939157391768635,3,0.004345944149128136,0.015064126546993878,-0.028777066821008335,0.009366996124886149,0.03277094313552732,3,0.0037205968920794082,0.16065690098030813,0.15693630408822873
tm308560,jhon murillo_1995,2021,0.6141311839570032,0.047777201831765544,0.0636177023840784,0.27447391182715286,1,2122,0.674653365086691,0.24525332198295674,0.025951388654532455,0.054141924275819805,1,0.06052218112968788,0.1974761201511912,-0.03766631372954595,-0.22033198755133304,0.20994881192479997,2,0.9748431399562453,0.8628567348201516,-0.1119864051360937
tm312123,lucas possignolo_1994,2021,6.806784653852775e-05,0.0008055648351491391,0.9989364871693439,0.00018988014896846245,3,2122,0.124874927056771,0.150693807286574,0.5924451953317741,0.13198607032488088,3,0.12480685921023248,0.14988824245142485,-0.4064912918375698,0.13179619017591243,0.4508640678418233,3,0.00908198096871722,1.1224067379167282,1.113324756948011
tm314367,marcus edwards_1998,2021,0.9368387146993487,0.01460274332752363,0.006650626612758793,0.04190791536036876,1,2122,0.7345897131705799,0.19275526774862287,0.013630560368844278,0.05902445871195298,1,-0.2022490015287688,0.17815252442109925,0.006979933756085485,0.017116543351584218,0.269613983413757,1,0.28912595204285735,0.7694955820354249,0.48036962999256755
tm321239,everton soares_1996,2021,0.5856913673360544,0.040531685190324136,0.03470013295832402,0.3390768145152975,1,2122,0.470202057882318,0.43445415557673317,0.03823258544219061,0.057111201098758065,1,-0.11548930945373642,0.39392247038640904,0.003532452483866591,-0.2819656134165394,0.41051817437719246,2,0.9266028916809138,1.005289332115095,0.07868644043418127
tm323945,yan matheus_1998,2021,0.9535185801452782,0.01963925618831743,0.007799173199152519,0.01904299046725186,1,2122,0.7305733659542174,0.22180627328762073,0.022561650399571535,0.025058710358590346,1,-0.22294521419106084,0.2021670170993033,0.014762477200419016,0.006015719891338485,0.3013204308815134,1,0.23585620907764637,0.7412974221116904,0.505441213034044
tm324803,nicolas janvier_1998,2021,0.07290186185299846,0.8318909969916566,0.0807039573413741,0.014503183813970859,2,2122,0.4120493215527815,0.21968489719096954,0.2925208181597101,0.07574496309653893,1,0.33914745969978305,-0.6122060998006871,0.211816860818336,0.06124177928256807,0.7312206852797034,2,0.6085434030500745,1.2532971547369263,0.6447537516868518
tm327911,felipe pires_1995,2021,0.9650419926660055,0.00633855647741037,0.004195176359572495,0.024424274497011574,1,2122,0.19707647502633424,0.7036455353094766,0.05366565300839375,0.04561233665579542,2,-0.7679655176396714,0.6973069788320663,0.04947047664882126,0.021188062158783848,1.03848706639579,1,0.1800507129080603,0.8652048015148935,0.6851540886068332
tm329722,andre horta_1996,2021,0.9233207528053928,0.057764757807477966,0.0054276912419662015,0.0134867981451631,1,2122,0.11655962945356028,0.5751762801934842,0.27611136935492947,0.03215272099802608,2,-0.8067611233518326,0.5174115223860063,0.2706836781129633,0.018665922852862983,0.995915582389631,1,0.32475719318827967,1.0345044646917414,0.7097472715034617
tm329723,gil bastiao dias_1996,2021,0.1466451742928849,0.6008621734260202,0.2251368281702595,0.027355824110835373,2,2122,0.5827847351556812,0.3095515365667455,0.07814230473324808,0.029521423544325357,1,0.43613956086279626,-0.2913106368592747,-0.14699452343701142,0.002165599433489984,0.5446898141304123,1,1.021731943657631,0.9808524378798237,-0.04087950577780741
tm334557,chiquinho_1995,2021,0.40259757715492495,0.12265546581050674,0.10224522759892399,0.37250172943564425,1,2122,0.14417188834389597,0.8020170909102347,0.013188530653884945,0.04062249009198436,2,-0.258425688811029,0.6793616250997279,-0.08905669694503904,-0.33187923934365987,0.732288979547254,2,1.224676328239883,0.6433868543018195,-0.5812894739380634
tm335380,pedro nuno_1995,2021,0.10921624440499005,0.016853575546559585,0.011170454625306631,0.8627597254231437,4,2122,0.07453669914232468,0.8785676856519403,0.01716340313028269,0.029732212075452298,2,-0.03467954526266537,0.8617141101053807,0.005992948504976061,-0.8330275133476914,0.862432486543797,2,0.488232809862144,0.4815663808597634,-0.006666429002380625
tm336158,gustavo sauer_1993,2021,0.7929596362287427,0.1886100316696962,0.005499545303819109,0.012930786797742101,1,2122,0.42212979752841917,0.4692974589420496,0.03820076984104775,0.07037197368848352,2,-0.3708298387003235,0.2806874272723534,0.03270122453722864,0.05744118689074142,0.4662290973175257,1,0.5834081142437655,1.0305809421774739,0.4471728279337084
tm337798,abdu conte_1998,2021,0.01978131902856562,0.9474493091188518,0.027635681299426458,0.005133690553155892,2,2122,0.005173790746503921,0.025601237759872587,0.9638701696994382,0.005354801794185489,3,-0.014607528282061698,-0.9218480713589793,0.9362344884000117,0.00022111124102959685,1.3139833575127244,3,0.254986695480805,0.18454055757326393,-0.07044613790754106
tm340376,abel ruiz_2000,2021,0.7386224377203497,0.01774118287769024,0.04057139818512558,0.2030649812168344,1,2122,0.5537152449140929,0.3829176315617749,0.02433185826405471,0.0390352652600775,1,-0.1849071928062569,0.36517644868408466,-0.016239539921070873,-0.1640297159567569,0.4096440299599864,2,0.749060304793389,0.9118989789228085,0.16283867412941944
tm344392,fernando ferreira fonseca_1997,2021,0.0010256358907822785,0.22984767025435415,0.7665934735102559,0.002533220344607578,3,2122,0.001682205278386274,0.00828829921712093,0.9867299243056358,0.0032995711988569832,3,0.0006565693876039956,-0.22155937103723322,0.2201364507953799,0.0007663508542494054,0.3123284216118697,2,0.5639165192557329,0.08250567740455683,-0.4814108418511761
tm344395,jorge fernandes_1997,2021,7.476459482019134e-06,0.0005223374475164407,0.999446606896726,2.3579196275457624e-05,3,2122,0.004305737338285214,0.014234181123179875,0.9738190601833677,0.0076410213551671175,3,0.004298260878803194,0.013711843675663435,-0.025627546713358318,0.00761744215889166,0.029381301096334113,3,0.004840136842813619,0.1470613543632292,0.14222121752041558
tm344519,bruno costa_1997,2021,0.540033740390137,0.4338649848591921,0.009129982457960099,0.01697129229271064,1,2122,0.018168843180985276,0.1550636307782238,0.8187366705133147,0.008030855527476188,3,-0.5218648972091516,-0.2788013540809683,0.8096066880553545,-0.008940436765234452,1.002764257101568,3,0.8070693946902965,0.5643337304044881,-0.2427356642858084
tm350311,helder ferreira_1997,2021,0.9131678592714568,0.03262519859657719,0.022758834015206238,0.03144810811675989,1,2122,0.08873862584818959,0.8888287634405252,0.016088924648813657,0.006343686062471603,2,-0.8244292334232672,0.856203564843948,-0.006669909366392581,-0.025104422054288287,1.1886179340163585,2,0.3894976767961127,0.41822148758418387,0.02872381078807118
tm351738,lincoln_1998,2021,0.8431804007388097,0.10082105302568681,0.013919314354254416,0.04207923188124907,1,2122,0.6478245103138299,0.2892944178267489,0.025057705168520756,0.03782336669090038,1,-0.1953558904249798,0.1884733648010621,0.01113839081426634,-0.004255865190348686,0.2716803211738058,1,0.567962848527027,0.8563005509300996,0.28833770240307255
tm352811,aylton boa morte_1993,2021,0.9453453299506758,0.013043577746165835,0.012224135528289545,0.02938695677486886,1,2122,0.5597880020372218,0.41518898959644485,0.007946846320242933,0.017076162046090346,1,-0.385557327913454,0.402145411850279,-0.004277289208046611,-0.012310794728778513,0.5571298597122241,2,0.26722828754932376,0.7976714789552914,0.5304431914059677
tm352918,henrique gomes_1995,2021,0.0010000687588012007,0.061437269608098505,0.9362344095033018,0.0013282521297982828,3,2122,0.3897208668064119,0.267693170133005,0.19914131537636123,0.14344464768422194,1,0.38872079804761067,0.20625590052490647,-0.7370930941269406,0.14211639555442365,0.8584588427791623,3,0.2487882038363762,1.319944169975371,1.0711559661389947
tm357156,diogo leite_1999,2021,0.00252236273214595,0.012137301712387744,0.9816614875422962,0.003678848013170023,3,2122,0.004975461825158737,0.016501819029848926,0.9745940786262873,0.003928640518704964,3,0.002453099093012787,0.004364517317461182,-0.007067408916008877,0.00024979250553494115,0.008661118597539263,3,0.10742338857995917,0.1409571931968451,0.03353380461688593
tm357158,ruben vinagre_1999,2021,0.03556035222633592,0.8652266827894592,0.08563093463326459,0.013582030350940112,2,2122,0.013213103637833023,0.025396651793189073,0.9332169529836377,0.028173291585340307,3,-0.022347248588502896,-0.8398300309962702,0.8475860183503732,0.014591261234400195,1.1934051864248418,3,0.5127465659259939,0.3155154070127171,-0.1972311589132768
tm357163,filipe soares_1999,2021,0.9911774807582877,0.007096939456775446,0.0011198336811902255,0.0006057461037467024,1,2122,0.052657624141047424,0.7295454799212885,0.1870149735127257,0.030781922424938355,2,-0.9385198566172402,0.722448540464513,0.18589513983153547,0.030176176321191652,1.1988779829061573,1,0.055996589723646566,0.805760914460503,0.7497643247368565
tm358143,chidozie awaziem_1997,2021,0.0027222562291859486,0.07517198297994367,0.9153962766904383,0.006709484100432134,3,2122,0.03707168087403834,0.04091146258858033,0.8150849923942443,0.10693186414313709,3,0.03434942464485239,-0.03426052039136333,-0.10031128429619407,0.10022238004270495,0.1114271959086797,3,0.32511700855109016,0.6586222962117304,0.33350528766064025
tm36350,javi garcia_1987,2021,0.2605163204508847,0.46819465446906666,0.24947959344694584,0.021809431633102762,2,2122,0.04332734167732636,0.11592618140830127,0.8290285271251421,0.011717949789230351,3,-0.21718897877355833,-0.35226847306076536,0.5795489336781963,-0.01009148184387241,0.7121383967606287,3,1.135519345277255,0.5933500813427246,-0.5421692639345304
tm364857,falaye sacko_1995,2021,0.008482012987964827,0.5603758369464648,0.416328200968237,0.014813949097333336,2,2122,0.0031042742067314702,0.010477906357774862,0.9840079724674269,0.002409846968066726,3,-0.005377738781233357,-0.5498979305886899,0.5676797714991899,-0.01240410212926661,0.7903650910240756,3,0.7922176426198987,0.09608098877759674,-0.696136653842302
tm367468,nuno santos_1999,2021,0.11241690742230913,0.714653726627879,0.14923878405890093,0.023690581890910944,2,2122,0.7767266661001391,0.19603068496056011,0.023569350841591924,0.003673298097708771,1,0.6643097586778299,-0.5186230416673189,-0.125669433217309,-0.020017283793202174,0.8520974834301636,1,0.8583341566085854,0.6246102559754128,-0.2337239006331726
tm371245,guilherme schettine_1995,2021,0.3607865951727918,0.03431521964071733,0.026624329159326228,0.5782738560271646,4,2122,0.7231973595271961,0.20309215092534263,0.00759766075482241,0.06611282879263869,1,0.3624107643544043,0.16877693128462531,-0.019026668404503816,-0.512161027234526,0.40023646606021995,1,0.8967902553839507,0.77478142863954,-0.12200882674441071
tm373187,maracas_1994,2021,0.00013951460058301776,0.010507355973173357,0.9885026279638107,0.0008505014624328968,3,2122,0.014979115927878614,0.042771606391732366,0.8908000035287905,0.05144927415159851,3,0.014839601327295596,0.03226425041855901,-0.0977026244350202,0.050598772689165614,0.10395671428106588,3,0.06655046644092993,0.45340587758575207,0.38685541114482214
tm373300,cryzan_1996,2021,0.5147285888865093,0.02016337809517956,0.008292210210293789,0.4568158228080172,1,2122,0.681575226728074,0.1351722474730362,0.012596528069937106,0.17065599772895268,1,0.16684663784156473,0.11500886937785662,0.004304317859643317,-0.2861598250790645,0.20269032474897264,1,0.8181984828847413,0.8886275981211211,0.07042911523637985
tm374889,kenji gorre_1994,2021,0.7167750366337846,0.07151509919870973,0.02660379926788081,0.1851060648996247,1,2122,0.7686706089043756,0.19827795520685676,0.008344402555676938,0.024707033333090794,1,0.05189557227059094,0.12676285600814702,-0.01825939671220387,-0.1603990315665339,0.13818602553416168,2,0.8360529206860198,0.6544325161109038,-0.18162040457511597
tm375378,afonso sousa_2000,2021,0.9633181419626449,0.0272321775710335,0.005605201355182396,0.003844479111139244,1,2122,0.036605440737959835,0.9157290248839768,0.04409427722143701,0.0035712571566263317,2,-0.9267127012246851,0.8884968473129433,0.038489075866254614,-0.00027322195451291243,1.284408224536588,1,0.18456522929832914,0.3594510837402565,0.1748858544419274
tm375382,andre almeida_2000,2021,0.8235743323525793,0.12605237563310143,0.03598284323527679,0.01439044877904265,1,2122,0.04380588983741691,0.47548691024711637,0.3915453332381628,0.08916186667730391,2,-0.7797684425151623,0.34943453461401497,0.35556249000288603,0.07477141789826126,0.9255095905610528,1,0.6015840047184958,1.0731739780726826,0.47158997335418673
tm376441,allano_1995,2021,0.8731773502608261,0.025070676582840856,0.008093943751399978,0.09365802940493291,1,2122,0.07256217919917303,0.20898793821513648,0.33271292151262166,0.3857369610730688,4,-0.800615171061653,0.18391726163229563,0.32461897776122167,0.2920789316681359,0.883282339902221,1,0.4716069301824735,1.2511145783165358,0.7795076481340624
tm377641,al musrati_1996,2021,0.0980970364021256,0.1495734911665291,0.6639096408933577,0.08841983153798764,3,2122,0.03271230120536912,0.06579883771421018,0.8942948458717327,0.007194015208687898,3,-0.06538473519675647,-0.08377465345231892,0.230385204978375,-0.08122581632929975,0.2537138128497027,3,0.9983661472713479,0.42633422455411735,-0.5720319227172306
tm379249,matheus reis_1995,2021,0.00012063278434035676,0.007383701051253367,0.9923049313703997,0.00019073479400663404,3,2122,0.04764001583147087,0.0429261648411537,0.9076727341173542,0.0017610852100213247,3,0.04751938304713051,0.03554246378990033,-0.0846321972530455,0.0015703504160146907,0.10336327834059199,3,0.04663014916088683,0.37925945569933006,0.33262930653844325
tm388266,oscar estupinan_1996,2021,0.2477462591983219,0.012678022110774474,0.022975849217005115,0.7165998694738985,4,2122,0.2986371325793875,0.04761963207694034,0.010032986761218908,0.6437102485824532,4,0.0508908733810656,0.03494160996616587,-0.012942862455786207,-0.07288962089144535,0.0630738835736687,1,0.7265620407797022,0.8356183765724622,0.10905633579275997
tm394328,rafik guitane_1999,2021,0.5101267307736158,0.30059459675032396,0.15017751120105383,0.03910116127500638,1,2122,0.7853324541708251,0.20526561758434253,0.00450707041532831,0.004894857829504063,1,0.2752057233972093,-0.09532897916598143,-0.14567044078572552,-0.034206303445502316,0.3256465595981584,1,1.1161544308036766,0.5651882816251865,-0.5509661491784901
tm396342,toni borevkovic_1997,2021,8.164442939980303e-06,0.00036631783453292254,0.9995972822505648,2.8235471962484912e-05,3,2122,0.0063087322987877914,0.01397374701461192,0.9700901404459656,0.009627380240634642,3,0.006300567855847811,0.013607429180078996,-0.029507141804599124,0.009599144768672158,0.033098802118411014,3,0.003692363703999934,0.1657941854544116,0.16210182175041166
tm396429,diogo calila_1998,2021,0.006883984139391217,0.9875393296041947,0.003728003621286129,0.0018486826351279044,2,2122,0.008132164076720405,0.020534008765282583,0.9686851672684427,0.0026486598895542938,3,0.0012481799373291877,-0.9670053208389121,0.9649571636471566,0.0007999772544263894,1.3661051116798768,2,0.07913586303257533,0.16545550988025232,0.08631964684767698
tm400831,rafael camacho_2000,2021,0.6691058832745747,0.025235183337259347,0.03751387929200909,0.2681450540961569,1,2122,0.14896140360157117,0.7858491140797286,0.046081675075958735,0.01910780724274158,2,-0.5201444796730035,0.7606139307424692,0.008567795783949644,-0.24903724685341533,0.921497280787309,2,0.8378082198770509,0.6904459462712966,-0.14736227360575427
tm404383,pedro marques_1998,2021,0.5076157586240801,0.012315881747209706,0.023761291541932475,0.4563070680867776,1,2122,0.1728079381130701,0.5223240882720837,0.11490182992490161,0.18996614368994466,2,-0.33480782051101005,0.510008206524874,0.09114053838296914,-0.266340924396833,0.6168559354782839,2,0.8452039276947498,1.206736501068595,0.36153257337384526
tm411502,danny henriques_1997,2021,0.003359597991441761,0.1992309731900202,0.7955030509460929,0.0019063778724450666,3,2122,0.006092132149852665,0.02323643179244228,0.9591740129914555,0.011497423066249426,3,0.002732534158410904,-0.17599454139757792,0.1636709620453627,0.00959104519380436,0.24035334231402983,2,0.5344879255533063,0.20981502291453547,-0.3246729026387708
tm411662,lucas verissimo_1995,2021,0.005515618866065022,0.025443121766353636,0.9337208168626617,0.03532044250491953,3,2122,0.5061384782309098,0.10125266562277069,0.15660011979594093,0.2360087363503785,1,0.5006228593648449,0.07580954385641706,-0.7771206970667208,0.20068829384545897,0.9275165292693265,3,0.30421086459903257,1.207650646702465,0.9034397821034325
tm415525,kanya fujimoto_1999,2021,0.942461367699243,0.041067432196086814,0.010832589678398204,0.005638610426272064,1,2122,0.5020709928983472,0.39225351178324386,0.09501592184013669,0.010659573478272268,1,-0.4403903748008958,0.35118607958715703,0.08418333216173848,0.0050209630520002034,0.5695280310282577,1,0.2651769859394866,0.9850713531134954,0.7198943671740088
tm416089,david tavares_1999,2021,0.1394832604663211,0.43801899979500847,0.10337031360305377,0.3191274261356168,2,2122,0.07682114777392272,0.5942693178481554,0.22047497454552148,0.10843455983240041,2,-0.06266211269239837,0.15625031805314693,0.11710466094246771,-0.21069286630321638,0.20507121658885905,2,1.2354258057999932,1.0806663554110436,-0.15475945038894956
tm4188,ricardo quaresma_1983,2021,0.5656135562931174,0.012975107160543651,0.00686745587750451,0.41454388066883446,1,2122,0.14715963477738123,0.1405976918099787,0.02178980037744489,0.6904528730351952,4,-0.4184539215157361,0.12762258464943504,0.01492234449994038,0.27590899236636074,0.4377372327205843,1,0.7779289547172031,0.8969483153879874,0.11901936067078422
tm426620,pedro goncalves_1998,2021,0.11067169048572184,0.020629383588281654,0.017547617259045672,0.8511513086669509,4,2122,0.27253900713635,0.10037350460432491,0.030691037794143936,0.5963964504651813,4,0.16186731665062815,0.07974412101604325,0.013143420535098264,-0.2547548582017696,0.1809223660569873,1,0.5317908173935002,1.0002060892538427,0.4684152718603425
tm430761,lucas fernandes_1997,2021,0.2140484043003016,0.7416914905079413,0.011165886577634735,0.033094218614122234,2,2122,0.19224470115291878,0.6040691732620721,0.1739858551750189,0.029700270409990168,2,-0.021803703147382808,-0.13762231724586915,0.16281996859738418,-0.003393948204132066,0.21430269678451322,3,0.7145883231475312,1.0302070879105107,0.31561876476297956
tm43250,jan vertonghen_1987,2021,0.0009247645458870756,0.016165506631132986,0.9801928734450561,0.002716855377923688,3,2122,0.00843191937081295,0.017349615921056636,0.9689566040155565,0.005261860692573854,3,0.0075071548249258735,0.0011841092899236502,-0.011236269429499623,0.0025450053146501665,0.013565147956001037,3,0.10880268144333326,0.16877402013668577,0.05997133869335251
tm432958,lucas mineiro_1996,2021,0.4034882132112107,0.4754741695660554,0.07744523316810209,0.04359238405463184,2,2122,0.10603685804541757,0.36673352997522873,0.31416581687585204,0.2130637951035016,2,-0.29745135516579313,-0.1087406395908267,0.23672058370774995,0.16947141104886976,0.39539659854319276,1,1.0543855137432017,1.299004497498664,0.24461898375546243
tm433358,tomas ribeiro_1999,2021,3.049580085016456e-05,0.0015981716522018494,0.9982926090907824,7.872345616561235e-05,3,2122,0.009113981561891867,0.03290074752910499,0.9380296492581179,0.019955621650885335,3,0.009083485761041702,0.03130257587690314,-0.0602629598326645,0.019876898194719723,0.06851266523711992,3,0.013057387688122564,0.29326912020069634,0.28021173251257375
tm435497,fabio china_1992,2021,0.030132043188490647,0.8543253938302576,0.10093492218839407,0.014607640792857571,2,2122,0.008495736327481029,0.047462008131904154,0.9310914531508429,0.012950802389771813,3,-0.02163630686100962,-0.8068633856983535,0.8301565309624488,-0.0016568384030857582,1.1578672285088654,3,0.5332420223003738,0.3079350053602743,-0.22530701694009947
tm438202,bruno tabata_1997,2021,0.22959776966359044,0.18706228666120797,0.012614866374678903,0.5707250773005227,4,2122,0.11425105606893769,0.06351786511829757,0.015786420506482688,0.8064446583062821,4,-0.11534671359465275,-0.1235444215429104,0.003171554131803785,0.2357195810057594,0.16905072371057794,2,1.0266643774233923,0.6619081398350989,-0.36475623758829345
tm445517,heriberto tavares_1997,2021,0.9969041308363238,0.0006901682965057882,0.00033240536069989955,0.0020732955064705636,1,2122,0.12157856958136151,0.7089642534354405,0.037415072371128205,0.13204210461206986,2,-0.8753255612549623,0.7082740851389346,0.037082667010428304,0.1299688091055993,1.1265975954431626,1,0.02358689654525276,0.8903090859508525,0.8667221894055996
tm44699,vitorino antunes_1987,2021,0.06127700825606597,0.8251197731637654,0.06352271149357289,0.05008050708659572,2,2122,0.03380659817127723,0.09915016979032198,0.7160450899317305,0.15099814210667017,3,-0.02747041008478874,-0.7259696033734434,0.6525223784381576,0.10091763502007445,0.9765100833145612,2,0.6547554990924973,0.8682821058734892,0.2135266067809919
tm448466,jovane cabral_1998,2021,0.550207134818365,0.013222446751572083,0.0059519916886979435,0.43061842674136497,1,2122,0.515618826446629,0.2832248904389127,0.0762161590255184,0.12494012408893986,1,-0.03458830837173599,0.2700024436873406,0.07026416733682045,-0.3056783026524251,0.28113115068360983,2,0.7792335632595402,1.1548914295944912,0.375657866334951
tm451801,abdul mumin_1998,2021,0.0010302914062070446,0.02150528747746494,0.9749643219997719,0.0025000991165560166,3,2122,0.0030155536221251234,0.011960398658662958,0.9794081581167642,0.005615889602447659,3,0.0019852622159180788,-0.009544888818801982,0.0044438361169922835,0.0031157904858916427,0.010714189099690566,2,0.12935366282348326,0.11992152844829392,-0.009432134375189347
tm451858,rui costa_1996,2021,0.4952522100294938,0.025929584253438866,0.016629773241666073,0.46218843247540126,1,2122,0.7560910754925936,0.18949915857031394,0.010475551822906144,0.04393421411418636,1,0.26083886546309976,0.16356957431687508,-0.006154221418759929,-0.4182542183612149,0.30794446547965737,1,0.867546172209898,0.7116576049318537,-0.15588856727804434
tm45287,adel taarabt_1989,2021,0.24334599690437733,0.6866489194066199,0.04456915455687139,0.025435929132131444,2,2122,0.3026400865741476,0.49119262770013716,0.17591768719637546,0.030249598529339793,2,0.05929408966977026,-0.1954562917064827,0.13134853263950408,0.004813669397208349,0.24284025214936522,2,0.8340794729599234,1.1224372667942215,0.28835779383429816
tm454121,galeno_1997,2021,0.8974111085324311,0.06495804313277728,0.010229764592364906,0.027401083742426672,1,2122,0.6232601626082703,0.22413803519223688,0.033967050596672925,0.11863475160281997,1,-0.2741509459241608,0.1591799920594596,0.02373728600430802,0.0912336678603933,0.31790009400755465,1,0.4201768953478102,0.9976521873953104,0.5774752920475001
tm461629,gustavo assuncao_2000,2021,0.061068762839492856,0.34841251355772546,0.5519387323005667,0.03857999130221504,3,2122,0.07612321041199717,0.29468236668825953,0.5261377137295941,0.10305670917014928,3,0.015054447572504313,-0.05373014686946592,-0.02580101857097261,0.06447671786793424,0.06147566700433053,2,0.9916942843228285,1.1281831185404614,0.13648883421763292
tm461943,daniel braganca_1999,2021,0.08413500582838275,0.8325776911943839,0.027794351422150542,0.055492951555082944,2,2122,0.43382877657080166,0.2001435521487906,0.07680867917953696,0.2892189921008707,1,0.3496937707424189,-0.6324341390455932,0.049014327757386414,0.23372604054578777,0.7243349210495795,2,0.6208571142166387,1.2401891618061633,0.6193320475895246
tm462738,naoufel khacef_1997,2021,8.542489567440329e-41,1.0,5.214760671553718e-40,3.1494579603085714e-41,2,2122,0.00925246051475617,0.06148475260381464,0.904103277365261,0.025159509516168244,3,0.00925246051475617,-0.9385152473961853,0.904103277365261,0.025159509516168244,1.3031880960794977,2,8.289306334778563e-11,0.3986014697047997,0.3986014696219066
tm466336,nahuel ferraresi_1998,2021,0.005198190386173299,0.03967992440374176,0.9369594175878329,0.018162467622252057,3,2122,0.0028624165936274905,0.011867163542090164,0.9809997110486702,0.004270708815612036,3,-0.0023357737925458087,-0.027812760861651596,0.044040293460837376,-0.013891758806640021,0.052139744476493534,3,0.28919593711092956,0.11150084474832289,-0.17769509236260667
tm467486,antoine leautey_1996,2021,0.8407822998519758,0.11341440788693155,0.017037715213446387,0.028765577047646238,1,2122,0.5127802982174129,0.4428535847933379,0.03075425777243357,0.013611859216815686,1,-0.32800200163456295,0.32943917690640634,0.013716542558987181,-0.015153717830830553,0.46508453844094066,2,0.5641404555101239,0.8687668700209583,0.3046264145108344
tm476701,manuel ugarte_2001,2021,0.16534410286518184,0.7233749793668413,0.06796853043012828,0.04331238733784857,2,2122,0.0393600362424654,0.09255839256414873,0.503216125637352,0.36486544555603384,3,-0.12598406662271644,-0.6308165868026925,0.43524759520722367,0.32155305821818525,0.7766865650710505,2,0.8505419059063906,1.0610544972109517,0.21051259130456113
tm478940,reggie cannon_1998,2021,0.002192343877434293,0.2425078963947452,0.7511830595540239,0.0041167001737967045,3,2122,0.004150262931583882,0.018443191829647626,0.9674283533958457,0.009978191842922814,3,0.001957919054149589,-0.22406470456509758,0.21624529384182178,0.0058614916691261095,0.31140143286054883,2,0.5945189993310537,0.17441562674725672,-0.42010337258379693
tm480692,luis diaz_1997,2021,0.9284027747506148,0.011429874356247349,0.005437786111273694,0.05472956478186411,1,2122,0.08225913129434717,0.027773148611944076,0.007220337761492846,0.8827473823322158,4,-0.8461436434562677,0.016343274255696726,0.0017825516502191514,0.8280178175503518,0.8463033412820903,1,0.30744296109159286,0.4506990793609862,0.14325611826939333
tm487474,francisco conceicao_2002,2021,0.2349668167780562,0.6047064754362432,0.05608639948381953,0.10424030830188119,2,2122,0.1686329108082456,0.10940468823939364,0.03857838381620507,0.6833840171361557,4,-0.06633390596981059,-0.4953017871968496,-0.01750801566761446,0.5791437088342746,0.5000305771592597,2,1.0417500847898593,0.9279899673207073,-0.11376011746915204
tm491616,jackson porozo_2000,2021,0.006149658475405122,0.016678843332191162,0.9338184203275909,0.04335307786481295,3,2122,0.0064110422682329155,0.02319864745242475,0.9585855725000597,0.0118047377792826,3,0.00026138379282779345,0.0065198041202335875,0.02476715217246883,-0.03154834008553035,0.025612262570643685,3,0.2995867965012916,0.21263489926117934,-0.08695189724011226
tm498237,david carmo_1999,2021,0.0010050005171073375,0.07141480658838377,0.9235044947145022,0.004075698180006622,3,2122,0.026101327289000893,0.06862431832746753,0.8810362331869162,0.02423812119661532,3,0.025096326771893555,-0.0027904882609162407,-0.04246826152758609,0.0201624230166087,0.04940815397635719,3,0.29133834480287246,0.48076204068798445,0.189423695885112
tm51058,lica_1988,2021,0.9426223960431431,0.017493271653753008,0.013428019265256925,0.026456313037846887,1,2122,0.11037555655355206,0.6072471281674258,0.23823491822834525,0.04414239705067699,2,-0.8322468394895911,0.5897538565136727,0.22480689896308834,0.017686084012830103,1.044501103366848,1,0.2804523121113615,1.0256462438424039,0.7451939317310423
tm512913,stephen eustaquio_1996,2021,0.021488021060487455,0.701610599790303,0.2615113887588869,0.015389990390322463,2,2122,0.06844039932761734,0.297008154402314,0.5865031051446317,0.04804834112543701,3,0.04695237826712988,-0.40460244538798906,0.32499171638574476,0.03265835073511455,0.5210827960681802,2,0.7461517818452416,1.0029073156648534,0.2567555338196118
tm516127,walterson_1994,2021,0.988554578736365,0.009240538616019823,0.0012234041823342054,0.0009814784652810253,1,2122,0.13130665928485477,0.7985840626693693,0.029729926335708135,0.04037935171006782,2,-0.8572479194515102,0.7893435240533495,0.02850652215337393,0.039397873244786795,1.165654243836561,1,0.06966624200879572,0.6803084808115558,0.6106422388027601
tm517300,vitor tormena_1996,2021,0.0005450029437873393,0.014247627202131755,0.9840484839842003,0.0011588858698805117,3,2122,0.012671332370542115,0.042158353764944985,0.9069119866252714,0.038258327239241365,3,0.012126329426754776,0.02791072656281323,-0.07713649735892891,0.03709944136936085,0.08292222710126854,3,0.08832257720983933,0.4023068061693849,0.3139842289595456
tm518472,willyan_1995,2021,0.01323217285226993,0.8531197122848592,0.11739875535784404,0.01624935950502697,2,2122,0.019819161950279426,0.05798592143429484,0.9015492857010536,0.020645630914372094,3,0.006586989098009496,-0.7951337908505643,0.7841505303432096,0.004396271409345124,1.1167690844643323,2,0.5111848573796045,0.41637845863086537,-0.09480639874873914
tm520530,fali cande_1998,2021,0.029029173173644465,0.4664854579676125,0.4888625100718853,0.015622858786857742,3,2122,0.04973818167137081,0.14411020664371368,0.7897859281483667,0.016365683536548797,3,0.020709008497726347,-0.32237525132389877,0.3009234180764814,0.0007428247496910553,0.4414856387765502,2,0.8732978168959786,0.6821195991128772,-0.1911782177831014
tm524315,hidemasa morita_1995,2021,0.05997157872407391,0.6373877104922455,0.26580728542916693,0.03683342535451359,2,2122,0.04230614901322293,0.08965466368740165,0.8539511849663475,0.014088002333027939,3,-0.01766542971085098,-0.5477330468048439,0.5881438995371806,-0.022745423021485647,0.8038885523079599,3,0.9296083013162583,0.5449071074130449,-0.38470119390321333
tm537296,jean patric_1997,2021,0.21020473345115342,0.70793486101733,0.03940835586494296,0.04245204966657359,2,2122,0.7698951598421756,0.15599790911975325,0.008802029077347185,0.06530490196072393,1,0.5596904263910222,-0.5519369518975767,-0.03060632678759577,0.022852852294150343,0.7866540024071454,1,0.8339336837304955,0.7110135120110448,-0.12292017171945069
tm537598,fabio vieira_2000,2021,0.4643643776550263,0.22111150214019049,0.01484076952172688,0.2996833506830563,1,2122,0.06970195983931056,0.03813793088679391,0.011302641876075058,0.8808574673978204,4,-0.39466241781571576,-0.18297357125339658,-0.0035381276456518222,0.5811741167147642,0.43502904519193347,1,1.1134963673441334,0.4726440039465506,-0.6408523633975828
tm537602,joao mario lopes_2000,2021,0.2085009817055229,0.024558983776766876,0.0163882443461643,0.7505517901715459,4,2122,0.002439801932282249,0.007806324682019011,0.9837237876967542,0.006030085688944608,3,-0.20606117977324065,-0.016752659094747865,0.9673355433505899,-0.7445217044826014,0.989181436757517,3,0.7006659810936028,0.09952291302390735,-0.6011430680696954
tm539135,leo andrade_1998,2021,6.390153841764853e-05,0.00044548619597474683,0.9992793010106642,0.00021131125494326474,3,2122,0.002439690181156022,0.004713271754423823,0.9877045032383599,0.005142534826060077,3,0.0023757886427383736,0.004267785558449076,-0.011574797772304302,0.004931223571116812,0.012563212515818226,3,0.0065632893592854884,0.07924947796273994,0.07268618860345445
tm539203,andre luis_1994,2021,0.8945002786292672,0.01719493214626793,0.03835779307703106,0.04994699614743392,1,2122,0.8293455741687026,0.14385259574480574,0.00393261338155672,0.02286921670493489,1,-0.0651547044605646,0.1266576635985378,-0.034425179695474345,-0.02707777944249903,0.146534611128735,2,0.4443511226352191,0.5422907450532307,0.09793962241801163
tm544784,zaidu sanusi_1997,2021,0.004050828738069412,0.7087506174569057,0.28439833458119884,0.002800219223825882,2,2122,0.09567530093674442,0.09187676802953641,0.7335988018222989,0.07884912921142039,3,0.091624472198675,-0.6168738494273693,0.4492004672411,0.0760489099875945,0.7685762485158184,2,0.640360310429679,0.8714262103813162,0.23106589995163718
tm546543,darwin nunez_1999,2021,0.16862654570906246,0.007882360239990263,0.01326086710468541,0.8102302269462619,4,2122,0.01845738654524194,0.006501395676909826,0.0026621830305937283,0.9723790347472545,4,-0.1501691591638205,-0.0013809645630804375,-0.010598684074091681,0.1621488078009926,0.1505490469288854,1,0.5661703257040914,0.14944556606706666,-0.41672475963702477
tm54716,steven vitoria_1987,2021,0.0043098694679629896,0.014521604856278509,0.9715989288617846,0.009569596813973916,3,2122,0.14256736548336055,0.4391449629348749,0.3853488523428724,0.03293881923889212,2,0.13825749601539755,0.4246233580785964,-0.5862500765189121,0.023369222424918207,0.7369594857580855,3,0.1574168584455704,1.1189911145979543,0.9615742561523839
tm54781,nicolas otamendi_1988,2021,0.0002549333742116299,0.020111390777789614,0.9788156426267722,0.000818033221226332,3,2122,0.013529563565598224,0.041622745181337864,0.8857096385555878,0.05913805269747615,3,0.013274630191386595,0.02151135440354825,-0.09310600407118441,0.05832001947624982,0.09647632957931461,3,0.10744741586710325,0.4652697711003621,0.35782235523325884
tm549006,goncalo inacio_2001,2021,0.00026441528220215335,0.001917062449425467,0.997436573274339,0.0003819489940334168,3,2122,0.1706566366007689,0.0915724030668347,0.6644995655179132,0.07327139481448312,3,0.17039222131856677,0.08965534061740923,-0.33293700775642576,0.0728894458204497,0.38460192448933667,3,0.019739398075057105,0.9837495792089005,0.9640101811338434
tm553062,vitor carvalho_1997,2021,0.11205871304346518,0.5800685235198108,0.20443100102415482,0.10344176241256932,2,2122,0.019128139090788,0.09974693901835369,0.860014671871909,0.02111025001894918,3,-0.09293057395267718,-0.48032158450145707,0.6555836708477543,-0.08233151239362013,0.8180066415350067,3,1.1203995016657897,0.5167493488619217,-0.603650152803868
tm553875,pedro porro_1999,2021,0.4558342725283644,0.5048409805771988,0.019035445657193367,0.020289301237243335,2,2122,0.16901966633843002,0.38808786537656464,0.17844501184608,0.2644474564389253,2,-0.2868146061899344,-0.1167531152006342,0.15940956618888663,0.24415815520168196,0.3482891299272326,1,0.8576688487334206,1.3270977416132779,0.46942889287985723
tm56036,luis neto_1988,2021,0.00019477539627850323,0.00575425257647305,0.9931958030913796,0.0008551689358690116,3,2122,0.005334717468394521,0.012145627222424663,0.9767670291984999,0.005752626110681022,3,0.005139942072116018,0.0063913746459516125,-0.016428773892879667,0.00489745717481201,0.018362278888879396,3,0.0441655620609334,0.13412469507063518,0.08995913300970178
tm560903,patrick_1997,2021,0.001128621801833784,0.1630756937185763,0.8333672498582373,0.0024284346213525225,3,2122,0.014210463787071881,0.06148367180759635,0.9045041904127863,0.019801673992545628,3,0.013081841985238096,-0.10159202191097996,0.071136940554549,0.017373239371193106,0.12470981443795515,2,0.46993141656389587,0.4003706233625014,-0.06956079320139447
tm564544,pedro amador_1998,2021,0.0025572334753544766,0.6666368796361407,0.3069709135610811,0.02383497332742368,2,2122,0.00545231521702208,0.00870724369846214,0.9741299442215174,0.011710496862998179,3,0.0028950817416676035,-0.6579296359376786,0.6671590306604364,-0.012124476464425502,0.9370063818006525,3,0.7371866122240227,0.14733183373349115,-0.5898547784905316
tm581121,tiago esgaio_1995,2021,0.00541064978641313,0.38683624038871883,0.6024183194357267,0.005334790389141309,3,2122,1.2924612618278648e-40,3.104776043279438e-40,1.0,4.2827187326766845e-41,3,-0.00541064978641313,-0.38683624038871883,0.39758168056427334,-0.005334790389141309,0.5547456576932367,3,0.7288666530841171,8.289306334778563e-11,-0.7288666530012241
tm58267,andre castro_1988,2021,0.2687857220946924,0.4650968874410106,0.16216031864948963,0.10395707181480733,2,2122,0.07863173437566646,0.18216755532553439,0.7137720738803921,0.02542863641840701,3,-0.19015398771902597,-0.2829293321154762,0.5516117552309024,-0.07852843539640032,0.6484466628225285,3,1.2395105562783824,0.8442078307769848,-0.39530272550139756
tm585264,pedrao_1997,2021,1.3560061773060594e-41,5.214760671553718e-40,1.0,3.1494579603085714e-41,3,2122,0.01837925683311226,0.06191242416294802,0.8870936217010433,0.03261469730289651,3,0.01837925683311226,0.06191242416294802,-0.11290637829895667,0.03261469730289651,0.13007227071154484,3,8.289306334778563e-11,0.46361368217827004,0.46361368209537696
tm58965,ruben lima_1989,2021,0.008526877211589762,0.8844934330947654,0.0971558611105312,0.009823828583113828,2,2122,0.027721203378593014,0.04145456368815713,0.9057522818145042,0.02507195111874564,3,0.019194326167003253,-0.8430388694066082,0.808596420703973,0.015248122535631813,1.1682941106855989,2,0.42111742656394086,0.41342762403043654,-0.00768980253350432
tm593208,matheus silva_1997,2021,0.007765111726056068,0.7745194314088685,0.2072751154997437,0.010440341365331673,2,2122,0.02221801617520058,0.18052708078912286,0.7838680294281745,0.013386873607502249,3,0.014452904449144512,-0.5939923506197456,0.5765929139284307,0.0029465322421705752,0.8279463674866058,2,0.6094434440734797,0.6422477287799147,0.03280428470643493
tm594546,ze uilton_1992,2021,0.11251402357275231,0.08597866206334855,0.7583741747775639,0.043133139586335315,3,2122,0.12816816627085964,0.20069248997198777,0.6572225990843202,0.013916744672832377,3,0.01565414269810733,0.11471382790863922,-0.10115157569324362,-0.02921639491350294,0.15373989645596747,2,0.8021062758069317,0.920965719067141,0.11885944326020925
tm595012,ibrahima camara_1999,2021,0.03271033900639884,0.8337315107082618,0.08300633635425639,0.05055181393108307,2,2122,0.10151283938043804,0.33677135135728287,0.4621391707496847,0.09957663851259435,3,0.0688025003740392,-0.4969601593509789,0.37913283439542833,0.04902482458151128,0.6288440904998482,2,0.6209546142214855,1.1851695642347078,0.5642149500132223
tm595809,beto_1998,2021,0.1885444150837303,0.011401113949491302,0.017171915038053136,0.7828825559287252,4,2122,0.04625388273473742,0.033072736009425195,0.0035528805889195408,0.9171205006669177,4,-0.14229053234899286,0.021671622059933893,-0.013619034449133595,0.1342379447381925,0.14457431617751157,1,0.6270037717370743,0.35429707513974373,-0.2727066965973306
tm597087,lucas africo_1995,2021,0.00030580348900012587,0.003716532714879923,0.9957936344106946,0.0001840293854253754,3,2122,0.011550390531004087,0.037229201166033316,0.9398055758676663,0.011414832435296252,3,0.011244587042003961,0.033512668451153395,-0.05598805854302824,0.011230803049870876,0.06621330971851273,3,0.029048838153270185,0.28343741195100686,0.25438857379773666
tm598629,bruno duarte_1996,2021,0.8362956612889277,0.010073322487564334,0.02340773178429049,0.13022328443921743,1,2122,0.550324307139902,0.07650910340037866,0.012894395405907077,0.3602721940538123,1,-0.28597135414902575,0.06643578091281432,-0.010513336378383415,0.23004890961459484,0.29377518380749595,1,0.5491724454287441,0.9492379344742112,0.4000654890454671
tm601883,matheus nunes_1998,2021,0.7880037141104069,0.0935335813283221,0.037051265755346556,0.08141143880592437,1,2122,0.1949861422516011,0.5671206748812858,0.2278736806094234,0.010019502257689713,2,-0.5930175718588058,0.4735870935529637,0.19082241485407683,-0.07139193654823466,0.7825393087404612,1,0.7356656354887074,1.0235687939984794,0.287903158509772
tm606050,pedro pelagio_2000,2021,0.11780786316269264,0.749044059897796,0.05336505058965186,0.07978302634985955,2,2122,0.06979114265353817,0.2189206585568456,0.5564910864164216,0.1547971123731946,3,-0.04801672050915447,-0.5301234013409504,0.5031260358267697,0.07501408602333505,0.7324426489661239,2,0.826516116031136,1.133309273835563,0.30679315780442706
tm610335,ivan jaime pajuelo_2000,2021,0.9643392160963149,0.004605419764722795,0.00254904133348127,0.028506322805481082,1,2122,0.21221727220390008,0.644424201300162,0.04735686663112393,0.09600165986481396,2,-0.7521219438924148,0.6398187815354391,0.044807825297642656,0.06749533705933287,0.9884650893672992,1,0.17643470465677868,0.9815360341551748,0.8051013294983961
tm617679,ze carlos_1998,2021,0.04399151123874469,0.5034416531789728,0.25302573644725795,0.1995410991350245,2,2122,0.002056183644274021,0.006530790986842483,0.9870623391973271,0.00435068617155661,3,-0.04193532759447067,-0.4969108621921303,0.7340366027500691,-0.19519041296346787,0.8874056067221148,3,1.1522561150227566,0.08208942476389659,-1.07016669025886
tm629567,yanis hamache_1999,2021,0.2892550904135444,0.3528753800576055,0.07255806535474044,0.28531146417410963,2,2122,0.2634987104869018,0.20676053746950193,0.4194901548088196,0.11025059723477668,3,-0.025756379926642592,-0.14611484258810356,0.34693208945407916,-0.17506086693933295,0.377325871130572,3,1.2745513239217536,1.2848447155490457,0.010293391627292037
tm637782,andre amaro_2002,2021,0.0002673672994415953,0.009634843629890973,0.9897723783160598,0.00032541075460776233,3,2122,0.003279664626038897,0.008681582443229275,0.9830953457930509,0.004943407137680978,3,0.003012297326597302,-0.0009532611866616986,-0.006677032523008886,0.004617996383073216,0.007386840013641783,3,0.05971642810916021,0.10297627553016259,0.043259847421002376
tm63837,andre andre_1989,2021,0.7805070560502526,0.15409345082980846,0.037176941880466184,0.02822255123947285,1,2122,0.05461240878511538,0.4171477787257173,0.41113508870281457,0.11710472378635281,2,-0.7258946472651372,0.2630543278959088,0.3739581468223484,0.08888217254687997,0.8578842077621848,1,0.7046802826305516,1.1400872621295428,0.4354069794989912
tm64339,pizzi_1989,2021,0.8921619729174236,0.025397352088959827,0.008503164589768578,0.07393751040384795,1,2122,0.014623114938603313,0.007534099959261201,0.00575432473351873,0.9720884603686168,4,-0.8775388579788203,-0.017863252129698626,-0.0027488398562498483,0.8981509499647689,0.877724956441354,1,0.4281998332466318,0.1558119546328993,-0.2723878786137325
tm644158,lucas_1999,2021,0.9276397789952663,0.0412679756349441,0.019121710002753766,0.011970535367035831,1,2122,0.07892821435480107,0.8610322446983709,0.016454439457946942,0.04358510148888103,2,-0.8487115646404653,0.8197642690634268,-0.002667270544806824,0.0316145661218452,1.1799711399520414,1,0.32986189076822714,0.5333812098140083,0.20351931904578113
tm646677,riccieli_1998,2021,3.159155147046322e-05,0.0006463975563796237,0.9991528897445692,0.0001691211475809445,3,2122,0.09023895385897138,0.11648718454236191,0.7527890176246506,0.040484843974016124,3,0.09020736230750091,0.11584078698598228,-0.24636387211991861,0.04031572282643518,0.2867954212150676,3,0.007390127675950821,0.8110932645388231,0.8037031368628723
tm651205,luquinha_2000,2021,0.7665858142321553,0.08020311257766004,0.029368971755877507,0.12384210143430724,1,2122,0.23287955812189443,0.6331618758387865,0.047102169216667204,0.08685639682265185,2,-0.5337062561102609,0.5529587632611265,0.017733197460789697,-0.03698570461165539,0.7687133587825108,2,0.7684163282136519,0.9848846271298661,0.21646829891621422
tm657386,bruno rodrigues_2001,2021,4.72417521861418e-05,0.0012499113711694249,0.9986032168711797,9.963000546462296e-05,3,2122,0.008426603137497973,0.025393823630991925,0.9573138379069303,0.008865735324579868,3,0.008379361385311831,0.0241439122598225,-0.041289378964249446,0.008766105319115244,0.048558778935317834,3,0.011139602413869814,0.21718378532952953,0.2060441829156597
tm674798,goncalo franco_2000,2021,0.19058931521391492,0.572969513432732,0.1937365283767204,0.04270464297663277,2,2122,0.037245767921908486,0.44153635657212353,0.45253354487125635,0.06868433063471145,3,-0.15334354729200644,-0.1314331568606084,0.25879701649453596,0.025979687658078683,0.32827551532959964,3,1.087665285876374,1.0262639605184705,-0.06140132535790355
tm694928,samuel lino_1999,2021,0.8239563196702074,0.01826401100041236,0.027896482523518933,0.12988318680586153,1,2122,0.8151035834067627,0.14151982352768278,0.008355093864370972,0.03502149920118364,1,-0.008852736263444738,0.12325581252727041,-0.01954138865914796,-0.09486168760467789,0.12510888110696067,2,0.597612414732255,0.6007187158288159,0.0031063010965608484
tm700933,derik lacerda_1999,2021,0.2511156462624327,0.025440425480958012,0.01779144733218342,0.7056524809244259,4,2122,0.6013202212957666,0.17731736869655507,0.027200530409130567,0.19416187959854783,1,0.35020457503333385,0.15187694321559705,0.009409083076947145,-0.5114906013258781,0.38183554195378483,1,0.7581001776193617,1.0288625738763826,0.2707623962570209
tm70359,david simao_1990,2021,0.12303372875204108,0.38427396176309087,0.053125415742412904,0.43956689374245506,4,2122,0.14135666925613483,0.3508851520744009,0.37101148071950757,0.13674669794995667,3,0.01832294050409375,-0.03338880968868996,0.31788606497709465,-0.3028201957924984,0.3201594806776238,3,1.1425487736044706,1.283981461555104,0.14143268795063335
tm711337,evanilson_1999,2021,0.26813983261720165,0.020268906317580916,0.017481684696001556,0.6941095763692159,4,2122,0.22551584420263637,0.05136919666554156,0.007603489263111243,0.715511469868711,4,-0.04262398841456527,0.031100290347960642,-0.009878195432890313,0.02140189349949506,0.05368064076650747,1,0.7561383603774903,0.7649974466842427,0.008859086306752473
tm740273,nathan_2001,2021,0.07489061637202508,0.23012252300896363,0.23428168027876764,0.46070518034024355,4,2122,0.0028509959761237593,0.0096786474771957,0.9852726823184751,0.002197674228205337,3,-0.07203962039590132,-0.22044387553176792,0.7509910020397075,-0.4585075061120382,0.7859851743581778,3,1.229220977030073,0.08966391813238468,-1.1395570588976884
tm75442,nicolas gaitan_1988,2021,0.7933823011722435,0.08758418029644026,0.01641673630351402,0.10261678222780223,1,2122,0.3858732237102041,0.13962674785775375,0.0422056841477271,0.43229434428431507,4,-0.4075090774620394,0.052042567561313494,0.02578894784421308,0.32967756205651283,0.41162743699035403,1,0.6980064106398451,1.1384735670212525,0.4404671563814073
tm782612,tiago melo almeida_2001,2021,0.0027535374234364364,0.1098646458351649,0.8713840848719602,0.015997731869438463,3,2122,0.00028158426332526804,0.0006483941466827857,0.9987333510085363,0.00033667058145562395,3,-0.0024719531601111685,-0.10921625168848212,0.12734926613657616,-0.01566106128798284,0.16778598204508074,3,0.4449896070804959,0.011019843604169195,-0.4339697634763267
tm83466,andre almeida_1990,2021,0.011730463287284878,0.20264479244182182,0.7010818269550593,0.08454291731583398,3,2122,0.005271449987490836,0.021764275216736694,0.9616439530883711,0.011320321707401406,3,-0.0064590132997940424,-0.18088051722508514,0.26056212613331187,-0.07322259560843257,0.31725715427635853,3,0.8334691546000661,0.19929256153477332,-0.6341765930652927
tm85953,yohan tavares_1988,2021,1.6645960427121527e-05,0.0008438283129149609,0.9990461386802403,9.338704641756766e-05,3,2122,0.010545268491937048,0.029580152636944957,0.9450166971818792,0.014857881689238704,3,0.010528622531509928,0.028736324324029998,-0.054029441498361086,0.014764494642821136,0.06209515904393578,3,0.007975330041203285,0.26812769176751095,0.2601523617263077
tm95429,osama rashid_1992,2021,0.25891589804017406,0.5729709254770445,0.1225408299626442,0.04557234652013715,2,2122,0.047618668413009706,0.7998952438106899,0.14421914595495608,0.008266941821344404,2,-0.21129722962716435,0.22692431833364535,0.021678315992311875,-0.037305404698792746,0.31082328561992706,2,1.0669591805440457,0.6424857649571523,-0.42447341558689344
tm99499,rafael martins_1989,2021,0.388036466546278,0.015363307292490583,0.05891827817027452,0.5376819479909569,4,2122,0.6200739928150287,0.2512854337419382,0.010168083991399762,0.11847248945163338,1,0.23203752626875074,0.2359221264494476,-0.04875019417887476,-0.41920945853932357,0.3344805596411073,2,0.9319491808291336,0.9427773325407541,0.010828151711620548
anderson_1998,anderson_1998,2122,2.1310037993526065e-38,1.0,3.104776043279438e-40,4.2827187326766845e-41,2,2223,0.36697217995692616,0.3750926667322791,0.1137269074648846,0.14420824584591016,2,0.36697217995692616,-0.6249073332677209,0.1137269074648846,0.14420824584591016,0.7335608805788647,2,8.289306334778563e-11,1.2621835283987288,1.2621835283158358
christian neiva afonso_1994,christian neiva afonso_1994,2122,0.03366298654118709,0.06344443422791157,0.6661097502814906,0.23678282894941083,3,2223,0.013409863237487229,0.29708582742341305,0.644950317048869,0.044553992290230854,3,-0.02025312330369986,0.23364139319550148,-0.021159433232621594,-0.19222883665917997,0.2354701918133494,2,0.9008700770767792,0.839876855069823,-0.06099322200695623
cristian gonzalez_1996,cristian gonzalez_1996,2122,0.004545921007904577,0.018680051889036636,0.9682484410068278,0.008525586096230971,3,2223,0.00019795691681994464,0.004632926490976303,0.9947915051223367,0.000377611469867144,3,-0.004347964091084632,-0.014047125398060332,0.026543064115508885,-0.008147974626363828,0.030344040210990502,3,0.17073450766443748,0.0347591481279274,-0.13597535953651008
diederrick joel_1993,diederrick joel_1993,2122,0.5056487237795441,0.1557425814246597,0.008791994767997647,0.32981670002779856,1,2223,0.5467282405085696,0.03267633779552589,0.027086241464368405,0.3935091802315361,1,0.041079516729025545,-0.12306624362913379,0.01829424669637076,0.06369248020373752,0.13102483153152028,2,1.0418789509702864,0.9066591320072765,-0.13521981896300983
lamine diaby_1996,lamine diaby_1996,2122,0.005818903721244221,0.010898745089621683,0.005580053330613053,0.977702297858521,4,2223,0.004792570494566196,0.9484230628399087,0.042198018033674824,0.004586348631850217,2,-0.0010263332266780252,0.9375243177502871,0.03661796470306177,-0.9731159492266708,0.9382397215381728,2,0.1302000887471744,0.23408782311896292,0.10388773437178853
paulo sergio mota_1991,paulo sergio mota_1991,2122,0.04253205970894213,0.1104834852908746,0.8320796731045569,0.014904781895626443,3,2223,0.0021497151893077045,0.9047771103830199,0.08957633963421993,0.0034968347934524204,2,-0.040382344519634426,0.7942936250921453,-0.7425033334703369,-0.011407947102174023,1.088046091314833,2,0.5933271176689016,0.33963782301887446,-0.2536892946500271
tm102427,sebastian coates_1990,2122,0.03841000690785546,0.10242987199480656,0.8390771166207435,0.020083004476594644,3,2223,0.0007043061419283438,0.004762149541035739,0.9932587110222681,0.0012748332947677104,3,-0.037705700765927115,-0.09766772245377082,0.15418159440152468,-0.018808171181826934,0.18636702479718,3,0.5842896593717727,0.0457907468472406,-0.5384989125245321
tm126956,edgar costa_1987,2122,0.1647702657243049,0.5384840869859085,0.08677103393406017,0.20997461335572642,2,2223,0.04586871412030374,0.31928389533789203,0.06710962124971241,0.5677377692920917,4,-0.11890155160400115,-0.21920019164801652,-0.019661412684347762,0.3577631559363653,0.25014570582184764,2,1.1702665285393374,1.0085700886435014,-0.16169643989583604
tm127031,pierre sagna_1990,2122,0.0015187704745230652,0.0022660984844281454,0.993112093127942,0.003103037913106604,3,2223,0.0017760989888649654,0.239210768058652,0.7376515156395322,0.021361617312950755,3,0.00025732851434190026,0.23694466957422383,-0.2554605774884098,0.01825857939984415,0.34842926012078007,3,0.04844178305876934,0.6600337341767036,0.6115919511179343
tm129670,luiz carlos_1985,2122,0.022832336007580577,0.0926510333273381,0.8524114417944444,0.032105188870636875,3,2223,0.009869026421824465,0.8326155718922115,0.13759687537794701,0.019918526308016986,2,-0.012963309585756111,0.7399645385648734,-0.7148145664164973,-0.012186662562619889,1.0289195450034698,2,0.5532249889228271,0.549016284774382,-0.004208704148445097
tm137192,zainadine junior_1988,2122,0.016223462295732544,0.06506505927720871,0.8676280520959204,0.05108342633113832,3,2223,0.0003424641128584693,0.004268522433217279,0.9946291331211594,0.0007598803327649004,3,-0.015880998182874074,-0.06079653684399143,0.127001081025239,-0.050323545998373416,0.14169579943345736,3,0.5197769389528838,0.03683792243493215,-0.4829390165179516
tm138651,joaozinho_1989,2122,0.0030284634680393073,0.004219377855370814,0.9891613101440654,0.003590848532524599,3,2223,0.002372441032917519,0.09514829262219879,0.8907496913650744,0.011729574979809195,3,-0.0006560224351217885,0.09092891476682798,-0.09841161877899096,0.008138726447284597,0.13399009148743013,3,0.07162996375018484,0.3933556887959018,0.321725725045717
tm139336,paulo oliveira_1992,2122,0.015483705079014014,0.03229939216274952,0.9139279726077595,0.03828893015047696,3,2223,0.00018285790416802398,0.0027293381537405823,0.9956291258502871,0.0014586780918043173,3,-0.015300847174845991,-0.029570054009008938,0.08170115324252758,-0.036830252058672644,0.08822461368304581,3,0.38258789991534214,0.03157380832459204,-0.3510140915907501
tm139395,ricardo esgaio_1993,2122,0.08985281926325167,0.1020624866589188,0.5814393197805483,0.22664537429728124,3,2223,0.010455752359244484,0.9065131398879274,0.019388146506456334,0.06364296124637205,2,-0.07939706690400719,0.8044506532290085,-0.5620511732740919,-0.16300241305090918,0.9845538426578413,2,1.101141707261044,0.3884102570676191,-0.712731450193425
tm14132,pepe_1983,2122,0.030194081496073544,0.05430616179912929,0.899489695713607,0.016010060991190147,3,2223,3.4368392633466443e-05,0.0007646429129624897,0.9990581403678634,0.0001428483265406548,3,-0.030159713103440077,-0.0535415188861668,0.0995684446542564,-0.015867212664649494,0.117005032840418,3,0.4253578840879585,0.00804656245769284,-0.41731132163026563
tm149729,joao mario_1993,2122,0.46782865877469776,0.40520731258357195,0.10430897698428278,0.022655051657447755,1,2223,0.6898737133552528,0.192923998398578,0.010220194128809425,0.1069820941173597,1,0.22204505458055507,-0.21228331418499397,-0.09408878285547335,0.08432704245991195,0.3212801126809298,1,1.0430170695330512,0.8595200244115508,-0.18349704512150034
tm155025,fabio cardoso_1994,2122,0.011798141300544941,0.0440723188916858,0.912067001169513,0.032062538638256206,3,2223,0.0058038088587594044,0.02148792409034842,0.9643181518652056,0.008390115185686558,3,-0.005994332441785537,-0.02258439480133738,0.05225115069569264,-0.023672423452569646,0.057237834157044226,3,0.384217538503851,0.18755268842742623,-0.19666485007642476
tm155395,salvador agra_1991,2122,0.6392129022842267,0.31133243092376733,0.014289376064098832,0.03516529072790725,1,2223,0.06420100910055869,0.8442955188367612,0.02069777648688281,0.0708056955757973,2,-0.575011893183668,0.5329630879129938,0.006408400422783978,0.03564040484789005,0.7840468085365812,1,0.8277784199912729,0.5869191548096293,-0.24085926518164358
tm167791,stefano beltrame_1993,2122,0.06939099573650181,0.3099160967384713,0.5886134552765828,0.0320794522484442,3,2223,0.017977696269917257,0.8538718872439967,0.09714874354550353,0.031001672940582488,2,-0.05141329946658456,0.5439557905055253,-0.4914647117310793,-0.0010777793078617093,0.7348937285509004,2,0.9704825903965785,0.5413296568978678,-0.42915293349871064
tm175600,arsenio nunes_1989,2122,0.33483604971031156,0.6398203630708394,0.01669215814191039,0.00865142907693869,2,2223,0.021896309678839942,0.8897722470160848,0.052024568014267636,0.03630687529080763,2,-0.3129397400314716,0.24995188394524537,0.03533240987235725,0.02765544621386894,0.40206417941185796,1,0.7614845783194211,0.4617627686024726,-0.29972180971694845
tm176997,anderson carvalho_1990,2122,0.039337180622854837,0.25740500739431427,0.4588251716216369,0.24443264036119403,3,2223,0.026867698604845763,0.8595438674859577,0.09933443782666362,0.014253996082532937,2,-0.012469482018009074,0.6021388600916434,-0.35949073379497326,-0.23017864427866108,0.7013988041754202,2,1.1784290748104091,0.5172498691460935,-0.6611792056643157
tm177859,tiago ilori_1993,2122,0.1307688749559543,0.12281380799426767,0.5169770783098925,0.2294402387398856,3,2223,0.0004905369503817513,0.0023969877223016843,0.9947565856473038,0.002355889680012739,3,-0.13027833800557254,-0.12041682027196599,0.47777950733741137,-0.22708434905987285,0.5096527382340692,3,1.2024183318173465,0.0376849712381691,-1.1647333605791774
tm177964,yusupha njie_1994,2122,0.7608916792052365,0.1704976521804979,0.005792172089710994,0.06281849652455473,1,2223,0.9717710154130005,0.0030900986850142718,0.0015150943359702451,0.023623791566015136,1,0.210879336207764,-0.1674075534954836,-0.004277077753740748,-0.0391947049585396,0.26928363634072144,1,0.7132280744425242,0.1440054775302392,-0.569222596912285
tm181783,claudio winck_1994,2122,0.157282045953461,0.2849173985133717,0.5150536157746238,0.042746939758543295,3,2223,0.005962748843358079,0.9522879714354687,0.0312990306210037,0.010450249100169461,2,-0.15131929711010295,0.667370572922097,-0.48375458515362013,-0.03229669065837383,0.8380331198332287,2,1.125144532989198,0.2331878403988144,-0.8919566925903837
tm182108,sebastian perez_1993,2122,0.013634875756524908,0.10945518468031291,0.8623054436603663,0.01460449590279585,3,2223,0.014659499026265274,0.838508946811651,0.11485656376130145,0.03197499040078241,2,0.001024623269740366,0.7290537621313381,-0.7474488798990648,0.01737049449798656,1.0441265565021651,3,0.49017632129063043,0.5682301014617659,0.07805378017113546
tm182936,filipe ferreira_1990,2122,0.0024480187384480164,0.008583911807130713,0.9862452257557536,0.002722843698667772,3,2223,0.0017822098593715827,0.3360151884908377,0.6464798162922454,0.015722785357545295,3,-0.0006658088790764338,0.32743127668370703,-0.3397654094635082,0.012999941658877523,0.4718603794769075,3,0.08530082194919256,0.7250332428866154,0.6397324209374229
tm184992,juan delgado_1993,2122,0.18688087504616657,0.38473270941297694,0.25414300165631304,0.17424341388454342,2,2223,0.010149431724223341,0.6704127194568097,0.29984480331302027,0.019593045505946493,2,-0.17673144332194324,0.28568001004383275,0.04570180165670723,-0.15465036837859694,0.3390217188794409,2,1.3335471846737899,0.7528731014743162,-0.5806740831994737
tm186848,giorgi aburjania_1995,2122,0.6233184809393546,0.2503115374275728,0.0996418523875254,0.02672812924554721,1,2223,0.01128256198427794,0.7460463539210862,0.22299842174353104,0.019672662351104823,2,-0.6120359189550767,0.4957348164935134,0.12335656935600564,-0.007055466894442388,0.7972188015710151,1,0.967936613616435,0.6810778666742486,-0.2868587469421864
tm190442,alan ruiz_1993,2122,0.5279688816852897,0.2112792306017871,0.04925265858745347,0.21149922912546984,1,2223,0.17348483631346992,0.7380142119435094,0.031132475108472293,0.05736847663454832,2,-0.35448404537181977,0.5267349813417223,-0.01812018347898118,-0.1541307524909215,0.6351669229750135,2,1.1425332641207564,0.8000785694531295,-0.3424546946676269
tm193082,alex grimaldo_1995,2122,0.47694510297455645,0.1513721253327514,0.2266437189691296,0.14503905272356246,1,2223,0.025322653238625772,0.6689134268960517,0.12600054111260975,0.17976337875271275,2,-0.4516224497359307,0.5175413015633004,-0.10064317785651986,0.03472432602915029,0.6942196231585342,2,1.2553598376916595,0.9315586514624508,-0.3238011862292087
tm193303,nuno sequeira_1990,2122,0.007508458604984861,0.010237197265076143,0.965234387153251,0.01701995697668792,3,2223,0.006159223519324729,0.3443195298505271,0.6263332382837073,0.023188008346440855,3,-0.0013492350856601316,0.33408233258545095,-0.3389011488695437,0.006168051369752934,0.4758852950934173,3,0.18711608360125204,0.7787843084034611,0.5916682248022092
tm193830,iuri medeiros_1994,2122,0.317231221791815,0.08588480293857381,0.026681800924455292,0.570202174345156,4,2223,0.44352944969414015,0.12035421930710004,0.012493110515543136,0.42362322048321654,1,0.12629822790232514,0.034469416368526226,-0.014188690408912156,-0.14657895386193942,0.13168409915997617,1,0.992054499864272,1.03402001670349,0.04196551683921812
tm194005,nino galovic_1992,2122,0.01161921736748715,0.032827064401759413,0.9427248273880733,0.01282889084267999,3,2223,0.00012868591989909065,0.0015564550891120938,0.9978766505201456,0.0004382084708430837,3,-0.011490531447588059,-0.03127060931264732,0.05515182313207234,-0.012390682371836907,0.06443296450205924,3,0.27540451363659224,0.016725483144690058,-0.25867903049190216
tm197880,raphael guzzo_1995,2122,0.8462224027554393,0.10011694446686707,0.04795798079442258,0.005702671983270989,1,2223,1.9272024003872337e-41,1.0,1.8448969258361287e-40,2.3486483913466776e-41,2,-0.8462224027554393,0.899883055533133,-0.04795798079442258,-0.005702671983270989,1.2361965201709293,2,0.5468408148723634,8.289306334778563e-11,-0.5468408147894703
tm211072,paulinho_1992,2122,0.5358124733061743,0.1571795474225783,0.011641608279001013,0.29536637099224633,1,2223,0.89643414104368,0.015234821678691623,0.005374741799242703,0.08295629547838576,1,0.3606216677375057,-0.1419447257438867,-0.00626686647975831,-0.21241007551386057,0.38760232974501363,1,1.0372240326627846,0.39635613166467143,-0.6408679009981132
tm214070,ewerton_1992,2122,0.1561745737362402,0.7823290010460499,0.05445899674285463,0.007037428474855313,2,2223,0.03193292321921131,0.9133774489784637,0.0297103734285963,0.0249792543737287,2,-0.12424165051702887,0.13104844793241388,-0.02474862331425833,0.017941825898873387,0.1822695196258584,2,0.675401520698223,0.3893738496300585,-0.2860276710681645
tm214538,mateus uribe_1991,2122,0.09234395214921746,0.1760802135013091,0.6992048307916556,0.03237100355781775,3,2223,0.0031978416857395497,0.9323885954725503,0.05679105665477285,0.007622506186937425,2,-0.08914611046347791,0.7563083819712412,-0.6424137741368828,-0.024748497370880328,0.9963156401720878,2,0.8870359041803932,0.2837153423519503,-0.603320561828443
tm215122,ivo rodrigues_1995,2122,0.16149568561594474,0.4716637095814162,0.16097929781126838,0.2058613069913706,2,2223,0.06343021294755267,0.7333853654411114,0.037841506767701975,0.16534291484363375,2,-0.09806547266839206,0.26172165585969526,-0.1231377910435664,-0.04051839214773684,0.30541443590423967,2,1.2683014607120164,0.8238193466602326,-0.44448211405178384
tm222813,marko grujic_1996,2122,0.1325284321244119,0.5477556029486343,0.23475462575656306,0.08496133917039055,2,2223,0.013459660871217343,0.6923811432777554,0.21638931898297356,0.07776987686805384,2,-0.11906877125319455,0.144625540329121,-0.018365306773589496,-0.007191462302336707,0.18823178184388475,2,1.147229771500058,0.8423635592475744,-0.30486621225248345
tm223977,igor juliao_1994,2122,0.0063146462181948824,0.015685624760023643,0.9646625548589367,0.013337174162844655,3,2223,0.008829766210674383,0.5622012008618623,0.41317861103546444,0.01579042189199886,2,0.002515119992479501,0.5465155761018387,-0.5514839438234722,0.0024532477291542044,0.7764149284020702,3,0.18944172485939548,0.7962332271443842,0.6067915022849887
tm226155,carlinhos_1994,2122,0.11718520652280147,0.7990116278960561,0.08006033450197769,0.003742831079164687,2,2223,0.013728777603823359,0.8387733325720313,0.12276396954097243,0.02473392028317297,2,-0.1034564289189781,0.039761704675975285,0.04270363503899474,0.020991089204008283,0.11877637092010643,1,0.6535920306387744,0.5553428437157778,-0.09824918692299656
tm228433,wendell_1993,2122,0.07016491836985558,0.07112286426838389,0.7892410626163348,0.06947115474542559,3,2223,0.002280207471060623,0.17625780311612568,0.813240258846676,0.008221730566137715,3,-0.06788471089879496,0.10513493884774179,0.02399919623034119,-0.06124942417928787,0.12742704092944243,2,0.7464930449568375,0.5274136588883087,-0.21907938606852884
tm231289,otavio_1995,2122,0.13412389016876688,0.38088109775612017,0.17418090528133687,0.3108141067937761,2,2223,0.054028650777531564,0.8162797686743865,0.01914409428868173,0.11054748625940038,2,-0.08009523939123532,0.4353986709182663,-0.15503681099265515,-0.20026662053437572,0.46906679990519934,2,1.3047202468659345,0.642561187329489,-0.6621590595364455
tm231614,gilberto_1993,2122,0.11700221688570674,0.06849717332589798,0.5775447501955157,0.23695585959287954,3,2223,0.07343821247367965,0.5228907430131776,0.20321587582689266,0.2004551686862501,2,-0.04356400441202708,0.4543935696872796,-0.374328874368623,-0.03650069090662944,0.5903333336680557,2,1.0929166318442913,1.176789539931139,0.08387290808684766
tm235568,joao pedro_1993,2122,0.21504231492956177,0.6156204372741947,0.1441060601471088,0.025231187649134703,2,2223,0.007726469260884556,0.45344595710810615,0.5220462579713222,0.016781315659687,3,-0.20731584566867722,-0.16217448016608854,0.3779401978242134,-0.008449871989447702,0.4605640183664649,3,1.0011612402797654,0.8041186195497896,-0.1970426207299758
tm236997,tiago silva_1993,2122,0.09601046985486966,0.4462033006147711,0.4032200590821792,0.05456617044817993,2,2223,0.002709586317440564,0.9813222589524011,0.01040792193799696,0.0055602327921614545,2,-0.0933008835374291,0.53511895833763,-0.3928121371441823,-0.049005937656018475,0.6703422480561664,2,1.1099894103082761,0.11090196076163955,-0.9990874495466366
tm238055,rafa silva_1993,2122,0.28697449217117643,0.12961022187690474,0.01585821189993833,0.5675570740519805,4,2223,0.751636305616484,0.05104490798252379,0.00890433554975767,0.18841445085123468,1,0.46466181344530755,-0.07856531389438096,-0.00695387635018066,-0.3791426232007459,0.4713082492572117,1,1.01026045998085,0.7229793015302313,-0.28728115845061875
tm238367,cassiano_1989,2122,0.4591873694848438,0.16633365954150453,0.013904099757844299,0.3605748712158072,1,2223,0.8000501757009426,0.053644149590065124,0.04470797985211964,0.10159769485687273,1,0.3408628062160988,-0.1126895099514394,0.030803880094275343,-0.25897717635893447,0.36032659816265544,1,1.083001118430137,0.7066671477182439,-0.376333970711893
tm249360,ali alipour_1995,2122,0.7766879341870054,0.1637625367933353,0.004941218189955303,0.054608310829704014,1,2223,0.513301102228127,0.04919539624694917,0.00863798284876841,0.42886551867615547,1,-0.26338683195887846,-0.11456714054638613,0.0036967646588131073,0.37425720784645145,0.28724887991296416,1,0.6775997389350149,0.8946178350306078,0.21701809609559286
tm257388,wilson manafa_1994,2122,0.01707641224046385,0.0564688630692567,0.918936735881657,0.007517988808622375,3,2223,0.00042533460335843887,0.0037950864814867264,0.9944870729903513,0.0012925059248035371,3,-0.01665107763710541,-0.05267377658776997,0.0755503371086943,-0.0062254828838188385,0.0935929407793802,3,0.34624867835814044,0.038550094055388104,-0.3076985843027523
tm257456,francisco geraldes_1995,2122,0.10631929939278044,0.8140100163643949,0.06938296735653887,0.01028771688628586,2,2223,0.006061960427806923,0.9807644283965091,0.006330684562138518,0.0068429266135453855,2,-0.10025733896497352,0.16675441203211427,-0.06305228279440035,-0.003444790272740474,0.20453400283106662,2,0.6380099763727993,0.11615701637279746,-0.5218529600000019
tm258015,diogo goncalves_1997,2122,0.11597218518196185,0.6176783775564575,0.2184073589810445,0.047942078280536066,2,2223,0.1341826691652425,0.157199418884289,0.03982278731180319,0.6687951246386653,4,0.018210483983280637,-0.4604789586721685,-0.1785845716692413,0.6208530463581292,0.4942316686989982,2,1.0253608028939099,0.9577723603025143,-0.06758844259139551
tm261927,ricardo horta_1994,2122,0.6659333573615636,0.1030807511353669,0.019250053021151962,0.21173583848191757,1,2223,0.6948437185108804,0.061303461558762234,0.009549197620060781,0.2343036223102966,1,0.028910361149316888,-0.04177728957660466,-0.00970085540109118,0.02256778382837904,0.05172289146658655,2,0.9097145454581312,0.8085478170016689,-0.10116672845646235
tm262002,welinton junior_1993,2122,0.42609653462932934,0.14677537358952766,0.014781444967708175,0.4123466468134349,1,2223,0.8763092241447276,0.014658094095215443,0.008726734031763652,0.10030594772829333,1,0.4502126895153982,-0.13211727949431223,-0.006054710935944523,-0.3120406990851416,0.4692367215661882,1,1.0727274351723834,0.44963542749840013,-0.6230920076739833
tm264848,ruben lameiras_1994,2122,0.14910304007048455,0.8223010732424798,0.013872904963421015,0.014722981723614496,2,2223,0.24198868612414745,0.5810797380794799,0.04718404866569519,0.12974752713067753,2,0.0928856460536629,-0.24122133516299993,0.03331114370227418,0.11502454540706303,0.26062445793781563,2,0.5660951338254959,1.067850026750568,0.501754892925072
tm265589,fahd moufi_1996,2122,0.010770238474780574,0.07483096039378194,0.8972250120170843,0.017173789114353116,3,2223,0.0077326051392525704,0.673156120999106,0.29852139306403663,0.02058988079760479,2,-0.0030376333355280035,0.5983251606053241,-0.5987036189530477,0.0034160916832516736,0.8464326602731869,3,0.40990408639856507,0.7448548891156191,0.3349508027170541
tm271256,jhonder cadiz_1995,2122,0.05411601540178397,0.028566532305308395,0.0047725308610697854,0.9125449214318379,4,2223,0.6956885411609235,0.013566249088300075,0.005496871349596057,0.28524833840118025,1,0.6415725257591395,-0.01500028321700832,0.0007243404885262719,-0.6272965830306576,0.6417482676055273,1,0.36842784277661195,0.6971875173326263,0.32875967455601435
tm271498,denilson_1995,2122,0.5027303813057233,0.2572246655093875,0.010551775172920651,0.22949317801196867,1,2223,0.3750802718397006,0.15945861056969085,0.19669632022052086,0.26876479737008785,1,-0.12765010946602273,-0.09776605493969664,0.1861445450476002,0.03927161935811918,0.2459726480650591,3,1.0808022283446483,1.333552623697945,0.2527503953532966
tm27178,ruben fernandes_1986,2122,0.028195149637020477,0.09480263296162088,0.7894236143924361,0.08757860300892244,3,2223,0.00142731144692653,0.011417681582256853,0.9758172162719285,0.011337790698887908,3,-0.026767838190093946,-0.08338495137936403,0.1863936018794924,-0.07624081231003453,0.2059420843332432,3,0.7239023835954466,0.13509524211892593,-0.5888071414765206
tm278985,flavio ramos_1994,2122,0.011965557830969267,0.04908934903613948,0.9175183839022988,0.021426709230592474,3,2223,0.00012844205716080673,0.0011632876731866469,0.9979049557912815,0.0008033144783712226,3,-0.01183711577380846,-0.04792606136295283,0.08038657188898268,-0.02062339475222125,0.09433464691019226,3,0.362244874802251,0.016828485112491888,-0.3454163896897591
tm284883,fran navarro_1998,2122,0.5185440020871414,0.12379237635649215,0.008500636987674155,0.3491629845686924,1,2223,0.9099698595856123,0.005524938474220936,0.002986595018006842,0.08151860692215994,1,0.3914258574984709,-0.11826743788227122,-0.0055140419696673125,-0.2676443776465324,0.4089398408574217,1,1.0070871838477422,0.3362951982609122,-0.6707919855868301
tm290336,rochinha_1995,2122,0.6712197268029126,0.302094467801885,0.007991463437511443,0.01869434195769084,1,2223,0.6950190560519245,0.03876059544576333,0.008319743444881471,0.2579006050574307,1,0.023799329249011847,-0.26333387235612166,0.00032828000737002844,0.23920626309973983,0.2644073451523923,2,0.7421879689105042,0.7681908953934564,0.026002926482952216
tm290391,nuno santos_1995,2122,0.4559214633652281,0.12610105164138014,0.08084544749194045,0.3371320375014513,1,2223,0.29810582968331123,0.35006274976631246,0.021836661789829074,0.3299947587605473,2,-0.15781563368191687,0.22396169812493233,-0.05900878570211138,-0.0071372787409040295,0.28026175845353213,2,1.1891113175188155,1.1776054479161095,-0.011505869602705943
tm290530,bilel aouacheria_1994,2122,0.12617389860895464,0.5836124161672182,0.24905839227316018,0.041155292950667034,2,2223,0.3901751297130644,0.49324217194182013,0.024010734308665793,0.09257196403644967,2,0.2640012311041098,-0.09037024422539802,-0.22504765796449439,0.051416671085782635,0.35848274633676264,1,1.052987789378634,1.025660457870451,-0.027327331508183006
tm291939,samu_1996,2122,0.49665788694483576,0.281844874946264,0.1500578582150178,0.0714393798938826,1,2223,0.0035090998141804877,0.9882891898843219,0.0036969558307741357,0.00450475447072349,2,-0.4931487871306553,0.7064443149380579,-0.14636090238424365,-0.06693462542315912,0.8738883281652573,2,1.1776575468662378,0.07651813570012,-1.101139411166118
tm291941,carraca_1993,2122,0.016778373996405187,0.05923060869565199,0.9019715167161888,0.022019500591754115,3,2223,0.006849652778277049,0.3032302284723294,0.6185950101440144,0.07132510860537913,3,-0.009928721218128139,0.2439996197766774,-0.2833765065721744,0.04930560801362502,0.3740810586400226,3,0.4130699404878498,0.8814174250976583,0.4683474846098085
tm292365,paulo henrique_1996,2122,0.028419975916627593,0.19301765587868736,0.7221207322580809,0.056441635946604125,3,2223,0.0009533165540620009,0.0375043494409405,0.9591874973450735,0.0023548366599238143,3,-0.027466659362565593,-0.15551330643774686,0.23706676508699254,-0.05408679928668031,0.2848498849649602,3,0.8160428536524329,0.18398671384993762,-0.6320561398024953
tm295414,adrian marin_1997,2122,0.35840119212668786,0.09593413658684076,0.305322993294097,0.24034167799237435,1,2223,0.00034872110661236886,0.01373998307303881,0.982782812118489,0.00312848370185974,3,-0.3580524710200755,-0.08219415351380195,0.6774598188243919,-0.2372131942905146,0.7706550830280757,3,1.2975191125927374,0.09679640322126426,-1.2007227093714732
tm299400,pedro sa_1993,2122,0.09385037207336644,0.31925657615591113,0.571219947570848,0.01567310419987451,3,2223,0.014463905080907294,0.5127407896491145,0.43958774910281817,0.033207556167160014,2,-0.07938646699245915,0.19348421349320338,-0.13163219846802987,0.017534451967285505,0.24711411875114525,2,0.9715761703258435,0.87814965452378,-0.09342651580206351
tm302371,toni martinez_1997,2122,0.062734305912173,0.03791337737160492,0.00577099103152755,0.8935813256846945,4,2223,0.36686049200418774,0.018143193652050187,0.007013076322715667,0.6079832380210465,4,0.30412618609201475,-0.019770183719554732,0.0012420852911881166,-0.285598087663648,0.30477063507997343,1,0.42806423242998015,0.777944446981746,0.3498802145517659
tm307058,mehdi taremi_1992,2122,0.09766630758601676,0.03910227269593009,0.0061025468292879494,0.8571288728887652,4,2223,0.6311051961681925,0.013464930384478243,0.005794901929661462,0.3496349715176677,1,0.5334388885821757,-0.02563734231145185,-0.00030764489962648717,-0.5074939013710975,0.5340546936578366,1,0.517202337250221,0.7457568595437056,0.2285545222934846
tm308371,mikel villanueva_1993,2122,0.004357536229481961,0.015433893695962318,0.9708169961568693,0.00939157391768635,3,2223,0.00030923013758087884,0.0033219059485550414,0.9953644801944969,0.0010043837193671097,3,-0.004048306091901082,-0.012111987747407276,0.02454748403762752,-0.00838719019831924,0.02767070656822202,3,0.16065690098030813,0.03301625957122288,-0.12764064140908526
tm314367,marcus edwards_1998,2122,0.7345897131705799,0.19275526774862287,0.013630560368844278,0.05902445871195298,1,2223,0.8033407489453435,0.08440343523247265,0.013960806703018669,0.09829500911916535,1,0.0687510357747636,-0.10835183251615021,0.0003302463341743906,0.03927055040721237,0.12832355041983495,2,0.7694955820354249,0.6722269077263229,-0.09726867430910202
tm314942,bruno lourenco_1998,2122,0.7060542070119605,0.2056577312842483,0.009000943269847121,0.0792871184339439,1,2223,0.12234275782254167,0.8494121685475415,0.018625097878465967,0.009619975751450802,2,-0.5837114491894189,0.6437544372632933,0.009624154608618846,-0.06966714268249309,0.8690405374681445,2,0.814373587842688,0.5145292619924573,-0.2998443258502307
tm324803,nicolas janvier_1998,2122,0.4120493215527815,0.21968489719096954,0.2925208181597101,0.07574496309653893,1,2223,0.020321920310932735,0.8231746075773845,0.07974390227005826,0.07675956984162448,2,-0.3917274012418488,0.603489710386415,-0.21277691588965184,0.00101460674508555,0.7502827489430124,2,1.2532971547369263,0.6380692392535913,-0.615227915483335
tm329721,jorge silva_1996,2122,0.02417915921149152,0.026880652249657043,0.9085196029609041,0.040420585577947234,3,2223,0.0006485220355180363,0.01685432689028556,0.9778799737766436,0.004617177297552756,3,-0.023530637175973486,-0.010026325359371483,0.06936037081573954,-0.03580340828039448,0.07392617348284823,3,0.4040593752877605,0.12028399224712338,-0.2837753830406371
tm329722,andre horta_1996,2122,0.11655962945356028,0.5751762801934842,0.27611136935492947,0.03215272099802608,2,2223,0.0044478819091771545,0.9681810136665661,0.014425426179045723,0.012945678245210786,2,-0.11211174754438313,0.39300473347308185,-0.26168594317588373,-0.019207042752815297,0.4852847590081059,2,1.0345044646917414,0.1728147801997823,-0.861689684491959
tm334557,chiquinho_1995,2122,0.14417188834389597,0.8020170909102347,0.013188530653884945,0.04062249009198436,2,2223,0.001444666896185945,0.9812060006474529,0.013849659054858037,0.0034996734015029134,2,-0.14272722144771002,0.17918890973721824,0.0006611284009730919,-0.037122816690481446,0.2290854910415742,2,0.6433868543018195,0.10712471311525117,-0.5362621411865683
tm340376,abel ruiz_2000,2122,0.5537152449140929,0.3829176315617749,0.02433185826405471,0.0390352652600775,1,2223,0.9428470923533349,0.011328256716624987,0.003964011629490834,0.041860639300549334,1,0.389131847439242,-0.3715893748451499,-0.020367846634563876,0.0028253740404718328,0.5384395113342036,1,0.9118989789228085,0.26100729307287174,-0.6508916858499367
tm340524,ivanildo fernandes_1996,2122,0.012601577389602686,0.0517164999276579,0.9189390105060476,0.016742912176691625,3,2223,0.0001578878756550933,0.0011183123583182622,0.9983951073349344,0.00032869243109225673,3,-0.012443689513947594,-0.05059818756933964,0.07945609682888677,-0.016414219745599368,0.09501733166798064,3,0.3544594369775717,0.01322191391917352,-0.34123752305839816
tm343289,andre bukia_1995,2122,0.17885985650864736,0.7479808994846464,0.03318172839351911,0.03997751561318706,2,2223,0.6852898251244025,0.2275038305857828,0.041157328032963875,0.046049016256850754,1,0.5064299686157552,-0.5204770688988636,0.007975599639444768,0.006071500643663692,0.7262446575027702,2,0.7667562052686985,0.8688672542029936,0.10211104893429512
tm344395,jorge fernandes_1997,2122,0.004305737338285214,0.014234181123179875,0.9738190601833677,0.0076410213551671175,3,2223,0.00012162683536683153,0.0005971763471012964,0.9988675991641653,0.0004135976533664323,3,-0.004184110502918382,-0.013637004776078578,0.02504853898079762,-0.0072274237018006855,0.02882540520159187,3,0.1470613543632292,0.00988336988670213,-0.13717798447652707
tm344399,leonardo ruiz_1996,2122,0.5902691957333736,0.20438924304339878,0.010696719877437741,0.1946448413457899,1,2223,0.9036089914052587,0.007847154841646789,0.00749313516929971,0.081050718583795,1,0.3133397956718852,-0.196542088201752,-0.0032035847081380306,-0.1135941227619949,0.369893069604428,1,1.0027822080088322,0.369952590673179,-0.6328296173356532
tm344474,ilija vukotic_1999,2122,0.08424318796213005,0.12805700629310418,0.7805827865938679,0.007117019150897849,3,2223,0.0004995525341098534,0.9706337213061161,0.027435637871120813,0.0014310882886530345,2,-0.0837436354280202,0.8425767150130119,-0.7531471487227471,-0.005685930862244815,1.133216283321954,2,0.7001718374156392,0.1407571102834939,-0.5594147271321452
tm344519,bruno costa_1997,2122,0.018168843180985276,0.1550636307782238,0.8187366705133147,0.008030855527476188,3,2223,0.01694001641129834,0.7973701290851293,0.04402240939485959,0.14166744510871274,2,-0.0012288267696869346,0.6423064983069054,-0.7747142611184551,0.13363658958123656,1.0063505026395239,3,0.5643337304044881,0.6639775505666173,0.09964382016212925
tm344869,simon banza_1996,2122,0.17432741312767866,0.05043016295987736,0.0067066764463707225,0.7685357474660733,4,2223,0.672412537784214,0.009519838868372953,0.004244474855142199,0.31382314849227094,1,0.4980851246565353,-0.040910324091504406,-0.0024622015912285234,-0.4547125989738024,0.49976845484490523,1,0.6910574853866384,0.6980597907264556,0.007002305339817272
tm345061,murilo costa_1994,2122,0.7840572907887191,0.1669333649358379,0.019338481649113056,0.029670862626329873,1,2223,0.6676027829353133,0.24429933742798313,0.02252694054090757,0.0655709390957961,1,-0.11645450785340583,0.07736597249214522,0.003188458891794515,0.03590007646946623,0.13984746107505489,1,0.6702506047075224,0.8781605525199809,0.20790994781245853
tm345345,xadas_1997,2122,0.7227121923523506,0.20258120825084233,0.043337073762966,0.031369525633840926,1,2223,0.45140298815622865,0.3241387716310863,0.02417434339525092,0.20028389681743414,1,-0.271309204196122,0.12155756338024395,-0.01916273036771508,0.1689143711835932,0.2979129667060848,1,0.8027635224824596,1.1362615014001278,0.3334979789176682
tm352918,henrique gomes_1995,2122,0.3897208668064119,0.267693170133005,0.19914131537636123,0.14344464768422194,1,2223,0.003398605886033129,0.022346583014299114,0.9694334970916932,0.0048213140079746445,3,-0.38632226092037875,-0.24534658711870586,0.770292181715332,-0.1386233336762473,0.8959854252749851,3,1.319944169975371,0.16007501202109786,-1.159869157954273
tm355496,lucas cunha_1997,2122,0.05761427645373083,0.06590016497770491,0.8234377088528361,0.05304784971572823,3,2223,1.6813077122672082e-05,0.0001789333056080471,0.9997521526548825,5.210096238689566e-05,3,-0.057597463376608156,-0.06572123167209687,0.17631444380204642,-0.05299574875334133,0.19678295447813088,3,0.6593986328987226,0.0024904110302036556,-0.6569082218685189
tm364406,joao gamboa_1996,2122,0.035009063531670846,0.226371696495411,0.7094082894007094,0.029210950572208662,3,2223,0.005085425386058283,0.6715543030687474,0.3137187923642963,0.009641479180898055,2,-0.029923638145612563,0.4451826065733364,-0.39568949703641315,-0.019569471391310607,0.5963666283254196,2,0.8004135465262225,0.7026781448017134,-0.09773540172450912
tm367652,rodrigo abascal_1994,2122,0.018313224938267383,0.02157194609228067,0.9375274455333763,0.022587383436075595,3,2223,0.0004464088917942832,0.015478375966985805,0.9814498458677199,0.002625369273500122,3,-0.0178668160464731,-0.006093570125294866,0.04392240033434358,-0.019962014162575474,0.04780723756546429,3,0.3021066882489483,0.10194078253365467,-0.20016590571529363
tm373187,maracas_1994,2122,0.014979115927878614,0.042771606391732366,0.8908000035287905,0.05144927415159851,3,2223,3.2507979757910125e-06,6.909839586968547e-05,0.999916428419,1.1222387154535258e-05,3,-0.014975865129902823,-0.04270250799586268,0.10911642489020945,-0.05143805176444397,0.11812779057591179,3,0.45340587758575207,0.0009145166184305396,-0.4524913609673215
tm374889,kenji gorre_1994,2122,0.7686706089043756,0.19827795520685676,0.008344402555676938,0.024707033333090794,1,2223,0.646220986144815,0.16683051218471925,0.015671008844200193,0.1712774928262654,1,-0.1224496227595605,-0.031447443022137506,0.007326606288523255,0.1465704594931746,0.1266354253212595,1,0.6544325161109038,0.9482470534836911,0.2938145373727873
tm375382,andre almeida_2000,2122,0.04380588983741691,0.47548691024711637,0.3915453332381628,0.08916186667730391,2,2223,0.0694833677150492,0.2664402095386311,0.08746215478111259,0.5766142679652071,4,0.025677477877632297,-0.20904670070848524,-0.30408317845705024,0.4874524012879032,0.3699005749763057,3,1.0731739780726826,1.0682634543586746,-0.004910523714007908
tm375383,romario baro_2000,2122,0.10470313373788084,0.6598549858938342,0.1091759822142911,0.12626589815399392,2,2223,0.035762459984674595,0.7428760737720037,0.19004527515464845,0.03131619108867323,2,-0.06894067375320626,0.08302108787816953,0.08086929294035734,-0.09494970706532069,0.13485236397888656,2,1.0136933712682257,0.7639579624953393,-0.24973540877288636
tm376441,allano_1995,2122,0.07256217919917303,0.20898793821513648,0.33271292151262166,0.3857369610730688,4,2223,0.08416399615399352,0.5952631141731123,0.09200332513623843,0.22856956453665578,2,0.011601816954820487,0.3862751759579758,-0.24070959637638323,-0.15716739653641304,0.45528477187986377,2,1.2511145783165358,1.0739613938023493,-0.1771531845141865
tm377641,al musrati_1996,2122,0.03271230120536912,0.06579883771421018,0.8942948458717327,0.007194015208687898,3,2223,0.0013041226094267634,0.9833740782886992,0.012934172295956283,0.0023876268059180535,2,-0.03140817859594235,0.917575240574489,-0.8813606735757764,-0.004806388402769845,1.2726851270931048,2,0.42633422455411735,0.09580066530056325,-0.3305335592535541
tm379249,matheus reis_1995,2122,0.04764001583147087,0.0429261648411537,0.9076727341173542,0.0017610852100213247,3,2223,0.003015686625605668,0.4950958578541012,0.49725265726594925,0.004635798254343824,3,-0.044624329205865204,0.4521696930129475,-0.4104200768514049,0.002874713044322499,0.6122853922144557,2,0.37925945569933006,0.7378787296663544,0.3586192739670243
tm384741,vitor costa_1994,2122,0.009361471319363225,0.023959115912497567,0.9194309155467973,0.04724849722134197,3,2223,0.002014387711816164,0.8030203926293835,0.1926729066745799,0.0022923129842203956,2,-0.00734708360754706,0.779061276716886,-0.7267580088722174,-0.044956184237121576,1.0654424695764624,2,0.3545808139245492,0.5198863372798649,0.16530552335531568
tm387110,petar musa_1998,2122,0.4333761438067118,0.07290128340205823,0.011112923106627448,0.4826096496846026,4,2223,0.06151857908731287,0.00833150998887689,0.0037540291068706576,0.9263958818169395,4,-0.3718575647193989,-0.06456977341318135,-0.007358893999756791,0.4437862321323369,0.37749365213016656,1,0.9548781091347904,0.30322054142059157,-0.6516575677141989
tm394328,rafik guitane_1999,2122,0.7853324541708251,0.20526561758434253,0.00450707041532831,0.004894857829504063,1,2223,0.004933751598565268,0.9648111921379611,0.02408318325970432,0.006171873003769371,2,-0.7803987025722599,0.7595455745536186,0.019576112844376013,0.0012770151742653073,1.089180810974261,1,0.5651882816251865,0.1819093996114483,-0.3832788820137382
tm396429,diogo calila_1998,2122,0.008132164076720405,0.020534008765282583,0.9686851672684427,0.0026486598895542938,3,2223,0.005113058666121686,0.2996892070427181,0.6639117867287838,0.031285947562376404,3,-0.0030191054105987193,0.2791551982774355,-0.30477338053965886,0.02863728767282211,0.4133080609041715,3,0.16545550988025232,0.7684396750342389,0.6029841651539867
tm396443,diogo mendes_1998,2122,0.010854625423443169,0.11677260592221242,0.8648593254261621,0.007513443228182245,3,2223,0.015428082762780886,0.487416525157038,0.45763637544406777,0.03951901663611335,2,0.004573457339337717,0.37064391923482554,-0.4072229499820943,0.0320055734079311,0.5506617495068147,3,0.4621858154261156,0.9000446888391143,0.4378588734129987
tm398324,rui pires_1998,2122,0.01926875454733981,0.08129424888429186,0.8770874970753496,0.022349499493018798,3,2223,0.004434157125541015,0.35669148671714124,0.6084104362587344,0.030463919898583377,3,-0.014834597421798795,0.27539723783284936,-0.26867706081661524,0.008114420405564579,0.38503385162305537,2,0.4800981635353271,0.800412223324086,0.32031405978875893
tm401534,arthur_1998,2122,0.202131372892263,0.7031730550660942,0.07762007678389261,0.017075495257750078,2,2223,0.1842104133020655,0.6520995211900633,0.02753847896018777,0.13615158654768333,2,-0.01792095959019749,-0.05107353387603086,-0.050081597823704846,0.11907609128993325,0.07374166458519148,2,0.8386897561226168,0.9608422139779058,0.12215245785528905
tm410183,joao othavio basso_1997,2122,0.010694023934207151,0.034602854926347314,0.9465161374739973,0.008186983665448231,3,2223,4.629003660979493e-05,0.0010869633705064138,0.9986973089723294,0.0001694376205543969,3,-0.010647733897597357,-0.0335158915558409,0.052181171498332124,-0.008017546044893834,0.06292506561677373,3,0.25629554649564884,0.010652912321346481,-0.24564263417430235
tm415525,kanya fujimoto_1999,2122,0.5020709928983472,0.39225351178324386,0.09501592184013669,0.010659573478272268,1,2223,0.006501690748529415,0.876388773226954,0.09728917532724216,0.019820360697274643,2,-0.4955693021498178,0.4841352614437101,0.00227325348710547,0.009160787219002375,0.6928066485592091,1,0.9850713531134954,0.45278294453724843,-0.5322884085762469
tm426213,rodrigo conceicao_2000,2122,0.022213697334172007,0.0362959000805333,0.34693539321586064,0.5945550093694341,4,2223,0.0015258913270999098,0.04340434157702338,0.9349094035668769,0.020160363529000025,3,-0.020687806007072096,0.007108441496490078,0.5879740103510163,-0.5743946458404341,0.5883807883557657,3,0.8813333535016457,0.2876950783815496,-0.593638275120096
tm426620,pedro goncalves_1998,2122,0.27253900713635,0.10037350460432491,0.030691037794143936,0.5963964504651813,4,2223,0.4953227623686524,0.16252975558955896,0.012963436621313293,0.3291840454204753,1,0.22278375523230243,0.06215625098523404,-0.01772760117283064,-0.267212405044706,0.23197040538674063,1,1.0002060892538427,1.065389430153437,0.06518334089959432
tm426624,andre vidigal_1998,2122,0.10715034692360444,0.8108326471317947,0.05840617726606882,0.023610828678531946,2,2223,0.9273668090122764,0.04965646398753293,0.007865632957171945,0.015111094043018566,1,0.8202164620886719,-0.7611761831442618,-0.05054054430889688,-0.00849973463551338,1.120133283625821,1,0.6636894776946607,0.320490546284452,-0.3431989314102087
tm435497,fabio china_1992,2122,0.008495736327481029,0.047462008131904154,0.9310914531508429,0.012950802389771813,3,2223,0.0023588013416912424,0.16980123540814054,0.7870721291078783,0.0407678341422899,3,-0.006136934985789787,0.12233922727623639,-0.14401932404296458,0.027817031752518085,0.18906642800708662,3,0.3079350053602743,0.6342532740082577,0.3263182686479834
tm443338,safira_1995,2122,0.38226147530901816,0.4521782588478869,0.008888977999208644,0.15667128784388626,2,2223,0.6226794536505149,0.009435592633051385,0.004459276073719601,0.3634256776427141,1,0.24041797834149675,-0.44274266621483555,-0.004429701925489043,0.20675438979882785,0.5038268502729706,2,1.0588750830982716,0.7309679195489353,-0.32790716354933636
tm445517,heriberto tavares_1997,2122,0.12157856958136151,0.7089642534354405,0.037415072371128205,0.13204210461206986,2,2223,0.09064803284944364,0.2610489319325186,0.09450151381536527,0.5538015214026725,4,-0.030930536731917868,-0.44791532150292185,0.057086441444237065,0.4217594167906026,0.4525966141459265,2,0.8903090859508525,1.1184369229351943,0.2281278369843418
tm44699,vitorino antunes_1987,2122,0.03380659817127723,0.09915016979032198,0.7160450899317305,0.15099814210667017,3,2223,0.00892199044280667,0.3451378701233118,0.5826806086632036,0.06325953077067785,3,-0.024884607728470558,0.24598770033298983,-0.13336448126852696,-0.08773861133599233,0.280918631067674,2,0.8682821058734892,0.8986102557493734,0.03032814987588417
tm448470,andre franco_1998,2122,0.8224225570382457,0.11947224854034214,0.029013041568617292,0.029092152852794956,1,2223,0.0711156022333927,0.8612721567838818,0.03954349814362395,0.028068742839101657,2,-0.751306954804853,0.7417999082435397,0.010530456575006657,-0.0010234100136932989,1.0558599029814246,1,0.6202373788524933,0.5446487772142216,-0.07558860163827175
tm450173,gaius makouta_1997,2122,0.05993725362266331,0.4753313220082164,0.45979454391670455,0.004936880452415597,2,2223,0.0025368149700056315,0.9795672413508524,0.014688338064727904,0.0032076056144139382,2,-0.05740043865265768,0.504235919342636,-0.44510620585197663,-0.0017292748380016583,0.6750320045751705,2,0.9056842525016453,0.11579862595814755,-0.7898856265434977
tm451317,kennedy boateng_1996,2122,0.01604738957437722,0.054876404435822486,0.8568498358930345,0.07222637009676575,3,2223,0.008895214689587129,0.12112683986576422,0.8500293879816226,0.01994855746302596,3,-0.007152174884790093,0.06625043542994175,-0.006820447911411898,-0.05227781263373979,0.06698352267499662,2,0.5477836111600276,0.5139011322929803,-0.033882478867047316
tm454121,galeno_1997,2122,0.6232601626082703,0.22413803519223688,0.033967050596672925,0.11863475160281997,1,2223,0.515850268953445,0.3715233048826427,0.014010144725676323,0.09861628143823607,1,-0.10740989365482534,0.1473852696904058,-0.0199569058709966,-0.0200184701645839,0.1834600258056189,2,0.9976521873953104,0.9975641350389315,-8.805235637887598e-05
tm461629,gustavo assuncao_2000,2122,0.07612321041199717,0.29468236668825953,0.5261377137295941,0.10305670917014928,3,2223,0.004577607672329646,0.93599968963447,0.04806477351849561,0.011357929174704878,2,-0.07154560273966752,0.6413173229462105,-0.4780729402110985,-0.0916987799954444,0.8030942772454308,2,1.1281831185404614,0.28331024539398636,-0.844872873146475
tm461937,nuno goncalo moreira_1999,2122,0.13569140258582332,0.5679894516720047,0.08729430083856672,0.2090248449036053,2,2223,0.48852383298919333,0.4343043539356628,0.033028924977532036,0.04414288809761175,1,0.35283243040337,-0.13368509773634185,-0.054265375861034686,-0.16488195680599355,0.3811917631828678,1,1.1323624156182759,0.9625574090416831,-0.1698050065765928
tm469952,kyosuke tagawa_1999,2122,0.09948475358710217,0.0389058636780028,0.005590416576914952,0.8560189661579801,4,2223,0.6602017225978765,0.1704765913770451,0.07823664221580008,0.09108504380927823,1,0.5607169690107743,0.1315707276990423,0.07264622563888513,-0.764933922348702,0.5805099911486976,1,0.5179730864746277,0.99330674276158,0.47533365628695234
tm476701,manuel ugarte_2001,2122,0.0393600362424654,0.09255839256414873,0.503216125637352,0.36486544555603384,3,2223,0.01670759565045265,0.3213214354703663,0.41985403165916796,0.24211693722001296,3,-0.022652440592012754,0.22876304290621757,-0.083362093978184,-0.12274850833602088,0.24452996048933184,2,1.0610544972109517,1.1409385222384136,0.07988402502746195
tm478365,moura_1999,2122,0.32955148468834233,0.5039329271394196,0.12019926994123147,0.046316318231006764,2,2223,0.003302264433891922,0.07348710192302238,0.9180055875914495,0.005205046051636272,3,-0.3262492202544504,-0.43044582521639724,0.797806317650218,-0.041111272179370495,0.9634402330427471,3,1.1081114662444993,0.316620907954479,-0.7914905582900202
tm478940,reggie cannon_1998,2122,0.004150262931583882,0.018443191829647626,0.9674283533958457,0.009978191842922814,3,2223,2.9273827005706764e-05,0.0004885635907391685,0.9993088531977306,0.00017330938452460597,3,-0.004120989104578175,-0.017954628238908456,0.0318804998018849,-0.009804882458398207,0.0368200691745065,3,0.17441562674725672,0.006222255003719129,-0.1681933717435376
tm479636,henrique jocu_2001,2122,0.019111981881341118,0.1569281567101351,0.8159841977266581,0.00797566368186568,3,2223,0.0009193061545617271,0.8345274719975991,0.15975828901600558,0.0047949328318335925,2,-0.018192675726779392,0.677599315287464,-0.6562259087106526,-0.003180730850032087,0.9434533633366631,2,0.5707324024109581,0.4760025293539118,-0.09472987305704633
tm479643,alexandre penetra_2001,2122,0.01953772457192522,0.03568322223024128,0.9088588661121758,0.03592018708565773,3,2223,0.002766065075835717,0.18161211469201147,0.8019670620167101,0.013654758215442705,3,-0.0167716594960895,0.14592889246177018,-0.10689180409546573,-0.022265428870215025,0.18166559388105133,2,0.40216619429498623,0.5617151789036406,0.1595489846086544
tm481628,tiago araujo_2001,2122,0.061054364151158155,0.21972864231540773,0.5964665990546404,0.1227503944787937,3,2223,0.020031571736186703,0.7797505176052898,0.15498790195212078,0.04523000870640252,2,-0.04102279241497145,0.560021875289882,-0.44147869710251963,-0.07752038577239118,0.7142904243345674,2,1.069370757759386,0.7013122651000052,-0.36805849265938084
tm487421,juan manuel boselli_1999,2122,0.5452175556099695,0.32087309693655525,0.012002845350528731,0.12190650210294636,1,2223,0.6213715966847306,0.25196455595542305,0.015482674222204841,0.11118117313764153,1,0.07615404107476109,-0.0689085409811322,0.0034798288716761105,-0.010725328965304828,0.10276154047668283,1,1.0050886061294093,0.9517417740660459,-0.053346832063363436
tm498237,david carmo_1999,2122,0.026101327289000893,0.06862431832746753,0.8810362331869162,0.02423812119661532,3,2223,2.6156726621949667e-05,0.0002524991913073924,0.9996671348750817,5.4209206989108656e-05,3,-0.026075170562378944,-0.06837181913616014,0.11863090168816559,-0.02418391198962621,0.1393840414365725,3,0.48076204068798445,0.00323300769638874,-0.4775290329915957
tm504090,paulo bernardo_2002,2122,0.06923172605496133,0.7794567319690059,0.07483044225963305,0.07648109971639967,2,2223,0.06775351830134847,0.8766979355391772,0.02623970952198601,0.029308836637488456,2,-0.0014782077536128618,0.0972412035701713,-0.04859073273764704,-0.04717226307891122,0.10871566620280529,2,0.769688218820381,0.49673282634294713,-0.27295539247743383
tm512913,stephen eustaquio_1996,2122,0.06844039932761734,0.297008154402314,0.5865031051446317,0.04804834112543701,3,2223,0.000833288309911707,0.9946198463461364,0.002521174955493382,0.002025690388458437,2,-0.06760711101770563,0.6976116919438224,-0.5839819301891382,-0.046022650736978574,0.9122870650098656,2,1.0029073156648534,0.03892106095856202,-0.9639862547062913
tm513346,matheus costa_1995,2122,0.4250580765900724,0.13253665943932513,0.207058311610574,0.23534695236002848,1,2223,4.014863496926012e-05,0.001303357936802576,0.9985147116433671,0.00014178178486100784,3,-0.4250179279551031,-0.13123330150252255,0.7914564000327932,-0.23520517057516746,0.9078907707755212,3,1.2980337228139616,0.011804926913636726,-1.286228795900325
tm514304,nelson_1998,2122,0.18091970731100465,0.0919496158078221,0.017054497436342488,0.7100761794448309,4,2223,0.45085698618107806,0.5078549806079189,0.022898014713100653,0.01839001849790239,2,0.2699372788700734,0.41590536480009677,0.0058435172767581645,-0.6916861609469286,0.4958604175445395,2,0.8413105755695859,0.8632214505977034,0.021910875028117505
tm517300,vitor tormena_1996,2122,0.012671332370542115,0.042158353764944985,0.9069119866252714,0.038258327239241365,3,2223,0.0008602618234692085,0.013022459401194023,0.9841282478563405,0.0019890309189963635,3,-0.011811070547072906,-0.029135894363750962,0.07721626123106906,-0.036269296320245004,0.08337117443306341,3,0.4023068061693849,0.09072060923957694,-0.311586196929808
tm518472,willyan_1995,2122,0.019819161950279426,0.05798592143429484,0.9015492857010536,0.020645630914372094,3,2223,0.02466090345272429,0.4199655033334393,0.5136518415775073,0.04172175163632915,3,0.004841741502444864,0.3619795818991445,-0.3878974441235463,0.021076120721957057,0.5305818384851065,3,0.41637845863086537,0.930401330314541,0.5140228716836757
tm520662,pepe_1997,2122,0.8647220391753883,0.09475333006014085,0.03323217836121356,0.0072924524032574,1,2223,0.017287302004754836,0.8607239089933754,0.08607669020668543,0.03591209879518435,2,-0.8474347371706334,0.7659705789332345,0.05284451184547187,0.02861964639192695,1.1435248593655327,1,0.4979848032529246,0.529813386603519,0.03182858335059435
tm524315,hidemasa morita_1995,2122,0.04230614901322293,0.08965466368740165,0.8539511849663475,0.014088002333027939,3,2223,0.027507552352699055,0.935187521004099,0.020953782806394736,0.016351143836807205,2,-0.014798596660523876,0.8455328573166974,-0.8329974021599528,0.0022631415037792663,1.1870254770941058,2,0.5449071074130449,0.3097632279665704,-0.23514387944647452
tm524929,kevin zohi_1996,2122,0.13496290070859301,0.5579804671632292,0.18899730129633696,0.11805933083184082,2,2223,0.8187190843052771,0.12955743513640255,0.010386387671485689,0.04133709288683475,1,0.6837561835966841,-0.4284230320268267,-0.17861091362485126,-0.07672223794500607,0.8264203963139256,1,1.162956503102723,0.6076601719088713,-0.5552963311938516
tm526111,alex mendez_2000,2122,0.03963685111581311,0.8064650197847792,0.14464443060039064,0.009253698499017025,2,2223,0.000543399464594596,0.9978524465213299,0.0011156609873721691,0.0004884930267034539,2,-0.03909345165121851,0.19138742673655063,-0.14352876961301847,-0.008765205472313572,0.2424003976512242,2,0.6244132267756548,0.01753931009137751,-0.6068739166842773
tm530032,quaresma_1996,2122,0.007012594932310207,0.041106360801102165,0.9336235537058533,0.018257490560734318,3,2223,0.0016405723109902154,0.061557165878665304,0.9323028212528672,0.004499440557477244,3,-0.005372022621319992,0.02045080507756314,-0.0013207324529860287,-0.013758050003257074,0.02118580632349938,2,0.3031886752414131,0.27179518369295663,-0.03139349154845644
tm535958,ricardo matos_2000,2122,0.23760957096962806,0.09691920576596243,0.010094031335805876,0.6553771919286036,4,2223,0.8657785014609036,0.04998879533084815,0.028363715628608312,0.05586898757963989,1,0.6281689304912755,-0.04693041043511428,0.018269684292802436,-0.5995082043489637,0.630184457141177,1,0.8909887364677649,0.5367632615903549,-0.35422547487740996
tm537602,joao mario lopes_2000,2122,0.002439801932282249,0.007806324682019011,0.9837237876967542,0.006030085688944608,3,2223,0.009881718106955008,0.3678508093585961,0.5838785221422736,0.03838895039217527,3,0.00744191617467276,0.36004448467657707,-0.3998452655544805,0.03235886470323066,0.5381111868830696,3,0.09952291302390735,0.8528144759466063,0.7532915629226989
tm539135,leo andrade_1998,2122,0.002439690181156022,0.004713271754423823,0.9877045032383599,0.005142534826060077,3,2223,0.0021419275295378724,0.026616775083050225,0.9623040941202865,0.008937203267125346,3,-0.00029776265161814966,0.0219035033286264,-0.025400409118073397,0.0037946684410652687,0.033541510163219435,3,0.07924947796273994,0.18882036721108475,0.10957088924834481
tm539183,anderson jesus_1995,2122,0.009261254611185231,0.03234044412583988,0.9301780676665149,0.02822023359645989,3,2223,0.019847846451404874,0.09436756648727984,0.8432393103344971,0.04254527672681826,3,0.010586591840219643,0.06202712236143996,-0.08693875733201784,0.014325043130358369,0.10732095490475257,3,0.32234196304914536,0.5786563564358198,0.25631439338667444
tm544784,zaidu sanusi_1997,2122,0.09567530093674442,0.09187676802953641,0.7335988018222989,0.07884912921142039,3,2223,0.0024645643139745324,0.033910184106835085,0.9530644329429786,0.010560818636211609,3,-0.0932107366227699,-0.05796658392270133,0.21946563112067974,-0.06828831057520877,0.24538445247534577,3,0.8714262103813162,0.22342950188589633,-0.6479967084954199
tm54716,steven vitoria_1987,2122,0.14256736548336055,0.4391449629348749,0.3853488523428724,0.03293881923889212,2,2223,0.003077088054619672,0.025891040132599144,0.9676245193569823,0.0034073524557989396,3,-0.13949027742874087,-0.4132539228022758,0.5822756670141099,-0.029531466783093183,0.7275172125835533,3,1.1189911145979543,0.1636049744083763,-0.955386140189578
tm54781,nicolas otamendi_1988,2122,0.013529563565598224,0.041622745181337864,0.8857096385555878,0.05913805269747615,3,2223,0.0008632849556876589,0.023493514996314073,0.970248183631931,0.0053950164160672855,3,-0.012666278609910566,-0.01812923018502379,0.08453854507634317,-0.05374303628140886,0.08738346070367299,3,0.4652697711003621,0.15169423245981298,-0.3135755386405491
tm548658,mohamed aidara_1996,2122,0.029652906130539447,0.06479187981048887,0.872382233796551,0.033172980262420784,3,2223,0.0005073843136823535,0.0023365725259114063,0.9941601204804852,0.0029959226799211786,3,-0.029145521816857093,-0.06245530728457746,0.12177788668393419,-0.030177057582499604,0.1399284836450142,3,0.5137246299284289,0.04123720887678064,-0.4724874210516483
tm549006,goncalo inacio_2001,2122,0.1706566366007689,0.0915724030668347,0.6644995655179132,0.07327139481448312,3,2223,0.0003428749247790163,0.013772048284813586,0.9842721048973595,0.0016129718930481013,3,-0.17031376167598988,-0.07780035478202112,0.3197725393794463,-0.07165842292143502,0.37055923893706083,3,0.9837495792089005,0.08772475217085085,-0.8960248270380496
tm549013,helder sa_2002,2122,0.0018478369651745833,0.006789358416270451,0.9848902328080479,0.006472571810506921,3,2223,0.00515277802050024,0.34923561047453205,0.6174156478047352,0.02819596370023247,3,0.0033049410553256564,0.3424462520582616,-0.36747458500331265,0.02172339188972555,0.5023125807776334,3,0.09314296324225026,0.7928899833621037,0.6997470201198535
tm550550,goncalo ramos_2001,2122,0.8752530875614977,0.07646659480175502,0.004337703011618663,0.043942614625128606,1,2223,0.8031496368762078,0.005421248358463876,0.003257799000324371,0.18817131576500404,1,-0.0721034506852899,-0.07104534644329115,-0.0010799040112942915,0.14422870113987543,0.10123001059294078,1,0.4741225813274288,0.5373250934021387,0.06320251207470995
tm552628,hernan de la fuente_1997,2122,0.003544369228490462,0.009368180835434056,0.9856907635336893,0.001396686402386228,3,2223,0.002652277721791132,0.05769623252473791,0.9270973374752438,0.012554152278227268,3,-0.0008920915066993303,0.04832805168930386,-0.05859342605844553,0.01115746587584104,0.07595779080915185,3,0.0871399226034864,0.30545294958349845,0.21831302698001204
tm553062,vitor carvalho_1997,2122,0.019128139090788,0.09974693901835369,0.860014671871909,0.02111025001894918,3,2223,0.0026491737103791365,0.9608057016528285,0.03303634098967648,0.003508783647115705,2,-0.016478965380408866,0.8610587626344748,-0.8269783308822326,-0.017601466371833473,1.1939794423516616,2,0.5167493488619217,0.18662698918166387,-0.3301223596802578
tm553875,pedro porro_1999,2122,0.16901966633843002,0.38808786537656464,0.17844501184608,0.2644474564389253,2,2223,0.10239061717615121,0.2260358969817886,0.018137272112432292,0.6534362137296279,4,-0.06662904916227881,-0.16205196839477604,-0.1603077397336477,0.3889887572907026,0.2374844038487618,2,1.3270977416132779,0.9202438724728071,-0.4068538691404707
tm56036,luis neto_1988,2122,0.005334717468394521,0.012145627222424663,0.9767670291984999,0.005752626110681022,3,2223,7.138373360002267e-05,0.0005437418971843592,0.999165776744627,0.00021909762458844663,3,-0.005263333734794499,-0.011601885325240304,0.02239874754612714,-0.005533528486092575,0.025768397636232423,3,0.13412469507063518,0.007448849579910961,-0.12667584549072422
tm560903,patrick_1997,2122,0.014210463787071881,0.06148367180759635,0.9045041904127863,0.019801673992545628,3,2223,0.001597099564650171,0.02238068573933893,0.9734301521121608,0.0025920625838500603,3,-0.01261336422242171,-0.03910298606825742,0.06892596169937448,-0.017209611408695567,0.08024293534415002,3,0.4003706233625014,0.1369715327916901,-0.2633990905708113
tm561217,oday dabbagh_1998,2122,0.33070008134092416,0.06585443555973867,0.012443697031394297,0.5910017860679428,4,2223,0.19310779621663732,0.010393204801457237,0.010029573624592778,0.7864694253573127,4,-0.13759228512428684,-0.05546123075828144,-0.0024141234068015185,0.19546763928936983,0.14836917818323878,1,0.9104924218372382,0.6000980667866083,-0.31039435505062996
tm565232,andre silva_1997,2122,0.8123918713818894,0.16115639078235144,0.0052283637437410485,0.02122337409201815,1,2223,1.0,1.9272024003872337e-41,8.816867783564063e-42,2.3486483913466776e-41,1,0.1876081286181106,-0.16115639078235144,-0.0052283637437410485,-0.02122337409201815,0.247377298879708,1,0.5721986156358525,8.289306334778563e-11,-0.5721986155529595
tm567497,filipe relvas_1999,2122,0.006630198639069669,0.026454487552102706,0.9640763503005453,0.0028389635082821892,3,2223,0.0009055841661511361,0.015936777124756978,0.9778642178952441,0.00529342081384775,3,-0.005724614472918533,-0.010517710427345728,0.013787867594698855,0.0024544573055655604,0.018261947768679884,3,0.18126839701372577,0.12194300510304427,-0.059325391910681494
tm57723,ivan marcano_1987,2122,0.0440293360437459,0.08682083038746174,0.8502945529402717,0.018855280628520616,3,2223,0.015172849961043998,0.03390205746521206,0.9301520842160635,0.02077300835768018,3,-0.0288564860827019,-0.05291877292224968,0.07985753127579187,0.0019177277291595636,0.10005157978813664,3,0.56244932315253,0.3261081066199069,-0.23634121653262313
tm577590,pedro brazao_2002,2122,0.7237649707130434,0.1314977451130051,0.056285725179850546,0.08845155899410095,1,2223,0.09915280552432082,0.31896894220891875,0.47678915873228095,0.10508909353447957,3,-0.6246121651887225,0.18747119709591364,0.4205034335524304,0.016637534540378612,0.775956792786623,1,0.877236347511374,1.1835336689613574,0.30629732144998334
tm581121,tiago esgaio_1995,2122,1.2924612618278648e-40,3.104776043279438e-40,1.0,4.2827187326766845e-41,3,2223,0.000703592975250048,0.026767271141255242,0.9692681449692405,0.003260990914254245,3,0.000703592975250048,0.026767271141255242,-0.03073185503075948,0.003260990914254245,0.0407606275841763,3,8.289306334778563e-11,0.15094677524402952,0.15094677516113647
tm58267,andre castro_1988,2122,0.07863173437566646,0.18216755532553439,0.7137720738803921,0.02542863641840701,3,2223,0.010218879257681807,0.9498952650370223,0.02574844186720274,0.014137413838093072,2,-0.06841285511798466,0.7677277097114878,-0.6880236320131894,-0.01129122258031394,1.0331808521323174,2,0.8442078307769848,0.25010003397600505,-0.5941077968009798
tm585264,pedrao_1997,2122,0.01837925683311226,0.06191242416294802,0.8870936217010433,0.03261469730289651,3,2223,3.857141794652397e-05,0.0009335438869068638,0.9989679718732472,5.991282189949492e-05,3,-0.018340685415165738,-0.060978880276041154,0.11187435017220382,-0.032554784480997016,0.12872713314476755,3,0.46361368217827004,0.008518896296089125,-0.4550947858821809
tm586855,loreintz rosier_1998,2122,0.3563710321324209,0.4609141545097347,0.17318250022232398,0.00953231313552037,2,2223,0.0034612817053769228,0.843288846043335,0.13495884159983057,0.01829103065145766,2,-0.352909750427044,0.38237469153360026,-0.03822365862249341,0.008758717515937289,0.5217439455809557,2,1.0727098839734388,0.5068293304744351,-0.5658805534990037
tm58965,ruben lima_1989,2122,0.027721203378593014,0.04145456368815713,0.9057522818145042,0.02507195111874564,3,2223,0.0033555833528840203,0.10025095930746956,0.8790645086205122,0.017328948719134138,3,-0.024365620025708995,0.058796395619312436,-0.02668777319399196,-0.0077430023996115024,0.06901403346504166,2,0.41342762403043654,0.43328647508223744,0.019858851051800908
tm590302,kiko bondoso_1995,2122,0.7726115207265859,0.2185731765804,0.004171656195843479,0.00464364649717077,1,2223,0.14601938261239772,0.7915501469461963,0.0349192529718832,0.027511217469522706,2,-0.6265921381141881,0.5729769703657963,0.030747596776039717,0.022867570972351935,0.8496268185642321,1,0.5794925818249844,0.6819744515624239,0.10248186973743945
tm594546,ze uilton_1992,2122,0.12816816627085964,0.20069248997198777,0.6572225990843202,0.013916744672832377,3,2223,0.037095846626626745,0.9425122555685387,0.014362327972207864,0.00602956983262651,2,-0.0910723196442329,0.7418197655965509,-0.6428602711121124,-0.007887174840205867,0.985829630417671,2,0.920965719067141,0.26976479394733405,-0.651200925119807
tm595012,ibrahima camara_1999,2122,0.10151283938043804,0.33677135135728287,0.4621391707496847,0.09957663851259435,3,2223,0.0004835876388730942,0.9954174432286211,0.0032359322517999593,0.0008630368807056794,2,-0.10102925174156493,0.6586460918713383,-0.4589032384978847,-0.09871360163188868,0.8090820516787494,2,1.1851695642347078,0.03290567193976054,-1.1522638922949473
tm596884,adrian butzke_1999,2122,0.9135919313392037,0.06230379076583249,0.003966643800763214,0.020137634094200538,1,2223,0.9956986977373875,0.0009799291416717518,0.0005308244785901953,0.00279054864235031,1,0.08210676639818382,-0.06132386162416074,-0.003435819322173019,-0.01734708545185023,0.10253751482886524,1,0.35607682004947006,0.03149666598854249,-0.32458015406092755
tm597087,lucas africo_1995,2122,0.011550390531004087,0.037229201166033316,0.9398055758676663,0.011414832435296252,3,2223,1.6219632644907583e-05,9.699372938395856e-05,0.9998512198888954,3.5566749075746694e-05,3,-0.011534170898359179,-0.037132207436649356,0.06004564402122903,-0.011379265686220505,0.07153542684121673,3,0.28343741195100686,0.0015883152410104194,-0.2818490967099964
tm610335,ivan jaime pajuelo_2000,2122,0.21221727220390008,0.644424201300162,0.04735686663112393,0.09600165986481396,2,2223,0.8196331852507314,0.058423817670133715,0.006943848561951629,0.1149991485171832,1,0.6074159130468313,-0.5860003836300283,-0.0404130180691723,0.018997488652369235,0.8449755931780014,1,0.9815360341551748,0.6121830971474551,-0.36935293700771965
tm617679,ze carlos_1998,2122,0.002056183644274021,0.006530790986842483,0.9870623391973271,0.00435068617155661,3,2223,0.0090321755144647,0.3020833024201684,0.61197964292157,0.07690487914379673,3,0.006975991870190679,0.2955525114333259,-0.3750826962757571,0.07255419297224013,0.47758452709715277,3,0.08208942476389659,0.9019154192999996,0.819825994536103
tm631112,matheus bueno_1998,2122,0.12280688091481272,0.8411740544019504,0.028622053231160124,0.0073970114520767105,2,2223,0.0008150902971311555,0.9802852202903057,0.017249088678328875,0.0016506007342343531,2,-0.12199179061768156,0.13911116588835537,-0.011372964552831249,-0.005746410717842357,0.18537329304850184,2,0.5410356216858472,0.10592224381894669,-0.4351133778669005
tm637782,andre amaro_2002,2122,0.003279664626038897,0.008681582443229275,0.9830953457930509,0.004943407137680978,3,2223,0.0003239667858385575,0.010775138389226816,0.9877842259455288,0.0011166688794056483,3,-0.0029556978402003396,0.002093555945997541,0.0046888801524779256,-0.0038267382582753296,0.005924923907181258,3,0.10297627553016259,0.07115125072323185,-0.03182502480693074
tm63837,andre andre_1989,2122,0.05461240878511538,0.4171477787257173,0.41113508870281457,0.11710472378635281,2,2223,0.025876558986861614,0.6208808080406726,0.31215672284199475,0.04108591013047105,2,-0.028735849798253763,0.2037330293149553,-0.09897836586081982,-0.07601881365588176,0.22831910390055962,2,1.1400872621295428,0.8850639359936755,-0.2550233261358673
tm64339,pizzi_1989,2122,0.014623114938603313,0.007534099959261201,0.00575432473351873,0.9720884603686168,4,2223,0.15858514477861949,0.7462393670722075,0.018271764659890118,0.0769037234892829,2,0.14396202984001616,0.7387052671129463,0.012517439926371388,-0.895184736879334,0.7527065988805847,2,0.1558119546328993,0.7808640417550523,0.625052087122153
tm645588,tomas handel_2000,2122,0.04434395340699069,0.22104161265254116,0.7068230973374291,0.027791336603038952,3,2223,0.010124892548782455,0.9281386474077413,0.04297557689859584,0.018760883144880426,2,-0.034219060858208236,0.7070970347552001,-0.6638475204388332,-0.009030453458158526,0.970489923223524,2,0.8166341807300024,0.3255586967691163,-0.49107548396088607
tm646677,riccieli_1998,2122,0.09023895385897138,0.11648718454236191,0.7527890176246506,0.040484843974016124,3,2223,0.00010990287661315971,0.0016839905492665988,0.9976388919897837,0.000567214584336448,3,-0.09012905098235821,-0.11480319399309531,0.24484987436513317,-0.039917629389679674,0.2850517148845421,3,0.8110932645388231,0.01835493918030321,-0.79273832535852
tm651205,luquinha_2000,2122,0.23287955812189443,0.6331618758387865,0.047102169216667204,0.08685639682265185,2,2223,0.00867949615020316,0.9755192873423186,0.011373106474171054,0.004428110033307254,2,-0.22420006197169126,0.34235741150353216,-0.035729062742496154,-0.0824282867893446,0.4107929294960739,2,0.9848846271298661,0.14028949269084606,-0.8445951344390201
tm657387,fabiano souza_2000,2122,0.003969837171865358,0.012031819097937583,0.9751566534654801,0.008841690264716921,3,2223,0.0038357474738643545,0.0898908011126147,0.8549865393588665,0.05128691205465448,3,-0.00013408969800100378,0.07785898201467711,-0.1201701141066136,0.04244522178993756,0.14318832139809956,3,0.14147052844018987,0.5241899391337559,0.382719410693566
tm667121,rodrigo gomes_2003,2122,0.15144624615481644,0.7889060983856268,0.04236118657852054,0.017286468881036274,2,2223,0.27213350323971036,0.42125114625497495,0.06205300303636369,0.24456234746895109,2,0.12068725708489392,-0.3676549521306518,0.019691816457843153,0.22727587858791481,0.3874575402341223,2,0.6769858628376615,1.235260490662756,0.5582746278250945
tm671657,ricardinho_1998,2122,1.0,2.1310037993526065e-38,1.2924612618278648e-40,4.2827187326766845e-41,1,2223,0.06715772397482365,0.8586505834804262,0.0548874643609492,0.019304228183801016,2,-0.9328422760251763,0.8586505834804262,0.0548874643609492,0.019304228183801016,1.2690501054706556,1,8.289306334778563e-11,0.5477374920729701,0.547737491990077
tm673492,morato_2001,2122,0.01623763809490176,0.05145154835369945,0.9192183238929582,0.013092489658440587,3,2223,0.0035459942795902466,0.025862263862418283,0.9656378916491493,0.0049538502088422205,3,-0.012691643815311512,-0.02558928449128117,0.04641956775619105,-0.008138639449598367,0.05450381247382672,3,0.35376116094730964,0.1745899402510414,-0.17917122069626823
tm68275,claudemir de souza_1988,2122,0.01608416807081611,0.0633099103527627,0.9130360328763903,0.007569888700030828,3,2223,0.0019960815462069523,0.9559405113824446,0.038613615435394655,0.003449791635953705,2,-0.014088086524609158,0.892630601029682,-0.8744224174409957,-0.0041200970640771235,1.2496409197044929,2,0.36117962334412523,0.20069597213407306,-0.16048365121005218
tm685807,luis santos_2000,2122,0.24651379348438612,0.6872909667112849,0.055940136802660294,0.010255103001668599,2,2223,0.4394238613291561,0.22133817910561385,0.17042194701197025,0.16881601255325993,1,0.19291006784477,-0.46595278760567105,0.11448181020930995,0.15856090955159133,0.5171386462276532,2,0.8112049391793544,1.296998648235475,0.4857937090561205
tm685887,matchoi djalo_2003,2122,0.2035621618512697,0.29693340800052986,0.090084828996591,0.4094196011516094,4,2223,0.44226469226980564,0.21290779040719582,0.04214229677073662,0.3026852205522617,1,0.23870253041853592,-0.08402561759333405,-0.04794253222585437,-0.1067343805993477,0.25756103904973743,1,1.2670298097476207,1.185346159492225,-0.0816836502553957
tm690273,bernardo vital_2000,2122,0.10671808115330389,0.16159246976911346,0.6956054423784214,0.03608400669916112,3,2223,3.455722367480968e-05,0.0002490214744979259,0.9996228465556953,9.357474613178031e-05,3,-0.10668352392962908,-0.16134344829461553,0.30401740417727396,-0.03599043195302934,0.3603327137914749,3,0.9056730332892788,0.0036665276137407745,-0.9020065056755381
tm701979,geny catamo_2001,2122,0.016474036490611448,0.028301705336608866,0.018624651014487636,0.9365996071582919,4,2223,0.5085769751431548,0.0945002159387049,0.03045783484273455,0.3664649740754057,1,0.49210293865254334,0.06619851060209604,0.011833183828246913,-0.5701346330828863,0.49667652378174443,1,0.30406646726518843,1.0410266258146679,0.7369601585494794
tm70359,david simao_1990,2122,0.14135666925613483,0.3508851520744009,0.37101148071950757,0.13674669794995667,3,2223,0.0007472416993258687,0.9698436039260636,0.026324787668601687,0.0030843667060089,2,-0.14060942755680897,0.6189584518516626,-0.3446866930509059,-0.13366233124394777,0.7222807574640417,2,1.283981461555104,0.14865820382912434,-1.1353232577259795
tm711337,evanilson_1999,2122,0.22551584420263637,0.05136919666554156,0.007603489263111243,0.715511469868711,4,2223,0.9249960597522382,0.00867318421762389,0.003322259046001264,0.06300849698413677,1,0.6994802155496018,-0.04269601244791767,-0.004281230217109978,-0.6525029728845742,0.7007951557740978,1,0.7649974466842427,0.30644075525208736,-0.4585566914321554
tm71830,bruno wilson_1996,2122,0.047148591681975646,0.14423137291462282,0.7400726623173256,0.06854737308607584,3,2223,0.0029254007963280875,0.026512835232776335,0.9640579286274058,0.006503835343489866,3,-0.04422319088564756,-0.11771853768184648,0.2239852663100802,-0.06204353774258597,0.25687106542010196,3,0.8297832640917521,0.1813501240605609,-0.6484331400311911
tm729140,miguel maga_2002,2122,0.004460624753829035,0.006353392582596692,0.9773900134192351,0.011795969244339302,3,2223,0.001084456598712573,0.3719917155710207,0.6125816222199246,0.014342205610342171,3,-0.003376168155116462,0.36563832298842397,-0.3648083911993105,0.002546236366002869,0.5165151924567445,2,0.13100981542459628,0.7363457309208911,0.6053359154962947
tm75442,nicolas gaitan_1988,2122,0.3858732237102041,0.13962674785775375,0.0422056841477271,0.43229434428431507,4,2223,0.17013743772666154,0.7684926141305428,0.019253206542356443,0.042116741600439045,2,-0.21573578598354257,0.6288658662727891,-0.02295247760537066,-0.390177602683876,0.6652375691023376,2,1.1384735670212525,0.7131499397996957,-0.4253236272215568
tm798687,antony_2001,2122,0.5992884500732746,0.35588025941997486,0.013073000269582729,0.03175829023716792,1,2223,0.5722493960551817,0.3849488596108509,0.028565777933846227,0.014235966400121158,1,-0.027039054018092923,0.029068600190876037,0.015492777664263498,-0.01752232383704676,0.042615960848074834,2,0.8407783557993839,0.8490058343407499,0.008227478541366073
tm813109,bruno marques_1999,2122,0.006347883708730801,0.00605560906220146,0.0010085520947142122,0.9865879551343536,4,2223,0.033631335876106325,0.0032716123512151,0.0030007679291490395,0.9600962838435294,4,0.027283452167375523,-0.00278399671098636,0.001992215834434827,-0.026491671290824192,0.02749738758113621,1,0.08332251263558522,0.18933707056304144,0.10601455792745622
tm818252,pedro malheiro_2001,2122,0.01254991989072905,0.04558645875522557,0.8719933007761242,0.06987032057792124,3,2223,0.001803972222264196,0.6332065132264746,0.3429103616773213,0.02207915287393981,2,-0.010745947668464853,0.587620054471249,-0.529082939098803,-0.047791167703981424,0.790785407208248,2,0.5010945563343875,0.7519489936128461,0.2508544372784586
tm836336,nuno lima_2001,2122,0.022557718389788282,0.061647397989727945,0.9064502602289647,0.009344623391519181,3,2223,0.0007779969151057953,0.008472322395457393,0.988344665274367,0.0024050154150696956,3,-0.021779721474682486,-0.05317507559427055,0.08189440504540235,-0.006939607976449486,0.10004318322460333,3,0.3899989885715337,0.07208041408251098,-0.3179185744890227
tm836546,luis bastos_2001,2122,0.012637417653453881,0.046197393883905626,0.8289109909667584,0.11225419749588211,3,2223,0.0003757653570372858,0.006416436966629752,0.9918952217585522,0.0013125759177808843,3,-0.012261652296416596,-0.03978095691727587,0.1629842307917938,-0.11094162157810122,0.1682163254178532,3,0.5983262155613139,0.05214117896533036,-0.5461850365959836
tm840674,ibrahima bamba_2002,2122,0.044512904705064124,0.20800467392077304,0.5173143964371753,0.2301680249369876,3,2223,0.002998015890987119,0.10727354131657783,0.8695266251733716,0.02020181761906348,3,-0.04151488881407701,-0.10073113260419521,0.3522122287361964,-0.20996620731792412,0.3686783166125828,3,1.1441995012031696,0.4572849343185843,-0.6869145668845853
tm9335,rui fonte_1990,2122,0.9768763605998868,0.0227267538971795,0.00017388372877754808,0.00022300177415592376,1,2223,0.7550969460994418,0.08356050493943261,0.13190124128604525,0.02944130767508046,1,-0.22177941450044503,0.06083375104225311,0.1317273575572677,0.029218305900924536,0.2650263207514516,1,0.11223747415534413,0.7905098919266157,0.6782724177712716
tm95429,osama rashid_1992,2122,0.047618668413009706,0.7998952438106899,0.14421914595495608,0.008266941821344404,2,2223,0.4143898268293287,0.44453623333898784,0.04732035671873525,0.09375358311294817,2,0.36677115841631897,-0.35535901047170204,-0.09689878923622083,0.08548664129160376,0.5197985035808792,1,0.6424857649571523,1.0917403888584036,0.44925462390125137
tm99499,rafael martins_1989,2122,0.6200739928150287,0.2512854337419382,0.010168083991399762,0.11847248945163338,1,2223,0.9904601957635125,0.0016916534819058334,0.0010938853865309036,0.006754265368050825,1,0.3703862029484838,-0.24959378026003234,-0.009074198604868858,-0.11171822408358256,0.44672736155222165,1,0.9427773325407541,0.0615034905011026,-0.8812738420396515
alemao_2002,alemao_2002,2223,5.830768667824415e-05,0.0012904664554335087,0.9979990134651903,0.0006522123926980782,3,2324,0.00022041711971033305,0.0008636911773474852,0.9988125314062408,0.00010336029670129544,3,0.0001621094330320889,-0.0004267752780860235,0.0008135179410505566,-0.0005488520959967827,0.000932860143148224,3,0.01593669223602717,0.010083972937134459,-0.00585271929889271
carlos ponck_1995,carlos ponck_1995,2223,0.00026219375369853373,0.004500603301065827,0.9937437346084512,0.0014934683367842897,3,2324,0.00033025726121250365,0.007431578574522962,0.9919638617171297,0.0002743024471347855,3,6.806350751396991e-05,0.0029309752734571343,-0.0017798728913215323,-0.0012191658896495042,0.0034297516242336704,2,0.042435504703766634,0.0493303398890308,0.006894835185264167
daniel bandeira_2000,daniel bandeira_2000,2223,0.0015592961895586068,0.9199328835447567,0.07328988422422619,0.00521793604145868,2,2324,0.6695502818535354,0.18606310573295437,0.08332856071126114,0.06105805170224915,1,0.6679909856639767,-0.7338697778118023,0.01003867648703495,0.055840115660790474,0.992409987222764,2,0.30580565412127,0.9592685811306937,0.6534629270094237
danny loader_2000,danny loader_2000,2223,0.2034772126925685,0.02440108814621797,0.004760043456543318,0.7673616557046702,4,2324,0.039225078252542664,0.010334303522962907,0.008885905765890599,0.9415547124586039,4,-0.16425213444002584,-0.014066784623255063,0.0041258623093472805,0.1741930567539337,0.16490500549570064,1,0.6432304689540616,0.2729531992629837,-0.3702772696910778
fabio conceicao_2001,fabio conceicao_2001,2223,0.018780766343005354,0.9644242854247922,0.012231080917614786,0.004563867314587537,2,2324,0.7802528919337842,0.15563035206888373,0.05252948839854594,0.011587267598786071,1,0.7614721255907788,-0.8087939333559084,0.04029840748093115,0.0070234002841985345,1.111580580223746,2,0.18804761767376868,0.68955063565157,0.5015030179778014
goncalo rodrigues_1997,goncalo rodrigues_1997,2223,0.0035244137044801115,0.9892209545571433,0.00446346782855912,0.002791163909817433,2,2324,0.8713411569445724,0.09793068405925644,0.022624051141912103,0.008104107854259105,1,0.8678167432400923,-0.8912902704978869,0.018160583313352983,0.005312943944441673,1.244119790421452,2,0.07119796408208486,0.47228514992705434,0.4010871858449695
hector_1995,hector_1995,2223,0.9280747338315691,0.006279780300691466,0.006258088075275661,0.05938739779246388,1,2324,0.6474863601231406,0.046390425020762883,0.06236158894604536,0.24376162591005116,1,-0.2805883737084285,0.04011064472007142,0.0561035008707697,0.18437422811758727,0.2889399627780086,1,0.3005588207963207,0.9410107073243712,0.6404518865280505
mihai dobre_1998,mihai dobre_1998,2223,0.12488600159343356,0.7398125115048951,0.02814845232815922,0.1071530345735122,2,2324,0.5043941592109207,0.36072104501362234,0.046012854689277044,0.08887194108618003,1,0.37950815761748713,-0.3790914664912728,0.017864402361117825,-0.018281093487332173,0.5367084110915751,1,0.8225792475681165,1.0698010399286417,0.24722179236052522
nonoca_1998,nonoca_1998,2223,0.021246496185258656,0.7652487247870124,0.14501215570384748,0.0684926233238814,2,2324,0.016441726156754127,0.9332727735061505,0.03999041318330144,0.010295087153794177,2,-0.0048047700285045285,0.168024048719138,-0.10502174252054605,-0.058197536170087216,0.19820376677815674,2,0.7502180277389827,0.30783622370006913,-0.4423818040389136
ricardo guimaraes_1995,ricardo guimaraes_1995,2223,0.009025307074775724,0.7279245082004435,0.23837085263522068,0.024679332089559976,2,2324,0.017522570689834975,0.9561087700578763,0.020908595221744028,0.005460064030544856,2,0.008497263615059251,0.2281842618574328,-0.21746225741347663,-0.01921926805901512,0.315325378375624,2,0.7068110776356874,0.2230940479397152,-0.4837170296959722
tm102427,sebastian coates_1990,2223,0.0007043061419283438,0.004762149541035739,0.9932587110222681,0.0012748332947677104,3,2324,0.03082595578589875,0.030341666261679858,0.931780230562424,0.007052147389997503,3,0.03012164964397041,0.025579516720644117,-0.061478480459844165,0.005777314095229792,0.07308371236183378,3,0.0457907468472406,0.3140843063115343,0.2682935594642937
tm122115,vincent sasso_1991,2223,0.019225844686968887,0.11352414369404425,0.8194158262891101,0.04783418532987667,3,2324,0.010770890441434913,0.009622482313258298,0.9769273668559769,0.002679260389329938,3,-0.008454954245533974,-0.10390166138078595,0.15751154056686678,-0.04515492494054673,0.18888336851276583,3,0.6315843464801012,0.13215692746279983,-0.49942741901730137
tm131740,nermin zolotic_1993,2223,6.952225907695881e-05,0.0011584031857245272,0.9985246729729031,0.00024740158229532053,3,2324,0.00018306511921662965,0.0009023666770943009,0.998832398619405,8.21695842841298e-05,3,0.00011354286013967084,-0.00025603650863022633,0.000307725646501833,-0.00016523199801119073,0.0004161030501633266,3,0.012026011921974791,0.009841296142209594,-0.002184715779765197
tm139336,paulo oliveira_1992,2223,0.00018285790416802398,0.0027293381537405823,0.9956291258502871,0.0014586780918043173,3,2324,0.002300181200926371,0.01848714537189574,0.9736267140911593,0.005585959336018473,3,0.002117323296758347,0.01575780721815516,-0.02200241175912776,0.004127281244214156,0.027145859159100897,3,0.03157380832459204,0.14274891172307608,0.11117510339848403
tm139341,josue sa_1992,2223,7.041031744035487e-05,0.0008689241538531936,0.9989430285534028,0.00011763697530377597,3,2324,0.0015326762782749623,0.009298735308878727,0.9877511815341551,0.0014174068786911762,3,0.0014622659608346073,0.008429811155025533,-0.011191847019247692,0.0012997699033874001,0.014087490108314253,3,0.008918384919225818,0.07490137579475357,0.06598299087552775
tm139395,ricardo esgaio_1993,2223,0.010455752359244484,0.9065131398879274,0.019388146506456334,0.06364296124637205,2,2324,0.22921484417279436,0.571468600570974,0.12034482971864306,0.07897172553758845,2,0.21875909181354988,-0.3350445393169533,0.10095668321218673,0.015328764291216407,0.41267739877827625,2,0.3884102570676191,1.11271839960283,0.7243081425352109
tm139396,bruma_1994,2223,0.41384760280581906,0.12114293463676708,0.018388585687008657,0.4466208768704052,4,2324,0.565443620256899,0.0891495523759395,0.060378760982912005,0.28502806638424955,1,0.15159601745107992,-0.03199338226082758,0.04199017529590335,-0.16159281048615565,0.1605244649170221,1,1.0543045930566308,1.065146666404772,0.010842073348141135
tm14132,pepe_1983,2223,3.4368392633466443e-05,0.0007646429129624897,0.9990581403678634,0.0001428483265406548,3,2324,0.006591748279418587,0.008293708802095156,0.9839396953539318,0.0011748475645544695,3,0.0065573798867851205,0.0075290658891326665,-0.01511844501393167,0.0010319992380138146,0.018117765971051466,3,0.00804656245769284,0.09670582334682024,0.0886592608891274
tm149729,joao mario_1993,2223,0.6898737133552528,0.192923998398578,0.010220194128809425,0.1069820941173597,1,2324,0.5690590334090682,0.3878605278372353,0.0272434756820062,0.015836963071690465,1,-0.12081467994618467,0.1949365294386573,0.017023281553196774,-0.09114513104566924,0.22997006221446947,2,0.8595200244115508,0.8519727407641289,-0.007547283647421965
tm155025,fabio cardoso_1994,2223,0.0058038088587594044,0.02148792409034842,0.9643181518652056,0.008390115185686558,3,2324,0.0071527437096402385,0.012095207197517197,0.979030952987253,0.001721096105589633,3,0.001348934850880834,-0.009392716892831224,0.014712801122047314,-0.006669019080096926,0.017507406224729998,3,0.18755268842742623,0.12043816060872124,-0.06711452781870499
tm155395,salvador agra_1991,2223,0.06420100910055869,0.8442955188367612,0.02069777648688281,0.0708056955757973,2,2324,0.9608970370576299,0.014700550742308693,0.012394337047955605,0.012008075152105797,1,0.8966960279570712,-0.8295949680944525,-0.008303439438927205,-0.05879762042369151,1.221622087532859,1,0.5869191548096293,0.20788204634636506,-0.3790371084632642
tm159142,aderlan santos_1989,2223,0.00011113894009335564,0.003339893303346573,0.9960726708206722,0.0004762969358879265,3,2324,0.0010337210459795546,0.008469690352161392,0.9898648172382516,0.0006317713636074584,3,0.000922582105886199,0.005129797048814819,-0.006207853582420597,0.00015547442771953195,0.008105764714380926,3,0.027618374240399368,0.06225541103190546,0.03463703679150609
tm167165,pedro tiba_1988,2223,0.03914921541054737,0.8759920125095613,0.07076843425805344,0.014090337821837872,2,2324,0.5650733407867907,0.3888102778973464,0.02818370237788278,0.017932678937979986,1,0.5259241253762433,-0.48718173461221487,-0.042584731880170666,0.003842341116142114,0.7181613242035796,1,0.49031379349531756,0.8625363039355644,0.3722225104402468
tm172142,hernani fortes_1991,2223,0.6737611218793339,0.03601417310725728,0.007352275068716109,0.28287242994469264,1,2324,0.159040223075777,0.022083383662671322,0.023822898420962305,0.7950534948405894,4,-0.5147208988035569,-0.01393078944458596,0.016470623352246194,0.5121810648958968,0.5151727399555438,1,0.7790796393350918,0.6479844361655357,-0.13109520316955614
tm182108,sebastian perez_1993,2223,0.014659499026265274,0.838508946811651,0.11485656376130145,0.03197499040078241,2,2324,0.005740391591847777,0.9706845744656675,0.02030816427189932,0.0032668696705855363,2,-0.008919107434417498,0.13217562765401647,-0.09454839948940214,-0.028708120730196872,0.16275548184060487,2,0.5682301014617659,0.15633798554116404,-0.4118921159206018
tm182710,joao teixeira_1994,2223,0.03293999487503385,0.9240815280841117,0.012661008437745884,0.03031746860310858,2,2324,0.979553064389126,0.00773054968029879,0.002964411068029112,0.009751974862546094,1,0.9466130695140922,-0.916350978403813,-0.009696597369716772,-0.020565493740562487,1.3175239819438078,1,0.346696920722041,0.12023732977209406,-0.22645959094994694
tm182936,filipe ferreira_1990,2223,0.0017822098593715827,0.3360151884908377,0.6464798162922454,0.015722785357545295,3,2324,0.0021311883816100994,0.008322342789334185,0.9882364775867806,0.0013099912422752295,3,0.00034897852223851676,-0.32769284570150353,0.3417566612945352,-0.014412794115270066,0.47347686157735946,3,0.7250332428866154,0.07335266514147293,-0.6516805777451424
tm187211,ygor nogueira_1995,2223,0.0007770671038149919,0.013017716817287552,0.9854373693127699,0.0007678467661273512,3,2324,0.0003182135437396476,0.004946838270023075,0.9943649047031857,0.00037004348305153835,3,-0.00045885356007534424,-0.008070878547264477,0.008927535390415797,-0.00039780328307581286,0.012043691928201015,3,0.08204248965195257,0.037368534541751125,-0.044673955110201446
tm194005,nino galovic_1992,2223,0.00012868591989909065,0.0015564550891120938,0.9978766505201456,0.0004382084708430837,3,2324,0.0020789431030290885,0.00956158872634319,0.9865996980656813,0.001759770104946503,3,0.0019502571831299979,0.008005133637231095,-0.011276952454464362,0.0013215616341034193,0.013966220830651672,3,0.016725483144690058,0.08177231932948462,0.06504683618479457
tm197880,raphael guzzo_1995,2223,1.9272024003872337e-41,1.0,1.8448969258361287e-40,2.3486483913466776e-41,2,2324,0.9832002918005686,0.01207999634896065,0.0037107819965189826,0.001008929853951715,1,0.9832002918005686,-0.9879200036510394,0.0037107819965189826,0.001008929853951715,1.393801462660166,2,8.289306334778563e-11,0.09773343833712442,0.09773343825423135
tm198021,joao nunes_1995,2223,0.00494385058654536,0.08544990435399605,0.8905504142528762,0.019055830806582456,3,2324,0.0002086367761075154,0.0006553743665749313,0.9990473245418972,8.866431542034409e-05,3,-0.004735213810437844,-0.08479452998742111,0.10849691028902098,-0.01896716649116211,0.13778285128375767,3,0.4151387583978742,0.008351789877529572,-0.4067869685203446
tm211072,paulinho_1992,2223,0.89643414104368,0.015234821678691623,0.005374741799242703,0.08295629547838576,1,2324,0.0049150562379594075,0.0015578671288793632,0.0014802675723399068,0.9920468090608214,4,-0.8915190848057206,-0.01367695454981226,-0.0038944742269027962,0.9090905135824356,0.8916324941297795,1,0.39635613166467143,0.0537626922800441,-0.34259343938462733
tm222813,marko grujic_1996,2223,0.013459660871217343,0.6923811432777554,0.21638931898297356,0.07776987686805384,2,2324,0.02435855780295101,0.39485763453908135,0.10868780399174387,0.47209600366622373,4,0.010898896931733668,-0.297523508738674,-0.1077015149912297,0.3943261267981699,0.3166048649940592,2,0.8423635592475744,1.0529531598008002,0.21058960055322573
tm223367,fredrik aursnes_1995,2223,0.001983199196611797,0.9706683072835794,0.023555617567057166,0.0037928759527516903,2,2324,0.08069089245078832,0.2727252964082593,0.6290490634294438,0.017534747711508574,3,0.07870769325417652,-0.6979430108753202,0.6054934458623866,0.013741871758756883,0.9273303944061188,2,0.1506783322377779,0.9199549296417171,0.7692765974039392
tm226155,carlinhos_1994,2223,0.013728777603823359,0.8387733325720313,0.12276396954097243,0.02473392028317297,2,2324,0.8911678740668322,0.026549928574631797,0.016353380080638906,0.06592881727789719,1,0.8774390964630088,-0.8122234039973996,-0.10641058946033352,0.04119489699472422,1.200387204010539,1,0.5553428437157778,0.4455640226832269,-0.10977882103255088
tm228433,wendell_1993,2223,0.002280207471060623,0.17625780311612568,0.813240258846676,0.008221730566137715,3,2324,0.6431041297765686,0.05462699653876677,0.22593955686043166,0.07632931682423298,1,0.640823922305508,-0.12163080657735892,-0.5873007019862443,0.06810758625809527,0.8777080762196563,1,0.5274136588883087,0.9751651374866974,0.4477514785983887
tm230457,bruno gaspar_1993,2223,0.011122020093488878,0.7235496369490308,0.09710172019156423,0.16822662276591588,2,2324,0.8257180110624804,0.12130552638609744,0.04077111639634907,0.012205346155073037,1,0.8145959909689916,-0.6022441105629334,-0.05633060379521516,-0.15602127661084284,1.014612110185181,1,0.8104619369279522,0.5982476594710165,-0.21221427745693566
tm235568,joao pedro_1993,2223,0.007726469260884556,0.45344595710810615,0.5220462579713222,0.016781315659687,3,2324,0.05044027528462039,0.9318074670429887,0.015641609382768075,0.0021106482896229065,2,0.04271380602373583,0.4783615099348825,-0.5064046485885542,-0.014670667370064094,0.6979254054154435,3,0.8041186195497896,0.2945142479490902,-0.5096043716006994
tm236997,tiago silva_1993,2223,0.002709586317440564,0.9813222589524011,0.01040792193799696,0.0055602327921614545,2,2324,0.3545866657984105,0.4159247897833789,0.07528812550364476,0.15420041891456573,2,0.35187707948096997,-0.5653974691690222,0.0648802035656478,0.1486401861224043,0.6691047885208357,2,0.11090196076163955,1.2155123928027172,1.1046104320410777
tm238055,rafa silva_1993,2223,0.751636305616484,0.05104490798252379,0.00890433554975767,0.18841445085123468,1,2324,0.07587426982363549,0.009451730727330469,0.009484732494010393,0.9051892669550237,4,-0.6757620357928484,-0.04159317725519332,0.0005803969442527233,0.716774816103789,0.677041105305793,1,0.7229793015302313,0.37406264451876187,-0.3489166570114694
tm238367,cassiano_1989,2223,0.8000501757009426,0.053644149590065124,0.04470797985211964,0.10159769485687273,1,2324,0.2553690103515443,0.06182369277014205,0.05056392690473273,0.632243369973581,4,-0.5446811653493984,0.008179543180076923,0.005855947052613088,0.5306456751167082,0.5447740530980678,1,0.7066671477182439,0.9614550617924128,0.2547879140741689
tm24202,vasco fernandes_1986,2223,2.786902841124175e-05,0.0002761308833733378,0.9995769683948986,0.00011903169331679218,3,2324,0.00977653778356935,0.23847333603482496,0.75035512791625,0.0013949982653556274,3,0.009748668755158108,0.23819720515145162,-0.2492218404786486,0.0012759665720388353,0.3448832713484745,3,0.004053609054016268,0.6117749907360219,0.6077213816820056
tm249360,ali alipour_1995,2223,0.513301102228127,0.04919539624694917,0.00863798284876841,0.42886551867615547,1,2324,0.6621331334952247,0.05750035913203562,0.08463609778979606,0.19573040958294358,1,0.14883203126709776,0.008304962885086448,0.07599811494102765,-0.2331351090932119,0.16731903482330598,1,0.8946178350306078,0.9654484646927566,0.07083062966214881
tm257707,joao graca_1995,2223,0.012151034081849393,0.9574102227241943,0.026930758704540876,0.003507984489415303,2,2324,0.06846012574065735,0.8166250961875123,0.08001449063792185,0.034900287433908404,2,0.05630909165880796,-0.14078512653668196,0.05308373193338097,0.0313923029444931,0.16065194755546736,2,0.21243036703578758,0.6681839989255735,0.4557536318897859
tm261927,ricardo horta_1994,2223,0.6948437185108804,0.061303461558762234,0.009549197620060781,0.2343036223102966,1,2324,0.8703050669597684,0.017856644919103153,0.012865190385987853,0.09897309773514057,1,0.17546134844888794,-0.04344681663965908,0.003315992765927072,-0.13533052457515604,0.18079078096973283,1,0.8085478170016689,0.47769586026662836,-0.33085195673504053
tm264848,ruben lameiras_1994,2223,0.24198868612414745,0.5810797380794799,0.04718404866569519,0.12974752713067753,2,2324,0.9031332260877347,0.05152010677788322,0.027004391858435735,0.01834227527594632,1,0.6611445399635872,-0.5295596313015967,-0.020179656807259458,-0.11140525185473121,0.8473209099135965,1,1.067850026750568,0.4156890852788061,-0.6521609414717618
tm268179,moustapha seck_1996,2223,0.0017443112136008832,0.6910755595833775,0.2998528331698834,0.0073272960331381976,2,2324,0.03961232254616873,0.6135940667227433,0.3307853010771994,0.01600830965388856,2,0.03786801133256784,-0.07748149286063422,0.030932467907315964,0.008681013620750362,0.09161978819574475,2,0.6636193184482861,0.8597173766258887,0.1960980581776025
tm271256,jhonder cadiz_1995,2223,0.6956885411609235,0.013566249088300075,0.005496871349596057,0.28524833840118025,1,2324,0.1658535503777484,0.025065932088670796,0.020646657958372564,0.7884338595752084,4,-0.5298349907831751,0.011499683000370721,0.015149786608776507,0.5031855211740281,0.5301762689913683,1,0.6971875173326263,0.657909237785446,-0.03927827954718033
tm27178,ruben fernandes_1986,2223,0.00142731144692653,0.011417681582256853,0.9758172162719285,0.011337790698887908,3,2324,0.0002204986196618142,0.0010395442906214088,0.9985284805797745,0.00021147650994221255,3,-0.0012068128272647157,-0.010378137291635444,0.02271126430784598,-0.011126314188945696,0.024999273135531835,3,0.13509524211892593,0.012256938729659262,-0.12283830338926667
tm282721,oriol busquets_1999,2223,0.0019192173962532628,0.585016548897692,0.403677405983467,0.009386827722587775,2,2324,0.014775743046943375,0.9716406985788348,0.012795528813628478,0.0007880295605932431,2,0.012856525650690113,0.3866241496811429,-0.3908818771698385,-0.008598798161994532,0.5499383286044812,3,0.7356560669012749,0.1516322480110027,-0.5840238188902722
tm288253,jerry st juste_1996,2223,0.0009333091552693246,0.016672053095492075,0.9814019655057685,0.0009926722434698684,3,2324,0.0020171641360079017,0.02641545716784453,0.9686954612229816,0.0028719174731660926,3,0.0010838549807385771,0.009743404072352455,-0.012706504282786968,0.0018792452296962242,0.016048797949531603,3,0.10005567633909193,0.1561253372291801,0.05606966089008816
tm290391,nuno santos_1995,2223,0.29810582968331123,0.35006274976631246,0.021836661789829074,0.3299947587605473,2,2324,0.4919499521803181,0.04758565882183417,0.041874263529245385,0.41859012546860247,1,0.1938441224970069,-0.3024770909444783,0.02003760173941631,0.08859536670805518,0.3598186207748791,2,1.1776054479161095,0.9912928267924455,-0.1863126211236641
tm291399,nanu_1994,2223,0.00040388346559215794,0.020846607965063383,0.9769028876637059,0.0018466209056383852,3,2324,0.7252698647994317,0.23046544419780282,0.03646204637824885,0.007802644624516685,1,0.7248659813338395,0.20961883623273944,-0.940440841285457,0.0059560237188783,1.2057361748559825,3,0.11829589454206678,0.7298205847720882,0.6115246902300214
tm291939,samu_1996,2223,0.0035090998141804877,0.9882891898843219,0.0036969558307741357,0.00450475447072349,2,2324,0.47415184946248073,0.442002970034842,0.04685237459809299,0.03699280590458436,1,0.4706427496483003,-0.5462862198494799,0.04315541876731885,0.032488051433860875,0.7223542219458052,2,0.07651813570012,0.9800635729084298,0.9035454372083098
tm291941,carraca_1993,2223,0.006849652778277049,0.3032302284723294,0.6185950101440144,0.07132510860537913,3,2324,0.26087895997868454,0.3136706543627366,0.39048663667302463,0.03496374898555411,3,0.2540293072004075,0.010440425890407223,-0.22810837347098978,-0.03636135961982502,0.34157476700873657,1,0.8814174250976583,1.19866372791014,0.3172463028124817
tm291968,neto_1991,2223,0.0003858164328160187,0.9952375931586805,0.003540003274064488,0.0008365871344389805,2,2324,0.0015210044996449427,0.9946757604013731,0.003562338714517022,0.00024089638446484065,2,0.001135188066828924,-0.0005618327573074788,2.2335440452533883e-05,-0.0005956907499741399,0.0012668097197901201,1,0.033690290327619256,0.037267952156330685,0.0035776618287114287
tm295327,saviour godwin_1996,2223,0.9410684743047383,0.02306872342396305,0.006578947554544352,0.029283854716754248,1,2324,0.5631401931837537,0.13855332739762322,0.07227961572169252,0.2260268636969305,1,-0.37792828112098453,0.11548460397366017,0.06570066816714816,0.19674300898017627,0.4006033664656661,1,0.28055723860926224,1.1232395944609173,0.842682355851655
tm295414,adrian marin_1997,2223,0.00034872110661236886,0.01373998307303881,0.982782812118489,0.00312848370185974,3,2324,0.0014759027173359674,0.005150952231809263,0.9923895491379094,0.0009835959129454069,3,0.0011271816107235985,-0.008589030841229547,0.009606737019420497,-0.002144887788914333,0.01293566331254219,3,0.09679640322126426,0.051150948069461535,-0.045645455151802725
tm299400,pedro sa_1993,2223,0.014463905080907294,0.5127407896491145,0.43958774910281817,0.033207556167160014,2,2324,0.2092817268023915,0.7237090922729837,0.06058513798552102,0.006424042939103756,2,0.1948178217214842,0.21096830262386923,-0.37900261111729716,-0.026783513228056256,0.47550456107805067,3,0.87814965452378,0.7636444345823319,-0.11450521994144813
tm302371,toni martinez_1997,2223,0.36686049200418774,0.018143193652050187,0.007013076322715667,0.6079832380210465,4,2324,0.029607254041212058,0.010703594045535753,0.009092857683099902,0.9505962942301522,4,-0.3372532379629757,-0.007439599606514434,0.0020797813603842356,0.34261305620910576,0.3373416956875087,1,0.777944446981746,0.24367538558411964,-0.5342690613976264
tm306668,amine oudrhiri_1992,2223,0.004851246423592026,0.502657013772227,0.4783204865053895,0.014171253298791616,2,2324,0.09948776823870663,0.7387993647426476,0.15431090188214738,0.007401965136498374,2,0.0946365218151146,0.23614235097042058,-0.32400958462324214,-0.006769288162293242,0.41194840952578743,3,0.7846707606691414,0.7779340276153232,-0.006736733053818278
tm307058,mehdi taremi_1992,2223,0.6311051961681925,0.013464930384478243,0.005794901929661462,0.3496349715176677,1,2324,0.5244561168395072,0.05101388587465905,0.03624219076061421,0.3882878065252196,1,-0.10664907932868528,0.03754895549018081,0.030447288830952747,0.0386528350075519,0.11709392630369538,1,0.7457568595437056,0.9778385756100356,0.23208171606633
tm308371,mikel villanueva_1993,2223,0.00030923013758087884,0.0033219059485550414,0.9953644801944969,0.0010043837193671097,3,2324,0.0008384336310119067,0.006224025268872872,0.9923711066287324,0.0005664344713828146,3,0.0005292034934310278,0.0029021193203178307,-0.0029933735657644567,-0.0004379492479842951,0.004202694158636702,3,0.03301625957122288,0.04938784141909407,0.016371581847871186
tm314367,marcus edwards_1998,2223,0.8033407489453435,0.08440343523247265,0.013960806703018669,0.09829500911916535,1,2324,0.8115346657524738,0.010556758948423471,0.013885354311009308,0.16402322098809327,1,0.00819391680713033,-0.07384667628404917,-7.54523920093609e-05,0.06572821186892792,0.07429991631157322,2,0.6722269077263229,0.573414084924518,-0.09881282280180492
tm314942,bruno lourenco_1998,2223,0.12234275782254167,0.8494121685475415,0.018625097878465967,0.009619975751450802,2,2324,1.0,1.422164608646416e-40,6.299433910984074e-41,3.1468659079683096e-41,1,0.8776572421774583,-0.8494121685475415,-0.018625097878465967,-0.009619975751450802,1.2215277979211776,1,0.5145292619924573,8.289306334778563e-11,-0.5145292619095643
tm314944,ricardo mangas_1998,2223,0.9050086417166738,0.06840090029005118,0.009984651417495466,0.016605806575779695,1,2324,0.7608486300214047,0.13805976781277066,0.06311018906606879,0.03798141309975589,1,-0.14416001169526915,0.06965886752271948,0.05312553764857332,0.021375606523976194,0.1686914032989764,1,0.38785309731015294,0.7799132708553,0.3920601735451471
tm329722,andre horta_1996,2223,0.0044478819091771545,0.9681810136665661,0.014425426179045723,0.012945678245210786,2,2324,0.6287395583664805,0.10450620644101959,0.04433820352125617,0.22241603167124357,1,0.6242916764573034,-0.8636748072255465,0.02991277734221045,0.2094703534260328,1.0660999222297505,2,0.1728147801997823,1.0002781607277884,0.827463380528006
tm332612,emmanuel boateng_1996,2223,0.9909913182659331,0.0009237834220358117,0.0008464332387146433,0.007238465073316426,1,2324,0.28904957858017577,0.029291908966382615,0.02460035274706317,0.6570581597063784,4,-0.7019417396857573,0.028368125544346805,0.02375391950834853,0.649819694633062,0.7029162148876468,1,0.05708422181359232,0.8292666245384193,0.772182402724827
tm340376,abel ruiz_2000,2223,0.9428470923533349,0.011328256716624987,0.003964011629490834,0.041860639300549334,1,2324,0.7046286715682902,0.04682257881795194,0.06816218186862413,0.1803865677451336,1,-0.23821842078504463,0.035494322101326956,0.0641981702391333,0.13852592844458425,0.24925743311846504,1,0.26100729307287174,0.8820356782305621,0.6210283851576903
tm340491,joca_1996,2223,0.03068671599256793,0.785100553448288,0.11548161699344496,0.06873111356569933,2,2324,0.8575131561351318,0.024868931602219282,0.032731282229735585,0.0848866300329134,1,0.8268264401425639,-0.7602316218460687,-0.08275033476370938,0.016155516467214068,1.1262511704220488,1,0.7301750967468374,0.5449748720468399,-0.18520022469999753
tm344395,jorge fernandes_1997,2223,0.00012162683536683153,0.0005971763471012964,0.9988675991641653,0.0004135976533664323,3,2324,4.450264152815372e-05,0.00046194688890305,0.9994700431616703,2.3507307898324265e-05,3,-7.71241938386778e-05,-0.00013522945819824644,0.0006024439975049756,-0.000390090345468108,0.0006222330092253482,3,0.00988336988670213,0.004774056850158218,-0.005109313036543912
tm344399,leonardo ruiz_1996,2223,0.9036089914052587,0.007847154841646789,0.00749313516929971,0.081050718583795,1,2324,0.9274665351946563,0.028451821198667165,0.021951896912376215,0.022129746694300515,1,0.02385754378939753,0.020604666357020376,0.014458761743076504,-0.058920971889494494,0.034681269620505537,1,0.369952590673179,0.3392772803937213,-0.03067531027945769
tm344474,ilija vukotic_1999,2223,0.0004995525341098534,0.9706337213061161,0.027435637871120813,0.0014310882886530345,2,2324,0.01951382052685154,0.9303189702523648,0.047404876013699485,0.0027623332070843346,2,0.019014267992741685,-0.040314751053751374,0.01996923814257867,0.0013312449184313,0.048842522578392354,2,0.1407571102834939,0.30482728395957703,0.16407017367608312
tm344519,bruno costa_1997,2223,0.01694001641129834,0.7973701290851293,0.04402240939485959,0.14166744510871274,2,2324,0.35257106476080974,0.3819959950317718,0.18553880326234387,0.07989413694507462,2,0.3356310483495114,-0.4153741340533575,0.14151639386748427,-0.061773308163638116,0.5524588324843993,2,0.6639775505666173,1.2496036053985928,0.5856260548319755
tm344869,simon banza_1996,2223,0.672412537784214,0.009519838868372953,0.004244474855142199,0.31382314849227094,1,2324,0.027654987342651472,0.005936902430543388,0.0051050720731921,0.961303038153613,4,-0.6447575504415625,-0.0035829364378295644,0.0008605972180499013,0.6474798896613421,0.6447680799423101,1,0.6980597907264556,0.1945411309707688,-0.5035186597556869
tm345061,murilo costa_1994,2223,0.6676027829353133,0.24429933742798313,0.02252694054090757,0.0655709390957961,1,2324,0.9584135679938292,0.013454544010250466,0.009109594485379045,0.01902229351054135,1,0.2908107850585159,-0.23084479341773267,-0.013417346055528526,-0.04654864558525475,0.3715376919366322,1,0.8781605525199809,0.2168473725401481,-0.6613131799798329
tm356099,cristian borja_1993,2223,0.00031736754550063906,0.011799347009833087,0.9858458931577394,0.002037392286926841,3,2324,0.04659045482335808,0.04029345066345988,0.8992260833813364,0.013890011131845847,3,0.04627308727785744,0.02849410365362679,-0.08661980977640305,0.011852618844919007,0.10225509275800443,3,0.08161954656512967,0.4271865031034474,0.34556695653831776
tm357149,paulo estrela moreira_1999,2223,0.000506442920093502,0.988746880691989,0.008932852022032518,0.0018138243658851756,2,2324,0.07454224779452702,0.8592048211258131,0.04670712438787385,0.019545806691786072,2,0.07403580487443352,-0.12954205956617593,0.03777427236584133,0.017731982325900897,0.15391342128879024,2,0.06862730940656382,0.5439399197548346,0.47531261034827077
tm357162,florentino luis_1999,2223,0.003920485300316075,0.7617931052161717,0.1721850115709618,0.0621013979125504,2,2324,0.00388718672107994,0.938540384269865,0.04196723191267029,0.015605197096384867,2,-3.3298579236135366e-05,0.17674727905369325,-0.1302177796582915,-0.04649620081616553,0.2195364933235813,2,0.704478782834921,0.2790976598803772,-0.42538112295454383
tm358177,andre pereira_1995,2223,0.4885876005921358,0.08104057169272308,0.04554382898249773,0.3848279987326435,1,2324,0.696309849213938,0.061248121800831154,0.05196205266705788,0.19047997631817298,1,0.20772224862180222,-0.019792449891891925,0.006418223684560152,-0.19434802241447052,0.2087617475508526,1,1.0617668772663345,0.8926115930908631,-0.16915528417547132
tm361504,rafa mujica_1998,2223,0.9305293619595696,0.007547408827659512,0.006303224869350083,0.05562000434342089,1,2324,0.031657069506684433,0.007807314965652664,0.006652302975082645,0.9538833125525803,4,-0.8988722924528851,0.0002599061379931515,0.0003490781057325625,0.8982633082091595,0.8988723978108514,1,0.2965149604073384,0.2255750359945299,-0.07093992441280847
tm367652,rodrigo abascal_1994,2223,0.0004464088917942832,0.015478375966985805,0.9814498458677199,0.002625369273500122,3,2324,0.0007479695331502252,0.0021575154598508376,0.9967995126093265,0.00029500239767222923,3,0.00030156064135594197,-0.013320860507134966,0.015349666741606649,-0.002330366875827893,0.020326055508862222,3,0.10194078253365467,0.024221842490957234,-0.07771894004269744
tm373187,maracas_1994,2223,3.2507979757910125e-06,6.909839586968547e-05,0.999916428419,1.1222387154535258e-05,3,2324,0.02251059326983454,0.06210307537650524,0.8948794475999566,0.02050688375370364,3,0.02250734247185875,0.06203397698063555,-0.10503698081904334,0.020495661366549105,0.12404661262912275,3,0.0009145166184305396,0.4370830105401099,0.43616849392167933
tm375376,pedro alvaro_2000,2223,0.0001285249908978535,0.0011774056748307753,0.9985224069216975,0.00017166241257383263,3,2324,0.0016409179213803839,0.009852552280579983,0.9874567032985225,0.0010498264995170846,3,0.0015123929304825304,0.008675146605749208,-0.011065703623174938,0.0008781640869432519,0.014141969370754645,3,0.01205725996321909,0.07570661602531206,0.06364935606209297
tm375380,benny_2000,2223,0.03448534313490023,0.8821153407174068,0.042410224802283875,0.04098909134540913,2,2324,0.8881801364720535,0.054490665127653395,0.03690418015302126,0.02042501824727175,1,0.8536947933371533,-0.8276246755897534,-0.0055060446492626175,-0.02056407309813738,1.1890280570044127,1,0.4917350629614937,0.4651103351127825,-0.026624727848711227
tm375383,romario baro_2000,2223,0.035762459984674595,0.7428760737720037,0.19004527515464845,0.03131619108867323,2,2324,0.13698282089965014,0.7410651212764725,0.10513202877523754,0.016820029048639936,2,0.10122036091497555,-0.001810952495531204,-0.0849132463794109,-0.014496162040033293,0.1321328892569504,1,0.7639579624953393,0.799907561085444,0.035949598590104714
tm377641,al musrati_1996,2223,0.0013041226094267634,0.9833740782886992,0.012934172295956283,0.0023876268059180535,2,2324,0.05898446056530895,0.8775487124381991,0.0480044410666804,0.015462385929811535,2,0.057680337955882184,-0.10582536585050006,0.03507026877072412,0.013074759123893482,0.12552271983887137,2,0.09580066530056325,0.49181395987774706,0.3960132945771838
tm379249,matheus reis_1995,2223,0.003015686625605668,0.4950958578541012,0.49725265726594925,0.004635798254343824,3,2324,0.13332370127484627,0.2153521024000054,0.6242406713447518,0.02708352498039659,3,0.1303080146492406,-0.2797437554540958,0.12698801407880256,0.022447726726052768,0.3337105079512268,2,0.7378787296663544,0.9912070779505082,0.25332834828415385
tm383014,goncalo costa_2000,2223,0.014663501087287775,0.12737970899553228,0.6309433432458539,0.22701344667132614,3,2324,0.16998827612272696,0.5061530134327259,0.1649249726851989,0.15893373775934824,2,0.15532477503543918,0.3787733044371936,-0.466018370560655,-0.0680797089119779,0.6202968028243323,3,0.9515689502530166,1.2354315943198657,0.28386264406684913
tm383654,joao correia_1996,2223,0.013511592859815054,0.6634527690659384,0.24728263295915648,0.07575300511509005,2,2324,0.8993165712195005,0.025190285353241488,0.04782969512028934,0.027663448306968826,1,0.8858049783596854,-0.6382624837126969,-0.19945293783886714,-0.04808955680812122,1.109869781647585,1,0.871342596643599,0.432822597335518,-0.43851999930808105
tm387110,petar musa_1998,2223,0.06151857908731287,0.00833150998887689,0.0037540291068706576,0.9263958818169395,4,2324,0.02142806828455061,0.009161099280419764,0.007312356808647219,0.9620984756263823,4,-0.040090510802762255,0.0008295892915428753,0.003558327701776562,0.03570259380944274,0.040256663682578936,1,0.30322054142059157,0.19847789086573983,-0.10474265055485174
tm38780,vitor gomes_1987,2223,0.0015729539069596569,0.9118651981285323,0.08291574425623781,0.003646103708270064,2,2324,0.004664345373315177,0.9867188697878485,0.007704838865342585,0.0009119459734938518,2,0.00309139146635552,0.07485367165931622,-0.07521090539089523,-0.002734157734776212,0.10615700236817716,3,0.321208623030221,0.08210443738303719,-0.23910418564718383
tm392655,bogdan milovanov_1998,2223,0.00032516371493591565,0.0055964046299875995,0.9920879429104018,0.0019904887446747324,3,2324,0.005446707951548873,0.05838027276190351,0.9272270388665605,0.008945980419987098,3,0.005121544236612957,0.052783868131915906,-0.06486090404384126,0.006955491675312366,0.0837812856413618,3,0.051892607739162065,0.30649014801538843,0.2545975402762264
tm394328,rafik guitane_1999,2223,0.004933751598565268,0.9648111921379611,0.02408318325970432,0.006171873003769371,2,2324,0.9858250225170175,0.003991919415248825,0.003990785618152361,0.0061922724495810785,1,0.9808912709184523,-0.9608192727227123,-0.020092397641551962,2.03994458117078e-05,1.3732170493561477,1,0.1819093996114483,0.08965182355973628,-0.09225757605171203
tm401931,jo_1995,2223,0.9249779943958549,0.00642094424188543,0.005037932683656143,0.06356312867860334,1,2324,0.15627409770473796,0.022097047232965548,0.018390172917400253,0.8032386821448962,4,-0.7687038966911169,0.015676102991080118,0.013352240233744109,0.7396755534662929,0.7689796507791048,1,0.30636564668747435,0.6237863258648388,0.3174206791773645
tm402112,morlaye sylla_1998,2223,0.00647508124402352,0.9809401117729657,0.01005777777688261,0.0025270292061280956,2,2324,0.0874374235983841,0.8765710172531105,0.02597107961194194,0.010020479536563424,2,0.08096234235436059,-0.10436909451985521,0.01591330183505933,0.007493450330435329,0.13304526277058068,2,0.11288342491423488,0.46948762016031376,0.3566041952460789
tm409884,miguel nobrega_2000,2223,0.0023337870171428006,0.04328299961332207,0.9512777632331186,0.0031054501364164134,3,2324,2.969717414140502e-05,0.00016698866409976744,0.9997892417247997,1.407243695918365e-05,3,-0.0023040898430013957,-0.0431160109492223,0.048511478491681026,-0.0030913776994572297,0.06494353528740879,3,0.2155000501960082,0.0021299183756618794,-0.21337013182034634
tm410183,joao othavio basso_1997,2223,4.629003660979493e-05,0.0010869633705064138,0.9986973089723294,0.0001694376205543969,3,2324,0.00010649463448137765,0.0004118106378796505,0.9994254391970866,5.625553055219749e-05,3,6.020459787158272e-05,-0.0006751527326267633,0.0007281302247571508,-0.00011318209000219941,0.0009948012013378169,3,0.010652912321346481,0.005309082966282884,-0.005343829355063597
tm410281,renato pantalon_1997,2223,0.0023569382743299874,0.027970967977172446,0.9637321090341933,0.005939984714304314,3,2324,0.002593768615498627,0.009532154487077112,0.986569301544942,0.001304775352482249,3,0.00023683034116863972,-0.018438813490095334,0.022837192510748783,-0.004635209361822065,0.029352739110788624,3,0.18035179689150982,0.08180494597776472,-0.0985468509137451
tm412669,francisco trincao_1999,2223,0.9800568067549429,0.004850150408082621,0.0011323326798028644,0.013960710157171558,1,2324,0.43408771981853195,0.029014358321938057,0.026856407360846428,0.5100415144986835,4,-0.5459690869364109,0.024164207913855436,0.025724074681043565,0.49608080434151197,0.5471086554355342,1,0.11290265030478328,0.9054982743933022,0.7925956240885189
tm413118,sikou niakate_1999,2223,0.013960842939100281,0.06132521986318597,0.8971014866811072,0.027612450516606463,3,2324,0.0009515791604257431,0.005976429456979399,0.9924651783560541,0.0006068130265407856,3,-0.013009263778674538,-0.05534879040620657,0.09536369167494685,-0.027005637490065678,0.11102685816219265,3,0.42735449604391496,0.04922062064781725,-0.3781338753960977
tm415525,kanya fujimoto_1999,2223,0.006501690748529415,0.876388773226954,0.09728917532724216,0.019820360697274643,2,2324,0.7405985220385615,0.15694407969194432,0.05150765597728321,0.05094974229221116,1,0.734096831290032,-0.7194446935350096,-0.04578151934995894,0.031129381594936514,1.0288803488645994,1,0.45278294453724843,0.8174846510788576,0.36470170654160916
tm415642,joao queiros_1998,2223,0.00014698124801138982,0.0016642283353207087,0.9974191246460421,0.0007696657706258314,3,2324,0.05107446803072927,0.08319268591262775,0.8514238445255,0.014309001531142802,3,0.050927486782717885,0.08152845757730705,-0.14599528012054208,0.01353933576051697,0.17480022918295676,3,0.02004123034870855,0.5565019623694797,0.5364607320207712
tm425028,jose luis rodriguez_1998,2223,0.34547436754068955,0.14001867526598596,0.017456046223905775,0.4970509109694188,4,2324,0.9029619648376576,0.023216576737460665,0.013415290074558507,0.06040616835032335,1,0.557487597296968,-0.1168020985285253,-0.0040407561493472684,-0.4366447426190954,0.5696064247099677,1,1.0605898174031585,0.4069090686128207,-0.6536807487903378
tm426620,pedro goncalves_1998,2223,0.4953227623686524,0.16252975558955896,0.012963436621313293,0.3291840454204753,1,2324,0.2434951616490756,0.020598212513819013,0.020103993102890783,0.7158026327342146,4,-0.2518276007195768,-0.14193154307573994,0.007140556481577491,0.3866185873137393,0.2891585913489444,1,1.065389430153437,0.7418212538305831,-0.32356817632285395
tm429309,jordan holsgrove_1999,2223,0.0006246450806377633,0.9979360125519158,0.0011374300126269015,0.000301912354819636,2,2324,0.6305528674578409,0.2906586334217906,0.04383892700020877,0.0349495721201596,1,0.6299282223772031,-0.7072773791301252,0.04270149698758187,0.03464765976533997,0.9480898028253771,2,0.016828423860335152,0.9042342952870353,0.8874058714267001
tm445517,heriberto tavares_1997,2223,0.09064803284944364,0.2610489319325186,0.09450151381536527,0.5538015214026725,4,2324,0.9904820041966262,0.004075488564463917,0.001600049124805748,0.0038424581141041627,1,0.8998339713471826,-0.25697344336805467,-0.09290146469055953,-0.5499590632885684,0.9404080012040138,1,1.1184369229351943,0.06357005964944773,-1.0548668632857465
tm448264,afonso freitas_2000,2223,0.0010392059885961904,0.8535760208705796,0.1442146349019733,0.0011701382388509673,2,2324,0.10981212778539767,0.8186327081112391,0.05905848410619498,0.012496679997168256,2,0.10877292179680148,-0.034943312759340484,-0.08515615079577833,0.011326541758317288,0.14249264416510599,1,0.4294413189653698,0.6282518133312823,0.19881049436591253
tm448470,andre franco_1998,2223,0.0711156022333927,0.8612721567838818,0.03954349814362395,0.028068742839101657,2,2324,0.44815399406589096,0.478389372710381,0.0395661003796712,0.033890532844056964,2,0.37703839183249827,-0.3828827840735008,2.260223604724776e-05,0.005821790004955307,0.5373613084009423,2,0.5446487772142216,0.9549240654583047,0.4102752882440831
tm448920,enea mihaj_1998,2223,0.000748173936510433,0.006225534572861201,0.9879736660289485,0.00505262546167986,3,2324,0.0003350301717090457,0.00217029228855844,0.9972885696645454,0.00020610787518727595,3,-0.0004131437648013873,-0.004055242284302761,0.009314903635596838,-0.004846517586492584,0.010167748398502322,3,0.0756765878085677,0.02044785632576725,-0.055228731482800456
tm450173,gaius makouta_1997,2223,0.0025368149700056315,0.9795672413508524,0.014688338064727904,0.0032076056144139382,2,2324,0.6429035390467127,0.30794626131431074,0.04392309180026921,0.005227107838707291,1,0.640366724076707,-0.6716209800365416,0.029234753735541304,0.002019502224293353,0.9284389872016123,2,0.11579862595814755,0.8114539718390322,0.6956553458808847
tm452607,alexander bah_1997,2223,0.008552722798112571,0.38631751383143176,0.534489075155486,0.0706406882149697,3,2324,0.2281133681442929,0.13846621999915318,0.49383774151043697,0.13958267034611696,3,0.21956064534618033,-0.24785129383227858,-0.04065133364504908,0.06894198213114726,0.33360106679428764,2,0.9301845688776472,1.2341755271724284,0.3039909582947812
tm454121,galeno_1997,2223,0.515850268953445,0.3715233048826427,0.014010144725676323,0.09861628143823607,1,2324,0.7003689682613919,0.026256914710078565,0.021558663108325004,0.2518154539202045,1,0.18451869930794695,-0.3452663901725641,0.007548518382648681,0.1531991724819684,0.3915520536363754,2,0.9975641350389315,0.7749940156527237,-0.22257011938620774
tm454576,robert bozenik_1999,2223,0.9742178369873692,0.0020110429821901914,0.001147295691953419,0.022623824338487412,1,2324,0.19102642594504757,0.02404976996203704,0.019355270864701013,0.7655685332282144,4,-0.7831914110423216,0.022038726979846848,0.018207975172747595,0.742944708889727,0.7837129718061622,1,0.1314173247795582,0.686726811877089,0.5553094870975308
tm461629,gustavo assuncao_2000,2223,0.004577607672329646,0.93599968963447,0.04806477351849561,0.011357929174704878,2,2324,0.0021079311106861247,0.9910797962792597,0.005920304174967323,0.0008919684350870082,2,-0.0024696765616435213,0.055080106644789684,-0.04214446934352829,-0.01046596073961787,0.06939793762474597,2,0.28331024539398636,0.05850036232774513,-0.22480988306624122
tm461937,nuno goncalo moreira_1999,2223,0.48852383298919333,0.4343043539356628,0.033028924977532036,0.04414288809761175,1,2324,0.9918589362430837,0.003797443253922668,0.0017971318139517213,0.0025464886890416605,1,0.5033351032538904,-0.43050691068174013,-0.031231793163580313,-0.04159639940857009,0.6630670035649134,1,0.9625574090416831,0.05584356976207344,-0.9067138392796097
tm461939,tomas costa silva_1999,2223,0.01626973114010328,0.6302702336157915,0.258901034140306,0.09455900110379924,2,2324,0.14585813491630784,0.589855769646664,0.21946891278634115,0.04481718265068719,2,0.12958840377620456,-0.04041446396912751,-0.03943212135396487,-0.04974181845311205,0.1413554932984578,1,0.9308187248433151,1.0641650608887057,0.1333463360453906
tm469822,david neres_1997,2223,0.4377606537161678,0.23929960193256036,0.017320587293616078,0.3056191570576558,1,2324,0.164356410466704,0.017586327889986205,0.015829832156579418,0.8022274294867304,4,-0.2734042432494638,-0.22171327404257415,-0.0014907551370366597,0.4966082724290746,0.3520069295686779,1,1.1363699372881046,0.610250832607305,-0.5261191046807997
tm471582,zaydou youssouf_1999,2223,0.007115296833950768,0.9076898111680883,0.07304765911371221,0.01214723288424858,2,2324,0.05659232027775454,0.9317903338538908,0.009461582814551344,0.0021557630538032416,2,0.04947702344380377,0.024100522685802428,-0.06358607629916087,-0.009991469830445339,0.08409518500907345,3,0.36781775590160404,0.2856864790897734,-0.08213127681183063
tm478365,moura_1999,2223,0.003302264433891922,0.07348710192302238,0.9180055875914495,0.005205046051636272,3,2324,0.02719316805705178,0.021336349446608394,0.9367468796341466,0.01472360286219331,3,0.02389090362315986,-0.052150752476413986,0.018741292042697144,0.009518556810557039,0.06034660128969133,2,0.316620907954479,0.3034316047386738,-0.013189303215805193
tm479638,tiago gouveia_2001,2223,0.3482379149730456,0.5931137283829038,0.025485040513719557,0.033163316130331105,2,2324,0.13023618395726427,0.038929975756417025,0.01884065141481665,0.8119931888715021,4,-0.21800173101578135,-0.5541837526264868,-0.006644389098902907,0.778829872741171,0.5955573308318434,2,0.8836558957480906,0.6357790599004438,-0.24787683584764675
tm479648,felix correia_2001,2223,0.7040075442401535,0.21376082241894545,0.013340255912174689,0.06889137742872613,1,2324,0.9634648617498243,0.007983310286476935,0.006206839583110417,0.022344988380588238,1,0.2594573175096707,-0.2057775121324685,-0.0071334163290642716,-0.04654638904813789,0.3312300857972688,1,0.8187832603790621,0.19090257457255463,-0.6278806858065075
tm481627,sandro cruz_2001,2223,0.0037434664368166336,0.21869645293771664,0.7540697446075587,0.023490336017908,3,2324,0.06546499353009048,0.07798272221079988,0.8518389090150726,0.004713375244037041,3,0.06172152709327385,-0.14071373072691676,0.09776916440751393,-0.018776960773870956,0.1821227894327244,2,0.6543193054772674,0.539278345436663,-0.11504096004060438
tm481628,tiago araujo_2001,2223,0.020031571736186703,0.7797505176052898,0.15498790195212078,0.04523000870640252,2,2324,0.5609237962567468,0.11527731434433197,0.3068463926225898,0.01695249677633141,1,0.5408922245205601,-0.6644732032609578,0.151858490670469,-0.028277511930071112,0.8701436878972294,2,0.7013122651000052,1.0049881102434495,0.30367584514344426
tm482145,abass issah_1998,2223,0.9797100731624598,0.004810458832334545,0.0016671430911517505,0.013812324914053667,1,2324,0.13624648597465644,0.024193928184426953,0.011158909957068955,0.8284006758838477,4,-0.8434635871878033,0.019383469352092408,0.009491766865917205,0.814588350969794,0.843739672786623,1,0.11556709481281209,0.5677385281474114,0.45217143333459936
tm483573,martin agirregabiria_1996,2223,0.0025909619728149156,0.16790941072062987,0.7877458236731085,0.041753803633446746,3,2324,0.0029249857533524557,0.009149227660215786,0.9869230288041823,0.0010027577822494106,3,0.0003340237805375401,-0.1587601830604141,0.19917720513107373,-0.040751045851197334,0.2547085910233261,3,0.635585819111945,0.07992812493535585,-0.5556576941765892
tm490760,duplexe tchamba_1998,2223,0.00010479284148660396,0.0018347720015751566,0.9977008018093837,0.0003596333475545292,3,2324,0.0010730269467432556,0.0027558601152265047,0.9959543940071622,0.00021671893086817228,3,0.0009682341052566516,0.0009210881136513481,-0.0017464078022214613,-0.00014291441668635692,0.0021990499783660993,3,0.017669466063542357,0.02944553651087012,0.011776070447327761
tm495601,victor gomez_2000,2223,0.003239688594492223,0.09835310378018322,0.8764198592004038,0.021987348424920613,3,2324,0.01636365903785846,0.02778725996349031,0.9492019958483834,0.006647085150268045,3,0.013123970443366235,-0.07056584381669291,0.07278213664797961,-0.015340263274652568,0.10222043009499336,3,0.44621104272101175,0.24967642178516716,-0.1965346209358446
tm498237,david carmo_1999,2223,2.6156726621949667e-05,0.0002524991913073924,0.9996671348750817,5.4209206989108656e-05,3,2324,0.0076828998499783524,0.06505612911760975,0.9169997804532845,0.010261190579127654,3,0.007656743123356403,0.06480362992630236,-0.08266735442179729,0.010206981372138544,0.10531869565267728,3,0.00323300769638874,0.34161856649546113,0.3383855587990724
tm503212,abdul aziz yakubu_1998,2223,0.7224510825457259,0.03318143840952796,0.009506064818641458,0.23486141422610476,1,2324,0.15804745184725852,0.03401911301215787,0.030659349147135438,0.7772740859934482,4,-0.5644036306984673,0.0008376746026299078,0.02115328432849398,0.5424126717673434,0.564800514768032,1,0.7323973594793856,0.7092743097969685,-0.023123049682417074
tm504075,rafael brito_2002,2223,0.0030950329556002016,0.09173577031329704,0.8900763323208962,0.015092864410206581,3,2324,0.02661738534968058,0.6577436589178596,0.11504541438528298,0.20059354134717686,2,0.02352235239408038,0.5660078886045625,-0.7750309179356132,0.18550067693697028,0.9599953931039801,3,0.4039653938989887,0.9431007347377225,0.5391353408387338
tm504087,tomas araujo_2002,2223,0.00031832846078692765,0.014899158966147366,0.9834110486307426,0.0013714639423232035,3,2324,0.02831228133257019,0.12276988750123814,0.8218922826110316,0.027025548555160026,3,0.02799395287178326,0.10787072853509078,-0.16151876601971094,0.025654084612836824,0.1962347248796935,3,0.09072699997164192,0.6172202331394657,0.5264932331678238
tm504503,joao mendes_1994,2223,0.04166341495518387,0.9258268030639653,0.022711337979783787,0.009798444001067103,2,2324,0.7402358471244224,0.03481284148328856,0.025869067505466182,0.19908224388682305,1,0.6985724321692385,-0.8910139615806767,0.003157729525682395,0.18928379988575594,1.1322187482877566,2,0.3350464913699636,0.7554164057946734,0.4203699144247098
tm512913,stephen eustaquio_1996,2223,0.000833288309911707,0.9946198463461364,0.002521174955493382,0.002025690388458437,2,2324,0.3773852360408093,0.588196827531323,0.026506685203498536,0.00791125122436924,2,0.3765519477308976,-0.40642301881481346,0.023985510248005153,0.005885560835910802,0.5545686109620126,2,0.03892106095856202,0.8144250149876211,0.775503954029059
tm514304,nelson_1998,2223,0.45085698618107806,0.5078549806079189,0.022898014713100653,0.01839001849790239,2,2324,0.5495822917020496,0.20418226637644935,0.11221363056099234,0.13402181136050872,1,0.09872530552097158,-0.3036727142314696,0.08931561584789169,0.11563179286260633,0.3315736457458661,2,0.8632214505977034,1.1681724416425776,0.3049509910448742
tm520662,pepe_1997,2223,0.017287302004754836,0.8607239089933754,0.08607669020668543,0.03591209879518435,2,2324,0.8971292265618478,0.044454624711571716,0.02163509845865395,0.03678105026792659,1,0.879841924557093,-0.8162692842818037,-0.06444159174803148,0.0008689514727422409,1.2019026896622194,1,0.529813386603519,0.4402044188897383,-0.08960896771378063
tm524315,hidemasa morita_1995,2223,0.027507552352699055,0.935187521004099,0.020953782806394736,0.016351143836807205,2,2324,0.012775541979982475,0.9681672645618151,0.017478410443470614,0.0015787830147318315,2,-0.01473201037271658,0.03297974355771616,-0.003475372362924122,-0.014772360822075375,0.036287378354126466,2,0.3097632279665704,0.16794114403767474,-0.14182208392889567
tm525602,alejandro marques_2000,2223,0.8065783872887061,0.04047550700775922,0.06626028327221131,0.08668582243132322,1,2324,0.2345491537382921,0.053024822104858295,0.04743194774825598,0.6649940764085935,4,-0.572029233550414,0.012549315097099077,-0.018828335523955332,0.5783082539772704,0.5724765807998463,1,0.6950131687540997,0.9117477972198047,0.21673462846570501
tm526111,alex mendez_2000,2223,0.000543399464594596,0.9978524465213299,0.0011156609873721691,0.0004884930267034539,2,2324,0.4157358322283271,0.13121555920423753,0.07018431801139946,0.382864290556036,1,0.4151924327637325,-0.8666368873170923,0.06906865702402729,0.38237579752933254,0.9634390121154675,2,0.01753931009137751,1.1854131152873781,1.1678738051960007
tm530032,quaresma_1996,2223,0.0016405723109902154,0.061557165878665304,0.9323028212528672,0.004499440557477244,3,2324,0.19326114236360914,0.13000072780329,0.12232346946698568,0.5544146603661151,4,0.19162057005261893,0.0684435619246247,-0.8099793517858815,0.5499152198086379,0.8351464029472302,3,0.27179518369295663,1.1669247439556294,0.8951295602626728
tm53286,mauricio_1988,2223,0.08194433140385152,0.6700829961413817,0.1516780225695936,0.09629464988517307,2,2324,0.0003415004630749601,0.9968534660186291,0.002492932227407019,0.0003121012908890268,2,-0.08160283094077656,0.32677046987724745,-0.14918509034218658,-0.09598254859428404,0.36836687307866384,2,0.9846980792443034,0.023330201794372424,-0.961367877449931
tm537602,joao mario lopes_2000,2223,0.009881718106955008,0.3678508093585961,0.5838785221422736,0.03838895039217527,3,2324,0.2149307437015327,0.04716796167016885,0.7145648632126633,0.023336431415635083,3,0.2050490255945777,-0.32068284768842725,0.13068634107038968,-0.015052518976540186,0.40244442031317945,2,0.8528144759466063,0.8023401250942311,-0.05047435085237517
tm539154,leandro sanca_2000,2223,0.7666231242942073,0.05409435698192509,0.010852772069065424,0.16842974665480212,1,2324,0.9116737095134095,0.02300573945284613,0.013970578480376507,0.051349972553367935,1,0.14505058521920222,-0.031088617529078964,0.003117806411311083,-0.11707977410143419,0.14837754253633134,1,0.7106362875860974,0.3832115395890666,-0.3274247479970308
tm539183,anderson jesus_1995,2223,0.019847846451404874,0.09436756648727984,0.8432393103344971,0.04254527672681826,3,2324,0.0013322251135200083,0.011633297186904744,0.9860591491126587,0.0009753285869166784,3,-0.018515621337884865,-0.0827342693003751,0.14281983877816162,-0.04156994813990158,0.16608821119758924,3,0.5786563564358198,0.0812388081748138,-0.49741754826100604
tm539252,costinha_2000,2223,0.005338846473820229,0.9759745809945629,0.007350541821888585,0.011336030709728209,2,2324,0.31718699693860264,0.6086447632160659,0.028965556942986973,0.045202682902344506,2,0.3118481504647824,-0.36732981777849705,0.02161501512109839,0.033866652192616295,0.4823356433606942,2,0.13856716874974326,0.9089793167810055,0.7704121480312622
tm544784,zaidu sanusi_1997,2223,0.0024645643139745324,0.033910184106835085,0.9530644329429786,0.010560818636211609,3,2324,0.18145224124282275,0.1320502805875979,0.5419307059216926,0.14456677224788678,3,0.1789876769288482,0.09814009648076283,-0.41113372702128603,0.13400595361167517,0.4590196167094088,3,0.22342950188589633,1.1886314696769156,0.9652019677910193
tm54716,steven vitoria_1987,2223,0.003077088054619672,0.025891040132599144,0.9676245193569823,0.0034073524557989396,3,2324,0.006253076089323182,0.011027769888205145,0.9813621183021001,0.001357035720371625,3,0.0031759880347035103,-0.014863270244394,0.013737598945117724,-0.0020503167354273145,0.020487199104108095,2,0.1636049744083763,0.1088611358076527,-0.054743838600723585
tm54781,nicolas otamendi_1988,2223,0.0008632849556876589,0.023493514996314073,0.970248183631931,0.0053950164160672855,3,2324,0.001258070310144159,0.0074174014527495806,0.9905555466224284,0.0007689816146777919,3,0.0003947853544565002,-0.01607611354356449,0.020307362990497402,-0.004626034801389494,0.025903402744996546,3,0.15169423245981298,0.05968965940185339,-0.09200457305795959
tm549006,goncalo inacio_2001,2223,0.0003428749247790163,0.013772048284813586,0.9842721048973595,0.0016129718930481013,3,2324,6.299433910984074e-41,6.188804775652007e-40,1.0,3.1468659079683096e-41,3,-0.0003428749247790163,-0.013772048284813586,0.0157278951026405,-0.0016129718930481013,0.02090821755991988,3,0.08772475217085085,8.289306334778563e-11,-0.08772475208795778
tm550179,joao carlos_1995,2223,0.9970944539755936,0.0007657886488659803,0.0002628638350083507,0.0018768935405320708,1,2324,0.017557065585940505,0.008601239003671546,0.007296620662558313,0.9665450747478296,4,-0.9795373883896531,0.007835450354805566,0.007033756827549962,0.9646681812072975,0.9795939787843706,1,0.022345963069729316,0.18066794490408122,0.15832198183435192
tm550631,masaki watai_1999,2223,0.13987158711739586,0.7541576867777874,0.03614326518629498,0.06982746091852172,2,2324,0.27175332678636227,0.29830284066926716,0.40564111628763083,0.024302716256739677,3,0.1318817396689664,-0.45585484610852023,0.3694978511013359,-0.04552474466178205,0.6014358618732679,2,0.7937870444387881,1.1712392811022467,0.3774522366634586
tm553062,vitor carvalho_1997,2223,0.0026491737103791365,0.9608057016528285,0.03303634098967648,0.003508783647115705,2,2324,0.0026231815372188124,0.9852984080945609,0.01108471325833122,0.0009936971098891063,2,-2.5992173160324043e-05,0.024492706441732404,-0.021951627731345257,-0.002515086537226599,0.03289023114071277,2,0.18662698918166387,0.08695948736291147,-0.0996675018187524
tm560903,patrick_1997,2223,0.001597099564650171,0.02238068573933893,0.9734301521121608,0.0025920625838500603,3,2324,0.01602235440333019,0.08577711438862613,0.8801953322270267,0.018005198981016976,3,0.01442525483868002,0.0633964286492872,-0.09323481988513405,0.015413136397166915,0.11366585583040499,3,0.1369715327916901,0.4615531607391686,0.32458162794747847
tm565232,andre silva_1997,2223,1.0,1.9272024003872337e-41,8.816867783564063e-42,2.3486483913466776e-41,1,2324,0.30832783066057273,0.0326620348623311,0.052114538935790634,0.6068955955413056,4,-0.6916721693394272,0.0326620348623311,0.052114538935790634,0.6068955955413056,0.6944012698206617,1,8.289306334778563e-11,0.9315758037589009,0.9315758036760079
tm567497,filipe relvas_1999,2223,0.0009055841661511361,0.015936777124756978,0.9778642178952441,0.00529342081384775,3,2324,0.009533806996727635,0.027208859871051094,0.9528140811413492,0.010443251990872026,3,0.0086282228305765,0.011272082746294116,-0.02505013675389489,0.005149831177024276,0.02879262805028778,3,0.12194300510304427,0.23612122069849656,0.11417821559545228
tm567587,habib sylla_1999,2223,0.000371540454798908,0.007217212512424685,0.9911187714036147,0.0012924756291617459,3,2324,0.09039223062682433,0.1705476426876731,0.721234556215208,0.017825570470294445,3,0.09002069017202542,0.16333043017524843,-0.26988421518840666,0.0165330948411327,0.3280518917612604,3,0.05596269600026783,0.8263996348248689,0.7704369388246011
tm57723,ivan marcano_1987,2223,0.015172849961043998,0.03390205746521206,0.9301520842160635,0.02077300835768018,3,2324,0.13137933949909636,0.10139035480864629,0.3838614877448245,0.38336881794743294,3,0.11620648953805236,0.06748829734343423,-0.546290596471239,0.36259580958975274,0.5625762475273688,3,0.3261081066199069,1.2338112172786069,0.9077031106586999
tm581121,tiago esgaio_1995,2223,0.000703592975250048,0.026767271141255242,0.9692681449692405,0.003260990914254245,3,2324,0.0014089427109174474,0.0054875234319215855,0.9918845286266401,0.001219005230521072,3,0.0007053497356673994,-0.021279747709333656,0.022616383657399597,-0.002041985683733173,0.03106164822673112,3,0.15094677524402952,0.0540753118253411,-0.09687146341868842
tm58267,andre castro_1988,2223,0.010218879257681807,0.9498952650370223,0.02574844186720274,0.014137413838093072,2,2324,0.1793832451241209,0.6981380127131639,0.06461706087458245,0.05786168128813267,2,0.1691643658664391,-0.25175725232385837,0.038868619007379715,0.0437242674500396,0.3057925216878173,2,0.25010003397600505,0.9009820935846362,0.6508820596086311
tm585264,pedrao_1997,2223,3.857141794652397e-05,0.0009335438869068638,0.9989679718732472,5.991282189949492e-05,3,2324,0.008421241102228687,0.02214934734857851,0.9657820256485036,0.0036473859006893464,3,0.008382669684282163,0.021215803461671647,-0.03318594622474358,0.0035874730787898517,0.04027016879020542,3,0.008518896296089125,0.17871733551646612,0.170198439220377
tm588114,rodrigo martins_1998,2223,0.9058041819375141,0.03279125033270682,0.007708473503711417,0.05369609422606774,1,2324,0.7707060404206957,0.17054202610315922,0.021145817940274262,0.037606115535870885,1,-0.13509814151681843,0.1377507757704524,0.013437344436562845,-0.016089978690196856,0.19340978851176735,2,0.39621504555110676,0.7072943481663017,0.3110793026151949
tm58965,ruben lima_1989,2223,0.0033555833528840203,0.10025095930746956,0.8790645086205122,0.017328948719134138,3,2324,0.12947623357831559,0.18723432041295657,0.6707952874370564,0.012494158571671536,3,0.12612065022543156,0.086983361105487,-0.2082692211834558,-0.004834790147462601,0.2585509466524082,3,0.43328647508223744,0.900972430471753,0.4676859553895156
tm59084,fernando varela_1987,2223,0.0003095464105635548,0.0057169171458983465,0.9932176633676161,0.0007558730759220423,3,2324,0.001198691429049923,0.005096941393616158,0.992978502062086,0.0007258651152477208,3,0.0008891450184863682,-0.0006199757522821888,-0.00023916130553003345,-3.0007960674321532e-05,0.0011100211382581054,1,0.04421750681310793,0.04721381418472637,0.002996307371618441
tm594069,yuki soma_1997,2223,0.9318803228755745,0.03284721353412138,0.0047155886561515165,0.03055687493415243,1,2324,0.9646843950188524,0.007582726390236436,0.004589539608702473,0.023143338982208665,1,0.03280407214327785,-0.025264487143884944,-0.00012604904744904343,-0.007413535951943766,0.04140552316041023,1,0.3097956817461091,0.18357141555456052,-0.12622426619154858
tm595012,ibrahima camara_1999,2223,0.0004835876388730942,0.9954174432286211,0.0032359322517999593,0.0008630368807056794,2,2324,0.018762036680838434,0.1587080164554447,0.8193748122391722,0.0031551346245446334,3,0.01827844904196534,-0.8367094267731765,0.8161388799873722,0.002292097743838954,1.1689736686416508,2,0.03290567193976054,0.548128674787013,0.5152230028472524
tm596067,felippe cardoso_1998,2223,0.939021011504587,0.0022508549754789477,0.0021195291675058367,0.05660860435242803,1,2324,0.3295349288922728,0.04098030341627,0.033654605308833775,0.5958301623826233,4,-0.6094860826123143,0.038729448440791056,0.03153507614132794,0.5392215580301953,0.6115289985780495,1,0.2484089525945815,0.9193898603021113,0.6709809077075298
tm596884,adrian butzke_1999,2223,0.9956986977373875,0.0009799291416717518,0.0005308244785901953,0.00279054864235031,1,2324,0.8258399011286323,0.05949752302749007,0.03986041050229098,0.07480216534158673,1,-0.16985879660875525,0.058517593885818314,0.039329586023700784,0.07201161669923642,0.1839106737423245,1,0.03149666598854249,0.6483196159164789,0.6168229499279364
tm607093,savio_1995,2223,0.0026144598016491945,0.09378866491772166,0.87680150021731,0.02679537506331919,3,2324,0.16870077445921774,0.17245037648769126,0.4474515084382161,0.21139734061487483,3,0.16608631465756854,0.07866171156996961,-0.4293499917790939,0.18460196555155564,0.4670264919941458,3,0.4497818209381176,1.2916809510932232,0.8418991301551056
tm610238,pedro ortiz_2000,2223,0.007451471299654315,0.422053096562326,0.5369285813583823,0.03356685077963731,3,2324,0.00036105025798612803,0.9962821713356806,0.0031990197905940815,0.00015775861573936323,2,-0.007090421041668187,0.5742290747733547,-0.5337295615677882,-0.033409092163897945,0.784000350304102,2,0.8484242822818663,0.02633194392412661,-0.8220923383577396
tm610335,ivan jaime pajuelo_2000,2223,0.8196331852507314,0.058423817670133715,0.006943848561951629,0.1149991485171832,1,2324,0.5312495236245212,0.0643300004702609,0.0451814144992632,0.35923906140595474,1,-0.2883836616262102,0.005906182800127183,0.03823756593731158,0.24423991288877156,0.29096757677964613,1,0.6121830971474551,1.0202390323216866,0.40805593517423144
tm617679,ze carlos_1998,2223,0.0090321755144647,0.3020833024201684,0.61197964292157,0.07690487914379673,3,2324,0.04568181603686834,0.060029145919502945,0.8819327708461955,0.01235626719743321,3,0.036649640522403645,-0.24205415650066545,0.26995312792462545,-0.06454861194636352,0.364428459517035,3,0.9019154192999996,0.4749280273210959,-0.42698739197890373
tm631472,bruno langa_1997,2223,0.0019403161536821754,0.04043153641174279,0.9455587384308488,0.012069409003726253,3,2324,0.23064386703046152,0.13675083787435002,0.6167346420870008,0.01587065300818755,3,0.22870355087677935,0.09631930146260723,-0.328824096343848,0.0038012440044612964,0.41195631850263015,3,0.2480705743558418,0.9742403241428259,0.7261697497869841
tm635807,marlon_1997,2223,0.08888170972288385,0.30472846644115487,0.0894520323347475,0.5169377915012139,4,2324,0.4795819189892586,0.48872026888791587,0.026064606002478976,0.0056332061203464975,2,0.3907002092663748,0.183991802446761,-0.06338742633226851,-0.5113045853808674,0.43648322156232505,1,1.134287289133513,0.826559888401409,-0.3077274007321039
tm63837,andre andre_1989,2223,0.025876558986861614,0.6208808080406726,0.31215672284199475,0.04108591013047105,2,2324,0.0740843272397041,0.11716216768458414,0.051810486937861784,0.7569430181378499,4,0.04820776825284248,-0.5037186403560885,-0.26034623590413297,0.7158571080073789,0.5690664461304643,2,0.8850639359936755,0.8081782923380139,-0.07688564365566164
tm641153,ne lopes_2000,2223,0.0013712644803929766,0.010369140125584701,0.9814158465064807,0.006843748887541653,3,2324,0.00011469094419296623,0.0013282838962009476,0.9984720351729838,8.498998662217562e-05,3,-0.0012565735362000104,-0.009040856229383753,0.017056188666503047,-0.006758758900919477,0.01934501564330234,3,0.10893769405336591,0.012162404433443104,-0.09677528961992281
tm642721,matias lacava_2002,2223,0.5482263856774294,0.2001235157662824,0.04319350069766092,0.20845659785862727,1,2324,0.713764699378772,0.14613167137607339,0.03702281578481668,0.10308081346033797,1,0.16553831370134253,-0.053991844390209015,-0.00617068491284424,-0.1053757843982893,0.17423010622746643,1,1.114065423030543,0.8779900917740467,-0.23607533125649616
tm64339,pizzi_1989,2223,0.15858514477861949,0.7462393670722075,0.018271764659890118,0.0769037234892829,2,2324,0.9067442839661284,0.022298058949033438,0.013947149860639262,0.05701050722419876,1,0.7481591391875089,-0.723941308123174,-0.004324614799250856,-0.01989321626508414,1.041082041651881,1,0.7808640417550523,0.396467414011983,-0.3843966277430693
tm645588,tomas handel_2000,2223,0.010124892548782455,0.9281386474077413,0.04297557689859584,0.018760883144880426,2,2324,0.14966964457684223,0.8066691535762116,0.03998016209191032,0.0036810397550357645,2,0.13954475202805977,-0.12146949383152972,-0.002995414806685519,-0.015079843389844663,0.18503120888143393,1,0.3255586967691163,0.6069190282198809,0.28136033145076456
tm646677,riccieli_1998,2223,0.00010990287661315971,0.0016839905492665988,0.9976388919897837,0.000567214584336448,3,2324,0.0010275391632534605,0.0016085153492331182,0.9971861766114211,0.00017776887609246802,3,0.0009176362866403008,-7.547520003348064e-05,-0.00045271537836266695,-0.00038944570824397994,0.0010260136812855602,1,0.01835493918030321,0.021761658311033633,0.003406719130730422
tm650568,antonio silva_2003,2223,0.0022391253662823085,0.028900944792436038,0.9655731472787604,0.0032867825625214763,3,2324,0.00025270552627098554,0.001824205508299789,0.9977334334401345,0.00018965552529474339,3,-0.001986419840011323,-0.027076739284136248,0.03216028616137412,-0.003097127037226733,0.04208776164187577,3,0.16870455845563415,0.01748718701103348,-0.15121737144460068
tm655899,serdar saatci_2003,2223,0.00045774891355364366,0.005466448647984852,0.986275708469118,0.00780009396934332,3,2324,0.0017963039451963344,0.01713029794088366,0.978844335975248,0.002229062138672116,3,0.0013385550316426906,0.011663849292898806,-0.007431372493870048,-0.005571031830671204,0.013894689886530044,2,0.08348350645633529,0.1155649281489968,0.03208142169266151
tm657387,fabiano souza_2000,2223,0.0038357474738643545,0.0898908011126147,0.8549865393588665,0.05128691205465448,3,2324,0.02250550150808674,0.036582200942528204,0.9357070107277081,0.005205286821676992,3,0.018669754034222386,-0.0533086001700865,0.08072047136884164,-0.046081625232977486,0.09851985112554977,3,0.5241899391337559,0.29595700675262343,-0.22823293238113246
tm658737,mor ndiaye_2000,2223,0.0026239037599997714,0.7846198978590186,0.2046207659547959,0.008135432426185765,2,2324,0.011634801190306783,0.9743552947719694,0.012418803684503554,0.001591100353220324,2,0.00901089743030701,0.18973539691295072,-0.19220196227029235,-0.006544332072965441,0.2702264076931885,3,0.5697028033028905,0.14188402557757301,-0.42781877772531746
tm663244,jota silva_1999,2223,0.3418549293472289,0.4358986159521627,0.02207340997441773,0.20017304472619057,2,2324,0.37003616859479777,0.01585194311041333,0.014171681877034185,0.5999402064177548,4,0.02818123924756888,-0.4200466728417494,-0.007901728097383544,0.39976716169156423,0.42106511006954417,2,1.1350502183295286,0.8004174461013336,-0.334632772228195
tm666539,beni_2002,2223,0.0020435879310301197,0.7532174270323444,0.2288528032063648,0.01588618183026053,2,2324,0.0030851601992196234,0.9851178169919321,0.01027870926370202,0.0015183135451463583,2,0.0010415722681895037,0.23190038995958773,-0.21857409394266278,-0.01436786828511417,0.3186746150528069,2,0.6294080873892395,0.08951340714848716,-0.5398946802407523
tm667121,rodrigo gomes_2003,2223,0.27213350323971036,0.42125114625497495,0.06205300303636369,0.24456234746895109,2,2324,0.6873389525355869,0.12095877875282496,0.09492714009436266,0.0967751286172255,1,0.4152054492958765,-0.30029236750215,0.03287413705799897,-0.14778721885172558,0.5134703301967359,1,1.235260490662756,0.9627293689824681,-0.2725311216802879
tm669956,leonardo lelo_2000,2223,0.0017848436895352968,0.9394725126437992,0.044208617554199,0.01453402611246648,2,2324,0.069897911018721,0.20090984812133222,0.7135638004324459,0.01562844042750085,3,0.0681130673291857,-0.738562664522467,0.6693551828782469,0.0010944143150343703,0.9990748521574786,2,0.26932951972185015,0.8142281204659241,0.5448986007440739
tm670681,joao neves_2004,2223,0.15290470813782764,0.4759780848718367,0.09895034148125141,0.2721668655090842,2,2324,0.49322037695271764,0.4461556338681761,0.03739421467128548,0.02322977450782086,1,0.34031566881489,-0.0298224510036606,-0.06155612680996593,-0.24893709100126335,0.34712143375573373,1,1.2235715049326101,0.9189785618387862,-0.3045929430938239
tm670717,dario essugo_2005,2223,0.00968552881266921,0.2633344132317737,0.5042255719753377,0.2227544859802194,3,2324,0.0031359178773342415,0.9743534329685108,0.019749025716528947,0.0027616234376261722,2,-0.006549610935334968,0.7110190197367372,-0.48447654625880876,-0.21999286254259323,0.8604118012356982,2,1.0760543702744452,0.1371722357461701,-0.9388821345282751
tm671649,alvaro djalo_1999,2223,0.18063146829349824,0.06579756745976284,0.008126477117732466,0.7454444871290066,4,2324,0.25710397575647786,0.03284856922598649,0.018502527222578804,0.6915449277949568,4,0.07647250746297962,-0.03294899823377635,0.010376050104846338,-0.053899559334049774,0.08391271237460479,1,0.7462628824984238,0.7903063363683063,0.04404345386988251
tm673492,morato_2001,2223,0.0035459942795902466,0.025862263862418283,0.9656378916491493,0.0049538502088422205,3,2324,0.003440386930044037,0.025084837012733216,0.9682017763344721,0.003272999722750715,3,-0.00010560734954620943,-0.0007774268496850666,0.0025638846853228703,-0.0016808504860915054,0.0026812404029707177,3,0.1745899402510414,0.1619799005340345,-0.012610039717006916
tm685807,luis santos_2000,2223,0.4394238613291561,0.22133817910561385,0.17042194701197025,0.16881601255325993,1,2324,0.24003337821416662,0.3670018945953851,0.3015631464119469,0.09140158077850152,2,-0.1993904831149895,0.14566371548977128,0.13114119939997668,-0.0774144317747584,0.27959344939962094,1,1.296998648235475,1.2905847854294041,-0.006413862806070814
tm690273,bernardo vital_2000,2223,3.455722367480968e-05,0.0002490214744979259,0.9996228465556953,9.357474613178031e-05,3,2324,1.247611498338807e-05,4.300162176618083e-05,0.9999416461405125,2.876122738045561e-06,3,-2.208110869142161e-05,-0.00020601985273174507,0.0003187995848171754,-9.069862339373475e-05,0.00038021695170028353,3,0.0036665276137407745,0.0006682753132911352,-0.0029982523004496394
tm701325,bruno onyemaechi_1999,2223,0.001881259464203999,0.7346170260437832,0.25186083211806687,0.01164088237394588,2,2324,0.13718532790813703,0.5448226011138021,0.30207489199168025,0.015917178986380454,2,0.13530406844393303,-0.1897944249299811,0.05021405987361338,0.004276296612434574,0.23843356827630957,2,0.6374917708018063,1.0308867830334996,0.39339501223169326
tm701979,geny catamo_2001,2223,0.5085769751431548,0.0945002159387049,0.03045783484273455,0.3664649740754057,1,2324,0.9433974517427797,0.020105662380279856,0.014693646209295681,0.02180323966764478,1,0.43482047659962486,-0.07439455355842504,-0.01576418863343887,-0.3446617344077609,0.44142032815985366,1,1.0410266258146679,0.27894215362711366,-0.7620844721875542
tm70359,david simao_1990,2223,0.0007472416993258687,0.9698436039260636,0.026324787668601687,0.0030843667060089,2,2324,0.13732450999344248,0.6663352980316403,0.14303727019006382,0.05330292178485331,2,0.13657726829411662,-0.30350830589442335,0.11671248252146213,0.05021855507884441,0.35269313225225774,2,0.14865820382912434,0.9775812740309349,0.8289230702018106
tm711337,evanilson_1999,2223,0.9249960597522382,0.00867318421762389,0.003322259046001264,0.06300849698413677,1,2324,0.20529962892702794,0.02341558462281702,0.020094000185345812,0.7511907862648093,4,-0.7196964308252103,0.01474240040519313,0.01677174113934455,0.6881822892806725,0.7200427641557818,1,0.30644075525208736,0.7063845169391028,0.3999437616870154
tm71830,bruno wilson_1996,2223,0.0029254007963280875,0.026512835232776335,0.9640579286274058,0.006503835343489866,3,2324,0.004787724024934959,0.031881043306883426,0.9605614777456533,0.002769754922528277,3,0.0018623232286068712,0.005368208074107091,-0.003496450881752544,-0.0037340804209615892,0.00667166204953649,2,0.1813501240605609,0.19038996050902718,0.009039836448466287
tm729140,miguel maga_2002,2223,0.001084456598712573,0.3719917155710207,0.6125816222199246,0.014342205610342171,3,2324,0.015241559327727512,0.9340951354603657,0.04594265582841464,0.004720649383492152,2,0.014157102729014938,0.5621034198893451,-0.56663896639151,-0.00962155622685002,0.7982733845257627,3,0.7363457309208911,0.2942532265916164,-0.44209250432927466
tm733579,clayton_1999,2223,0.6803673226636074,0.005561803279033515,0.00549048803049367,0.3085803860268655,1,2324,0.1539259827644472,0.017976890189522803,0.015386254260497374,0.8127108727855327,4,-0.5264413398991603,0.012415086910489287,0.009895766230003704,0.5041304867586671,0.5266806859256348,1,0.6822976883429068,0.5930487115502668,-0.08924897679263999
tm739438,matheus pereira_2000,2223,0.01713676804258851,0.2596673123906808,0.6722826945280702,0.050913225038660505,3,2324,0.8481445069822188,0.07106985634511193,0.05038532636873216,0.03040031030393695,1,0.8310077389396303,-0.18859745604556888,-0.621897368159338,-0.020512914734723556,1.0549403770488304,1,0.8383590674627028,0.5843598616582953,-0.2539992058044075
tm742095,gabriel pereira_2000,2223,1.459136819091551e-06,1.8135862131881146e-05,0.9999763420406884,4.062960360587247e-06,3,2324,0.00989100050165976,0.011925068694494901,0.9769963882955377,0.0011875425083075863,3,0.009889541364840668,0.01190693283236302,-0.022979953745150716,0.001183479547946999,0.027706612063017836,3,0.00029170146888350424,0.1292117217178047,0.1289200202489212
tm800177,rildo_2000,2223,0.928865313654797,0.02178839671102045,0.003294566674392358,0.04605172295979003,1,2324,0.31408560439597233,0.11959196848450461,0.0472546966928489,0.5190677304266742,4,-0.6147797092588246,0.09780357177348416,0.04396013001845654,0.47301600746688416,0.6240609926916243,1,0.31248980822752426,1.1023076303990056,0.7898178221714813
tm818252,pedro malheiro_2001,2223,0.001803972222264196,0.6332065132264746,0.3429103616773213,0.02207915287393981,2,2324,0.08275883229322821,0.6507200729481291,0.2567302194268463,0.009790875331796544,2,0.08095486007096402,0.01751355972165447,-0.08618014225047499,-0.012288277542143266,0.11953004250624788,3,0.7519489936128461,0.8801983241267991,0.12824933051395304
tm818495,otavio ataide_2002,2223,0.00014312665390052952,0.004081666543732807,0.9950523153086979,0.000722891493668809,3,2324,0.0012605876592891709,0.002143215652224483,0.9964041239227963,0.00019207276568998657,3,0.0011174610053886413,-0.0019384508915083242,0.0013518086140984487,-0.0005308187279788224,0.0026141341753063057,2,0.03388475113625947,0.02682001890361774,-0.007064732232641726
tm891971,joao marques_2002,2223,0.10830912630996749,0.35209207020010685,0.15137360196542538,0.3882252015245003,4,2324,0.7601283358891343,0.06537351480263488,0.03145739581874168,0.1430407534894892,1,0.6518192095791668,-0.286718555397472,-0.11991620614668369,-0.2451844480350111,0.7221189019006752,1,1.2614024956025616,0.7737698331314566,-0.4876326624711049
tm908936,ze carlos_2001,2223,0.004093621505456127,0.870057431066048,0.06682326613834508,0.059025681290150775,2,2324,0.07788711974788581,0.8397713029855458,0.07195291781237163,0.010388659454196501,2,0.07379349824242969,-0.03028612808050224,0.005129651674026556,-0.048637021835954274,0.07993149106116376,1,0.4914504511501865,0.5822591334206296,0.09080868227044314
tm924885,martim tavares_2003,2223,0.5077364031064955,0.032565189447415745,0.01919424375160175,0.440504163694487,1,2324,0.6761744210445417,0.03719067291983609,0.029575466059609895,0.25705943997601216,1,0.16843801793804625,0.004625483472420346,0.010381222308008146,-0.18344472371847487,0.16882100213202,1,0.8926784939791098,0.8403418049349383,-0.05233668904417155
tm974982,ousmane diomande_2003,2223,0.0003070522496564825,0.006980130398293137,0.9920829440268457,0.0006298733252045747,3,2324,0.00028270669719935904,0.0005458948823459688,0.9991237296441087,4.766877634595957e-05,3,-2.434555245712345e-05,-0.006434235515947169,0.007040785617262957,-0.0005822045488586151,0.009537957930755266,3,0.049665551567106794,0.007761628502723786,-0.04190392306438301
tm982575,gustavo sa_2004,2223,0.06531596890350153,0.2957870337342124,0.12729111081141767,0.5116058865508685,4,2324,0.6405313907103346,0.15965517333803347,0.05684612490364584,0.14296731104798613,1,0.575215421806833,-0.13613186039617892,-0.07044498590777183,-0.36863857550288237,0.595287460760668,1,1.143779701920967,1.0193471734461301,-0.12443252847483688
andre inacio_2002,andre inacio_2002,2324,0.7458538338318754,0.02491095845390759,0.02461736235496126,0.2046178453592558,1,2425,0.9322894930660319,0.04138330157851902,0.004818994710575502,0.021508210644873613,1,0.1864356592341565,0.016472343124611433,-0.019798367644385757,-0.18310963471438219,0.1882061860924654,1,0.7265250102842897,0.3054525116671961,-0.4210724986170936
bachir belloumi_2002,bachir belloumi_2002,2324,0.6802589816345515,0.08648936405559635,0.06523422657426896,0.16801742773558334,1,2425,0.23399509458325993,0.1945006334359249,0.0709655018925395,0.5005387700882756,4,-0.4462638870512915,0.10801126938032857,0.005731275318270543,0.33252134235269226,0.4591848633350751,1,0.9515593750341209,1.1924786947657264,0.24091931973160552
carlos ponck_1995,carlos ponck_1995,2324,0.00033025726121250365,0.007431578574522962,0.9919638617171297,0.0002743024471347855,3,2425,0.0002827525949306552,0.0028957373648862386,0.9961135581719213,0.000707951868261887,3,-4.750466628184846e-05,-0.0045358412096367234,0.004149696454791574,0.00043364942112710154,0.006147852701493997,2,0.0493303398890308,0.028248285797684552,-0.02108205409134625
danny loader_2000,danny loader_2000,2324,0.039225078252542664,0.010334303522962907,0.008885905765890599,0.9415547124586039,4,2425,0.9789360957787258,0.0158389189305556,0.0007204192010643456,0.004504566089654262,1,0.9397110175261831,0.005504615407592691,-0.008165486564826253,-0.9370501463689497,0.9397626149308773,1,0.2729531992629837,0.11604669788147004,-0.15690650138151369
fabio conceicao_2001,fabio conceicao_2001,2324,0.7802528919337842,0.15563035206888373,0.05252948839854594,0.011587267598786071,1,2425,0.3640581924924518,0.5273428584094436,0.06494957570831329,0.0436493733897913,2,-0.4161946994413324,0.37171250634055986,0.012420087309767354,0.03206210579100523,0.5581598998332145,1,0.68955063565157,1.0195809247766816,0.33003028912511156
larra_1997,larra_1997,2324,0.140993995129546,0.24313898337283008,0.6016484392740332,0.014218582223590731,3,2425,0.16199232243721703,0.7278409357230092,0.07918748335724939,0.030979258482524218,2,0.02099832730767104,0.48470195235017915,-0.5224609559167839,0.016760676258933488,0.7129813201054254,3,0.9862020795150009,0.8345246482743117,-0.15167743124068922
luismi_2001,luismi_2001,2324,0.2186919848355162,0.652736053595267,0.09296940595477006,0.03560255561444681,2,2425,0.664000390467093,0.03578807683470057,0.013544983995601008,0.28666654870260533,1,0.4453084056315768,-0.6169479767605665,-0.07942442195916904,0.2510639930881585,0.765004981002504,2,0.9504714177916819,0.8075076252393545,-0.14296379255232738
manuel manu_2001,manuel manu_2001,2324,0.0003709033297309605,0.002389949743718127,0.997097890608325,0.00014125631822596604,3,2425,0.13119796120777175,0.6775251755619491,0.07881047274453626,0.11246639048574279,2,0.13082705787804078,0.675135225818231,-0.9182874178637888,0.11232513416751683,1.1472467363303338,3,0.021506989534411675,0.9762206184055899,0.9547136288711783
tidjany chabrol_2002,tidjany chabrol_2002,2324,0.8724421337054891,0.01814283261471602,0.01519947293872193,0.094215560741073,1,2425,0.9790056088723994,0.013644583676901306,0.0013060968327740271,0.006043710617925354,1,0.10656347516691034,-0.004498248937814713,-0.013893376105947904,-0.08817185012314764,0.10755944580917379,1,0.47798153012361383,0.11891706459306672,-0.3590644655305471
tm1070645,fabricio garcia_2001,2324,0.06309459908594359,0.045823570691751456,0.02683486926713882,0.8642469609551662,4,2425,0.243463133547658,0.5940198850478039,0.06446007320983826,0.09805690819469984,2,0.1803685344617144,0.5481963143560524,0.03762520394269944,-0.7661900527604664,0.5783317934102847,2,0.5387908155829461,1.0577922573398417,0.5190014417568957
tm1072017,wagner pina_2002,2324,0.05579126309902731,0.8976226096654106,0.03105157768034921,0.015534549555212916,2,2425,0.2653598470120995,0.520504099487921,0.18149207068832035,0.03264398281165924,2,0.2095685839130722,-0.37711851017748965,0.15044049300797113,0.017109433256446326,0.45691323467185885,2,0.43048043506828515,1.1133464845429486,0.6828660494746635
tm131740,nermin zolotic_1993,2324,0.00018306511921662965,0.0009023666770943009,0.998832398619405,8.21695842841298e-05,3,2425,0.0001383278817022316,0.0009982637598520466,0.9986027740279845,0.0002606343304612744,3,-4.473723751439806e-05,9.58970827577457e-05,-0.0002296245914205075,0.00017846474617714457,0.00025283418259187306,3,0.009841296142209594,0.011673768066960698,0.0018324719247511043
tm134602,ze luis_1991,2324,0.5757439397379402,0.04350263086037587,0.0347410239697614,0.3460124054319224,1,2425,0.8813757625242683,0.04312229483996023,0.018961216002751174,0.056540726633020344,1,0.30563182278632806,-0.0003803360204156364,-0.015779807967010225,-0.28947167879890207,0.30603914470972104,1,0.9381819928863522,0.4844745141240586,-0.45370747876229356
tm137313,jonathan buatu_1993,2324,0.027251414778643495,0.044199204880204894,0.9115279858404074,0.017021394500744268,3,2425,0.0004311886617129584,0.0011720216564515785,0.9974287804991413,0.0009680091826939686,3,-0.026820226116930537,-0.04302718322375332,0.0859007946587339,-0.016053385318050298,0.09974772953875036,3,0.38980730135612884,0.020537424551374403,-0.3692698768047544
tm139336,paulo oliveira_1992,2324,0.002300181200926371,0.01848714537189574,0.9736267140911593,0.005585959336018473,3,2425,0.00010626884576494853,0.0014172982190473523,0.998285865789807,0.00019056714538079038,3,-0.0021939123551614225,-0.017069847152848386,0.02465915169864774,-0.0053953921906376824,0.03007102751388216,3,0.14274891172307608,0.013613342249161067,-0.12913556947391502
tm139341,josue sa_1992,2324,0.0015326762782749623,0.009298735308878727,0.9877511815341551,0.0014174068786911762,3,2425,0.0032155784437168425,0.019902793246442577,0.9727499769703466,0.0041316513394941265,3,0.0016829021654418803,0.01060405793756385,-0.01500120456380849,0.0027142444608029503,0.018447610761475008,3,0.07490137579475357,0.1459680440802265,0.07106666828547294
tm139395,ricardo esgaio_1993,2324,0.22921484417279436,0.571468600570974,0.12034482971864306,0.07897172553758845,2,2425,4.1207536176830853e-05,0.0005945684993719511,0.9992516747103445,0.00011254925410673012,3,-0.22917363663661752,-0.570874032071602,0.8789068449917015,-0.07885917628348173,1.0727977248280347,3,1.11271839960283,0.006603685797529105,-1.106114713805301
tm139396,bruma_1994,2324,0.565443620256899,0.0891495523759395,0.060378760982912005,0.28502806638424955,1,2425,0.48730863482867826,0.03557202350669535,0.009778128548754131,0.4673412131158723,1,-0.07813498542822073,-0.05357752886924415,-0.050600632434157876,0.18231314673162274,0.10740601263588416,1,1.065146666404772,0.8697345165257424,-0.19541214987902955
tm154319,andre geraldes_1991,2324,0.018633533040565843,0.18151650628956098,0.7937876260031577,0.0060623346667156115,3,2425,0.006191395230483752,0.10604718315399832,0.8815066894023205,0.006254732213197583,3,-0.01244213781008209,-0.07546932313556266,0.0877190633991628,0.0001923975464819712,0.11638324454770708,3,0.5982238395824869,0.4123540647140053,-0.1858697748684816
tm155395,salvador agra_1991,2324,0.9608970370576299,0.014700550742308693,0.012394337047955605,0.012008075152105797,1,2425,0.2174840977871177,0.32318366008066374,0.29960935741306055,0.15972288471915802,2,-0.7434129392705122,0.30848310933835504,0.28721502036510493,0.1477148095670522,0.8545859201655557,1,0.20788204634636506,1.3509412417458893,1.1430591953995242
tm159142,aderlan santos_1989,2324,0.0010337210459795546,0.008469690352161392,0.9898648172382516,0.0006317713636074584,3,2425,9.338551948376716e-05,0.0005848725213066846,0.9989087674234357,0.0004129745357738941,3,-0.0009403355264957874,-0.007884817830854707,0.009043950185184113,-0.00021879682783356434,0.012035265600735456,3,0.06225541103190546,0.009528948441507838,-0.05272646259039762
tm174694,rony lopes_1995,2324,0.08628040478660137,0.029186654054015628,0.01899000862989586,0.8655429325294871,4,2425,0.3877975386083144,0.40659949181193117,0.04472645379384031,0.16087651578591405,2,0.301517133821713,0.37741283775791556,0.025736445163944452,-0.704666416743573,0.4837513790184171,2,0.5148034127361075,1.1661734191251307,0.6513700063890232
tm182108,sebastian perez_1993,2324,0.005740391591847777,0.9706845744656675,0.02030816427189932,0.0032668696705855363,2,2425,0.024406243599104135,0.7842099516247268,0.1708718939155888,0.02051191086058022,2,0.01866585200725636,-0.18647462284094063,0.15056372964368947,0.017245041189994682,0.2403968295944143,2,0.15633798554116404,0.6628710732335352,0.5065330876923712
tm182710,joao teixeira_1994,2324,0.979553064389126,0.00773054968029879,0.002964411068029112,0.009751974862546094,1,2425,0.08685824843184792,0.6024871660098863,0.07769237890273521,0.23296220665553075,2,-0.8926948159572781,0.5947566163295875,0.0747279678347061,0.22321023179298466,1.0752784459299478,1,0.12023732977209406,1.0554114094618807,0.9351740796897867
tm182936,filipe ferreira_1990,2324,0.0021311883816100994,0.008322342789334185,0.9882364775867806,0.0013099912422752295,3,2425,6.447252437371821e-05,0.0007273809294617398,0.9989115781411589,0.00029656840500559464,3,-0.002066715857236381,-0.007594961859872445,0.01067510055437837,-0.0010134228372696349,0.013263202174948507,3,0.07335266514147293,0.009375134767352232,-0.0639775303741207
tm190185,marcelo ferreira_1989,2324,0.0005983034820054232,0.0010215498477195092,0.9981939598499132,0.00018618682036164824,3,2425,9.988240830391687e-05,0.001272564305809989,0.9984286416161335,0.0001989116697522931,3,-0.0004984210737015064,0.00025101445809047975,0.00023468176622032377,1.272484939064485e-05,0.0006053985103025199,1,0.014878615048729926,0.012669277668674641,-0.0022093373800552846
tm207561,maxime dominguez_1996,2324,0.9269058843931246,0.03580319651594962,0.01037473035372997,0.02691618873719595,1,2425,0.3160478156245784,0.2980546922623677,0.075876723221275,0.3100207688917789,1,-0.6108580687685462,0.2622514957464181,0.06550199286754503,0.28310458015458295,0.6679924687228826,1,0.3342682088350248,1.283561560328535,0.9492933514935102
tm223367,fredrik aursnes_1995,2324,0.08069089245078832,0.2727252964082593,0.6290490634294438,0.017534747711508574,3,2425,0.1659877337559152,0.7740197076204521,0.03261441637487247,0.027378142248760246,2,0.08529684130512687,0.5012944112121929,-0.5964346470545713,0.009843394537251672,0.7837767067579402,3,0.9199549296417171,0.7065049522863378,-0.2134499773553793
tm225151,rafael barbosa_1996,2324,0.9481254647323478,0.010458233048704057,0.0074214524649868,0.03399484975396143,1,2425,0.12264746792564919,0.5666493843546894,0.13612081756413394,0.1745823301555274,2,-0.8254779968066986,0.5561911513059853,0.12869936509914714,0.140587480401566,1.0036563388829869,1,0.24954389283509637,1.1553962204417967,0.9058523276067003
tm230457,bruno gaspar_1993,2324,0.8257180110624804,0.12130552638609744,0.04077111639634907,0.012205346155073037,1,2425,0.004250328643258751,0.018355291662118682,0.9711024967709018,0.006291882923720842,3,-0.8214676824192216,-0.10295023472397877,0.9303313803745527,-0.005913463231352194,1.2453611449690207,3,0.5982476594710165,0.15695775712761056,-0.441289902343406
tm236997,tiago silva_1993,2324,0.3545866657984105,0.4159247897833789,0.07528812550364476,0.15420041891456573,2,2425,0.12684876887623123,0.8173670014613927,0.022595857374008408,0.033188372288367594,2,-0.2277378969221793,0.40144221167801386,-0.05269226812963636,-0.12101204662619813,0.4645394215049116,2,1.2155123928027172,0.6254111354765114,-0.5901012573262058
tm238367,cassiano_1989,2324,0.2553690103515443,0.06182369277014205,0.05056392690473273,0.632243369973581,4,2425,0.6930540288262922,0.08391798040629009,0.011212864821683719,0.21181512594573396,1,0.4376850184747479,0.02209428763614804,-0.03935106208304901,-0.42042824402784706,0.4400054988638815,1,0.9614550617924128,0.8411474468542584,-0.12030761493815445
tm257707,joao graca_1995,2324,0.06846012574065735,0.8166250961875123,0.08001449063792185,0.034900287433908404,2,2425,0.2476960275154953,0.7097431122273529,0.018799840045098683,0.02376102021205311,2,0.17923590177483795,-0.10688198396015947,-0.06121465059282316,-0.011139267221855296,0.2174775860347465,1,0.6681839989255735,0.7525780203385843,0.08439402141301089
tm261927,ricardo horta_1994,2324,0.8703050669597684,0.017856644919103153,0.012865190385987853,0.09897309773514057,1,2425,0.673856741538803,0.14418688883529818,0.016129402227803936,0.16582696739809477,1,-0.19644832542096535,0.12633024391619502,0.0032642118418160834,0.0668538696629542,0.23358495278500943,1,0.47769586026662836,0.9097629622232597,0.43206710195663134
tm263860,jason_1994,2324,0.9724893392579941,0.0034743873801609524,0.003056087953139382,0.02098018540870572,1,2425,0.8591634040895815,0.05630841139765793,0.007464090228664673,0.07706409428409602,1,-0.1133259351684126,0.052834024017496976,0.004408002275525291,0.056083908875390304,0.12511447621973143,1,0.14556966580594188,0.5264928711528514,0.3809232053469095
tm27178,ruben fernandes_1986,2324,0.0002204986196618142,0.0010395442906214088,0.9985284805797745,0.00021147650994221255,3,2425,0.0006349969849420279,0.0042227997191010315,0.9930446539764458,0.0020975493195110515,3,0.00041449836528021364,0.0031832554284796227,-0.00548382660332869,0.001886072809568839,0.006354311782808617,3,0.012256938729659262,0.04762856696950267,0.03537162823984341
tm276030,artur jorge_1994,2324,0.000679483573797696,0.007426150837812173,0.9914681039921501,0.00042626159623983874,3,2425,8.283550049479554e-05,0.0003749348615880711,0.9992962097494834,0.00024601988843383056,3,-0.0005966480733029005,-0.007051215976224102,0.007828105757333281,-0.00018024170780600818,0.01055248195519559,3,0.053168197431212046,0.006484304635739683,-0.04668389279547236
tm288253,jerry st juste_1996,2324,0.0020171641360079017,0.02641545716784453,0.9686954612229816,0.0028719174731660926,3,2425,0.0009464704734789449,0.009665175980320576,0.9858693703982868,0.0035189831479136417,3,-0.0010706936625289568,-0.016750281187523954,0.017173909175305258,0.0006470656747475491,0.02401377648646153,3,0.1561253372291801,0.08534009901778702,-0.07078523821139307
tm290391,nuno santos_1995,2324,0.4919499521803181,0.04758565882183417,0.041874263529245385,0.41859012546860247,1,2425,0.06002407769821722,0.10641292220876979,0.0901221884529252,0.7434408116400878,4,-0.4319258744821009,0.05882726338693561,0.04824792492367982,0.3248506861714853,0.4385755011673184,1,0.9912928267924455,0.844550891505498,-0.14674193528694746
tm291939,samu_1996,2324,0.47415184946248073,0.442002970034842,0.04685237459809299,0.03699280590458436,1,2425,0.4368034557966449,0.4991120606985948,0.009826601164793029,0.05425788233996721,2,-0.03734839366583581,0.057109090663752804,-0.037025773433299956,0.017265076435382845,0.07763542132424506,2,0.9800635729084298,0.9121702214773093,-0.06789335143112052
tm291968,neto_1991,2324,0.0015210044996449427,0.9946757604013731,0.003562338714517022,0.00024089638446484065,2,2425,0.013124889100641537,0.8203349856735102,0.14834413503415056,0.0181959901916976,2,0.011603884600996595,-0.1743407747278629,0.14478179631963353,0.01795509380723276,0.22691655826775742,2,0.037267952156330685,0.5753110854419613,0.5380431332856306
tm29364,joao moutinho_1986,2324,0.05272833373475285,0.9145207511016362,0.03050437411161006,0.0022465410520010093,2,2425,0.04405427519404106,0.8341622602019089,0.09414479771586073,0.027638666888189386,2,-0.008674058540711793,-0.08035849089972735,0.06364042360425068,0.025392125836188377,0.10287288208161433,2,0.3570326167231511,0.6104477289432407,0.2534151122200896
tm295414,adrian marin_1997,2324,0.0014759027173359674,0.005150952231809263,0.9923895491379094,0.0009835959129454069,3,2425,0.005622094060097855,0.016220269204010384,0.9453761440365339,0.03278149269935778,3,0.004146191342761887,0.011069316972201121,-0.04701340510137553,0.03179789678641238,0.048476601985988,3,0.051150948069461535,0.261127709036389,0.20997676096692747
tm306668,amine oudrhiri_1992,2324,0.09948776823870663,0.7387993647426476,0.15431090188214738,0.007401965136498374,2,2425,0.012694929936185964,0.6425178297823939,0.3252916497447314,0.01949559053668865,2,-0.08679283830252066,-0.09628153496025371,0.17098074786258402,0.012093625400190273,0.21456361969019488,3,0.7779340276153232,0.7817362117716075,0.003802184156284305
tm308371,mikel villanueva_1993,2324,0.0008384336310119067,0.006224025268872872,0.9923711066287324,0.0005664344713828146,3,2425,0.0005029534953139388,0.004017643841193852,0.994519299508242,0.0009601031552501014,3,-0.0003354801356979678,-0.00220638142767902,0.002148192879509625,0.0003936686838672868,0.003097644035945817,2,0.04938784141909407,0.03812242075513026,-0.011265420663963806
tm314944,ricardo mangas_1998,2324,0.7608486300214047,0.13805976781277066,0.06311018906606879,0.03798141309975589,1,2425,0.8186038296265514,0.1277729349597261,0.01897140930905433,0.03465182610466812,1,0.057755199605146745,-0.010286832853044547,-0.044138779757014454,-0.0033295869950877716,0.07341467080914446,1,0.7799132708553,0.6184722948873648,-0.16144097596793527
tm325443,viktor gyokeres_1998,2324,0.028753544858217097,0.00412328599272466,0.004697246577215413,0.9624259225718428,4,2425,0.014772257878582194,0.0035544693488197333,0.0014959097115565295,0.9801773630610415,4,-0.013981286979634903,-0.000568816643904927,-0.0032013368656588835,0.017751440489198744,0.014354389423055178,1,0.1867276206152837,0.11166651766649253,-0.07506110294879116
tm329722,andre horta_1996,2324,0.6287395583664805,0.10450620644101959,0.04433820352125617,0.22241603167124357,1,2425,0.11062801633530915,0.11850650931663298,0.05292336984969927,0.7179421044983586,4,-0.5181115420311714,0.014000302875613393,0.008585166328443097,0.495526072827115,0.518371761911675,1,1.0002781607277884,0.889744715835416,-0.11053344489237238
tm33829,jose fonte_1983,2324,0.0014969187461287548,0.011125011012703273,0.9863030490866779,0.0010750211544899933,3,2425,2.2621914789044265e-05,0.00025253905859355137,0.9996358438694487,8.899515716863929e-05,3,-0.0014742968313397106,-0.010872471954109722,0.01333279478277083,-0.000986025997321354,0.01726695150451526,3,0.08073393379194735,0.0035281382539722756,-0.07720579553797507
tm344395,jorge fernandes_1997,2324,4.450264152815372e-05,0.00046194688890305,0.9994700431616703,2.3507307898324265e-05,3,2425,0.00022040338557886095,0.0016911936620982457,0.9972923729840734,0.0007960299682493598,3,0.00017590074405070722,0.0012292467731951956,-0.0021776701775969576,0.0007725226603510356,0.0025068378694210677,3,0.004774056850158218,0.0210338754898725,0.016259818639714284
tm344474,ilija vukotic_1999,2324,0.01951382052685154,0.9303189702523648,0.047404876013699485,0.0027623332070843346,2,2425,0.0028240910457554033,0.9967514628178581,0.00028030945052634807,0.00014413668586017703,2,-0.016689729481096136,0.06643249256549333,-0.04712456656317314,-0.0026181965212241573,0.08314173387886153,2,0.30482728395957703,0.023387127937057644,-0.28144015602251937
tm344519,bruno costa_1997,2324,0.35257106476080974,0.3819959950317718,0.18553880326234387,0.07989413694507462,2,2425,0.14589419086338173,0.6769610269636962,0.05007375748258516,0.12707102469033682,2,-0.206676873897428,0.2949650319319244,-0.1354650457797587,0.0471768877452622,0.38479927091241567,2,1.2496036053985928,0.9570209631924691,-0.29258264220612373
tm357162,florentino luis_1999,2324,0.00388718672107994,0.938540384269865,0.04196723191267029,0.015605197096384867,2,2425,0.03136314500054163,0.7795050665932687,0.10788096470054091,0.08125082370564869,2,0.02747595827946169,-0.1590353176765963,0.06591373278787063,0.06564562660926382,0.1743323857517628,2,0.2790976598803772,0.7469331134665962,0.467835453586219
tm364244,godfried frimpong_1999,2324,0.1454376244914792,0.06648125495362743,0.6642570672801891,0.12382405327470411,3,2425,0.0038461533722058496,0.019902540175957356,0.9643567719913706,0.011894534460466072,3,-0.14159147111927337,-0.046578714777670074,0.3000997047111815,-0.11192951881423804,0.3350784298217328,3,0.9910182116165166,0.1870567016581242,-0.8039615099583923
tm366278,rodrigo pinho_1991,2324,0.3889158682635562,0.02692646632718686,0.03502887242750259,0.5491287929817543,4,2425,0.758200712965071,0.06284455581579271,0.013429778697990308,0.16552495252114613,1,0.3692848447015148,0.03591808948860585,-0.021599093729512284,-0.3836038404606082,0.37165565585454186,1,0.9111809469958905,0.7393767827008337,-0.17180416429505674
tm367468,nuno santos_1999,2324,0.8359644219357912,0.02910558146885467,0.01494218625763986,0.11998781033771422,1,2425,0.7995260024718244,0.14117988603404513,0.018895826522495208,0.04039828497163531,1,-0.036438419463966865,0.11207430456519046,0.003953640264855347,-0.07958952536607891,0.11791539097228554,2,0.569948900290095,0.6599044997891189,0.08995559949902387
tm367652,rodrigo abascal_1994,2324,0.0007479695331502252,0.0021575154598508376,0.9967995126093265,0.00029500239767222923,3,2425,8.229676701620263e-05,0.00040029322121050854,0.9993638096637264,0.00015360034804697567,3,-0.0006656727661340225,-0.001757222238640329,0.0025642970543998667,-0.00014140204962525356,0.003179083139955368,3,0.024221842490957234,0.005890411669465236,-0.018331430821492
tm373187,maracas_1994,2324,0.02251059326983454,0.06210307537650524,0.8948794475999566,0.02050688375370364,3,2425,0.0010359223091829755,0.009091034095821581,0.9879936570150795,0.0018793865799159358,3,-0.021474670960651563,-0.05301204128068365,0.09311420941512283,-0.018627497173787706,0.10927805822129394,3,0.4370830105401099,0.07358196897165217,-0.36350104156845775
tm374987,elves balde_1999,2324,0.7634704065928374,0.02804229884642808,0.019036824444791444,0.18945047011594315,1,2425,0.9080994056724139,0.04132847355881806,0.008843633218935543,0.041728487549832376,1,0.1446289990795765,0.013286174712389978,-0.0101931912258559,-0.14772198256611077,0.14559522986902818,1,0.6968575633348655,0.39358972998575753,-0.30326783334910795
tm375376,pedro alvaro_2000,2324,0.0016409179213803839,0.009852552280579983,0.9874567032985225,0.0010498264995170846,3,2425,0.00014089010984140907,0.0016028251971695092,0.997816657941235,0.00043962675175413993,3,-0.0015000278115389748,-0.008249727083410475,0.010359954642712443,-0.0006101997477629447,0.01332804338923031,3,0.07570661602531206,0.017144199139536624,-0.05856241688577544
tm379249,matheus reis_1995,2324,0.13332370127484627,0.2153521024000054,0.6242406713447518,0.02708352498039659,3,2425,0.06481942432840808,0.13349646687492228,0.7640406680318413,0.03764344076482821,3,-0.0685042769464382,-0.08185563552508313,0.13979999668708953,0.010559915784431616,0.1758897953290065,3,0.9912070779505082,0.7752596855963678,-0.2159473923541404
tm383014,goncalo costa_2000,2324,0.16998827612272696,0.5061530134327259,0.1649249726851989,0.15893373775934824,2,2425,0.0255372619886134,0.7169163761071191,0.10900256564802349,0.14854379625624387,2,-0.14445101413411357,0.21076336267439322,-0.05592240703717541,-0.010389941503104377,0.26156185910606927,2,1.2354315943198657,0.8570938872945901,-0.3783377070252756
tm383807,kikas_1998,2324,0.1936286686093396,0.016224703515450047,0.019536459998299546,0.7706101678769107,4,2425,0.6237631565941273,0.0664865756855224,0.018307558392694274,0.2914427093276561,1,0.4301344879847877,0.050261872170072344,-0.0012289016056052718,-0.47916745854925463,0.4330628635049794,1,0.6624527915317419,0.907196874708095,0.2447440831763531
tm390638,arthur cabral_1998,2324,0.17315470537306926,0.05202337436685423,0.042216691929008454,0.732605228331068,4,2425,0.060144616266766586,0.022632533161019843,0.009431218617774987,0.9077916319544385,4,-0.11301008910630267,-0.02939084120583439,-0.032785473311233465,0.17518640362337046,0.12128474366894891,1,0.8189853412136368,0.386611845505191,-0.43237349570844574
tm394328,rafik guitane_1999,2324,0.9858250225170175,0.003991919415248825,0.003990785618152361,0.0061922724495810785,1,2425,0.4798032287364903,0.11030699866522682,0.059885844472102406,0.3500039281261806,1,-0.5060217937805273,0.10631507924997799,0.05589505885395005,0.3438116556765995,0.5200819257204369,1,0.08965182355973628,1.1315634179006424,1.041911594340906
tm395632,marious vrousai_1998,2324,0.20515831172859114,0.7092068073341998,0.06748473538728451,0.018150145549924487,2,2425,0.07017687936214624,0.5121821463856336,0.3976188896018379,0.020022084650382178,2,-0.1349814323664449,-0.1970246609485662,0.3301341542145534,0.0018719391004576903,0.4074644326619848,3,0.8233488146363442,0.9741429900428678,0.1507941754065235
tm396342,toni borevkovic_1997,2324,0.002497364834644464,0.024687374471580193,0.9707579595822224,0.0020573011115529527,3,2425,3.5853277206892497e-06,3.333149810119609e-05,0.9999502037990345,1.2879375143643078e-05,3,-0.002493779506923775,-0.024654042973478996,0.029192244216812102,-0.0020444217364093097,0.038291355337481875,3,0.14788238612263857,0.0005833851017889909,-0.14729900102084958
tm402112,morlaye sylla_1998,2324,0.0874374235983841,0.8765710172531105,0.02597107961194194,0.010020479536563424,2,2425,0.31000124999506856,0.6099340696377366,0.05461262095747806,0.025452059409716763,2,0.22256382639668446,-0.26663694761537393,0.028641541345536124,0.015431579873153339,0.34849713993751114,2,0.46948762016031376,0.9168401531304647,0.447352532970151
tm406151,ze pedro figueiredo_1997,2324,0.012817834094030285,0.01145206441814086,0.9710073478248069,0.004722753663021826,3,2425,1.8500329222485605e-41,1.904735336245471e-40,1.0,4.3347345177337306e-41,3,-0.012817834094030285,-0.01145206441814086,0.02899265217519309,-0.004722753663021826,0.03370490365586381,3,0.16089253273407675,8.289306334778563e-11,-0.1608925326511837
tm410281,renato pantalon_1997,2324,0.002593768615498627,0.009532154487077112,0.986569301544942,0.001304775352482249,3,2425,1.838507599005986e-05,0.0002278143635858175,0.9996905135242796,6.328703614443133e-05,3,-0.0025753835395085673,-0.009304340123491295,0.013121211979337577,-0.0012414883163378177,0.016290167258683798,3,0.08180494597776472,0.003032431617831112,-0.07877251435993361
tm412367,weverson_2000,2324,0.0003908833526389424,0.0007950527805616684,0.9987117565457837,0.00010230732101572778,3,2425,0.010446963510222082,0.03494130313019595,0.9432988288143629,0.011312904545219141,3,0.01005608015758314,0.03414625034963428,-0.055412927731420814,0.011210597224203414,0.06586109413639667,3,0.010969038951078808,0.2706140503372168,0.259645011386138
tm412669,francisco trincao_1999,2324,0.43408771981853195,0.029014358321938057,0.026856407360846428,0.5100415144986835,4,2425,0.42284170730038584,0.08330463228236876,0.018836227948132927,0.4750174324691126,4,-0.011246012518146109,0.0542902739604307,-0.008020179412713501,-0.03502408202957091,0.056019906480366706,2,0.9054982743933022,0.9994188165043452,0.09392054211104295
tm413118,sikou niakate_1999,2324,0.0009515791604257431,0.005976429456979399,0.9924651783560541,0.0006068130265407856,3,2425,7.941259108364852e-05,0.0006163405830890325,0.999100876815025,0.00020337001080234987,3,-0.0008721665693420946,-0.005360088873890366,0.00663569845897094,-0.00040344301573843575,0.008574597442391715,3,0.04922062064781725,0.007932996304044907,-0.041287624343772346
tm415525,kanya fujimoto_1999,2324,0.7405985220385615,0.15694407969194432,0.05150765597728321,0.05094974229221116,1,2425,0.711280855596377,0.23445881314819644,0.01523854426199381,0.03902178699343297,1,-0.029317666442184476,0.07751473345625212,-0.036269111715289404,-0.011927955298778187,0.09046274334235693,2,0.8174846510788576,0.7727309177313474,-0.044753733347510205
tm415645,alexandre pinto_1998,2324,0.0007359634401782768,0.0037645453953799417,0.9950458794709213,0.00045361169352040726,3,2425,0.015287640274653359,0.050116088889925976,0.9157692985639346,0.01882697227148596,3,0.014551676834475082,0.04635154349454604,-0.07927658090698664,0.018373360577965552,0.09297845537178917,3,0.03475751151678156,0.3693001210814747,0.3345426095646931
tm420196,justin de haas_2000,2324,0.0018015937056443214,0.005312355768538222,0.9924379054475034,0.00044814507831395943,3,2425,0.00013320945422003205,0.0015969563712534523,0.9979423110937267,0.0003275230807998158,3,-0.0016683842514242893,-0.0037153993972847696,0.005504405646223232,-0.00012062199751414362,0.0068473484072244205,3,0.05019785724607762,0.016156155409252745,-0.03404170183682488
tm426620,pedro goncalves_1998,2324,0.2434951616490756,0.020598212513819013,0.020103993102890783,0.7158026327342146,4,2425,0.13346253190406862,0.03444171187276763,0.011659404094013323,0.8204363521291503,4,-0.11003262974500697,0.013843499358948616,-0.00844458900887746,0.10463371939493571,0.11122110036603601,1,0.7418212538305831,0.5990846439905376,-0.14273660984004544
tm428786,alan_2000,2324,0.8752124487601498,0.06015490261984785,0.017288461072445135,0.04734418754755718,1,2425,0.7629021375812429,0.16214521900379236,0.013800215689554245,0.0611524277254106,1,-0.11231031117890689,0.10199031638394451,-0.00348824538289089,0.013808240177853419,0.15174913010970195,1,0.5003073793750745,0.7314363460727146,0.23112896669764005
tm429309,jordan holsgrove_1999,2324,0.6305528674578409,0.2906586334217906,0.04383892700020877,0.0349495721201596,1,2425,0.10334856914640918,0.8172166445273936,0.0558126889541418,0.02362209737205547,2,-0.5272042983114317,0.526558011105603,0.01197376195393303,-0.011327474748104131,0.7452188149750828,1,0.9042342952870353,0.649060867839546,-0.2551734274474893
tm433358,tomas ribeiro_1999,2324,0.0011743256330652846,0.002289302534826772,0.9962227362590071,0.0003136355731007896,3,2425,0.09325824969201263,0.3951058717508035,0.31708391416420684,0.19455196439297706,2,0.09208392405894734,0.3928165692159767,-0.6791388220948003,0.19423832881987627,0.7899454701414629,3,0.02814138670170565,1.2708316747185437,1.242690288016838
tm437566,claudio falcao_1994,2324,0.030643950526589418,0.9097496750477334,0.05102902168336534,0.008577352742311932,2,2425,0.021439551334954635,0.17439966061023143,0.7735651625381801,0.0305956255166338,3,-0.009204399191634783,-0.735350014437502,0.7225361408548148,0.02201827277432187,1.030962094132991,2,0.38549957061027296,0.6922475284549431,0.3067479578446701
tm448470,andre franco_1998,2324,0.44815399406589096,0.478389372710381,0.0395661003796712,0.033890532844056964,2,2425,0.031882008569115175,0.9186457145265424,0.019646114180778353,0.02982616272356418,2,-0.4162719854967758,0.4402563418161614,-0.019919986198892844,-0.004064370120492784,0.6062217566773241,2,0.9549240654583047,0.36977499683744575,-0.5851490686208589
tm448920,enea mihaj_1998,2324,0.0003350301717090457,0.00217029228855844,0.9972885696645454,0.00020610787518727595,3,2425,5.678031555172577e-06,4.652871329048309e-05,0.9999298913537275,1.7901901426946444e-05,3,-0.0003293521401538731,-0.002123763575267957,0.0026413216891820746,-0.0001882059737603295,0.0034052055476288825,3,0.02044785632576725,0.0007985136180575529,-0.019649342707709697
tm451858,rui costa_1996,2324,0.34350558584756913,0.01953618759326362,0.019622444365324596,0.6173357821938427,4,2425,0.6327620288805453,0.02405117600949839,0.008039769532651465,0.3351470255773048,1,0.2892564430329762,0.00451498841623477,-0.011582674832673131,-0.28218875661653786,0.2895234590024919,1,0.8188424695501622,0.784399580372789,-0.03444288917737315
tm452607,alexander bah_1997,2324,0.2281133681442929,0.13846621999915318,0.49383774151043697,0.13958267034611696,3,2425,0.010831473642825199,0.03725188903501713,0.8977376094343468,0.05417902788781107,3,-0.2172818945014677,-0.10121433096413604,0.4038998679239098,-0.0854036424583059,0.469671018671172,3,1.2341755271724284,0.4263788395217225,-0.8077966876507059
tm45320,angel di maria_1988,2324,0.050492544419639115,0.005120823916236178,0.005146968945001759,0.939239662719123,4,2425,0.45389169987583916,0.030318999153227652,0.008470425717328015,0.5073188752536051,4,0.40339915545620003,0.025198175236991475,0.0033234567723262557,-0.4319207874655179,0.40419905000255396,1,0.2637736904283203,0.8492105181963483,0.585436827768028
tm454121,galeno_1997,2324,0.7003689682613919,0.026256914710078565,0.021558663108325004,0.2518154539202045,1,2425,0.21780947098730097,0.503510641938732,0.06484478995240871,0.2138350971215584,2,-0.482559497274091,0.4772537272286534,0.0432861268440837,-0.03798035679864609,0.6800797580727038,1,0.7749940156527237,1.1847060486127585,0.4097120329600348
tm454567,orkun kokcu_2000,2324,0.4454725477327355,0.08136145811787356,0.04048319185988748,0.4326828022895035,1,2425,0.7522957553893346,0.17536551253644153,0.010552786066556262,0.06178594600766755,1,0.3068232076565991,0.09400405441856798,-0.02993040579333122,-0.37089685628183594,0.3222934566428042,1,1.0566462955190623,0.7394601096259897,-0.31718618589307257
tm454576,robert bozenik_1999,2324,0.19102642594504757,0.02404976996203704,0.019355270864701013,0.7655685332282144,4,2425,0.6198254677289095,0.05599013929035899,0.013096788662657708,0.311087604318074,1,0.42879904178386186,0.03194036932832195,-0.006258482202043305,-0.4544809289101404,0.4300325267082259,1,0.686726811877089,0.8778999710950277,0.19117315921793876
tm458715,robson bambu_1997,2324,2.7972576483221307e-05,0.00024753497616777464,0.9997105268065354,1.396564081362079e-05,3,2425,0.026949626263187493,0.07128089078447897,0.8738474595525978,0.027922023399735704,3,0.026921653686704274,0.07103335580831119,-0.1258630672539376,0.02790805775892208,0.1470102879841618,3,0.002794344641708682,0.5034043926252363,0.5006100479835276
tm461496,morten hjulmand_1999,2324,0.06957420330360149,0.8835894098470531,0.04207167076401556,0.004764716085329773,2,2425,0.024107234883779777,0.9625797142162464,0.011214363228067388,0.002098687671906437,2,-0.045466968419821716,0.0789903043691933,-0.03085730753594817,-0.0026660284134233363,0.09622310964625362,2,0.45356959592789575,0.1898167690892854,-0.26375282683861034
tm461629,gustavo assuncao_2000,2324,0.0021079311106861247,0.9910797962792597,0.005920304174967323,0.0008919684350870082,2,2425,0.015448110351375091,0.963944179398728,0.01595590584857705,0.004651804401320054,2,0.013340179240688966,-0.027135616880531677,0.010035601673609725,0.0037598359662330463,0.03185930612257685,2,0.05850036232774513,0.1908275002403197,0.13232713791257456
tm461937,nuno goncalo moreira_1999,2324,0.9918589362430837,0.003797443253922668,0.0017971318139517213,0.0025464886890416605,1,2425,0.8118990047385869,0.08530921837649906,0.006274328052735853,0.09651744883217839,1,-0.17995993150449685,0.08151177512257639,0.0044771962387841315,0.09397096014313673,0.19761020144946276,1,0.05584356976207344,0.6366490466553901,0.5808054768933166
tm461943,daniel braganca_1999,2324,0.458769283172,0.3310530702393886,0.057143381033753264,0.15303426555485816,1,2425,0.7563057513247539,0.16528788138283448,0.011859374129720624,0.06654699316269093,1,0.29753646815275386,-0.16576518885655414,-0.04528400690403264,-0.08648727239216723,0.34359378486629855,1,1.1742629674009637,0.7416967927361253,-0.4325661746648384
tm466805,nicolas gonzalez_2002,2324,0.09249217975783282,0.868299205362013,0.03246135531709697,0.006747259563057198,2,2425,0.4282194770724438,0.5063257074434807,0.016216066275672347,0.049238749208403036,2,0.335727297314611,-0.3619734979185323,-0.016245289041424624,0.04249148964534584,0.4939651210091562,2,0.48780496821957503,0.9228740884119194,0.4350691201923444
tm468332,ismael_1999,2324,0.004685209561013767,0.9667782374645292,0.02624655123240895,0.0022900017420479216,2,2425,0.015832109733669532,0.9350896810747358,0.04207512174284037,0.0070030874487543495,2,0.011146900172655766,-0.0316885563897934,0.015828570510431423,0.004713085706706428,0.03713437267454465,2,0.1672567220536618,0.2964436384020253,0.12918691634836352
tm471582,zaydou youssouf_1999,2324,0.05659232027775454,0.9317903338538908,0.009461582814551344,0.0021557630538032416,2,2425,0.002308197962778815,0.9971081634680667,0.0003740016469838563,0.0002096369221705716,2,-0.05428412231497573,0.06531782961417598,-0.009087581167567488,-0.0019461261316326699,0.08541527341460015,2,0.2856864790897734,0.021628379442568582,-0.26405809964720484
tm478365,moura_1999,2324,0.02719316805705178,0.021336349446608394,0.9367468796341466,0.01472360286219331,3,2425,0.11928186373493259,0.3314482372650608,0.15050627609738151,0.39876362290262507,4,0.0920886956778808,0.3101118878184524,-0.7862406035367651,0.38404002004043175,0.8501905653956848,3,0.3034316047386738,1.271277042395055,0.9678454376563812
tm478366,miguel reisinho_1999,2324,0.06610653152499803,0.9042353702598339,0.026731053652049863,0.002927044563118184,2,2425,0.4682283928497646,0.4466176727870287,0.06437438959213335,0.020779544771073348,1,0.40212186132476657,-0.45761769747280523,0.03764333594008348,0.017852500207955164,0.6103547895579298,2,0.3844966346043949,0.9723655091176714,0.5878688745132765
tm479648,felix correia_2001,2324,0.9634648617498243,0.007983310286476935,0.006206839583110417,0.022344988380588238,1,2425,0.7404533477972018,0.13935704908154756,0.013607981220666717,0.1065816219005839,1,-0.22301151395262242,0.1313737387950706,0.0074011416375563,0.08423663351999566,0.2589362305626142,1,0.19090257457255463,0.7942284296531564,0.6033258550806018
tm479649,goncalo borges_2001,2324,0.020744788238667565,0.008367083959620918,0.004803238934357493,0.966084888867354,4,2425,0.45563124110877107,0.06034119669087367,0.008344158060809116,0.47568340413954624,4,0.4348864528701035,0.051974112731252756,0.0035409191264516226,-0.49040148472780776,0.43799551754829846,1,0.17939442985691603,0.9209519675926748,0.7415575377357588
tm481627,sandro cruz_2001,2324,0.06546499353009048,0.07798272221079988,0.8518389090150726,0.004713375244037041,3,2425,0.000984320617848339,0.005905281379212315,0.9922289652961888,0.0008814327067505419,3,-0.06448067291224215,-0.07207744083158757,0.14039005628111612,-0.0038319425372864992,0.1704766334682308,3,0.539278345436663,0.051061089338793844,-0.48821725609786915
tm490760,duplexe tchamba_1998,2324,0.0010730269467432556,0.0027558601152265047,0.9959543940071622,0.00021671893086817228,3,2425,0.0009686259829590785,0.007382885389794369,0.9898769198982932,0.0017715687289535285,3,-0.00010440096378417708,0.004627025274567865,-0.006077474108869052,0.0015548497980853561,0.007639106884754433,3,0.02944553651087012,0.06425760300315425,0.03481206649228413
tm495601,victor gomez_2000,2324,0.01636365903785846,0.02778725996349031,0.9492019958483834,0.006647085150268045,3,2425,0.00343710386889558,0.012757896593327002,0.9741177853006503,0.009687214237127142,3,-0.012926555168962878,-0.015029363370163308,0.024915789452266912,0.003040129086859097,0.0318398202865271,3,0.24967642178516716,0.1456074821797795,-0.10406893960538766
tm504073,eduardo quaresma_2002,2324,0.012659422127911055,0.04684674510672128,0.9311857881316111,0.009308044633756596,3,2425,0.013185728538626946,0.09031548591897691,0.8770386223555788,0.01946016318681718,3,0.0005263064107158908,0.04346874081225563,-0.05414716577603229,0.010152118553060583,0.06943863469148959,3,0.30862828954755256,0.46596703457749367,0.1573387450299411
tm504075,rafael brito_2002,2324,0.02661738534968058,0.6577436589178596,0.11504541438528298,0.20059354134717686,2,2425,0.05139517980215746,0.6899544285376397,0.228740687630887,0.029909704029315975,2,0.024777794452476878,0.03221076961978009,0.11369527324560402,-0.17068383731786088,0.12073975292264062,3,0.9431007347377225,0.8510151518603941,-0.09208558287732838
tm504087,tomas araujo_2002,2324,0.02831228133257019,0.12276988750123814,0.8218922826110316,0.027025548555160026,3,2425,0.03737951952427882,0.18062107708282873,0.6935524101069771,0.08844699328591529,3,0.009067238191708633,0.05785118958159059,-0.12833987250405454,0.06142144473075527,0.1410677065057318,3,0.6172202331394657,0.9002649795253282,0.2830447463858625
tm512913,stephen eustaquio_1996,2324,0.3773852360408093,0.588196827531323,0.026506685203498536,0.00791125122436924,2,2425,0.00982207195930767,0.6161071053305623,0.3701356834287943,0.003935139281335584,2,-0.36756316408150164,0.02791027779923938,0.3436289982252958,-0.0039761119430336556,0.5039469730217218,1,0.8144250149876211,0.7334751358264591,-0.08094987916116203
tm520662,pepe_1997,2324,0.8971292265618478,0.044454624711571716,0.02163509845865395,0.03678105026792659,1,2425,0.9615986312837024,0.034811818545649006,0.0010580120066892966,0.00253153816395932,1,0.06446940472185458,-0.00964280616592271,-0.020577086451964655,-0.034249512103967275,0.06835718208641628,1,0.4402044188897383,0.17693018870380484,-0.2632742301859335
tm524315,hidemasa morita_1995,2324,0.012775541979982475,0.9681672645618151,0.017478410443470614,0.0015787830147318315,2,2425,0.09466438015425185,0.8686201652396558,0.026006468650196943,0.0107089859558954,2,0.08188883817426938,-0.09954709932215933,0.008528058206726329,0.009130202941163568,0.12918256297877373,2,0.16794114403767474,0.4889994684779974,0.3210583244403227
tm525602,alejandro marques_2000,2324,0.2345491537382921,0.053024822104858295,0.04743194774825598,0.6649940764085935,4,2425,0.517138337996707,0.2682725346968039,0.0334282063124754,0.18116092099401362,1,0.28258918425841495,0.2152477125919456,-0.014003741435780578,-0.48383315541457994,0.35550573780193956,1,0.9117477972198047,1.1170950415030865,0.20534724428328177
tm536081,lawrence ofori_1998,2324,0.11191634266669637,0.8281653763067591,0.056568015246429584,0.0033502657801150492,2,2425,0.016373099468205348,0.8888477463514787,0.08314050444046814,0.011638649739847714,2,-0.09554324319849102,0.06068237004471955,0.026572489194038554,0.008288383959732665,0.1162624554062814,1,0.5828146719170493,0.43068124284369597,-0.1521334290733533
tm537602,joao mario lopes_2000,2324,0.2149307437015327,0.04716796167016885,0.7145648632126633,0.023336431415635083,3,2425,0.12390791880281579,0.3218947137522605,0.4971730045892226,0.05702436285570131,3,-0.09102282489871691,0.27472675208209163,-0.21739185862344074,0.033687931440066224,0.3619656933438189,2,0.8023401250942311,1.1343907385391405,0.3320506134449094
tm54716,steven vitoria_1987,2324,0.006253076089323182,0.011027769888205145,0.9813621183021001,0.001357035720371625,3,2425,0.07214792451419548,0.21026872645200756,0.6572675375430211,0.0603158114907759,3,0.0658948484248723,0.19924095656380242,-0.32409458075907893,0.05895877577040428,0.38610411432513775,3,0.1088611358076527,0.9627741821214776,0.8539130463138249
tm547187,leo cordeiro_1995,2324,0.20287333224775445,0.7595998052529409,0.035053885927831624,0.002472976571473141,2,2425,0.12824397531462414,0.6722789629018272,0.16406445038222367,0.03541261140132498,2,-0.0746293569331303,-0.0873208423511137,0.12901056445439205,0.032939634829851835,0.17273736181267058,3,0.6647850231472264,0.9451882368589488,0.2804032137117224
tm54781,nicolas otamendi_1988,2324,0.001258070310144159,0.0074174014527495806,0.9905555466224284,0.0007689816146777919,3,2425,0.060108778470417,0.29750160749934845,0.5453960217204968,0.09699359230973773,3,0.05885070816027284,0.29008420604659885,-0.44515952490193156,0.09622461069505993,0.5345832536280618,3,0.05968965940185339,1.0866129410843002,1.0269232816824467
tm549006,goncalo inacio_2001,2324,6.299433910984074e-41,6.188804775652007e-40,1.0,3.1468659079683096e-41,3,2425,0.0036317751170329726,0.01854149575818011,0.973363562313667,0.004463166811119923,3,0.0036317751170329726,0.01854149575818011,-0.026636437686332948,0.004463166811119923,0.032656954359970694,3,8.289306334778563e-11,0.14477486762947284,0.14477486754657978
tm549027,martim neto_2003,2324,0.0007011479461144379,0.9981387785454402,0.0010706584063168228,8.941510212855008e-05,2,2425,0.04697951779735364,0.9300712146799864,0.018596767423712315,0.00435250009894766,2,0.046278369851239204,-0.06806756386545376,0.017526109017395493,0.00426308499681911,0.08415488853272485,2,0.01510807543798726,0.308858465845962,0.29375039040797474
tm553062,vitor carvalho_1997,2324,0.0026231815372188124,0.9852984080945609,0.01108471325833122,0.0009936971098891063,2,2425,0.04463996044670079,0.47741074006121137,0.3905737205487842,0.08737557894330376,2,0.042016778909481974,-0.5078876680333495,0.379489007290453,0.08638188183341466,0.6353953097911375,2,0.08695948736291147,1.0719531148608747,0.9849936274979633
tm554300,madson_1999,2324,0.8532264248841441,0.018731532662737596,0.01651284537065075,0.11152919708246761,1,2425,0.7141933426251368,0.10707647473648045,0.01144703625163035,0.1672831463867524,1,-0.13903308225900735,0.08834494207374285,-0.005065809119020402,0.05575394930428479,0.16480500348740398,1,0.5223366642529316,0.8299122147386085,0.307575550485677
tm560903,patrick_1997,2324,0.01602235440333019,0.08577711438862613,0.8801953322270267,0.018005198981016976,3,2425,0.0010009299372498097,0.011523908120506006,0.9857904942051127,0.0016846677371316614,3,-0.015021424466080381,-0.07425320626812013,0.10559516197808594,-0.016320531243885314,0.12995968631565852,3,0.4615531607391686,0.08321494229307963,-0.37833821844608895
tm562671,talys oliveira_1999,2324,0.013246183581577973,0.0326781076209877,0.9462954707432507,0.0077802380541835475,3,2425,0.002281463804529444,0.022313593615877432,0.9324887466933391,0.04291619588625403,3,-0.01096471977704853,-0.010364514005110265,-0.013806724049911567,0.035135957832070484,0.02045174465276086,3,0.2590885966754727,0.2990279445698749,0.03993934789440223
tm567497,filipe relvas_1999,2324,0.009533806996727635,0.027208859871051094,0.9528140811413492,0.010443251990872026,3,2425,3.453308986195398e-05,0.00027674159956616034,0.9995924857424009,9.623956817110975e-05,3,-0.00949927390686568,-0.026932118271484933,0.04677840460105165,-0.010347012422700915,0.05480688219892281,3,0.23612122069849656,0.003919483281953024,-0.23220173741654354
tm57723,ivan marcano_1987,2324,0.13137933949909636,0.10139035480864629,0.3838614877448245,0.38336881794743294,3,2425,0.0008324225528293806,0.010957382215805254,0.9858398400609731,0.0023703551703922595,3,-0.13054691694626697,-0.09043297259284104,0.6019783523161486,-0.3809984627770407,0.6225741375237316,3,1.2338112172786069,0.08374919595252675,-1.1500620213260802
tm581121,tiago esgaio_1995,2324,0.0014089427109174474,0.0054875234319215855,0.9918845286266401,0.001219005230521072,3,2425,0.0025617920608898225,0.021910639722204202,0.9725488594528157,0.0029787087640901987,3,0.0011528493499723751,0.016423116290282615,-0.019335669173824455,0.0017597035335691266,0.025395194677486983,3,0.0540753118253411,0.14339795781610873,0.08932264599076763
tm58965,ruben lima_1989,2324,0.12947623357831559,0.18723432041295657,0.6707952874370564,0.012494158571671536,3,2425,0.00029322784042801,0.001616473959110477,0.9975878240258288,0.00050247417463248,3,-0.12918300573788757,-0.1856178464538461,0.3267925365887724,-0.011991684397039057,0.3974111169353002,3,0.900972430471753,0.019001220305989597,-0.8819712101657634
tm592375,pablo roberto_1999,2324,0.8004854395175515,0.08675790792291263,0.03297342731878666,0.07978322524074928,1,2425,0.16893945864254215,0.7310655231381674,0.06342332878787206,0.03657168943141847,2,-0.6315459808750093,0.6443076152152548,0.030449901469085397,-0.04321153580933081,0.9027235598361348,2,0.7044632317936473,0.8253319554612257,0.12086872366757839
tm59248,miguel lopes_1986,2324,0.00016699746483082626,0.0036219688309680467,0.9959910345171211,0.00021999918708005242,3,2425,0.00010279437767647658,0.0006715734920210618,0.9989719968206396,0.0002536353096627166,3,-6.420308715434968e-05,-0.002950395338946985,0.0029809623035185195,3.3636122582664154e-05,0.004194650277136186,3,0.02766432895448856,0.00897785509768302,-0.01868647385680554
tm594273,jeremy antonisse_2002,2324,0.47338762476482726,0.36484560777798564,0.05243058085011276,0.10933618660707439,1,2425,0.8352440847570323,0.10157879437246724,0.022791922556272562,0.04038519831422801,1,0.361856459992205,-0.2632668134055184,-0.0296386582938402,-0.06895098829284638,0.44847292308928227,1,1.1184615286427402,0.5984647937393659,-0.5199967349033743
tm595012,ibrahima camara_1999,2324,0.018762036680838434,0.1587080164554447,0.8193748122391722,0.0031551346245446334,3,2425,0.0009562076040323312,0.048634422243857646,0.9494945187488558,0.0009148514032542543,3,-0.017805829076806102,-0.11007359421158705,0.13011970650968363,-0.0022402832212903793,0.17136038548607366,3,0.548128674787013,0.20929956741991468,-0.3388291073670983
tm596884,adrian butzke_1999,2324,0.8258399011286323,0.05949752302749007,0.03986041050229098,0.07480216534158673,1,2425,0.6694301876644093,0.05810990514019444,0.05934290419308355,0.21311700300231284,1,-0.15640971346422294,-0.0013876178872956266,0.019482493690792572,0.1383148376607261,0.15762452699301985,1,0.6483196159164789,0.931078375062819,0.2827587591463401
tm606752,rodrigo zalazar_1999,2324,0.46488437026964674,0.07996614009988864,0.05028424622167103,0.4048652434087936,1,2425,0.5082579238320089,0.17307695906141218,0.021471941149847882,0.29719317595673095,1,0.04337355356236211,0.09311081896152354,-0.02881230507182315,-0.10767206745206265,0.10668195105014021,2,1.074525154472258,1.0906321224762858,0.016106968004027777
tm610335,ivan jaime pajuelo_2000,2324,0.5312495236245212,0.0643300004702609,0.0451814144992632,0.35923906140595474,1,2425,0.3091403061955021,0.032827259396075344,0.006829327577262446,0.6512031068311601,4,-0.22210921742901907,-0.031502741074185554,-0.03835208692200076,0.2919640454252054,0.22758692786140233,1,1.0202390323216866,0.7884501617333084,-0.23178887058837816
tm615302,mirko topic_2001,2324,0.02089458448329284,0.8096267956477564,0.12450856550217758,0.04497005436677314,2,2425,0.021659853093744647,0.7013591947967067,0.2587036908206105,0.018277261288938047,2,0.0007652686104518067,-0.1082676008510497,0.13419512531843292,-0.026692793077835095,0.17242618910513066,3,0.6506893047865594,0.7547370600512182,0.10404775526465881
tm617267,henrique araujo_2002,2324,0.6338391501565728,0.15029596524352498,0.11299004487132551,0.10287483972857674,1,2425,0.863042848458167,0.023321297329573408,0.004238169593699606,0.10939768461856013,1,0.22920369830159426,-0.12697466791395157,-0.1087518752776259,0.006522844889983392,0.28369679586380037,1,1.0541706326011582,0.4799960743195955,-0.5741745582815627
tm61764,marco matias_1989,2324,0.936258545902615,0.022666133436451193,0.010735963946128383,0.030339356714805317,1,2425,0.5389352052870299,0.22458882924951026,0.011830243605055211,0.22464572185840467,1,-0.39732334061558516,0.20192269581305908,0.0010942796589268281,0.19430636514359936,0.44569026187512045,1,0.30222335582405524,1.056507777334313,0.7542844215102578
tm617679,ze carlos_1998,2324,0.04568181603686834,0.060029145919502945,0.8819327708461955,0.01235626719743321,3,2425,0.0009575458585232559,0.004502262895648707,0.9919468065672064,0.0025933846786214162,3,-0.044724270178345085,-0.05552688302385424,0.11001403572101087,-0.009762882518811793,0.1310976091961797,3,0.4749280273210959,0.054446291289620946,-0.420481736031475
tm632901,miguel puche garcia_2001,2324,0.39323122795141463,0.06390279098064658,0.03562429589078722,0.5072416851771516,4,2425,0.13104983717994045,0.584625453937464,0.06487444178776126,0.2194502670948343,2,-0.2621813907714742,0.5207226629568175,0.029250145896974042,-0.28779141808231734,0.5837351663371824,2,1.0058796299795123,1.0904100073003933,0.08453037732088098
tm645588,tomas handel_2000,2324,0.14966964457684223,0.8066691535762116,0.03998016209191032,0.0036810397550357645,2,2425,0.01046119560952366,0.9316023353333213,0.05083817056830244,0.007098298488852661,2,-0.13920844896731857,0.12493318175710966,0.010858008476392123,0.0034172587338168964,0.18736378656484004,1,0.6069190282198809,0.300281290977983,-0.30663773724189786
tm646404,vinicius zanocelo_2001,2324,0.15783257570127565,0.6794524966081377,0.1551573303559149,0.007557597334671549,2,2425,0.006981625619909544,0.9876379676438565,0.0044334179638697655,0.0009469887723644547,2,-0.15085095008136612,0.3081854710357188,-0.15072391239204513,-0.006610608562307095,0.37476925095947183,2,0.8800078180434642,0.0775613978612495,-0.8024464201822147
tm646677,riccieli_1998,2324,0.0010275391632534605,0.0016085153492331182,0.9971861766114211,0.00017776887609246802,3,2425,0.005235769017993667,0.014522806431909285,0.9695141179733309,0.010727306576766163,3,0.0042082298547402065,0.012914291082676168,-0.02767205863809019,0.010549537700673696,0.03082581616029522,3,0.021761658311033633,0.1676248767555055,0.14586321844447186
tm650568,antonio silva_2003,2324,0.00025270552627098554,0.001824205508299789,0.9977334334401345,0.00018965552529474339,3,2425,0.00023152496076004895,0.0013032542544734935,0.9981662589288686,0.000298961855897714,3,-2.1180565510936592e-05,-0.0005209512538262955,0.00043282548873402327,0.00010930633060297063,0.0006776258030184494,2,0.01748718701103348,0.014853622591668027,-0.0026335644193654535
tm652332,oscar aranda_2002,2324,0.43458789098301925,0.01817870787556488,0.017442619105933473,0.5297907820354825,4,2425,0.8830095669439646,0.050392775875471474,0.006733372744669204,0.059864284435894706,1,0.44842167596094534,0.032214067999906594,-0.010709246361264269,-0.46992649759958777,0.44970482942298046,1,0.8422023268664567,0.46266215085815154,-0.37954017600830514
tm653415,leonardo buta_2002,2324,0.017497243317951768,0.027349798478320083,0.9491880022762452,0.0059649559274830444,3,2425,0.0037785971183383954,0.023430495038584596,0.961187084400386,0.011603823442691034,3,-0.013718646199613372,-0.003919303439735487,0.011999082124140803,0.00563886751520799,0.018642429155685807,1,0.24927225347186524,0.19879125466918302,-0.050480998802682225
tm657387,fabiano souza_2000,2324,0.02250550150808674,0.036582200942528204,0.9357070107277081,0.005205286821676992,3,2425,0.006726685755838486,0.06667547265676328,0.8685386519040534,0.058059189683344975,3,-0.015778815752248255,0.03009327171423508,-0.06716835882365468,0.05285390286166798,0.07527392945816903,3,0.29595700675262343,0.501864432688141,0.20590742593551753
tm657435,pedro santos_2000,2324,0.06637348100150532,0.9150257935945,0.01729225100506968,0.001308474398925209,2,2425,0.03442143206693143,0.7010349030644545,0.22684849957110015,0.037695165297513926,2,-0.031952048934573894,-0.2139908905300455,0.20955624856603047,0.03638669089858872,0.3012089905265566,2,0.3401423915801415,0.8250711065168743,0.48492871493673284
tm658848,jesus castillo_2001,2324,0.008105871955433726,0.9498731501240157,0.024350448489578326,0.017670529430972262,2,2425,0.03188363777290822,0.7454595489236052,0.197886865322903,0.02476994798058361,2,0.023777765817474497,-0.20441360120041052,0.17353641683332469,0.007099418549611349,0.26919359292215805,2,0.24966272669959447,0.7410331745201084,0.491370447820514
tm659705,paulo victor_2001,2324,0.8809667384242809,0.029325714430511175,0.012690554934548903,0.07701699221065894,1,2425,0.013164866811726926,0.3398571803693191,0.6028163831527673,0.04416156966618663,3,-0.867801871612554,0.3105314659388079,0.5901258282182185,-0.03285542254447231,1.0944214786098612,1,0.46801770687952127,0.866681320986278,0.39866361410675677
tm663254,dinis pinto_2000,2324,0.007907115732094495,0.03987368298664895,0.9461252299837847,0.006093971297471961,3,2425,0.059580694528543254,0.4178063329539216,0.4862498832041078,0.03636308931342738,3,0.05167357879644876,0.37793264996727266,-0.4598753467796769,0.030269118015955422,0.5974852142376796,3,0.25022369546089374,1.0037945787587639,0.7535708832978701
tm666539,beni_2002,2324,0.0030851601992196234,0.9851178169919321,0.01027870926370202,0.0015183135451463583,2,2425,0.021492685523325287,0.939417181059453,0.034086192763606096,0.005003940653615517,2,0.018407525324105663,-0.04570063593247908,0.023807483499904074,0.003485627108469159,0.05471911351428123,2,0.08951340714848716,0.28292337871611095,0.1934099715676238
tm669956,leonardo lelo_2000,2324,0.069897911018721,0.20090984812133222,0.7135638004324459,0.01562844042750085,3,2425,0.06896929192228807,0.7614866871455965,0.11452305904480871,0.05502096188730676,2,-0.0009286190964329366,0.5605768390242643,-0.5990407413876372,0.039392521459805915,0.8204249293056082,3,0.8142281204659241,0.7996543497742821,-0.014573770691642007
tm681829,nilton varela_2001,2324,0.1575934180906112,0.6361695536643459,0.11008380563950125,0.09615322260554163,2,2425,0.01616337710141734,0.11213893912809912,0.8631786983842922,0.008518985386191277,3,-0.14143004098919387,-0.5240306145362468,0.7530948927447909,-0.08763423721935035,0.9283116173697976,3,1.0469985794546381,0.4796353211206751,-0.5673632583339631
tm695121,hevertton santos_2001,2324,0.06363929437433402,0.20886311871808266,0.7158720298027555,0.011625557104827863,3,2425,0.009303310396955958,0.054427045079251266,0.923373976637636,0.012895667886156887,3,-0.054335983977378065,-0.15443607363883138,0.20750194683488044,0.0012701107813290237,0.2643103439822853,3,0.7934611341517,0.33166607569431306,-0.461795058457387
tm701325,bruno onyemaechi_1999,2324,0.13718532790813703,0.5448226011138021,0.30207489199168025,0.015917178986380454,2,2425,0.06609747011007758,0.7930848329746736,0.1165219766196306,0.02429572029561815,2,-0.07108785779805946,0.24826223186087149,-0.18555291537204965,0.008378541309237698,0.3179897855245122,2,1.0308867830334996,0.7042216595865225,-0.32666512344697707
tm701979,geny catamo_2001,2324,0.9433974517427797,0.020105662380279856,0.014693646209295681,0.02180323966764478,1,2425,0.5784233765067376,0.18926840060972605,0.020555693933473982,0.21175252895006233,1,-0.3649740752360421,0.1691627382294462,0.005862047724178301,0.18994928928241755,0.4023138963585633,1,0.27894215362711366,1.0402738294799576,0.7613316758528439
tm70359,david simao_1990,2324,0.13732450999344248,0.6663352980316403,0.14303727019006382,0.05330292178485331,2,2425,0.007493942171779381,0.9403807075761559,0.04120842406302905,0.010916926189035813,2,-0.1298305678216631,0.2740454095445156,-0.10182884612703477,-0.042385995595817495,0.31988431774139864,2,0.9775812740309349,0.2752133300810585,-0.7023679439498763
tm717585,mory gbane_2000,2324,4.8098862457472395e-05,0.9997640567442201,0.00017620102908803205,1.1643364234573675e-05,2,2425,0.0028068320313963165,0.0962234123140808,0.8962595273486897,0.004710228305833004,3,0.002758733168938844,-0.9035406444301393,0.8960833263196017,0.004698584941598431,1.2725402290120067,2,0.0023694654961757765,0.36515960124326413,0.36279013574708835
tm726705,samuel justo_2004,2324,0.592320767922545,0.35818361370413376,0.04000388396425479,0.009491734409066527,1,2425,0.17968018331522181,0.6967112948702024,0.07634322059717795,0.04726530121739782,2,-0.4126405846073231,0.3385276811660687,0.03633933663292316,0.03777356680833129,0.5349708313241665,1,0.8509228641731267,0.900862117131434,0.04993925295830737
tm72768,nelson oliveira_1991,2324,0.3397091934463705,0.029062694473935932,0.02371264931836958,0.607515462761324,4,2425,0.8123060663454043,0.024531187685393776,0.00483624147247162,0.1583265044967303,1,0.47259687289903374,-0.004531506788542156,-0.01887640784589796,-0.44918895826459365,0.4729954097038202,1,0.8611036265094867,0.5774135288590474,-0.2836900976504393
tm729140,miguel maga_2002,2324,0.015241559327727512,0.9340951354603657,0.04594265582841464,0.004720649383492152,2,2425,0.0005945149898382447,0.0026918319052276858,0.995902172978577,0.0008114801263570545,3,-0.014647044337889267,-0.931403303555138,0.9499595171501624,-0.003909169257135097,1.330469741860156,3,0.2942532265916164,0.030209362394443964,-0.26404386419717246
tm733579,clayton_1999,2324,0.1539259827644472,0.017976890189522803,0.015386254260497374,0.8127108727855327,4,2425,0.050963037995746224,0.010938057445443714,0.003269150390992085,0.9348297541678181,4,-0.10296294476870096,-0.007038832744079088,-0.01211710386950529,0.12211888138228544,0.10391216179074549,1,0.5930487115502668,0.28279929289627925,-0.3102494186539876
tm739438,matheus pereira_2000,2324,0.8481445069822188,0.07106985634511193,0.05038532636873216,0.03040031030393695,1,2425,0.4129862828455397,0.3945371711483328,0.09117450358182978,0.1013020424242979,1,-0.4351582241366791,0.3234673148032209,0.040789177213097626,0.07090173212036095,0.5437440029623459,1,0.5843598616582953,1.1824639708450475,0.5981041091867522
tm740087,michel costa_2001,2324,0.02137542716743831,0.9507350101404783,0.025187176759593838,0.0027023859324893907,2,2425,0.020076726703438436,0.7366653148495543,0.17911716281592152,0.06414079563108568,2,-0.001298700463999873,-0.214069695290924,0.15392998605632768,0.06143840969859629,0.26367017592466824,2,0.23893599261326953,0.7878089784665161,0.5488729858532466
tm740498,david pastor_2000,2324,0.004525756863086344,0.04617890037315813,0.9450200675245976,0.004275275239158124,3,2425,0.015268342002367905,0.09089235062860627,0.8668846976979988,0.026954609671027016,3,0.010742585139281561,0.044713450255448144,-0.07813536982659874,0.02267933443186889,0.09066328797898576,3,0.2432020248349832,0.503055958284305,0.25985393344932184
tm741517,alfonso trezza_1999,2324,0.4376281876894877,0.51019766204532,0.0354426052289356,0.016731545036256592,2,2425,0.9821243478734756,0.016498603919678927,0.00031854401398663496,0.0010585041928588388,1,0.5444961601839879,-0.4936990581256411,-0.035124061214948966,-0.015673040843397754,0.735831861314447,1,0.8918031152607696,0.09524964536281842,-0.7965534698979512
tm752442,andre lacximicant_2001,2324,0.20291214914670078,0.05870057790681428,0.030554450072252565,0.7078328228742323,4,2425,0.3692956914823826,0.02966767831282846,0.0057845818829281295,0.5952520483218608,4,0.16638354233568184,-0.02903289959398582,-0.024769868189324435,-0.11258077455237148,0.1707042436177865,1,0.8412464950228032,0.8108431399747948,-0.030403355048008396
tm756990,alan varela_2001,2324,0.2154923734264595,0.7089588280305766,0.06210600464455613,0.013442793898407692,2,2425,0.03179720811959196,0.8148254186151522,0.13986634165826148,0.013511031606994236,2,-0.18369516530686752,0.10586659058457559,0.07776033701370536,6.823770858654411e-05,0.22582807347981468,1,0.8051123972191194,0.609791291767836,-0.19532110545128345
tm766258,kaio cesar_2004,2324,0.6925486276376253,0.17345174068800323,0.051020582883391404,0.08297904879098002,1,2425,0.9772378643227255,0.01564143615932937,0.0006751380216591922,0.006445561496286005,1,0.28468923668510027,-0.15781030452867387,-0.05034544486173221,-0.07653348729469402,0.3293732191877529,1,0.9166505632870184,0.12497821296514046,-0.791672350321878
tm811778,alvaro carreras_2003,2324,0.26806768359413563,0.21844856890893585,0.39136496080844707,0.12211878668848145,3,2425,0.007457301523681649,0.05104145732958522,0.9322847858560702,0.009216455290662975,3,-0.260610382070454,-0.16740711157935062,0.5409198250476231,-0.11290233139781847,0.6233274976926658,3,1.3091521900334688,0.29694868386544576,-1.012203506168023
tm815652,tiago fonseca morais_2003,2324,0.8846996352757583,0.02149385633147371,0.012643098401652625,0.08116340999111528,1,2425,0.5505627080619582,0.4147986080503031,0.008269778225735654,0.026368905662002957,1,-0.3341369272138002,0.3933047517188294,-0.00437332017591697,-0.05479450432911232,0.5160961536204776,2,0.4500015285405635,0.8291116443455441,0.37911011580498055
tm816572,gilberto batista_2003,2324,0.0027621082027206026,0.016582867667715374,0.9759859256547518,0.004669098474812132,3,2425,2.583026178952864e-05,0.00030556153482953074,0.9995223484835903,0.00014625971979067212,3,-0.002736277940931074,-0.016277306132885843,0.0235364228288385,-0.00452283875502146,0.028747193106311773,3,0.13303471145284687,0.0045149185308762,-0.12851979292197066
tm818495,otavio ataide_2002,2324,0.0012605876592891709,0.002143215652224483,0.9964041239227963,0.00019207276568998657,3,2425,0.001908689296257321,0.016729568035136075,0.9797349592060904,0.001626783462515967,3,0.0006481016369681502,0.014586352382911592,-0.016669164716705875,0.0014347106968259804,0.022159484739564313,3,0.02682001890361774,0.11088867088509714,0.0840686519814794
tm821824,matias rocha_2001,2324,0.009942539275807544,0.018195462178307687,0.9677776500474836,0.004084348498401255,3,2425,6.083319690241155e-05,0.0003866365221971893,0.9994300231312202,0.00012250714968026091,3,-0.009881706078905133,-0.017808825656110496,0.031652373083736585,-0.003961841348720994,0.03763874477332716,3,0.17290989247686453,0.005302008403578205,-0.16760788407328633
tm829434,facundo caseres_2001,2324,0.0008210074354480505,0.995824521965899,0.003019667457071829,0.0003348031415810473,2,2425,0.04418083940913615,0.633711382054016,0.2803613432399475,0.041746435296900274,2,0.0433598319736881,-0.362113139911883,0.27734167578287566,0.04141163215531923,0.4581750825303392,2,0.030201020882669728,0.9160167427349395,0.8858157218522698
tm830841,leonel bucca_1999,2324,0.4190798068295226,0.4797150024202221,0.05409445159621968,0.04711073915403559,2,2425,0.8554801987968659,0.1419370143889003,0.0013606003756836678,0.0012221864385501926,1,0.43640039196734326,-0.33777798803132175,-0.05273385122053601,-0.0458885527154854,0.5543646186151207,1,1.0185821754945548,0.4278248083489825,-0.5907573671455723
tm858719,telasco segovia_2003,2324,0.02018083866047384,0.8627917111831631,0.06581144411311049,0.05121600604325248,2,2425,0.01964378415031995,0.9579915163978052,0.013246276277680625,0.009118423174194146,2,-0.00053705451015389,0.09519980521464211,-0.05256516783542987,-0.042097582869058334,0.10874919866380435,2,0.537367928753837,0.2184242916586871,-0.3189436370951499
tm868101,marcos vinicios sorriso_2001,2324,0.7104386145764451,0.0903735509433797,0.048004431834603505,0.15118340264557176,1,2425,0.4255435812505886,0.23452983506526354,0.018487030121829118,0.32143955356231874,1,-0.2848950333258565,0.14415628412188383,-0.029517401712774387,0.17025615091674698,0.32065166656271016,1,0.8915084869196781,1.142280392914235,0.250771905994557
tm868622,taichi fukui_2004,2324,0.4594190019526275,0.36285474805999196,0.1579111139149427,0.019815136072437973,1,2425,0.07131883337165228,0.4849857764039212,0.39803802899492285,0.04565736122950364,2,-0.38810016858097524,0.12213102834392925,0.24012691507998016,0.025842225157065666,0.47243905880309583,1,1.0943391272950969,1.0468784556159842,-0.04746067167911261
tm891971,joao marques_2002,2324,0.7601283358891343,0.06537351480263488,0.03145739581874168,0.1430407534894892,1,2425,0.7406168432499375,0.17271190530854075,0.047477702369299775,0.03919354907222211,1,-0.019511492639196826,0.10733839050590586,0.016020306550558097,-0.10384720441726708,0.11026730541453178,2,0.7737698331314566,0.7973365226735698,0.02356668954211316
tm906329,roger fernandes_2005,2324,0.018353438149624892,0.004566551451866156,0.00364334880519359,0.9734366615933153,4,2425,0.5235722893464315,0.20541587988381096,0.021671430469615786,0.24934040030014173,1,0.5052188511968067,0.2008493284319448,0.018028081664422196,-0.7240962612931736,0.543977529007112,1,0.14464927753936319,1.0932664445252187,0.9486171669858555
tm90681,eliaquim mangala_1991,2324,0.006479360037223503,0.02067193984436264,0.9657548510587489,0.0070938490596648696,3,2425,0.0008632046344242013,0.010245601944311296,0.9815384378106822,0.007352755610582113,3,-0.005616155402799302,-0.010426337900051343,0.015783586751933254,0.00025890655091724384,0.01973249437527455,3,0.18159244002794395,0.10743575922560027,-0.07415668080234368
tm908936,ze carlos_2001,2324,0.07788711974788581,0.8397713029855458,0.07195291781237163,0.010388659454196501,2,2425,0.006422938228910326,0.13550662160902271,0.8495436981533785,0.008526742008688462,3,-0.07146418151897549,-0.7042646813765231,0.7775907803410068,-0.0018619174455080396,1.051543290761673,3,0.5822591334206296,0.48241319804301697,-0.09984593537761266
tm929573,joel silva_2003,2324,0.7013561874684624,0.21498871041537285,0.030982543159540504,0.05267255895662436,1,2425,0.1497070151620373,0.7757675431789722,0.051191967729845925,0.023333473929144602,2,-0.5516491723064251,0.5607788327635994,0.02020942457030542,-0.029339085027479755,0.7868914343310212,2,0.8419665842701132,0.7211095211886296,-0.12085706308148358
tm935480,martim fernandes_2006,2324,0.015915181477271233,0.20838867689238993,0.646131070560686,0.12956507106965282,3,2425,0.04573068306814758,0.11418905398158805,0.6899377954323174,0.15014246751794696,3,0.029815501590876346,-0.09419962291080189,0.0438067248716314,0.02057739644829415,0.10808127606404187,2,0.9396981404460645,0.9296261182118546,-0.010072022234209888
tm974982,ousmane diomande_2003,2324,0.00028270669719935904,0.0005458948823459688,0.9991237296441087,4.766877634595957e-05,3,2425,0.0022559893427518012,0.010942955453499291,0.9848364189325397,0.0019646362712091685,3,0.001973282645552442,0.010397060571153322,-0.014287310711568968,0.001916967494863209,0.017779762661193847,3,0.007761628502723786,0.09044899070976614,0.08268736220704236
tm982575,gustavo sa_2004,2324,0.6405313907103346,0.15965517333803347,0.05684612490364584,0.14296731104798613,1,2425,0.5075947678207121,0.44935306916461976,0.006999660821007454,0.0360525021936608,1,-0.1329366228896225,0.2896978958265863,-0.04984646408263838,-0.10691480885432533,0.3226169346658528,2,1.0193471734461301,0.8581701429755009,-0.16117703047062926
