uid,pid,season_t,u_1,u_2,u_3,u_noise,hard_t,season_t1,u_1_t1,u_2_t1,u_3_t1,u_noise_t1,hard_t1,delta_u_1,delta_u_2,delta_u_3,delta_u_noise,transition_norm,dominant,entropy_t,entropy_t1,delta_entropy
alan eduardo schons_1993,alan eduardo schons_1993,1718,0.7704880248797942,0.05127830928827951,0.1457766138468689,0.032457051985057314,1,1819,0.7225973259864528,0.0024610387074909573,0.24747561292676695,0.027466022379289246,1,-0.04789069889334141,-0.04881727058078855,0.10169899907989804,-0.004991029605768069,0.12255338168040782,3,0.7451884071554664,0.6938786938281316,-0.051309713327334805
andre almeida pinto_1989,andre almeida pinto_1989,1718,0.04555674044102685,0.0034656121737508478,0.9400218620653212,0.01095578531990111,3,1819,0.0012591282478271822,2.9350129650044842e-05,0.9985632637036727,0.0001482579188502405,3,-0.04429761219319967,-0.003436262044100803,0.05854140163835142,-0.010807527401050869,0.07349273466566349,3,0.2679432911396531,0.011456754281209684,-0.2564865368584434
carlos ponck_1995,carlos ponck_1995,1718,0.028698261655751258,0.0014863155707797177,0.9663574973531699,0.003457925420299142,3,1819,0.004373407100173199,6.272550338007125e-05,0.9951519157736042,0.0004119516228425168,3,-0.02432485455557806,-0.0014235900673996466,0.028794418420434287,-0.003045973797456625,0.03772060033988154,3,0.16424977253271666,0.03241157033843187,-0.1318382021942848
diederrick joel_1993,diederrick joel_1993,1718,0.026649605339210687,0.39012182077670654,0.010937620386914239,0.5722909534971685,4,1819,0.007661268438574875,0.9757286394289401,0.002334333237420238,0.014275758895064756,2,-0.01898833690063581,0.5856068186522335,-0.008603287149494002,-0.5580151946021038,0.585977746625261,2,0.8326138691129261,0.136103436048588,-0.6965104330643381
eliseu cassama_1994,eliseu cassama_1994,1718,0.022963448382575975,0.02129869809921327,0.9444961579302062,0.011241695588004431,3,1819,0.006932949874063486,9.259123085616182e-05,0.9926367555967773,0.00033770329830293977,3,-0.01603049850851249,-0.02120610686835711,0.04814059766657108,-0.010903992289701491,0.05499266309825587,3,0.2730299913801498,0.04536232275910285,-0.22766766862104693
paulinho_1994,paulinho_1994,1718,0.005066262846239851,0.9882203594830995,0.002457094861641204,0.004256282809019591,2,1819,0.7725721562035797,0.08120299479981281,0.10671180709566144,0.03951304190094607,1,0.7675058933573398,-0.9070173646832866,0.10425471223402023,0.03525675909192648,1.1927341871507922,2,0.07648666273296655,0.7696838283552923,0.6931971656223257
paulo sergio mota_1991,paulo sergio mota_1991,1718,0.00900003116026942,0.004532210042938653,0.9824490369282907,0.00401872186850124,3,1819,0.00565638824440052,0.00014193764220795394,0.9935876712771268,0.000614002836264882,3,-0.0033436429158689,-0.004390272400730698,0.011138634348836107,-0.003404719032236358,0.012430752787282416,3,0.10641965605232763,0.04146181315662398,-0.06495784289570365
pedrao_1992,pedrao_1992,1718,0.023869671436944625,0.0014911908437213,0.9704125200294749,0.0042266176898592125,3,1819,0.011760385200764827,0.00023716391512832604,0.9872919376517291,0.0007105132323776663,3,-0.012109286236179798,-0.0012540269285929739,0.0168794176222542,-0.003516104457481546,0.020811586579447407,3,0.15111123471576332,0.07200901272393637,-0.07910222199182695
pedro rodrigues_1997,pedro rodrigues_1997,1718,0.5630255964686229,0.3529685810492948,0.06654702290744066,0.01745879957464157,1,1819,0.9540204709262773,0.0019690726198960894,0.03949086455456182,0.004519591899264877,1,0.39099487445765435,-0.3509995084293987,-0.02705615835287884,-0.012939207675376693,0.5261270592496193,1,0.9419958800999154,0.209198442999529,-0.7327974371003865
tm102427,sebastian coates_1990,1718,0.03185667380554946,0.0014376234497882417,0.9643292827888345,0.0023764199558278343,3,1819,0.00533915185975715,6.034803581174878e-05,0.9943051660613117,0.0002953340431194639,3,-0.02651752194579231,-0.001377275413976493,0.029975883272477244,-0.0020810859127083706,0.04004534224696678,3,0.1685887239854069,0.036603309023051867,-0.13198541496235502
tm103381,tiquinho soares_1991,1718,0.009186933805311302,0.09105261065012339,0.004827810705435114,0.8949326448391303,4,1819,0.0018497322418825717,0.9840785825396248,0.0006060646149901995,0.013465620603502645,2,-0.00733720156342873,0.8930259718895014,-0.004221746090444915,-0.8814670242356276,0.8930660916953589,2,0.38636955427332065,0.08992859007150962,-0.29644096420181104
tm104127,aymen tahar_1989,1718,0.4523826225345034,0.07101145226842982,0.24663383786197937,0.2299720873350873,1,1819,0.9725962683054701,0.0004820440060994214,0.024690116664191044,0.0022315710242394636,1,0.5202136457709667,-0.0705294082623304,-0.22194372119778832,-0.22774051631084785,0.5699610952120125,1,1.2299241369425395,0.13571704122770292,-1.0942070957148367
tm104466,stefan ristovski_1992,1718,0.040177337507583996,0.011304043171980796,0.8570653543038115,0.09145326501662357,3,1819,0.006079172823534021,0.0002684936702308742,0.9915694128477224,0.002082920658512795,3,-0.03409816468404998,-0.011035549501749922,0.1345040585439109,-0.08937034435811078,0.1391970184752891,3,0.530763834345402,0.054483936899495954,-0.47627989744590604
tm107444,antonio briseno_1994,1718,0.1576091105954178,0.021994859715879094,0.7064095076100004,0.11398652207870268,3,1819,0.0070866102623093315,0.00011727175837244516,0.9923623409618973,0.00043377701742096315,3,-0.15052250033310846,-0.021877587957506647,0.2859528333518969,-0.11355274506128171,0.3238899116418213,3,0.8682191702830396,0.04710409169744266,-0.821115078585597
tm109256,haris seferovic_1992,1718,0.00692103771171631,0.0679779320751208,0.005043354864694425,0.9200576753484685,4,1819,0.0031416704607114747,0.06252785692464455,0.003313718955546103,0.931016753659098,4,-0.003779367251004835,-0.005450075150476255,-0.0017296359091483224,0.010959078310629478,0.006854091941462557,2,0.32051917233291477,0.27690912689464114,-0.043610045438273626
tm111200,fabio pacheco_1988,1718,0.9411626488927153,0.010318896343571088,0.03748299063261518,0.011035464131098443,1,1819,0.9098367163662247,0.0007042601132648609,0.0790469279917956,0.010412095528714922,1,-0.03132593252649063,-0.009614636230306227,0.041563937359180424,-0.0006233686023835207,0.05292746137208203,3,0.27708986894160065,0.33920982528162086,0.06211995634002021
tm111811,florent hanin_1990,1718,0.06510047193582816,0.036903059989020784,0.8859390320272885,0.012057436047862568,3,1819,0.11818220013240872,0.02171488683559471,0.527263597176541,0.33283931585545545,3,0.053081728196580566,-0.015188173153426073,-0.3586754348507475,0.3207818798075929,0.362900011073914,3,0.46016738439984384,1.0391766578381962,0.5790092734383524
tm111828,fransergio_1990,1718,0.4278103411853934,0.5231010579211051,0.035476689849628186,0.013611911043873322,2,1819,0.7041936017327074,0.22569115543553572,0.041978074023225787,0.028137168808531014,1,0.276383260547314,-0.2974099024855693,0.0065013841735976005,0.014525257764657691,0.4060574156488378,2,0.8791427245221711,0.8164875539066405,-0.06265517061553061
tm112465,sergio oliveira_1992,1718,0.10668720550957518,0.5778043114030155,0.08076007522189356,0.23474840786551576,2,1819,0.7480003392882196,0.061328238109739815,0.07361379315679464,0.11705762944524593,1,0.6413131337786444,-0.5164760732932756,-0.007146282065098916,-0.11769077842026983,0.8234568229049902,1,1.0991089962785145,0.8315337004567358,-0.26757529582177875
tm114130,fabio espinho_1985,1718,1.906383581103044e-40,1.0,4.36338197229528e-41,3.266367882082976e-41,2,1819,0.7384964686601542,0.04453487051038387,0.14212017542616034,0.07484848540330163,1,0.7384964686601542,-0.9554651294896161,0.14212017542616034,0.07484848540330163,1.2159312448314212,2,8.289306334778563e-11,0.8337536242684412,0.8337536241855482
tm119183,jose adolfo valencia_1991,1718,0.07848134916415556,0.3963831735256324,0.02508466643719716,0.500050810873015,4,1819,0.1737038135046313,0.5295648436280772,0.06350328694678457,0.23322805592050683,2,0.09522246434047574,0.1331816701024448,0.038418620509587414,-0.2668227549525081,0.16816856236588723,2,1.0055368865750194,1.155272246233517,0.1497353596584976
tm122043,hector herrera_1990,1718,0.33418271140343114,0.6004057784941861,0.03921304426335228,0.026198465839030446,2,1819,0.9580884402003684,0.015848543822277558,0.016602914417553096,0.009460101559801029,1,0.6239057287969373,-0.5845572346719086,-0.022610129845799184,-0.016738364279229416,0.8552641328879343,1,0.8950008366037433,0.2188399563818354,-0.6761608802219079
tm122115,vincent sasso_1991,1718,0.08419032883807356,0.006346552772659133,0.8968202447899365,0.012642873599330752,3,1819,0.09571352342533027,0.0056962828126030166,0.8535724509144977,0.04501774284756904,3,0.011523194587256702,-0.0006502699600561164,-0.043247793875438756,0.03237486924823829,0.044761350958267235,3,0.39337758126777106,0.528748038600808,0.13537045733303693
tm122946,jardel_1986,1718,0.21803586762705834,0.10465892572871734,0.6013950761046827,0.07591013053954165,3,1819,0.07490373754367101,0.003554959591008134,0.9134615807036117,0.008079722161709045,3,-0.14313213008338732,-0.10110396613770921,0.31206650459892904,-0.06783040837783261,0.3579026710204552,3,1.069832974297263,0.3357771144689772,-0.7340558598282858
tm124384,joao silva_1990,1718,0.09537713670425536,0.8050210712010962,0.031129255174161343,0.06847253692048705,2,1819,0.004264576582144189,0.9817567072065556,0.0021211411370372414,0.011857575074263008,2,-0.09111256012211118,0.17673563600545938,-0.0290081140371241,-0.05661496184622404,0.20094390840791954,2,0.6903300066441787,0.10699257457036221,-0.5833374320738165
tm124548,bebeto_1990,1718,0.123813510931474,0.052689968359711105,0.6874719952864234,0.13602452542239135,3,1819,0.03673246612307241,0.0007242223664081356,0.9394339814716283,0.02310933003889114,3,-0.08708104480840159,-0.05196574599330297,0.2519619861852048,-0.11291519538350021,0.27160336817491176,3,0.9427050870335365,0.27236249870528295,-0.6703425883282536
tm125165,jesus corona_1993,1718,0.07718628418285275,0.8083621109390732,0.04595485754979675,0.0684967473282774,2,1819,0.5636503214136045,0.06163410957842797,0.16517648960266973,0.20953907940529778,1,0.4864640372307517,-0.7467280013606452,0.11922163205287298,0.14104233207702038,0.8991461311067609,2,0.6948734002650596,1.119815731320094,0.42494233105503443
tm125735,luis farina_1991,1718,0.12883399329380993,0.3044768228150114,0.036524700853055925,0.5301644830381228,4,1819,0.6684816958716066,0.19367261440415862,0.04208815502775562,0.09575753469647924,1,0.5396477025777966,-0.11080420841085281,0.005563454174699695,-0.43440694834164356,0.5509339048573828,1,1.0833959457801496,0.9451346307404109,-0.1382613150397387
tm126956,edgar costa_1987,1718,0.1348363984764593,0.7897859906099198,0.022814883436115322,0.052562727477505546,2,1819,0.20034362579371842,0.5212053072956349,0.06032709411971354,0.21812397279093315,2,0.06550722731725911,-0.268580683314285,0.037512210683598224,0.1655612453134276,0.27898735855004964,2,0.6976395542467448,1.1632524192621754,0.46561286501543053
tm126964,david bruno_1992,1718,0.0033301730043689007,0.0008613042595496014,0.9949079073992356,0.0009006153368458713,3,1819,0.01830484357937747,0.0003988208508116248,0.9776929582938335,0.0036033772759774944,3,0.014974670575008571,-0.00046248340873797665,-0.01721494910540211,0.002702761939131623,0.022821242789010644,3,0.036470629377042714,0.11868028689527149,0.08220965751822878
tm127031,pierre sagna_1990,1718,0.0036701084279150923,0.00030913878883617594,0.9948634598749538,0.0011572929082947494,3,1819,0.06689510877293821,0.00017426009624842611,0.9310521646660405,0.0018784664647728962,3,0.06322500034502311,-0.00013487869258774982,-0.06381129520891338,0.0007211735564781468,0.08982928396201864,3,0.036027191428929344,0.2607407318579826,0.22471354042905323
tm130622,tiago mesquita_1990,1718,0.08918026318117832,0.05342860309985195,0.750036199667111,0.10735493405185875,3,1819,0.005671606014165914,0.0001220298044383334,0.9929933597112031,0.0012130044701926664,3,-0.0835086571670124,-0.05330657329541362,0.24295716004409207,-0.10614192958166609,0.26238038835825267,3,0.8273820749509344,0.04556173434250574,-0.7818203406084286
tm130635,vitor bruno_1990,1718,0.27527375946715504,0.137836228658035,0.5333124847609638,0.05357752711384602,3,1819,0.15993723500143825,0.0013322949332254875,0.8311614911684679,0.007568978896868316,3,-0.1153365244657168,-0.1365039337248095,0.2978490064075041,-0.04600854821697771,0.3473468992464385,3,1.1203157730325155,0.49265395983516425,-0.6276618131973513
tm130940,idrissa mandiang_1984,1718,0.9760712616419154,0.001059579847657671,0.021714083697413473,0.0011550748130133215,1,1819,0.908997504425605,0.0003533589994027848,0.08624964631347713,0.004399490261514997,1,-0.06707375721631037,-0.0007062208482548863,0.06453556261606366,0.0032444154485016755,0.09308182688995167,1,0.12187105731325487,0.32476699148119936,0.2028959341679445
tm131753,diego galo_1984,1718,0.04566559360890991,0.0030774269622321627,0.9378389665515743,0.013418012877283577,3,1819,0.015723931245260517,0.0004053053320483413,0.9820323399801625,0.00183842344252874,3,-0.029941662363649396,-0.0026721216301838213,0.0441933734285882,-0.011579589434754838,0.05344808354004772,3,0.27677642215808007,0.097845748949476,-0.17893067320860406
tm131933,diego lopes_1994,1718,0.323586002051701,0.4865482939506251,0.030069084629881882,0.15979661936779208,2,1819,0.7621273159036565,0.09322850320160397,0.08184934033098634,0.06279484056375323,1,0.43854131385195544,-0.3933197907490211,0.05178025570110446,-0.09700177880403885,0.5913544932021103,1,1.114031050968515,0.8068963636391902,-0.3071346873293248
tm132060,jorge fellipe_1988,1718,0.23847748232198815,0.08154932445506209,0.4616109933654592,0.2183621998574905,3,1819,0.24404210956328445,0.04385445399573879,0.6517259573510908,0.060377479089885874,3,0.005564627241296305,-0.0376948704593233,0.19011496398563166,-0.15798472076760461,0.1938957654682994,3,1.2353603932655552,0.9298402422935077,-0.30552015097204754
tm132214,joao carlos teixeira_1993,1718,0.25321786539102825,0.6944886647417366,0.04029888876093308,0.01199458110630206,2,1819,0.9763839349915241,0.0011576222118494365,0.01916134875524683,0.0032970940413797863,1,0.7231660696004958,-0.6933310425298872,-0.02113754000568625,-0.008697487064922273,1.002059825736219,1,0.7834650502677021,0.1257845189905654,-0.6576805312771367
tm13222,tiago gomes_1986,1718,0.007918024302518133,0.0006321317347770686,0.9900881074603265,0.0013617365023782912,3,1819,0.0065945261677237636,9.40119915062396e-05,0.9913888905840726,0.0019225712566973072,3,-0.0013234981347943695,-0.000538119743270829,0.001300783123746152,0.000560834754319016,0.0019321637885864734,1,0.06181750142038473,0.05458406585613406,-0.00723343556425067
tm134608,helder tavares_1989,1718,0.9744711733328459,0.012258913876120022,0.010518809083840792,0.002751103707193191,1,1819,0.9965501487293509,5.7000743762849855e-05,0.0032130805387742475,0.00017976998811211888,1,0.02207897539650494,-0.012201913132357172,-0.007305728545066545,-0.0025713337190810723,0.026262930305342186,1,0.14328648437945102,0.02399600621131077,-0.11929047816814024
tm137192,zainadine junior_1988,1718,0.030658735323471284,0.003524226284728388,0.9592205115332249,0.006596526858575514,3,1819,0.03228372895890554,0.000627540966763571,0.9651877530079666,0.0019009770663642944,3,0.001624993635434259,-0.002896685317964817,0.005967241474741702,-0.00469554979221122,0.006829301645438742,3,0.1998049041288976,0.1615730391354666,-0.03823186499343098
tm138651,joaozinho_1989,1718,0.02576037852427637,0.0013289360350921197,0.9642535580435871,0.00865712739704436,3,1819,0.0014466874724661193,1.7334170645477848e-05,0.998370047931815,0.0001659304250733096,3,-0.02431369105181025,-0.0013116018644466418,0.03411648988822791,-0.00849119697197105,0.04191432636112925,3,0.1792728556290964,0.012722038770937099,-0.16655081685815928
tm139393,tomane_1992,1718,0.015897153984415296,0.44899080415231196,0.010000569550776888,0.5251114723124959,4,1819,0.0005436703598755981,0.9943357974668228,0.000239961662678123,0.004880570510623597,2,-0.015353483624539699,0.5453449933145108,-0.009760607888098766,-0.5202309018018723,0.545648385555165,2,0.8096721028720479,0.03771188283760856,-0.7719602200344394
tm139395,ricardo esgaio_1993,1718,0.2857575028744063,0.37407494898583815,0.13770570277658242,0.20246184536317308,2,1819,0.21237640687270706,0.006482593828212376,0.7526660849145081,0.028474914384572524,3,-0.07338109600169926,-0.3675923551576258,0.6149603821379257,-0.17398693097860055,0.720198025837314,3,1.3221639405305756,0.6769106839398593,-0.6452532565907163
tm140032,andreas samaris_1989,1718,0.9585813494777287,0.01607344328688816,0.019852122010553013,0.005493085224830143,1,1819,0.9945880466919081,0.00033129443817143283,0.003833151659964267,0.001247507209956274,1,0.036006697214179484,-0.015742148848716726,-0.016018970350588746,-0.004245578014873869,0.04243706994765067,1,0.2133383182103367,0.03772128772755354,-0.17561703048278315
tm141050,danilo pereira_1991,1718,0.9886905440682675,0.0032383604565548456,0.007451866866747252,0.0006192286084305157,1,1819,0.9944047350382752,0.0004494600519569724,0.004685359527261975,0.0004604453825060257,1,0.005714190970007693,-0.002788900404597873,-0.002766507339485277,-0.00015878322592449001,0.00693422719327176,1,0.07089289807905415,0.03771057460063217,-0.033182323478421975
tm144927,edu machado_1990,1718,4.57771280581872e-40,4.36338197229528e-41,1.0,3.266367882082976e-41,3,1819,0.00415024218270451,7.341807105293455e-05,0.9949091511262018,0.0008671886200406663,3,0.00415024218270451,7.341807105293455e-05,-0.005090848873798182,0.0008671886200406663,0.006568610404348034,3,8.289306334778563e-11,0.034653031068673415,0.034653030985780355
tm145692,rafael crivellaro_1989,1718,0.08906117846966723,0.8492853349249093,0.028221461965736258,0.03343202463968724,2,1819,0.9127988863612422,0.017817126927206807,0.06166641967151373,0.007717567040037181,1,0.823737707891575,-0.8314682079977025,0.03344495770577747,-0.02571445759965006,1.170897842473594,2,0.5684227014043786,0.3643875090212491,-0.20403519238312945
tm147487,vincent aboubakar_1992,1718,0.021758508746815015,0.11877808212017082,0.00992723329717442,0.8495361758358397,4,1819,0.029228762293065015,0.47085417054912726,0.02326699665570541,0.4766500705021023,4,0.00747025354625,0.35207608842895644,0.013339763358530992,-0.37288610533373745,0.3524078972127912,2,0.5206611598389189,0.8985894886103776,0.37792832877145865
tm149928,jubal_1993,1718,0.04737000622139151,0.003534656573814019,0.9463412592624963,0.0027540779422981086,3,1819,0.0342900941541174,0.000282247139627079,0.9628719770179978,0.0025556816882577505,3,-0.013079912067274109,-0.0032524094341869402,0.016530717755501412,-0.00019839625404035818,0.021329015362347617,3,0.23284809873640103,0.16964981010716812,-0.06319828862923291
tm153207,william_1991,1718,0.056948562842586065,0.38270194151502995,0.02564512824768189,0.5347043673947022,4,1819,0.03534398770321238,0.9427841544039798,0.01044283157405964,0.011429026318748113,2,-0.021604575139373687,0.5600822128889498,-0.015202296673622249,-0.5232753410759541,0.5607048712876397,2,0.9594723571361826,0.2724331877983016,-0.687039169337881
tm156501,felipe_1989,1718,0.11370945761680216,0.03087837558052166,0.8333932680296008,0.022018898773075397,3,1819,0.012543808233244311,0.00024623112352987727,0.9863270131130525,0.0008829475301733733,3,-0.10116564938355785,-0.030632144456991785,0.1529337450834517,-0.021135951242902025,0.18590736207714087,3,0.5905089496822876,0.07675759615097785,-0.5137513535313097
tm157036,dyego sousa_1989,1718,0.0014713882656481143,0.0035387541296126933,0.0008084946860613817,0.9941813629186778,4,1819,0.0028174863884909015,0.9568108013229363,0.0013335312168173726,0.039038181071755704,2,0.0013460981228427872,0.9532720471933236,0.0005250365307559909,-0.955143181846922,0.9532731421810148,2,0.04112682012532774,0.19422394269886245,0.1530971225735347
tm158382,rafael costa_1991,1718,0.0563693939827909,0.70378416381935,0.03607973041741437,0.2037667117804447,2,1819,0.7527210641137713,0.06189950131207939,0.12163607240359178,0.0637433621705576,1,0.6963516701309803,-0.6418846625072706,0.08555634198617741,-0.1400233496098871,0.950916114129072,1,0.8533421792182034,0.817769657688179,-0.03557252153002444
tm158427,nildo petrolina_1986,1718,0.10127154283252573,0.5209768411606049,0.1250905197457625,0.252661096261107,2,1819,0.15702863036486245,0.306331441545864,0.037897822880266906,0.4987421052090068,4,0.05575708753233671,-0.21464539961474094,-0.08719269686549558,0.2460810089478998,0.2382940762430713,2,1.1792248538125036,1.1241206250731561,-0.055104228739347505
tm159570,bruno nascimento_1991,1718,0.12142469226939473,0.011249772497476093,0.838041535845997,0.029283999387132012,3,1819,0.00128977623135574,9.106895767789407e-06,0.9986191325600451,8.198431283149439e-05,3,-0.12013491603803898,-0.011240665601708303,0.16057759671404803,-0.02920201507430052,0.20085794776681243,3,0.5579665296679462,0.010838252409890644,-0.5471282772580556
tm164705,raul silva_1989,1718,0.22031634798270255,0.20210762054252626,0.33451057110829446,0.24306546036647678,3,1819,0.08336722875031097,0.0011285294262394288,0.9118712690924019,0.0036329727310476217,3,-0.1369491192323916,-0.20097909111628684,0.5773606979841075,-0.23943248763542915,0.6264926431341012,3,1.3665473463063986,0.31932000008889944,-1.0472273462174992
tm168536,alhassan wakaso_1992,1718,0.9625822030645674,0.0051089162823412275,0.026943607059639923,0.00536527359345143,1,1819,0.9952535223484997,0.00010138831117169629,0.004068318169941757,0.00057677117038677,1,0.0326713192839323,-0.005007527971169531,-0.022875288889698166,-0.00478850242306466,0.04019663271869722,1,0.18909048267123876,0.03236337654524864,-0.1567271061259901
tm175597,ruben ferreira_1990,1718,0.18848019248571904,0.04353856840854608,0.6499049867105818,0.11807625239515307,3,1819,0.01269026060425892,0.00017676406291313061,0.9835617187786561,0.0035712565541719293,3,-0.1757899318814601,-0.04336180434563295,0.3336567320680742,-0.11450499584098114,0.3796171243257396,3,0.9833072190449812,0.09337060052042973,-0.8899366185245514
tm175600,arsenio nunes_1989,1718,0.059801790543166165,0.931068470411896,0.006165766171442621,0.0029639728734951556,2,1819,0.6694560921020518,0.11588125376500433,0.12004398122153134,0.09461867291141236,1,0.6096543015588857,-0.8151872166468916,0.11387821505008872,0.0916547000379172,1.0242933239344838,2,0.2835740309477106,0.9959741672069861,0.7124001362592755
tm177964,yusupha njie_1994,1718,0.09074934106880339,0.4439671581260892,0.02553214925783904,0.4397513515472683,2,1819,0.0007202792156244333,0.9927245527867737,0.0002658505869680203,0.0062893174106339,2,-0.09002906185317895,0.5487573946606845,-0.025266298670871018,-0.4334620341366344,0.5566671321548197,2,1.03319357205222,0.04652933807294217,-0.9866642339792779
tm182462,welthon_1992,1718,0.05011237001420256,0.8269682392508949,0.01697314214781734,0.10594624858708541,2,1819,0.04056249476876169,0.904906787665639,0.009867595367115086,0.04466312219848411,2,-0.009549875245440868,0.07793854841474412,-0.007105546780702252,-0.061283126388601304,0.07884228713865198,2,0.6141408423521586,0.404834088976471,-0.2093067533756876
tm182710,joao teixeira_1994,1718,0.09397966137934233,0.8894022608394011,0.010574921556545432,0.006043156224711074,2,1819,0.49706567688456266,0.03877967448461909,0.24153506840465147,0.22261958022616687,1,0.40308601550522033,-0.850622586354782,0.23096014684810603,0.2165764240014558,0.9692160284192952,2,0.4054561352348268,1.1510918885081496,0.7456357532733228
tm182936,filipe ferreira_1990,1718,0.007052718358378129,0.0015649346984959185,0.9899665979072129,0.0014157490359130917,3,1819,0.008127504896974449,0.00020893515987057765,0.9889837277769402,0.0026798321662146623,3,0.0010747865385963198,-0.0013559995386253408,-0.0009828701302726506,0.0012640831303015706,0.001989958428028629,2,0.06432126768472662,0.06770937529216756,0.003388107607440932
tm183945,eber bessa_1992,1718,0.16761013314865608,0.336424262436055,0.05892759826753005,0.437038006147759,4,1819,0.32239842146686315,0.05837836605117995,0.053373470732634,0.5658497417493229,4,0.15478828831820707,-0.27804589638487504,-0.00555412753489605,0.1288117356015639,0.31827626840470363,2,1.1944675265778946,1.0094040555884918,-0.1850634709894028
tm184992,juan delgado_1993,1718,0.026823407628732494,0.1760629505780487,0.02193669483591666,0.7751769469573021,4,1819,0.2680053330367768,0.2642484524143758,0.041852558863319525,0.42589365568552795,4,0.2411819254080443,0.08818550183632709,0.019915864027402867,-0.34928329127177415,0.2575694964812687,1,0.6840650271372279,1.2009262966974856,0.5168612695602577
tm187697,jean cleber_1990,1718,0.7820954055390315,0.19705257589577263,0.015514454699268394,0.005337563865927425,1,1819,0.7773976869902774,0.001098427828646457,0.21967134705670485,0.001832538124371376,1,-0.004697718548754004,-0.19595414806712616,0.20415689235743645,-0.0035050257415560494,0.2830196696367982,3,0.6048561078731582,0.5477234424282365,-0.05713266544492179
tm187896,luis martins_1992,1718,0.022771189953515143,0.0022628773180691313,0.9635770494410615,0.011388883287354285,3,1819,0.0560338913292167,0.000991921648875206,0.9228483933533661,0.020125793668541885,3,0.03326270137570156,-0.0012709556691939254,-0.04072865608769538,0.0087369103811876,0.05260081803386636,3,0.18662801750443928,0.32104055048677727,0.134412532982338
tm188911,shoya nakajima_1994,1718,0.016755085561767556,0.3598305078846756,0.013137563539719357,0.6102768430138374,4,1819,0.0165727012795917,0.7303629166439657,0.008262388861889404,0.2448019932145532,2,-0.0001823842821758563,0.3705324087592901,-0.004875174677829953,-0.36547484979928424,0.3705645241157434,2,0.7945994728088199,0.6815760726582911,-0.11302340015052881
tm189516,derley_1987,1718,0.0911586698262768,0.4191881908440913,0.03913066043668775,0.4505224788929443,4,1819,0.0010758847430293742,0.9971236766379177,0.0002688614242230182,0.0015315771948298624,2,-0.09008278508324742,0.5779354857938264,-0.03886179901246473,-0.4489909016981144,0.5862035255187278,2,1.0688354848671664,0.02236268387753477,-1.0464728009896316
tm18981,rodrigo defendi_1986,1718,0.21032753113776903,0.06858350311911521,0.5532301153977952,0.1678588503453207,3,1819,0.12191676667032227,0.00422014315578732,0.867033053078014,0.006830037095876363,3,-0.08841076446744676,-0.06436335996332788,0.31380293768021883,-0.16102881324944432,0.3323121861687028,3,1.1387709358648426,0.4374031097757916,-0.701367826089051
tm190543,dener_1992,1718,0.6991856241792621,0.25609403805718284,0.0331575666021518,0.011562771161403215,1,1819,0.8806893143218107,0.03941311064799514,0.06157867621082061,0.018318898819373285,1,0.18150369014254863,-0.2166809274091877,0.02842110960866881,0.00675612765797007,0.2840809273950927,2,0.7635701824155718,0.4842595494975807,-0.27931063291799113
tm193082,alex grimaldo_1995,1718,0.03132142246369207,0.007702338254286137,0.94984918599971,0.011127053282311844,3,1819,0.12484546761114897,0.00752629278791855,0.76845048846252,0.09917775113841265,3,0.0935240451474569,-0.00017604546636758658,-0.18139869753719007,0.08805069785610081,0.20408886662662112,3,0.24488699835111996,0.7281398908078358,0.4832528924567159
tm193303,nuno sequeira_1990,1718,0.04171530658486943,0.018056402333701843,0.8978264725017395,0.04240181857968921,3,1819,0.09287132330855973,0.003619173282695155,0.8433126317988596,0.06019687160988535,3,0.051156016723690294,-0.014437229051006688,-0.0545138407028799,0.017795053030196142,0.07613888926090713,3,0.4357878475516575,0.553934254215738,0.11814640666408055
tm194214,goncalo silva_1991,1718,0.017409270425899886,0.0011093888362070084,0.9771059970305324,0.004375343707360739,3,1819,0.0026727231551666297,2.9648950359624443e-05,0.9968417042274215,0.0004559236670522114,3,-0.014736547270733256,-0.0010797398858473839,0.019735707196889107,-0.003919420040308527,0.024654204555105523,3,0.12446463997018015,0.022804899796347953,-0.1016597401738322
tm194641,fabio sturgeon_1994,1718,0.781169083176873,0.14798896429356384,0.051207164149838676,0.019634788379724457,1,1819,0.8704724130222328,0.030292010209730248,0.08199135007451241,0.017244226693524704,1,0.08930332984535982,-0.1176969540838336,0.03078418592467374,-0.0023905616861997527,0.15091495560455911,2,0.7050256233134189,0.5017668298003899,-0.203258793513029
tm195308,luis machado_1992,1718,0.0005511715341146591,0.9981763491873061,0.0002330043647285042,0.0010394749138508308,2,1819,0.9758470784730717,0.005395934857222816,0.01332678116524665,0.005430205504458698,1,0.9752959069389571,-0.9927804143300833,0.013093776800518146,0.004390730590607867,1.3917566253336813,2,0.015046831453993288,0.1379045426918069,0.12285771123781362
tm197613,alexandre guedes_1994,1718,0.04403592925186818,0.7348997371244445,0.022155673085096392,0.19890866053859102,2,1819,0.0019554781082518117,0.9879372760137218,0.0010348442583331262,0.009072401619693322,2,-0.04208045114361637,0.2530375388892774,-0.021120828826763267,-0.1898362589188977,0.25738074882539735,2,0.769502986512953,0.07396236852835042,-0.6955406179846026
tm198006,rafa soares_1995,1718,0.017199010116851612,0.008571674387147007,0.959810947294743,0.01441836820125842,3,1819,0.012454836555917306,0.00037114321267423233,0.9826343441765016,0.004539676054906883,3,-0.004744173560934307,-0.008200531174472775,0.022823396881758606,-0.009878692146351536,0.024711603338149396,3,0.21116655256120392,0.09925922775330212,-0.1119073248079018
tm198007,francisco ramos_1995,1718,0.9408225180708153,0.008521613944920575,0.04599749518023612,0.004658372804027943,1,1819,0.8837167934092979,0.005340835269982623,0.09352572580561282,0.017416645515106816,1,-0.05710572466151742,-0.0031807786749379523,0.0475282306253767,0.012758272711078874,0.07436473524779721,1,0.2646429092096854,0.42934321136514264,0.16470030215545722
tm198053,lazar rosic_1993,1718,0.05053738063477326,0.0028327466282210625,0.9415785637808087,0.0050513089561968075,3,1819,0.01496904344479388,0.0005191575543420037,0.9825051289248793,0.00200667007598473,3,-0.035568337189979385,-0.0023135890738790587,0.04092656514407056,-0.0030446388802120774,0.054271936019960575,3,0.2508670681443146,0.09662796072431373,-0.15423910742000085
tm203330,tyler boyd_1994,1718,0.007947361797469651,0.9836011175691375,0.0032182728681954685,0.005233247765197687,2,1819,0.8878071633607966,0.007007770635091283,0.08194382455603368,0.023241241448078556,1,0.8798598015633269,-0.9765933469340462,0.07872555168783821,0.01800799368288087,1.3168468203141372,2,0.10064668219456649,0.4328435294428415,0.33219684724827503
tm203654,toze_1993,1718,0.011284572439085056,0.9577539588867686,0.004984453090165098,0.02597701558398116,2,1819,0.07535171816693914,0.8086845080635243,0.024699831758612078,0.09126394201092454,2,0.06406714572785409,-0.1490694508232443,0.01971537866844698,0.06528692642694338,0.16344722844544657,2,0.21319941165625655,0.6764486897536233,0.4632492780973667
tm205116,talocha_1989,1718,0.003984864973295696,0.0013609421783093915,0.9939729061557304,0.0006812866926644862,3,1819,0.006179056217303732,9.05444808416754e-05,0.9928505726504911,0.0008798266513634693,3,0.002194191244008036,-0.0012703976974677161,-0.0011223335052392702,0.00019853995869898312,0.0027727275419693644,1,0.04197554155330696,0.04558734390492871,0.00361180235162175
tm206843,andrija zivkovic_1996,1718,0.040973426120802695,0.9123426551367445,0.009679037837350486,0.037004880905102254,2,1819,0.27272002923951155,0.04710957072480635,0.11562534203468654,0.5645450580009955,4,0.23174660311870887,-0.8652330844119381,0.10594630419733606,0.5275401770958933,0.9019752755985782,2,0.381484747564666,1.070500964435396,0.68901621687073
tm209993,mohamed abarhoun_1989,1718,0.1118618360200015,0.007841607070940181,0.8276818526918132,0.05261470421724511,3,1819,0.014068132143039884,0.0006455770388830337,0.9826707204495446,0.002615570368532719,3,-0.09779370387696162,-0.007196030032057148,0.15498886775773146,-0.04999913384871239,0.1834037635792153,3,0.5945250491524965,0.09745745715656177,-0.4970675919959347
tm211072,paulinho_1992,1718,0.01817499393645005,0.5324659552265896,0.009994570542984667,0.4393644802939757,2,1819,0.004427303342420324,0.9665502585151493,0.001911082234814143,0.02711135590761602,2,-0.013747690594029725,0.43408430328855974,-0.008083488308170524,-0.41225312438635964,0.43437716807103455,2,0.815796342396397,0.16665574082042817,-0.6491406015759689
tm211107,joao afonso_1990,1718,0.015186504196836814,0.011109150684044073,0.01701908517722737,0.9566852599418917,4,1819,0.015010764810960768,0.00034088446670559156,0.9780692493186056,0.006579101403728092,3,-0.0001757393858760458,-0.01076826621733848,0.9610501641413782,-0.9501061585381636,0.9611105058409409,3,0.22527089544491977,0.12049258646436348,-0.10477830898055629
tm212899,filipe augusto_1993,1718,0.6842724964967712,0.039264847760309654,0.1157187129639806,0.16074394277893844,1,1819,0.9974731126434182,3.10575367985829e-05,0.0023291405924311813,0.00016668922735203263,1,0.31320061614664696,-0.03923379022351107,-0.11338957237154942,-0.16057725355158642,0.3353969459797519,1,0.9301182194365154,0.0184159982211953,-0.9117022212153201
tm214070,ewerton_1992,1718,0.9755985555678316,0.01715479241396896,0.006010396897542723,0.0012362551206565946,1,1819,0.993858521627242,0.0004912728605442838,0.004229969565356893,0.0014202359468568778,1,0.018259966059410382,-0.016663519553424676,-0.0017804273321858294,0.00018398082620028314,0.024784454117115027,1,0.13286001765909983,0.042296893782406385,-0.09056312387669344
tm214775,oliver torres_1994,1718,0.3968914331864671,0.3062197511453985,0.15108565384546566,0.1458031618226688,1,1819,0.9351381610396277,0.016031823770004987,0.02886885633382653,0.019961158856540793,1,0.5382467278531606,-0.2901879273753935,-0.12221679751163912,-0.12584200296612802,0.6235828083206447,1,1.2954425686969433,0.30944087939027876,-0.9860016893066645
tm220722,eduardo teixeira_1993,1718,0.24909639718627266,0.650253406076859,0.054652917488377833,0.04599727924849057,2,1819,0.40476027034618045,0.008468218301871727,0.2637407785973763,0.32303073275457145,1,0.1556638731599078,-0.6417851877749873,0.2090878611089985,0.2770334535060809,0.6927028239567494,2,0.9265835978296588,1.123033098440501,0.1964495006108422
tm223029,fabio martins_1993,1718,0.008284388692036156,0.054147346811843786,0.0047654757257636505,0.9328027887703565,4,1819,0.28428106749601134,0.1942575327144162,0.05976357641961267,0.46169782336995985,4,0.27599667880397516,0.1401101859025724,0.05499810069384902,-0.47110496540039665,0.3143721075165683,1,0.28797148911926534,1.201067218987268,0.9130957298680027
tm224852,patrick_1991,1718,0.0387424709231911,0.04106982373415694,0.885711004416439,0.03447670092621272,3,1819,0.09092348570527509,0.0027045970038196963,0.8862255257890084,0.020146391501897037,3,0.052181014782083986,-0.038365226730337244,0.0005145213725693543,-0.01433030942431568,0.06476892509530385,1,0.48065264903256544,0.4197102709569887,-0.06094237807557673
tm226138,mattheus oliveira_1994,1718,0.6821105326171891,0.24653747904790704,0.05490451433088691,0.01644747400401699,1,1819,0.6162792726246606,0.16383398430659382,0.0845328727318679,0.13535387033687765,1,-0.06583125999252848,-0.08270349474131322,0.029628358400980985,0.11890639633286065,0.10977915310370764,2,0.8330636239294891,1.0742099798454332,0.24114635591594413
tm226896,dankler_1992,1718,0.03298028317054126,0.0019974915324836597,0.9534660447177279,0.01155618057924726,3,1819,0.004228361762317982,0.00012033219924803952,0.9947921373081795,0.0008591687302543103,3,-0.028751921408223278,-0.0018771593332356203,0.04132609259045161,-0.01069701184899295,0.05037899007147307,3,0.22192056161429452,0.03545762182753069,-0.18646293978676381
tm227676,amilton_1989,1718,0.01475546439688325,0.9551190213430116,0.008096308024008035,0.022029206236097207,2,1819,0.22827776891059418,0.6307455743151504,0.05056761131731667,0.09040904545693873,2,0.21352230451371093,-0.3243734470278612,0.042471303293308636,0.06837983922084152,0.3906580592602881,2,0.22911410110730202,0.9960972189944282,0.7669831178871261
tm228940,joao novais_1993,1718,0.029540532518299845,0.5155595462454354,0.019173624020969178,0.4357262972152956,2,1819,0.5929636394003337,0.1785043834350091,0.10188942398241681,0.1266425531822405,1,0.5634231068820339,-0.33705516281042636,0.08271579996144762,-0.3090837440330551,0.6617353577594512,1,0.8833934094180921,1.1118787770235723,0.22848536760548022
tm229854,leandrinho_1993,1718,0.936592465268255,0.00427561750537957,0.04759063808337421,0.011541279142991235,1,1819,0.9537819385898068,0.0015824779243165752,0.03984754804943197,0.004788035436444549,1,0.01718947332155174,-0.0026931395810629944,-0.007743090033942239,-0.006753243706546686,0.01904432821469854,1,0.2810904770640493,0.20933059511609606,-0.07175988194795327
tm231289,otavio_1995,1718,0.3868359623781415,0.5045649359326241,0.030736916960195197,0.07786218472903925,2,1819,0.9023189144273256,0.011213166532116852,0.038982408207080016,0.047485510833477636,1,0.5154829520491842,-0.49335176940050723,0.008245491246884819,-0.03037667389556161,0.7135731429572271,1,1.018353892941246,0.4142896002334807,-0.6040642927077652
tm236886,costinha_1992,1718,0.6182356314698642,0.33204452891179975,0.03756754173663224,0.012152297881703874,1,1819,0.5703482001763536,0.35844198332621136,0.045167680988500894,0.026042135508934177,1,-0.047887431293510585,0.026397454414411603,0.007600139251868657,0.013889837627230303,0.05520682740476426,1,0.8402518471742593,0.9229164612351952,0.08266461406093595
tm236997,tiago silva_1993,1718,0.273453632076192,0.5174555460171496,0.07705758676983496,0.13203323513682344,2,1819,0.9413656387836299,0.004865441595510994,0.030699491066641795,0.02306942855421726,1,0.6679120067074379,-0.5125901044216387,-0.04635809570319316,-0.10896380658260618,0.8432106124167137,1,1.1603245047819604,0.27668846715847845,-0.883636037623482
tm238055,rafa silva_1993,1718,0.007534344722008867,0.9812692791921025,0.002089098543337094,0.009107277542551742,2,1819,0.09980653218255167,0.5664743274423817,0.02380864755768991,0.30991049281737676,2,0.0922721874605428,-0.4147949517497208,0.021719549014352815,0.300803215274825,0.4254888334435977,2,0.11106827805746089,1.0039881201149126,0.8929198420574517
tm240306,bruno fernandes_1994,1718,0.05516574648263602,0.3990665741114274,0.029272084004906895,0.5164955954010297,4,1819,0.04356912942976289,0.2111221286428744,0.014146860412476639,0.731161881514886,4,-0.011596617052873133,-0.18794444546855296,-0.015125223592430256,0.2146662861138563,0.1889083600539528,2,0.9710372727383196,0.7540646838811497,-0.21697258885716997
tm240578,luiz phellype_1993,1718,0.01745120143944132,0.06824366582756264,0.0077601096458211226,0.9065450230871749,4,1819,0.018249122020378594,0.7155012413403006,0.007154213581881562,0.25909542305743943,2,0.0007979205809372746,0.6472575755127379,-0.000605896063939561,-0.6474496000297354,0.647258350927913,2,0.3805100705368512,0.697858444397844,0.31734837386099274
tm240773,edson rodrigues farias_1992,1718,0.2255808888453161,0.6620385679888271,0.07308757938286782,0.039292963782989083,2,1819,0.2778111927777438,0.0024600461099883223,0.6929883197476104,0.026740441364657426,3,0.052230303932427696,-0.6595785218788388,0.6199007403647426,-0.012552522418331657,0.9066690460567757,2,0.9273368382926802,0.72159386958778,-0.20574296870490016
tm24202,vasco fernandes_1986,1718,0.05399049042156885,0.011745263703583775,0.9265601627248375,0.007704083150009699,3,1819,0.03756638139504912,0.00041966232551507785,0.9602456300251485,0.0017683262542872859,3,-0.01642410902651973,-0.011325601378068697,0.03368546730031097,-0.005935756895722413,0.03915011253023722,3,0.31795762216974516,0.1767035152249516,-0.14125410694479357
tm243783,antonio xavier_1992,1718,0.08493227961409569,0.6366488270977547,0.07003814345890641,0.20838074982924323,2,1819,0.1268438345482585,0.1927776192190176,0.07221908302953661,0.6081594632031873,4,0.04191155493416282,-0.44387120787873713,0.0021809395706302026,0.399778713373944,0.4458508541184363,2,1.00993856317446,1.0715051294608606,0.06156656628640067
tm248901,platiny_1990,1718,0.05196002013733357,0.34541525524402084,0.01889248393652391,0.5837322406821217,4,1819,0.018796554937095304,0.8971716831613676,0.006118459564329516,0.0779133023372077,2,-0.03316346520023827,0.5517564279173468,-0.012774024372194392,-0.505818938344914,0.5528997620463036,2,0.9100542183611885,0.4020788788955484,-0.5079753394656401
tm248903,marcelo goiano_1987,1718,0.0017789586602778233,0.00019718032029638447,0.9976916787973996,0.0003321822220262006,3,1819,0.038039338788841165,0.0003657381842828791,0.958378358168764,0.003216564858111977,3,0.03626038012856334,0.00016855786398649463,-0.03931332062863557,0.0028843826360857765,0.053482527592395315,3,0.017912480431611384,0.18645448764931807,0.16854200721770668
tm24946,cris_1984,1718,0.8507459609011389,0.0148109876471259,0.11427923180536718,0.020163819646367903,1,1819,0.9874019983428363,0.0002954755931210884,0.011320647245119634,0.0009818788189227992,1,0.1366560374416974,-0.01451551205400481,-0.10295858456024755,-0.019181940827445104,0.1717150045689258,1,0.526506741709641,0.07244941222705649,-0.4540573294825845
tm255755,alex telles_1992,1718,0.07394203526778424,0.04957095678225137,0.31182888007638526,0.5646581278735792,4,1819,0.09088815237936225,0.00582648475916233,0.7198562420688001,0.1834291207926753,3,0.016946117111578007,-0.04374447202308904,0.4080273619924148,-0.3812290070809039,0.4107153245889752,3,1.0276047972292532,0.7956422962966034,-0.2319625009326498
tm256696,perdigao_1991,1718,0.602827840971625,0.2413931968306344,0.13534773159324864,0.020431230604491906,1,1819,0.8931322555550825,0.030433706806249308,0.059147579825008574,0.01728645781365965,1,0.29030441458345746,-0.21095949002438508,-0.07620015176824008,-0.0031447727908322544,0.3668610400240061,1,0.9983789718895026,0.4446213878626162,-0.5537575840268865
tm257388,wilson manafa_1994,1718,0.17719906242187294,0.3520979002763254,0.08689094270099194,0.38381209460080956,4,1819,0.16554495551364395,0.01328213486171876,0.7089512399786551,0.11222166964598225,3,-0.01165410690822899,-0.3388157654146067,0.6220602972776631,-0.2715904249548273,0.7084426261529503,3,1.2539983858440769,0.8444482637694768,-0.40955012207460006
tm258004,ruben dias_1997,1718,0.18859317165421746,0.02248495983662135,0.7660835037547277,0.022838364754433578,3,1819,0.047533657919128704,0.0011709779178861917,0.9493201860861034,0.0019751780768818865,3,-0.14105951373508877,-0.02131398191873516,0.1832366823313757,-0.02086318667755169,0.23222350008606224,3,0.6903796344279075,0.21437955913670464,-0.47600007529120286
tm258475,nikola maras_1995,1718,0.20272417024839767,0.01370082259277877,0.7651144050362347,0.018460602122588925,3,1819,0.09222709872082613,0.006320925482499536,0.8850659967082627,0.01638597908841163,3,-0.11049707152757154,-0.007379897110279234,0.11995159167202796,-0.002074623034177294,0.1632557810375501,3,0.6608508388397538,0.42726045144350433,-0.2335903873962495
tm261927,ricardo horta_1994,1718,0.023071785444119888,0.5680340532360795,0.016013252923635778,0.39288090839616485,2,1819,0.155642453753287,0.6180328439072489,0.0790273531555708,0.14729734918389328,2,0.1325706683091671,0.04999879067116941,0.06301410023193502,-0.24558355921227157,0.1550665598785211,1,0.8414788457572746,1.0696182551718119,0.22813940941453725
tm262999,cristian arango_1995,1718,0.027411405229301,0.4624818916488421,0.011425455986289494,0.4986812471355674,4,1819,0.019909831259245437,0.9019535342076688,0.006920475047319224,0.07121615948576637,2,-0.007501573970055565,0.43947164255882665,-0.00450498093897027,-0.427465087649801,0.4395587481539206,2,0.8533053038452455,0.3936253401068132,-0.4596799637384323
tm265648,pablo santos_1992,1718,0.07894847363771022,0.0041354217229992345,0.9088451367620334,0.008070967877257168,3,1819,0.09736351131586406,0.002206352047132377,0.8901740462220424,0.010256090414961243,3,0.018415037678153834,-0.0019290696758668575,-0.018671090539990942,0.002185122537704075,0.02629533313070427,3,0.34890870311112576,0.39081717324006665,0.04190847012894089
tm269467,cesar_1992,1718,0.05423425550376269,0.005844292019583649,0.9185895608131543,0.021331891663499247,3,1819,0.030500598700155045,0.0007753992021868145,0.9629104829301725,0.005813519167485662,3,-0.023733656803607648,-0.0050688928173968344,0.0443209221170181,-0.015518372496013585,0.05053042921813027,3,0.3481940620625069,0.17831940296439872,-0.1698746590981082
tm271256,jhonder cadiz_1995,1718,0.042817545625515,0.518153471271138,0.020125923698325228,0.4189030594050218,2,1819,0.0010426685803598958,0.9840098811392731,0.00048545481077300507,0.014461995469593848,2,-0.041774877045155104,0.46585640986813515,-0.019640468887552224,-0.40444106393542795,0.4681378888591359,2,0.9186882573053028,0.0879891039791327,-0.8306991533261701
tm27178,ruben fernandes_1986,1718,0.18342308165499757,0.06020299462092615,0.5997396253121486,0.15663429841192766,3,1819,0.0012444079145421424,2.93952784162006e-05,0.9984952283240234,0.0002309684830181929,3,-0.18217867374045543,-0.060173599342509945,0.39875560301187474,-0.15640332992890948,0.4425109740526534,3,1.0772484480027207,0.012068284525229418,-1.0651801634774913
tm278985,flavio ramos_1994,1718,0.027355689690660424,0.00269385814560692,0.9667068652669039,0.003243586896828864,3,1819,0.08211185453141763,0.003147682471804093,0.9091615200692086,0.005578942927569657,3,0.05475616484075721,0.0004538243261971728,-0.057545345197695275,0.0023353560307407934,0.07943494381258877,3,0.16570936995165322,0.33891636192060637,0.17320699196895314
tm282513,fabricio baiano_1992,1718,0.991462363817236,0.0009738812556457381,0.006744603188551369,0.000819151738566939,1,1819,0.9733566503973834,0.00027325947829523575,0.024535453205941086,0.00183463691838026,1,-0.018105713419852565,-0.0007006217773505023,0.01779085001738972,0.001015485179813321,0.0253933470353552,1,0.054792459894854685,0.1310557515968427,0.07626329170198803
tm283130,moussa marega_1991,1718,0.010660737129448337,0.07956663720040735,0.0065735670587476905,0.9031990586113966,4,1819,0.00323530830230361,0.9383610539413135,0.002398883026623939,0.05600475472975878,2,-0.007425428827144727,0.8587944167409062,-0.004174684032123751,-0.8471943038816379,0.8588366638688572,2,0.37479530481724127,0.25414446719324235,-0.12065083762399892
tm288498,indio_1996,1718,0.305046025198509,0.517584962417029,0.10129430925632658,0.0760747031281354,2,1819,0.9665724720827462,0.0019173750908802122,0.02931311131311608,0.002197041513257602,1,0.6615264468842372,-0.5156675873261488,-0.0719811979432105,-0.0738776616148778,0.841850101504653,1,1.1309583748067404,0.16177351996119674,-0.9691848548455437
tm289216,stephane sparagna_1995,1718,0.33886979257135796,0.0034956409387469217,0.6513431295582218,0.0062914369316732,3,1819,0.3876737680909554,0.0013608598135451217,0.5935464574449912,0.017418914650508256,3,0.04880397551959742,-0.0021347811252018,-0.057796672113230585,0.011127477718835056,0.07567589196259446,3,0.6976080504273563,0.7565049080001411,0.058896857572784844
tm290336,rochinha_1995,1718,0.07379078810806955,0.8822821263194065,0.012543558086980112,0.03138352748554391,2,1819,0.3750657357513598,0.47175330592775155,0.048026772586933865,0.10515418573395482,2,0.30127494764329027,-0.41052882039165495,0.03548321449995375,0.07377065824841092,0.5104503550404101,2,0.4663930599366584,1.1048883248256907,0.6384952648890323
tm290391,nuno santos_1995,1718,0.2451806914482194,0.6903410749087312,0.04643360860041304,0.01804462504263624,2,1819,0.07809061979362805,0.47911803827421245,0.03319576923519049,0.40959557269696895,2,-0.16709007165459136,-0.21122303663451875,-0.013237839365222548,0.3915509476543327,0.2696469982063645,2,0.8154707291404578,1.0303026617574234,0.21483193261696554
tm290530,bilel aouacheria_1994,1718,0.07408372693463533,0.9042057263390807,0.012805164982749353,0.008905381743534552,2,1819,0.19529673310720114,0.6165076595500972,0.037220084370096086,0.15097552297260555,2,0.12121300617256581,-0.28769806678898346,0.02441491938734673,0.142070141229071,0.3131435114898591,2,0.3817062494459942,1.0250885326620476,0.6433822832160534
tm291402,pite_1994,1718,0.0027343823663209233,0.00016733029938460108,0.9965631107876862,0.0005351765466082028,3,1819,0.3420687710788656,0.1802437282430125,0.09889565532240177,0.3787918453557202,4,0.3393343887125447,0.1800763979436279,-0.8976674554652845,0.37825666880911196,0.9764129234400714,3,0.025055356350870944,1.272322868384915,1.2472675120340442
tm291941,carraca_1993,1718,0.0556265560793765,0.021684541674806865,0.9089426071057142,0.013746295140102487,3,1819,0.021039849659496786,0.0002739376237423334,0.9775426520364235,0.0011435606803372872,3,-0.03458670641987971,-0.02141060405106453,0.06860004493070937,-0.0126027344597652,0.0797534976744077,3,0.3894971820253008,0.11343825916117777,-0.27605892286412304
tm291968,neto_1991,1718,0.9943301237455323,0.0028659573814350777,0.0024483902844131453,0.00035552858861943236,1,1819,0.9647767004512747,0.0002891705852180495,0.03263811772314498,0.0022960112403621687,1,-0.029553423294257586,-0.0025767867962170283,0.03018972743873184,0.0019404826517427363,0.04232569315944682,3,0.039977621821296806,0.1626003450236758,0.12262272320237899
tm291981,djavan da silva ferreira_1987,1718,0.0913912911847234,0.011450472313081063,0.8845908918595746,0.012567344642620784,3,1819,0.03455177752163291,0.0004970260929455465,0.9554964574649986,0.009454738920423028,3,-0.05683951366309049,-0.010953446220135516,0.07090556560542394,-0.0031126057221977557,0.09153309527913459,3,0.4333240256657328,0.20762681356709667,-0.22569721209863614
tm292733,icaro do carmo silva_1989,1718,0.02824514359936623,0.0011165698185781395,0.9662483945613444,0.004389892020711152,3,1819,0.020983677317619645,0.0004976428375594727,0.9766750664903507,0.001843613354470167,3,-0.0072614662817465855,-0.0006189269810186668,0.01042667192900637,-0.002546278666240985,0.012721141878145407,3,0.16534142155910758,0.11952424221028743,-0.04581717934882015
tm292775,ricardo valente_1991,1718,0.038478913974233975,0.9025497662429526,0.010322787923722517,0.048648531859091,2,1819,0.07899828781089134,0.8122959353844617,0.020864596803789152,0.08784118000085755,2,0.040519373836657366,-0.09025383085849092,0.010541808880066636,0.03919264814176655,0.09949222771257932,2,0.4121716375047642,0.6637815675617348,0.2516099300569706
tm29366,edinho_1982,1718,0.04268069096133588,0.40155991075223707,0.015920874574662777,0.5398385237117644,4,1819,0.0009979481539579686,0.9979029001695341,0.00031665144369094205,0.0007825002328169715,2,-0.04168274280737791,0.596342989417297,-0.015604223130971834,-0.5390560234789474,0.5980015918495749,2,0.8997148106327229,0.017139252863297674,-0.8825755577694252
tm294576,bruno gomes_1996,1718,0.03757995712156635,0.9025765273638603,0.01396648065460196,0.04587703485997147,2,1819,0.15570350712875247,0.6378787972766117,0.05410875176883226,0.1523089438258035,2,0.11812355000718612,-0.2646977300872486,0.0401422711142303,0.10643190896583204,0.29262512419450676,2,0.416861826557439,1.0208163313108283,0.6039545047533893
tm299400,pedro sa_1993,1718,0.850086592803744,0.01400743931095565,0.08677055560463766,0.04913541228066258,1,1819,0.9723746568724193,0.00019939405127749663,0.025665601686559375,0.001760347389743772,1,0.12228806406867532,-0.013808045259678154,-0.061104953918078284,-0.047375064890918805,0.13740032067243596,1,0.5580178378615065,0.13410656191688355,-0.42391127594462297
tm311867,jefferson de jesus santos_1993,1718,0.9104115647929439,0.00589102691347713,0.07401400003989267,0.009683408253686172,1,1819,0.8711282558903026,0.001355959649242185,0.10950679338147809,0.01800899107897718,1,-0.03928330890264131,-0.004535067264234945,0.03549279334158542,0.008325582825291009,0.05313646179997276,1,0.35329711550456383,0.44368359737995383,0.09038648187539
tm312123,lucas possignolo_1994,1718,0.024301366912182744,0.0014135521765257675,0.9717449099109176,0.002540171000374096,3,1819,0.002013511901149845,3.8635045038502806e-05,0.9977512657845028,0.00019658726930880263,3,-0.0222878550110329,-0.0013749171314872647,0.02600635587358524,-0.0023435837310652936,0.03427782700135531,3,0.14263977998592997,0.0168161732848761,-0.12582360670105386
tm325223,mama samba balde_1995,1718,0.15852369599275956,0.5607523245741056,0.09224093236891233,0.1884830470642226,2,1819,0.03508301170342563,0.9257380282647227,0.017189890022784184,0.021989070009067427,2,-0.12344068428933394,0.3649857036906171,-0.07505104234612814,-0.16649397705515517,0.3925364000874241,2,1.1507319032314935,0.342749946572956,-0.8079819566585376
tm332220,iago santos_1992,1718,0.014168245091829488,0.0006175810496431577,0.9841506217732893,0.001063552085238094,3,1819,0.001107700759139239,7.352637122299337e-06,0.9988259496251064,5.899697863192411e-05,3,-0.013060544332690249,-0.0006102284125208584,0.014675327851817133,-0.00100455510660617,0.019654908917111132,3,0.08787878102992278,0.009373209367704098,-0.07850557166221868
tm332615,nelson monte_1995,1718,0.07148750026063497,0.006534093710146805,0.8776785153274719,0.044299890701746406,3,1819,0.0073344025791147035,0.00027387203403843053,0.9904800144542386,0.0019117109326082643,3,-0.06415309768152026,-0.006260221676108374,0.11280149912676674,-0.04238817976913814,0.12991916149211652,3,0.4740595948271038,0.05973780621469374,-0.4143217886124101
tm335380,pedro nuno_1995,1718,0.024673635406027686,0.9219586911284102,0.013610748408863687,0.039756925056698145,2,1819,0.012749188303297384,0.9615229470540856,0.004458269638356173,0.021269595004260806,2,-0.011924447102730303,0.03956425592567536,-0.009152478770507514,-0.01848733005243734,0.04232364177741256,2,0.35295481909590054,0.1993734261085421,-0.15358139298735843
tm33648,fabio coentrao_1988,1718,0.008838090680426338,0.0036173642443697177,0.9861431334338461,0.0014014116413578832,3,1819,0.43972104815282087,0.005071769743970343,0.5358467286483346,0.019360453454874228,3,0.4308829574723945,0.0014544054996006254,-0.4502964047855115,0.017959041813516347,0.6232407965612262,3,0.08509747208590254,0.7987671905737016,0.713669718487799
tm33710,jose semedo_1985,1718,0.374764630203974,0.030052449132339176,0.518230352386125,0.07695256827756175,3,1819,0.9799006543931916,0.00027845221333344075,0.018476382183768444,0.0013445112097064335,1,0.6051360241892176,-0.029773996919005737,-0.49975397020235657,-0.07560805706785531,0.7853853381602461,1,1.0111446862760536,0.1048090902143021,-0.9063355960617515
tm34077,tarantini_1983,1718,0.9961636795709422,0.0016168202026012701,0.002002136736924296,0.00021736348953230484,1,1819,0.9948402083243503,0.0001285120325213037,0.004825286315329408,0.00020599332779893566,1,-0.001323471246591934,-0.0014883081700799664,0.002823149578405112,-1.1370161733369178e-05,0.003454969014583394,3,0.028494318773802048,0.03378378502889919,0.005289466255097144
tm341110,franco cervi_1994,1718,0.10131612648695813,0.744769429258527,0.03947948236235868,0.1144349618921562,2,1819,0.21325603458860384,0.37035244492446867,0.059236455619481945,0.3571550648674456,2,0.11193990810164571,-0.3744169843340583,0.019756973257123264,0.2427201029752894,0.3912913993124536,2,0.8270962546986748,1.232544276505048,0.4054480218063733
tm344395,jorge fernandes_1997,1718,0.010486998113561035,0.0003089037598643047,0.9883221453472986,0.000881952779276191,3,1819,0.010593956036443388,0.00015732996984400643,0.9871015934581364,0.00214712053557623,3,0.00010695792288235341,-0.00015157379002029827,-0.001220551889162147,0.0012651677563000389,0.0012345693683328252,3,0.06810495477506294,0.07555945017203308,0.007454495396970143
tm345345,xadas_1997,1718,0.004413818805767602,0.9846796323331389,0.0024252815990193854,0.008481267262074146,2,1819,0.10586959227716027,0.20994290216549358,0.0356859994980534,0.6485015060592928,4,0.10145577347139266,-0.7747367301676453,0.033260717899034016,0.6400202387972187,0.7820591732066651,2,0.0941979495204886,0.9652406331817783,0.8710426836612897
tm352811,aylton boa morte_1993,1718,0.026100630094590054,0.9394047578142757,0.017903299684465288,0.01659131240666895,2,1819,0.221122895131838,0.6071617406336288,0.04419674524834783,0.1275186189861853,2,0.19502226503724795,-0.33224301718064686,0.026293445563882543,0.11092730657951635,0.3861482249152248,2,0.29390526512563514,1.0371099533424677,0.7432046882168326
tm358165,yordan osorio_1994,1718,0.07342489600119757,0.005498463281814671,0.9092301823074399,0.011846458409547848,3,1819,0.06353419740155944,0.003195969096200234,0.9227272823083548,0.01054255119388533,3,-0.009890698599638134,-0.002302494185614437,0.013497100000914863,-0.0013039072156625173,0.016890799468893356,3,0.35942588070472903,0.3156754958067708,-0.04375038489795824
tm358177,andre pereira_1995,1718,0.03294914979977643,0.6850362513790675,0.009431030539032251,0.2725835682821237,2,1819,0.04534424729292889,0.19206564391989042,0.014007503296199519,0.7485826054909811,4,0.012395097493152457,-0.4929706074591771,0.004576472757167268,0.4759990372088574,0.4931476476304352,2,0.7698772742071918,0.7337198791178835,-0.036157395089308264
tm35871,fernando tissone_1986,1718,0.9037689898935622,0.00953662413676486,0.054538421593682745,0.03215596437599018,1,1819,0.9481234395817483,0.0005664362740505497,0.04921810824234444,0.0020920159018566935,1,0.044354449688186026,-0.00897018786271431,-0.005320313351338306,-0.030063948474133486,0.04556410003051351,1,0.4049841311213164,0.21586882022285692,-0.1891153108984595
tm364406,joao gamboa_1996,1718,0.9567518700274167,0.018109489890174527,0.022278480982058525,0.0028601591003502252,1,1819,0.9831985696421995,0.00020524406219174973,0.01598255636973429,0.0006136299258742136,1,0.026446699614782854,-0.01790424582798278,-0.006295924612324234,-0.0022465291744760115,0.03255193705307665,1,0.2164440233855255,0.08904872663392459,-0.12739529675160094
tm364857,falaye sacko_1995,1718,0.03519093411440038,0.00486007380021892,0.9134516727393526,0.04649731934602821,3,1819,0.00016406937048011103,1.9189601231401294e-06,0.9998137025705589,2.0309098837912e-05,3,-0.03502686474392027,-0.00485815484009578,0.08636202983120633,-0.046477010247190295,0.0933213968969893,3,0.3690316314261851,0.001860870074428817,-0.3671707613517563
tm366278,rodrigo pinho_1991,1718,0.06605738726945005,0.723236442352505,0.020615872333424642,0.19009029804462022,2,1819,0.0004039864670287787,0.9990914595954496,9.005799594451532e-05,0.0004144959415769385,2,-0.06565340080242128,0.2758550172429447,-0.020525814337480127,-0.18967580210304327,0.28430207285428893,2,0.8094586932970285,0.008132105162277548,-0.8013265881347509
tm375039,emmanuel hackman_1995,1718,0.013822718974384727,0.002999141016123853,0.9772852574848689,0.005892882524622651,3,1819,0.18720583007261504,0.00035932497643250457,0.8108749499026819,0.0015598950482704323,3,0.17338311109823032,-0.0026398160396913484,-0.166410307582187,-0.004332987476352219,0.24033531224608415,1,0.1293133686241393,0.49659679343335705,0.3672834248092177
tm375770,gabriel airton de souza_1996,1718,0.3639038406223948,0.2780542178006848,0.06623049795164088,0.2918114436252796,1,1819,0.6905412385264506,0.21293521545386748,0.04938512391696851,0.04713842210271354,1,0.32663739790405577,-0.0651190023468173,-0.016845374034672365,-0.24467302152256606,0.33349099058677023,1,1.2629494280984024,0.877602419173789,-0.3853470089246134
tm376306,wellington_1992,1718,0.006968782990540027,0.966382788357072,0.0028176028761895786,0.02383082577619823,2,1819,0.0021051966762773433,0.9951243168885683,0.0008248842419682437,0.0019456021931861368,2,-0.004863586314262684,0.028741528531496252,-0.001992718634221335,-0.021885223583012092,0.029218159793496054,2,0.17324991830932954,0.03584053906699004,-0.13740937924233948
tm377605,hamdou elhouni_1994,1718,0.1466489050921202,0.7811476210647361,0.033174679773298084,0.039028794069845545,2,1819,0.810128944129657,0.020827273958252013,0.13401483174885884,0.035028950163232236,1,0.6634800390375368,-0.7603203471064841,0.10084015197556076,-0.003999843906613308,1.0141309228476518,2,0.7140405535551613,0.637960870106272,-0.07607968344888927
tm37947,mateus galiano da costa_1984,1718,0.11971952948598917,0.8299088708360267,0.015443861849544969,0.034927737828439095,2,1819,0.755118936151416,0.19079468543227443,0.03166224547170264,0.022424132944606906,1,0.6353994066654268,-0.6391141854037523,0.016218383622157672,-0.01250360488383219,0.901366952989954,2,0.5904182772481974,0.7226364667875156,0.1322181895393182
tm38780,vitor gomes_1987,1718,0.9952535825584876,0.0036214431989630117,0.0009719254889082004,0.00015304875364116806,1,1819,0.9838996195875418,0.0020563502834124486,0.012630482737812481,0.001413547391233414,1,-0.011353962970945819,-0.001565092915550563,0.01165855724890428,0.001260498637592246,0.016348821000484834,3,0.03317683837973382,0.09318350002126978,0.06000666164153596
tm388236,rodrigo alves soares_1992,1718,0.012061760308674818,0.0034873445447989194,0.9810902672547512,0.003360627891775182,3,1819,0.3364321968307438,0.004956556532278857,0.5323738223891936,0.12623742424778372,3,0.324370436522069,0.0014692119874799379,-0.4487164448655576,0.12287679635600854,0.5536829296322641,3,0.11088965070189107,0.9896732431753259,0.8787835924734348
tm397090,davidson da luz pereira_1991,1718,0.03900164314678182,0.9152958582046296,0.01294493091967956,0.032757567728909,2,1819,0.059172928662240526,0.8824373632756812,0.010563802731420413,0.04782590533065767,2,0.020171285515458708,-0.03285849492894832,-0.0023811281882591476,0.015068337601748673,0.038629408742443874,2,0.3757961677910733,0.47113174297980714,0.09533557518873387
tm40858,nuno andre coelho_1986,1718,0.06112970953037151,0.01247557790517014,0.8874697954199053,0.038924917144552866,3,1819,0.026923024912031242,0.0006415442361628442,0.967460919564724,0.004974511287081837,3,-0.03420668461834027,-0.011834033669007296,0.07999112414481868,-0.03395040585747103,0.08779932555213388,3,0.4578372395645057,0.16042284250782332,-0.2974143970566824
tm411838,bruno viana_1995,1718,0.1830789581932742,0.14126270174205044,0.46683318972366067,0.20882515034101462,3,1819,0.0012436166430994326,2.2662502359287365e-05,0.998601654339789,0.0001320665147523866,3,-0.18183534155017475,-0.14124003923969114,0.5317684646161283,-0.20869308382626223,0.5794743653357693,3,1.2700081786628747,0.011138845016322538,-1.2588693336465522
tm419458,diga_1998,1718,0.05836451190801868,0.012831033637621145,0.9095101210518854,0.019294333402474727,3,1819,0.022746123626564235,0.00029122844851271756,0.9672673879136712,0.009695260011251757,3,-0.035618388281454444,-0.012539805189108428,0.05775726686178573,-0.00959907339122297,0.0690059285372842,3,0.38414609735399086,0.16556712314686278,-0.21857897420712807
tm435497,fabio china_1992,1718,0.0017409006138866927,0.0002046599521260692,0.9977809925032876,0.0002734469306995467,3,1819,0.0005597938357550118,6.01175804674936e-06,0.9993827582575647,5.143614863351008e-05,3,-0.001181106778131681,-0.00019864819407931983,0.0016017657542771735,-0.00022201078206603663,0.0020000319642282465,3,0.017258982645815067,0.00538896777077769,-0.011870014875037378
tm437566,claudio falcao_1994,1718,0.9362923620693016,0.0073601020210380735,0.037787311326151374,0.018560224583508943,1,1819,0.8732087858779048,0.001980620787212982,0.10534966148909608,0.019460931845785956,1,-0.0630835761913967,-0.005379481233825091,0.0675623501629447,0.0009007072622770132,0.0925912931272762,3,0.29556193872483877,0.4444678716880178,0.14890593296317906
tm438202,bruno tabata_1997,1718,0.024177260730148337,0.9281460442975427,0.009853545739568231,0.03782314923274073,2,1819,0.37398120320221945,0.4721340162653565,0.04557898898698023,0.10830579154544394,2,0.34980394247207114,-0.45601202803218616,0.035725443247411996,0.07048264231270321,0.5758351110988765,2,0.32859152348411325,1.1036658340062433,0.77507431052213
tm439022,marcao_1996,1718,0.023178882226608733,0.0020183778894852125,0.9711804008030054,0.0036223390809006738,3,1819,0.07707640815527186,0.0008860617371574924,0.9151570797969077,0.006880450310662924,3,0.053897525928663134,-0.00113231615232772,-0.05602332100609764,0.00325811122976225,0.07774855585573277,3,0.14854229789331497,0.31916715563732573,0.17062485774401076
tm442424,murilo oliveira de freitas_1996,1718,0.015000238979877347,0.9556484694051421,0.006037828738311426,0.023313462876668908,2,1819,0.4102572541295948,0.06849968598045411,0.1065983767363609,0.41464468315359027,4,0.39525701514971745,-0.8871487834246881,0.10056054799804948,0.39133122027692135,0.9764084676868775,2,0.22482990840398198,1.1528357849548911,0.9280058765509092
tm454121,galeno_1997,1718,0.03199109126788804,0.09763277579640757,0.042896533875655854,0.8274795990600486,4,1819,0.056622921875501955,0.5031566306481932,0.023637355149058712,0.4165830923272461,2,0.024631830607613918,0.4055238548517856,-0.019259178726597142,-0.41089650673280254,0.4067274762026255,2,0.6290497660000035,0.9614879740427992,0.33243820804279567
tm46110,ljubomir fejsa_1988,1718,0.881794312483873,0.0058217539378223665,0.08913742117022083,0.02324651240808369,1,1819,0.8606209997141405,0.0006101689096547965,0.12874872295736486,0.010020108418839704,1,-0.021173312769732444,-0.00521158502816757,0.03961130178714403,-0.013226403989243985,0.04521642424410554,3,0.44382681867728746,0.44374169297411886,-8.512570316859813e-05
tm48206,nuno pinto_1986,1718,0.07082293132384099,0.038841787937788336,0.710604224282822,0.17973105645554863,3,1819,0.11479308943766685,0.003343957883804107,0.8289650225368053,0.05289793014172371,3,0.04397015811382586,-0.03549783005398423,0.11836079825398327,-0.12683312631382493,0.1311592516996667,3,0.8649188676804398,0.5785291808868711,-0.2863896867935687
tm48703,mano_1987,1718,0.0007112055647800265,3.943659438593071e-05,0.9991735211473566,7.583669347745416e-05,3,1819,3.48391486708768e-40,3.315670768353497e-42,1.0,1.82880223027961e-41,3,-0.0007112055647800265,-3.943659438593071e-05,0.0008264788526434197,-7.583669347745416e-05,0.0010910709849581833,3,0.007100722181180755,8.289306334778563e-11,-0.007100722098287692
tm50143,jonas_1984,1718,0.0029162415956807725,0.014014099818341843,0.0019827529633194762,0.9810869056226578,4,1819,0.007053692128832514,0.36462714172612065,0.004142898245098167,0.6241762678999487,4,0.004137450533151742,0.3506130419077788,0.002160145281778691,-0.35691063772270903,0.3506441071519362,2,0.10790360333814543,0.7197281828993094,0.611824579561164
tm51058,lica_1988,1718,0.10042953287601519,0.6560216321390901,0.02155557395018826,0.22199326103470646,2,1819,0.009829948551811353,0.9442834501435298,0.004432015385858191,0.04145458591880066,2,-0.09059958432420384,0.2882618180044396,-0.01712355856433007,-0.1805386751159058,0.3026489330178602,2,0.9242057956661183,0.2555450057443127,-0.6686607899218056
tm512913,stephen eustaquio_1996,1718,0.9120543172832988,0.014825237356691667,0.06189596065637375,0.011224484703635875,1,1819,0.9533628022083956,0.00023478587000844595,0.04537163080286603,0.0010307811187298568,1,0.04130848492509687,-0.01459045148668322,-0.01652432985350772,-0.010193703584906018,0.04682227758770111,1,0.3690024414656657,0.19491204864392053,-0.17409039282174515
tm5404,jeremy mathieu_1983,1718,0.21369683774177103,0.029264651013673256,0.732094016000118,0.024944495244437696,3,1819,0.06775781028823456,0.0034676124552286956,0.9165175579743454,0.012257019282191244,3,-0.14593902745353649,-0.02579703855844456,0.1844235419742274,-0.012687475962246453,0.23659190553945325,3,0.7534942715533237,0.3358808259749946,-0.41761344557832913
tm55734,gevorg ghazaryan_1988,1718,0.5276670599720753,0.15835362773483608,0.12246911728120619,0.19151019501188227,1,1819,0.35476886451245243,0.2979297856561783,0.10494383697807183,0.24235751285329746,1,-0.17289819545962287,0.1395761579213422,-0.017525280303134355,0.05084731784141519,0.2228955479658148,1,1.2028691778196385,1.30848676291346,0.10561758509382146
tm56183,bruno moreira_1987,1718,0.03177012246810214,0.5841609619917104,0.01882579774599022,0.36524311779419716,2,1819,0.004560638453361287,0.9604419846309488,0.0015347544847546866,0.03346262243093518,2,-0.02720948401474085,0.37628102263923835,-0.017291043261235532,-0.331780495363262,0.37765956123980415,2,0.8662708903633827,0.18697595627594477,-0.6792949340874379
tm56331,bas dost_1989,1718,0.015448678671702843,0.06211015831848389,0.007294531284404013,0.9151466317254093,4,1819,0.003979116489664666,0.9528484163594068,0.003263397290445712,0.039909069860482926,2,-0.011469562182038177,0.8907382580409229,-0.004031133993958301,-0.8752375618649264,0.8908212195697308,2,0.35405975349586993,0.2152494894115172,-0.13881026408435274
tm57834,maxi pereira_1984,1718,0.018621844545477738,0.004351202563536893,0.971188318619565,0.005838634271420345,3,1819,0.0028161680202810255,4.5417049725123205e-05,0.996646605518623,0.000491809411370792,3,-0.015805676525196714,-0.0043057855138117695,0.025458286899058047,-0.005346824860049553,0.030273479666943746,3,0.15625961876327257,0.02408584105343475,-0.13217377770983782
tm58181,nelson lenho_1984,1718,0.004438649471613154,0.0013362738370096318,0.9923482597407022,0.001876816950675002,3,1819,0.018484490403713364,0.0008284652301979334,0.973229299002485,0.007457745363603699,3,0.01404584093210021,-0.0005078086068116983,-0.019118960738217172,0.005580928412928697,0.023729268357463182,3,0.052294630984230366,0.14258797643446142,0.09029334545023104
tm58965,ruben lima_1989,1718,0.0253247878518725,0.00377092929938261,0.9478469037305657,0.023057379118179108,3,1819,0.004097831808579579,4.678847462351173e-05,0.9952801655276848,0.0005752141891120294,3,-0.021226956043292923,-0.003724140824759098,0.04743326179711915,-0.02248216492906708,0.052099589369404536,3,0.25182647004019165,0.03199369295594157,-0.21983277708425009
tm60410,marcos acuna_1991,1718,0.08546171073513437,0.7997000625995753,0.0204017231737679,0.09443650349152231,2,1819,0.6990598630267192,0.00417654612969658,0.1971677386194934,0.09959585222409092,1,0.6135981522915848,-0.7955235164698787,0.1767660154457255,0.005159348732568611,1.0201012606446513,2,0.6912169835524691,0.823029493008834,0.1318125094563649
tm60517,yacine brahimi_1990,1718,0.059521514019832356,0.755996752259327,0.019281165673609598,0.16520056804723096,2,1819,0.025809622258911705,0.9595325248054976,0.00477638120578462,0.009881471729806147,2,-0.033711891760920654,0.2035357725461705,-0.014504784467824978,-0.15531909631742483,0.20681801450677487,2,0.7529945239643685,0.2051723928675685,-0.5478221310968
tm60799,wilson eduardo_1990,1718,0.03181849615337315,0.2594079929679117,0.018391861140165274,0.6903816497385498,4,1819,0.02906372565265133,0.7732621964475793,0.024911261153488285,0.17276281674628097,2,-0.0027547705007218183,0.5138542034796676,0.006519400013323011,-0.5176188329922689,0.5139029419752031,2,0.7890187375158905,0.6969958702438551,-0.09202286727203535
tm63837,andre andre_1989,1718,0.23093764327243216,0.2906986317338706,0.06878440230278632,0.4095793226909109,4,1819,0.9859970087685415,0.006640606858843071,0.004962553473490021,0.0023998308991256814,1,0.7550593654961093,-0.28405802487502757,-0.0638218488292963,-0.40717949179178525,0.8092446078333043,1,1.2473340705887115,0.08801128233271893,-1.1593227882559924
tm64339,pizzi_1989,1718,0.017385756293888197,0.9528708825380924,0.007207015393588539,0.022536345774430814,2,1819,0.054869411017932815,0.25328899621752693,0.02248713227377754,0.6693544604907627,4,0.03748365472404462,-0.6995818863205654,0.015280116880189,0.6468181147163319,0.7007519689670405,2,0.23747153973905094,0.8611385701289318,0.6236670303898808
tm66008,renan bardini bressan_1988,1718,0.08710870428367862,0.8943713496593226,0.011544266752423982,0.006975679304574854,2,1819,0.7549981301850238,0.02383542255046858,0.11314851725469845,0.10801793000980915,1,0.6678894259013453,-0.8705359271088541,0.10160425050227447,0.1010422507052343,1.1019221884226804,2,0.3985818400674299,0.7881938031099304,0.38961196304250045
tm67815,rafik halliche_1986,1718,0.212014853787507,0.013269322357604805,0.7369157981799183,0.03780002567497007,3,1819,0.026454727760208387,0.00023783633432420445,0.971933741481392,0.0013736944240753555,3,-0.18556012602729863,-0.013031486023280602,0.23501794330147374,-0.036426331250894714,0.2997262312059067,3,0.7349888032859394,0.13479819188283226,-0.6001906114031071
tm70359,david simao_1990,1718,0.3941546737232655,0.21379610019186374,0.3069808727437136,0.08506835334115706,1,1819,0.9121393773708905,0.004406321549469151,0.05563021502008423,0.027824086059556347,1,0.5179847036476249,-0.20938977864239458,-0.25135065772362936,-0.057244267281600716,0.6126413190039748,1,1.268961988456663,0.3681647183398832,-0.9007972701167798
tm72855,diogo viana_1990,1718,0.16108177395093004,0.6722515676535855,0.09153635277619643,0.07513030561928795,2,1819,0.6155756507647692,0.006804004007181188,0.31603441769674706,0.06158592753130255,1,0.4544938768138391,-0.6654475636464043,0.22449806492055063,-0.0135443780879854,0.8365312457865995,2,0.9744186873630021,0.8683305271673086,-0.10608816019569345
tm73852,fredy montero_1987,1718,0.07063051131544097,0.2331020253336875,0.04748812980888762,0.6487793335419839,4,1819,0.0010040802049802614,0.9899926302262059,0.0005439674997033468,0.008459322069110554,2,-0.06962643111046071,0.7568906048925184,-0.04694416230918427,-0.6403200114728733,0.7615346230202886,2,0.9520651355507042,0.061349775747069235,-0.8907153598036349
tm74550,jefferson nascimento_1988,1718,0.03737181657495829,0.021706460823148387,0.8994895994284288,0.04143212317346465,3,1819,0.01261955933347756,0.00042581799308629884,0.9775757114382946,0.009378911235141651,3,-0.02475225724148073,-0.021280642830062087,0.07808611200986582,-0.032053211938322994,0.08463439541124175,3,0.4331623660196613,0.1244479364696637,-0.3087144295499976
tm75116,lionn_1989,1718,0.06075654653862378,0.0610192779071851,0.7308777857927004,0.1473463897614908,3,1819,0.027931374106653577,0.00042679143027513,0.9597879719870408,0.011853862476030508,3,-0.0328251724319702,-0.06059248647690997,0.22891018619434045,-0.1354925272854603,0.23905818267980436,3,0.8521167843845443,0.19521570178640038,-0.656901082598144
tm75296,radosav petrovic_1989,1718,0.5552532266140382,0.02079722381447263,0.3856998461205321,0.03824970345095708,1,1819,0.4359169186211502,0.001100173600070985,0.53758680890901,0.025396098869768815,3,-0.11933630799288802,-0.019697050214401643,0.1518869627884779,-0.012853604581188265,0.1941617306722171,3,0.8995061063106575,0.7963833470267825,-0.10312275928387504
tm79128,bruno braga_1983,1718,0.17592928173395947,0.7783539832063848,0.02101827709980355,0.02469845795985217,2,1819,0.9419282056977075,0.0011889630712397018,0.04536260377066008,0.011520227460392812,1,0.765998923963748,-0.7771650201351451,0.02434432667085653,-0.013178230499459358,1.0914817755126918,2,0.6733323242508683,0.25609114047305626,-0.41724118377781205
tm80462,babanco_1985,1718,0.8139262349992151,0.06647641194601576,0.09370062837495463,0.025896724679814444,1,1819,0.9616505605180111,0.0024452086705378023,0.028438089577634836,0.007466141233816139,1,0.147724325518796,-0.06403120327547797,-0.0652625387973198,-0.018430583445998305,0.1737287262175155,1,0.6642546903208137,0.19011392505461713,-0.47414076526619664
tm83466,andre almeida_1990,1718,0.054446547440023904,0.045598814962166924,0.8869772269259802,0.012977410671828976,3,1819,0.07851925414593737,0.0013487996267842238,0.9052620669592792,0.01486987926799926,3,0.024072706705913466,-0.0442500153353827,0.018284840033299,0.0018924685961702846,0.0535900591562826,2,0.46203342312281565,0.36137900298139725,-0.1006544201414184
tm83485,nuno reis_1991,1718,0.3398573526607534,0.002578458274846227,0.6424661039363947,0.015098085128005643,3,1819,0.023291196408177568,0.0002918910269533639,0.970648615473779,0.005768297091090093,3,-0.31656615625257584,-0.002286567247892863,0.3281825115373843,-0.009329788036915549,0.45598587758097814,3,0.7297156641265203,0.14859728965493854,-0.5811183744715818
tm84491,ruben micael_1986,1718,0.36283515801240357,0.5773237579600596,0.03389377993952748,0.02594730408800923,2,1819,0.8905177742732502,0.005290343269168377,0.09015215268805335,0.014039729769528289,1,0.5276826162608466,-0.5720334146908913,0.05625837274852587,-0.01190757431848094,0.7802795496045793,2,0.8944644483957312,0.4078095913772288,-0.4866548570185025
tm84535,eduardo salvio_1990,1718,0.037322483396422995,0.6623447161580682,0.01512013064378758,0.2852126698017214,2,1819,0.08166543204984063,0.42110937220350236,0.03375615544687007,0.4634690402997868,4,0.04434294865341763,-0.24123534395456586,0.01863602480308249,0.17825637049806542,0.2459839216059018,2,0.8167723810532554,1.0395846755912497,0.22281229453799423
tm84711,joao aurelio_1988,1718,0.054885077536170036,0.036030215502921493,0.8764082176500013,0.03267648931090707,3,1819,0.18180524199711035,0.004236945963788983,0.7781630092887837,0.03579480275031715,3,0.12692016446094032,-0.03179326953913251,-0.09824520836121764,0.0031183134394100823,0.16362047885493777,1,0.5064555962661346,0.6474686414122385,0.1410130451461039
tm85588,bruno monteiro_1984,1718,0.9956520951987764,0.001317267852931706,0.002761526674459306,0.00026911027383249864,1,1819,0.9987258696464907,1.660218231096746e-05,0.0012002932087587126,5.7234962439321423e-05,1,0.0030737744477142837,-0.0013006656706207385,-0.0015612334657005933,-0.00021187531139317723,0.003684734790534596,1,0.031557844840946384,0.010087331603768627,-0.021470513237177757
tm86536,erdem sen_1989,1718,0.7739889897545669,0.008554274057147038,0.19264630090314674,0.02481043528513948,1,1819,0.6721290368459923,0.0015756438081146174,0.2846726419733288,0.0416226773725641,1,-0.10185995290857452,-0.00697863024903242,0.09202634107018207,0.01681224208742462,0.137451805144404,1,0.6480044459599698,0.7671981205159143,0.11919367455594454
tm86804,andre claro_1991,1718,0.26912148973937167,0.6833444372742091,0.03509466131541024,0.012439411671008895,2,1819,0.44435994613469115,0.39488044300625286,0.0876086084498495,0.07315100240920656,1,0.1752384563953195,-0.28846399426795627,0.05251394713443926,0.060711590738197665,0.34158118688311345,2,0.7855615569662354,1.1319640967487792,0.34640253978254376
tm87854,fredy_1990,1718,0.09164826158032581,0.7840924611243951,0.028627400534924897,0.09563187676035426,2,1819,0.36922510091559074,0.46465801560964104,0.043297077449342386,0.12281980602542593,2,0.27757683933526495,-0.3194344455147541,0.01466967691441749,0.027187929265071673,0.4234412192234564,2,0.7359304464175292,1.1175120067632731,0.38158156034574386
tm89297,rodrigo battaglia_1991,1718,0.9491189225946717,0.027785391328702686,0.015013971720748576,0.008081714355877163,1,1819,0.959099637183948,0.003427565917824833,0.026216812775370555,0.011255984122856654,1,0.009980714589276296,-0.024357825410877852,0.011202841054621979,0.0031742697669794907,0.028608075261270606,2,0.2511051636765024,0.20547551728075011,-0.04562964639575226
tm96140,jorge correa_1993,1718,0.16665880436559738,0.7402044437690072,0.06039446015023364,0.03274229171516179,2,1819,0.7587045489343734,0.08069809977557141,0.1309893321264893,0.029608019163565834,1,0.5920457445687761,-0.6595063439934358,0.07059487197625566,-0.003134272551595957,0.8890727851975498,2,0.8027626433937676,0.7830969136775427,-0.019665729716224822
tm9819,ricardo costa_1981,1718,0.03849603721414717,0.002285425632773124,0.9557747600111606,0.003443777141919211,3,1819,0.007044998425636044,0.00015165387933735604,0.9923853558698917,0.00041799182513469683,3,-0.031451038788511125,-0.0021337717534357682,0.036610595858731165,-0.003025785316784514,0.048312074597387504,3,0.20205029074841888,0.04708225451441446,-0.1549680362340044
carlos_1995,carlos_1995,1819,0.16389687650443516,0.10999709753714243,0.05503294372653586,0.6710730822318864,4,1920,0.04445944119461771,0.8845627255023519,0.012467992500240646,0.05850984080278963,2,-0.11943743530981744,0.7745656279652096,-0.042564951226295215,-0.6125632414290968,0.7848751416954312,2,0.9664687493334359,0.4676630073840985,-0.49880574194933736
diederrick joel_1993,diederrick joel_1993,1819,0.007661268438574875,0.9757286394289401,0.002334333237420238,0.014275758895064756,2,1920,0.12504809756564533,0.4709879767875571,0.03792452072359098,0.36603940492320663,2,0.11738682912707046,-0.504740662641383,0.035590187486170745,0.35176364602814186,0.5194318681227319,2,0.136103436048588,1.1065694794918475,0.9704660434432595
francisco reis ferreira_1997,francisco reis ferreira_1997,1819,0.1895149812887359,0.016736019243390483,0.5032028169811303,0.2905461824867433,3,1920,0.0015482155966358247,0.00018351593995055002,0.9977333736425662,0.000534894820847393,3,-0.18796676569210008,-0.016552503303439933,0.49453055666143586,-0.2900112876658959,0.5293070581828934,3,1.0883649081107136,0.017890444592913567,-1.0704744635178
hildeberto pereira_1996,hildeberto pereira_1996,1819,0.04479332161996741,0.9297020026544722,0.007582164861335213,0.017922510864225194,2,1920,0.04132127237425654,0.9041120198511329,0.009269263492462685,0.045297444282148054,2,-0.003472049245710866,-0.02558998280333935,0.001687098631127472,0.02737493341792286,0.025879502461040423,2,0.3159762388431195,0.40636454710782705,0.09038830826470756
mamadu cande_1990,mamadu cande_1990,1819,0.2577329756068047,0.0007721972298167189,0.7385525974452594,0.002942229718119242,3,1920,0.03158510076174708,0.004946388079378879,0.9590738907487448,0.004394620410129115,3,-0.2261478748450576,0.00417419084956216,0.22052129330348547,0.001452390692009873,0.315895435178203,1,0.5959531640812744,0.19931780457049394,-0.39663535951078044
pedrao_1992,pedrao_1992,1819,0.011760385200764827,0.00023716391512832604,0.9872919376517291,0.0007105132323776663,3,1920,3.098429755730713e-06,2.109814099769242e-07,0.9999961696362177,5.209526164602847e-07,3,-0.011757286771009096,-0.00023695293371834913,0.012704231984488668,-0.0007099922797612061,0.01731148316073028,3,0.07200901272393637,5.391278277677716e-05,-0.07195509994115959
pedro rodrigues_1997,pedro rodrigues_1997,1819,0.9540204709262773,0.0019690726198960894,0.03949086455456182,0.004519591899264877,1,1920,0.14465662785018363,0.7482582773514734,0.05187689549888917,0.055208199299453795,2,-0.8093638430760937,0.7462892047315773,0.012386030944327352,0.05068860740018892,1.1009862948013238,1,0.209198442999529,0.8100943077525408,0.6008958647530118
tm102427,sebastian coates_1990,1819,0.00533915185975715,6.034803581174878e-05,0.9943051660613117,0.0002953340431194639,3,1920,0.018747975912948914,0.007800070904922138,0.9660602828472458,0.007391670334883336,3,0.013408824053191763,0.00773972286911039,-0.02824488321406593,0.007096336291763872,0.032209832355296536,3,0.036603309023051867,0.1820441335867948,0.14544082456374294
tm103381,tiquinho soares_1991,1819,0.0018497322418825717,0.9840785825396248,0.0006060646149901995,0.013465620603502645,2,1920,0.056900324758018525,0.43730087331585066,0.013148789960959181,0.4926500119651715,4,0.055050592516135956,-0.5467777092237741,0.012542725345968982,0.47918439136166885,0.5496851380558512,2,0.08992859007150962,0.930536190505699,0.8406076004341894
tm104466,stefan ristovski_1992,1819,0.006079172823534021,0.0002684936702308742,0.9915694128477224,0.002082920658512795,3,1920,0.1416143422561704,0.07302242535734461,0.7186643863039843,0.06669884608250057,3,0.13553516943263638,0.07275393168711373,-0.27290502654373805,0.06461592542398778,0.31327315595483923,3,0.054483936899495954,0.8859152101119211,0.8314312732124252
tm109256,haris seferovic_1992,1819,0.0031416704607114747,0.06252785692464455,0.003313718955546103,0.931016753659098,4,1920,0.018966107806671295,0.1270214414995169,0.019609664458368946,0.8344027862354428,4,0.01582443734595982,0.06449358457487236,0.01629594550282284,-0.09661396742365513,0.0683768462892476,2,0.27690912689464114,0.5654579453926795,0.2885488184980383
tm111200,fabio pacheco_1988,1819,0.9098367163662247,0.0007042601132648609,0.0790469279917956,0.010412095528714922,1,1920,0.7245281081463881,0.03947808848439939,0.14442878664901843,0.09156501672019414,1,-0.18530860821983652,0.03877382837113453,0.06538185865722282,0.08115292119147921,0.20029347839707642,1,0.33920982528162086,0.8594318879586463,0.5202220626770255
tm111811,florent hanin_1990,1819,0.11818220013240872,0.02171488683559471,0.527263597176541,0.33283931585545545,3,1920,0.010406506610813888,0.025349216307162532,0.9516374015292224,0.012606875552801194,3,-0.10777569352159483,0.0036343294715678216,0.42437380435268135,-0.32023244030265424,0.43786063340466735,3,1.0391766578381962,0.24297777274337878,-0.7961988850948174
tm111828,fransergio_1990,1819,0.7041936017327074,0.22569115543553572,0.041978074023225787,0.028137168808531014,1,1920,0.5523200429241854,0.4258901823578091,0.006662919955162396,0.015126854762843166,1,-0.15187355880852205,0.2001990269222734,-0.03531515406806339,-0.013010314045687848,0.2537565533195977,2,0.8164875539066405,0.7881912569127133,-0.028296296993927217
tm112465,sergio oliveira_1992,1819,0.7480003392882196,0.061328238109739815,0.07361379315679464,0.11705762944524593,1,1920,0.09980050393366435,0.5312771027524592,0.024776584624245722,0.34414580868963074,2,-0.6481998353545553,0.4699488646427194,-0.04883720853254892,0.2270881792443848,0.8021222069422497,1,0.8315337004567358,1.0247331873115422,0.19319948685480637
tm113025,ze manuel_1990,1819,0.06850580385892346,0.8821849950999162,0.018083995871479987,0.031225205169680182,2,1920,0.044407957506603736,0.9287901041685015,0.005925710896552779,0.020876227428342015,2,-0.024097846352319728,0.04660510906858528,-0.012158284974927209,-0.010348977741338167,0.053856905626356595,2,0.47504711247217607,0.3180762512431396,-0.15697086122903647
tm118323,ricardo alves_1991,1819,0.0008831815786621516,1.308263593231942e-05,0.9990137636114387,8.997217396684e-05,3,1920,0.002969277108461787,0.000331764884844004,0.9956130259257845,0.0010859320809097777,3,0.002086095529799635,0.0003186822489116846,-0.003400737685654187,0.0009959599069429377,0.004002295559032344,3,0.008181550646340983,0.03172648416262307,0.023544933516282084
tm122946,jardel_1986,1819,0.07490373754367101,0.003554959591008134,0.9134615807036117,0.008079722161709045,3,1920,0.00784990100205541,0.0003883067719721803,0.9907756759292737,0.000986116296698621,3,-0.06705383654161559,-0.0031666528190359535,0.07731409522566202,-0.007093605865010424,0.10239000930554087,3,0.3357771144689772,0.057107403022383256,-0.2786697114465939
tm124548,bebeto_1990,1819,0.03673246612307241,0.0007242223664081356,0.9394339814716283,0.02310933003889114,3,1920,0.13797753802104568,0.0488688130164668,0.2317953248648067,0.5813583240976808,4,0.10124507189797327,0.04814459065005866,-0.7076386566068216,0.5582489940587897,0.716464189277311,3,0.27236249870528295,1.074986837653864,0.8026243389485811
tm124550,ola john_1992,1819,0.5608697874348244,0.159473270341655,0.15941290640425326,0.12024403581926742,1,1920,0.17128976800151535,0.5735691148774325,0.035896829514143594,0.21924428760690873,2,-0.38958001943330905,0.4140958445357774,-0.12351607689010967,0.09900025178764131,0.5818111216312212,2,1.1645337478238462,1.0732080492796607,-0.09132569854418549
tm125165,jesus corona_1993,1819,0.5636503214136045,0.06163410957842797,0.16517648960266973,0.20953907940529778,1,1920,0.15378239961824722,0.4708107909427592,0.13460992687741438,0.24079688256157927,2,-0.40986792179535725,0.4091766813643312,-0.030566562725255347,0.03125780315628149,0.5799582611240308,1,1.119815731320094,1.2553654898057935,0.1355497584856995
tm126956,edgar costa_1987,1819,0.20034362579371842,0.5212053072956349,0.06032709411971354,0.21812397279093315,2,1920,0.2121004042907667,0.7721140209134542,0.00463412110977334,0.011151453686005723,2,0.011756778497048287,0.2509087136178193,-0.0556929730099402,-0.20697251910492742,0.2572841068792696,2,1.1632524192621754,0.6036338244625756,-0.5596185947995997
tm127031,pierre sagna_1990,1819,0.06689510877293821,0.00017426009624842611,0.9310521646660405,0.0018784664647728962,3,1920,0.0010293965608208296,0.00024448082124186384,0.998231838461529,0.0004942841564084067,3,-0.06586571221211737,7.022072499343772e-05,0.0671796737954885,-0.0013841823083644896,0.09408190871484236,3,0.2607407318579826,0.014643475056752266,-0.24609725680123032
tm127769,nwankwo obiora_1991,1819,0.9202354366229881,0.00784463993715058,0.05325314326566762,0.018666780174193577,1,1920,0.9966541700549222,0.00016843656405674855,0.0029440049555177275,0.00023338842550343423,1,0.07641873343193406,-0.007676203373093831,-0.050309138310149895,-0.01843339174869014,0.09181370439687032,1,0.3450135143155357,0.023913160678979455,-0.3211003536365562
tm130940,idrissa mandiang_1984,1819,0.908997504425605,0.0003533589994027848,0.08624964631347713,0.004399490261514997,1,1920,0.040609555954765994,0.0011820686435593734,0.9525586149401117,0.005649760461562781,3,-0.868387948470839,0.0008287096441565887,0.8663089686266346,0.0012502702000477843,1.2266171142341078,1,0.32476699148119936,0.2136124371584772,-0.11115455432272217
tm131933,diego lopes_1994,1819,0.7621273159036565,0.09322850320160397,0.08184934033098634,0.06279484056375323,1,1920,0.006803346722491669,0.9859685573152904,0.0012014528702021313,0.0060266430920157925,2,-0.7553239691811647,0.8927400541136865,-0.08064788746078422,-0.05676819747173743,1.1721788192892688,2,0.8068963636391902,0.08676797237974353,-0.7201283912594466
tm132214,joao carlos teixeira_1993,1819,0.9763839349915241,0.0011576222118494365,0.01916134875524683,0.0032970940413797863,1,1920,0.03196307319944423,0.8408841078468399,0.0037775461780712046,0.12337527277564476,2,-0.9444208617920798,0.8397264856349904,-0.015383802577175624,0.12007817873426498,1.2638465081831416,1,0.1257845189905654,0.535020355587295,0.4092358365967296
tm137192,zainadine junior_1988,1819,0.03228372895890554,0.000627540966763571,0.9651877530079666,0.0019009770663642944,3,1920,0.02161682588389446,0.004193500216493193,0.9678662012840729,0.006323472615539465,3,-0.010666903075011083,0.0035659592497296225,0.0026784482761063044,0.004422495549175171,0.011561702804958706,1,0.1615730391354666,0.1694718823690588,0.00789884323359219
tm137313,jonathan buatu_1993,1819,0.008535711617148008,0.00017468733611233938,0.9907418907820388,0.0005477102647007374,3,1920,0.007280011591970317,0.0006829818245696421,0.9906346273711166,0.0014023792123435826,3,-0.0012557000251776909,0.0005082944884573027,-0.00010726341092215375,0.0008546689476428452,0.0013589154791781495,1,0.05549961220610595,0.05934946412088569,0.0038498519147797394
tm139395,ricardo esgaio_1993,1819,0.21237640687270706,0.006482593828212376,0.7526660849145081,0.028474914384572524,3,1920,0.0948125417858893,0.25483103797756795,0.47171447174763137,0.17864194848891132,3,-0.11756386508681776,0.24834844414935558,-0.2809516131668768,0.1501670341043388,0.39297839765899023,3,0.6769106839398593,1.2338832115400973,0.556972527600238
tm140032,andreas samaris_1989,1819,0.9945880466919081,0.00033129443817143283,0.003833151659964267,0.001247507209956274,1,1920,0.9954735602717534,0.0027907809286354408,0.0010223457203527631,0.0007133130792584198,1,0.0008855135798452318,0.002459486490464008,-0.002810805939611504,-0.0005341941306978542,0.0038384682006004154,3,0.03772128772755354,0.033137867953209145,-0.0045834197743443925
tm141050,danilo pereira_1991,1819,0.9944047350382752,0.0004494600519569724,0.004685359527261975,0.0004604453825060257,1,1920,0.8673505115101406,0.07774282003189334,0.048335703775839074,0.006570964682126957,1,-0.12705422352813456,0.07729335997993636,0.0436503442485771,0.006110519299620931,0.15499158611468075,1,0.03771057460063217,0.5014736080489764,0.4637630334483443
tm14132,pepe_1983,1819,0.09630598235829979,0.009381088358418853,0.8748567946297683,0.019456134653513184,3,1920,0.00690100105796301,0.0011467566058324674,0.9902789587783126,0.0016732835578920525,3,-0.08940498130033678,-0.008234331752586385,0.11542216414854434,-0.01778285109562113,0.14623040339634824,3,0.4627918006099392,0.06247535918792981,-0.4003164414220094
tm148489,mikel agu_1993,1819,0.9705030973242132,0.0011411044868765456,0.02537904979317879,0.0029767483957313916,1,1920,0.5763250450689104,0.03676641890074181,0.12206656597336427,0.26484197005698357,1,-0.3941780522553029,0.03562531441386527,0.09668751618018548,0.2618652216612522,0.4074235826409226,1,0.14734324075422317,1.04765283724419,0.9003095964899668
tm149928,jubal_1993,1819,0.0342900941541174,0.000282247139627079,0.9628719770179978,0.0025556816882577505,3,1920,0.018452642618835616,0.004754034914098312,0.968483372152059,0.008309950315007078,3,-0.015837451535281783,0.0044717877744712324,0.005611395134061281,0.005754268626749328,0.017387050134593744,1,0.16964981010716812,0.16992310110101574,0.0002732909938476247
tm154990,rene santos_1992,1819,0.9635693010549574,0.00040487353575617476,0.03227974693149445,0.003746078477792131,1,1920,0.22974857299411094,0.012510762433005652,0.749008954205145,0.008731710367738395,3,-0.7338207280608464,0.012105888897249477,0.7167292072736505,0.004985631889946265,1.0258363271189312,1,0.17067779855076887,0.6505810527154915,0.4799032541647226
tm155025,fabio cardoso_1994,1819,0.056867120931997216,0.004446210703713435,0.9307984364403451,0.00788823192394422,3,1920,0.0016551481426045885,0.00016747965078563038,0.9979733975896634,0.00020397461694644017,3,-0.055211972789392626,-0.0042787310529278045,0.06717496114931831,-0.00768425730699778,0.08705828440839128,3,0.29206730102652895,0.01581334642448675,-0.2762539546020422
tm157036,dyego sousa_1989,1819,0.0028174863884909015,0.9568108013229363,0.0013335312168173726,0.039038181071755704,2,1920,0.011313379103411358,0.014765853885322224,0.0056434944862119064,0.9682772725250545,4,0.008495892714920456,-0.942044947437614,0.004309963269394534,0.9292390914532987,0.9420931158697339,2,0.19422394269886245,0.17338044251068807,-0.02084350018817438
tm157387,anthony d alberto_1994,1819,0.0010764473987256585,1.3441935719624616e-05,0.9987264503943168,0.00018366027123796092,3,1920,0.004737778706153075,0.0007964634937335491,0.9894605357790923,0.005005222021021016,3,0.0036613313074274163,0.0007830215580139245,-0.009265914615224524,0.0048215617497830545,0.009993780233710073,3,0.010359979009480288,0.06803826422991228,0.057678285220431995
tm158382,rafael costa_1991,1819,0.7527210641137713,0.06189950131207939,0.12163607240359178,0.0637433621705576,1,1920,0.8544300772566646,0.13703126872998522,0.004990818839820908,0.00354783517352917,1,0.10170901314289338,0.07513176741790584,-0.11664525356377087,-0.060195526997028424,0.17203377868545455,3,0.817769657688179,0.4532423639382419,-0.3645272937499371
tm164705,raul silva_1989,1819,0.08336722875031097,0.0011285294262394288,0.9118712690924019,0.0036329727310476217,3,1920,0.12787396055791767,0.11006458248070969,0.4717284358910942,0.29033302107027853,3,0.0445067318076067,0.10893605305447027,-0.4401428332013077,0.2867000483392309,0.4556024873173486,3,0.31932000008889944,1.2193744690002575,0.9000544689113581
tm166230,josip vukovic_1992,1819,0.9656889983260375,0.00012166038779994371,0.033383385851629234,0.0008059554345333514,1,1920,0.9646586449245832,0.0026728609822673256,0.030196797739107988,0.0024716963540415238,1,-0.001030353401454298,0.002551200594467382,-0.0031865881125212464,0.0016657409195081725,0.004210058954926983,3,0.15404681329346226,0.1710716090760038,0.01702479578254154
tm167291,gabriel_1993,1819,0.9290808697425583,0.0010926866666372964,0.05410345743816652,0.015722986152637897,1,1920,0.6415981891028505,0.27809245381998515,0.03411687460143658,0.046192482475727874,1,-0.28748268063970783,0.27699976715334784,-0.019986582836729938,0.030469496323089977,0.3997181834296391,1,0.2988977022663927,0.8979245709940811,0.5990268687276884
tm169681,frederico venancio_1993,1819,0.028604837879434592,0.0016673271483895744,0.9633382931128733,0.006389541859302616,3,1920,6.390643937918114e-05,3.221827195633231e-06,0.9999209951130665,1.1876620358607914e-05,3,-0.02854093144005541,-0.0016641053211939412,0.0365827020001932,-0.006377665238944008,0.046428957554751425,3,0.18060008718023743,0.0008716497759705621,-0.17972843740426686
tm175597,ruben ferreira_1990,1819,0.01269026060425892,0.00017676406291313061,0.9835617187786561,0.0035712565541719293,3,1920,0.034089956623636064,0.029959599975593543,0.8320470562152708,0.1039033871854995,3,0.02139969601937714,0.029782835912680414,-0.1515146625633853,0.10033213063132758,0.1558898883071635,3,0.09337060052042973,0.608530161629001,0.5151595611085713
tm176997,anderson carvalho_1990,1819,0.9224452677682488,0.0008557228945827379,0.06497307022502069,0.011725939112147973,1,1920,0.8862146098171825,0.011469547165583686,0.07437029135832088,0.027945551658912913,1,-0.03623065795106628,0.010613824271000948,0.009397221133300188,0.01621961254676494,0.03890529020905762,1,0.31026610620676426,0.4515390376252938,0.14127293141852953
tm177184,nuno valente_1991,1819,0.6407416623863529,0.08211748920755278,0.23832350059927945,0.03881734780681489,1,1920,0.7062122440728891,0.23633623129433415,0.028759049823465336,0.028692474809311436,1,0.06547058168653619,0.15421874208678138,-0.20956445077581412,-0.010124872997503451,0.2683040747103391,3,0.9583730863314992,0.7905140738987348,-0.16785901243276435
tm177859,tiago ilori_1993,1819,0.023881035462478724,0.00038650763027841357,0.9688867310978543,0.006845725809388589,3,1920,0.00025120735244546423,1.4917664456498593e-05,0.999699621154409,3.425382868906728e-05,3,-0.02362982811003326,-0.000371589965821915,0.030812890056554743,-0.006811471980699521,0.03883221664095095,3,0.15696926203088898,0.0029006171998237976,-0.1540686448310652
tm177964,yusupha njie_1994,1819,0.0007202792156244333,0.9927245527867737,0.0002658505869680203,0.0062893174106339,2,1920,0.2087409110719718,0.5306133435171871,0.013610160857186982,0.24703558455365401,2,0.20802063185634737,-0.4621112092695866,0.013344310270218962,0.2407462671430201,0.5069491331752146,2,0.04652933807294217,1.067180358285722,1.0206510202127799
tm178078,mato milos_1993,1819,0.1684208986668822,0.0012208573106366372,0.8163362882720004,0.014021955750480848,3,1920,0.003348485300412492,0.0009374550546076525,0.9945620606204749,0.0011519990245048776,3,-0.16507241336646972,-0.00028340225602898467,0.17822577234847448,-0.01286995672597597,0.2429267541887464,3,0.5336878040384978,0.03883795030395864,-0.49484985373453916
tm181686,matija ljujic_1993,1819,0.8063068355022864,0.009867635256438304,0.1721301488476841,0.011695380393591179,1,1920,0.2393869093592823,0.49486044965451914,0.06964580173931681,0.19610683924688174,2,-0.5669199261430041,0.48499281439808084,-0.10248434710836729,0.18441145885329058,0.7530732195995213,1,0.5740555377480393,1.195405851024145,0.6213503132761057
tm182462,welthon_1992,1819,0.04056249476876169,0.904906787665639,0.009867595367115086,0.04466312219848411,2,1920,0.2553101623063618,0.323242660407334,0.03236629092230642,0.38908088636399774,4,0.21474766753760008,-0.581664127258305,0.02249869555519133,0.3444177641655136,0.6204481517046291,2,0.404834088976471,1.1919405460832087,0.7871064571067377
tm182936,filipe ferreira_1990,1819,0.008127504896974449,0.00020893515987057765,0.9889837277769402,0.0026798321662146623,3,1920,0.000993769596666741,0.00027978067576369677,0.998155285523758,0.0005711642038113815,3,-0.007133735300307708,7.084551589311912e-05,0.009171557746817771,-0.002108667962403281,0.011619495252599896,3,0.06770937529216756,0.015268326306413282,-0.052441048985754274
tm183945,eber bessa_1992,1819,0.32239842146686315,0.05837836605117995,0.053373470732634,0.5658497417493229,4,1920,0.0993311351068074,0.7817159675564708,0.007110021790555195,0.11184287554616652,2,-0.22306728636005574,0.7233376015052908,-0.0462634489420788,-0.4540068662031564,0.7583644286907728,2,1.0094040555884918,0.7020710633392073,-0.30733299224928445
tm188911,shoya nakajima_1994,1819,0.0165727012795917,0.7303629166439657,0.008262388861889404,0.2448019932145532,2,1920,0.46318428072434864,0.4840974695455047,0.020266063104828147,0.03245218662531845,2,0.44661157944475693,-0.246265447098461,0.012003674242938743,-0.21234980658923475,0.5101496462059696,1,0.6815760726582911,0.897937532314328,0.21636145965603693
tm190543,dener_1992,1819,0.8806893143218107,0.03941311064799514,0.06157867621082061,0.018318898819373285,1,1920,0.1563029059648534,0.7887509608793746,0.015667122603897785,0.039279010551874285,2,-0.7243864083569573,0.7493378502313794,-0.045911553606922825,0.020960111732501,1.0432405059027756,2,0.4842595494975807,0.6695303851222083,0.1852708356246276
tm193082,alex grimaldo_1995,1819,0.12484546761114897,0.00752629278791855,0.76845048846252,0.09917775113841265,3,1920,0.12277520760226762,0.1463766369310057,0.4384940528924259,0.29235410257430067,3,-0.0020702600088813444,0.13885034414308714,-0.3299564355700941,0.19317635143588802,0.3579873648877565,3,0.7281398908078358,1.259814500588916,0.5316746097810803
tm193303,nuno sequeira_1990,1819,0.09287132330855973,0.003619173282695155,0.8433126317988596,0.06019687160988535,3,1920,0.1518445212459075,0.18927526967043026,0.230082235774384,0.42879797330927827,4,0.058973197937347774,0.18565609638773511,-0.6132303960244756,0.3686011016993929,0.6434264082311394,3,0.553934254215738,1.3024272366405916,0.7484929824248535
tm194214,goncalo silva_1991,1819,0.0026727231551666297,2.9648950359624443e-05,0.9968417042274215,0.0004559236670522114,3,1920,0.0005986858999297273,0.00010955748931702208,0.9988793315492784,0.0004124250614749092,3,-0.0020740372552369023,7.990853895739763e-05,0.002037627321856972,-4.349860557730217e-05,0.0029085977744416546,1,0.022804899796347953,0.009776030738889396,-0.013028869057458557
tm195308,luis machado_1992,1819,0.9758470784730717,0.005395934857222816,0.01332678116524665,0.005430205504458698,1,1920,0.057338797062143385,0.9344253265969542,0.0038364242647869213,0.004399452076115296,2,-0.9185082814109283,0.9290293917397314,-0.00949035690045973,-0.0010307534283434021,1.3064620701003342,2,0.1379045426918069,0.2725104238602505,0.13460588116844358
tm197734,alhassane keita_1992,1819,0.0051491095570956255,0.9777610349461816,0.0028724093895582904,0.014217446107164383,2,1920,0.3041662071146936,0.26209901950725534,0.11651878758693547,0.3172159857911156,4,0.299017097557598,-0.7156620154389263,0.11364637819737718,0.3029985396839512,0.7838997667120825,2,0.12640206281685143,1.3276714472707822,1.2012693844539308
tm198006,rafa soares_1995,1819,0.012454836555917306,0.00037114321267423233,0.9826343441765016,0.004539676054906883,3,1920,0.10557764854552487,0.293613167070118,0.2395257111042076,0.36128347328014954,4,0.09312281198960756,0.29324202385744375,-0.743108633072294,0.35674379722524263,0.8042842676662492,3,0.09925922775330212,1.3073165942152856,1.2080573664619834
tm198007,francisco ramos_1995,1819,0.8837167934092979,0.005340835269982623,0.09352572580561282,0.017416645515106816,1,1920,0.9852475829557065,0.0033098075804408548,0.01048510167520309,0.0009575077886494402,1,0.1015307895464086,-0.002031027689541768,-0.08304062413040973,-0.016459137726457376,0.13118068285902762,1,0.42934321136514264,0.08798972744596519,-0.34135348391917747
tm198053,lazar rosic_1993,1819,0.01496904344479388,0.0005191575543420037,0.9825051289248793,0.00200667007598473,3,1920,0.04912569680523196,0.012762391400347201,0.8970793830759712,0.04103252871844964,3,0.03415665336043808,0.012243233846005197,-0.08542574584890805,0.03902585864246491,0.09281234722619251,3,0.09662796072431373,0.4321595543607176,0.3355315936364039
tm210146,douglas grolli_1989,1819,0.0005544396120949981,1.0059083021267813e-05,0.9993794400317855,5.6061273098157936e-05,3,1920,0.00015654999433511698,1.0328751301048272e-05,0.9997860093219282,4.711193243576135e-05,3,-0.0003978896177598811,2.6966827978045866e-07,0.0004065692901427109,-8.949340662396585e-06,0.000568871521812468,3,0.005441845249931422,0.002173635475605505,-0.0032682097743259165
tm211072,paulinho_1992,1819,0.004427303342420324,0.9665502585151493,0.001911082234814143,0.02711135590761602,2,1920,0.013478582825337811,0.064866781562421,0.007332630473005609,0.9143220051392356,4,0.009051279482917486,-0.9016834769527283,0.0054215482381914665,0.8872106492316195,0.9017452031783358,2,0.16665574082042817,0.3534264933394328,0.18677075251900466
tm211107,joao afonso_1990,1819,0.015010764810960768,0.00034088446670559156,0.9780692493186056,0.006579101403728092,3,1920,0.007208892979373159,0.0013326167024914027,0.9880467459207776,0.003411744397357717,3,-0.00780187183158761,0.0009917322357858112,0.009977496602171954,-0.003167357006370375,0.01270445494109723,3,0.12049258646436348,0.07564221709819954,-0.044850369366163934
tm212899,filipe augusto_1993,1819,0.9974731126434182,3.10575367985829e-05,0.0023291405924311813,0.00016668922735203263,1,1920,0.8536122300081342,0.058466962342244924,0.03972705937001596,0.04819374827960492,1,-0.14386088263528396,0.05843590480544634,0.03739791877758478,0.048027059052252886,0.1597163512353352,1,0.0184159982211953,0.5754103848867206,0.5569943866655253
tm216118,eduardo henrique_1995,1819,0.9846383512369761,0.0019764116333697364,0.011361276375980549,0.002023960753673671,1,1920,0.9971259239884377,0.001674109889437985,0.001035078933128551,0.00016488718899570904,1,0.012487572751461617,-0.0003023017439317513,-0.010326197442851997,-0.001859073564677962,0.016206826129634203,1,0.09097376213246457,0.02212223858469047,-0.0688515235477741
tm223029,fabio martins_1993,1819,0.28428106749601134,0.1942575327144162,0.05976357641961267,0.46169782336995985,4,1920,0.017421249011646312,0.8876695488700085,0.0028958664290938425,0.09201333568925131,2,-0.266859818484365,0.6934120161555923,-0.05686770999051883,-0.36968448768070855,0.7451632863406767,2,1.201067218987268,0.41278032712011864,-0.7882868918671493
tm224852,patrick_1991,1819,0.09092348570527509,0.0027045970038196963,0.8862255257890084,0.020146391501897037,3,1920,0.3858598349410518,0.12347365758176142,0.42684698723364906,0.06381952024353779,3,0.2949363492357767,0.12076906057794172,-0.4593785385553593,0.043673128741640754,0.5591075547501253,3,0.4197102709569887,1.1647197014329078,0.7450094304759192
tm225119,ruben macedo_1996,1819,0.6245812661433817,0.17127688843383676,0.1042333083853747,0.09990853703740674,1,1920,0.2340690725282987,0.6840161619938553,0.01578720555137184,0.06612755992647405,2,-0.39051219361508305,0.5127392735600185,-0.08844610283400287,-0.03378097711093268,0.6505567224458161,2,1.0620113545041119,0.8447799766690299,-0.21723137783508195
tm228940,joao novais_1993,1819,0.5929636394003337,0.1785043834350091,0.10188942398241681,0.1266425531822405,1,1920,0.36418764802583864,0.4677711781721869,0.017523787769080635,0.15051738603289383,2,-0.22877599137449506,0.28926679473717776,-0.08436563621333618,0.023874832850653338,0.37832696618214323,2,1.1118787770235723,1.0791630837854245,-0.032715693238147825
tm229854,leandrinho_1993,1819,0.9537819385898068,0.0015824779243165752,0.03984754804943197,0.004788035436444549,1,1920,0.9859716568113043,0.000912970958366306,0.012026723037410559,0.0010886491929187573,1,0.03218971822149752,-0.0006695069659502693,-0.027820825012021412,-0.0036993862435257922,0.0425514336198721,1,0.20933059511609606,0.08091246730573513,-0.12841812781036094
tm231289,otavio_1995,1819,0.9023189144273256,0.011213166532116852,0.038982408207080016,0.047485510833477636,1,1920,0.7223884831421938,0.18371370039325602,0.019431431876641307,0.07446638458790888,1,-0.17993043128513175,0.17250053386113917,-0.01955097633043871,0.02698087375443125,0.2500272684334749,1,0.4142896002334807,0.8161914900355376,0.4019018898020569
tm232577,jonatan lucca_1994,1819,0.994348499134229,0.0006162617281474294,0.004377020390738093,0.0006582187468855541,1,1920,0.8237409879541331,0.019096067076821648,0.12000858326725801,0.03715436170178726,1,-0.17060751118009587,0.018479805348674216,0.11563156287651992,0.0364961429549017,0.20692772750421343,1,0.03878619316577106,0.6120885524519669,0.5733023592861959
tm235568,joao pedro_1993,1819,0.9982747785806343,0.00026039258017891,0.001243028116671769,0.00022180072251514073,1,1920,0.7228021262206188,0.2707522653066639,0.004187161472114547,0.002258447000602651,1,-0.2754726523600155,0.270491872726485,0.0029441333554427783,0.00203664627808751,0.3860825084493696,1,0.014055120090758919,0.6250761847806854,0.6110210646899265
tm236886,costinha_1992,1819,0.5703482001763536,0.35844198332621136,0.045167680988500894,0.026042135508934177,1,1920,0.7281655844779723,0.1978055548136915,0.03738737172874201,0.036641488979594315,1,0.15781738430161873,-0.16063642851251986,-0.007780309259758887,0.010599353470660138,0.2253240381433819,2,0.9229164612351952,0.7955602535175629,-0.12735620771763234
tm237000,afonso figueiredo_1993,1819,0.033221965151467726,0.0004370911228730123,0.9591112061719346,0.007229737553724685,3,1920,0.18565765529824502,0.05090340181379361,0.734752646059967,0.028686296827994243,3,0.1524356901467773,0.0504663106909206,-0.22435856011196753,0.02145655927426956,0.27589898811121466,3,0.19216728969426777,0.7925423923936346,0.6003751026993668
tm238055,rafa silva_1993,1819,0.09980653218255167,0.5664743274423817,0.02380864755768991,0.30991049281737676,2,1920,0.05404037391077611,0.7358830757802226,0.013782223674373643,0.19629432663462762,2,-0.04576615827177556,0.16940874833784092,-0.010026423883316267,-0.11361616618274914,0.17576801310886764,2,1.0039881201149126,0.7620175766249617,-0.24197054348995084
tm240306,bruno fernandes_1994,1819,0.04356912942976289,0.2111221286428744,0.014146860412476639,0.731161881514886,4,1920,0.012830345653006168,0.2773267504148786,0.004340298264256994,0.7055026056678583,4,-0.03073878377675672,0.06620462177200417,-0.009806562148219644,-0.025659275847027763,0.07364844487981552,2,0.7540646838811497,0.6812974583834251,-0.07276722549772452
tm240578,luiz phellype_1993,1819,0.018249122020378594,0.7155012413403006,0.007154213581881562,0.25909542305743943,2,1920,0.06210072368237281,0.5083137778927823,0.016568213349320196,0.4130172850755246,2,0.04385160166199421,-0.20718746344751826,0.009413999767438634,0.15392186201808516,0.21198639430340868,2,0.697858444397844,0.9496827198734451,0.25182427547560116
tm243783,antonio xavier_1992,1819,0.1268438345482585,0.1927776192190176,0.07221908302953661,0.6081594632031873,4,1920,0.0746756404428017,0.8736040443183957,0.010173072462478033,0.04154724277632464,2,-0.05216819410545681,0.6808264250993781,-0.06204601056705858,-0.5666122204268627,0.6856353615567907,2,1.0715051294608606,0.4906347178697668,-0.5808704115910939
tm255755,alex telles_1992,1819,0.09088815237936225,0.00582648475916233,0.7198562420688001,0.1834291207926753,3,1920,0.07047039491539024,0.16915654392411666,0.10065469534461569,0.6597183658158774,4,-0.02041775746397201,0.16333005916495433,-0.6192015467241844,0.47628924502320213,0.640705976647875,3,0.7956422962966034,0.9930204996284315,0.1973782033318281
tm257388,wilson manafa_1994,1819,0.16554495551364395,0.01328213486171876,0.7089512399786551,0.11222166964598225,3,1920,0.0035596070765548118,0.002023221528316936,0.9922316733969571,0.0021854979981711627,3,-0.16198534843708914,-0.011258913333401824,0.283280433418302,-0.11003617164781108,0.32651771804206164,3,0.8444482637694768,0.05374585409742423,-0.7907024096720525
tm257455,joao palhinha_1995,1819,0.8497961373779269,0.004449061739467155,0.13184537851588082,0.013909422366725035,1,1920,0.9350534058567966,0.03018279464987535,0.017727585096389345,0.017036214396938722,1,0.08525726847886972,0.025733732910408195,-0.11411779341949148,0.0031267920302136872,0.14475461171553752,3,0.48900442145693884,0.30931209774919977,-0.17969232370773908
tm258004,ruben dias_1997,1819,0.047533657919128704,0.0011709779178861917,0.9493201860861034,0.0019751780768818865,3,1920,0.006488915513867012,0.0013001222550075204,0.9909185924033518,0.00129236982777391,3,-0.041044742405261694,0.00012914433712132877,0.041598406317248426,-0.0006828082491079765,0.058438984980139684,3,0.21437955913670464,0.058964604526107786,-0.15541495461059684
tm261927,ricardo horta_1994,1819,0.155642453753287,0.6180328439072489,0.0790273531555708,0.14729734918389328,2,1920,0.03124591559331982,0.6039878008647626,0.011494696473760344,0.35327158706815726,2,-0.12439653815996718,-0.014045043042486327,-0.06753265668181045,0.20597423788426397,0.14224071730258092,1,1.0696182551718119,0.8317449097240306,-0.23787334544778127
tm265589,fahd moufi_1996,1819,0.22062435419756818,0.01087536255925402,0.6890092439068634,0.07949103933631445,3,1920,0.058835833196035525,0.028614809074451093,0.8932411221207217,0.01930823560879165,3,-0.16178852100153265,0.01773944651519707,0.20423187821385835,-0.0601828037275228,0.26115296967350227,3,0.8405349894142677,0.4454340578864808,-0.3951009315277869
tm265648,pablo santos_1992,1819,0.09736351131586406,0.002206352047132377,0.8901740462220424,0.010256090414961243,3,1920,0.0006437591052802187,4.1796403161941214e-05,0.9992581802209507,5.6264270607043184e-05,3,-0.09671975221058383,-0.002164555643970436,0.10908413399890826,-0.010199826144354199,0.1458037861617604,3,0.39081717324006665,0.006443998043084546,-0.3843731751969821
tm269467,cesar_1992,1819,0.030500598700155045,0.0007753992021868145,0.9629104829301725,0.005813519167485662,3,1920,0.012708456621756813,0.004354643823549062,0.9708189003365767,0.012117999218117343,3,-0.017792142078398233,0.0035792446213622478,0.007908417406404245,0.006304480050631681,0.01979682746480802,1,0.17831940296439872,0.16138131274446615,-0.01693809021993256
tm27178,ruben fernandes_1986,1819,0.0012444079145421424,2.93952784162006e-05,0.9984952283240234,0.0002309684830181929,3,1920,0.04279881709621269,0.016624766833116235,0.8468956233992561,0.09368079267141496,3,0.04155440918167055,0.016595371554700034,-0.15159960492476732,0.09344982418839677,0.15806522543817722,3,0.012068284525229418,0.56553739043759,0.5534691059123605
tm275287,ruben oliveira_1994,1819,0.7694389246839388,0.02035217509994059,0.09212089320658096,0.1180880070095397,1,1920,0.9822370463523493,0.0022051343133202995,0.014197434564150386,0.0013603847701801495,1,0.2127981216684105,-0.018147040786620293,-0.07792345864243057,-0.11672762223935955,0.22734207943474408,1,0.7528787991246578,0.10047724575045733,-0.6524015533742005
tm276030,artur jorge_1994,1819,0.0019750282622112893,2.1519053905327825e-05,0.9978360938131785,0.00016735887070483318,3,1920,0.00018004519284558462,1.197621941072478e-05,0.999771157596335,3.68209914086859e-05,3,-0.0017949830693657048,-9.542834494603045e-06,0.0019350637831564432,-0.00013053787929614727,0.0026394179528607146,3,0.016146908454188636,0.0022928637121942767,-0.01385404474199436
tm283130,moussa marega_1991,1819,0.00323530830230361,0.9383610539413135,0.002398883026623939,0.05600475472975878,2,1920,0.034417131181923404,0.543665390938178,0.009461878685142151,0.4124555991947565,2,0.03118182287961979,-0.3946956630031355,0.007062995658518213,0.3564508444649977,0.39598845738133953,2,0.25414446719324235,0.8566581384850251,0.6025136712917828
tm290336,rochinha_1995,1819,0.3750657357513598,0.47175330592775155,0.048026772586933865,0.10515418573395482,2,1920,0.09888037711392127,0.7397156077182964,0.02103714181692922,0.14036687335085327,2,-0.27618535863743854,0.2679623017905448,-0.026989630770004644,0.03521268761689844,0.38575975383090283,1,1.1048883248256907,0.8086542514224866,-0.29623407340320407
tm290391,nuno santos_1995,1819,0.07809061979362805,0.47911803827421245,0.03319576923519049,0.40959557269696895,2,1920,0.16363823839059063,0.6537196274134169,0.027812817621450707,0.15482931657454166,2,0.08554761859696258,0.17460158913920448,-0.005382951613739785,-0.2547662561224273,0.19450729072613915,2,1.0303026617574234,0.9625383575890809,-0.06776430416834245
tm290530,bilel aouacheria_1994,1819,0.19529673310720114,0.6165076595500972,0.037220084370096086,0.15097552297260555,2,1920,0.0681908806136683,0.8882353794219009,0.006733167445232351,0.03684057251919835,2,-0.12710585249353284,0.27172771987180366,-0.030486916924863737,-0.1141349504534072,0.30153159633514476,2,1.0250885326620476,0.4436822243137579,-0.5814063083482897
tm291399,nanu_1994,1819,0.001801327690845062,3.733226937415364e-05,0.9978129046015524,0.0003484354382283755,3,1920,0.35704213182309696,0.5037780615036652,0.11643498065817125,0.022744826015066628,2,0.3552408041322519,0.503740729234291,-0.8813779239433811,0.022396390576838253,1.0755360505463165,3,0.016722598123272647,1.0495558162294467,1.0328332181061741
tm291402,pite_1994,1819,0.3420687710788656,0.1802437282430125,0.09889565532240177,0.3787918453557202,4,1920,0.9440289353925694,0.034414974904956736,0.018380108685179995,0.0031759810172938573,1,0.6019601643137038,-0.14582875333805576,-0.08051554663722177,-0.3756158643384263,0.6245837157427365,1,1.272322868384915,0.26205226771157436,-1.0102706006733406
tm291941,carraca_1993,1819,0.021039849659496786,0.0002739376237423334,0.9775426520364235,0.0011435606803372872,3,1920,0.12291491318302719,0.7385319867376303,0.09875672467515771,0.03979637540418487,2,0.1018750635235304,0.738258049113888,-0.8787859273612658,0.03865281472384758,1.152244844543714,3,0.11343825916117777,0.8384382467198308,0.724999987558653
tm291981,djavan da silva ferreira_1987,1819,0.03455177752163291,0.0004970260929455465,0.9554964574649986,0.009454738920423028,3,1920,0.01721104596024621,0.0021748858596385688,0.9728213045411196,0.007792763638995604,3,-0.0173407315613867,0.0016778597666930223,0.01732484707612103,-0.0016619752814274243,0.02456962577435276,1,0.20762681356709667,0.14788492153437838,-0.05974189203271829
tm292775,ricardo valente_1991,1819,0.07899828781089134,0.8122959353844617,0.020864596803789152,0.08784118000085755,2,1920,0.1858498320980375,0.6155426777976175,0.02016535034640407,0.17844213975794096,2,0.10685154428714615,-0.19675325758684414,-0.0006992464573850818,0.0906009597570834,0.22389637297908863,2,0.6637815675617348,0.9977085049320602,0.3339269373703254
tm299400,pedro sa_1993,1819,0.9723746568724193,0.00019939405127749663,0.025665601686559375,0.001760347389743772,1,1920,0.9963375679275907,0.0006299984439227082,0.002507141196373391,0.0005252924321133189,1,0.023962911055171343,0.0004306043926452115,-0.023158460490185984,-0.001235054957630453,0.03332747843231653,1,0.13410656191688355,0.02727974654717886,-0.1068268153697047
tm308560,jhon murillo_1995,1819,0.3306859134908313,0.4074505109463162,0.09588238459298623,0.1659811909698664,2,1920,0.93029693190189,0.043984304568303746,0.020989194527742477,0.004729569002063704,1,0.5996110184110587,-0.3634662063780124,-0.07489319006524375,-0.1612516219678027,0.7051595893816659,1,1.2546475797490864,0.3110375569477902,-0.9436100228012962
tm312123,lucas possignolo_1994,1819,0.002013511901149845,3.8635045038502806e-05,0.9977512657845028,0.00019658726930880263,3,1920,0.0004124231401343423,2.256849086609944e-05,0.9994919705701153,7.303779888417008e-05,3,-0.0016010887610155024,-1.6066554172403365e-05,0.0017407047856125013,-0.00012354947042463255,0.0023651208225939314,3,0.0168161732848761,0.0046592141402168425,-0.012156959144659255
tm332220,iago santos_1992,1819,0.001107700759139239,7.352637122299337e-06,0.9988259496251064,5.899697863192411e-05,3,1920,0.0013288342104662092,0.00015476113516400142,0.9982891577009391,0.0002272469534307028,3,0.00022113345132697025,0.00014740849804170209,-0.0005367919241673347,0.0001682499747987787,0.0005989781619073917,3,0.009373209367704098,0.013775148063200949,0.00440193869549685
tm332615,nelson monte_1995,1819,0.0073344025791147035,0.00027387203403843053,0.9904800144542386,0.0019117109326082643,3,1920,0.002391989313223502,0.0004027221838719796,0.9963358402190562,0.0008694482838482233,3,-0.004942413265891201,0.00012885014983354907,0.005855825764817579,-0.0010422626487600409,0.007663859774282854,3,0.05973780621469374,0.027370354927604715,-0.032367451287089025
tm333166,ronan_1995,1819,0.016090387386375214,0.7681732937465023,0.005187462711603906,0.21054885615551863,2,1920,0.10495091390226809,0.3820193185001822,0.022238971677000192,0.4907907959205494,4,0.08886052651589288,-0.3861539752463201,0.017051508965396284,0.28024193976503076,0.39661295960824866,2,0.6243806745029845,1.0381516571796783,0.41377098267669377
tm334557,chiquinho_1995,1819,0.09285447293491367,0.7385136703166466,0.046172358800254734,0.12245949794818496,2,1920,0.12926772918763724,0.6436111823856407,0.0324501858466238,0.1946709025800982,2,0.03641325625272357,-0.09490248793100586,-0.013722172953630936,0.07221140463191324,0.10257049028346597,2,0.8437034606165275,0.9778879584351013,0.1341844978185739
tm335062,nikola jambor_1995,1819,0.9512042169539888,0.0010495147311910045,0.04546634513065432,0.0022799231841658923,1,1920,0.9099358133232317,0.00428045974951871,0.07710913680047286,0.008674590126776686,1,-0.04126840363075712,0.003230945018327705,0.031642791669818544,0.0063946669426107935,0.05210361224139918,1,0.20918126146155686,0.3480012946521541,0.13882003319059727
tm335380,pedro nuno_1995,1819,0.012749188303297384,0.9615229470540856,0.004458269638356173,0.021269595004260806,2,1920,0.04633141672256999,0.7967096488750827,0.0068153953625068875,0.1501435390398406,2,0.03358222841927261,-0.16481329817900292,0.002357125724150714,0.12887394403557978,0.16821636473281837,2,0.1993734261085421,0.6420870822713098,0.4427136561627677
tm336158,gustavo sauer_1993,1819,0.6134296730157136,0.028369244915408792,0.13523674079411188,0.2229643412747658,1,1920,0.6846545808046558,0.2685828014210938,0.014747183430257273,0.0320154343439932,1,0.0712249077889422,0.24021355650568502,-0.12048955736385461,-0.1909489069307726,0.278016678730595,2,1.006024998356664,0.7848197954657854,-0.22120520289087864
tm336697,philipe sampaio_1994,1819,0.1902670339587112,0.06161936473401787,0.45978905331261166,0.2883245479946593,3,1920,0.11386056258845734,0.036650834389131706,0.8205830154238235,0.02890558759858753,3,-0.07640647137025386,-0.024968530344886164,0.36079396211121184,-0.25941896039607176,0.36963990513842454,3,1.203265239144735,0.6332689540969094,-0.5699962850478255
tm33710,jose semedo_1985,1819,0.9799006543931916,0.00027845221333344075,0.018476382183768444,0.0013445112097064335,1,1920,0.5847191079966566,0.009797159859551966,0.399945126775801,0.005538605367990526,1,-0.395181546396535,0.009518707646218524,0.38146874459203256,0.004194094158284093,0.5493427559440757,1,0.1048090902143021,0.7543920364788823,0.6495829462645802
tm337800,gedson fernandes_1999,1819,0.9024663940358555,0.018796631300547793,0.03841442686255428,0.04032254780104258,1,1920,0.347829697973053,0.29987986384698256,0.2448359541227955,0.1074544840571688,1,-0.5546366960628024,0.28108323254643475,0.2064215272602412,0.06713193625612622,0.6551637162989608,1,0.4219882492423263,1.312712647185108,0.8907243979427817
tm34077,tarantini_1983,1819,0.9948402083243503,0.0001285120325213037,0.004825286315329408,0.00020599332779893566,1,1920,0.962399956585177,0.01872627641186717,0.016425321127588863,0.0024484458753668823,1,-0.03244025173917331,0.018597764379345866,0.011600034812259455,0.0022424525475679465,0.039151086580786414,1,0.03378378502889919,0.1935853400419392,0.15980155501304
tm341110,franco cervi_1994,1819,0.21325603458860384,0.37035244492446867,0.059236455619481945,0.3571550648674456,2,1920,0.08489190656809222,0.87254393530497,0.016501293896662328,0.026062864230275658,2,-0.12836412802051161,0.5021914903805014,-0.04273516172281962,-0.33109220063716993,0.5200960838350266,2,1.232544276505048,0.49112417891956384,-0.7414200975854842
tm345061,murilo costa_1994,1819,0.21966702360034407,0.21989818230438413,0.133100131182503,0.42733466291276884,4,1920,0.11929454669412644,0.7474212930033695,0.06257196813228647,0.07071219217021758,2,-0.10037247690621763,0.5275231106989853,-0.07052816305021653,-0.35662247074255127,0.5415990105466045,2,1.297723966401031,0.8319738558252504,-0.46575011057578053
tm345345,xadas_1997,1819,0.10586959227716027,0.20994290216549358,0.0356859994980534,0.6485015060592928,4,1920,0.006701418045092367,0.9893573781777558,0.0006439227170135097,0.0032972810601382043,2,-0.0991681742320679,0.7794144760122622,-0.03504207678103989,-0.6452042249991546,0.7864789884943649,2,0.9652406331817783,0.06770363788483134,-0.897536995296947
tm347905,joao paulo lazaro lucas_1996,1819,0.001222621127211867,1.640441884600419e-05,0.9984965565152069,0.0002644179387354481,3,1920,0.22464817441759724,0.029013917960387776,0.685860419855037,0.06047748776697808,3,0.22342555329038538,0.028997513541541772,-0.31263613666016987,0.060213069828242635,0.3853585182664361,3,0.012061149904820146,0.8664514335674162,0.8543902836625961
tm349513,neris_1992,1819,0.03462857192725679,0.0004184285913926894,0.960918669140421,0.004034330340929434,3,1920,0.016516491369319382,0.0036517877993038654,0.9706579606868045,0.009173760144572234,3,-0.018112080557937407,0.003233359207911176,0.009739291546383533,0.0051394298036428,0.020817201390438054,1,0.1802619106522873,0.16021464306562266,-0.02004726758666464
tm349903,bruno lamas_1994,1819,0.6946218816477744,0.12949837356843108,0.14057914044341532,0.035300604340379044,1,1920,0.2078833040940214,0.5750015393628672,0.031830583827740073,0.18528457271537133,2,-0.486738577553753,0.44550316579443616,-0.10874855661567526,0.14998396837499228,0.6687404295972454,1,0.9116717901262221,1.0668291756951833,0.1551573855689612
tm352811,aylton boa morte_1993,1819,0.221122895131838,0.6071617406336288,0.04419674524834783,0.1275186189861853,2,1920,0.017648884228123555,0.9807465591544222,0.00051407457285429,0.0010904820445999136,2,-0.20347401090371445,0.3735848185207934,-0.04368267067549354,-0.1264281369415854,0.42763941055497057,2,1.0371099533424677,0.10164838325404961,-0.9354615700884181
tm356099,cristian borja_1993,1819,0.02698521034170587,0.00050262068317998,0.957696051933345,0.014816117041769371,3,1920,0.09255996469981259,0.12099096092643896,0.7115164653121809,0.07493260906156755,3,0.06557475435810672,0.12048834024325898,-0.24617958662116401,0.060116492019798184,0.2818188734145898,3,0.20510322432790537,0.9121532574980655,0.7070500331701601
tm357156,diogo leite_1999,1819,0.22103143777765624,0.05119289435080717,0.6078251079089302,0.11995055996260634,3,1920,0.04307747967081022,0.0016058330379126648,0.9482402299706413,0.007076457320635868,3,-0.17795395810684603,-0.049587061312894504,0.3404151220617111,-0.11287410264197047,0.38730988004933664,3,1.0427821248709075,0.2312321436102293,-0.8115499812606781
tm357162,florentino luis_1999,1819,0.3718960842230145,0.012079716320945497,0.15787119208777955,0.4581530073682603,4,1920,0.5797370609350724,0.013945063890590755,0.27483166195942876,0.13148621321490797,1,0.20784097671205787,0.0018653475696452579,0.11696046987164921,-0.3266667941533523,0.23849759461003947,1,1.0702430520731963,0.997381353937401,-0.07286169813579524
tm358177,andre pereira_1995,1819,0.04534424729292889,0.19206564391989042,0.014007503296199519,0.7485826054909811,4,1920,0.05192034400635753,0.9207429430243103,0.002979859861885284,0.024356853107447063,2,0.006576096713428646,0.7286772991044198,-0.011027643434314234,-0.724225752383534,0.7287904089639289,2,0.7337198791178835,0.3374272789830465,-0.396292600134837
tm364237,mamadou loum_1996,1819,0.9000723248928915,0.004928457919160011,0.0856831147308206,0.009316102457127747,1,1920,0.45735883477261974,0.2816153797727185,0.07079280962146198,0.19023297583319979,1,-0.4427134901202717,0.2766869218535585,-0.014890305109358626,0.18091687337607204,0.5222763715175318,1,0.37503745376626196,1.2178044803852326,0.8427670266189706
tm364857,falaye sacko_1995,1819,0.00016406937048011103,1.9189601231401294e-06,0.9998137025705589,2.0309098837912e-05,3,1920,0.01112538036417746,0.008226406749133795,0.9596233331448436,0.02102487974184499,3,0.010961310993697349,0.008224487789010654,-0.0401903694257153,0.02100457064300708,0.042462434370483366,3,0.001860870074428817,0.21028735058085274,0.20842648050642393
tm366278,rodrigo pinho_1991,1819,0.0004039864670287787,0.9990914595954496,9.005799594451532e-05,0.0004144959415769385,2,1920,0.10336293345044373,0.24545657714408312,0.01202595273910293,0.6391545366663702,4,0.10295894698341496,-0.7536348824513666,0.011935894743158414,0.6387400407247933,0.7607289572474145,2,0.008132105162277548,0.918614365716223,0.9104822605539454
tm371245,guilherme schettine_1995,1819,0.0021889582165880504,0.982731916611441,0.0009423605456615904,0.014136764626309422,2,1920,0.08355848102869434,0.4234052162865572,0.013990443898763232,0.4790458587859851,4,0.0813695228121063,-0.5593267003248839,0.013048083353101642,0.4649090941596757,0.5653650231648415,2,0.09729771500558812,0.9835834738726459,0.8862857588670577
tm372459,andre martins sousa_1998,1819,0.011701525910693731,0.00022091448948286551,0.9829307107146674,0.005146848885156077,3,1920,0.002076084801092856,0.00027930572191072194,0.9964526602040642,0.0011919492729322125,3,-0.009625441109600875,5.8391232427856425e-05,0.013521949489396778,-0.003954899612223864,0.016598061455610314,3,0.09795183563442185,0.026675595020895684,-0.07127624061352617
tm375025,lucas marques_1995,1819,0.8656468497909058,0.0004207062040947415,0.1290728066692095,0.0048596373357900026,1,1920,0.9536826928217733,0.0022530408643364115,0.03949601611165813,0.004568250202232097,1,0.08803584303086753,0.00183233466024167,-0.08957679055755138,-0.0002913871335579058,0.12560918961228154,3,0.4183115849036918,0.21121121289597697,-0.20710037200771483
tm375039,emmanuel hackman_1995,1819,0.18720583007261504,0.00035932497643250457,0.8108749499026819,0.0015598950482704323,3,1920,0.12326196667000308,0.07445210390862218,0.772933183136617,0.02935274628475782,3,-0.06394386340261196,0.07409277893218968,-0.03794176676606498,0.02779285123648739,0.10496730549117045,2,0.49659679343335705,0.7540847392560601,0.25748794582270307
tm375770,gabriel airton de souza_1996,1819,0.6905412385264506,0.21293521545386748,0.04938512391696851,0.04713842210271354,1,1920,0.3866805222062122,0.5595311458615749,0.024486458125795134,0.029301873806417824,2,-0.30386071632023837,0.3465959304077074,-0.024898665791173377,-0.017836548296295714,0.46160591141796836,2,0.877602419173789,0.8865766370656278,0.008974217891838832
tm375820,henrique_1995,1819,0.5124491840276225,0.0028592337816864934,0.4789089105755183,0.005782671615172652,1,1920,0.3125879167379335,0.055807141728367704,0.5463985138873924,0.08520642764630637,3,-0.199861267289689,0.05294790794668121,0.06748960331187404,0.07942375603113372,0.21749219221334098,1,0.7417386142498424,1.0646331376818614,0.32289452343201897
tm376175,thiago santana_1993,1819,0.005922646362775585,0.9439269465866907,0.0025653627909622864,0.04758504425957152,2,1920,0.09755629683994876,0.5190173041333512,0.016099089376244952,0.36732730965045507,2,0.09163365047717317,-0.4249096424533395,0.013533726585282665,0.3197422653908836,0.4348885971198633,2,0.24505960640189323,1.0017782393137462,0.7567186329118529
tm379249,matheus reis_1995,1819,0.04091709442897001,0.0005338040798778571,0.9526881510831438,0.005860950408008264,3,1920,0.14947349283939323,0.048974924693797224,0.7543310556566946,0.04722052681011506,3,0.10855639841042322,0.048441120613919364,-0.1983570954264492,0.041359576402106794,0.2312500186123069,3,0.21109857522414263,0.7886497763037776,0.577551201079635
tm37947,mateus galiano da costa_1984,1819,0.755118936151416,0.19079468543227443,0.03166224547170264,0.022424132944606906,1,1920,0.06001427472163733,0.9352526011403057,0.001514018138653998,0.00321910599940299,2,-0.6951046614297787,0.7444579157080313,-0.030148227333048644,-0.019205026945203915,1.0189685933398922,2,0.7226364667875156,0.25973887956277975,-0.46289758722473584
tm380409,joao jaquite_1996,1819,0.9177201858005118,0.0017035606457061368,0.06119480824234416,0.01938144531143784,1,1920,0.986866714988509,0.0022012597795802117,0.008348329834590504,0.0025836953973202566,1,0.06914652918799713,0.0004976991338740749,-0.05284647840775366,-0.016797749914117584,0.08703011250869191,1,0.3370472831096285,0.08186315615934,-0.25518412695028847
tm383807,kikas_1998,1819,0.014140836492803793,0.8358627238733491,0.005375014082573041,0.14462142555127405,2,1920,0.052845785998367124,0.8583076301155635,0.012216804765520334,0.07662977912054902,2,0.03870494950556333,0.022444906242214402,0.006841790682947293,-0.06799164643072503,0.04526209266261633,1,0.5178189439564058,0.5371882577521493,0.01936931379574347
tm387378,luther singh_1997,1819,0.1647382279690032,0.7370253444854572,0.021967900750657524,0.07626852679488204,2,1920,0.01477976767621659,0.9586543802313219,0.0014402429632312831,0.025125609129230297,2,-0.14995846029278662,0.22162903574586468,-0.02052765778742624,-0.05114291766565174,0.2683809867208605,2,0.8021331826797433,0.20475098048911652,-0.5973822021906268
tm388588,jadson_1991,1819,0.1283798841614177,0.007852871207747476,0.817353059102733,0.046414185528101705,3,1920,0.04004181702491069,0.01928971749235571,0.8784010385633203,0.06226742691941346,3,-0.08833806713650702,0.011436846284608233,0.061047979460587265,0.015853241391311758,0.10798736664338132,1,0.6089408497853737,0.4917677141440302,-0.11717313564134346
tm396342,toni borevkovic_1997,1819,0.01645169753110855,0.00028159881366589376,0.9816925074225208,0.0015741962327045838,3,1920,8.64502904130354e-05,4.010875101435924e-06,0.9998927499609372,1.6788873548241205e-05,3,-0.016365247240695515,-0.00027758793856445785,0.018200242538416456,-0.0015574073591563427,0.024477483546514998,3,0.09817333031720485,0.0011504994560194905,-0.09702283086118536
tm397090,davidson da luz pereira_1991,1819,0.059172928662240526,0.8824373632756812,0.010563802731420413,0.04782590533065767,2,1920,0.022196679829617347,0.8339957147454179,0.004087100483104131,0.13972050494186064,2,-0.03697624883262318,-0.04844164853026334,-0.006476702248316282,0.09189459961120297,0.06128445122602451,2,0.47113174297980714,0.5333777692380901,0.06224602625828296
tm401539,messias_1994,1819,0.01483661769600573,0.00043634936002350303,0.9814600961494574,0.0032669367945133802,3,1920,0.0009363630017715475,6.446345787349344e-05,0.9986473304248885,0.0003518431154664054,3,-0.013900254694234183,-0.0003718859021500096,0.017187234275431118,-0.002915093679046975,0.02210783575403417,3,0.10291456775228736,0.01130149389700244,-0.09161307385528492
tm407907,gelson_1996,1819,0.0009503635592501518,0.9932208456081502,0.00032017994919527194,0.005508610883404481,2,1920,0.011758512151549173,0.06490732881997006,0.003813321597418371,0.9195208374310624,4,0.01080814859229902,-0.9283135167881801,0.0034931416482230993,0.9140122265476579,0.9283830047810044,2,0.04459847950568149,0.3281409058421452,0.28354242633646376
tm411295,raphinha_1996,1819,0.03520024122025945,0.925110648869834,0.008790741080899181,0.030898368829007483,2,1920,0.03886504739407373,0.39006444408987057,0.010297942937884962,0.5607725655781708,4,0.003664806173814282,-0.5350462047799633,0.0015072018569857806,0.5298741967491634,0.535060878509326,2,0.3388682209551623,0.8649386690821499,0.5260704481269876
tm411838,bruno viana_1995,1819,0.0012436166430994326,2.2662502359287365e-05,0.998601654339789,0.0001320665147523866,3,1920,7.757572415937961e-05,5.050979998932512e-06,0.9998960780735873,2.1295222254587037e-05,3,-0.0011660409189400529,-1.7611522360354852e-05,0.001294423733798289,-0.00011077129249779955,0.0017422670268884492,3,0.011138845016322538,0.0011287877281171942,-0.010010057288205344
tm430579,idrissa doumbia_1998,1819,0.5768349355716518,0.01985765502831839,0.1590149271386704,0.24429248226135938,1,1920,0.959116278304077,0.0023641871102958218,0.03701680912859053,0.001502725457036595,1,0.3822813427324252,-0.01749346791802257,-0.12199811801007987,-0.2427897568043228,0.4016573007168004,1,1.0318925159062364,0.18612336832225446,-0.8457691475839819
tm430761,lucas fernandes_1997,1819,0.9142956778356391,0.0271816804810629,0.04350416392697995,0.015018477756317893,1,1920,0.015579136299529681,0.9831882786143227,0.0005455638361720954,0.0006870212499756118,2,-0.8987165415361095,0.9560065981332597,-0.042958600090807854,-0.01433145650634228,1.3128158587656975,2,0.3793535993749164,0.0906100820318299,-0.2887435173430865
tm435497,fabio china_1992,1819,0.0005597938357550118,6.01175804674936e-06,0.9993827582575647,5.143614863351008e-05,3,1920,0.28740758992800014,0.013285255383500966,0.6789400573126199,0.02036709737587902,3,0.28684779609224514,0.013279243625454218,-0.32044270094494487,0.02031566122724551,0.43028074674929834,3,0.00538896777077769,0.7579691273478675,0.7525801595770898
tm437566,claudio falcao_1994,1819,0.8732087858779048,0.001980620787212982,0.10534966148909608,0.019460931845785956,1,1920,0.2440655576240813,0.0022429783416967842,0.7478711655914572,0.005820298442764699,3,-0.6291432282538235,0.00026235755448380214,0.6425215041023611,-0.013640633403021258,0.8992525528032097,3,0.4444678716880178,0.6051207494367666,0.1606528777487488
tm438202,bruno tabata_1997,1819,0.37398120320221945,0.4721340162653565,0.04557898898698023,0.10830579154544394,2,1920,0.04186310311669169,0.7537379102690397,0.016449813339269762,0.1879491732749989,2,-0.3321181000855278,0.2816038940036832,-0.029129175647710465,0.07964338172955497,0.4364077157846472,1,1.1036658340062433,0.7276753871796192,-0.3759904468266241
tm442424,murilo oliveira de freitas_1996,1819,0.4102572541295948,0.06849968598045411,0.1065983767363609,0.41464468315359027,4,1920,0.39487082331154627,0.5975570177727704,0.0027747305225940835,0.0047974283930892325,2,-0.015386430818048524,0.5290573317923163,-0.10382364621376682,-0.40984725476050105,0.5393679190400974,2,1.1528357849548911,0.7165501714541999,-0.4362856135006913
tm445517,heriberto tavares_1997,1819,0.02515344788088027,0.9412020852400489,0.007276233166616915,0.026368233712453757,2,1920,0.011413556396970398,0.9782002631809583,0.0009914983485201805,0.009394682073551009,2,-0.013739891483909873,0.03699817794090943,-0.006284734818096735,-0.016973551638902747,0.03996433010411426,2,0.2813546791667004,0.12332090288293344,-0.15803377628376697
tm446043,getterson_1991,1819,0.44954806630670385,0.3689986929059141,0.0750985575005433,0.1063546832868387,1,1920,0.07894280329035806,0.7904965988878492,0.02690028748749418,0.10366031033429864,2,-0.3706052630163458,0.4214979059819351,-0.04819827001304912,-0.002694372952540061,0.5633221271659954,2,1.160062004162207,0.7185005880270408,-0.4415614161351662
tm448466,jovane cabral_1998,1819,0.038739876027635484,0.4612206570147927,0.012982091936054358,0.4870573750215176,4,1920,0.03361064465065338,0.6699326669055378,0.004195481810986812,0.2922612066328221,2,-0.005129231376982103,0.20871200989074506,-0.008786610125067547,-0.19479616838869546,0.20895984447889268,2,0.8896404538204681,0.7648759687491751,-0.12476448507129301
tm45335,alberto bueno_1988,1819,0.49167912787318757,0.137981736871076,0.114728270179685,0.2556108650760513,1,1920,0.03256047596008545,0.923066867952235,0.005543959547860069,0.038828696539819525,2,-0.45911865191310214,0.7850851310811591,-0.10918431063182493,-0.21678216853623178,0.9160075399620747,2,1.2194354661913316,0.3403431232024352,-0.8790923429888964
tm454121,galeno_1997,1819,0.056622921875501955,0.5031566306481932,0.023637355149058712,0.4165830923272461,2,1920,0.035783092039323366,0.6726247094900525,0.006362968197891005,0.28522923027273317,2,-0.02083982983617859,0.16946807884185933,-0.017274386951167706,-0.13135386205451294,0.17161623669830953,2,0.9614879740427992,0.7758974183260483,-0.18559055571675087
tm45717,nene_1983,1819,0.013698150318399386,0.9336944618151091,0.004502113846458794,0.04810527402003283,2,1920,0.06982600557773168,0.47591516008842005,0.014508321652210138,0.4397505126816382,2,0.056127855259332296,-0.457779301726689,0.010006207805751344,0.39164523866160533,0.4613158889741816,2,0.2931236462799775,0.961923988799838,0.6688003425198605
tm46110,ljubomir fejsa_1988,1819,0.8606209997141405,0.0006101689096547965,0.12874872295736486,0.010020108418839704,1,1920,0.6211453109481854,0.01030513729130526,0.21576994380340067,0.1527796079571087,1,-0.23947568876595515,0.009694968381650463,0.08702122084603581,0.142759499538269,0.2549809616410299,1,0.44374169297411886,0.9608589181756622,0.5171172252015432
tm46717,nuno miguel prata coelho_1987,1819,0.3153860686236774,0.002148123505801693,0.6770333652894913,0.005432442581029454,3,1920,0.001589062334202519,0.00012348231998037814,0.9980139337704943,0.000273521575322804,3,-0.3137970062894749,-0.002024641185821315,0.320980568481003,-0.00515892100570665,0.4488888344240207,3,0.669537173860267,0.015580256470644968,-0.653956917389622
tm48206,nuno pinto_1986,1819,0.11479308943766685,0.003343957883804107,0.8289650225368053,0.05289793014172371,3,1920,0.0321098332458795,0.014165160949494014,0.936994730950757,0.01673027485386955,3,-0.08268325619178735,0.010821203065689906,0.10802970841395176,-0.036167655287854164,0.1364699131320493,3,0.5785291808868711,0.30012647639040624,-0.27840270449646487
tm48703,mano_1987,1819,3.48391486708768e-40,3.315670768353497e-42,1.0,1.82880223027961e-41,3,1920,0.0037976393498818577,0.00038352040904666057,0.993562018874084,0.0022568213669875194,3,0.0037976393498818577,0.00038352040904666057,-0.006437981125915981,0.0022568213669875194,0.0074844340810496035,3,8.289306334778563e-11,0.04435231337045573,0.04435231328756267
tm499721,wendel_1997,1819,0.9834724789054339,0.008144066185203441,0.005661529809375132,0.002721925099987442,1,1920,0.8335013156413402,0.15198639776033218,0.010075696197733448,0.004436590400594125,1,-0.14997116326409365,0.14384233157512874,0.004414166388358316,0.0017146653006066834,0.20784958751139926,1,0.10093685691764004,0.5084953780842968,0.40755852116665675
tm51058,lica_1988,1819,0.009829948551811353,0.9442834501435298,0.004432015385858191,0.04145458591880066,2,1920,0.05544188636166842,0.5855512141331187,0.023048525441879648,0.3359583740633332,2,0.04561193780985707,-0.35873223601041104,0.018616510056021458,0.2945037881445325,0.36209921357338715,2,0.2555450057443127,0.9270983057972858,0.6715533000529731
tm512913,stephen eustaquio_1996,1819,0.9533628022083956,0.00023478587000844595,0.04537163080286603,0.0010307811187298568,1,1920,0.995872126953163,0.000463444770411629,0.0033757099079862606,0.000288718368439149,1,0.04250932474476732,0.00022865890040318305,-0.04199592089487977,-0.0007420627502907077,0.05975577249904665,1,0.19491204864392053,0.02924186716086554,-0.16567018148305498
tm517300,vitor tormena_1996,1819,0.2737444149167917,0.0009926939902299115,0.7168557619969517,0.008407129096026778,3,1920,3.024535536927283e-05,2.078226067340157e-06,0.9999573068792078,1.0369539355386056e-05,3,-0.2737141695614224,-0.0009906157641625714,0.28310154488225614,-0.008396759556671391,0.3937853636856142,3,0.6403193255192681,0.000503629406678366,-0.6398156961125897
tm520469,junio_1997,1819,0.016028940969186705,0.00028728555859845907,0.9827088357764323,0.000974937695782488,3,1920,0.09204236699111042,0.009534364748073025,0.8802131081529776,0.018210160107838977,3,0.07601342602192371,0.009247079189474566,-0.10249572762345471,0.017235222412056488,0.12794109421991162,3,0.09249637645263566,0.4491829307049283,0.3566865542522927
tm525287,carlos vinicius_1995,1819,0.003484353185330667,0.9481312181289651,0.0018219362626765631,0.046562492423027846,2,1920,0.0036652039605960434,0.012594807190893344,0.0031750641339586515,0.9805649247145519,4,0.0001808507752653764,-0.9355364109380717,0.0013531278712820883,0.9340024322915241,0.9355374069768282,2,0.2245171283699885,0.11316257677062588,-0.11135455159936261
tm5404,jeremy mathieu_1983,1819,0.06775781028823456,0.0034676124552286956,0.9165175579743454,0.012257019282191244,3,1920,0.0011843556416071155,0.000194810254669449,0.9982726607842454,0.0003481733194780947,3,-0.06657345464662745,-0.0032728022005592467,0.08175510280989995,-0.011908845962713148,0.1054828561107816,3,0.3358808259749946,0.014143490252896369,-0.3217373357220982
tm544792,miguel tavares_1998,1819,0.878068545390568,0.015468397338426334,0.06396586413171464,0.04249719313929087,1,1920,0.26769089840684474,0.6914071635032598,0.027395682286982182,0.013506255802913368,2,-0.6103776469837232,0.6759387661648335,-0.03657018184473246,-0.028990937336377504,0.9114776276694787,2,0.4887505975527943,0.7646347637438423,0.275884166191048
tm55994,ukra_1988,1819,0.6047854045909808,0.014620744427140822,0.2558275963180435,0.12476625466383469,1,1920,0.3872681250969092,0.39572258731450755,0.12039039855981516,0.09661888902876813,2,-0.21751727949407162,0.3811018428873667,-0.13543719775822838,-0.028147365635066562,0.45923372705763965,2,0.9743476962524656,1.214893506635806,0.24054581038334033
tm56183,bruno moreira_1987,1819,0.004560638453361287,0.9604419846309488,0.0015347544847546866,0.03346262243093518,2,1920,0.03633956656849716,0.27103254240171765,0.016832891893164583,0.6757949991366206,4,0.03177892811513588,-0.6894094422292312,0.015298137408409896,0.6423323767056853,0.6903110257812295,2,0.18697595627594477,0.807870925454462,0.6208949691785173
tm58175,zequinha_1987,1819,0.2800202089776388,0.39034626067582634,0.07172385983958787,0.2579096705069469,2,1920,0.0026315067238306088,0.9961167494933895,0.00031035629500838753,0.0009413874877715432,2,-0.2773887022538082,0.6057704888175631,-0.07141350354457948,-0.25696828301917535,0.6700763133769413,2,1.2621355678833295,0.028574101179744703,-1.2335614667035848
tm58965,ruben lima_1989,1819,0.004097831808579579,4.678847462351173e-05,0.9952801655276848,0.0005752141891120294,3,1920,0.14767399290810868,0.02023760145538164,0.8017831951740929,0.03030521046241656,3,0.1435761610995291,0.020190812980758126,-0.19349697035359192,0.02972999627330453,0.24179094379426355,3,0.03199369295594157,0.6444819029688251,0.6124882100128836
tm595012,ibrahima camara_1999,1819,0.7765633791691106,0.01682549367309875,0.1436472027636693,0.06296392439412143,1,1920,0.6993465382025384,0.04501656783031882,0.10677902923966653,0.14885786472747625,1,-0.07721684096657211,0.02819107415722007,-0.03686817352400276,0.08589394033335482,0.09009128376258575,1,0.7179445527412106,0.9120795516498904,0.1941349989086798
tm60410,marcos acuna_1991,1819,0.6990598630267192,0.00417654612969658,0.1971677386194934,0.09959585222409092,1,1920,0.4561489808506461,0.2757693359943864,0.1683897134058694,0.09969196974909815,1,-0.2429108821760731,0.2715927898646898,-0.02877802521362402,9.611752500722492e-05,0.36550857024321554,2,0.823029493008834,1.2431298487168951,0.42010035570806115
tm606050,pedro pelagio_2000,1819,0.9527278365649795,0.004341827560201323,0.03593539782094997,0.0069949380538691566,1,1920,0.9981739879038695,0.0007592806891975242,0.0007755188337594086,0.0002912125731737336,1,0.04544615133888996,-0.003582546871003799,-0.03515987898719056,-0.006703725480695423,0.057570864193566815,1,0.22398915617055354,0.015203506389083285,-0.20878564978147024
tm60799,wilson eduardo_1990,1819,0.02906372565265133,0.7732621964475793,0.024911261153488285,0.17276281674628097,2,1920,0.036002586667820365,0.26086363513910144,0.025558474015863687,0.6775753041772146,4,0.006938861015169034,-0.5123985613084778,0.0006472128623754014,0.5048124874309337,0.5124459506208191,2,0.6969958702438551,0.8276691851409579,0.13067331489710277
tm61743,andre santos_1989,1819,1.0,1.2514245404177823e-41,3.48391486708768e-40,1.82880223027961e-41,1,1920,0.6297465030045991,0.34634697650167595,0.015330210020524572,0.008576310473200371,1,-0.3702534969954009,0.34634697650167595,0.015330210020524572,0.008576310473200371,0.5072266707384867,1,8.289306334778563e-11,0.763316345459037,0.763316345376144
tm63837,andre andre_1989,1819,0.9859970087685415,0.006640606858843071,0.004962553473490021,0.0023998308991256814,1,1920,0.34153200177369725,0.616944243520355,0.009059916089302704,0.032463838616645035,2,-0.6444650069948442,0.610303636661512,0.004097362615812682,0.030064007717519353,0.887593635930056,1,0.08801128233271893,0.8187730995672324,0.7307618172345135
tm64339,pizzi_1989,1819,0.054869411017932815,0.25328899621752693,0.02248713227377754,0.6693544604907627,4,1920,0.01099070029826078,0.14312060048591171,0.004526353230036346,0.8413623459857913,4,-0.04387871071967203,-0.11016839573161522,-0.017960779043741194,0.17200788549502855,0.11993750979721285,2,0.8611385701289318,0.49757539338097784,-0.36356317674795396
tm67815,rafik halliche_1986,1819,0.026454727760208387,0.00023783633432420445,0.971933741481392,0.0013736944240753555,3,1920,0.008536037027550666,0.0007454724817021842,0.9862902524425184,0.00442823804822872,3,-0.01791869073265772,0.0005076361473779797,0.014356510961126445,0.0030545436241533643,0.022966205150344327,1,0.13479819188283226,0.08364486709027331,-0.05115332479255895
tm68275,claudemir de souza_1988,1819,0.9389582684075956,0.0017993894413148432,0.05229305884721453,0.006949283303875095,1,1920,0.9858887624485632,0.0009078307132330369,0.011817792164778209,0.0013856146734256309,1,0.04693049404096761,-0.0008915587280818063,-0.040475266682436326,-0.005563668630449464,0.061979943214795344,1,0.25935522127213334,0.08193876032525095,-0.1774164609468824
tm72855,diogo viana_1990,1819,0.6155756507647692,0.006804004007181188,0.31603441769674706,0.06158592753130255,1,1920,0.4045894205609146,0.1307960663280113,0.3441930585543618,0.1204214545567124,1,-0.21098623020385454,0.12399206232083011,0.028158640857614714,0.058835527025409846,0.24633743099487468,1,0.8683305271673086,1.254163261219694,0.3858327340523854
tm74418,jackson martinez_1986,1819,8.762339290205429e-05,0.9996358045288537,2.3867104764529324e-05,0.00025270497347968794,2,1920,0.17349290502576392,0.6249022150700393,0.0298338634780838,0.17177101642611303,2,0.17340528163286187,-0.3747335894588144,0.02980999637331927,0.17151831145263335,0.4139846502596886,2,0.0035299932712668835,1.0050679446085722,1.0015379513373053
tm75116,lionn_1989,1819,0.027931374106653577,0.00042679143027513,0.9597879719870408,0.011853862476030508,3,1920,0.003995045590600933,0.0008470894910562413,0.9937559881766626,0.0014018767416802203,3,-0.023936328516052645,0.0004202980607811113,0.03396801618962175,-0.010451985734350288,0.041556595110122975,3,0.19521570178640038,0.04349022807675613,-0.15172547370964426
tm83466,andre almeida_1990,1819,0.07851925414593737,0.0013487996267842238,0.9052620669592792,0.01486987926799926,3,1920,0.20686682668746642,0.333560336454166,0.3331838444624126,0.12638899239595502,2,0.12834757254152906,0.33221153682738175,-0.5720782224968666,0.11151911312795576,0.6738776574673538,3,0.36137900298139725,1.319793495711918,0.9584144927305207
tm84511,silvio_1987,1819,0.0032020532871179365,3.6167796598039595e-05,0.9965741968356655,0.00018758208061852967,3,1920,0.011362514711191598,0.0030209297003111132,0.9792603664274447,0.006356189161052436,3,0.00816046142407366,0.002984761903713074,-0.017313830408220765,0.0061686070804339065,0.019371903821779658,3,0.023792001462235354,0.12107768064198184,0.09728567917974648
tm84711,joao aurelio_1988,1819,0.18180524199711035,0.004236945963788983,0.7781630092887837,0.03579480275031715,3,1920,0.08824930387587747,0.13946115330842018,0.5649776428098263,0.20731190000587602,3,-0.09355593812123288,0.1352242073446312,-0.21318536647895736,0.17151709725555886,0.2692327994329352,3,0.6474686414122385,1.137763714255286,0.49029507284304763
tm89297,rodrigo battaglia_1991,1819,0.959099637183948,0.003427565917824833,0.026216812775370555,0.011255984122856654,1,1920,1.0,1.8531380917342386e-40,2.820551257494203e-40,4.0193863934456884e-41,1,0.04090036281605203,-0.003427565917824833,-0.026216812775370555,-0.011255984122856654,0.04870225003739107,1,0.20547551728075011,8.289306334778563e-11,-0.20547551719785706
tm95429,osama rashid_1992,1819,0.8037910027863456,0.04267267336920574,0.12479671240646524,0.028739611437983273,1,1920,0.5192923541016569,0.4272277296479831,0.040302192749292066,0.01317772350106803,1,-0.28449864868468877,0.3845550562787774,-0.08449451965717317,-0.015561887936915243,0.48575857816932483,2,0.6718800414273831,0.8900906957018417,0.21821065427445863
tm96140,jorge correa_1993,1819,0.7587045489343734,0.08069809977557141,0.1309893321264893,0.029608019163565834,1,1920,0.02629868065069016,0.9606298911361186,0.0031556312969046397,0.009915796916286575,2,-0.7324058682836833,0.8799317913605472,-0.12783370082958467,-0.01969222224727926,1.151972121368892,2,0.7830969136775427,0.19818524366560492,-0.5849116700119379
tm9819,ricardo costa_1981,1819,0.007044998425636044,0.00015165387933735604,0.9923853558698917,0.00041799182513469683,3,1920,5.688278288673087e-05,4.018643808685511e-06,0.9999312043325611,7.89424074352064e-06,3,-0.0069881156427493134,-0.00014763523552867053,0.007545848462669369,-0.0004100975843911762,0.010285688378556729,3,0.04708225451441446,0.0007674773943528733,-0.04631477712006159
carlos_1995,carlos_1995,1920,0.04445944119461771,0.8845627255023519,0.012467992500240646,0.05850984080278963,2,2021,0.007065781391728257,0.9800557218635788,0.001381592528376594,0.011496904216316457,2,-0.03739365980288946,0.09549299636122688,-0.011086399971864053,-0.04701293658647317,0.10315089147378062,2,0.4676630073840985,0.1151758666394205,-0.352487140744678
diederrick joel_1993,diederrick joel_1993,1920,0.12504809756564533,0.4709879767875571,0.03792452072359098,0.36603940492320663,2,2021,0.0014489668092344166,0.9955601385293671,0.00023472843543132573,0.0027561662259673477,2,-0.12359913075641092,0.52457216174181,-0.037689792288159656,-0.3632832386972393,0.5402529208074128,2,1.1065694794918475,0.03210800136988405,-1.0744614781219635
goncalo rodrigues_1997,goncalo rodrigues_1997,1920,0.05852507521831435,0.9263578196303363,0.004244168347042487,0.010872936804307058,2,2021,0.9432393543501958,0.03792437823906275,0.011223300618143103,0.0076129667925985455,1,0.8847142791318814,-0.8884334413912736,0.006979132271100616,-0.0032599700117085127,1.2538269592609037,2,0.3093174732277784,0.26673833444654116,-0.04257913878123726
jose luis garcia vaya_1998,jose luis garcia vaya_1998,1920,0.6062687021275878,0.2100983066098236,0.14570369514745304,0.03792929611513561,1,2021,0.32222932849236635,0.005212108179566534,0.6275681726670432,0.04499039066102389,3,-0.2840393736352214,-0.20488619843025707,0.48186447751959016,0.007061094545888276,0.5956929534395377,3,1.0359447958718253,0.8242357876172948,-0.21170900825453054
lamine diaby_1996,lamine diaby_1996,1920,0.4122337382191656,0.290926930789227,0.03317093973049976,0.2636683912611076,1,2021,0.07335210896742932,0.07796834310980122,0.10043454217197677,0.7482450057507927,4,-0.33888162925173626,-0.21295858767942577,0.067263602441477,0.4845766144896851,0.40585281928814043,1,1.1889790931239164,0.8383969362052275,-0.3505821569186889
pedro rodrigues_1997,pedro rodrigues_1997,1920,0.14465662785018363,0.7482582773514734,0.05187689549888917,0.055208199299453795,2,2021,0.9538575955674561,0.00131657529833284,0.04166396007151377,0.0031618690626973533,1,0.8092009677172725,-0.7469417020531406,-0.010212935427375405,-0.05204633023675644,1.1012867094769903,1,0.8100943077525408,0.20440816286868344,-0.6056861448838573
rui filipe cunha correia_1995,rui filipe cunha correia_1995,1920,0.9901810588117421,0.0038672339005495775,0.002928550878635342,0.003023156409073077,1,2021,0.9478990141646164,0.008125631812838215,0.02403838128928761,0.01993697273325783,1,-0.042282044647125705,0.0042583979122886376,0.021109830410652265,0.016913816324184754,0.047450291804028086,1,0.06587556020255016,0.25750040802603186,0.19162484782348171
thibang phete_1994,thibang phete_1994,1920,0.38505721895823825,0.0038584294230585825,0.6073392528763666,0.0037450987423365634,3,2021,0.11600494589770033,0.0017935060874701007,0.879091515800057,0.003110032214772655,3,-0.2690522730605379,-0.002064923335588482,0.27175226292369037,-0.0006350665275639085,0.3824168954839347,3,0.7127132062029643,0.39247008626499724,-0.32024311993796706
tm102427,sebastian coates_1990,1920,0.018747975912948914,0.007800070904922138,0.9660602828472458,0.007391670334883336,3,2021,0.003506885989486156,0.0005627538549714729,0.9946836150427952,0.0012467451127471533,3,-0.015241089923462759,-0.007237317049950665,0.028623332195549467,-0.006144925222136183,0.03322596463781546,3,0.1820441335867948,0.03767490645635022,-0.1443692271304446
tm109256,haris seferovic_1992,1920,0.018966107806671295,0.1270214414995169,0.019609664458368946,0.8344027862354428,4,2021,0.008206932006572527,0.1828986208649119,0.006369459908714165,0.8025249872198015,4,-0.010759175800098768,0.05587717936539499,-0.013240204549654782,-0.03187779901564136,0.05842364293885357,2,0.5654579453926795,0.5588833187930546,-0.006574626599624822
tm111200,fabio pacheco_1988,1920,0.7245281081463881,0.03947808848439939,0.14442878664901843,0.09156501672019414,1,2021,0.09107117969282422,0.001990356077494769,0.8723915856448693,0.03454687858481176,3,-0.6334569284535639,-0.037487732406904624,0.7279627989958508,-0.05701813813538238,0.9657136464857007,3,0.8594318879586463,0.4659573882935474,-0.39347449966509895
tm111828,fransergio_1990,1920,0.5523200429241854,0.4258901823578091,0.006662919955162396,0.015126854762843166,1,2021,0.2713390586913162,0.6976894207110862,0.016566123036933153,0.014405397560664593,2,-0.28098098423286916,0.2717992383532771,0.009903203081770756,-0.0007214572021785725,0.3910539769663162,1,0.7881912569127133,0.7340947288132617,-0.054096528099451646
tm112465,sergio oliveira_1992,1920,0.09980050393366435,0.5312771027524592,0.024776584624245722,0.34414580868963074,2,2021,0.28932333207632527,0.574665426973704,0.016168495797968013,0.11984274515200263,2,0.18952282814266092,0.043388324221244834,-0.00860808882627771,-0.2243030635376281,0.19461641312890735,1,1.0247331873115422,0.9981130486554282,-0.026620138656114012
tm113504,nikola stojiljkovic_1992,1920,0.1508375702327074,0.38483403815058026,0.027380246861399418,0.43694814475531296,4,2021,0.009310878348248173,0.9637594221952425,0.003274300169400145,0.023655399287109306,2,-0.14152669188445924,0.5789253840446622,-0.024105946691999273,-0.41329274546820366,0.5964608130237357,2,1.1130911586391146,0.18642289479620414,-0.9266682638429105
tm118323,ricardo alves_1991,1920,0.002969277108461787,0.000331764884844004,0.9956130259257845,0.0010859320809097777,3,2021,0.060255355611421556,0.018416176078016943,0.8776356644203954,0.0436928038901661,3,0.05728607850295977,0.018084411193172938,-0.11797736150538907,0.042606871809256326,0.13239108182284895,3,0.03172648416262307,0.4941668015656415,0.46244031740301844
tm122946,jardel_1986,1920,0.00784990100205541,0.0003883067719721803,0.9907756759292737,0.000986116296698621,3,2021,0.039771459488815025,0.0009957866821855852,0.9458030310637283,0.013429722765271008,3,0.031921558486759614,0.0006074799102134048,-0.04497264486554542,0.012443606468572387,0.05515336539384878,3,0.057107403022383256,0.24571710013373632,0.18860969711135306
tm124548,bebeto_1990,1920,0.13797753802104568,0.0488688130164668,0.2317953248648067,0.5813583240976808,4,2021,0.13416981082748616,0.009219808299678186,0.5610406151329685,0.29556976573986715,3,-0.0038077271935595125,-0.03964900471678861,0.32924529026816185,-0.2857885583578137,0.33164590081166184,3,1.074986837653864,0.9972232443608533,-0.07776359329301075
tm125165,jesus corona_1993,1920,0.15378239961824722,0.4708107909427592,0.13460992687741438,0.24079688256157927,2,2021,0.6921115833844598,0.2627245192933151,0.014352718420768167,0.03081117890145692,1,0.5383291837662125,-0.2080862716494441,-0.12025720845664621,-0.20998570366012234,0.5895421975814353,1,1.2553654898057935,0.7740026222554967,-0.4813628675502969
tm126956,edgar costa_1987,1920,0.2121004042907667,0.7721140209134542,0.00463412110977334,0.011151453686005723,2,2021,0.8149971130687754,0.03811514125079277,0.06991571847564872,0.07697202720478313,1,0.6028967087780087,-0.7339988796626614,0.06528159736587538,0.0658205735187774,0.9521031896575273,2,0.6036338244625756,0.6746408715420503,0.0710070470794747
tm127031,pierre sagna_1990,1920,0.0010293965608208296,0.00024448082124186384,0.998231838461529,0.0004942841564084067,3,2021,0.23752274304203555,0.010713312502127176,0.5910205267227987,0.16074341773303863,3,0.23649334648121473,0.010468831680885311,-0.40721131173873026,0.16024913357663023,0.4710199059218453,3,0.014643475056752266,0.9946861153926956,0.9800426403359433
tm129670,luiz carlos_1985,1920,0.9980716202813106,0.0005585307992476061,0.001128334233824107,0.0002415146856177199,1,2021,0.8674985130309034,0.058942393131202385,0.0452726693566195,0.028286424481274806,1,-0.13057310725040716,0.05838386233195478,0.04414433512279539,0.028044909795657085,0.14968879063328905,1,0.015779520440682246,0.5311578316503566,0.5153783112096744
tm131015,marco baixinho_1989,1920,0.004963025868241803,0.0004798015416633908,0.9933485950421042,0.0012085775479907124,3,2021,0.0009238350991758053,2.7629558187279322e-05,0.998779886567723,0.00026864877491399345,3,-0.004039190769065998,-0.0004521719834761115,0.005431291525618831,-0.000939928773076719,0.006783689940423841,3,0.044748068046341544,0.010173059068281788,-0.034575008978059756
tm131933,diego lopes_1994,1920,0.006803346722491669,0.9859685573152904,0.0012014528702021313,0.0060266430920157925,2,2021,0.17660651912665778,0.7416614447920363,0.013784914430147671,0.06794712165115824,2,0.16980317240416612,-0.2443071125232541,0.01258346155994554,0.06192047855914244,0.29778755194399836,2,0.08676797237974353,0.7696292043575461,0.6828612319778026
tm137192,zainadine junior_1988,1920,0.02161682588389446,0.004193500216493193,0.9678662012840729,0.006323472615539465,3,2021,0.0012331406812939527,4.169377634102358e-05,0.9985679472790177,0.00015721826334753224,3,-0.020383685202600508,-0.00415180644015217,0.030701745994944796,-0.006166254352191933,0.03708543280444915,3,0.1694718823690588,0.01148822494148057,-0.15798365742757822
tm139395,ricardo esgaio_1993,1920,0.0948125417858893,0.25483103797756795,0.47171447174763137,0.17864194848891132,3,2021,0.2552520329063784,0.06638829131178874,0.6099809001753292,0.06837877560650356,3,0.16043949112048908,-0.1884427466657792,0.13826642842769787,-0.11026317288240776,0.2834944519952661,2,1.2338832115400973,1.0135779184752591,-0.22030529306483815
tm141050,danilo pereira_1991,1920,0.8673505115101406,0.07774282003189334,0.048335703775839074,0.006570964682126957,1,2021,0.9881462608003142,0.0016406637075549071,0.008454449784753118,0.0017586257073778978,1,0.12079574929017356,-0.07610215632433844,-0.039881253991085955,-0.004812338974749059,0.148235170130742,1,0.5014736080489764,0.07381318429082818,-0.4276604237581483
tm14132,pepe_1983,1920,0.00690100105796301,0.0011467566058324674,0.9902789587783126,0.0016732835578920525,3,2021,0.0019055354642105752,0.00015212376269764226,0.997477404177789,0.0004649365953028925,3,-0.0049954655937524345,-0.000994632843134825,0.007198445399476339,-0.00120834696258916,0.008818253067373882,3,0.06247535918792981,0.019358799108319828,-0.043116560079609983
tm145918,diogo salomao_1988,1920,0.2561557431034367,0.12841967520206998,0.2912772691805486,0.32414731251394474,4,2021,0.7454981445639253,0.011103094695117813,0.22286962418089604,0.020529136560060793,1,0.4893424014604886,-0.11731658050695216,-0.06840764499965254,-0.30361817595388396,0.5078373478027789,1,1.3369065959242206,0.6832637941325093,-0.6536428017917113
tm148489,mikel agu_1993,1920,0.5763250450689104,0.03676641890074181,0.12206656597336427,0.26484197005698357,1,2021,0.11281054308486636,0.003281525262711705,0.8016375568984223,0.08227037475399963,3,-0.463514501984044,-0.0334848936380301,0.679570990925058,-0.18257159530298395,0.8232761768436712,3,1.04765283724419,0.6476576161143657,-0.39999522112982433
tm154990,rene santos_1992,1920,0.22974857299411094,0.012510762433005652,0.749008954205145,0.008731710367738395,3,2021,0.5684673116413115,0.0015955226398384195,0.42651218454382817,0.003424981175021991,1,0.33871873864720053,-0.010915239793167233,-0.32249676966131685,-0.005306729192716405,0.4678180124925475,1,0.6505810527154915,0.7142325071839096,0.06365145446841813
tm155025,fabio cardoso_1994,1920,0.0016551481426045885,0.00016747965078563038,0.9979733975896634,0.00020397461694644017,3,2021,0.017200968466139676,0.002698666800912246,0.9738756027867445,0.0062247619462037895,3,0.015545820323535088,0.0025311871501266154,-0.02409779480291896,0.006020787329257349,0.028788594135250697,3,0.01581334642448675,0.14324360275385575,0.127430256329369
tm157036,dyego sousa_1989,1920,0.011313379103411358,0.014765853885322224,0.0056434944862119064,0.9682772725250545,4,2021,0.10993977164007433,0.8047213758061587,0.03798736640994611,0.04735148614382096,2,0.09862639253666297,0.7899555219208364,0.03234387192373421,-0.9209257863812335,0.7967452654199056,2,0.17338044251068807,0.6862278312370917,0.5128473887264037
tm157387,anthony d alberto_1994,1920,0.004737778706153075,0.0007964634937335491,0.9894605357790923,0.005005222021021016,3,2021,0.3065444298088162,0.004185246892044967,0.6374549707098047,0.05181535258933411,3,0.30180665110266314,0.0033887833983114175,-0.3520055650692876,0.046810130568313096,0.46368810243791436,3,0.06803826422991228,0.8257799656381651,0.7577417014082528
tm159142,aderlan santos_1989,1920,0.00041822320241000034,3.8932550215821105e-05,0.9994648808488168,7.796339855732877e-05,3,2021,5.037421668071767e-05,2.170364323846131e-06,0.9999368963284603,1.055909053530083e-05,3,-0.00036784898572928264,-3.6762185891974975e-05,0.0004720154796434839,-6.740430802202794e-05,0.0005995522893265326,3,0.004921326957403356,0.0007109009674720044,-0.0042104259899313524
tm164705,raul silva_1989,1920,0.12787396055791767,0.11006458248070969,0.4717284358910942,0.29033302107027853,3,2021,0.0016355732145759562,0.00014883059889409103,0.99738729053205,0.0008283056544797465,3,-0.1262383873433417,-0.1099157518818156,0.5256588546409557,-0.2895047154157988,0.5516655095374676,3,1.2193744690002575,0.02029210466143757,-1.19908236433882
tm167291,gabriel_1993,1920,0.6415981891028505,0.27809245381998515,0.03411687460143658,0.046192482475727874,1,2021,0.604128109941178,0.04379692080609482,0.23323110833849253,0.11884386091423461,1,-0.03747007916167244,-0.23429553301389033,0.19911423373705595,0.07265137843850675,0.30974970815053227,2,0.8979245709940811,1.034118320360594,0.13619374936651285
tm168530,douglas tanque_1993,1920,0.05287091739041598,0.23476504003244658,0.010249097768957723,0.7021149448081796,4,2021,0.010070073522380216,0.9364089844034656,0.0031866361042742065,0.05033430596988019,2,-0.042800843868035766,0.7016439443710191,-0.007062461664683516,-0.6517806388382994,0.7029836522089989,2,0.7909051201638705,0.27660089916543384,-0.5143042209984366
tm172181,diogo figueiras_1991,1920,0.02900167477174999,0.011593134306150108,0.94881956323971,0.010585627682389695,3,2021,0.31228241094672604,0.0009612834208760241,0.6845633634521289,0.002192942180269115,3,0.28328073617497607,-0.010631850885274085,-0.2642561997875811,-0.00839268550212058,0.3875465789647189,1,0.2523460965949131,0.6429853970559889,0.3906393004610758
tm176485,lucas piazon_1994,1920,0.005112029053657789,0.9925166157756432,0.0006807161797820803,0.0016906389909168858,2,2021,0.03405475791291064,0.9301544186673579,0.006621913281946003,0.029168910137785463,2,0.02894272885925285,-0.06236219710828528,0.005941197102163923,0.02747827114686858,0.06900741268153454,2,0.05018197678470303,0.31877183456230757,0.2685898577776045
tm176997,anderson carvalho_1990,1920,0.8862146098171825,0.011469547165583686,0.07437029135832088,0.027945551658912913,1,2021,0.7404572030958276,0.010277612522380316,0.20202158092603673,0.04724360345575536,1,-0.14575740672135484,-0.0011919346432033694,0.12765128956771585,0.019298051796842446,0.19375627486775485,1,0.4515390376252938,0.7368644132988096,0.2853253756735158
tm177964,yusupha njie_1994,1920,0.2087409110719718,0.5306133435171871,0.013610160857186982,0.24703558455365401,2,2021,0.04062354385566128,0.6004699678494795,0.018356701565272335,0.3405497867295869,2,-0.16811736721631051,0.06985662433229234,0.004746540708085353,0.0935142021759329,0.18211514701292786,1,1.067180358285722,0.8766229250664614,-0.19055743321926055
tm179860,andraz sporar_1994,1920,0.08647183842634447,0.7017867659311943,0.025747112414436536,0.1859942832280248,2,2021,0.006389975467856593,0.8860285433338447,0.002848919921536796,0.10473256127676173,2,-0.08008186295848788,0.18424177740265046,-0.02289819249289974,-0.08126172195126308,0.20219412586628654,2,0.8672678084756307,0.3925133817025077,-0.47475442677312296
tm182711,carlos mane_1994,1920,0.0871068234456268,0.8220876705697336,0.020638938001952288,0.07016656798268726,2,2021,0.1215888139361798,0.8609568543233692,0.006758765783027399,0.010695565957423478,2,0.034481990490553005,0.03886918375363557,-0.013880172218924888,-0.059471002025263786,0.05378178404154598,2,0.6401637519210097,0.4674043220659809,-0.1727594298550288
tm182882,franck yves bambock_1995,1920,0.8443300285381747,0.08803342264608334,0.036028823574232434,0.03160772524150956,1,2021,0.9454441721026724,0.0019703596722097615,0.04788899451979008,0.004696473705327709,1,0.10111414356449766,-0.08606306297387357,0.01186017094555765,-0.02691125153618185,0.13331010648891037,1,0.5857190103723365,0.23602020252977746,-0.3496988078425591
tm182936,filipe ferreira_1990,1920,0.000993769596666741,0.00027978067576369677,0.998155285523758,0.0005711642038113815,3,2021,0.022653873375470795,0.0012010933554578208,0.9695464147252181,0.006598618543853484,3,0.021660103778804052,0.000921312679694124,-0.02860887079853991,0.006027454340042102,0.035895353475483095,3,0.015268326306413282,0.15699267862950123,0.14172435232308794
tm183945,eber bessa_1992,1920,0.0993311351068074,0.7817159675564708,0.007110021790555195,0.11184287554616652,2,2021,0.432706031083084,0.06301372981920013,0.037269266632684726,0.4670109724650312,4,0.33337489597627656,-0.7187022377372706,0.03015924484212953,0.3551680969188647,0.7928311975731032,2,0.7020710633392073,1.0148555336495486,0.3127844703103413
tm187211,ygor nogueira_1995,1920,0.006515587427633014,0.0006385976041830923,0.9903867552374913,0.002459059730692497,3,2021,0.0002756761009661548,7.59162295852406e-06,0.9996734340390596,4.3298237015548834e-05,3,-0.006239911326666859,-0.0006310059812245682,0.009286678801568304,-0.002415761493676948,0.011206117306029982,3,0.0618351224605905,0.0031105604587621455,-0.05872456200182836
tm190185,marcelo ferreira_1989,1920,0.004187638267505144,0.0002539516943940999,0.9949579638928676,0.0006004461452329929,3,2021,0.0004993172549490463,1.2305026344401234e-05,0.9993823614379023,0.00010601628080422582,3,-0.003688321012556098,-0.00024164666804969863,0.004424397545034653,-0.0004944298644287671,0.005765188517329769,3,0.03451552981381126,0.0055227586192175765,-0.028992771194593682
tm190543,dener_1992,1920,0.1563029059648534,0.7887509608793746,0.015667122603897785,0.039279010551874285,2,2021,0.8085557493488822,0.011682066518998774,0.16448008321833663,0.015282100913782334,1,0.6522528433840288,-0.7770688943603759,0.14881296061443883,-0.02399690963809195,1.0253853595267692,2,0.6695303851222083,0.584580862776521,-0.08494952234568731
tm193082,alex grimaldo_1995,1920,0.12277520760226762,0.1463766369310057,0.4384940528924259,0.29235410257430067,3,2021,0.44221482032728093,0.04644200427851885,0.3820563967909932,0.12928677860320703,1,0.3194396127250133,-0.09993463265248684,-0.0564376561014327,-0.16306732397109364,0.33943159253009664,1,1.259814500588916,1.135480036614858,-0.12433446397405801
tm193303,nuno sequeira_1990,1920,0.1518445212459075,0.18927526967043026,0.230082235774384,0.42879797330927827,4,2021,0.08677405521436722,0.00283938440916347,0.8903165180189391,0.020070042357530384,3,-0.06507046603154028,-0.18643588526126678,0.660234282244555,-0.40872793095174786,0.6891312010885132,3,1.3024272366405916,0.41064496844832754,-0.891782268192264
tm193994,yves baraye_1992,1920,0.08472436315978125,0.8928862063287526,0.0035754156862353144,0.018814014825230884,2,2021,0.11492924281960516,0.7478664170279309,0.0154116939875096,0.12179264616495451,2,0.030204879659823908,-0.1450197893008217,0.011836278301274285,0.10297863133972363,0.1486040764183284,2,0.4051838031483886,0.7866544820452186,0.38147067889683
tm194214,goncalo silva_1991,1920,0.0005986858999297273,0.00010955748931702208,0.9988793315492784,0.0004124250614749092,3,2021,0.0005362242200673888,4.645228718737551e-05,0.9990197913334172,0.00039753215932818517,3,-6.24616798623385e-05,-6.310520212964656e-05,0.00014045978413879112,-1.4892902146724043e-05,0.00016617063202432796,3,0.009776030738889396,0.008594238801011267,-0.001181791937878129
tm196792,julian weigl_1995,1920,0.9822222502600025,0.003811219603645839,0.012762163204464305,0.00120436693188714,1,2021,0.9471422933915392,0.0013536772657621859,0.047372363876415746,0.00413166546628278,1,-0.035079956868463325,-0.002457542337883653,0.03461020067195144,0.00292729853439564,0.04934074258448575,1,0.10260129546645486,0.22752768564862993,0.12492639018217508
tm197981,pedrinho_1992,1920,0.15737885486966194,0.817853605345877,0.010821113506459545,0.013946426278001424,2,2021,0.9329376457515515,0.04966454147523454,0.006109859618831787,0.011287953154382238,1,0.7755587908818895,-0.7681890638706425,-0.004711253887627758,-0.002658473123619186,1.0916171819268081,1,0.5640222112464562,0.2956402069637935,-0.26838200428266273
tm198007,francisco ramos_1995,1920,0.9852475829557065,0.0033098075804408548,0.01048510167520309,0.0009575077886494402,1,2021,0.9586557795501356,0.011804064062420313,0.0220233736291945,0.007516782758249572,1,-0.02659180340557088,0.008494256481979458,0.011538271953991411,0.006559274969600132,0.030206094107422195,1,0.08798972744596519,0.21367464850374868,0.1256849210577835
tm198053,lazar rosic_1993,1920,0.04912569680523196,0.012762391400347201,0.8970793830759712,0.04103252871844964,3,2021,0.0024338582793872006,6.234581429927027e-05,0.996929659855374,0.0005741360509393631,3,-0.04669183852584476,-0.01270004558604793,0.09985027677940272,-0.04045839266751028,0.11095718415557682,3,0.4321595543607176,0.02260151234445331,-0.40955804201626433
tm203348,chancel mbemba_1994,1920,0.02051471547449171,0.0056673086486616975,0.9634195547248312,0.010398421152015166,3,2021,0.003517662213977166,0.0001585570180015594,0.9953064945314151,0.001017286236606062,3,-0.016997053260514542,-0.005508751630660138,0.03188693980658386,-0.009381134915409104,0.036551649679566735,3,0.1924332901574281,0.032954127532765526,-0.15947916262466258
tm207571,alex soares_1991,1920,0.9980828108981573,0.0007255931927054558,0.00108229774357842,0.00010929816555875015,1,2021,0.8194817879183284,0.009278747590290702,0.15599859140685782,0.01524087308452317,1,-0.17860102297982894,0.008553154397585246,0.1549162936632794,0.01513157491896442,0.23658093731735388,1,0.01554792445382925,0.5601652366238072,0.544617312169978
tm211072,paulinho_1992,1920,0.013478582825337811,0.064866781562421,0.007332630473005609,0.9143220051392356,4,2021,0.005566320515615698,0.9643179239004777,0.0013595310617720846,0.028756224522134517,2,-0.007912262309722112,0.8994511423380567,-0.005973099411233525,-0.885565780617101,0.8995057750035124,2,0.3534264933394328,0.17495938439723885,-0.17846710894219397
tm211107,joao afonso_1990,1920,0.007208892979373159,0.0013326167024914027,0.9880467459207776,0.003411744397357717,3,2021,0.003073495596463316,0.0001162996574642519,0.9946097855515759,0.0022004191944967177,3,-0.004135397382909843,-0.0012163170450271508,0.006563039630798295,-0.0012113252028609993,0.007852033358565803,3,0.07564221709819954,0.03767384742272612,-0.03796836967547342
tm212899,filipe augusto_1993,1920,0.8536122300081342,0.058466962342244924,0.03972705937001596,0.04819374827960492,1,2021,0.8032809076356271,0.008577192436578928,0.13502877272041394,0.05311312720738015,1,-0.05033132237250715,-0.049889769905665994,0.09530171335039798,0.004919378927775234,0.11876298969176786,3,0.5754103848867206,0.6430434995228992,0.0676331146361786
tm214538,mateus uribe_1991,1920,0.9413658817488992,0.012292492420787915,0.04038712960772345,0.005954496222589453,1,2021,0.7588760134020504,0.01694201954755445,0.19846946361541884,0.02571250343497624,1,-0.18248986834684888,0.0046495271267665336,0.1580823340076954,0.019758007212386786,0.24148332132276412,1,0.2710729918244957,0.6935522533294494,0.4224792615049537
tm224878,joao afonso crispim_1995,1920,0.8703979900787242,0.01735197379784793,0.08585577439053,0.026394261732897904,1,2021,0.07361444200209813,0.0014229437742130657,0.8954578248819902,0.029504789341698777,3,-0.7967835480766261,-0.015929030023634865,0.8096020504914602,0.0031105276088008726,1.1360339944927034,3,0.4978772535876296,0.4042091324605339,-0.09366812112709566
tm225119,ruben macedo_1996,1920,0.2340690725282987,0.6840161619938553,0.01578720555137184,0.06612755992647405,2,2021,0.7591710632767207,0.17656930411901955,0.01032002143385983,0.05393961117039989,1,0.525101990748422,-0.5074468578748357,-0.005467184117512009,-0.012187948756074166,0.730249480901681,1,0.8447799766690299,0.7200496613295118,-0.12473031533951817
tm228940,joao novais_1993,1920,0.36418764802583864,0.4677711781721869,0.017523787769080635,0.15051738603289383,2,2021,0.825626150264229,0.1036111753150529,0.01333386923248392,0.057428805188234205,1,0.4614385022383904,-0.364160002857134,-0.004189918536596716,-0.09308858084465962,0.5878397353414111,1,1.0791630837854245,0.6147532183158542,-0.4644098654695703
tm231289,otavio_1995,1920,0.7223884831421938,0.18371370039325602,0.019431431876641307,0.07446638458790888,1,2021,0.8612405198972227,0.0599071644256872,0.01661338209197661,0.062238933585113496,1,0.13885203675502888,-0.12380653596756883,-0.0028180497846646974,-0.01222745100279539,0.18605345431863837,1,0.8161914900355376,0.5381871876054727,-0.2780043024300649
tm232577,jonatan lucca_1994,1920,0.8237409879541331,0.019096067076821648,0.12000858326725801,0.03715436170178726,1,2021,0.9329112693602819,0.018375654582957146,0.03959406858458468,0.009119007472176217,1,0.10917028140614882,-0.0007204124938645015,-0.08041451468267333,-0.02803535422961104,0.1355919005992206,1,0.6120885524519669,0.30891652891172394,-0.303172023540243
tm235568,joao pedro_1993,1920,0.7228021262206188,0.2707522653066639,0.004187161472114547,0.002258447000602651,1,2021,0.9895543758358266,0.005963435114157435,0.003176677644060252,0.0013055114059554794,1,0.2667522496152078,-0.2647888301925065,-0.0010104838280542952,-0.0009529355946471716,0.3758602244811985,1,0.6250761847806854,0.06787834442145027,-0.5571978403592351
tm236886,costinha_1992,1920,0.7281655844779723,0.1978055548136915,0.03738737172874201,0.036641488979594315,1,2021,0.956714518428007,0.02466740358175092,0.0070595160247061495,0.011558561965535917,1,0.22854893395003473,-0.17313815123194057,-0.030327855704035858,-0.025082927014058398,0.2883248401600467,1,0.7955602535175629,0.2201837442393863,-0.5753765092781766
tm237000,afonso figueiredo_1993,1920,0.18565765529824502,0.05090340181379361,0.734752646059967,0.028686296827994243,3,2021,0.6157857099358396,0.006424643408745449,0.3480839729605152,0.02970567369489978,1,0.43012805463759457,-0.04447875840504816,-0.38666867309945185,0.0010193768669055359,0.5800872055924583,1,0.7925423923936346,0.8027912421433872,0.010248849749752598
tm238055,rafa silva_1993,1920,0.05404037391077611,0.7358830757802226,0.013782223674373643,0.19629432663462762,2,2021,0.0906892387883061,0.8847154575234635,0.008394803936060883,0.01620049975216961,2,0.036648864877529996,0.14883238174324087,-0.005387419738312761,-0.180093826882458,0.15337288366466217,2,0.7620175766249617,0.43296934570960516,-0.32904823091535657
tm240262,tomislav strkalj_1996,1920,0.18515208310332784,0.3901418750024198,0.06455639204567737,0.36014964984857495,2,2021,0.32092535221064894,0.3873098801266323,0.10278717359848322,0.18897759406423562,2,0.1357732691073211,-0.0028319948757875024,0.03823078155280585,-0.17117205578433933,0.1410815135203896,1,1.2241885244355963,1.2808329634131037,0.05664443897750737
tm243779,adriano castanheira_1993,1920,0.6823621113952689,0.19439756258127297,0.07635320247452124,0.046887123548936746,1,2021,0.869429875853396,0.06498819248318519,0.03652121104366106,0.029060720619757573,1,0.18706776445812712,-0.12940937009808778,-0.03983199143086018,-0.017826402929179173,0.2309279565360013,1,0.9190743143977145,0.5230046816450868,-0.39606963275262763
tm255755,alex telles_1992,1920,0.07047039491539024,0.16915654392411666,0.10065469534461569,0.6597183658158774,4,2021,0.02891868371306056,0.053454616635277286,0.008957465232663846,0.9086692344189983,4,-0.041551711202329686,-0.11570192728883938,-0.09169723011195184,0.24895086860312088,0.15336838883028645,2,0.9930204996284315,0.38829490045877735,-0.6047255991696542
tm257388,wilson manafa_1994,1920,0.0035596070765548118,0.002023221528316936,0.9922316733969571,0.0021854979981711627,3,2021,0.015607710416161,0.000377690663962784,0.9829788089657577,0.0010357899541182146,3,0.012048103339606188,-0.0016455308643541521,-0.009252864431199326,-0.001149708044052948,0.015280054518539046,1,0.05374585409742423,0.09189872948160291,0.03815287538417868
tm257455,joao palhinha_1995,1920,0.9350534058567966,0.03018279464987535,0.017727585096389345,0.017036214396938722,1,2021,0.5166382984606432,0.017277591698539266,0.28581287875504363,0.18027123108577398,1,-0.4184151073961534,-0.012905202951336084,0.2680852936586543,0.16323501668883525,0.49709905555794076,1,0.30931209774919977,1.0781272639010142,0.7688151661518144
tm257456,francisco geraldes_1995,1920,0.2816433483010262,0.6258741128633779,0.03772247395374267,0.054760064881853227,2,2021,0.8163699069073724,0.15023640509156952,0.022661422921802152,0.010732265079255808,1,0.5347265586063462,-0.47563770777180836,-0.015061051031940515,-0.04402779980259742,0.7158146106301498,1,0.9328646270908592,0.5848976547166118,-0.34796697237424734
tm258015,diogo goncalves_1997,1920,0.009351212242952671,0.9750579551150403,0.0017131011903567675,0.013877731451650175,2,2021,0.5539420907920742,0.026534579633546464,0.2647272018253404,0.15479612774903884,1,0.5445908785491216,-0.9485233754814939,0.2630141006349836,0.14091839629738867,1.1249232133646012,2,0.13859265725046066,1.0641449639979155,0.9255523067474548
tm261927,ricardo horta_1994,1920,0.03124591559331982,0.6039878008647626,0.011494696473760344,0.35327158706815726,2,2021,0.010527013831637868,0.9819795052194338,0.000882914562925651,0.006610566386002746,2,-0.02071890176168195,0.3779917043546712,-0.010611781910834693,-0.3466610206821545,0.37870781793683966,2,0.8317449097240306,0.10518307353109067,-0.7265618361929399
tm262002,welinton junior_1993,1920,0.017303341222248757,0.6194435605727853,0.005569347812662622,0.35768375039230327,2,2021,0.13848317785815725,0.4842034395501486,0.024328617368051773,0.3529847652236423,2,0.12117983663590849,-0.13524012102263666,0.018759269555389153,-0.004698985168660963,0.182555069323135,2,0.7635139515745487,1.0829321221969814,0.3194181706224327
tm264848,ruben lameiras_1994,1920,0.049858168562462224,0.9054831214264925,0.008255588739453307,0.03640312127159203,2,2021,0.14405456717906262,0.825425496257917,0.00995391695225702,0.02056601961076354,2,0.0941963986166004,-0.08005762516857551,0.0016983282128037128,-0.015837101660828492,0.12363279976886399,1,0.3996138856011166,0.5632441201079423,0.16363023450682573
tm265589,fahd moufi_1996,1920,0.058835833196035525,0.028614809074451093,0.8932411221207217,0.01930823560879165,3,2021,0.1852573347664846,0.011184159604887712,0.7407767782921826,0.0627817273364451,3,0.12642150157044907,-0.01743064946956338,-0.15246434382853913,0.043473491727653454,0.19882555102230912,3,0.4454340578864808,0.7586589358554092,0.3132248779689284
tm269467,cesar_1992,1920,0.012708456621756813,0.004354643823549062,0.9708189003365767,0.012117999218117343,3,2021,0.00020714502291152567,1.693223351477606e-05,0.9996493811696774,0.00012654157389647367,3,-0.012501311598845287,-0.004337711590034286,0.02883048083310069,-0.01199145764422087,0.031722155642350786,3,0.16138131274446615,0.0034293058190444123,-0.15795200692542175
tm27178,ruben fernandes_1986,1920,0.04279881709621269,0.016624766833116235,0.8468956233992561,0.09368079267141496,3,2021,0.0041261705087243025,0.0003086962982938663,0.993525032385306,0.0020401008076758797,3,-0.03867264658748838,-0.01631607053482237,0.14662940898604993,-0.09164069186373909,0.15251875730996622,3,0.56553739043759,0.044241475166395636,-0.5212959152711943
tm280178,claude goncalves_1994,1920,0.9332031051859672,0.015162957264941998,0.03975333871398627,0.011880598835104676,1,2021,0.9125494962933495,0.009287713432740801,0.06828003490046078,0.009882755373448815,1,-0.020653608892617692,-0.005875243832201197,0.028526696186474507,-0.0019978434616558603,0.03570521594518725,3,0.3089025459142008,0.35586924638199735,0.04696670046779655
tm282820,easah suliman_1998,1920,0.00041953392272635565,2.4457582311055982e-05,0.9993127055481846,0.0002433029467781459,3,2021,0.001094618531039724,3.127150956688577e-05,0.9984708477148256,0.00040326224456780306,3,0.0006750846083133684,6.813927255829788e-06,-0.0008418578333589943,0.00015995929778965715,0.0010791247701605973,3,0.006233785429978269,0.012466619522740585,0.0062328340927623165
tm283130,moussa marega_1991,1920,0.034417131181923404,0.543665390938178,0.009461878685142151,0.4124555991947565,2,2021,0.00550333456783337,0.9691690103868008,0.001465601618075797,0.023862053427289927,2,-0.028913796614090034,0.4255036194486228,-0.007996277067066354,-0.3885935457674666,0.42655981789832553,2,0.8566581384850251,0.1576809597798514,-0.6989771787051737
tm288248,denis will poha_1997,1920,0.9688572085197009,0.012045511186874535,0.015418749968241243,0.003678530325183258,1,2021,0.986497589092024,0.0006298475995657795,0.011194624418611967,0.0016779388897981578,1,0.01764038057232309,-0.011415663587308755,-0.004224125549629277,-0.0020005914353851003,0.021432303621730254,1,0.1688313297769797,0.0790650372976341,-0.0897662924793456
tm290336,rochinha_1995,1920,0.09888037711392127,0.7397156077182964,0.02103714181692922,0.14036687335085327,2,2021,0.3074796880133329,0.5455839233743293,0.02355847996709481,0.12337790864524298,2,0.20859931089941164,-0.1941316843439671,0.0025213381501655897,-0.016988964705610288,0.2849686658564456,1,0.8086542514224866,1.0396657731797074,0.23101152175722084
tm290388,rafael ramos_1995,1920,0.05762304381654116,0.012252778167623825,0.8762169554929506,0.05390722252288426,3,2021,0.17058596406909438,0.0048323281564004806,0.8048458758990271,0.019735831875478116,3,0.11296292025255322,-0.007420450011223345,-0.07137107959392353,-0.034171390647406145,0.1338264377197418,1,0.4916035062299038,0.579657118265135,0.08805361203523121
tm290391,nuno santos_1995,1920,0.16363823839059063,0.6537196274134169,0.027812817621450707,0.15482931657454166,2,2021,0.22621618534783736,0.5520114541713353,0.018172634995152728,0.20359972548567448,2,0.06257794695724672,-0.10170817324208159,-0.00964018262629798,0.04877040891113282,0.11980603102804818,2,0.9625383575890809,1.0610969274337352,0.09855856984465428
tm290530,bilel aouacheria_1994,1920,0.0681908806136683,0.8882353794219009,0.006733167445232351,0.03684057251919835,2,2021,0.5046957614662081,0.4430733038961207,0.023117407556784486,0.029113527080886794,1,0.4365048808525398,-0.4451620755257802,0.016384240111552137,-0.007727045438311559,0.6236779840739477,2,0.4436822243137579,0.8958299573683204,0.45214773305456246
tm291399,nanu_1994,1920,0.35704213182309696,0.5037780615036652,0.11643498065817125,0.022744826015066628,2,2021,0.7127806665968642,0.0031110787652023123,0.2806703853283994,0.003437869309533998,1,0.35573853477376727,-0.5006669827384629,0.16423540467022812,-0.01930695670553263,0.6357598610124869,2,1.0495558162294467,0.6354092371773159,-0.4141465790521308
tm292398,fabio abreu_1993,1920,0.046036211715967154,0.6296051404391038,0.014313238298250415,0.3100454095466787,2,2021,0.08427373447675357,0.5540759053070234,0.04561204407409637,0.3160383161421267,2,0.038237522760786416,-0.07552923513208032,0.031298805775845956,0.005992906595447989,0.0902573473436532,2,0.8568658174272378,1.040495726678485,0.18362990925124711
tm293607,bozhidar kraev_1997,1920,0.014981697806398991,0.9731041074770693,0.0008759049761114135,0.011038289740420476,2,2021,0.07175801037016402,0.8894291998377843,0.006588711508209422,0.03222407828384235,2,0.05677631256376503,-0.08367490763928498,0.005712806532098009,0.021185788543421874,0.10128018560041444,2,0.14537729208123001,0.43704467061548324,0.29166737853425323
tm298410,joao pedro sousa silva_1996,1920,0.03923589330592159,0.09522287782625222,0.008379954405945206,0.857161274461881,4,2021,0.03519299924440757,0.2548918158403766,0.021703347307748425,0.6882118376074674,4,-0.004042894061514014,0.1596689380141244,0.013323392901803219,-0.16894943685441355,0.16027485004630873,2,0.523157951942052,0.8064898038382468,0.2833318518961948
tm299400,pedro sa_1993,1920,0.9963375679275907,0.0006299984439227082,0.002507141196373391,0.0005252924321133189,1,2021,0.4054954127072906,0.00542485613929845,0.49445874718412824,0.09462098396928256,3,-0.5908421552203,0.004794857695375742,0.49195160598775484,0.09409569153716925,0.7688522781910835,1,0.02727974654717886,0.9656665595735077,0.9383868130263288
tm302371,toni martinez_1997,1920,0.06687022809980671,0.3373782411143872,0.01397293366605293,0.5817785971197532,4,2021,0.015533571374739267,0.3661624015473514,0.008677608270572356,0.6096264188073369,4,-0.051336656725067445,0.028784160432964223,-0.005295325395480574,0.027847821687583707,0.05909332184419875,1,0.9222651573161282,0.7754711464125599,-0.14679401090356836
tm307058,mehdi taremi_1992,1920,0.035958203168563775,0.24959000175007276,0.011665064895073922,0.7027867301862896,4,2021,0.011083174610984544,0.6633858560432849,0.004679794025666625,0.3208511753200638,2,-0.024875028557579233,0.4137958542932122,-0.006985270869407297,-0.38193555486622577,0.4146017005333054,2,0.7657873929122416,0.7119939032336676,-0.053793489678574
tm308560,jhon murillo_1995,1920,0.93029693190189,0.043984304568303746,0.020989194527742477,0.004729569002063704,1,2021,0.11632657083121192,0.844562596273035,0.01244077047125125,0.02667006242450197,2,-0.8139703610706781,0.8005782917047313,-0.008548424056491227,0.021940493422438267,1.1417295763026574,1,0.3110375569477902,0.5441698712590513,0.23313231431126108
tm310822,koki anzai_1995,1920,0.1463193533390934,0.39125194981888,0.4315470511709279,0.030881645671098665,3,2021,0.7260860431888827,0.001431484206685463,0.2703123764228461,0.002170096181585627,1,0.5797666898497893,-0.3898204656121945,-0.16123467474808179,-0.028711549489513037,0.716997929153641,1,1.1184294721781236,0.6087109861653142,-0.5097184860128094
tm312123,lucas possignolo_1994,1920,0.0004124231401343423,2.256849086609944e-05,0.9994919705701153,7.303779888417008e-05,3,2021,0.00010181209177633726,6.521963113087569e-06,0.9998584126974178,3.3253247692723437e-05,3,-0.00031061104835800507,-1.6046527753011873e-05,0.00036644212730252423,-3.978455119144664e-05,0.00048064180745851327,3,0.0046592141402168425,0.0014982334569458584,-0.003160980683270984
tm31316,silvestre varela_1985,1920,1.8531380917342386e-40,1.0,1.5119866935872808e-41,4.0193863934456884e-41,2,2021,0.23216715034075439,0.7527467771134195,0.005052342104618072,0.010033730441207952,2,0.23216715034075439,-0.24725322288658047,0.005052342104618072,0.010033730441207952,0.3392068219919664,2,8.289306334778563e-11,0.6257226514380341,0.625722651355141
tm314367,marcus edwards_1998,1920,0.008987576315508498,0.9221337161360706,0.002413974806804122,0.06646473274161664,2,2021,0.158888067940973,0.7254006396928617,0.01804764977624738,0.09766364258991793,2,0.14990049162546448,-0.19673307644320892,0.01563367496944326,0.031198909848301287,0.24782750563530195,2,0.311840706615956,0.8248039188348797,0.5129632122189237
tm314944,ricardo mangas_1998,1920,0.2523397362120187,0.2505041914889169,0.4734550879942983,0.023700984304766137,3,2021,0.5034133827410674,0.06154807850145132,0.38834917980097916,0.046689358956502176,1,0.2510736465290487,-0.18895611298746556,-0.08510590819331915,0.02298837465173604,0.3255539958687885,1,1.1369306191523099,1.0274942830523779,-0.10943633609993197
tm319623,pedro amaral_1997,1920,0.24660078630309876,0.18592167480604474,0.5330154135104288,0.03446212538042779,3,2021,0.9356526059341347,0.0025078154367498286,0.05954243276268983,0.0022971458664256357,1,0.6890518196310359,-0.1834138593692949,-0.47347298074773897,-0.03216497951400216,0.8559262336461769,1,1.1094781718014428,0.2591796643884173,-0.8502985074130256
tm329722,andre horta_1996,1920,0.8260201450060467,0.10685355717440323,0.04947812210152159,0.017648175718028587,1,2021,0.6994076224898612,0.27131389689199126,0.009230678875160648,0.02004780174298682,1,-0.1266125225161855,0.16446033971758803,-0.04024744322636094,0.002399626024958232,0.21141852067450284,2,0.6168286720211943,0.7256039269311478,0.10877525490995354
tm332615,nelson monte_1995,1920,0.002391989313223502,0.0004027221838719796,0.9963358402190562,0.0008694482838482233,3,2021,0.005682380017494119,0.00043983958900430407,0.9875575046521013,0.006320275741400301,3,0.003290390704270617,3.7117405132324475e-05,-0.008778335566954842,0.005450827457552077,0.009374818612356116,3,0.027370354927604715,0.07715025046989343,0.04977989554228872
tm333166,ronan_1995,1920,0.10495091390226809,0.3820193185001822,0.022238971677000192,0.4907907959205494,4,2021,0.32178024220159634,0.33947044685725525,0.08021753225987148,0.258531778681277,2,0.21682932829932827,-0.04254887164292698,0.05797856058287129,-0.2322590172392724,0.22844447372629925,1,1.0381516571796783,1.2837306984079104,0.24557904122823215
tm334557,chiquinho_1995,1920,0.12926772918763724,0.6436111823856407,0.0324501858466238,0.1946709025800982,2,2021,0.36408862573838424,0.35859595554509777,0.07103634277204236,0.2062790759444756,1,0.234820896550747,-0.285015226840543,0.038586156925418565,0.011608173364377389,0.37129964246432534,2,0.9778879584351013,1.2490980196533104,0.271210061218209
tm335062,nikola jambor_1995,1920,0.9099358133232317,0.00428045974951871,0.07710913680047286,0.008674590126776686,1,2021,0.9978021030458328,0.0001880811282344054,0.0017873769549382682,0.00022243887099446282,1,0.08786628972260113,-0.004092378621284304,-0.07532175984553459,-0.008452151255782223,0.11580414473853867,1,0.3480012946521541,0.016988606307516887,-0.33101268834463726
tm335380,pedro nuno_1995,1920,0.04633141672256999,0.7967096488750827,0.0068153953625068875,0.1501435390398406,2,2021,0.026062245959220166,0.5636788310870859,0.0067458522660603605,0.4035130706876335,2,-0.020269170763349824,-0.23303081778799672,-6.954309644652702e-05,0.25336953164779286,0.2339106798729349,2,0.6420870822713098,0.818124692034716,0.1760376097634062
tm336158,gustavo sauer_1993,1920,0.6846545808046558,0.2685828014210938,0.014747183430257273,0.0320154343439932,1,2021,0.8388329284170335,0.120323355217982,0.013707077109321682,0.027136639255662818,1,0.1541783476123777,-0.14825944620311182,-0.0010401063209355913,-0.0048787950883303795,0.21389929425338325,1,0.7848197954657854,0.5588926063036134,-0.22592718916217203
tm337798,abdu conte_1998,1920,0.02659860624125623,0.00492536549414802,0.9606621267327706,0.00781390153182512,3,2021,0.8282577244855598,0.013080960907071632,0.14067313389538452,0.017988180711984186,1,0.8016591182443036,0.008155595412923612,-0.8199889928373861,0.010174279180159066,1.146780625915543,3,0.19910628918196463,0.560977963756379,0.3618716745744144
tm34077,tarantini_1983,1920,0.962399956585177,0.01872627641186717,0.016425321127588863,0.0024484458753668823,1,2021,0.9401448368121498,0.0037491759163806636,0.050393000486488856,0.005712986784980683,1,-0.022255119773027188,-0.014977100495486506,0.033967679358899994,0.0032645409096138003,0.04328287347661577,3,0.1935853400419392,0.25904776168695176,0.06546242164501256
tm341110,franco cervi_1994,1920,0.08489190656809222,0.87254393530497,0.016501293896662328,0.026062864230275658,2,2021,0.6417385402023574,0.11068611729807488,0.15479130331281707,0.09278403918675071,1,0.5568466336342652,-0.7618578180068951,0.13829000941615474,0.06672117495647506,0.9537450576293232,2,0.49112417891956384,1.0376680807182936,0.5465439017987298
tm344392,fernando ferreira fonseca_1997,1920,0.020259719414668954,0.010744520095993611,0.9408757886816499,0.0281199718076877,3,2021,0.019260279691427365,0.00047748730297200216,0.9767638808045903,0.003498352201010467,3,-0.0009994397232415894,-0.010267032793021609,0.03588809212294042,-0.02462161960667723,0.03734121045651884,3,0.2854688923202782,0.1224727057838042,-0.16299618653647402
tm344519,bruno costa_1997,1920,0.5207788286381945,0.45682566328020163,0.011217850065712074,0.011177658015891942,1,2021,0.9556777344668786,0.025047866164596432,0.007523266263399933,0.011751133105125055,1,0.4348989058286842,-0.4317777971156052,-0.0036945838023121416,0.0005734750892331126,0.6128480842121183,1,0.7982748142868741,0.22468251805754227,-0.5735922962293318
tm347905,joao paulo lazaro lucas_1996,1920,0.22464817441759724,0.029013917960387776,0.685860419855037,0.06047748776697808,3,2021,0.09093486681811963,0.0031632860798913353,0.8662778793912562,0.03962396771073284,3,-0.1337133075994776,-0.025850631880496442,0.18041745953621924,-0.020853520056245245,0.22604858659880347,3,0.8664514335674162,0.4885075239591622,-0.37794390960825397
tm350311,helder ferreira_1997,1920,0.06231933267607658,0.9199024072088419,0.004776603228535165,0.013001656886546397,2,2021,0.15110082267814137,0.8317634546882688,0.008573838949783277,0.008561883683806728,2,0.08878149000206478,-0.08813895252057302,0.003797235721248112,-0.00443977320273967,0.1251600851610979,1,0.3317551207872188,0.5203298763161605,0.18857475552894165
tm351738,lincoln_1998,1920,0.09440561484401812,0.7697230894173865,0.022609146531397267,0.1132621492071981,2,2021,0.8806939054108632,0.07847148993534127,0.01175244579137159,0.029082158862423876,1,0.7862882905668451,-0.6912515994820453,-0.010856700740025677,-0.08417999034477422,1.0469937524264297,1,0.7566329809268346,0.4667055969617301,-0.28992738396510453
tm352811,aylton boa morte_1993,1920,0.017648884228123555,0.9807465591544222,0.00051407457285429,0.0010904820445999136,2,2021,0.008281100365096704,0.9897248349495821,0.0007057476301104657,0.0012883170552107429,2,-0.00936778386302685,0.008978275795159862,0.00019167305725617566,0.0001978350106108292,0.012976962253132189,1,0.10164838325404961,0.0636140464718573,-0.03803433678219231
tm352898,joao amaral_1991,1920,0.05465561942086118,0.7727279582150813,0.015232606607108979,0.1573838157569486,2,2021,0.08747778419959124,0.8568615107265322,0.009373333526966732,0.046287371546909796,2,0.032822164778730054,0.08413355251145083,-0.005859273080142247,-0.11109644421003881,0.09049906209451478,2,0.7128501377596043,0.5315035943337438,-0.18134654342586043
tm352918,henrique gomes_1995,1920,0.13502345084699868,0.15413309696940522,0.375262956379486,0.3355804958041101,3,2021,0.013441800351095622,0.00029623072512271597,0.9848984427598835,0.0013635261638982466,3,-0.12158165049590305,-0.1538368662442825,0.6096354863803974,-0.33421696964021186,0.6403930866330717,3,1.2928018034916609,0.08431565605166455,-1.2084861474399964
tm356099,cristian borja_1993,1920,0.09255996469981259,0.12099096092643896,0.7115164653121809,0.07493260906156755,3,2021,0.21670274905237455,0.058352600147057586,0.6069468828679212,0.11799776793264669,3,0.12414278435256196,-0.06263836077938137,-0.10456958244425973,0.04306515887107913,0.17398216207560324,1,0.9121532574980655,1.0524113390891443,0.14025808159107878
tm357156,diogo leite_1999,1920,0.04307747967081022,0.0016058330379126648,0.9482402299706413,0.007076457320635868,3,2021,0.012967315247513744,0.0007199495902140367,0.9834656193239378,0.002847115838334556,3,-0.030110164423296476,-0.0008858834476986281,0.035225389353296555,-0.004229341482301312,0.04634905442586929,3,0.2312321436102293,0.09464212123506727,-0.13659002237516205
tm357163,filipe soares_1999,1920,0.9717997803507911,0.019427622946883105,0.005377624867469681,0.003394971834856158,1,2021,0.8421759191723168,0.14135743791890734,0.011573597420949256,0.004893045487826603,1,-0.12962386117847424,0.12192981497202424,0.006195972553479575,0.0014980736529704454,0.1780663225930493,1,0.15176701769940804,0.49885588267596065,0.3470888649765526
tm358177,andre pereira_1995,1920,0.05192034400635753,0.9207429430243103,0.002979859861885284,0.024356853107447063,2,2021,0.08027502315781004,0.4130031122917186,0.033555253734560496,0.4731666108159108,4,0.02835467915145251,-0.5077398307325917,0.030575393872675213,0.44880975770846376,0.509449289186482,2,0.3374272789830465,1.0356757508327012,0.6982484718496548
tm362667,mateo cassierra_1997,1920,0.08211423471826042,0.44630108986104494,0.05039085387661669,0.42119382154407803,2,2021,0.023941162748362763,0.6439148136362778,0.017683210496867642,0.31446081311849183,2,-0.058173071969897655,0.19761372377523284,-0.032707643379749046,-0.1067330084255862,0.20857871430753847,2,1.0800703590996377,0.8079488896974147,-0.2721214694022229
tm364857,falaye sacko_1995,1920,0.01112538036417746,0.008226406749133795,0.9596233331448436,0.02102487974184499,3,2021,0.1598268755222189,0.002141468438456664,0.8258048965485315,0.01222675949079295,3,0.14870149515804143,-0.006084938310677131,-0.1338184365963121,-0.008798120251052042,0.2001412878682531,1,0.21028735058085274,0.5181354092512579,0.30784805867040516
tm366278,rodrigo pinho_1991,1920,0.10336293345044373,0.24545657714408312,0.01202595273910293,0.6391545366663702,4,2021,0.020669748306123052,0.617553261881892,0.010235565074216397,0.35154142473776867,2,-0.08269318514432067,0.3720966847378089,-0.0017903876648865322,-0.28761311192860156,0.3811788440485277,2,0.918614365716223,0.792243516074917,-0.12637084964130596
tm367468,nuno santos_1999,1920,0.13849744476078088,0.7693906551067073,0.04604793693451045,0.046063963198001226,2,2021,0.9083094755944323,0.009014641838255288,0.07426482475539911,0.008411057811913349,1,0.7698120308336515,-0.7603760132684521,0.02821688782088866,-0.03765290538608788,1.0823947695404632,1,0.7590078415548124,0.36308841169461525,-0.3959194298601971
tm371245,guilherme schettine_1995,1920,0.08355848102869434,0.4234052162865572,0.013990443898763232,0.4790458587859851,4,2021,0.07281074399573254,0.5513031820510954,0.01895939541403793,0.35692667853913407,2,-0.010747737032961807,0.1278979657645382,0.004968951515274697,-0.12211918024685103,0.12844490638868417,2,0.9835834738726459,0.9619383777555579,-0.02164509611708798
tm373187,maracas_1994,1920,0.01061405512645464,0.002046667806973993,0.9836703815191608,0.0036688955474106955,3,2021,0.0008917891490681303,5.1833754463541056e-05,0.9983135974101138,0.0007427796863544958,3,-0.00972226597738651,-0.001994834052510452,0.014643215890953076,-0.0029261158610562,0.017689702944401392,3,0.09768925462947767,0.013810651772056088,-0.08387860285742157
tm373300,cryzan_1996,1920,0.06246855287165245,0.12507445336403228,0.014065251708936938,0.7983917420553784,4,2021,0.020082168462267267,0.6606720573631851,0.006507582688380394,0.3127381914861673,2,-0.04238638440938518,0.5355976039991528,-0.007557669020556544,-0.4856535505692111,0.5373253366015396,2,0.67297909955164,0.7486143043759768,0.07563520482433672
tm373374,braian mansilla_1997,1920,0.059807759537186894,0.8976103700896819,0.012572292527458435,0.03000957784567266,2,2021,0.14373770095539282,0.45045980867628693,0.029478325773660236,0.37632416459466006,2,0.08392994141820592,-0.447150561413395,0.016906033246201803,0.3463145867489874,0.45527318567965264,2,0.4256552322916715,1.10972078279749,0.6840655505058184
tm375382,andre almeida_2000,1920,0.17196595891904434,0.15234884350928818,0.03521547856958569,0.6404697190020818,4,2021,0.7756645992378153,0.13517167185760567,0.06726807644042798,0.021895652464151,1,0.603698640318771,-0.017177171651682505,0.03205259787084229,-0.6185740665379308,0.604792917103825,1,0.9925998396119762,0.7327875975361994,-0.2598122420757768
tm375770,gabriel airton de souza_1996,1920,0.3866805222062122,0.5595311458615749,0.024486458125795134,0.029301873806417824,2,2021,0.9023176892503053,0.038484751014307775,0.03951515095404177,0.019682408781345192,1,0.5156371670440931,-0.5210463948472671,0.015028692828246634,-0.009619465025072632,0.7332099939503811,2,0.8865766370656278,0.4231011554113538,-0.46347548165427405
tm375820,henrique_1995,1920,0.3125879167379335,0.055807141728367704,0.5463985138873924,0.08520642764630637,3,2021,0.10312480923844297,0.00981743741146594,0.0954263552432343,0.7916313981068568,4,-0.20946310749949054,-0.04598970431690176,-0.45097215864415807,0.7064249704605504,0.49936533137440653,3,1.0646331376818614,0.6888392174522329,-0.37579392022962854
tm376175,thiago santana_1993,1920,0.09755629683994876,0.5190173041333512,0.016099089376244952,0.36732730965045507,2,2021,0.020857314650524466,0.43116309114587453,0.010556871138017936,0.537422723065583,4,-0.0766989821894243,-0.0878542129874767,-0.005542218238227016,0.17009541341512796,0.11675535444485054,2,1.0017782393137462,0.8252105856883465,-0.17656765362539972
tm377641,al musrati_1996,1920,0.9287561308666866,0.007146234166851051,0.05298614728975939,0.011111487676702912,1,2021,0.3311943522369956,0.023996652484715476,0.5932920151272048,0.051516980151084156,3,-0.597561778629691,0.016850418317864425,0.5403058678374454,0.040405492474381244,0.8057880904407447,1,0.3096121894849734,0.9180204130246937,0.6084082235397203
tm379249,matheus reis_1995,1920,0.14947349283939323,0.048974924693797224,0.7543310556566946,0.04722052681011506,3,2021,0.0182125132166034,0.0004112170546835788,0.9789317063275763,0.0024445634011367534,3,-0.13126097962278982,-0.04856370763911365,0.22460065067088175,-0.044775963408978305,0.2646381128125259,3,0.7886497763037776,0.1117050101914916,-0.676944766112286
tm380409,joao jaquite_1996,1920,0.986866714988509,0.0022012597795802117,0.008348329834590504,0.0025836953973202566,1,2021,0.34108760655592807,0.01927808632228187,0.5336805734192411,0.10595373370254901,3,-0.6457791084325809,0.017076826542701658,0.5253322435846506,0.10337003830522876,0.8326441262883149,1,0.08186315615934,1.015973115624028,0.9341099594646879
tm387378,luther singh_1997,1920,0.01477976767621659,0.9586543802313219,0.0014402429632312831,0.025125609129230297,2,2021,0.000972739335052102,0.9985791048581124,5.421564152517409e-05,0.0003939401653103128,2,-0.013807028341164488,0.03992472462679053,-0.001386027321706109,-0.024731668963919984,0.0422674666839082,2,0.20475098048911652,0.011786971183802345,-0.19296400930531418
tm396342,toni borevkovic_1997,1920,8.64502904130354e-05,4.010875101435924e-06,0.9998927499609372,1.6788873548241205e-05,3,2021,5.334194713844712e-05,1.9852951313497133e-06,0.9999293096160958,1.5363141634523454e-05,3,-3.310834327458828e-05,-2.0255799700862107e-06,3.655965515858561e-05,-1.425731913717751e-06,4.936470149730357e-05,3,0.0011504994560194905,0.0007918523690615493,-0.0003586470869579412
tm396429,diogo calila_1998,1920,0.8185490896193288,0.04442952108125562,0.13247847322300535,0.004542916076410173,1,2021,0.9606462150003858,0.006116337723173487,0.023380836245782837,0.009856611030657837,1,0.142097125381057,-0.038313183358082134,-0.10909763697722251,0.005313694954247664,0.18319876488285528,1,0.5945271008441279,0.20309113536085865,-0.3914359654832692
tm400831,rafael camacho_2000,1920,0.06757966214112827,0.8537740204603826,0.028440718038234575,0.0502055993602545,2,2021,0.012784159652692842,0.9559377932139252,0.004611152419948259,0.026666894713433503,2,-0.054795502488435434,0.1021637727535426,-0.023829565618286315,-0.023538704646821,0.11835468623486711,2,0.5685055278490503,0.22026440857313512,-0.34824111927591517
tm407907,gelson_1996,1920,0.011758512151549173,0.06490732881997006,0.003813321597418371,0.9195208374310624,4,2021,0.00509554135121085,0.9893646326608542,0.0012667617563542144,0.004273064231580989,2,-0.006662970800338323,0.9244573038408841,-0.0025465598410641566,-0.9152477731994814,0.9244848223587379,2,0.3281409058421452,0.06924227147855677,-0.25889863436358845
tm411502,danny henriques_1997,1920,0.10131422522331032,0.06875468978345053,0.45254673279667496,0.37738435219656413,3,2021,0.20567715043056073,0.0025056586790960975,0.7856477363736344,0.006169454516708866,3,0.1043629252072504,-0.06624903110435444,0.33310100357695943,-0.37121489767985527,0.355298230876622,3,1.1425983860346922,0.561200578731398,-0.5813978073032943
tm411838,bruno viana_1995,1920,7.757572415937961e-05,5.050979998932512e-06,0.9998960780735873,2.1295222254587037e-05,3,2021,0.0012831939342212938,0.0001940191414080129,0.9979582607662784,0.0005645261580921879,3,0.0012056182100619141,0.00018896816140908038,-0.0019378173073089089,0.0005432309358376008,0.0022900568008163403,3,0.0011287877281171942,0.016464451760026234,0.01533566403190904
tm415645,alexandre pinto_1998,1920,0.008722595986242296,0.005046741678600318,0.9637971995847717,0.02243346275038591,3,2021,0.038227317524353335,0.0017624212988603335,0.9354009320741888,0.024609329102597277,3,0.02950472153811104,-0.0032843203797399845,-0.028396267510582884,0.0021758663522113662,0.04108118014286875,1,0.18877722436893202,0.28959198815305026,0.10081476378411824
tm426620,pedro goncalves_1998,1920,0.12606902016837704,0.8392333733469757,0.010439203920645354,0.024258402564001903,2,2021,0.04003050470060172,0.7185459935987465,0.009515728574737052,0.23190777312591462,2,-0.08603851546777533,-0.12068737974822918,-0.000923475345908302,0.2076493705619127,0.14821917076109417,2,0.5460114476352486,0.7495280449076092,0.2035165972723606
tm430761,lucas fernandes_1997,1920,0.015579136299529681,0.9831882786143227,0.0005455638361720954,0.0006870212499756118,2,2021,0.8706619853154184,0.04403068398375165,0.024995912667008093,0.060311418033822055,1,0.8550828490158887,-0.939157594630571,0.024450348830835997,0.05962439678384644,1.270346994246595,2,0.0906100820318299,0.5196695487556054,0.42905946672377554
tm432960,lourency_1996,1920,0.0018366539431205957,0.995019265290386,0.00024340985637190415,0.0029006709101215503,2,2021,0.11853973654865889,0.8694142203963918,0.00480953919591961,0.007236503859029766,2,0.1167030826055383,-0.12560504489399416,0.004566129339547706,0.004335832948908215,0.17151409950672528,2,0.035512315131585565,0.43578403526063175,0.4002717201290462
tm433358,tomas ribeiro_1999,1920,0.0007973303827920616,4.4440489989865815e-05,0.9990668605768717,9.136855034651196e-05,3,2021,1.5722673667574933e-05,7.100083852401254e-07,0.9999791069461459,4.460371801296427e-06,3,-0.0007816077091244866,-4.373048160462569e-05,0.0009122463692742278,-8.690817854521553e-05,0.0012020883512613419,3,0.00791618867695717,0.00025979731429298826,-0.007656391362664182
tm435497,fabio china_1992,1920,0.28740758992800014,0.013285255383500966,0.6789400573126199,0.02036709737587902,3,2021,0.8011205600756478,0.008300557229314632,0.16990003718666363,0.0206788455083738,1,0.5137129701476477,-0.004984698154186335,-0.5090400201259562,0.0003117481324947796,0.723220301846844,1,0.7579691273478675,0.5987764510707462,-0.1591926762771213
tm437566,claudio falcao_1994,1920,0.2440655576240813,0.0022429783416967842,0.7478711655914572,0.005820298442764699,3,2021,0.3217339520369986,0.010395039952143957,0.5968176346779065,0.07105337333295109,3,0.07766839441291731,0.008152061610447174,-0.15105353091355067,0.06523307489018638,0.17004706642759826,3,0.6051207494367666,0.9082560276680856,0.3031352782313189
tm438202,bruno tabata_1997,1920,0.04186310311669169,0.7537379102690397,0.016449813339269762,0.1879491732749989,2,2021,0.16618303069340867,0.08671058185207209,0.01881130696225697,0.7282950804922622,4,0.12431992757671698,-0.6670273284169677,0.002361493622987206,0.5403459072172633,0.6785178537812316,2,0.7276753871796192,0.8159140034607592,0.08823861628113994
tm445517,heriberto tavares_1997,1920,0.011413556396970398,0.9782002631809583,0.0009914983485201805,0.009394682073551009,2,2021,1.0204658442154182e-40,1.0,5.069287943579494e-42,2.752803481643813e-41,2,-0.011413556396970398,0.021799736819041682,-0.0009914983485201805,-0.009394682073551009,0.024626832195420986,2,0.12332090288293344,8.289306334778563e-11,-0.12332090280004038
tm448466,jovane cabral_1998,1920,0.03361064465065338,0.6699326669055378,0.004195481810986812,0.2922612066328221,2,2021,0.023846457264899215,0.7844240698580969,0.003175710305731874,0.1885537625712721,2,-0.009764187385754165,0.11449140295255911,-0.0010197715052549378,-0.10370744406155002,0.11491153396971215,2,0.7648759687491751,0.6124009285360802,-0.15247504021309488
tm45287,adel taarabt_1989,1920,0.7832624377955602,0.2019598000135258,0.01062183977196463,0.004155922418949401,1,2021,0.9890035159469098,0.002873908190968739,0.005740682727803513,0.002381893134317867,1,0.20574107815134968,-0.19908589182255704,-0.004881157044161117,-0.0017740292846315335,0.2863361822329697,1,0.5854760221405718,0.07176338755394174,-0.5137126345866301
tm454121,galeno_1997,1920,0.035783092039323366,0.6726247094900525,0.006362968197891005,0.28522923027273317,2,2021,0.611393896424854,0.32933021272358604,0.019975135098268978,0.03930075575329105,1,0.5756108043855306,-0.34329449676646645,0.013612166900377972,-0.2459284745194421,0.6703463289399165,1,0.7758974183260483,0.8719648580688225,0.09606743974277421
tm461512,oleg reabciuk_1998,1920,0.11833547059125873,0.05568555257004524,0.7664523095450841,0.059526667293611876,3,2021,0.25393790223582813,0.09968208885120124,0.5357414974588401,0.11063851145413053,3,0.1356024316445694,0.043996536281156,-0.230710812086244,0.05111184416051866,0.2712032328091857,3,0.7851846706883387,1.1558352257042996,0.3706505550159609
tm461629,gustavo assuncao_2000,1920,0.9995736481525571,6.690395267617557e-05,0.00032723026488619086,3.221762988062859e-05,1,2021,0.7724085083614788,0.005111031611938434,0.2110050163379987,0.01147544368858408,1,-0.22716513979107833,0.005044127659262258,0.21067778607311252,0.011443226058703453,0.3098621846963764,1,0.004028558107576209,0.6059998656299181,0.601971307522342
tm478366,miguel reisinho_1999,1920,0.8772350380613263,0.0057394857633985595,0.0770688047520721,0.03995667142320309,1,2021,0.46024646914467543,0.009680127318733084,0.3606109291033547,0.16946247443323695,1,-0.41698856891665087,0.003940641555334524,0.28354212435128257,0.12950580301003387,0.5042728740916591,1,0.4707090704173318,1.0706654577234986,0.5999563873061668
tm480692,luis diaz_1997,1920,0.08474232432565061,0.7860817038038752,0.006104994871749094,0.12307097699872499,2,2021,0.051903153856084155,0.8713079692634363,0.008308801823570067,0.06848007505690919,2,-0.032839170469566456,0.08522626545956113,0.0022038069518209736,-0.0545909019418158,0.0913607366782565,2,0.6873216892411091,0.496992672788733,-0.19032901645237615
tm498237,david carmo_1999,1920,2.820551257494203e-40,1.5119866935872808e-41,1.0,4.0193863934456884e-41,3,2021,0.009806052281550607,0.00028814431357119993,0.9864578168385673,0.003447986566310988,3,0.009806052281550607,0.00028814431357119993,-0.013542183161432741,0.003447986566310988,0.01672221316906766,3,8.289306334778563e-11,0.08069959445324279,0.08069959437034972
tm51058,lica_1988,1920,0.05544188636166842,0.5855512141331187,0.023048525441879648,0.3359583740633332,2,2021,0.0033901659354506736,0.9959345476998185,0.00026798417100823305,0.000407302193722681,2,-0.052051720426217744,0.41038333356669976,-0.022780541270871413,-0.3355510718696105,0.41429797866902535,2,0.9270983057972858,0.028720072433539006,-0.8983782333637468
tm510782,rodrigao_1995,1920,0.0550205838662998,0.03462365399912567,0.8661143075795185,0.04424145455505622,3,2021,0.001682768532442301,6.817150722491133e-05,0.9978615223931669,0.00038753756716581553,3,-0.0533378153338575,-0.034555482491900755,0.13174721481364848,-0.04385391698789041,0.1462748526780676,3,0.5384520750552739,0.01658294221770941,-0.5218691328375645
tm512913,stephen eustaquio_1996,1920,0.995872126953163,0.000463444770411629,0.0033757099079862606,0.000288718368439149,1,2021,0.7914121395242373,0.004410770294134977,0.19428181110524634,0.00989527907638142,1,-0.20445998742892568,0.003947325523723348,0.19090610119726006,0.009606560707942271,0.27975812287146407,1,0.02924186716086554,0.5730566180958957,0.5438147509350302
tm516127,walterson_1994,1920,0.7827271514301132,0.16919807948119278,0.024755508329706497,0.023319260758987465,1,2021,0.787125268416189,0.18734833729077924,0.016446675519175606,0.009079718773856195,1,0.0043981169860758396,0.018150257809586456,-0.008308832810530891,-0.01423954198513127,0.0204404499522642,2,0.6715655105735484,0.6124279152524222,-0.05913759532112617
tm517300,vitor tormena_1996,1920,3.024535536927283e-05,2.078226067340157e-06,0.9999573068792078,1.0369539355386056e-05,3,2021,0.006713839900172172,0.00014517616831335867,0.9923492144019312,0.0007917695295831552,3,0.006683594544802899,0.00014309794224601853,-0.007608092477276562,0.0007813999902277691,0.010127881525925662,3,0.000503629406678366,0.04815192670915758,0.047648297302479214
tm518472,willyan_1995,1920,0.4784136185292218,0.13145666157089922,0.16221448182690182,0.227915238072977,1,2021,0.4428770373501797,0.005636953076677112,0.5268546863861777,0.024631323186965506,3,-0.035536581179042126,-0.1258197084942221,0.3646402045592759,-0.2032839148860115,0.3873705286008427,3,1.2515387824482904,0.8187499569301022,-0.4327888255181882
tm520530,fali cande_1998,1920,0.017505590466696815,0.0021471920622247683,0.9783141835268878,0.002033033944190507,3,2021,0.14003203051208177,0.013423331225268398,0.8263075144463836,0.020237123816266224,3,0.12252644004538496,0.01127613916304363,-0.1520066690805042,0.018204089872075717,0.19556560860634353,3,0.11805586879123076,0.5697308737729887,0.45167500498175794
tm522714,anderson_1997,1920,0.007077092680322541,0.023758645665935954,0.0020575520547172718,0.9671067095990241,4,2021,0.021618886403565483,0.5505733144836993,0.009846767706261314,0.4179610314064739,2,0.014541793723242942,0.5268146688177633,0.007789215651544043,-0.5491456781925502,0.5270728895766934,2,0.16896549641590877,0.8215838967616164,0.6526184003457076
tm534473,paulinho_1997,1920,0.9030237001823304,0.0564528713841177,0.010057783799089462,0.030465644634462462,1,2021,0.7005980457776884,0.04984340873154922,0.11703494597155241,0.13252359951921,1,-0.202425654404642,-0.006609462652568475,0.10697716217246295,0.10205795488474753,0.2290500901204291,1,0.4069996929016399,0.9176638380227693,0.5106641451211293
tm535955,nuno tavares_2000,1920,0.13484268187415083,0.22140559279386138,0.20184373271433317,0.4419079926176546,4,2021,0.8478266850492924,0.01704362244483987,0.07583103795238225,0.05929865455348547,1,0.7129840031751415,-0.2043619703490215,-0.12601269476195093,-0.38260933806416914,0.7523225391743579,1,1.2878918372170212,0.5724754185071648,-0.7154164187098564
tm537598,fabio vieira_2000,1920,0.020014025143049455,0.07781380321169525,0.007207970641986513,0.8949642010032689,4,2021,0.5415600703194345,0.13312171793768102,0.019056594724737155,0.3062616170181473,1,0.521546045176385,0.05530791472598577,0.011848624082750642,-0.5887025839851217,0.5246042628144754,1,0.411843275721825,1.0384530642391097,0.6266097885172847
tm544784,zaidu sanusi_1997,1920,0.1256426884686728,0.5056159171719794,0.30143633545117926,0.06730505890816853,2,2021,0.032291652684882724,0.00211710372824347,0.9604278256659365,0.005163417920937332,3,-0.09335103578379007,-0.5034988134437359,0.6589914902147573,-0.0621416409872312,0.8345629126654401,3,1.148546618032691,0.18986204488750966,-0.9586845731451814
tm54716,steven vitoria_1987,1920,0.025657436728320965,0.0062471882112371075,0.9622231405809187,0.005872234479523155,3,2021,0.005606515203095667,0.0011263316433419244,0.9908053716194762,0.00246178153408606,3,-0.020050921525225297,-0.005120856567895183,0.028582231038557504,-0.0034104529454370954,0.0352874844263682,3,0.19291243943173073,0.06064945629327763,-0.13226298313845308
tm550549,tomas tavares_2001,1920,0.007505841679596093,0.0027085089149551027,0.9864015782393616,0.0033840711660870705,3,2021,0.016382127727516495,0.000519123982570903,0.980822882247164,0.0022758660427486727,3,0.008876286047920401,-0.0021893849323841997,-0.005578695992197624,-0.0011082051233383978,0.010709981762823836,1,0.08548651865074282,0.10412409029367657,0.018637571642933753
tm553062,vitor carvalho_1997,1920,0.08473076350602007,0.06511242461741877,0.027549117257878727,0.8226076946186826,4,2021,0.8884825530292031,0.005904619986414628,0.08253403906878926,0.023078787915593094,1,0.803751789523183,-0.05920780463100414,0.054984921810910525,-0.7995289067030894,0.8078030978632691,1,0.6465885850454569,0.42822216572210453,-0.21836641932335238
tm55994,ukra_1988,1920,0.3872681250969092,0.39572258731450755,0.12039039855981516,0.09661888902876813,2,2021,0.9729656652403621,0.018726640304008706,0.004474685845191834,0.0038330086104373675,1,0.5856975401434529,-0.3769959470104988,-0.11591571271462332,-0.09278588041833076,0.7061189737194247,1,1.214893506635806,0.14668881841608117,-1.068204688219725
tm56036,luis neto_1988,1920,0.00104283792904265,5.9696734296610196e-05,0.9986444679706165,0.00025299736604459376,3,2021,0.002665323656974038,8.810959650292433e-05,0.9963076470016073,0.0009389197449155259,3,0.001622485727931388,2.8412862206314136e-05,-0.0023368209690091124,0.0006859223788709322,0.002844995513051029,3,0.011190521256272207,0.026851723231982205,0.01566120197571
tm560903,patrick_1997,1920,0.0062096204644160324,0.0012801377838199345,0.9897287293940018,0.002781512357762226,3,2021,0.0038520889819660836,9.004617676978124e-05,0.9953946520310883,0.0006632128101757915,3,-0.002357531482449949,-0.0011900916070501533,0.00566592263708654,-0.0021182995475864342,0.006251156057351597,3,0.06666875141100936,0.03170149116605138,-0.034967260244957984
tm56183,bruno moreira_1987,1920,0.03633956656849716,0.27103254240171765,0.016832891893164583,0.6757949991366206,4,2021,0.17529139837162946,0.37433868104345264,0.05122916889040163,0.3991407516945163,4,0.1389518318031323,0.10330613864173499,0.034396276997237046,-0.27665424744210426,0.1765300929410677,1,0.807870925454462,1.1918709660453453,0.3840000405908832
tm564544,pedro amador_1998,1920,0.03557363696458706,0.005465504291954905,0.9467821130289521,0.012178745714505949,3,2021,0.09352677196112412,0.0030816868296650473,0.8102273809704051,0.09316416023880585,3,0.05795313499653706,-0.0023838174622898578,-0.13655473205854696,0.0809854145242999,0.1483625400470143,3,0.2526111333297035,0.6310511885978513,0.3784400552681478
tm568216,show_1999,1920,0.9989735653899654,0.00035873802747230155,0.0005412505042803647,0.00012644607828181663,1,2021,0.9337714084731648,0.0035070976991456956,0.05043106564184156,0.012290428185847928,1,-0.06520215691680065,0.003148359671673394,0.049889815137561196,0.01216398210756611,0.08215976563796505,1,0.009077773577813938,0.2885207396735119,0.27944296609569796
tm581121,tiago esgaio_1995,1920,0.24137178805593776,0.17319576205140655,0.5540861433503786,0.03134630654227707,3,2021,0.12382820858225423,0.001634129710423835,0.8705597971119001,0.003977864595421867,3,-0.11754357947368353,-0.1715616323409827,0.3164736537615215,-0.0273684419468552,0.37868913410891003,3,1.0824532062692915,0.41180711068482573,-0.6706460955844658
tm589374,milson_1999,1920,0.1747641554636839,0.08506454267370374,0.01910959675849506,0.7210617051041173,4,2021,0.10216497320520487,0.6790927027789639,0.009612929225209165,0.209129394790622,2,-0.07259918225847903,0.5940281601052602,-0.009496667533285897,-0.5119323103134953,0.5985234188875805,2,0.825909302512509,0.8677573442362168,0.04184804172370771
tm58965,ruben lima_1989,1920,0.14767399290810868,0.02023760145538164,0.8017831951740929,0.03030521046241656,3,2021,0.38151366710389517,0.007977158894224958,0.5829935944668262,0.02751557953505365,3,0.2338396741957865,-0.012260442561156682,-0.21878960070726672,-0.00278963092736291,0.32046872087215034,1,0.6444819029688251,0.819603591116733,0.17512168814790785
tm592735,gonzalo plata_2000,1920,0.007563345550800754,0.9850595868240525,0.0006850142051859591,0.006692053419960822,2,2021,0.006648880535590542,0.005971808889832953,0.005468603310964197,0.9819107072636124,4,-0.0009144650152102122,-0.9790877779342195,0.004783589105778238,0.9752186538436516,0.9790998906501648,2,0.09026803138879602,0.11032192705175972,0.0200538956629637
tm594546,ze uilton_1992,1920,0.04289059389720914,0.9330812420656754,0.0065285681130440795,0.017499595924071368,2,2021,0.0769393787847293,0.09579081305413749,0.8039150978825373,0.023354710278595748,3,0.03404878488752016,-0.8372904290115379,0.7973865297694933,0.00585511435452438,1.1567367289597392,2,0.3033398012925559,0.685221575988907,0.3818817746963511
tm595012,ibrahima camara_1999,1920,0.6993465382025384,0.04501656783031882,0.10677902923966653,0.14885786472747625,1,2021,0.839366045969237,0.008407346845421375,0.0996782345464771,0.05254837263886451,1,0.14001950776669858,-0.036609220984897446,-0.00710079469318943,-0.09630949208861174,0.14490037578151566,1,0.9120795516498904,0.5718032716798827,-0.34027627997000776
tm598629,bruno duarte_1996,1920,0.022401007287822135,0.12283609186745674,0.02280667736741075,0.8319562234773104,4,2021,0.00305081326990645,0.989036774536171,0.0013656107792451065,0.006546801414677381,2,-0.019350194017915684,0.8662006826687143,-0.021441066588165643,-0.825409422062633,0.8666820478126427,2,0.5819538873046479,0.07050447151214921,-0.5114494157924987
tm601883,matheus nunes_1998,1920,0.9567939673076858,0.003165397634775195,0.030902528710349913,0.009138106347189087,1,2021,0.6853869004362831,0.22124819583665906,0.033876958986762594,0.05948794474029514,1,-0.2714070668714027,0.21808279820188387,0.002974430276412681,0.050349838393106056,0.3481820645219551,1,0.21082898880831558,0.8752142045908512,0.6643852157825356
tm606050,pedro pelagio_2000,1920,0.9981739879038695,0.0007592806891975242,0.0007755188337594086,0.0002912125731737336,1,2021,0.9164855378693207,0.010059957716381,0.03508192013746209,0.038372584276836194,1,-0.08168845003454872,0.009300677027183474,0.03430640130370268,0.03808137170366246,0.08908666921948331,1,0.015203506389083285,0.3688307613504022,0.3536272549613189
tm616341,nuno mendes_2002,1920,0.4055143684160542,0.20685841073523598,0.18102152930825718,0.20660569154045255,1,2021,0.8415441573715925,0.008348638345530878,0.12753570831854358,0.022571495964333013,1,0.4360297889555383,-0.1985097723897051,-0.053485820989713606,-0.18403419557611955,0.4820672563426886,1,1.3271643836677431,0.5333460737890556,-0.7938183098786875
tm61764,marco matias_1989,1920,0.03301991400661983,0.9635943479176163,0.0012949034706080517,0.0020908346051558423,2,2021,0.4691185059944209,0.35062865769144475,0.02046401045908593,0.1597888258550484,1,0.4360985919878011,-0.6129656902261715,0.019169106988477878,0.15769799124989253,0.7525133713037432,2,0.16986503839222808,1.0951676368248018,0.9253025984325737
tm63837,andre andre_1989,1920,0.34153200177369725,0.616944243520355,0.009059916089302704,0.032463838616645035,2,2021,0.9104956795749921,0.04758727389635567,0.02526446040285961,0.016652586125792505,1,0.5689636778012949,-0.5693569696239994,0.016204544313556904,-0.01581125249085253,0.8050773955173561,2,0.8187730995672324,0.39141313255346954,-0.4273599670137629
tm64339,pizzi_1989,1920,0.01099070029826078,0.14312060048591171,0.004526353230036346,0.8413623459857913,4,2021,0.008958980259154321,0.9808241271165095,0.0013204407850507943,0.008896451839285476,2,-0.0020317200391064584,0.8377035266305978,-0.003205912444985552,-0.8324658941465058,0.8377121249512047,2,0.49757539338097784,0.11199751129863915,-0.3855778820823387
tm646677,riccieli_1998,1920,0.004893910846132222,0.0006101270612261869,0.9935197081829513,0.0009762539096903224,3,2021,0.00016155993665850052,1.0772613538194828e-05,0.9997204989098685,0.00010716853993491645,3,-0.004732350909473722,-0.0005993544476879921,0.006200790726917149,-0.0008690853697554059,0.007823309818956542,3,0.04377694757390599,0.002792844515823227,-0.04098410305808276
tm694928,samuel lino_1999,1920,0.004353550589264136,0.9889090880230402,0.0015894505282573917,0.0051479108594383255,2,2021,0.0029865686741911857,0.9888174248897794,0.0016699783731564607,0.006526028062872922,2,-0.0013669819150729503,-9.166313326081088e-05,8.052784489906905e-05,0.0013781172034345963,0.0013724162706481545,1,0.07206659479757219,0.07200073178062139,-6.586301695080121e-05
tm782612,tiago melo almeida_2001,1920,0.022919100356859328,0.0023709924237017934,0.9660064886553832,0.008703418564055654,3,2021,0.05481977626123671,0.001935194294846726,0.9168522872375733,0.026392742206343304,3,0.03190067590437738,-0.0004357981288550675,-0.049154201417809906,0.01768932364228765,0.058600158363163686,3,0.17556735626494013,0.346790386025853,0.17122302976091286
tm82281,ivo pinto_1990,1920,0.014004411277934616,0.004545090232588423,0.9716646975407159,0.009785800948760958,3,2021,0.4432801364199352,0.0019180408153410765,0.5497373779342458,0.005064444830477946,3,0.4292757251420006,-0.0026270494172473467,-0.4219273196064701,-0.004721356118283011,0.6019196064385438,1,0.1574982565572277,0.7283162491271211,0.5708179925698934
tm83466,andre almeida_1990,1920,0.20686682668746642,0.333560336454166,0.3331838444624126,0.12638899239595502,2,2021,0.11048482369104508,0.006211363806256224,0.748305772044253,0.13499804045844568,3,-0.09638200299642134,-0.3273489726479098,0.41512192758184036,0.00860904806249066,0.5373760835341548,3,1.319793495711918,0.7622461279360904,-0.5575473677758276
tm84511,silvio_1987,1920,0.011362514711191598,0.0030209297003111132,0.9792603664274447,0.006356189161052436,3,2021,0.00034633181955791704,7.234173501903179e-06,0.9996162490126109,3.0184994329220744e-05,3,-0.011016182891633681,-0.0030136955268092102,0.020355882585166185,-0.006326004166723216,0.02334096403431753,3,0.12107768064198184,0.003543087619601581,-0.11753459302238026
tm85953,yohan tavares_1988,1920,0.0673608162186764,0.029353168162945368,0.7495674631360391,0.15371855248233918,3,2021,0.00028356231285758446,9.449831569367763e-06,0.9995821045675513,0.00012488328802186258,3,-0.06707725390581881,-0.029343718331376,0.2500146414315122,-0.1535936691943173,0.26051436184437976,3,0.7892149155729854,0.003965764680338818,-0.7852491508926466
tm9413,ricardo vaz te_1986,1920,0.05807674509698772,0.47326997870686643,0.051024049140614425,0.4176292270555314,2,2021,0.11268637502737734,0.22911149357018246,0.028712806169511544,0.6294893252329287,4,0.05460962993038962,-0.24415848513668398,-0.02231124297110288,0.21186009817739726,0.25118393481329576,2,1.0358116140976876,0.9769164896487628,-0.05889512444892486
tm95429,osama rashid_1992,1920,0.5192923541016569,0.4272277296479831,0.040302192749292066,0.01317772350106803,1,2021,0.9817193129228845,0.0061884416571755235,0.009458656667478511,0.002633588752461609,1,0.46242695882122764,-0.4210392879908076,-0.030843536081813554,-0.01054413474860642,0.6261502199907668,1,0.8900906957018417,0.1093083391791107,-0.780782356522731
tm96140,jorge correa_1993,1920,0.02629868065069016,0.9606298911361186,0.0031556312969046397,0.009915796916286575,2,2021,0.89441748229939,0.08678091700399361,0.009256019489874992,0.009545581206741215,1,0.8681188016486998,-0.873848974132125,0.006100388192970352,-0.0003702157095453601,1.2317789972652753,2,0.19818524366560492,0.39967009500184386,0.20148485133623895
anderson_1998,anderson_1998,2021,0.9092426189130484,0.06408196045380976,0.019862834834172303,0.006812585798969594,1,2122,0.06631532376382335,0.9321466138392216,0.0011310662022733435,0.00040699619468173115,2,-0.842927295149225,0.8680646533854118,-0.01873176863189896,-0.0064055896042878625,1.2101295577419813,2,0.374407900300572,0.2562842030945721,-0.11812369720599991
diederrick joel_1993,diederrick joel_1993,2021,0.0014489668092344166,0.9955601385293671,0.00023472843543132573,0.0027561662259673477,2,2122,0.0450978215141119,0.6684142134083044,0.012327715601567434,0.2741602494760161,2,0.043648854704877484,-0.32714592512106266,0.012092987166136108,0.2714040832500487,0.3302664366522335,2,0.03210800136988405,0.8179898894935399,0.7858818881236559
francisco chico_1998,francisco chico_1998,2021,0.02583737502415887,0.7596400843788181,0.00681917172426345,0.2077033688727594,2,2122,0.7387235186582018,0.06833956838285786,0.1355313788190658,0.05740553413987449,1,0.712886143634043,-0.6913005159959603,0.12871220709480236,-0.1502978347328849,1.0013340548772491,1,0.663742743870382,0.8419914680932807,0.17824872422289872
lamine diaby_1996,lamine diaby_1996,2021,0.07335210896742932,0.07796834310980122,0.10043454217197677,0.7482450057507927,4,2122,0.014309328453408512,0.007505435056969777,0.009120087470574936,0.9690651490190468,4,-0.0590427805140208,-0.07046290805283144,-0.09131445470140183,0.22082014326825417,0.12957392090811706,3,0.8383969362052275,0.17077795174335528,-0.6676189844618722
paulo sergio mota_1991,paulo sergio mota_1991,2021,0.23244536748757136,0.0048247228394452365,0.7375544132352979,0.025175496437685508,3,2122,0.5228400071749433,0.19191086906074487,0.2514254194634977,0.033823704300814154,1,0.2903946396873719,0.18708614622129963,-0.4861289937718002,0.008648207863128646,0.5963653841837896,3,0.6821123226594374,1.1175103935425996,0.4353980708831622
pedro borges_1997,pedro borges_1997,2021,0.6271385223108376,0.02158833329474907,0.2988589384776385,0.05241420591677476,1,2122,0.8493653117091263,0.08363225627087448,0.045786480774757214,0.021215951245241824,1,0.22222678939828877,0.062043922976125404,-0.2530724577028813,-0.031198254671532935,0.3424614768880077,3,0.8909237416806128,0.5691311970892386,-0.3217925445913742
pedro rodrigues_1997,pedro rodrigues_1997,2021,0.9538575955674561,0.00131657529833284,0.04166396007151377,0.0031618690626973533,1,2122,0.7937598063199265,0.16542931817522472,0.022307046057930182,0.018503829446918762,1,-0.1600977892475296,0.16411274287689187,-0.019356914013583585,0.015341960384221408,0.23008473355842732,2,0.20440816286868344,0.6396370397068973,0.4352288768382139
rui filipe cunha correia_1995,rui filipe cunha correia_1995,2021,0.9478990141646164,0.008125631812838215,0.02403838128928761,0.01993697273325783,1,2122,0.7632222538367001,0.036902937397030156,0.17429267230266332,0.025582136463606273,1,-0.18467676032791636,0.02877730558419194,0.1502542910133757,0.005645163730348443,0.23981240812316784,1,0.25750040802603186,0.7262603806561098,0.4687599726300779
sphephelo sithole_1999,sphephelo sithole_1999,2021,0.49826873938362704,0.005822554137762184,0.40770796016851074,0.08820074631010001,1,2122,0.8138047017779175,0.01980789256428648,0.15179584650669023,0.014591559151105795,1,0.3155359623942905,0.013985338426524295,-0.25591211366182054,-0.07360918715899421,0.4065089705945689,1,0.9570258090374224,0.5932037097091662,-0.36382209932825615
thibang phete_1994,thibang phete_1994,2021,0.11600494589770033,0.0017935060874701007,0.879091515800057,0.003110032214772655,3,2122,0.2214619065576569,0.01089950214143903,0.7644049101628114,0.003233681138092719,3,0.10545696065995658,0.00910599605396893,-0.11468660563724553,0.00012364892332006414,0.15606763671038146,3,0.39247008626499724,0.6070157104378723,0.21454562417287504
tm102427,sebastian coates_1990,2021,0.003506885989486156,0.0005627538549714729,0.9946836150427952,0.0012467451127471533,3,2122,0.004379554456398227,0.0014437613700090423,0.993736905749516,0.00043977842407663057,3,0.0008726684669120711,0.0008810075150375694,-0.0009467092932792243,-0.0008069666886705226,0.0015601227453878703,3,0.03767490645635022,0.04287003970393039,0.005195133247580169
tm106837,abdoulaye ba_1991,2021,0.002246786227854292,0.00012392185285498526,0.9968702864533922,0.0007590054658986098,3,2122,1.7199019134824824e-05,4.786343746472504e-06,0.9999727722626759,5.242374442788901e-06,3,-0.0022295872087194674,-0.00011913550910851276,0.0031024858092837393,-0.000753763091455821,0.0038223906900816656,3,0.023393385465335873,0.0003382840583711379,-0.023055101406964734
tm109256,haris seferovic_1992,2021,0.008206932006572527,0.1828986208649119,0.006369459908714165,0.8025249872198015,4,2122,0.016656605332089063,0.09595568136251922,0.007786792750727536,0.8796009205546641,4,0.008449673325516535,-0.08694293950239268,0.0014173328420133717,0.07707593333486262,0.0873640689357456,2,0.5588833187930546,0.44376423115297486,-0.11511908764007978
tm111200,fabio pacheco_1988,2021,0.09107117969282422,0.001990356077494769,0.8723915856448693,0.03454687858481176,3,2122,0.41829035593702185,0.03815141420264521,0.5000752359888098,0.04348299387152321,3,0.3272191762441976,0.03616105812515044,-0.37231634965605953,0.008936115286711455,0.49699041806444816,3,0.4659573882935474,0.9720695828280695,0.5061121945345222
tm112465,sergio oliveira_1992,2021,0.28932333207632527,0.574665426973704,0.016168495797968013,0.11984274515200263,2,2122,0.06856856460816366,0.062066259480309555,0.013165672201086205,0.8561995037104406,4,-0.2207547674681616,-0.5125991674933945,-0.003002823596881808,0.736356758558438,0.558121483930154,2,0.9981130486554282,0.5462105910037476,-0.4519024576516806
tm118323,ricardo alves_1991,2021,0.060255355611421556,0.018416176078016943,0.8776356644203954,0.0436928038901661,3,2122,0.17607626158406434,0.007989724860458224,0.8148897824017285,0.0010442311537489232,3,0.11582090597264277,-0.010426451217558719,-0.06274588201866693,-0.04264857273641718,0.1321371970930834,1,0.4941668015656415,0.5183811231171197,0.02421432155147818
tm124548,bebeto_1990,2021,0.13416981082748616,0.009219808299678186,0.5610406151329685,0.29556976573986715,3,2122,0.3019735528752697,0.03887391830724658,0.3911745037926027,0.2679780250248811,3,0.16780374204778356,0.029654110007568395,-0.16986611134036583,-0.027591740714986046,0.24060747674891073,3,0.9972232443608533,1.2078722359114429,0.21064899155058958
tm125165,jesus corona_1993,2021,0.6921115833844598,0.2627245192933151,0.014352718420768167,0.03081117890145692,1,2122,0.21834443889208746,0.12883587591877538,0.5554751683838991,0.09734451680523808,3,-0.47376714449237234,-0.1338886433745397,0.541122449963131,0.06653333790378116,0.7315702166431001,3,0.7740026222554967,1.149608440286341,0.37560581803084425
tm126956,edgar costa_1987,2021,0.8149971130687754,0.03811514125079277,0.06991571847564872,0.07697202720478313,1,2122,0.5404720242860941,0.286360737329179,0.01625467517286826,0.15691256321185865,1,-0.27452508878268134,0.24824559607838623,-0.05366104330278046,0.07994053600707551,0.37399118694401773,1,0.6746408715420503,1.0482256921103723,0.373584820568322
tm127031,pierre sagna_1990,2021,0.23752274304203555,0.010713312502127176,0.5910205267227987,0.16074341773303863,3,2122,0.008678257482279447,0.001535609974179734,0.9874435470967687,0.002342585446772155,3,-0.22884448555975612,-0.009177702527947442,0.39642302037397004,-0.15840083228626647,0.4578266482821003,3,0.9946861153926956,0.07780922983789898,-0.9168768855547966
tm129386,zouhair feddal_1989,2021,0.0038478194657947562,0.00030857506225651814,0.9951414277909199,0.0007021776810289189,3,2122,0.0006111879828266678,0.00025666407568170356,0.9989584053330373,0.0001737426084541883,3,-0.0032366314829680885,-5.191098657481458e-05,0.0038169775421174057,-0.0005284350725747306,0.005004777284165201,3,0.03383470346574287,0.009190192652178483,-0.024644510813564384
tm129670,luiz carlos_1985,2021,0.8674985130309034,0.058942393131202385,0.0452726693566195,0.028286424481274806,1,2122,0.9102121328101843,0.021420107872831683,0.05548166746855218,0.012886091848431766,1,0.0427136197792809,-0.0375222852583707,0.010208998111932682,-0.01540033263284304,0.05776330018367168,1,0.5311578316503566,0.3844688363796814,-0.1466889952706752
tm131015,marco baixinho_1989,2021,0.0009238350991758053,2.7629558187279322e-05,0.998779886567723,0.00026864877491399345,3,2122,0.00019019098567606387,5.504089698624053e-05,0.9996784486174008,7.631949993685594e-05,3,-0.0007336441134997414,2.7411338798961205e-05,0.0008985620496778646,-0.0001923292749771375,0.0011603442695548843,3,0.010173059068281788,0.003214320740161503,-0.006958738328120285
tm137192,zainadine junior_1988,2021,0.0012331406812939527,4.169377634102358e-05,0.9985679472790177,0.00015721826334753224,3,2122,0.00032705060391931604,6.305051228535922e-05,0.9995631430294105,4.6755854384700204e-05,3,-0.0009060900773746367,2.135673594433564e-05,0.0009951957503928632,-0.00011046240896283204,0.001346057175638162,3,0.01148822494148057,0.004137452316062516,-0.007350772625418054
tm139395,ricardo esgaio_1993,2021,0.2552520329063784,0.06638829131178874,0.6099809001753292,0.06837877560650356,3,2122,0.5708282794402212,0.11869363025063219,0.08500467038670535,0.22547341992244124,1,0.3155762465338428,0.052305338938843454,-0.5249762297886239,0.15709464431593767,0.6147554454423109,3,1.0135779184752591,1.118400796273102,0.10482287779784283
tm14132,pepe_1983,2021,0.0019055354642105752,0.00015212376269764226,0.997477404177789,0.0004649365953028925,3,2122,0.0026202564785846806,0.0012485958144785913,0.9957445868590852,0.00038656084785147077,3,0.0007147210143741054,0.001096472051780949,-0.0017328173187037832,-7.837574745142171e-05,0.0021715738414165063,3,0.019358799108319828,0.031207878582329932,0.011849079474010104
tm149729,joao mario_1993,2021,1.0,1.0204658442154182e-40,1.190867574211295e-40,2.752803481643813e-41,1,2122,0.8271256247365881,0.16379068058999272,0.002578960728670669,0.006504733944748385,1,-0.17287437526341187,0.16379068058999272,0.002578960728670669,0.006504733944748385,0.23815874476761922,1,8.289306334778563e-11,0.5014362487122731,0.5014362486293801
tm155025,fabio cardoso_1994,2021,0.017200968466139676,0.002698666800912246,0.9738756027867445,0.0062247619462037895,3,2122,0.00047366986754047595,0.00014994898570213998,0.9991162395908649,0.0002601415558924982,3,-0.0167272985985992,-0.002548717815210106,0.025240636804120475,-0.0059646203903112914,0.030387303716943845,3,0.14324360275385575,0.007976928162253816,-0.13526667459160194
tm155395,salvador agra_1991,2021,0.04738334103942227,0.9454698171197535,0.001422039474048239,0.005724802366776138,2,2122,0.059241191946949226,0.9035434475020201,0.0038243383421711274,0.033391022208859394,2,0.011857850907526953,-0.04192636961773344,0.0024022988681228884,0.027666219842083256,0.04363714171803332,2,0.23638965769310732,0.3938705833912307,0.1574809256981234
tm164705,raul silva_1989,2021,0.0016355732145759562,0.00014883059889409103,0.99738729053205,0.0008283056544797465,3,2122,0.1455530374523507,0.1606939685829705,0.6567360095615705,0.03701698440310831,3,0.14391746423777474,0.1605451379840764,-0.3406512809704795,0.036188678748628564,0.4031504347880402,3,0.02029210466143757,0.9724631258482623,0.9521710211868247
tm172181,diogo figueiras_1991,2021,0.31228241094672604,0.0009612834208760241,0.6845633634521289,0.002192942180269115,3,2122,0.4806286283263528,0.049465416244487304,0.4286956403131175,0.04121031511604254,1,0.16834621737962674,0.04850413282361128,-0.25586772313901135,0.039017372935773426,0.3100990028222291,3,0.6429853970559889,0.9953855298079006,0.35240013275191173
tm173617,fabricio_1990,2021,0.011476524917220345,0.983959466439503,0.0010974592511563846,0.0034665493921200775,2,2122,0.08566850329228189,0.6881908704994733,0.08611022496625662,0.14003040124198832,2,0.07419197837506154,-0.2957685959400298,0.08501276571510023,0.13656385184986825,0.31656070876543213,2,0.09429752995615857,0.9541184258408351,0.8598208958846765
tm176485,lucas piazon_1994,2021,0.03405475791291064,0.9301544186673579,0.006621913281946003,0.029168910137785463,2,2122,0.9136961217006376,0.07475426539594832,0.009756183860351483,0.0017934290430625275,1,0.879641363787727,-0.8554001532714096,0.0031342705784054795,-0.027375481094722934,1.2269833636831193,1,0.31877183456230757,0.3328572156413426,0.014085381079035009
tm176997,anderson carvalho_1990,2021,0.7404572030958276,0.010277612522380316,0.20202158092603673,0.04724360345575536,1,2122,0.7385203087309532,0.025589620624103224,0.19167650317974044,0.04421356746520319,1,-0.0019368943648744308,0.015312008101722908,-0.010345077746296283,-0.0030300359905521684,0.018580360208155944,2,0.7368644132988096,0.7721801109814175,0.035315697682607894
tm177964,yusupha njie_1994,2021,0.04062354385566128,0.6004699678494795,0.018356701565272335,0.3405497867295869,2,2122,0.03524235777335482,0.9020747719288947,0.0039908053138094255,0.0586920649839411,2,-0.005381186082306463,0.30160480407941526,-0.014365896251462909,-0.28185772174564583,0.30199469197742973,2,0.8766229250664614,0.3993321599620806,-0.47729076510438084
tm181783,claudio winck_1994,2021,0.7189735189417389,0.011557825744436891,0.23723014578903048,0.03223850952479369,1,2122,0.8054148921437556,0.11882823275849551,0.050514530897554207,0.025242344200194618,1,0.08644137320201672,0.10727040701405861,-0.18671561489147628,-0.006996165324599075,0.23203829870586928,3,0.7407989216981318,0.6710864503076535,-0.06971247139047831
tm182108,sebastian perez_1993,2021,0.4756107171017844,0.1338937395479888,0.30150342265196245,0.08899212069826434,1,2122,0.8967814491928555,0.013925112832403276,0.08477464570832344,0.004518792266417762,1,0.42117073209107114,-0.11996862671558553,-0.216728776943639,-0.08447332843184659,0.4886190947165675,1,1.1994592152471069,0.39081757373755377,-0.8086416415095531
tm182936,filipe ferreira_1990,2021,0.022653873375470795,0.0012010933554578208,0.9695464147252181,0.006598618543853484,3,2122,0.05742919930888314,0.008936352930472242,0.9253467745371096,0.008287673223534991,3,0.03477532593341234,0.007735259575014422,-0.04419964018810851,0.0016890546796815079,0.05676940837481196,3,0.15699267862950123,0.31776255609890147,0.16076987746940025
tm193082,alex grimaldo_1995,2021,0.44221482032728093,0.04644200427851885,0.3820563967909932,0.12928677860320703,1,2122,0.3175418944090504,0.505592945251281,0.04838933206939014,0.12847582827027854,2,-0.12467292591823054,0.4591509409727621,-0.333667064721603,-0.0008109503329284951,0.5811167138648792,2,1.135480036614858,1.1192731637659157,-0.0162068728489424
tm193303,nuno sequeira_1990,2021,0.08677405521436722,0.00283938440916347,0.8903165180189391,0.020070042357530384,3,2122,0.05017928660212694,0.013008593424014288,0.9050712284521497,0.031740891521709155,3,-0.03659476861224028,0.010169209014850817,0.014754710433210638,0.011670849164178772,0.04074667325977698,1,0.41064496844832754,0.40641340344614757,-0.004231565002179971
tm193830,iuri medeiros_1994,2021,0.11066118956231598,0.45017896586478806,0.02398251196292498,0.4151773326099709,2,2122,0.049205557811886076,0.3755902986260603,0.012356284637183756,0.5628478589248699,4,-0.0614556317504299,-0.07458866723872776,-0.011626227325741225,0.14767052631489896,0.0973418364123254,2,1.0573153978914034,0.8937769287360984,-0.163538469155305
tm193994,yves baraye_1992,2021,0.11492924281960516,0.7478664170279309,0.0154116939875096,0.12179264616495451,2,2122,0.27633748660326385,0.7166407558270064,0.002285307486296108,0.004736450083433631,2,0.1614082437836587,-0.031225661200924515,-0.013126386501213493,-0.11705619608152087,0.16492411922256597,1,0.7866544820452186,0.6334266197224325,-0.15322786232278607
tm196792,julian weigl_1995,2021,0.9471422933915392,0.0013536772657621859,0.047372363876415746,0.00413166546628278,1,2122,0.9876553441714759,0.005997680140352687,0.00548281427866303,0.0008641614095081323,1,0.04051305077993672,0.004644002874590501,-0.041889549597752714,-0.003267504056774648,0.058460314844341374,3,0.22752768564862993,0.07759443129446116,-0.14993325435416877
tm197981,pedrinho_1992,2021,0.9329376457515515,0.04966454147523454,0.006109859618831787,0.011287953154382238,1,2122,0.7302811086011413,0.17767794901344283,0.017670631757349637,0.0743703106280665,1,-0.2026565371504102,0.12801340753820828,0.01156077213851785,0.06308235747368426,0.2399807409184698,1,0.2956402069637935,0.8011170785395949,0.5054768715758013
tm198053,lazar rosic_1993,2021,0.0024338582793872006,6.234581429927027e-05,0.996929659855374,0.0005741360509393631,3,2122,1.6909725841655813e-05,4.271403957688827e-06,0.9999753448420449,3.4740281557667883e-06,3,-0.002416948553545545,-5.807441034158144e-05,0.0030456849866709046,-0.0005706620227835963,0.0038886000032987414,3,0.02260151234445331,0.00030693153037881967,-0.02229458081407449
tm203348,chancel mbemba_1994,2021,0.003517662213977166,0.0001585570180015594,0.9953064945314151,0.001017286236606062,3,2122,0.003630969958876373,0.0020326584432760024,0.992949987396129,0.0013863842017185243,3,0.00011330774489920698,0.001874101425274443,-0.0023565071352860123,0.00036909796511246226,0.0030130085754812796,3,0.032954127532765526,0.04914794379704299,0.01619381626427746
tm205116,talocha_1989,2021,0.5318841344514892,0.0036361136453476684,0.44696136972995343,0.017518382173209678,1,2122,0.004269507146063795,0.001717152920900036,0.9933315049232757,0.0006818350097605048,3,-0.5276146273054254,-0.0019189607244476325,0.5463701351933223,-0.016836547163449175,0.7595401253311601,3,0.7870012866902942,0.04584607203977568,-0.7411552146505186
tm211072,paulinho_1992,2021,0.005566320515615698,0.9643179239004777,0.0013595310617720846,0.028756224522134517,2,2122,0.04539031141564205,0.6528882487988671,0.009428169109966323,0.2922932706755246,2,0.039823990900026356,-0.31142967510161057,0.008068638048194238,0.2635370461533901,0.3140692530399193,2,0.17495938439723885,0.8222195293881285,0.6472601449908897
tm211107,joao afonso_1990,2021,0.003073495596463316,0.0001162996574642519,0.9946097855515759,0.0022004191944967177,3,2122,0.00015753097395819528,7.076645188413946e-05,0.9997212783096534,5.042426450433552e-05,3,-0.002915964622505121,-4.5533205580112435e-05,0.0051114927580775404,-0.0021499949299923823,0.00588491980985221,3,0.03767384742272612,0.0028332095934008985,-0.03484063782932522
tm211345,mansur_1993,2021,0.003497361447163349,0.00010014564026406324,0.995969044745573,0.00043344816699955504,3,2122,0.0009709098372804864,0.00013406018189863618,0.9987243083577493,0.0001707216230716091,3,-0.0025264516098828624,3.391454163457294e-05,0.002755263612176262,-0.00026272654392794594,0.0037383934391388733,3,0.028081748540189033,0.01068688379276174,-0.017394864747427293
tm214070,ewerton_1992,2021,0.9217140019064896,0.007585096702686346,0.0637350795391184,0.006965821851705679,1,2122,0.9355583364595018,0.05812315204418699,0.004737749217655869,0.0015807622786553116,1,0.01384433455301226,0.050538055341500646,-0.05899733032146253,-0.005385059573050367,0.07890782991551645,3,0.3222269620288781,0.2632437093889535,-0.0589832526399246
tm214538,mateus uribe_1991,2021,0.7588760134020504,0.01694201954755445,0.19846946361541884,0.02571250343497624,1,2122,0.9818041890379057,0.009698406314066902,0.007031009454205842,0.001466395193821607,1,0.22292817563585532,-0.0072436132334875464,-0.191438454161213,-0.024246108241154633,0.2939355765412584,1,0.6935522533294494,0.10741291939659058,-0.5861393339328588
tm215122,ivo rodrigues_1995,2021,0.18111793561735762,0.722308960711091,0.017007485483936387,0.07956561818761504,2,2122,0.6805140625766285,0.19275756729756904,0.014225466677682909,0.11250290344811961,1,0.4993961269592709,-0.5295513934135219,-0.002782018806253478,0.03293728526050457,0.7278934740171539,2,0.8151127103986173,0.885566129256181,0.07045341885756362
tm222813,marko grujic_1996,2021,0.684720571146902,0.07999464562525978,0.17840709914311428,0.05687768408472394,1,2122,0.8269276586671861,0.07185807861171596,0.08134378342269076,0.019870479298406966,1,0.1422070875202841,-0.008136567013543816,-0.09706331572042352,-0.03700720478631697,0.1723668956685426,1,0.9319621969925242,0.628314712594375,-0.30364748439814926
tm225151,rafael barbosa_1996,2021,0.006980010229397989,0.9923719682255127,0.0002300843403974684,0.00041793720469190764,2,2122,0.1526719248786636,0.842108798516828,0.001344836695806285,0.003874439908702132,2,0.14569191464926562,-0.1502631697086847,0.0011147523554088166,0.0034565027040102244,0.20929977744346448,2,0.04743161284921951,0.46206195728025573,0.4146303444310362
tm231289,otavio_1995,2021,0.8612405198972227,0.0599071644256872,0.01661338209197661,0.062238933585113496,1,2122,0.7203429421650746,0.1274809698599969,0.014086660516826369,0.1380894274581021,1,-0.14089757773214817,0.06757380543430971,-0.002526721575150241,0.0758504938729886,0.15628413519477596,1,0.5381871876054727,0.8323180028016203,0.2941308151961476
tm231614,gilberto_1993,2021,0.7736761421717889,0.00486848777662561,0.20096620079239974,0.020489169259185747,1,2122,0.5759058282417739,0.12126666108908535,0.12523732675213253,0.17759018391700823,1,-0.19777031393001498,0.11639817331245973,-0.07572887404026721,0.15710101465782247,0.24165366578196315,1,0.6265844295174442,1.1407463280115033,0.5141618984940591
tm235568,joao pedro_1993,2021,0.9895543758358266,0.005963435114157435,0.003176677644060252,0.0013055114059554794,1,2122,0.919593074861472,0.07441884029070724,0.0025540552757896467,0.003434029572031228,1,-0.0699613009743546,0.0684554051765498,-0.0006226223682706052,0.0021285181660757485,0.09788316397891571,1,0.06787834442145027,0.3051602177182243,0.23728187329677405
tm238055,rafa silva_1993,2021,0.0906892387883061,0.8847154575234635,0.008394803936060883,0.01620049975216961,2,2122,0.060879190348337005,0.3599771837334227,0.00936151898486008,0.5697821069333803,4,-0.0298100484399691,-0.5247382737900408,0.0009667150487991973,0.5535816071812106,0.5255852257304524,2,0.43296934570960516,0.902418711343846,0.46944936563424083
tm249360,ali alipour_1995,2021,0.022572725831131738,0.9732222884796056,0.001982093922317788,0.002222891766944956,2,2122,0.020777513894997355,0.9225588224372631,0.005331025717242211,0.05133263795049733,2,-0.0017952119361343832,-0.05066346604234251,0.0033489317949244226,0.04910974618355237,0.05080575677505737,2,0.1379047293814687,0.33518405418972247,0.19727932480825378
tm255995,mario gonzalez_1996,2021,0.014207892117037093,0.7043111412039674,0.010297634443872015,0.2711833322351236,2,2122,0.04694932418444465,0.4788643381278788,0.013297926425791003,0.4608884112618854,2,0.03274143206740755,-0.2254468030760886,0.0030002919819189875,0.1897050790267618,0.22783165746451942,2,0.7083293088055902,0.9106620937372132,0.202332784931623
tm257388,wilson manafa_1994,2021,0.015607710416161,0.000377690663962784,0.9829788089657577,0.0010357899541182146,3,2122,0.011429028270198208,0.00562471145354487,0.9808864566098593,0.002059803666397476,3,-0.004178682145962792,0.005247020789582086,-0.0020923523558984414,0.0010240137122792614,0.007026418008098335,2,0.09189872948160291,0.1119152167840765,0.020016487302473587
tm257455,joao palhinha_1995,2021,0.5166382984606432,0.017277591698539266,0.28581287875504363,0.18027123108577398,1,2122,0.6481830692651264,0.2144281305006707,0.03989431555908809,0.09749448467511487,1,0.13154477080448312,0.19715053880213143,-0.24591856319595554,-0.0827767464106591,0.34153814047678177,3,1.0781272639010142,0.9666964699102893,-0.11143079399072486
tm257456,francisco geraldes_1995,2021,0.8163699069073724,0.15023640509156952,0.022661422921802152,0.010732265079255808,1,2122,0.9321806214849121,0.0656273962029027,0.0009392598535440555,0.0012527224586413805,1,0.11581071457753966,-0.08460900888866682,-0.021722163068258096,-0.009479542620614428,0.14506087813206858,1,0.5848976547166118,0.25913750041580974,-0.3257601543008021
tm258015,diogo goncalves_1997,2021,0.5539420907920742,0.026534579633546464,0.2647272018253404,0.15479612774903884,1,2122,0.7609317613491079,0.1891110541226531,0.017480969588163073,0.03247621494007596,1,0.20698967055703366,0.16257647448910664,-0.2472462322371773,-0.12231991280896287,0.36111844750731953,3,1.0641449639979155,0.7048881259257456,-0.3592568380721699
tm258135,andrija lukovic_1994,2021,0.6270927664139471,0.13096656651239943,0.10452734774988251,0.13741331932377088,1,2122,0.8906400591488244,0.09636922094848697,0.007752813661204706,0.005237906241483843,1,0.2635472927348773,-0.03459734556391246,-0.09677453408867781,-0.13217541308228703,0.28287711515078867,1,1.067657698648863,0.3937967364718341,-0.673860962177029
tm261927,ricardo horta_1994,2021,0.010527013831637868,0.9819795052194338,0.000882914562925651,0.006610566386002746,2,2122,0.058319727065040565,0.7617183786470608,0.0072961258676892465,0.17266576842020942,2,0.0477927132334027,-0.22026112657237296,0.006413211304763596,0.16605520203420668,0.2254777962380791,2,0.10518307353109067,0.7122268093613118,0.6070437358302211
tm262002,welinton junior_1993,2021,0.13848317785815725,0.4842034395501486,0.024328617368051773,0.3529847652236423,2,2122,0.10190210989304099,0.5120305441195159,0.00726583496458615,0.378801511022857,2,-0.03658106796511626,0.027827104569367267,-0.017062782403465624,0.02581674579921467,0.04902714376272568,1,1.0829321221969814,0.9789566058174098,-0.10397551637957159
tm264848,ruben lameiras_1994,2021,0.14405456717906262,0.825425496257917,0.00995391695225702,0.02056601961076354,2,2122,0.06475955132201625,0.8957758754817676,0.012692476549317263,0.02677209664689875,2,-0.07929501585704637,0.07035037922385068,0.002738559597060243,0.00620607703613521,0.10603949785516474,1,0.5632441201079423,0.42819568050966234,-0.13504843959828
tm265589,fahd moufi_1996,2021,0.1852573347664846,0.011184159604887712,0.7407767782921826,0.0627817273364451,3,2122,0.25217381951111,0.02934268952205704,0.6991279117440446,0.01935557922278825,3,0.06691648474462542,0.01815852991716933,-0.04164886654813793,-0.04342614811365685,0.08088372038967435,1,0.7586589358554092,0.7775321470197546,0.01887321116434537
tm27178,ruben fernandes_1986,2021,0.0041261705087243025,0.0003086962982938663,0.993525032385306,0.0020401008076758797,3,2122,0.003748034100424897,0.0017223405488746917,0.9918246556990854,0.002704969651615081,3,-0.0003781364082994054,0.0014136442505808255,-0.0017003766862205838,0.0006648688439392014,0.002243358661811413,3,0.044241475166395636,0.05603499252481538,0.011793517358419742
tm290336,rochinha_1995,2021,0.3074796880133329,0.5455839233743293,0.02355847996709481,0.12337790864524298,2,2122,0.07614601390101446,0.9018905572678713,0.0029667197220769066,0.018996709109037217,2,-0.23133367411231848,0.356306633893542,-0.020591760245017902,-0.10438119953620575,0.4253160080749833,2,1.0396657731797074,0.38177535845735117,-0.6578904147223563
tm290388,rafael ramos_1995,2021,0.17058596406909438,0.0048323281564004806,0.8048458758990271,0.019735831875478116,3,2122,0.001975232957108549,0.00041355745149955313,0.996377394941221,0.0012338146501706358,3,-0.16861073111198582,-0.004418770704900927,0.1915315190421939,-0.01850201722530748,0.2552125133438232,3,0.579657118265135,0.027401507136010965,-0.552255611129124
tm290391,nuno santos_1995,2021,0.22621618534783736,0.5520114541713353,0.018172634995152728,0.20359972548567448,2,2122,0.19934949188372872,0.48539347767143104,0.019779306810275232,0.295477723634565,2,-0.026866693464108637,-0.06661797649990431,0.0016066718151225047,0.0918779981488905,0.07184953308795881,2,1.0610969274337352,1.1101619997285637,0.04906507229482848
tm290530,bilel aouacheria_1994,2021,0.5046957614662081,0.4430733038961207,0.023117407556784486,0.029113527080886794,1,2122,0.8508323190332601,0.1220475787974824,0.01178749312900623,0.015332609040251261,1,0.346136557567052,-0.3210257250986383,-0.011329914427778255,-0.013780918040635533,0.47222494599546133,1,0.8958299573683204,0.5105527911128528,-0.3852771662554676
tm298410,joao pedro sousa silva_1996,2021,0.03519299924440757,0.2548918158403766,0.021703347307748425,0.6882118376074674,4,2122,0.11260137027821376,0.4246322317811586,0.08137836144923571,0.3813880364913918,2,0.07740837103380618,0.16974041594078199,0.05967501414148729,-0.3068238011160756,0.19586978333230418,2,0.8064898038382468,1.1814052024310517,0.374915398592805
tm299400,pedro sa_1993,2021,0.4054954127072906,0.00542485613929845,0.49445874718412824,0.09462098396928256,3,2122,0.9480771145896465,0.025876486300010722,0.023096229962448644,0.002950169147894263,1,0.5425817018823559,0.020451630160712272,-0.4713625172216796,-0.0916708148213883,0.7190241964185506,1,0.9656665595735077,0.24933044797169598,-0.7163361116018117
tm302371,toni martinez_1997,2021,0.015533571374739267,0.3661624015473514,0.008677608270572356,0.6096264188073369,4,2122,0.014943197604347818,0.07550841563171531,0.008106779618796191,0.9014416071451407,4,-0.0005903737703914485,-0.29065398591563607,-0.0005708286517761649,0.29181518833780373,0.2906551460325195,2,0.7754711464125599,0.3904587300733614,-0.38501241633919847
tm307058,mehdi taremi_1992,2021,0.011083174610984544,0.6633858560432849,0.004679794025666625,0.3208511753200638,2,2122,0.019390719207983173,0.11719993895997953,0.006494725191373203,0.8569146166406642,4,0.00830754459699863,-0.5461859170833054,0.0018149311657065775,0.5360634413206004,0.5462521078151542,2,0.7119939032336676,0.49275332198127175,-0.21924058125239587
tm308371,mikel villanueva_1993,2021,8.468378369951466e-05,3.0504936006459773e-06,0.9998963839228748,1.5881799825182992e-05,3,2122,3.0890113756334373e-06,8.156299913514671e-07,0.9999949178207048,1.1775379282766752e-06,3,-8.159477232388122e-05,-2.23486360929451e-06,9.853389782998878e-05,-1.4704261896906317e-05,0.00012795167254674254,3,0.001111896663096538,7.17849040779928e-05,-0.001040111759018545
tm308560,jhon murillo_1995,2021,0.11632657083121192,0.844562596273035,0.01244077047125125,0.02667006242450197,2,2122,0.12870658597421264,0.8017878981342176,0.01082592356138074,0.058679592330189156,2,0.012380015143000717,-0.0427746981388174,-0.0016148469098705102,0.03200952990568719,0.04455948054398967,2,0.5441698712590513,0.6563923764990136,0.11222250523996236
tm312123,lucas possignolo_1994,2021,0.00010181209177633726,6.521963113087569e-06,0.9998584126974178,3.3253247692723437e-05,3,2122,0.049074953627573345,0.02042245009613098,0.9118781913812876,0.01862440489500784,3,0.04897314153579701,0.02041592813301789,-0.08798022131613026,0.018591151647315115,0.10274092688044535,3,0.0014982334569458584,0.3857040614069833,0.38420582795003744
tm314367,marcus edwards_1998,2021,0.158888067940973,0.7254006396928617,0.01804764977624738,0.09766364258991793,2,2122,0.052092853446731674,0.8888972050265733,0.003768428532663613,0.05524151299403146,2,-0.10679521449424131,0.1634965653337116,-0.014279221243583768,-0.04242212959588647,0.19580664154750943,2,0.8248039188348797,0.4396225103788395,-0.3851814084560402
tm321239,everton soares_1996,2021,0.13012312839466614,0.7371175966640352,0.016377568364854874,0.11638170657644374,2,2122,0.10476517117510799,0.8449257011442892,0.00627124275360151,0.04403788492700112,2,-0.02535795721955815,0.10780810448025402,-0.010106325611253363,-0.07234382164944261,0.11121039161577925,2,0.8078484344134824,0.5480530118527316,-0.25979542256075083
tm323945,yan matheus_1998,2021,0.13815914089551165,0.8308785612959788,0.010362166763306693,0.02060013104520277,2,2122,0.04832799712203192,0.9328232055268497,0.0029484721396015384,0.015900325211516807,2,-0.08983114377347973,0.1019446442308709,-0.0074136946237051546,-0.004699805833685962,0.13607831475655474,2,0.5547334263919729,0.2943186463878337,-0.26041478000413915
tm324803,nicolas janvier_1998,2021,0.960746622456169,0.003227044690688638,0.031362369978829775,0.004663962874312395,1,2122,0.6135783633914625,0.33532162750106764,0.016118718185647963,0.034981290921821916,1,-0.3471682590647065,0.332094582810379,-0.015243651793181812,0.03031732804750952,0.4806713856201663,1,0.19060037589624473,0.8499196009253075,0.6593192250290627
tm327911,felipe pires_1995,2021,0.0008295710737933086,0.9989039113534347,4.476583574410282e-05,0.00022175173702785816,2,2122,0.3374692177719788,0.5511930248162337,0.023893215867850016,0.08744454154393748,2,0.33663964669818547,-0.44771088653720104,0.023848450032105915,0.08722278980690962,0.5606603590605809,2,0.009295060626491328,0.9972172975686575,0.9879222369421662
tm329722,andre horta_1996,2021,0.6994076224898612,0.27131389689199126,0.009230678875160648,0.02004780174298682,1,2122,0.9553519302127024,0.041553529079196336,0.0019092173728016725,0.0011853233352996642,1,0.25594430772284116,-0.2297603678127949,-0.007321461502358975,-0.018862478407687153,0.3440216840138507,1,0.7256039269311478,0.19574863474958637,-0.5298552921815615
tm329723,gil bastiao dias_1996,2021,0.7125784606729766,0.04267498880388611,0.2282816565228165,0.016464894000320866,1,2122,0.2857267426686897,0.6863708211031361,0.009358568508155557,0.01854386772001861,2,-0.4268517180042869,0.64369583229925,-0.21892308801466095,0.0020789737196977437,0.8027914001460843,2,0.780896535352442,0.7339063586225371,-0.04699017672990491
tm334557,chiquinho_1995,2021,0.36408862573838424,0.35859595554509777,0.07103634277204236,0.2062790759444756,1,2122,0.1608724571605916,0.6436564073903992,0.0349504676047335,0.16052066784427563,2,-0.20321616857779265,0.28506045184530143,-0.036085875167308865,-0.04575840810019996,0.3519353104823042,2,1.2490980196533104,0.988389155811485,-0.26070886384182534
tm335380,pedro nuno_1995,2021,0.026062245959220166,0.5636788310870859,0.0067458522660603605,0.4035130706876335,2,2122,0.24704963235264232,0.6709809527683513,0.018330669680302704,0.06363874519870362,2,0.22098738639342216,0.1073021216812654,0.011584817414242343,-0.3398743254889299,0.2459336867060267,1,0.818124692034716,0.861750202644405,0.043625510609689
tm336158,gustavo sauer_1993,2021,0.8388329284170335,0.120323355217982,0.013707077109321682,0.027136639255662818,1,2122,0.2924895838408863,0.6425627725024101,0.0066256511357835985,0.05832199252091994,2,-0.5463433445761472,0.5222394172844281,-0.007081425973538083,0.031185353265257124,0.7558274973312684,1,0.5588926063036134,0.8427423475165048,0.2838497412128914
tm337798,abdu conte_1998,2021,0.8282577244855598,0.013080960907071632,0.14067313389538452,0.017988180711984186,1,2122,0.15054394922771142,0.027613601131378635,0.8037799478898173,0.018062501751092638,3,-0.6777137752578484,0.014532640224307003,0.6631068139944328,7.432103910845131e-05,0.9482709557779263,1,0.560977963756379,0.6322433884369474,0.0712654246805684
tm340376,abel ruiz_2000,2021,0.010946493560128895,0.969274076657814,0.004223104286523917,0.015556325495533294,2,2122,0.0719306920388933,0.8697208356440908,0.018817071039871958,0.039531401277144024,2,0.0609841984787644,-0.0995532410137232,0.01459396675334804,0.02397507578161073,0.11765587161732141,2,0.16752345537036062,0.5131961447293802,0.3456726893590196
tm344392,fernando ferreira fonseca_1997,2021,0.019260279691427365,0.00047748730297200216,0.9767638808045903,0.003498352201010467,3,2122,0.0005106072791899799,7.799791309005268e-05,0.999285148905777,0.00012624590194301337,3,-0.018749672412237385,-0.0003994893898819495,0.02252126810118671,-0.0033721062990674537,0.02930729131503582,3,0.1224727057838042,0.006456066205597256,-0.11601663957820695
tm344395,jorge fernandes_1997,2021,1.4640782749136726e-05,9.501957684418511e-07,0.9999774095901209,6.999431361509369e-06,3,2122,1.4960394104275094e-05,3.7053005593449833e-06,0.999976893433604,4.440871732377171e-06,3,3.19611355138368e-07,2.7551047909031323e-06,-5.161565169720106e-07,-2.5585596291321985e-06,2.8212003433296706e-06,2,0.00028182395447733436,0.0002903876193551224,8.563664877788031e-06
tm344519,bruno costa_1997,2021,0.9556777344668786,0.025047866164596432,0.007523266263399933,0.011751133105125055,1,2122,0.7646757523061272,0.036530988759534234,0.18810544762293924,0.010687811311399405,1,-0.19100198216075148,0.011483122594937802,0.1805821813595393,-0.0010633217937256502,0.26310367446775795,1,0.22468251805754227,0.6888537611457213,0.46417124308817903
tm350311,helder ferreira_1997,2021,0.15110082267814137,0.8317634546882688,0.008573838949783277,0.008561883683806728,2,2122,0.3796521820814705,0.6064278152106936,0.004890312650688319,0.009029690057147748,2,0.22855135940332913,-0.2253356394775753,-0.0036835262990949575,0.0004678063733410207,0.3209757664838167,1,0.5203298763161605,0.7395335860263746,0.2192037097102142
tm351738,lincoln_1998,2021,0.8806939054108632,0.07847148993534127,0.01175244579137159,0.029082158862423876,1,2122,0.15378227032348016,0.8048131834107847,0.004956194763589811,0.036448351502145274,2,-0.7269116350873831,0.7263416934754434,-0.006796251027781779,0.007366192639721398,1.0276278362978595,1,0.4667055969617301,0.6096900051118529,0.1429844081501228
tm352811,aylton boa morte_1993,2021,0.008281100365096704,0.9897248349495821,0.0007057476301104657,0.0012883170552107429,2,2122,0.12335672553821808,0.8546138534774973,0.002988393462210496,0.01904102752207417,2,0.11507562517312138,-0.13511098147208478,0.00228264583210003,0.017752710466863428,0.17748968222217754,2,0.0636140464718573,0.4852062324646542,0.4215921859927969
tm352918,henrique gomes_1995,2021,0.013441800351095622,0.00029623072512271597,0.9848984427598835,0.0013635261638982466,3,2122,0.2180761501850694,0.35589398114010523,0.28297318305116903,0.14305668562365637,2,0.20463434983397377,0.35559775041498254,-0.7019252597087144,0.1416931594597581,0.8130338538150276,3,0.08431565605166455,1.3351946142397437,1.2508789581880793
tm357156,diogo leite_1999,2021,0.012967315247513744,0.0007199495902140367,0.9834656193239378,0.002847115838334556,3,2122,5.48488320083836e-05,1.3590310965563014e-05,0.9999253480843352,6.212772690913805e-06,3,-0.01291246641550536,-0.0007063592792484737,0.016459728760397363,-0.0028409030656436425,0.020932114160513896,3,0.09464212123506727,0.0008395466031643488,-0.09380257463190292
tm357158,ruben vinagre_1999,2021,0.8708376638966943,0.007352169235768605,0.11058571903562696,0.01122444783191002,1,2122,0.7340533620168869,0.04484439985988346,0.11772066681239875,0.10338157131083103,1,-0.1367843018798074,0.03749223062411486,0.007134947776771788,0.09215712347892101,0.14200887323577832,1,0.4504558021839189,0.8526349988003563,0.4021791966164374
tm357163,filipe soares_1999,2021,0.8421759191723168,0.14135743791890734,0.011573597420949256,0.004893045487826603,1,2122,0.9668138492628063,0.01850130347741701,0.011690103254355252,0.002994744005421262,1,0.12463793009048951,-0.12285613444149034,0.00011650583340599638,-0.0018983014824053412,0.17500930535476256,1,0.49885588267596065,0.1758594723565961,-0.32299641031936455
tm358143,chidozie awaziem_1997,2021,0.0048859882992268065,0.00013350261322568824,0.9941524073054567,0.0008281017820907585,3,2122,0.031442230306844045,0.014045611291057473,0.9066811718136768,0.04783098658842166,3,0.026556242007617237,0.013912108677831785,-0.08747123549177993,0.0470028848063309,0.09246619812606852,3,0.03889822976991551,0.40292102088515475,0.3640227911152392
tm36350,javi garcia_1987,2021,0.9921646279485705,0.0008575478098075052,0.006541153345609941,0.00043667089601206945,1,2122,0.4083612636635694,0.026083395444068472,0.5606504930984588,0.004904847793903369,3,-0.5838033642850011,0.025225847634260966,0.5541093397528489,0.004468176897891299,0.8052948975007174,1,0.05013800058705206,0.8113478905910243,0.7612098900039722
tm364857,falaye sacko_1995,2021,0.1598268755222189,0.002141468438456664,0.8258048965485315,0.01222675949079295,3,2122,0.004625707211188692,0.001559466907526921,0.9928096756862773,0.0010051501950072614,3,-0.1552011683110302,-0.0005820015309297428,0.1670047791377458,-0.011221609295785688,0.22798758217442017,3,0.5181354092512579,0.049050440672441104,-0.46908496857881676
tm367468,nuno santos_1999,2021,0.9083094755944323,0.009014641838255288,0.07426482475539911,0.008411057811913349,1,2122,0.08203157641471916,0.9125614698384724,0.0034571845002638784,0.0019497692465444425,2,-0.8262778991797132,0.9035468280002171,-0.07080764025513524,-0.006461288565368906,1.2264362025725573,2,0.36308841169461525,0.3203911173439895,-0.04269729435062575
tm371245,guilherme schettine_1995,2021,0.07281074399573254,0.5513031820510954,0.01895939541403793,0.35692667853913407,2,2122,0.02481230196576355,0.9077018187083357,0.009109353441023017,0.05837652588487772,2,-0.04799844202996899,0.35639863665724025,-0.009850041973014912,-0.29855015265425633,0.3597511111522993,2,0.9619383777555579,0.3882561615789115,-0.5736822161766464
tm373187,maracas_1994,2021,0.0008917891490681303,5.1833754463541056e-05,0.9983135974101138,0.0007427796863544958,3,2122,0.00037681734005029754,0.0001144169792534768,0.9992941722095828,0.00021459347111348108,3,-0.0005149718090178327,6.258322478993575e-05,0.0009805747994690028,-0.0005281862152410146,0.001109341949744028,3,0.013810651772056088,0.006527342716825708,-0.007283309055230379
tm373300,cryzan_1996,2021,0.020082168462267267,0.6606720573631851,0.006507582688380394,0.3127381914861673,2,2122,0.09492707195403685,0.746912896716141,0.005874639208932408,0.15228539212088962,2,0.07484490349176959,0.0862408393529559,-0.000632943479447986,-0.1604527993652777,0.11419125434306616,2,0.7486143043759768,0.758253492155105,0.0096391877791282
tm374889,kenji gorre_1994,2021,0.12304648006152401,0.738581488886759,0.020562180429647837,0.11780985062206918,2,2122,0.06308065649647172,0.9182101170836189,0.0016176938543156728,0.017091532565593832,2,-0.059965823565052284,0.17962862819685987,-0.018944486575332164,-0.10071831805647535,0.19031877898758082,2,0.813441620389874,0.33260825645444503,-0.48083336393542897
tm375378,afonso sousa_2000,2021,0.7805693296234587,0.19884324895631983,0.01326008355422117,0.007327337866000344,1,2122,0.6975114415757507,0.2907867066940214,0.008950850871104182,0.00275100085912362,1,-0.08305788804770797,0.09194345773770157,-0.004309232683116988,-0.004576337006876725,0.12397895657742626,2,0.6078965843891531,0.668870215652469,0.0609736312633159
tm375382,andre almeida_2000,2021,0.7756645992378153,0.13517167185760567,0.06726807644042798,0.021895652464151,1,2122,0.9270606938369107,0.02690029622747941,0.038750057801352586,0.0072889521342573505,1,0.15139609459909542,-0.10827137563012626,-0.028518018639075396,-0.01460670032989365,0.18829961664272393,1,0.7327875975361994,0.3293069343994121,-0.40348066313678727
tm376441,allano_1995,2021,0.11350220922564966,0.7604850075878391,0.012584803553255742,0.11342797963325554,2,2122,0.5856467392599302,0.10218655014247255,0.05180767650595337,0.26035903409164374,1,0.4721445300342805,-0.6582984574453665,0.039222872952697635,0.1469310544583882,0.8110584134813621,2,0.7571408850543656,1.050151974085928,0.29301108903156237
tm377641,al musrati_1996,2021,0.3311943522369956,0.023996652484715476,0.5932920151272048,0.051516980151084156,3,2122,0.9498221975166171,0.017770424666558118,0.03047167329764787,0.0019357045191769533,1,0.6186278452796214,-0.006226227818157359,-0.5628203418295569,-0.0495812756319072,0.8363647015777808,1,0.9180204130246937,0.2389842321310041,-0.6790361808936897
tm379249,matheus reis_1995,2021,0.0182125132166034,0.0004112170546835788,0.9789317063275763,0.0024445634011367534,3,2122,0.7976726658154575,0.1326000407126015,0.06588709794545926,0.003840195526481753,1,0.779460152598854,0.13218882365791793,-0.9130446083821171,0.0013956321253449995,1.2077592771265087,3,0.1117050101914916,0.6487875722194626,0.537082562027971
tm388266,oscar estupinan_1996,2021,0.009906512315147404,0.8813304172356391,0.0052017657856024396,0.10356130466361099,2,2122,0.03358477851828641,0.38734956204406057,0.012162646081407076,0.5669030133562459,4,0.023678266203139006,-0.4939808551915785,0.006960880295804637,0.4633417086926349,0.49459700710849686,2,0.41923580054271536,0.8567344020751522,0.4374986015324368
tm394328,rafik guitane_1999,2021,0.9736617342870246,0.008022140263116248,0.015379648910819353,0.0029364765390399008,1,2122,0.03425035042304797,0.959847386009583,0.0025595453106430745,0.003342718256726005,2,-0.9394113838639766,0.9518252457464668,-0.01282010360017628,0.00040624171768610445,1.337396501277715,2,0.14602640137607387,0.1892300877792966,0.043203686403222724
tm396342,toni borevkovic_1997,2021,5.334194713844712e-05,1.9852951313497133e-06,0.9999293096160958,1.5363141634523454e-05,3,2122,0.00012544117000033912,2.8142605511328272e-05,0.9998238495516578,2.2566672830450253e-05,3,7.2099222861892e-05,2.615731037997856e-05,-0.00010546006443801215,7.203531195926799e-06,0.00013040064422721606,3,0.0007918523690615493,0.0018393837019453796,0.0010475313328838303
tm396429,diogo calila_1998,2021,0.9606462150003858,0.006116337723173487,0.023380836245782837,0.009856611030657837,1,2122,0.4404436420448449,0.11202008559798653,0.4172162591810936,0.030320013176075012,1,-0.520202572955541,0.10590374787481303,0.39383542293531076,0.020463402145417177,0.6610088207294452,1,0.20309113536085865,1.0770794060750852,0.8739882707142266
tm400831,rafael camacho_2000,2021,0.012784159652692842,0.9559377932139252,0.004611152419948259,0.026666894713433503,2,2122,0.20691397183518262,0.7496372897821784,0.013880440353058295,0.029568298029580706,2,0.19412981218248979,-0.20630050343174688,0.009269287933110036,0.0029014033161472025,0.2834293587350962,2,0.22026440857313512,0.7054848817004233,0.4852204731272882
tm404383,pedro marques_1998,2021,0.017342604555653222,0.8658293780436701,0.007477226867496375,0.1093507905331805,2,2122,0.470522471524193,0.28072504699490813,0.07215468312025547,0.17659779836064332,1,0.4531798669685398,-0.585104331048762,0.0646774562527591,0.06724700782746282,0.7429012339369011,2,0.4736771855942452,1.2072497217253177,0.7335725361310725
tm411502,danny henriques_1997,2021,0.20567715043056073,0.0025056586790960975,0.7856477363736344,0.006169454516708866,3,2122,0.0002106119966396033,6.011447749856223e-05,0.9996483121508388,8.096137502295351e-05,3,-0.20546653843392113,-0.002445544201597535,0.21400057577720444,-0.0060884931416859125,0.29667949968852747,3,0.561200578731398,0.0034816093111447377,-0.5577189694202532
tm411662,lucas verissimo_1995,2021,0.014165254759815213,0.003077189013593253,0.9575362533384795,0.02522130288811192,3,2122,0.2036548479283119,0.39430670898833614,0.24977673069519996,0.15226171238815198,2,0.18948959316849667,0.39122951997474287,-0.7077595226432796,0.12704040950004006,0.8305964032615799,3,0.21246381371095446,1.3241012575003555,1.111637443789401
tm415525,kanya fujimoto_1999,2021,0.913978379410151,0.06193634646990801,0.016553836877900754,0.007531437242040364,1,2122,0.3356728832717081,0.6440044461312093,0.00989315178907645,0.010429518808006178,2,-0.578305496138443,0.5820680996613014,-0.006660685088824305,0.0028980815659658144,0.8205393861559004,2,0.3592042444154396,0.7430775621997918,0.38387331778435224
tm416089,david tavares_1999,2021,0.355781755634708,0.07022620085687124,0.13223969421009985,0.44175234929832086,4,2122,0.7278981222782078,0.08616477552478873,0.1070220369389147,0.07891506525808868,1,0.37211636664349984,0.015938574667917482,-0.025217657271185148,-0.3628372840402322,0.3733102713891641,1,1.1826550263952247,0.8819685504845203,-0.3006864759107044
tm4188,ricardo quaresma_1983,2021,0.03665741225010412,0.5416786018400533,0.007857986833882722,0.41380599907595983,2,2122,0.046732859345406934,0.2720633772807841,0.012378716944745087,0.6688250464290638,4,0.010075447095302816,-0.26961522455926923,0.004520730110862365,0.255019047353104,0.2698412884438752,2,0.8564947730012893,0.8206954428961375,-0.035799330105151794
tm426620,pedro goncalves_1998,2021,0.04003050470060172,0.7185459935987465,0.009515728574737052,0.23190777312591462,2,2122,0.054292331713169856,0.35166913446310116,0.013475163432837063,0.580563370390892,4,0.014261827012568139,-0.36687685913564533,0.003959434858100011,0.3486555972649774,0.3671753077255715,2,0.7495280449076092,0.8994119812526555,0.14988393634504638
tm430761,lucas fernandes_1997,2021,0.8706619853154184,0.04403068398375165,0.024995912667008093,0.060311418033822055,1,2122,0.9531023581163408,0.04048697967787837,0.0020816165168837234,0.004329045688897115,1,0.08244037280092242,-0.0035437043058732798,-0.02291429615012437,-0.05598237234492494,0.08563899740082283,1,0.5196695487556054,0.21202657445511636,-0.3076429743004891
tm43250,jan vertonghen_1987,2021,0.005936084206477668,0.00013232013120532588,0.9931492851238292,0.0007823105384877479,3,2122,0.0016754779633569167,0.0005163753044082502,0.9976458763755608,0.00016227035667390935,3,-0.004260606243120751,0.00038405517320292434,0.00449659125173163,-0.0006200401818138386,0.006206415778864068,3,0.04403747742134258,0.01838471953996272,-0.025652757881379856
tm432958,lucas mineiro_1996,2021,0.9546286326271336,0.01286323926406893,0.02238091871511084,0.01012720939368668,1,2122,0.8275212950484672,0.07124492952126342,0.04224281499746411,0.05899096043280532,1,-0.12710733757866644,0.05838169025719449,0.019861896282353266,0.04886375103911864,0.1412770043126447,1,0.2318715973190641,0.6455056867539027,0.41363408943483865
tm433358,tomas ribeiro_1999,2021,1.5722673667574933e-05,7.100083852401254e-07,0.9999791069461459,4.460371801296427e-06,3,2122,1.7344614819672585e-05,4.477173260351732e-06,0.9999727558674095,5.4223445106820585e-06,3,1.6219411520976518e-06,3.7671648751116066e-06,-6.351078736366311e-06,9.619727093856315e-07,7.560319134313498e-06,3,0.00025979731429298826,0.00033826841124249163,7.847109694950337e-05
tm435497,fabio china_1992,2021,0.8011205600756478,0.008300557229314632,0.16990003718666363,0.0206788455083738,1,2122,0.26286078827464043,0.0271924959213547,0.6753605252059898,0.034586190598015105,3,-0.5382597718010074,0.018891938692040068,0.5054604880193261,0.013907345089641306,0.7386276411261302,1,0.5987764510707462,0.8306834433442071,0.2319069922734609
tm438202,bruno tabata_1997,2021,0.16618303069340867,0.08671058185207209,0.01881130696225697,0.7282950804922622,4,2122,0.031184977003836562,0.13895422000254543,0.007994996944513411,0.8218658060491046,4,-0.1349980536895721,0.05224363815047334,-0.010816310017743557,0.09357072555684243,0.1451580682896067,1,0.8159140034607592,0.5822248610872248,-0.23368914237353433
tm445517,heriberto tavares_1997,2021,1.0204658442154182e-40,1.0,5.069287943579494e-42,2.752803481643813e-41,2,2122,0.29228188560686097,0.4851864725850126,0.02769329560423317,0.19483834620389326,2,0.29228188560686097,-0.5148135274149874,0.02769329560423317,0.19483834620389326,0.5926454144636467,2,8.289306334778563e-11,1.128413424327494,1.128413424244601
tm44699,vitorino antunes_1987,2021,0.9089374196233517,0.007626217632787546,0.04507107119018264,0.03836529155367821,1,2122,0.6349590384276004,0.058778843994841776,0.18074620464280958,0.12551591293474823,1,-0.27397838119575135,0.051152626362054227,0.13567513345262694,0.08715062138107002,0.30998142909498383,1,0.388763544347697,1.0246543455419082,0.6358908011942112
tm448466,jovane cabral_1998,2021,0.023846457264899215,0.7844240698580969,0.003175710305731874,0.1885537625712721,2,2122,0.3675135403878095,0.5633351903509201,0.008874211560545029,0.06027705770072537,2,0.3436670831229103,-0.22108887950717682,0.005698501254813155,-0.12827670487054674,0.40868059604108853,1,0.6124009285360802,0.9023998941529547,0.28999896561687455
tm451801,abdul mumin_1998,2021,0.01903098074988105,0.0004347596713396599,0.9775277973636254,0.0030064622151538623,3,2122,1.7028249568601416e-40,3.5711837913677653e-41,1.0,3.5977870307995296e-41,3,-0.01903098074988105,-0.0004347596713396599,0.022472202636374616,-0.0030064622151538623,0.0294510973582386,3,0.11843643133167013,8.289306334778563e-11,-0.11843643124877706
tm451858,rui costa_1996,2021,0.017365539384679725,0.9062412970907215,0.003330222694526709,0.07306294083007196,2,2122,0.04127075812776938,0.9160553954817559,0.0033689465936451745,0.03930489979682955,2,0.023905218743089658,0.00981409839103431,3.87238991184655e-05,-0.03375804103324241,0.02584139140844065,1,0.36976867710427486,0.35825957408827314,-0.01150910301600172
tm45287,adel taarabt_1989,2021,0.9890035159469098,0.002873908190968739,0.005740682727803513,0.002381893134317867,1,2122,0.8219436603891933,0.1616196042308949,0.005044366438686382,0.011392368941225528,1,-0.16705985555771652,0.15874569603992614,-0.000696316289117131,0.009010475806907661,0.2304553670595246,1,0.07176338755394174,0.5333836414034745,0.46162025384953276
tm454121,galeno_1997,2021,0.611393896424854,0.32933021272358604,0.019975135098268978,0.03930075575329105,1,2122,0.1487270071362233,0.7449059338263537,0.006594550558665408,0.0997725084787575,2,-0.46266688928863065,0.4155757211027677,-0.013380584539603571,0.060471752725466454,0.622047321718151,1,0.8719648580688225,0.7658698990634578,-0.1060949590053647
tm461629,gustavo assuncao_2000,2021,0.7724085083614788,0.005111031611938434,0.2110050163379987,0.01147544368858408,1,2122,0.7741200924697191,0.05165842403326258,0.1312035610747538,0.04301792242226432,1,0.0017115841082403493,0.04654739242132415,-0.07980145526324489,0.03154247873368024,0.09240054936804219,3,0.6059998656299181,0.7530812616619842,0.14708139603206605
tm461943,daniel braganca_1999,2021,0.8244627649982068,0.030522264085830923,0.06191734160666813,0.08309762930929414,1,2122,0.5532474583698911,0.27844984956846514,0.01928167429600068,0.14902101776564303,1,-0.2712153066283157,0.24792758548263422,-0.04263566731066745,0.06592338845634889,0.36992381691338305,1,0.6446183038673835,1.0433198803976949,0.39870157653031135
tm462738,naoufel khacef_1997,2021,0.8084020067859018,0.00366951457902398,0.17853207819690234,0.009396400438172007,1,2122,0.22743303376195403,0.016913462963828167,0.7124332465024302,0.04322025677178756,3,-0.5809689730239478,0.013243948384804187,0.5339011683055279,0.03382385633361556,0.7891456185668952,1,0.54398671739073,0.7831445567235175,0.23915783933278745
tm466336,nahuel ferraresi_1998,2021,0.007771924359157491,0.0010203326933850279,0.9865763971340472,0.004631345813410314,3,2122,5.173727605169687e-07,1.0603399500572142e-07,0.9999992937489673,8.284427715941062e-08,3,-0.0077714069863969735,-0.0010202266593900221,0.013422896614920132,-0.0046312629691331545,0.015543802061258506,3,0.0830039099109475,1.1248701439031658e-05,-0.08299266120950846
tm467486,antoine leautey_1996,2021,0.4169400597692071,0.5348030413333497,0.019991771595101907,0.02826512730234138,2,2122,0.06779413248893386,0.9171125256248592,0.0039231765504396604,0.011170165335767321,2,-0.34914592728027327,0.38230948429150957,-0.016068595044662248,-0.017094961966574056,0.5179977027577933,2,0.8784681127745348,0.3337483781512373,-0.5447197346232975
tm476701,manuel ugarte_2001,2021,0.8725195147133505,0.02058500890004278,0.07140333669015342,0.03549213969645327,1,2122,0.53941879071414,0.03900353878087426,0.2083670335492938,0.21321063695569187,1,-0.33310072399921054,0.01841852988083148,0.1369636968591404,0.1777184972592386,0.3606305433946102,1,0.505872508782866,1.1158205587952237,0.6099480500123576
tm478940,reggie cannon_1998,2021,0.11410785467523397,0.0008020004275606128,0.8812782690238767,0.0038118758733285316,3,2122,0.02202283230989686,0.0024101372373427506,0.9713833013858357,0.004183729066924686,3,-0.09208502236533711,0.0016081368097821379,0.09010503236195899,0.0003718531935961544,0.1288454667614398,1,0.3860090948667325,0.1496761515199004,-0.2363329433468321
tm480692,luis diaz_1997,2021,0.051903153856084155,0.8713079692634363,0.008308801823570067,0.06848007505690919,2,2122,0.03813964793807917,0.10577797377955936,0.004395876606217574,0.8516865016761439,4,-0.013763505918004987,-0.765529995483877,-0.003912925217352493,0.7832064266192347,0.765663711471594,2,0.496992672788733,0.5227880221615215,0.025795349372788545
tm487474,francisco conceicao_2002,2021,0.9199496008012744,0.016049670921502703,0.023888598249927902,0.04011213002729487,1,2122,0.14968580300802725,0.21394561571624093,0.010771766381687815,0.6255968148940441,4,-0.7702637977932472,0.19789594479473824,-0.013116831868240086,0.5854846848667492,0.7953874366843734,1,0.3612877510579724,0.9564377687440022,0.5951500176860298
tm491616,jackson porozo_2000,2021,0.02316473375732213,0.012287694040969457,0.8647921001448158,0.09975547205689268,3,2122,1.0118293241703286e-05,3.405375187625193e-06,0.9999833702223095,3.1061092609943213e-06,3,-0.023154615464080427,-0.012284288665781832,0.13519127007749376,-0.09975236594763169,0.13770882132412415,3,0.49683830466092815,0.00021526811954601674,-0.4966230365413821
tm498237,david carmo_1999,2021,0.009806052281550607,0.00028814431357119993,0.9864578168385673,0.003447986566310988,3,2122,0.001246530520591702,0.000824248326616722,0.9972933243151572,0.0006358968376341248,3,-0.008559521760958904,0.000536104013045522,0.0108355074765899,-0.002812089728676863,0.013818865458653549,3,0.08069959445324279,0.02157256807192362,-0.05912702638131917
tm51058,lica_1988,2021,0.0033901659354506736,0.9959345476998185,0.00026798417100823305,0.000407302193722681,2,2122,0.23350737833995172,0.330399588469919,0.32621338747906264,0.10987964571106659,2,0.23011721240450106,-0.6655349592298995,0.32594540330805444,0.10947234351734392,0.7759710815098798,2,0.028720072433539006,1.3136283093460583,1.2849082369125193
tm512913,stephen eustaquio_1996,2021,0.7914121395242373,0.004410770294134977,0.19428181110524634,0.00989527907638142,1,2122,0.969694243854589,0.017565170172616884,0.009891725075561972,0.002848860897232116,1,0.17828210433035174,0.013154399878481906,-0.18439008602968437,-0.007046418179149304,0.25682143755273984,3,0.5730566180958957,0.16319485687410953,-0.4098617612217862
tm516127,walterson_1994,2021,0.787125268416189,0.18734833729077924,0.016446675519175606,0.009079718773856195,1,2122,0.4020909064567063,0.47421079438839325,0.027268980754182125,0.09642931840071829,2,-0.3850343619594827,0.28686245709761404,0.010822305235006519,0.08734959962686209,0.48026935304287954,1,0.6124279152524222,1.0439119565332333,0.4314840412808111
tm517300,vitor tormena_1996,2021,0.006713839900172172,0.00014517616831335867,0.9923492144019312,0.0007917695295831552,3,2122,0.0008484335964956443,0.00019374946014876797,0.998624335463012,0.00033348148034360143,3,-0.005865406303676528,4.85732918354093e-05,0.006275121061080746,-0.0004582880492395538,0.008589673730887992,3,0.04815192670915758,0.011701121555092854,-0.03645080515406472
tm518472,willyan_1995,2021,0.4428770373501797,0.005636953076677112,0.5268546863861777,0.024631323186965506,3,2122,0.8040369430039003,0.013722403895766363,0.17788272847568679,0.004357924624646527,1,0.3611599056537206,0.008085450819089252,-0.34897195791049096,-0.020273398562318978,0.5022780896820344,1,0.8187499569301022,0.5650465930718741,-0.2537033638582281
tm520530,fali cande_1998,2021,0.14003203051208177,0.013423331225268398,0.8263075144463836,0.020237123816266224,3,2122,0.7704532000630644,0.13239736274660344,0.06880451816189902,0.028344919028433238,1,0.6304211695509826,0.11897403152133504,-0.7575029962844846,0.008107795212167014,0.9926713759217801,3,0.5697308737729887,0.7537724918745901,0.18404161810160136
tm524315,hidemasa morita_1995,2021,0.5574835884717673,0.013998701435183544,0.391382800004519,0.03713491008853018,1,2122,0.9050550856099676,0.02224392164997641,0.06873174561901205,0.00396924712104386,1,0.34757149713820035,0.008245220214792865,-0.322651054385507,-0.033165662967486326,0.4743180706818578,1,0.874944312886646,0.38092016385643906,-0.4940241490302069
tm537296,jean patric_1997,2021,0.9521164777002185,0.007885583320056446,0.020811201944654523,0.01918673703507065,1,2122,0.09162530068064224,0.8472469964529086,0.003652471735681106,0.05747523113076819,2,-0.8604911770195762,0.8393614131328522,-0.017158730208973415,0.03828849409569754,1.2021926091967536,1,0.24134794360723366,0.5441023394533757,0.30275439584614205
tm537598,fabio vieira_2000,2021,0.5415600703194345,0.13312171793768102,0.019056594724737155,0.3062616170181473,1,2122,0.026560704868075987,0.08815092493806985,0.004921487394776717,0.8803668827990774,4,-0.5149993654513586,-0.04497079299961117,-0.014135107329960438,0.57410526578093,0.5171523178885941,1,1.0384530642391097,0.44879018479385235,-0.5896628794452573
tm537602,joao mario lopes_2000,2021,0.08038251618635618,0.18866528253237844,0.018275870416697027,0.7126763308645683,4,2122,0.036116301322261804,0.006327878951975121,0.9476539940604201,0.009901825665343015,3,-0.04426621486409438,-0.18233740358040332,0.9293781236437231,-0.7027745051992252,0.9481298029438608,3,0.8318399100690572,0.24862804108341002,-0.5832118689856471
tm539135,leo andrade_1998,2021,0.0005098638483137703,2.1758958843759e-05,0.9993140847533086,0.00015429243953391688,3,2122,0.0007211839015672936,0.00014376618988842148,0.9988848879031721,0.00025016200537226807,3,0.0002113200532535233,0.00012200723104466247,-0.0004291968501365373,9.586956583835119e-05,0.0004937123307163624,3,0.006138910202926874,0.009678618846296713,0.003539708643369839
tm539203,andre luis_1994,2021,0.17259436730971728,0.7138889880692394,0.05451532183726095,0.05900132278378225,2,2122,0.019518500448210265,0.9599173868907099,0.0022684140829883734,0.018295698578091563,2,-0.153075866861507,0.24602839882147054,-0.05224690775427257,-0.04070562420569068,0.29443493918341596,2,0.8694014003350593,0.20311518944131274,-0.6662862108937466
tm544784,zaidu sanusi_1997,2021,0.032291652684882724,0.00211710372824347,0.9604278256659365,0.005163417920937332,3,2122,0.02425083432976188,0.016854280166378324,0.950378058047586,0.00851682745627373,3,-0.008040818355120844,0.014737176438134854,-0.010049767618350525,0.0033534095353363984,0.01956621982835755,2,0.18986204488750966,0.24797342588749585,0.058111380999986195
tm546543,darwin nunez_1999,2021,0.013130190544036878,0.6512303811649766,0.006283411954829734,0.3293560163361569,2,2122,0.007437078997247461,0.029200285907258514,0.0019418402996786474,0.9614207947958153,4,-0.005693111546789417,-0.622030095257718,-0.004341571655151087,0.6320647784596585,0.6220712983009639,2,0.7338423737751514,0.1895829882489942,-0.5442593855261572
tm54716,steven vitoria_1987,2021,0.005606515203095667,0.0011263316433419244,0.9908053716194762,0.00246178153408606,3,2122,0.14760172416823758,0.08667965889637162,0.7548180280896186,0.010900588845772163,3,0.14199520896514192,0.08555332725302969,-0.23598734352985762,0.008438807311686104,0.2883956266648254,3,0.06064945629327763,0.7559486449366264,0.6952991886433487
tm54781,nicolas otamendi_1988,2021,0.00030077522077715733,1.3693493163874773e-05,0.9995454060630448,0.0001401252230142826,3,2122,0.0002986495169818689,7.215524851853626e-05,0.9995215893672189,0.00010760586728064012,3,-2.1257037952884437e-06,5.846175535466149e-05,-2.381669582585122e-05,-3.2519355733642486e-05,6.316272995869252e-05,2,0.004290196462277168,0.004573528180970854,0.0002833317186936857
tm549006,goncalo inacio_2001,2021,0.0014861768436199969,6.532884176051372e-05,0.9981461414133166,0.00030235290130285454,3,2122,0.044350651389586555,0.038568646368682215,0.907621156049714,0.009459546192017197,3,0.042864474545966556,0.0385033175269217,-0.09052498536360254,0.009157193290714342,0.10730629810855104,3,0.014609207638915812,0.39579574121542466,0.38118653357650883
tm553062,vitor carvalho_1997,2021,0.8884825530292031,0.005904619986414628,0.08253403906878926,0.023078787915593094,1,2122,0.8367989242236773,0.01879868273374974,0.1357077166859388,0.008694676356634295,1,-0.051683628805525794,0.012894062747335112,0.053173677617149556,-0.0143841115589588,0.07526549230538615,3,0.42822216572210453,0.5360981809931775,0.10787601527107299
tm553875,pedro porro_1999,2021,0.9149753999380548,0.04846565317908883,0.01913026877164417,0.017428678111212275,1,2122,0.593227475292092,0.21377740207254295,0.020822949897386863,0.17217217273797814,1,-0.3217479246459628,0.16531174889345412,0.001692681125742692,0.15474349462676587,0.3617354924604303,1,0.37427208989793503,1.0231058738921932,0.6488337839942582
tm56036,luis neto_1988,2021,0.002665323656974038,8.810959650292433e-05,0.9963076470016073,0.0009389197449155259,3,2122,0.0014271265039692263,0.00040869045880410464,0.9977081976518895,0.0004559853853373979,3,-0.0012381971530048116,0.0003205808623011803,0.0014005506502821063,-0.00048293435957812804,0.001896693544827055,3,0.026851723231982205,0.018336585773176543,-0.008515137458805663
tm560903,patrick_1997,2021,0.0038520889819660836,9.004617676978124e-05,0.9953946520310883,0.0006632128101757915,3,2122,0.00032386029535956605,8.658229304691385e-05,0.9995429512244517,4.660618714170291e-05,3,-0.0035282286866065177,-3.4638837228673897e-06,0.004148299193363347,-0.0006166066230340886,0.00544580534550608,3,0.03170149116605138,0.004333992464870427,-0.02736749870118095
tm564544,pedro amador_1998,2021,0.09352677196112412,0.0030816868296650473,0.8102273809704051,0.09316416023880585,3,2122,0.28918587269942264,0.034134653166742426,0.6329388591579511,0.04374061497588369,3,0.1956591007382985,0.031052966337077378,-0.17728852181245403,-0.049423545262922156,0.26585332494910857,1,0.6310511885978513,0.9004563717875421,0.26940518318969087
tm581121,tiago esgaio_1995,2021,0.12382820858225423,0.001634129710423835,0.8705597971119001,0.003977864595421867,3,2122,0.25167582560059487,0.009920859401706712,0.7361561069937167,0.0022472080039818132,3,0.12784761701834063,0.008286729691282878,-0.13440369011818343,-0.0017306565914400542,0.18568261895942056,3,0.41180711068482573,0.6321792899913117,0.22037217930648595
tm58267,andre castro_1988,2021,0.6996387707372425,0.050087063663446806,0.16145377072030817,0.08882039487900248,1,2122,0.9717208181219145,0.017497924359518028,0.008772527195147794,0.0020087303234197335,1,0.272082047384672,-0.032589139303928774,-0.15268124352516038,-0.08681166455558274,0.3136913365619062,1,0.9093284017466221,0.15268893744794831,-0.7566394642986738
tm585264,pedrao_1997,2021,1.190867574211295e-40,5.069287943579494e-42,1.0,2.752803481643813e-41,3,2122,0.0010871473807780828,0.00023538860192523516,0.9984839807399901,0.0001934832773065765,3,0.0010871473807780828,0.00023538860192523516,-0.001516019260009882,0.0001934832773065765,0.001880322211263238,3,8.289306334778563e-11,0.01255462303085558,0.012554622947962515
tm58965,ruben lima_1989,2021,0.38151366710389517,0.007977158894224958,0.5829935944668262,0.02751557953505365,3,2122,0.20778454742293284,0.08004391906882469,0.6377285301227489,0.0744430033854935,3,-0.17372911968096233,0.07206676017459973,0.05473493565592269,0.04692742385043985,0.19588603352062495,1,0.819603591116733,1.0088671418273536,0.18926355071062062
tm593208,matheus silva_1997,2021,0.14495804657985464,0.00763102087771104,0.7995452861395911,0.04786564640284325,3,2122,0.4126169254265975,0.09126105300629384,0.45720523127590595,0.03891679029120276,3,0.2676588788467429,0.08363003212858279,-0.34234005486368513,-0.008948856111640487,0.4425290621681181,3,0.6415131136908843,1.0679010309452202,0.4263879172543359
tm594546,ze uilton_1992,2021,0.0769393787847293,0.09579081305413749,0.8039150978825373,0.023354710278595748,3,2122,0.8977836212804833,0.07830022106494393,0.018326381327171043,0.00558977632740164,1,0.8208442424957539,-0.01749059198919356,-0.7855887165553663,-0.017764933951194106,1.1363277796594027,1,0.685221575988907,0.39853921679495563,-0.28668235919395135
tm595012,ibrahima camara_1999,2021,0.839366045969237,0.008407346845421375,0.0996782345464771,0.05254837263886451,1,2122,0.9066087533474241,0.07194577092112879,0.009118194301974525,0.012327281429472613,1,0.06724270737818705,0.06353842407570742,-0.09056004024450258,-0.0402210912093919,0.12945977722311613,3,0.5718032716798827,0.3752603164694016,-0.19654295521048104
tm595809,beto_1998,2021,0.01589416846894778,0.7697663506785078,0.00702317450583377,0.20731630634671067,2,2122,0.012236421015722575,0.05305372622150726,0.004211356293274934,0.9304984964694953,4,-0.003657747453225205,-0.7167126244570006,-0.0028118182125588358,0.7231821901227846,0.7167274736565731,2,0.6282928192832646,0.2997350121340908,-0.3285578071491738
tm597087,lucas africo_1995,2021,0.0023181539370847244,9.574012174116344e-05,0.9974306375380776,0.00015546840309657304,3,2122,0.001701938913463003,0.0004808791065943521,0.9975180743557245,0.0002991076242180777,3,-0.0006162150236217214,0.0003851389848531886,8.743681764689093e-05,0.00014363922112150464,0.0007319140592112431,1,0.018879541902016,0.019431420221452247,0.000551878319436247
tm598629,bruno duarte_1996,2021,0.00305081326990645,0.989036774536171,0.0013656107792451065,0.006546801414677381,2,2122,0.03789259200936836,0.6319691004886939,0.00956274511428263,0.320575562387655,2,0.03484177873946191,-0.3570676740474771,0.008197134335037524,0.3140287609729776,0.35885716713855886,2,0.07050447151214921,0.8232067275055159,0.7527022559933667
tm601883,matheus nunes_1998,2021,0.6853869004362831,0.22124819583665906,0.033876958986762594,0.05948794474029514,1,2122,0.9727240207536291,0.023594572029505125,0.0029564269036633554,0.000724980313202267,1,0.28733712031734593,-0.19765362380715393,-0.03092053208309924,-0.05876296442709287,0.35012234293267663,1,0.8752142045908512,0.13776196410218342,-0.7374522404886678
tm606050,pedro pelagio_2000,2021,0.9164855378693207,0.010059957716381,0.03508192013746209,0.038372584276836194,1,2122,0.9376229842437952,0.0188438640673419,0.021786055309016818,0.021747096379846127,1,0.021137446374474456,0.008783906350960902,-0.013295864828445275,-0.016625487896990067,0.026471280126819003,1,0.3688307613504022,0.3018473785062883,-0.06698338284411393
tm610335,ivan jaime pajuelo_2000,2021,0.010480302235098849,0.9834515010783995,0.0006072286048194244,0.005460968081682275,2,2122,0.26157902314233106,0.6074685279691141,0.01575574608553348,0.11519670280302136,2,0.25109872090723223,-0.3759829731092854,0.015148517480714056,0.10973573472133909,0.4523751112641026,2,0.09713258171812172,0.9679263106661007,0.870793728947979
tm617679,ze carlos_1998,2021,0.6003740399457657,0.010778933554811524,0.19982698524292483,0.18902004125649802,1,2122,0.022953137399033836,0.003749439912831977,0.9685718666376756,0.004725556050458477,3,-0.5774209025467318,-0.007029493641979547,0.7687448813947507,-0.18429448520603953,0.9614743913123086,3,0.9918135726576773,0.16381024955335546,-0.8280033231043219
tm629567,yanis hamache_1999,2021,0.19674450194863632,0.1620455878734659,0.14491487086298113,0.4962950393149167,4,2122,0.47110020954652093,0.3823396680143243,0.06075654170733411,0.0858035807318208,1,0.27435570759788463,0.22029408014085838,-0.08415832915564703,-0.4104914585830959,0.36177777765212876,1,1.2423955976094272,1.1030678996499654,-0.13932769795946176
tm637782,andre amaro_2002,2021,0.0013304404004388472,9.350813690289864e-05,0.9982075329119675,0.00036851855069085633,3,2122,4.982453644955047e-05,1.007334493752069e-05,0.9999208993495768,1.920276903596895e-05,3,-0.0012806158639892967,-8.343479196537795e-05,0.0017133664376093316,-0.0003493157816548874,0.002140692155621039,3,0.014382395344657715,0.0008971602394432668,-0.013485235105214448
tm63837,andre andre_1989,2021,0.9104956795749921,0.04758727389635567,0.02526446040285961,0.016652586125792505,1,2122,0.6761533772320363,0.07315170342051859,0.16268733578192593,0.08800758356551917,1,-0.23434230234295583,0.02556442952416292,0.13742287537906633,0.07135499743972668,0.2728642545328054,1,0.39141313255346954,0.9652261888722302,0.5738130563187607
tm64339,pizzi_1989,2021,0.008958980259154321,0.9808241271165095,0.0013204407850507943,0.008896451839285476,2,2122,0.01032564705689846,0.017232505625094915,0.0032463709446426763,0.9691954763733639,4,0.0013666667977441389,-0.9635916214914145,0.001925930159591882,0.9602990245340784,0.9635945153401244,2,0.11199751129863915,0.16612847540708195,0.0541309641084428
tm644158,lucas_1999,2021,0.9628415574602948,0.029292236961846074,0.005101483719176531,0.0027647218586825525,1,2122,0.25985744002548306,0.6288560426460712,0.03376454063235837,0.07752197669608729,2,-0.7029841174348117,0.5995638056842252,0.02866305691318184,0.07475725483740474,0.9243835769223514,1,0.18308686539626257,0.9545309412674212,0.7714440758711587
tm646677,riccieli_1998,2021,0.00016155993665850052,1.0772613538194828e-05,0.9997204989098685,0.00010716853993491645,3,2122,0.0018414648505141059,0.0008041052912993735,0.9971092354820659,0.0002451943761208118,3,0.0016799049138556054,0.0007933326777611787,-0.0026112634278026015,0.00013802583618589535,0.0032047080906970797,3,0.002792844515823227,0.022250934606264115,0.019458090090440888
tm651205,luquinha_2000,2021,0.6272993493045441,0.2827508039793163,0.020511674695831403,0.06943817202030816,1,2122,0.25959843792409576,0.5642202022757407,0.028261511060974798,0.1479198487391887,2,-0.36770091138044836,0.28146939829642437,0.007749836365143394,0.07848167671888054,0.4631296172466732,1,0.9146348946310213,1.056483811915577,0.14184891728455573
tm657386,bruno rodrigues_2001,2021,0.0017255778079875168,3.754127326996561e-05,0.9980411974944214,0.0001956834243209486,3,2122,0.00044276404986776373,0.00014030941127439058,0.999247979416772,0.0001689471220858768,3,-0.001282813758119753,0.00010276813800442496,0.001206781922350575,-2.673630223507179e-05,0.0017642264696807975,1,0.014988833779124756,0.0068832108631648875,-0.008105622915959869
tm674798,goncalo franco_2000,2021,0.4690859004986923,0.0446900235254622,0.40974712933967145,0.07647694663617406,1,2122,0.9599478854959594,0.009600568304822263,0.02652134838547032,0.003930197813748042,1,0.49086198499726713,-0.035089455220639935,-0.3832257809542011,-0.07254674882242602,0.623729714997687,1,1.0561673667278555,0.20187965071902084,-0.8542877160088347
tm694928,samuel lino_1999,2021,0.0029865686741911857,0.9888174248897794,0.0016699783731564607,0.006526028062872922,2,2122,0.0533179285989913,0.9106715096101139,0.003354861755878034,0.03265570003501678,2,0.05033135992480012,-0.07814591527966552,0.0016848833827215733,0.026129671972143855,0.09296703017086115,2,0.07200073178062139,0.3723678569365846,0.3003671251559632
tm700933,derik lacerda_1999,2021,0.04783776250484879,0.3827768298851347,0.01671290813529838,0.5526724994747181,4,2122,0.21789876751239737,0.6170105837746016,0.009855381701970372,0.1552352670110306,2,0.1700610050075486,0.23423375388946693,-0.006857526433328006,-0.39743723246368745,0.2895396735407993,2,0.9091169066371685,0.9646567014813849,0.05553979484421645
tm70359,david simao_1990,2021,0.49940693270803393,0.03159859499695703,0.06808610316773307,0.40090836912727595,1,2122,0.8760041110294835,0.07022235722751595,0.011948552810367195,0.0418249789326332,1,0.37659717832144957,0.03862376223055892,-0.05613755035736588,-0.35908339019464275,0.3827122343075097,1,1.0053024430281834,0.4881475592305759,-0.5171548837976074
tm711337,evanilson_1999,2021,0.015018188741686022,0.6967010322383669,0.008520793508522547,0.27975998551142467,2,2122,0.03583284675626436,0.3738832689470274,0.008354763066929236,0.581929121229779,4,0.02081465801457834,-0.3228177632913395,-0.00016603044159331157,0.30216913571835435,0.3234881541120087,2,0.7118091933407449,0.8421515125360985,0.13034231919535366
tm740273,nathan_2001,2021,0.38942387799839984,0.032586488967938025,0.19239921058335646,0.3855904224503056,1,2122,0.28363186452778183,0.03389583652843471,0.672569111947886,0.009903186995897513,3,-0.10579201347061801,0.0013093475604966862,0.4801699013645296,-0.3756872354544081,0.4916877044238789,3,1.163400907963316,0.7845945323717929,-0.3788063755915232
tm75442,nicolas gaitan_1988,2021,0.30173855025527974,0.47322503041102326,0.0368666319742571,0.18816978735943987,2,2122,0.04710047060495244,0.1798757302021237,0.01438617261332183,0.758637626579602,4,-0.2546380796503273,-0.2933493002088996,-0.022480459360935273,0.5704678392201621,0.3891011881170966,2,1.1515981704302525,0.7230670729500959,-0.4285310974801566
tm782612,tiago melo almeida_2001,2021,0.05481977626123671,0.001935194294846726,0.9168522872375733,0.026392742206343304,3,2122,0.09837177712366704,0.004204031529703872,0.8942072840229169,0.0032169073237120842,3,0.04355200086243033,0.0022688372348571464,-0.022645003214656345,-0.02317583488263122,0.049139806390656474,1,0.346790386025853,0.36957861200879855,0.022788225982945554
tm83466,andre almeida_1990,2021,0.11048482369104508,0.006211363806256224,0.748305772044253,0.13499804045844568,3,2122,0.009178567576571525,0.0028973896431618838,0.9834555562479546,0.004468486532312051,3,-0.10130625611447355,-0.0033139741630943405,0.23514978420370158,-0.13052955392613363,0.256065149842247,3,0.7622461279360904,0.10057227093670151,-0.6616738569993889
tm85953,yohan tavares_1988,2021,0.00028356231285758446,9.449831569367763e-06,0.9995821045675513,0.00012488328802186258,3,2122,0.0012489823293628532,0.0003030626731976852,0.9980369519393583,0.0004110030580812046,3,0.0009654200165052688,0.00029361284162831745,-0.0015451526281929917,0.0002861197700593421,0.0018454649694453153,3,0.003965764680338818,0.015970936759857016,0.012005172079518197
tm95429,osama rashid_1992,2021,0.9817193129228845,0.0061884416571755235,0.009458656667478511,0.002633588752461609,1,2122,0.9543123406812093,0.03464868511225502,0.007900290969423933,0.003138683237111584,1,-0.02740697224167521,0.028460243455079498,-0.0015583656980545785,0.0005050944846499749,0.03954182707750394,2,0.1093083391791107,0.21746914598449063,0.10816080680537993
tm99499,rafael martins_1989,2021,0.0076771396201172565,0.9447888502310962,0.0064412254456896805,0.041092784703096914,2,2122,0.033767898764757755,0.8348673702659462,0.01937113404503825,0.11199359692425774,2,0.0260907591446405,-0.10992147996515,0.012929908599348568,0.07090081222116082,0.1137129808195178,2,0.2547032689271046,0.5866810720544298,0.33197780312732517
anderson_1998,anderson_1998,2122,0.06631532376382335,0.9321466138392216,0.0011310662022733435,0.00040699619468173115,2,2223,0.19121034042583973,0.7197005961430724,0.04060745271847031,0.04848161071261766,2,0.12489501666201638,-0.21244601769614924,0.03947638651619697,0.04807461451793593,0.24958056958492197,2,0.2562842030945721,0.8298900354757285,0.5736058323811564
christian neiva afonso_1994,christian neiva afonso_1994,2122,0.27237931542537236,0.05457024486897724,0.529860233522662,0.14319020618298828,3,2223,0.16439191349826662,0.012592048895540504,0.7975776628149297,0.02543837479126339,3,-0.10798740192710574,-0.04197819597343674,0.2677174292922677,-0.11775183139172489,0.29171230666362175,3,1.1277886825354302,0.6256861133131946,-0.5021025692222356
cristian gonzalez_1996,cristian gonzalez_1996,2122,7.660159189616096e-07,1.9908284293774728e-07,0.999998829081873,2.0581936496527988e-07,3,2223,0.0038671296760274176,0.00037260140943981936,0.9949893847279908,0.0007708841865419752,3,0.003866363660108456,0.0003724023265968816,-0.005009444353882175,0.0007706783671770099,0.00633892610618739,3,1.8198609308851442e-05,0.034948250347208804,0.03493005173789995
diederrick joel_1993,diederrick joel_1993,2122,0.0450978215141119,0.6684142134083044,0.012327715601567434,0.2741602494760161,2,2223,0.03559499511912079,0.4796493306179091,0.02531637630838115,0.45943929795458893,2,-0.009502826394991115,-0.18876488279039533,0.012988660706813714,0.18527904847857285,0.18944970306474948,2,0.8179898894935399,0.921526151895808,0.1035362624022681
lamine diaby_1996,lamine diaby_1996,2122,0.014309328453408512,0.007505435056969777,0.009120087470574936,0.9690651490190468,4,2223,0.9057911733354311,0.01736942272035151,0.06992811356912347,0.0069112903750939945,1,0.8914818448820226,0.009863987663381733,0.06080802609854853,-0.9621538586439529,0.8936077405914072,1,0.17077795174335528,0.38043367794155575,0.20965572619820047
paulo sergio mota_1991,paulo sergio mota_1991,2122,0.5228400071749433,0.19191086906074487,0.2514254194634977,0.033823704300814154,1,2223,0.9132805537589055,0.00875823704578213,0.07365890948999287,0.004302299705319659,1,0.3904405465839622,-0.18315263201496274,-0.17776650997350485,-0.029521404595494495,0.4664650459562342,1,1.1175103935425996,0.3399068976277693,-0.7776034959148304
tm102427,sebastian coates_1990,2122,0.004379554456398227,0.0014437613700090423,0.993736905749516,0.00043977842407663057,3,2223,0.0018756679720386272,0.00025610442486780945,0.9973830286370926,0.0004851989660012082,3,-0.0025038864843596,-0.001187656945141233,0.003646122887576597,4.542054192457765e-05,0.00457975858066894,3,0.04287003970393039,0.02021096445994557,-0.022659075243984823
tm126956,edgar costa_1987,2122,0.5404720242860941,0.286360737329179,0.01625467517286826,0.15691256321185865,1,2223,0.5288005120575414,0.06870129191564017,0.037855528440072374,0.364642667586746,1,-0.011671512228552672,-0.21765944541353882,0.021600853267204113,0.20773010437488737,0.21903984851460662,2,1.0482256921103723,1.0127066072399133,-0.03551908487045896
tm127031,pierre sagna_1990,2122,0.008678257482279447,0.001535609974179734,0.9874435470967687,0.002342585446772155,3,2223,0.33350706492216686,0.003760311691671168,0.6447314620652156,0.01800116132094643,3,0.3248288074398874,0.0022247017174914343,-0.34271208503155315,0.015658575874174276,0.4721972857474149,3,0.07780922983789898,0.7425187910819449,0.6647095612440459
tm129670,luiz carlos_1985,2122,0.9102121328101843,0.021420107872831683,0.05548166746855218,0.012886091848431766,1,2223,0.974467541649499,0.0056264506929508806,0.015615332481656181,0.004290675175893835,1,0.06425540883931469,-0.0157936571798808,-0.039866334986896,-0.008595416672537931,0.07724973681191728,1,0.3844688363796814,0.14269207729523756,-0.24177675908444382
tm137192,zainadine junior_1988,2122,0.00032705060391931604,6.305051228535922e-05,0.9995631430294105,4.6755854384700204e-05,3,2223,0.0002703149666462848,3.183133526478187e-05,0.9996278185892078,7.003510888093894e-05,3,-5.673563727303125e-05,-3.121917702057735e-05,6.467555979727813e-05,2.327925449623873e-05,9.152320790766907e-05,3,0.004137452316062516,0.00359260623102067,-0.0005448460850418463
tm138651,joaozinho_1989,2122,0.0168187603743289,0.00498002341529014,0.9740309976853452,0.004170218525035849,3,2223,0.17057470881854928,0.008579546702251577,0.7963225674665033,0.02452317701269572,3,0.15375594844422039,0.0035995232869614367,-0.17770843021884186,0.02035295848765987,0.23501943413411608,3,0.14359545467269452,0.6147985403317296,0.4712030856590351
tm139336,paulo oliveira_1992,2122,0.0006991012524469299,0.00020730963138571173,0.9987334704586309,0.0003601186575365028,3,2223,0.002374708592284121,0.0002476184310336418,0.9954285714999866,0.0019491014766956259,3,0.0016756073398371913,4.030879964793006e-05,-0.0033048989586442756,0.001588982819159123,0.003705623008819616,3,0.01095886071882721,0.03313032078186727,0.02217146006304006
tm139395,ricardo esgaio_1993,2122,0.5708282794402212,0.11869363025063219,0.08500467038670535,0.22547341992244124,1,2223,0.7805312961560729,0.08118611396622792,0.04277203947122327,0.09551055040647592,1,0.20970301671585168,-0.03750751628440427,-0.042232630915482086,-0.1299628695159653,0.21717680380647691,1,1.118400796273102,0.756379856931665,-0.362020939341437
tm14132,pepe_1983,2122,0.0026202564785846806,0.0012485958144785913,0.9957445868590852,0.00038656084785147077,3,2223,5.2611544216731306e-05,4.33911962416435e-06,0.9999294109667908,1.3638369368141424e-05,3,-0.0025676449343679493,-0.0012442566948544268,0.004184824107705598,-0.0003729224784833293,0.005064950941925243,3,0.031207878582329932,0.0007953099940292053,-0.03041256858830073
tm149729,joao mario_1993,2122,0.8271256247365881,0.16379068058999272,0.002578960728670669,0.006504733944748385,1,2223,0.049787594380505486,0.893760131750021,0.003371040041142095,0.053081233828331374,2,-0.7773380303560826,0.7299694511600283,0.0007920793124714261,0.04657649988358299,1.0663538064143554,1,0.5014362487122731,0.42478011612270655,-0.07665613258956655
tm155025,fabio cardoso_1994,2122,0.00047366986754047595,0.00014994898570213998,0.9991162395908649,0.0002601415558924982,3,2223,0.027297016004246256,0.007192027383434189,0.9534551471938816,0.012055809418438085,3,0.02682334613670578,0.007042078397732049,-0.04566109239698335,0.011795667862545586,0.05342301119382156,3,0.007976928162253816,0.23249655347514533,0.22451962531289152
tm155395,salvador agra_1991,2122,0.059241191946949226,0.9035434475020201,0.0038243383421711274,0.033391022208859394,2,2223,0.4579325538501534,0.40911494622685657,0.02575784697539384,0.10719465294759616,1,0.3986913619032042,-0.4944285012751635,0.02193350863322271,0.07380363073873676,0.6355276734575763,2,0.3938705833912307,1.056936527218034,0.6630659438268033
tm167791,stefano beltrame_1993,2122,0.9874907682967892,0.008132286011019296,0.0025159286296778387,0.0018610170625136797,1,2223,0.9701420813058331,0.021304636855497126,0.006288286707991704,0.0022649951306779655,1,-0.01734868699095604,0.01317235084447783,0.0037723580783138653,0.0004039780681642858,0.022106977463036484,1,0.07832016505861852,0.1570755825429789,0.07875541748436038
tm175600,arsenio nunes_1989,2122,0.10297702487185043,0.8848310327275599,0.003304198984763336,0.008887743415826347,2,2223,0.8681875402500073,0.05048438419919236,0.05131288284908108,0.030015192701719255,1,0.7652105153781569,-0.8343466485283676,0.048008683864317746,0.021127449285892906,1.1331311912052406,2,0.40321210303423105,0.5310916414168724,0.12787953838264132
tm176997,anderson carvalho_1990,2122,0.7385203087309532,0.025589620624103224,0.19167650317974044,0.04421356746520319,1,2223,0.955021348227476,0.012603912365558138,0.028355788909069105,0.00401895049789679,1,0.21650103949652277,-0.012985708258545087,-0.16332071427067135,-0.040194616967306404,0.271505035739548,1,0.7721801109814175,0.22227893812803715,-0.5499011728533804
tm177859,tiago ilori_1993,2122,0.0784293388343828,0.10919661772608173,0.511974877621005,0.30039916581853043,3,2223,0.016623984018226092,0.0025344194522741986,0.9685864806053598,0.012255115924139913,3,-0.061805354816156705,-0.10666219827380753,0.45661160298435477,-0.2881440498943905,0.47295970484227734,3,1.145503558300652,0.16811675497481568,-0.9773868033258364
tm177964,yusupha njie_1994,2122,0.03524235777335482,0.9020747719288947,0.0039908053138094255,0.0586920649839411,2,2223,0.009351848174565509,0.882423135521726,0.004529066744340509,0.10369594955936796,2,-0.02589050959878931,-0.019651636407168716,0.0005382614305310838,0.04500388457542687,0.0325083839360273,1,0.3993321599620806,0.41351996747690534,0.014187807514824735
tm181783,claudio winck_1994,2122,0.8054148921437556,0.11882823275849551,0.050514530897554207,0.025242344200194618,1,2223,0.9466794650439008,0.015546846374432311,0.03335594150380649,0.004417747077860267,1,0.14126457290014516,-0.1032813863840632,-0.017158589393747717,-0.02082459712233435,0.17583270890268912,1,0.6710864503076535,0.25398961158718963,-0.4170968387204638
tm182108,sebastian perez_1993,2122,0.8967814491928555,0.013925112832403276,0.08477464570832344,0.004518792266417762,1,2223,0.7276971389800998,0.0356749977219041,0.20134384812918646,0.035284015168809586,1,-0.16908431021275572,0.021749884889500824,0.11656920242086302,0.030765222902391823,0.20652104107297659,1,0.39081757373755377,0.7909322806393065,0.40011470690175277
tm182936,filipe ferreira_1990,2122,0.05742919930888314,0.008936352930472242,0.9253467745371096,0.008287673223534991,3,2223,0.5938426288258565,0.008634427944020837,0.35299857794763606,0.04452436528248663,1,0.5364134295169734,-0.0003019249864514052,-0.5723481965894734,0.036236692058951636,0.7844245767848436,3,0.31776255609890147,0.8566281131840088,0.5388655570851073
tm184992,juan delgado_1993,2122,0.25100566985837386,0.27202132994325534,0.24939410828267575,0.2275788919156951,2,2223,0.61448604368268,0.020830493281970862,0.3465003098242835,0.01818315321106566,1,0.36348037382430615,-0.2511908366612845,0.09710620154160773,-0.20939573870462946,0.45237642838226305,1,1.3843121203298838,0.8199880030084281,-0.5643241173214557
tm186848,giorgi aburjania_1995,2122,0.8987948003617641,0.09652966487057209,0.001770602861998494,0.0029049319056653326,1,2223,0.9837636113933076,0.0028792929344215504,0.012213579916460602,0.0011435157558101249,1,0.08496881103154352,-0.09365037193615054,0.010442977054462108,-0.0017614161498552077,0.12688241320866145,2,0.3497670741199572,0.09449744776728942,-0.2552696263526678
tm190442,alan ruiz_1993,2122,0.3026417713068651,0.5298661123933286,0.00844413412803055,0.15904798217177568,2,2223,0.22136522494445818,0.7535270652235516,0.006120202973285845,0.018987506858704387,2,-0.08127654636240692,0.22366095283022303,-0.0023239311547447053,-0.1400604753130713,0.2379821410642734,2,1.0309856980670609,0.6535021741302648,-0.3774835239367961
tm193082,alex grimaldo_1995,2122,0.3175418944090504,0.505592945251281,0.04838933206939014,0.12847582827027854,2,2223,0.3322025997756058,0.04221943945557983,0.4163546776198382,0.2092232831489762,3,0.014660705366555393,-0.46337350579570113,0.367965345550448,0.08074745487869767,0.5918854937243387,2,1.1192731637659157,1.191826400417494,0.07255323665157842
tm193303,nuno sequeira_1990,2122,0.05017928660212694,0.013008593424014288,0.9050712284521497,0.031740891521709155,3,2223,0.13784871108874724,0.005706400874766172,0.8343558602245,0.022089027811986548,3,0.0876694244866203,-0.007302192549248116,-0.07071536822764968,-0.009651863709722607,0.11287122445253085,1,0.40641340344614757,0.5379571900024458,0.13154378655629823
tm193830,iuri medeiros_1994,2122,0.049205557811886076,0.3755902986260603,0.012356284637183756,0.5628478589248699,4,2223,0.08581548136655194,0.4369515185613239,0.012625160459993569,0.4646078396121306,4,0.036609923554665864,0.06136121993526361,0.00026887582280981336,-0.09824001931273929,0.07145318823418842,2,0.8937769287360984,0.9838398292762391,0.09006290054014077
tm194005,nino galovic_1992,2122,0.0001056727200891596,3.3083959299091784e-05,0.9998359713410564,2.5271979555234946e-05,3,2223,0.004591768725435027,0.0002884447801560872,0.993389786333205,0.001730000161204164,3,0.004486096005345867,0.00025536082085699543,-0.006446185007851435,0.001704728181648929,0.007857707532954984,3,0.0017403001574688571,0.04466134170825238,0.04292104155078352
tm197880,raphael guzzo_1995,2122,0.5175184258906614,0.47831990704565425,0.0019088509629350166,0.002252816100749441,1,2223,0.997446874088423,0.0007403413158812706,0.0015818686540277555,0.00023091594166784087,1,0.4799284481977616,-0.477579565729773,-0.00032698230890726107,-0.0020219001590816,0.6770625258494082,1,0.7193278643264184,0.020021810109761305,-0.699306054216657
tm211072,paulinho_1992,2122,0.04539031141564205,0.6528882487988671,0.009428169109966323,0.2922932706755246,2,2223,0.03262157874474812,0.6054184007803693,0.014907870945042853,0.34705214952983954,2,-0.012768732670893929,-0.04746984801849774,0.0054797018350765305,0.05475887885431496,0.049461643089583764,2,0.8222195293881285,0.8454559013034912,0.023236371915362763
tm214070,ewerton_1992,2122,0.9355583364595018,0.05812315204418699,0.004737749217655869,0.0015807622786553116,1,2223,0.8926433298828118,0.05423189440465911,0.027909954344594777,0.025214821367934438,1,-0.04291500657669001,-0.003891257639527884,0.02317220512693891,0.023634059089279128,0.04892638108361852,1,0.2632437093889535,0.4521160382604177,0.1888723288714642
tm214538,mateus uribe_1991,2122,0.9818041890379057,0.009698406314066902,0.007031009454205842,0.001466395193821607,1,2223,0.9268081545448165,0.005822326946030694,0.05937347043831377,0.007996048070839033,1,-0.05499603449308921,-0.0038760793680362084,0.05234246098410793,0.006529652877017426,0.07602184569651828,1,0.10741291939659058,0.30668407271219766,0.19927115331560707
tm215122,ivo rodrigues_1995,2122,0.6805140625766285,0.19275756729756904,0.014225466677682909,0.11250290344811961,1,2223,0.7744756043648735,0.08739977475357452,0.02811645136680352,0.11000816951474827,1,0.093961541788245,-0.10535779254399452,0.01389098468912061,-0.0024947339333713375,0.1418520188104522,2,0.885566129256181,0.7541734563086528,-0.1313926729475281
tm222813,marko grujic_1996,2122,0.8269276586671861,0.07185807861171596,0.08134378342269076,0.019870479298406966,1,2223,0.6681592804315659,0.018319046527714565,0.2388358136329227,0.07468585940779686,1,-0.15876837823562018,-0.053539032084001396,0.15749203021023195,0.0548153801093899,0.22995122409720128,1,0.628314712594375,0.8784714348454672,0.2501567222510922
tm223977,igor juliao_1994,2122,0.054150245205887015,0.015391326952532895,0.9101686560708302,0.020289771770749747,3,2223,0.5360896443877904,0.05307199255216799,0.3910335054865743,0.019804857573467442,1,0.48193939918190337,0.037680665599635094,-0.5191351505842559,-0.00048491419728230456,0.7093565546437021,3,0.38689651590695695,0.9348890240807075,0.5479925081737506
tm226155,carlinhos_1994,2122,0.6750080569581821,0.31759067176530564,0.00447846994149295,0.0029228013350193786,1,2223,0.9768833462565141,0.00895488257140543,0.011674995624260637,0.002486775547819867,1,0.30187528929833196,-0.3086357891939002,0.007196525682767687,-0.0004360257871995118,0.4317829670589102,2,0.6708496465022624,0.13194455263223967,-0.5389050938700227
tm228433,wendell_1993,2122,0.447122795999543,0.13833004296334214,0.2966625398536237,0.11788462118349108,1,2223,0.1335037755938283,0.0034486315235604022,0.8553442957857064,0.007703297096904877,3,-0.3136190204057147,-0.13488141143978175,0.5586817559320827,-0.11018132408658621,0.6547329146480899,3,1.2460669567299925,0.45951322843824494,-0.7865537282917475
tm231289,otavio_1995,2122,0.7203429421650746,0.1274809698599969,0.014086660516826369,0.1380894274581021,1,2223,0.6871440316169254,0.16538823559631433,0.021726722598680876,0.12574101018807957,1,-0.03319891054814916,0.03790726573631742,0.007640062081854507,-0.012348417270022533,0.05096566496968705,2,0.8323180028016203,0.8993578079160074,0.06703980511438712
tm231614,gilberto_1993,2122,0.5759058282417739,0.12126666108908535,0.12523732675213253,0.17759018391700823,1,2223,0.20345481692340783,0.09015095939660725,0.4634281385553264,0.24296608512465853,3,-0.3724510113183661,-0.031115701692478098,0.3381908118031939,0.0653759012076503,0.504044609049628,1,1.1407463280115033,1.241071876570267,0.10032554855876374
tm235568,joao pedro_1993,2122,0.919593074861472,0.07441884029070724,0.0025540552757896467,0.003434029572031228,1,2223,0.5632539436046655,0.027146013502903205,0.3610254904177753,0.048574552474655884,1,-0.3563391312568065,-0.047272826787804034,0.35847143514198565,0.04514052290262466,0.507655460356845,3,0.3051602177182243,0.93596093357212,0.6308007158538956
tm236997,tiago silva_1993,2122,0.9684930903453483,0.02217687033775271,0.0031939388258080174,0.006136100491091018,1,2223,0.972861858783019,0.007781208001131477,0.012996768676566357,0.00636016453928333,1,0.004368768437670756,-0.014395662336621231,0.00980282985075834,0.0002240640481923125,0.017955965717691768,2,0.1650790390829966,0.1531658963994637,-0.011913142683532885
tm238055,rafa silva_1993,2122,0.060879190348337005,0.3599771837334227,0.00936151898486008,0.5697821069333803,4,2223,0.020037907056965676,0.8616654092438314,0.004852161637237282,0.11344452206196566,2,-0.04084128329137133,0.5016882255104087,-0.004509357347622798,-0.4563375848714146,0.5033680764017096,2,0.902418711343846,0.4794019290244086,-0.4230167823194374
tm238367,cassiano_1989,2122,0.07625058331301166,0.5923653210526645,0.008537803811883042,0.32284629182244085,2,2223,0.019760731485631965,0.9075166785630893,0.015057669046313322,0.05766492090496553,2,-0.056489851827379686,0.3151513575104248,0.00651986523443028,-0.2651813709174753,0.3202405192083257,2,0.9121006394883729,0.39331484770750147,-0.5187857917808715
tm249360,ali alipour_1995,2122,0.020777513894997355,0.9225588224372631,0.005331025717242211,0.05133263795049733,2,2223,0.02519716440511016,0.6787445520623437,0.005588255831406499,0.29047002770113967,2,0.004419650510112803,-0.24381427037491932,0.00025723011416428805,0.23913738975064233,0.24385446052188064,2,0.33518405418972247,0.7438537234616718,0.4086696692719493
tm257388,wilson manafa_1994,2122,0.011429028270198208,0.00562471145354487,0.9808864566098593,0.002059803666397476,3,2223,0.012641011799814292,0.0029843527447629145,0.978370220077462,0.006004415377960866,3,0.0012119835296160834,-0.0026403587087819556,-0.002516236532397298,0.00394461171156339,0.0038434157300599363,2,0.1119152167840765,0.12471188249440165,0.012796665710325159
tm257456,francisco geraldes_1995,2122,0.9321806214849121,0.0656273962029027,0.0009392598535440555,0.0012527224586413805,1,2223,0.8682741786679554,0.09410042066301676,0.016466439597935457,0.02115896107109228,1,-0.06390644281695668,0.028473024460114058,0.015527179744391401,0.0199062386124509,0.07166477423558834,1,0.25913750041580974,0.49423874770021686,0.23510124728440712
tm258015,diogo goncalves_1997,2122,0.7609317613491079,0.1891110541226531,0.017480969588163073,0.03247621494007596,1,2223,0.18593615244684839,0.3821362460245486,0.03362551789751057,0.3983020836310925,4,-0.5749956089022595,0.1930251919018955,0.0161445483093475,0.3658258686910165,0.606744856925674,1,0.7048881259257456,1.1611451104179649,0.4562569844922193
tm261927,ricardo horta_1994,2122,0.058319727065040565,0.7617183786470608,0.0072961258676892465,0.17266576842020942,2,2223,0.07612636753818973,0.5706891008101825,0.012820816634011937,0.34036371501761586,2,0.017806640473149164,-0.1910292778368783,0.005524690766322691,0.16769794659740644,0.19193692621244804,2,0.7122268093613118,0.9388384853134996,0.22661167595218779
tm262002,welinton junior_1993,2122,0.10190210989304099,0.5120305441195159,0.00726583496458615,0.378801511022857,2,2223,0.007924219632920764,0.9131757176733959,0.003967642674444653,0.0749324200192387,2,-0.09397789026012023,0.40114517355388,-0.003298192290141497,-0.30386909100361825,0.41201962598363984,2,0.9789566058174098,0.33737895547300945,-0.6415776503444004
tm264848,ruben lameiras_1994,2122,0.06475955132201625,0.8957758754817676,0.012692476549317263,0.02677209664689875,2,2223,0.36489778618770363,0.5580647184029426,0.021293195750499386,0.05574429965885437,2,0.30013823486568736,-0.33771115707882504,0.008600719201182123,0.028972203011955622,0.4518913121698479,2,0.42819568050966234,0.9362735293639292,0.5080778488542668
tm265589,fahd moufi_1996,2122,0.25217381951111,0.02934268952205704,0.6991279117440446,0.01935557922278825,3,2223,0.604607155517171,0.03085699149153697,0.3447904717304013,0.019745381260890784,1,0.352433336006061,0.0015143019694799295,-0.35433744001364337,0.00038980203810253314,0.49976651631960917,3,0.7775321470197546,0.8561933452915508,0.07866119827179618
tm271256,jhonder cadiz_1995,2122,0.018878171982052133,0.06819534992235259,0.0038563972863288466,0.9090700808092663,4,2223,0.016445629940745395,0.45386051368008834,0.008999411463728672,0.5206944449154376,4,-0.0024325420413067386,0.38566516375773574,0.005143014177399825,-0.38837563589382873,0.385707125150538,2,0.3661703584295688,0.8082812902044102,0.4421109317748414
tm271498,denilson_1995,2122,0.03991900125335032,0.7471014000186774,0.010038432034155104,0.20294116669381704,2,2223,0.0854760012520715,0.7109084257002773,0.08659035400735286,0.11702521904029839,2,0.045556999998721176,-0.03619297431840007,0.07655192197319775,-0.08591594765351865,0.09615387873968687,3,0.7162445975419565,0.9157111377898011,0.1994665402478446
tm27178,ruben fernandes_1986,2122,0.003748034100424897,0.0017223405488746917,0.9918246556990854,0.002704969651615081,3,2223,0.0019899227050045897,0.0002708258845156347,0.9961631506195833,0.001576100790896446,3,-0.0017581113954203073,-0.001451514664359057,0.004338494920497871,-0.0011288688607186351,0.004901059954208064,3,0.05603499252481538,0.02860095929452991,-0.027434033230285468
tm278985,flavio ramos_1994,2122,4.732523813420074e-05,1.100461731738122e-05,0.9999319408997168,9.729244831618852e-06,3,2223,0.0035676383039923354,0.00044041160397020326,0.9926456950861882,0.0033462550058492905,3,0.0035203130658581347,0.000429406986652822,-0.007286245813528658,0.0033365257610176715,0.008103479036623815,3,0.0007772645937385556,0.04991065207335475,0.049133387479616195
tm284883,fran navarro_1998,2122,0.038859455466893005,0.7046314687085942,0.013726351755044353,0.24278272406946835,2,2223,0.021341462646473797,0.5503339113020084,0.011664907946675107,0.41665971810484276,2,-0.017517992820419208,-0.1542975574065858,-0.002061443808369246,0.1738769940353744,0.1553024978700277,2,0.7754305295093114,0.8274807750622664,0.05205024555295501
tm290336,rochinha_1995,2122,0.07614601390101446,0.9018905572678713,0.0029667197220769066,0.018996709109037217,2,2223,0.04487955560437481,0.3917156961735961,0.015998566537301563,0.5474061816847274,4,-0.03126645829663965,-0.5101748610942751,0.013031846815224657,0.5284094725756903,0.511298160898701,2,0.38177535845735117,0.902424862494543,0.5206495040371919
tm290391,nuno santos_1995,2122,0.19934949188372872,0.48539347767143104,0.019779306810275232,0.295477723634565,2,2223,0.10871586988348102,0.6481761343650342,0.014818489110127914,0.22828950664135672,2,-0.0906336220002477,0.16278265669360314,-0.004960817700147318,-0.06718821699320826,0.1863793348774626,2,1.1101619997285637,0.9219163387749857,-0.18824566095357798
tm290530,bilel aouacheria_1994,2122,0.8508323190332601,0.1220475787974824,0.01178749312900623,0.015332609040251261,1,2223,0.4192039532923615,0.47157059830121073,0.013786640588305503,0.09543880781812215,2,-0.4316283657408986,0.3495230195037283,0.001999147459299272,0.0801061987778709,0.5554038025308493,1,0.5105527911128528,1.0022024485343493,0.49164965742149647
tm291939,samu_1996,2122,0.721222436508821,0.24662137169912665,0.008196934516308993,0.023959257275743228,1,2223,0.9327826542256465,0.03429726125379615,0.017029673969992262,0.015890410550565007,1,0.21156021771682554,-0.2123241104453305,0.008832739453683269,-0.00806884672517822,0.29986208643816276,2,0.7097261587347806,0.31575702118422555,-0.39396913755055507
tm291941,carraca_1993,2122,0.9065454292596461,0.025450461159891365,0.057346644466085485,0.010657465114377157,1,2223,0.4020254852338118,0.008456483428175034,0.5437778178617676,0.045740213476245545,3,-0.5045199440258343,-0.01699397773171633,0.4864311733956821,0.035082748361868386,0.7010309947855924,1,0.3947083958034625,0.8790786405184576,0.4843702447149951
tm292365,paulo henrique_1996,2122,0.06951681931674006,0.017412418545073072,0.8956948259342947,0.017375936203892394,3,2223,0.01649946433174897,0.0005628861398493211,0.9815451954981482,0.0013924540302533543,3,-0.05301735498499109,-0.01684953240522375,0.0858503695638535,-0.01598348217363904,0.10229874205545965,3,0.4249597045957564,0.09937380323806148,-0.3255859013576949
tm295414,adrian marin_1997,2122,0.28010947143658826,0.35043912280631984,0.2403438264652617,0.12910757929183023,2,2223,0.00690894062972977,0.00025072764447765734,0.9920643235525782,0.0007760081732143444,3,-0.2732005308068585,-0.3501883951618422,0.7517204970873166,-0.12833157111861587,0.8731289411538127,3,1.3308714520524823,0.04991174629572278,-1.2809597057567594
tm299400,pedro sa_1993,2122,0.9480771145896465,0.025876486300010722,0.023096229962448644,0.002950169147894263,1,2223,0.7164600559503861,0.015039193301542507,0.1974516716609697,0.07104907908710158,1,-0.2316170586392604,-0.010837292998468214,0.17435544169852105,0.06809890993920731,0.2901098564718607,1,0.24933044797169598,0.8102115073673632,0.5608810593956672
tm302371,toni martinez_1997,2122,0.014943197604347818,0.07550841563171531,0.008106779618796191,0.9014416071451407,4,2223,0.014523707225733434,0.12124885472067519,0.0069495356632173,0.8572779023903742,4,-0.00041949037861438443,0.045740439088959875,-0.0011572439555788908,-0.0441637047547665,0.04575699895973644,2,0.3904587300733614,0.4838358485347562,0.09337711846139479
tm307058,mehdi taremi_1992,2122,0.019390719207983173,0.11719993895997953,0.006494725191373203,0.8569146166406642,4,2223,0.01920438476388196,0.3432413853503801,0.011113268947982893,0.626440960937755,4,-0.00018633444410121394,0.22604144639040058,0.00461854375660969,-0.23047365570290912,0.226088701958371,2,0.49275332198127175,0.7859352478170178,0.2931819258357461
tm308371,mikel villanueva_1993,2122,3.0890113756334373e-06,8.156299913514671e-07,0.9999949178207048,1.1775379282766752e-06,3,2223,0.00523625872039989,0.0005310634447110868,0.9919407918888418,0.002291885946047284,3,0.005233169709024256,0.0005302478147197353,-0.008054125931863054,0.002290708408119007,0.009619572364443909,3,7.17849040779928e-05,0.053463757669425266,0.053391972765347274
tm314367,marcus edwards_1998,2122,0.052092853446731674,0.8888972050265733,0.003768428532663613,0.05524151299403146,2,2223,0.04140733723000225,0.8956838656412912,0.0064844876803358984,0.05642430944837046,2,-0.010685516216729425,0.006786660614717888,0.0027160591476722853,0.0011827964543389968,0.012946659662283736,1,0.4396225103788395,0.425411538468037,-0.014210971910802506
tm314942,bruno lourenco_1998,2122,0.09239748508005281,0.8322132957621508,0.004378576047919908,0.07101064310987654,2,2223,0.6732066442457286,0.30815805445053474,0.01027692868681879,0.008358372616917896,1,0.5808091591656758,-0.524055241311616,0.0058983526388988825,-0.06265227049295864,0.7823093799007961,1,0.5845067352655304,0.7161726249461553,0.13166588968062487
tm324803,nicolas janvier_1998,2122,0.6135783633914625,0.33532162750106764,0.016118718185647963,0.034981290921821916,1,2223,0.8956006843257277,0.05133263401540034,0.027751482662234084,0.025315198996637898,1,0.28202232093426516,-0.2839889934856673,0.011632764476586122,-0.009666091925184018,0.40040187204297606,2,0.8499196009253075,0.44371987289462905,-0.40619972803067844
tm329721,jorge silva_1996,2122,0.1902113699980058,0.08303515375235418,0.4825348769895841,0.244218599260056,3,2223,0.13900172762601878,0.006105116648352989,0.8203303788976057,0.03456277682802254,3,-0.051209642371987024,-0.07693003710400119,0.33779550190802166,-0.20965582243203346,0.35020916491431525,3,1.2182077859970453,0.5841833792297736,-0.6340244067672717
tm329722,andre horta_1996,2122,0.9553519302127024,0.041553529079196336,0.0019092173728016725,0.0011853233352996642,1,2223,0.9825126862116578,0.006986756243833251,0.0059530100196856115,0.004547547524823511,1,0.0271607559989554,-0.03456677283536309,0.004043792646883939,0.0033622241895238467,0.04414658208352465,2,0.19574863474958637,0.10704200916150203,-0.08870662558808434
tm334557,chiquinho_1995,2122,0.1608724571605916,0.6436564073903992,0.0349504676047335,0.16052066784427563,2,2223,0.9463606137870396,0.015804277283155806,0.030628806977370117,0.0072063019524344655,1,0.785488156626448,-0.6278521301072434,-0.0043216606273633815,-0.15331436589184116,1.0055886923743704,1,0.988389155811485,0.26003577460861627,-0.7283533812028687
tm340376,abel ruiz_2000,2122,0.0719306920388933,0.8697208356440908,0.018817071039871958,0.039531401277144024,2,2223,0.025435174921808253,0.8128681057499118,0.016526197716753677,0.14517052161152635,2,-0.04649551711708504,-0.056852729894179,-0.002290873323118281,0.10563912033438233,0.0734800252380754,2,0.5131961447293802,0.6097641864611439,0.0965680417317637
tm340524,ivanildo fernandes_1996,2122,0.00030794398024421845,9.097243987738134e-05,0.999550032029159,5.105155071931639e-05,3,2223,0.00032225655703622274,5.269209666185027e-05,0.9995056986263593,0.00011935271994259297,3,1.431257679200429e-05,-3.828034321553107e-05,-4.4333402799745514e-05,6.830116922327658e-05,6.029664281641524e-05,3,0.004290796540483989,0.004682410646146398,0.0003916141056624096
tm343289,andre bukia_1995,2122,0.2887888642407644,0.6731383826354082,0.006782576855270082,0.031290176268557304,2,2223,0.029181835163106806,0.9580408801417519,0.006031238391019558,0.006746046304121771,2,-0.2596070290776576,0.2849024975063438,-0.0007513384642505241,-0.024544129964435533,0.3854423525527103,2,0.7673954246193506,0.20874755713277673,-0.5586478674865739
tm344395,jorge fernandes_1997,2122,1.4960394104275094e-05,3.7053005593449833e-06,0.999976893433604,4.440871732377171e-06,3,2223,0.010931270730193204,0.0016044412611414928,0.9817264227335709,0.005737865275094665,3,0.01091631033608893,0.001600735960582148,-0.01825047070003305,0.005733424403362288,0.02132622488257281,3,0.0002903876193551224,0.10740836875729193,0.1071179811379368
tm344399,leonardo ruiz_1996,2122,0.03777914712755985,0.7521448768800242,0.016260748261638622,0.19381522773077736,2,2223,0.01581167682270062,0.7371670278131158,0.01406364599716343,0.23295764936702013,2,-0.02196747030485923,-0.014977849066908355,-0.002197102264475193,0.039142421636242763,0.026678324022069332,1,0.7229948250419833,0.6897287570794711,-0.03326606796251219
tm344474,ilija vukotic_1999,2122,0.9344713395654416,0.04587609662282753,0.017515737904344846,0.0021368259073860185,1,2223,0.9218627811282885,0.0042350674297640615,0.06858164771908008,0.005320503722867387,1,-0.012608558437153139,-0.04164102919306347,0.05106590981473524,0.003183677815481369,0.06708709416368652,3,0.28869788175918204,0.3097831262804133,0.021085244521231283
tm344519,bruno costa_1997,2122,0.7646757523061272,0.036530988759534234,0.18810544762293924,0.010687811311399405,1,2223,0.8708140129615325,0.018790212182952064,0.029387069873193047,0.08100870498232231,1,0.10613826065540533,-0.01774077657658217,-0.15871837774974618,0.0703208936709229,0.19175919525281204,3,0.6888537611457213,0.5023822021227822,-0.1864715590229391
tm344869,simon banza_1996,2122,0.03235567468712384,0.2385321811420676,0.0068185223468587375,0.72229362182395,4,2223,0.012955303456035015,0.3648579649277181,0.006712810392345199,0.6154739212239017,4,-0.01940037123108882,0.12632578378565051,-0.00010571195451353817,-0.1068197006000483,0.12780684343172047,2,0.7218783909934582,0.7564912156803241,0.034612824686865884
tm345061,murilo costa_1994,2122,0.05337539238921375,0.9242198248936873,0.0032211597489313223,0.01918362296816782,2,2223,0.2318067561226787,0.6854108996078488,0.021927408153951805,0.060854936115520605,2,0.17843136373346496,-0.2388089252858384,0.018706248405020484,0.041671313147352784,0.29869278211793393,2,0.3235743065870035,0.8518839054366432,0.5283095988496397
tm345345,xadas_1997,2122,0.10953645273094496,0.8645907358253161,0.0041603372892035475,0.021712474154535272,2,2223,0.2604062462431448,0.4746941873409464,0.029086683318656686,0.23581288309725212,2,0.1508697935121998,-0.38989654848436966,0.02492634602945314,0.21410040894271684,0.41881062049668494,2,0.4740002880365302,1.1476433192215247,0.6736430311849946
tm352918,henrique gomes_1995,2122,0.2180761501850694,0.35589398114010523,0.28297318305116903,0.14305668562365637,2,2223,0.0797841555804605,0.024521320381560713,0.8627284294127011,0.03296609462527774,3,-0.1382919946046089,-0.33137266075854455,0.5797552463615321,-0.11009059099837862,0.6819447644447748,3,1.3351946142397437,0.5325347872722235,-0.8026598269675203
tm355496,lucas cunha_1997,2122,0.013056766249656687,0.007110342730215242,0.9748577658468562,0.004975125173271964,3,2223,0.0014657236562410647,0.00015304389310376166,0.9978624987623047,0.0005187336883503539,3,-0.011591042593415622,-0.006957298837111481,0.023004732915448467,-0.00445639148492161,0.026682841153489747,3,0.1430234138086221,0.01696787902841044,-0.12605553478021167
tm364406,joao gamboa_1996,2122,0.9304040259320734,0.013435762179746763,0.05332173483681398,0.0028384770513658728,1,2223,0.7002731657789253,0.014724694945786505,0.26876031807360967,0.016241821201678452,1,-0.2301308601531481,0.0012889327660397416,0.21543858323679568,0.01340334415031258,0.31523904785032725,1,0.2979760201088207,0.7316614797586972,0.43368545964987654
tm367652,rodrigo abascal_1994,2122,0.007189228463992025,0.00268402673031536,0.9880415082753522,0.0020852365303403006,3,2223,0.0020201380636701675,6.599805490267205e-05,0.9975437251021335,0.0003701387792937948,3,-0.005169090400321858,-0.002618028675412688,0.009502216826781318,-0.0017150977510465059,0.011129496589475586,3,0.07612928875225464,0.018547373371429997,-0.05758191538082464
tm373187,maracas_1994,2122,0.00037681734005029754,0.0001144169792534768,0.9992941722095828,0.00021459347111348108,3,2223,0.0006769514257796217,7.159448305007499e-05,0.9990449970608094,0.00020645703036106778,3,0.00030013408572932416,-4.282249620340182e-05,-0.0002491751487734284,-8.136440752413304e-06,0.0003924315104115976,1,0.006527342716825708,0.00833008532339307,0.0018027426065673618
tm374889,kenji gorre_1994,2122,0.06308065649647172,0.9182101170836189,0.0016176938543156728,0.017091532565593832,2,2223,0.13110355075709937,0.655779978132059,0.011586776354438777,0.2015296947564028,2,0.06802289426062764,-0.26243013895155987,0.009969082500123103,0.18443816219080897,0.2712859645828029,2,0.33260825645444503,0.9175317690005801,0.5849235125461351
tm375382,andre almeida_2000,2122,0.9270606938369107,0.02690029622747941,0.038750057801352586,0.0072889521342573505,1,2223,0.13676870498603208,0.04954612581229334,0.06329645684039792,0.7503887123612767,4,-0.7902919888508786,0.02264582958481393,0.024546399039045333,0.7430997602270193,0.7909973368762032,1,0.3293069343994121,0.8111532588432608,0.48184632444384873
tm375383,romario baro_2000,2122,0.6927161885568649,0.14410727730609438,0.07333662990154685,0.08983990423549389,1,2223,0.8625797924142156,0.03347644782550007,0.09375741161416686,0.010186348146117548,1,0.16986360385735066,-0.1106308294805943,0.020420781712620004,-0.07965355608937634,0.2037396197913547,1,0.9415803238592598,0.5098794685712471,-0.4317008552880127
tm376441,allano_1995,2122,0.5856467392599302,0.10218655014247255,0.05180767650595337,0.26035903409164374,1,2223,0.44749559916842996,0.2829199186416959,0.0776475085934352,0.19193697359643896,1,-0.1381511400915002,0.18073336849922336,0.02583983208748182,-0.06842206049520477,0.22894974321882658,2,1.050151974085928,1.2322813567891342,0.18212938270320622
tm377641,al musrati_1996,2122,0.9498221975166171,0.017770424666558118,0.03047167329764787,0.0019357045191769533,1,2223,0.912523986141994,0.007253178269882541,0.06930792919056777,0.010914906397555614,1,-0.03729821137462308,-0.010517246396675577,0.038836255892919905,0.00897920187837866,0.05486368393841963,3,0.2389842321310041,0.3535706268004226,0.11458639466941853
tm379249,matheus reis_1995,2122,0.7976726658154575,0.1326000407126015,0.06588709794545926,0.003840195526481753,1,2223,0.6340040860573101,0.022308655448818944,0.33967054132637947,0.004016717167491499,1,-0.16366857975814741,-0.11029138526378257,0.2737834433809202,0.00017652164100974638,0.33750402595075324,3,0.6487875722194626,0.7626810620002908,0.11389348978082825
tm384741,vitor costa_1994,2122,0.346953460644407,0.027512428868656433,0.5739314782054395,0.05160263228149702,3,2223,0.818684355352993,0.008673389312442341,0.16795544770896237,0.004686807625602353,1,0.471730894708586,-0.01883903955621409,-0.4059760304964772,-0.04691582465589467,0.6226567945278042,1,0.9377604086684104,0.5297375243452415,-0.4080228843231689
tm387110,petar musa_1998,2122,0.045987306786243305,0.48898705293959904,0.009616399722364893,0.45540924055179277,2,2223,0.0051402025857158655,0.015829793944866395,0.003718233120933729,0.9753117703484839,4,-0.04084710420052744,-0.47315725899473265,-0.005898166601431164,0.5199025297966912,0.4749537514645352,2,0.8943110705883311,0.13790302252841466,-0.7564080480599165
tm394328,rafik guitane_1999,2122,0.03425035042304797,0.959847386009583,0.0025595453106430745,0.003342718256726005,2,2223,0.9422485475298611,0.018818457537300493,0.031745677530236334,0.007187317402602123,1,0.9079981971068132,-0.9410289284722825,0.02918613221959326,0.003844599145876118,1.3079938839630922,2,0.1892300877792966,0.2758100469895995,0.0865799592103029
tm396429,diogo calila_1998,2122,0.4404436420448449,0.11202008559798653,0.4172162591810936,0.030320013176075012,1,2223,0.3212616180444185,0.019904189682720813,0.602846906567518,0.05598728570534266,3,-0.11918202400042638,-0.09211589591526571,0.18563064738642443,0.025667272529267645,0.239057378832391,3,1.0770794060750852,0.9092402912651183,-0.16783911480996694
tm396443,diogo mendes_1998,2122,0.9239239386619821,0.0092678077129315,0.06290635399695994,0.003901899628126299,1,2223,0.7745058158133301,0.02383540311278771,0.17783319816022064,0.023825582913661682,1,-0.14941812284865197,0.014567595399856212,0.1149268441632607,0.019923683285535385,0.1890665749958865,1,0.31213735843320506,0.6831104140118524,0.3709730555786473
tm398324,rui pires_1998,2122,0.5674460896271775,0.037231987894061805,0.36775554544179395,0.02756637703696679,1,2223,0.49734111401146186,0.006675542964681678,0.4598631247033149,0.03612021832054153,1,-0.0701049756157156,-0.030556444929380127,0.09210757926152097,0.008553841283574743,0.11971720883072612,3,0.9109101063736952,0.8580077577187014,-0.05290234865499377
tm401534,arthur_1998,2122,0.4781573021877229,0.49541851214160953,0.009243735301128202,0.017180450369539375,2,2223,0.3066062650261349,0.5726617386901799,0.019179176575685145,0.10155281970800001,2,-0.17155103716158798,0.07724322654857035,0.009935441274556943,0.08437236933846064,0.18840113426455393,1,0.8138672086396435,0.9898055022593439,0.17593829361970048
tm410183,joao othavio basso_1997,2122,0.0032750037517788196,0.0007819785940005703,0.9956626056785834,0.00028041197563722395,3,2223,0.000906874662480293,5.992764935520955e-05,0.9988140226186186,0.00021917506954583302,3,-0.0023681290892985265,-0.0007220509446453608,0.003151416940035179,-6.123690609139093e-05,0.004007595498573405,3,0.0309532863986756,0.009967719110037847,-0.020985567288637753
tm415525,kanya fujimoto_1999,2122,0.3356728832717081,0.6440044461312093,0.00989315178907645,0.010429518808006178,2,2223,0.980962960247639,0.003060789201328791,0.014269585041316885,0.0017066655097154604,1,0.6452900769759309,-0.6409436569298805,0.004376433252240436,-0.008722853298290718,0.9095203175137224,1,0.7430775621997918,0.10809116401620006,-0.6349863981835917
tm426213,rodrigo conceicao_2000,2122,0.11487443847977345,0.028825712502600718,0.12515514824048193,0.7311447007771439,4,2223,0.11306709193682822,0.008776083050399468,0.8246266500186611,0.05353017499411131,3,-0.0018073465429452318,-0.020049629452201248,0.6994715017781792,-0.6776145257830326,0.6997611277732697,3,0.8398596823171661,0.6037401778788593,-0.23611950443830687
tm426620,pedro goncalves_1998,2122,0.054292331713169856,0.35166913446310116,0.013475163432837063,0.580563370390892,4,2223,0.12240031823156562,0.44939464673357515,0.019050489203894416,0.4091545458309647,2,0.06810798651839577,0.09772551227047399,0.005575325771057352,-0.1714088245599273,0.11924788397942312,2,0.8994119812526555,1.057645359004463,0.15823337775180746
tm426624,andre vidigal_1998,2122,0.42754544281146306,0.5440798120300913,0.008617963436599423,0.019756781721846233,2,2223,1.0778420978880663e-40,1.0,1.0972615009378847e-41,3.1448944046134905e-41,2,-0.42754544281146306,0.45592018796990874,-0.008617963436599423,-0.019756781721846233,0.6250860682827297,2,0.8129420594651903,8.289306334778563e-11,-0.8129420593822972
tm435497,fabio china_1992,2122,0.26286078827464043,0.0271924959213547,0.6753605252059898,0.034586190598015105,3,2223,0.3192040035232179,0.007989329693886783,0.574410776818436,0.0983958899644593,3,0.056343215248577494,-0.01920316622746792,-0.10094974838755377,0.0638096993664442,0.11719288031795155,3,0.8306834433442071,0.9497080940919782,0.11902465074777113
tm443338,safira_1995,2122,0.061705532039601406,0.7241413169465561,0.01493427337498014,0.19921887763886237,2,2223,0.011322598617117138,0.26735967032109437,0.0060593920387184705,0.7152583390230701,4,-0.05038293342248427,-0.4567816466254618,-0.008874881336261669,0.5160394613842078,0.45963754871948337,2,0.7897987583324051,0.6740577791635959,-0.11574097916880921
tm445517,heriberto tavares_1997,2122,0.29228188560686097,0.4851864725850126,0.02769329560423317,0.19483834620389326,2,2223,0.21715468138129565,0.10061749957054476,0.0923894849761102,0.5898383340720494,4,-0.07512720422556532,-0.3845689730144678,0.06469618937187703,0.39499998786815615,0.39714353669598357,2,1.128413424327494,1.0941153047823247,-0.03429811954516926
tm44699,vitorino antunes_1987,2122,0.6349590384276004,0.058778843994841776,0.18074620464280958,0.12551591293474823,1,2223,0.21524519396949873,0.009016579641411667,0.7471162907123472,0.028621935676742448,3,-0.41971384445810167,-0.049762264353430105,0.5663700860695376,-0.09689397725800578,0.7066902210854454,3,1.0246543455419082,0.6925885603986929,-0.3320657851432153
tm448470,andre franco_1998,2122,0.07122409949959012,0.9011852539681883,0.0048295457588634245,0.022761100773358207,2,2223,0.2907256811223073,0.694458308966217,0.005942727254338267,0.008873282657137256,2,0.21950158162271716,-0.2067269450019713,0.0011131814954748421,-0.013887818116220951,0.30152647196848953,1,0.39378641953963944,0.6847545100431941,0.29096809050355465
tm450173,gaius makouta_1997,2122,1.0,1.8544497922051976e-39,1.7028249568601416e-40,3.5977870307995296e-41,1,2223,0.9649600098095417,0.010632342408547721,0.019363691427401224,0.005043956354509275,1,-0.03503999019045834,0.010632342408547721,0.019363691427401224,0.005043956354509275,0.04142221823291976,1,8.289306334778563e-11,0.18578822677986523,0.18578822669697218
tm451317,kennedy boateng_1996,2122,0.0003381386943381373,0.00011512922686025656,0.9993309949794097,0.00021573709939209717,3,2223,0.00422562138213838,0.0008150553876908303,0.9934059398547495,0.0015533833754215287,3,0.0038874826878002424,0.0006999261608305737,-0.005925055124660239,0.0013376462760294316,0.007121003897543112,3,0.006236497354718926,0.04551511512733899,0.03927861777262006
tm454121,galeno_1997,2122,0.1487270071362233,0.7449059338263537,0.006594550558665408,0.0997725084787575,2,2223,0.07366358180195651,0.8491441886789257,0.007688114416796516,0.06950411510232139,2,-0.0750634253342668,0.10423825485257199,0.0010935638581311084,-0.03026839337643611,0.12845749288980618,2,0.7658698990634578,0.5537401760941456,-0.2121297229693122
tm461629,gustavo assuncao_2000,2122,0.7741200924697191,0.05165842403326258,0.1312035610747538,0.04301792242226432,1,2223,0.6156176755383682,0.03022573001118784,0.1964895365751037,0.1576670578753403,1,-0.15850241693135092,-0.02143269402207474,0.0652859755003499,0.11464913545307598,0.172755998863009,1,0.7530812616619842,1.015386545000209,0.2623052833382249
tm461937,nuno goncalo moreira_1999,2122,0.43311945067623353,0.38792094936146454,0.0244053170000838,0.1545542829622181,1,2223,0.03696444467848353,0.9555431112078151,0.003002582767366459,0.004489861346334876,2,-0.39615500599775,0.5676221618463506,-0.02140273423271734,-0.1500644216158832,0.6925256561520579,2,1.1089534053156533,0.2070667437415053,-0.9018866615741481
tm469952,kyosuke tagawa_1999,2122,0.01672668689787595,0.1359376921550835,0.009620873725234312,0.8377147472218063,4,2223,0.1564290834334636,0.63232825541268,0.06979852949343912,0.14144413166041728,2,0.13970239653558764,0.4963905632575965,0.06017765576820481,-0.696270615561389,0.5191740566926828,2,0.5327144807448998,1.0424825226506467,0.5097680419057469
tm476701,manuel ugarte_2001,2122,0.53941879071414,0.03900353878087426,0.2083670335492938,0.21321063695569187,1,2223,0.39225630214106066,0.02306856743192665,0.39511915253650537,0.18955597789050743,3,-0.14716248857307934,-0.01593497134894761,0.18675211898721156,-0.023654659065184436,0.2383003887976835,3,1.1158205587952237,1.1361810522028999,0.020360493407676206
tm478365,moura_1999,2122,0.5183879683469493,0.4178290369706021,0.024351707787919948,0.039431286894528544,1,2223,0.10225781023475675,0.012641932504669632,0.8687851365247928,0.016315120735780803,3,-0.41613015811219256,-0.4051871044659325,0.8444334287368729,-0.02311616615874774,1.0248944890496172,3,0.9231888070349067,0.47777911705540843,-0.44540968997949826
tm478940,reggie cannon_1998,2122,0.02202283230989686,0.0024101372373427506,0.9713833013858357,0.004183729066924686,3,2223,0.0061086062629267975,0.0004783309752226425,0.9891944025632525,0.004218660198598238,3,-0.015914226046970063,-0.001931806262120108,0.0178111011774168,3.49311316735516e-05,0.023963092272505336,3,0.1496761515199004,0.06861460259133284,-0.08106154892856757
tm479636,henrique jocu_2001,2122,0.47678437458742967,0.07162797369928432,0.42718175827689636,0.02440589343638947,1,2223,0.8488618207425795,0.007614288883876647,0.13291534465596755,0.010608545717576252,1,0.37207744615514987,-0.06401368481540767,-0.2942664136209288,-0.013797347718813219,0.47867744877559076,1,0.9959355071185665,0.4926902897102797,-0.5032452174082868
tm479643,alexandre penetra_2001,2122,0.0016100277975165988,0.0004827729639739182,0.9971459181802952,0.0007612810582142976,3,2223,0.062316923281022514,0.0013356949286671392,0.932112055543912,0.004235326246398386,3,0.06070689548350591,0.000852921964693221,-0.06503386263638322,0.003474045188184089,0.0889688592965602,3,0.022357726691334893,0.2704746788942515,0.24811695220291657
tm481628,tiago araujo_2001,2122,0.3701295399375056,0.1125537182609585,0.354753522965054,0.16256321883648198,1,2223,0.3912068184082479,0.20098952645216023,0.3359290213881838,0.07187463375140811,1,0.02107727847074231,0.08843580819120173,-0.018824501576870212,-0.09068858508507387,0.09284129306392619,2,1.2766955773304818,1.2453270004088548,-0.03136857692162698
tm487421,juan manuel boselli_1999,2122,0.06818614613933885,0.8002355909248625,0.007583760077745919,0.12399450285805266,2,2223,0.2455556714837115,0.6643647254124105,0.01229742849743427,0.0777821746064437,2,0.17736952534437264,-0.13587086551245198,0.004713668419688351,-0.04621232825160897,0.22347943817264626,1,0.6573093811734095,0.8692237505189442,0.21191436934553465
tm498237,david carmo_1999,2122,0.001246530520591702,0.000824248326616722,0.9972933243151572,0.0006358968376341248,3,2223,0.0006757980244821567,8.418338107423403e-05,0.9989879737407491,0.0002520448536947173,3,-0.0005707324961095453,-0.000740064945542488,0.001694649425591943,-0.0003838519839394075,0.0019352695888158167,3,0.02157256807192362,0.008822851271655024,-0.012749716800268596
tm504090,paulo bernardo_2002,2122,0.6796077758227173,0.19881017838746867,0.04105721500537965,0.08052483078443444,1,2223,0.7660756112073256,0.1630215508405973,0.02933779198737818,0.041565045964698934,1,0.08646783538460834,-0.03578862754687137,-0.011719423018001468,-0.038959784819735506,0.09431255109296573,1,0.9175945808171942,0.7355668728437015,-0.18202770797349277
tm512913,stephen eustaquio_1996,2122,0.969694243854589,0.017565170172616884,0.009891725075561972,0.002848860897232116,1,2223,0.9695592307315489,0.00921607570033283,0.012908340869232982,0.008316352698885218,1,-0.00013501312304009527,-0.008349094472284053,0.0030166157936710094,0.005467491801653102,0.008878376985527398,2,0.16319485687410953,0.16914782101766934,0.005952964143559808
tm513346,matheus costa_1995,2122,0.10570616835756619,0.2801852404277332,0.5362883534754169,0.07782023773928372,3,2223,2.143912989276464e-40,1.0972615009378847e-41,1.0,3.1448944046134905e-41,3,-0.10570616835756619,-0.2801852404277332,0.4637116465245831,-0.07782023773928372,0.5520018605991511,3,1.126867288596772,8.289306334778563e-11,-1.126867288513879
tm514304,nelson_1998,2122,0.06315002005992883,0.23043008170279206,0.019564953809188032,0.6868549444280911,4,2223,0.17704992634294417,0.7710155230073249,0.03213956057010539,0.01979499007962551,2,0.11389990628301534,0.5405854413045328,0.012574606760917359,-0.6670599543484657,0.5525974382286691,2,0.8476363456441636,0.6951583369316431,-0.15247800871252049
tm517300,vitor tormena_1996,2122,0.0008484335964956443,0.00019374946014876797,0.998624335463012,0.00033348148034360143,3,2223,0.000879754990811405,0.00013089840014458438,0.9987182466672132,0.00027109994183087844,3,3.132139431576066e-05,-6.285106000418359e-05,9.391120420121357e-05,-6.238153851272299e-05,0.0001172629513531656,3,0.011701121555092854,0.010867695061007909,-0.0008334264940849448
tm518472,willyan_1995,2122,0.8040369430039003,0.013722403895766363,0.17788272847568679,0.004357924624646527,1,2223,0.1083698098908284,0.040820519180536294,0.8215265161381833,0.029283154790452005,3,-0.6956671331130719,0.02709811528476993,0.6436437876624965,0.024925230165805477,0.9481373283139274,1,0.5650465930718741,0.6362833791327833,0.07123678606090922
tm520662,pepe_1997,2122,0.1586977676402858,0.8302524438057644,0.005919307002649206,0.005130481551300586,2,2223,0.6257736567968265,0.1040379320708684,0.20355844994910405,0.0666299611832011,1,0.46707588915654075,-0.7262145117348959,0.19763914294645485,0.06149947963190051,0.885781369249961,2,0.5039856590748656,1.0332783065920066,0.529292647517141
tm524315,hidemasa morita_1995,2122,0.9050550856099676,0.02224392164997641,0.06873174561901205,0.00396924712104386,1,2223,0.7824180957564099,0.08926315828436823,0.07939701635178498,0.04892172960743703,1,-0.12263698985355775,0.06701923663439183,0.01066527073277293,0.04495248248639317,0.14016118349672127,1,0.38092016385643906,0.7564124581221073,0.37549229426566827
tm524929,kevin zohi_1996,2122,0.5230529479343311,0.3870692344142684,0.04692109472929819,0.04295672292210227,1,2223,0.16244676913209138,0.726942340130836,0.02126706994327263,0.0893438207937999,2,-0.3606061788022397,0.33987310571656765,-0.025654024786025558,0.04638709787169763,0.49619418896990325,1,0.9851177886261002,0.8247390919599444,-0.16037869666615578
tm526111,alex mendez_2000,2122,0.7758187436725972,0.17785483302888955,0.03584719535221709,0.010479227946296356,1,2223,0.9931307019263552,0.003669737273175383,0.0020596059769889706,0.0011399548234805896,1,0.21731195825375804,-0.17418509575571417,-0.03378758937522812,-0.009339273122815767,0.2805468516652779,1,0.6711336559996116,0.04788856447883289,-0.6232450915207787
tm530032,quaresma_1996,2122,0.004820809298121216,0.000978559283037209,0.9933090306388391,0.0008916007800023955,3,2223,0.01524589846211972,0.0009404157702557777,0.9825955227532367,0.0012181630143878084,3,0.010425089163998504,-3.814351278143139e-05,-0.010713507885602436,0.00032656223438541296,0.014948685233817451,3,0.04542876974392626,0.09576081661708934,0.050332046873163075
tm535958,ricardo matos_2000,2122,0.027339945298525577,0.2705070112993701,0.017946654113293204,0.6842063892888111,4,2223,0.015025574346525484,0.9507437674229674,0.007618995925686222,0.026611662304821045,2,-0.012314370952000093,0.6802367561235974,-0.010327658187606982,-0.65759472698399,0.6804265931290002,2,0.7838891516584479,0.24476347722397584,-0.539125674434472
tm537602,joao mario lopes_2000,2122,0.036116301322261804,0.006327878951975121,0.9476539940604201,0.009901825665343015,3,2223,0.553783516217443,0.028600727152877294,0.33294917008330727,0.08466658654637244,1,0.5176672148951812,0.022272848200902175,-0.6147048239771128,0.07476476088102942,0.803951146379584,3,0.24862804108341002,1.004142695836668,0.7555146547532579
tm539135,leo andrade_1998,2122,0.0007211839015672936,0.00014376618988842148,0.9988848879031721,0.00025016200537226807,3,2223,0.004969046851302967,0.001152551900835066,0.9898261822549153,0.0040522189929468435,3,0.004247862949735674,0.0010087857109466445,-0.009058705648256837,0.0038020569875745753,0.010055950291847485,3,0.009678618846296713,0.06659985170441293,0.05692123285811622
tm539183,anderson jesus_1995,2122,1.5899417816937672e-05,4.102792180292098e-06,0.9999726778195657,7.319970437336279e-06,3,2223,0.013801907943542841,0.004190667716053376,0.9721469483540038,0.00986047598640016,3,0.013786008525725904,0.004186564923873083,-0.027825729465561833,0.009853156015962823,0.03133452691878127,3,0.00034044643963685947,0.15506554581593107,0.15472509937629422
tm544784,zaidu sanusi_1997,2122,0.02425083432976188,0.016854280166378324,0.950378058047586,0.00851682745627373,3,2223,0.03646483229224971,0.012324664456508358,0.9391693984678939,0.012041104783347927,3,0.012213997962487833,-0.004529615709869966,-0.011208659579692082,0.003524277327074197,0.017185261542385113,1,0.24797342588749585,0.28708753703011614,0.039114111142620284
tm54716,steven vitoria_1987,2122,0.14760172416823758,0.08667965889637162,0.7548180280896186,0.010900588845772163,3,2223,0.0072627603227955,0.0013557637317440719,0.9895251747369606,0.0018563012084999563,3,-0.1403389638454421,-0.08532389516462754,0.23470714664734194,-0.009044287637272207,0.28646576854244477,3,0.7559486449366264,0.0668160620991988,-0.6891325828374276
tm54781,nicolas otamendi_1988,2122,0.0002986495169818689,7.215524851853626e-05,0.9995215893672189,0.00010760586728064012,3,2223,0.0015544698924067604,5.8244500968937103e-05,0.9981389436710563,0.0002483419355680244,3,0.0012558203754248916,-1.3910747549599162e-05,-0.0013826456961626432,0.00014073606828738424,0.0018678831455277883,3,0.004573528180970854,0.014540837587728873,0.00996730940675802
tm548658,mohamed aidara_1996,2122,0.001061718016631593,0.0003466490212747368,0.9983532999785714,0.00023833298352241388,3,2223,0.02018051293728615,0.0025633153754895653,0.9552490026813344,0.02200716900589007,3,0.019118794920654558,0.0022166663542148284,-0.04310429729723697,0.021768836022367656,0.04720616881756605,3,0.013665804484530125,0.22178147370727425,0.20811566922274413
tm549006,goncalo inacio_2001,2122,0.044350651389586555,0.038568646368682215,0.907621156049714,0.009459546192017197,3,2223,0.005086667851523583,0.00020209434193534987,0.9936237806048986,0.0010874572016426603,3,-0.03926398353806297,-0.03836655202674687,0.08600262455518459,-0.008372088990374536,0.10202991790684923,3,0.39579574121542466,0.042359098682232275,-0.3534366425331924
tm549013,helder sa_2002,2122,0.0010023616630637148,0.00017780308110193697,0.9982392641440295,0.0005805711118048254,3,2223,0.42267251618282475,0.007844351919033928,0.552682222879653,0.016800909018488443,3,0.42167015451976103,0.007666548837931992,-0.44555704126437656,0.01622033790668362,0.6135027075768035,3,0.014542314174571446,0.7983958217747217,0.7838535076001503
tm550550,goncalo ramos_2001,2122,0.029812092248243743,0.9290857041111653,0.0031916411208000968,0.037910562519791,2,2223,0.014344998280113156,0.32627944379636714,0.008126582353688716,0.651248975569831,4,-0.015467093968130587,-0.6028062603147981,0.004934941232888619,0.61333841305004,0.6030248519882934,2,0.31546973189395283,0.7447254466849033,0.4292557147909504
tm552628,hernan de la fuente_1997,2122,0.6202458506068186,0.04040373129468833,0.3319330611134862,0.007417356985006824,1,2223,0.0455088785945987,0.003555871883643029,0.9419453230724971,0.008989926449261136,3,-0.5747369720122198,-0.0368478594110453,0.6100122619590109,0.0015725694642543114,0.8389250928904799,3,0.8283399393582783,0.25936092781775477,-0.5689790115405235
tm553062,vitor carvalho_1997,2122,0.8367989242236773,0.01879868273374974,0.1357077166859388,0.008694676356634295,1,2223,0.9307718909871917,0.007866907663535812,0.055050902977381716,0.006310298371890801,1,0.09397296676351441,-0.010931775070213926,-0.0806568137085571,-0.0023843779847434942,0.1243219360617394,1,0.5360981809931775,0.2964756286614259,-0.23962255233175161
tm553875,pedro porro_1999,2122,0.593227475292092,0.21377740207254295,0.020822949897386863,0.17217217273797814,1,2223,0.17636379486372591,0.1820548872616941,0.017608471529113462,0.6239728463454666,4,-0.4168636804283661,-0.03172251481084884,-0.003214478368273401,0.45180067360748843,0.4180813065390362,1,1.0231058738921932,0.9815714819552184,-0.041534391936974835
tm56036,luis neto_1988,2122,0.0014271265039692263,0.00040869045880410464,0.9977081976518895,0.0004559853853373979,3,2223,0.014904002388220018,0.0021010407168694056,0.9787626839765282,0.0042322729183823585,3,0.013476875884250792,0.001692350258065301,-0.018945513675361236,0.0037762875330449607,0.023311428987060703,3,0.018336585773176543,0.11978132810001796,0.10144474232684142
tm560903,patrick_1997,2122,0.00032386029535956605,8.658229304691385e-05,0.9995429512244517,4.660618714170291e-05,3,2223,0.027856428263334156,0.0016423824739123384,0.9670988487056151,0.0034023405571383296,3,0.02753256796797459,0.0015558001808654246,-0.03244410251883656,0.0033557343699966266,0.04258030767111363,3,0.004333992464870427,0.16196595483312617,0.15763196236825575
tm561217,oday dabbagh_1998,2122,0.056212066224794764,0.3749106967429463,0.007455893793091376,0.5614213432391676,4,2223,0.0117649052014589,0.1732690659352132,0.014670855175105487,0.8002951736882224,4,-0.04444716102333586,-0.2016416308077331,0.007214961382014111,0.23887383044905486,0.20660821151537137,2,0.8902499613946332,0.5962164312206613,-0.29403353017397194
tm565232,andre silva_1997,2122,0.024379120513028058,0.9590094547906238,0.002054767468238371,0.014556657228109721,2,2223,0.007261709501754762,0.975078703423382,0.003259616818214699,0.014399970256648766,2,-0.017117411011273297,0.01606924863275816,0.0012048493499763279,-0.0001566869714609547,0.023509108305216485,1,0.2049679112449451,0.14010161884658964,-0.06486629239835545
tm567497,filipe relvas_1999,2122,0.32562469952065504,0.01806114841874256,0.6524273384146423,0.0038868136459601897,3,2223,0.0010184517756495503,8.382763400335975e-05,0.9985516791530236,0.00034604143732351887,3,-0.32460624774500546,-0.017977320784739202,0.3461243407383813,-0.0035407722086366706,0.47486256894944706,3,0.7380465539384133,0.012008322657876186,-0.7260382312805371
tm57723,ivan marcano_1987,2122,0.01617762000349308,0.005997116351041947,0.9759778917630934,0.0018473718823717187,3,2223,0.015371616703457016,0.009433871532255955,0.9639417382281978,0.011252773536089342,3,-0.000806003300036065,0.003436755181214008,-0.01203615353489551,0.009405401653717622,0.012543122394796604,3,0.13276123734303316,0.1940674326468448,0.06130619530381165
tm577590,pedro brazao_2002,2122,0.28578151172584965,0.620325658634418,0.014624851168751934,0.07926797847098033,2,2223,0.42385788384459994,0.3300602564654533,0.17021042714013934,0.07587143254980729,1,0.1380763721187503,-0.29026540216896474,0.15558557597138742,-0.0033965459211730414,0.3571077704057065,2,0.916889935666661,1.2267323935208971,0.30984245785423614
tm581121,tiago esgaio_1995,2122,0.25167582560059487,0.009920859401706712,0.7361561069937167,0.0022472080039818132,3,2223,0.008207683039220603,0.0003444173585694813,0.9906169376811835,0.0008309619210264726,3,-0.24346814256137428,-0.009576442043137231,0.25446083068746683,-0.0014162460829553406,0.35230492338121944,3,0.6321792899913117,0.05739803362362824,-0.5747812563676834
tm58267,andre castro_1988,2122,0.9717208181219145,0.017497924359518028,0.008772527195147794,0.0020087303234197335,1,2223,0.8822845147217498,0.029472164879693476,0.04973994240058665,0.03850337799797,1,-0.08943630340016462,0.011974240520175448,0.040967415205438854,0.03649464767455026,0.09909875837030518,1,0.15268893744794831,0.48903973443036586,0.33635079698241754
tm585264,pedrao_1997,2122,0.0010871473807780828,0.00023538860192523516,0.9984839807399901,0.0001934832773065765,3,2223,0.0014226706421529643,0.00017523358900159387,0.9981897431057029,0.00021235266314258806,3,0.0003355232613748815,-6.015501292364129e-05,-0.00029423763428726435,1.886938583601155e-05,0.0004503001997939224,1,0.01255462303085558,0.014446121553653588,0.0018914985227980081
tm586855,loreintz rosier_1998,2122,0.9419899167861894,0.05502227371672859,0.0022638460478767992,0.0007239634492053165,1,2223,0.8873860698639967,0.0022532778720555395,0.09975993474292837,0.010600717521019393,1,-0.05460384692219267,-0.05276899584467305,0.09749608869505157,0.009876754071814077,0.12357845415763516,3,0.2348827226445727,0.39790034775870764,0.16301762511413495
tm58965,ruben lima_1989,2122,0.20778454742293284,0.08004391906882469,0.6377285301227489,0.0744430033854935,3,2223,0.09677573167632836,0.0164533724044754,0.8381208669663893,0.048650028952807026,3,-0.11100881574660448,-0.0635905466643493,0.20039233684364044,-0.02579297443268648,0.23774735217072224,3,1.0088671418273536,0.5886640614744644,-0.4202030803528892
tm590302,kiko bondoso_1995,2122,0.031708735350943276,0.9633266085742223,0.0010833976205774445,0.0038812584542570537,2,2223,0.613019403322481,0.3288175807360021,0.03451195613735751,0.02365105980415941,1,0.5813106679715376,-0.6345090278382202,0.03342855851678007,0.019769801349902357,0.8611859657647867,2,0.17436880596034907,0.8704549721624578,0.6960861662021087
tm594546,ze uilton_1992,2122,0.8977836212804833,0.07830022106494393,0.018326381327171043,0.00558977632740164,1,2223,0.5082335317269869,0.4830775737216394,0.00516789759784072,0.0035209969535329416,1,-0.38955008955349635,0.40477735265669545,-0.013158483729330324,-0.0020687793738686983,0.5619316000982281,2,0.39853921679495563,0.7425569423150811,0.34401772552012544
tm595012,ibrahima camara_1999,2122,0.9066087533474241,0.07194577092112879,0.009118194301974525,0.012327281429472613,1,2223,0.9961535903580553,0.001236635526612392,0.0021893363575825396,0.0004204377577499697,1,0.0895448370106312,-0.0707091353945164,-0.006928857944391985,-0.011906843671722643,0.11430690589773711,1,0.3752603164694016,0.02879513614441569,-0.3464651803249859
tm596884,adrian butzke_1999,2122,0.018144502873033274,0.9643150030382392,0.002388227944239914,0.015152266144487544,2,2223,0.023216308684207224,0.8880578231312825,0.01083658810186251,0.07788928008264756,2,0.00507180581117395,-0.0762571799069568,0.008448360157622596,0.06273701393816002,0.07689119254440743,2,0.1856891523019656,0.4406329782436046,0.254943825941639
tm597087,lucas africo_1995,2122,0.001701938913463003,0.0004808791065943521,0.9975180743557245,0.0002991076242180777,3,2223,0.007571289921424236,0.0007785089791818155,0.989240092527082,0.0024101085723117746,3,0.0058693510079612324,0.00029762987258746343,-0.008277981828642478,0.002111000948093697,0.010151987389228132,3,0.019431420221452247,0.06777639042192501,0.048344970200472764
tm610335,ivan jaime pajuelo_2000,2122,0.26157902314233106,0.6074685279691141,0.01575574608553348,0.11519670280302136,2,2223,0.0383644726349954,0.8546908575959883,0.005540272093116431,0.10140439767590002,2,-0.22321455050733566,0.24722232962687418,-0.01021547399241705,-0.013792305127121332,0.3332386108079622,2,0.9679263106661007,0.5201554617767193,-0.44777084888938135
tm617679,ze carlos_1998,2122,0.022953137399033836,0.003749439912831977,0.9685718666376756,0.004725556050458477,3,2223,0.16106005504986853,0.01714070363577216,0.7227608546443736,0.09903838666998578,3,0.1381069176508347,0.013391263722940184,-0.24581101199330202,0.0943128306195273,0.28226919822092356,3,0.16381024955335546,0.8274563706904844,0.663646121137129
tm631112,matheus bueno_1998,2122,0.6114696870998239,0.36751431740444873,0.009000285605926975,0.01201570988980063,1,2223,0.9801569210979395,0.0048120782755764115,0.012414357358677833,0.0026166432678062825,1,0.36868723399811565,-0.36270223912887234,0.0034140717527508576,-0.009399066621994348,0.5171990397015562,1,0.7641788029026403,0.11536874832565143,-0.6488100545769888
tm637782,andre amaro_2002,2122,4.982453644955047e-05,1.007334493752069e-05,0.9999208993495768,1.920276903596895e-05,3,2223,0.0008396743147842691,3.187711067856862e-05,0.9990087633325025,0.00011968524203463476,3,0.0007898497783347186,2.180376574104793e-05,-0.0009121360170742943,0.0001004824729986658,0.0012067850637872727,3,0.0008971602394432668,0.008348614120580381,0.007451453881137115
tm63837,andre andre_1989,2122,0.6761533772320363,0.07315170342051859,0.16268733578192593,0.08800758356551917,1,2223,0.7448186028354503,0.06893298449169467,0.13071869695900926,0.05552971571384581,1,0.06866522560341404,-0.004218718928823917,-0.03196863882291667,-0.032477867851673364,0.0758597697383683,1,0.9652261888722302,0.8303056737312271,-0.13492051514100312
tm64339,pizzi_1989,2122,0.01032564705689846,0.017232505625094915,0.0032463709446426763,0.9691954763733639,4,2223,0.6618786422653216,0.23775783000590375,0.02298945016724917,0.07737407756152541,1,0.6515529952084231,0.22052532438080885,0.019743079222606496,-0.8918213988118385,0.6881442533622718,1,0.16612847540708195,0.899420261452143,0.7332917860450611
tm645588,tomas handel_2000,2122,0.8135926793144805,0.036696052806650975,0.13807872088461645,0.011632546994251924,1,2223,0.8454783877791562,0.04109548405700194,0.0705383826750622,0.04288774548877974,1,0.031885708464675644,0.0043994312503509644,-0.06754033820955425,0.03125519849452781,0.07481811735857717,3,0.6143212135795698,0.5951869361960589,-0.019134277383510923
tm646677,riccieli_1998,2122,0.0018414648505141059,0.0008041052912993735,0.9971092354820659,0.0002451943761208118,3,2223,0.00017322651376218182,1.5012413132700375e-05,0.9997688234709494,4.2937602155570685e-05,3,-0.0016682383367519241,-0.0007890928781666731,0.0026595879888835494,-0.00020225677396524112,0.0032371430288443905,3,0.022250934606264115,0.0023299568359284872,-0.019920977770335628
tm651205,luquinha_2000,2122,0.25959843792409576,0.5642202022757407,0.028261511060974798,0.1479198487391887,2,2223,0.9788605583976436,0.014643716860616812,0.003848612124341982,0.0026471126173975997,1,0.7192621204735479,-0.5495764854151238,-0.024412898936632815,-0.1452727361217911,0.9055210107467604,1,1.056483811915577,0.11987289286512366,-0.9366109190504533
tm657387,fabiano souza_2000,2122,0.3677841014666872,0.021217864456040163,0.5600655701886503,0.050932463888622374,3,2223,0.12206408101446242,0.00799876632752298,0.798066076212486,0.07187107644552868,3,-0.2457200204522248,-0.013219098128517183,0.2380005060238357,0.0209386125569063,0.3423409322210463,1,0.9259397116592485,0.6645909760830229,-0.2613487355762256
tm667121,rodrigo gomes_2003,2122,0.2194377229179832,0.6748667884699892,0.06573866141396623,0.0399568271980615,2,2223,0.08427413954311888,0.8666870474266084,0.014435826094697705,0.034602986935575196,2,-0.1351635833748643,0.19182025895661925,-0.05130283531926852,-0.005353840262486302,0.24020030584642132,2,0.9058072133259989,0.5100482360702198,-0.39575897725577913
tm671657,ricardinho_1998,2122,1.8544497922051976e-39,1.0,3.5711837913677653e-41,3.5977870307995296e-41,2,2223,0.7875225332164534,0.12018572192266617,0.06917179761699192,0.023119947243888543,1,0.7875225332164534,-0.8798142780773338,0.06917179761699192,0.023119947243888543,1.1828142888120543,2,8.289306334778563e-11,0.7146130633396457,0.7146130632567527
tm673492,morato_2001,2122,0.0013246432112963722,0.0005535629859233846,0.9978381226172859,0.00028367118549420907,3,2223,0.06484759178214494,0.031051982759781334,0.8305197214482299,0.07358070400984373,3,0.06352294857084857,0.03049841977385795,-0.16731840116905594,0.07329703282434953,0.1815510010261752,3,0.017405618847201425,0.6314498902635356,0.6140442714163342
tm68275,claudemir de souza_1988,2122,0.6579487863372943,0.06398134475554143,0.26239738186298806,0.015672487044176283,1,2223,0.8336500048645691,0.00627428847846301,0.15306965031637984,0.007006056340587876,1,0.17570121852727483,-0.05770705627707842,-0.10932773154660821,-0.008666430703588407,0.2148338321151078,1,0.8675237767911076,0.505541956864747,-0.3619818199263606
tm685807,luis santos_2000,2122,0.31454601692004047,0.6434299640776716,0.02202845442701566,0.019995564575272143,2,2223,0.2931418567893414,0.24585626622470277,0.18635539322190672,0.27464648376404904,1,-0.021404160130699068,-0.3975736978529688,0.16432693879489108,0.2546509191887769,0.4307276704706632,2,0.8098024649078199,1.372665526430296,0.5628630615224761
tm685887,matchoi djalo_2003,2122,0.4239923410685639,0.24939966717839765,0.015458068755722467,0.3111499229973159,1,2223,0.08384802725278137,0.7732599089301064,0.012736958772632707,0.13015510504447952,2,-0.3401443138157826,0.5238602417517088,-0.00272110998308976,-0.1809948179528364,0.6246079662867808,2,1.1378590826759678,0.7276387948307075,-0.4102202878452603
tm690273,bernardo vital_2000,2122,0.07591855946569107,0.09860031524244899,0.7925265858876694,0.03295453940419046,3,2223,0.003248905171531603,0.0003729963587547638,0.9955193051475631,0.0008587933221504388,3,-0.07266965429415946,-0.09822731888369422,0.2029927192598937,-0.032095746082040015,0.2369293753480932,3,0.7208977703000594,0.03209251690438711,-0.6888052533956723
tm701979,geny catamo_2001,2122,0.04832768071024551,0.022306425395801768,0.008106338011760125,0.9212595558821925,4,2223,0.06537047379471168,0.703597194286637,0.013481305157187361,0.2175510267614641,2,0.01704279308446617,0.6812907688908353,0.005374967145427236,-0.7037085291207285,0.6815250977358059,2,0.34583808665843213,0.8155510223794304,0.4697129357209983
tm70359,david simao_1990,2122,0.8760041110294835,0.07022235722751595,0.011948552810367195,0.0418249789326332,1,2223,0.995414936903927,0.0004020856323119327,0.0036229925363799446,0.0005599849273811435,1,0.11941082587444352,-0.06982027159520401,-0.00832556027398725,-0.041264994005252055,0.13857536078076982,1,0.4881475592305759,0.03227419080021737,-0.4558733684303585
tm711337,evanilson_1999,2122,0.03583284675626436,0.3738832689470274,0.008354763066929236,0.581929121229779,4,2223,0.013995888535586143,0.800617459889664,0.006505754352165516,0.17888089722258452,2,-0.021836958220678215,0.42673419094263665,-0.0018490087147637196,-0.40304822400719453,0.42729654959644314,2,0.8421515125360985,0.5784004716490755,-0.26375104088702306
tm71830,bruno wilson_1996,2122,0.007798200267955443,0.001517925428106054,0.9895247162978543,0.0011591580060843004,3,2223,0.0037897912216472303,0.0005091448100251848,0.9938365783287781,0.001864485639549543,3,-0.0040084090463082134,-0.001008780618080869,0.004311862030923819,0.0007053276334652427,0.005973034035702761,3,0.06595955443833064,0.04285275432367112,-0.02310680011465952
tm729140,miguel maga_2002,2122,0.027873358293697758,0.003874281707790727,0.9573426130206405,0.010909746977870874,3,2223,0.5465396135109589,0.002311743815491574,0.4361064478570494,0.015042194816500066,1,0.5186662552172612,-0.001562537892299153,-0.5212361651635911,0.004132447838629191,0.7353259588102465,3,0.21233003305145723,0.7692645097884099,0.5569344767369526
tm75442,nicolas gaitan_1988,2122,0.04710047060495244,0.1798757302021237,0.01438617261332183,0.758637626579602,4,2223,0.35508980123682354,0.6033802243405442,0.012395684804259103,0.029134289618373155,2,0.3079893306318711,0.4235044941384205,-0.0019904878090627274,-0.7295033369612288,0.5236577569178418,2,0.7230670729500959,0.8299231196523691,0.10685604670227322
tm798687,antony_2001,2122,0.10121243095441672,0.8519009795781066,0.007374708556929481,0.03951188091054711,2,2223,0.17056717858598147,0.793960248369437,0.027290577903740666,0.008181995140840826,2,0.06935474763156475,-0.057940731208669605,0.019915869346811187,-0.03132988576970629,0.09254107846720067,1,0.5322539802528246,0.6224539544184399,0.09019997416561532
tm813109,bruno marques_1999,2122,0.0028703127881552397,0.008380344165922779,0.0013530510965239354,0.987396291949398,4,2223,0.0017294752452842333,0.015829873927657234,0.002143635865283148,0.9802970149617753,4,-0.0011408375428710064,0.007449529761734455,0.0007905847687592127,-0.0070992769876226935,0.007577732394772556,2,0.07833596549676584,0.10930851373269673,0.03097254823593089
tm818252,pedro malheiro_2001,2122,0.19920331036003205,0.016541809531231254,0.7242318281269086,0.06002305198182817,3,2223,0.4965103381222522,0.0024122065332050843,0.4878763369977855,0.01320111834675718,1,0.2973070277622202,-0.01412960299802617,-0.23635549112912307,-0.04682193363507099,0.3800724044502263,1,0.7917680189645302,0.7694438936566097,-0.022324125307920495
tm836336,nuno lima_2001,2122,0.0015289431825994452,0.000948723520059526,0.9971984619246289,0.00032387137271215307,3,2223,0.0038888307092797194,0.000565996864393458,0.9937501597834915,0.0017950126428354042,3,0.0023598875266802742,-0.000382726655666068,-0.0034483021411374493,0.001471141270123251,0.004195990525264755,3,0.021915869999995424,0.04339322430311215,0.021477354303116723
tm836546,luis bastos_2001,2122,0.02441072994268337,0.005010870766432041,0.9367980647580965,0.03378033453278801,3,2223,0.08806922683519974,0.010255247869103807,0.8871786721918077,0.01449685310388887,3,0.06365849689251638,0.005244377102671766,-0.04961939256628878,-0.01928348142889914,0.0808825805501841,1,0.2927736456521096,0.42852479222033124,0.13575114656822163
tm840674,ibrahima bamba_2002,2122,0.4640866747046132,0.031024892622561192,0.35702597012504544,0.14786246254778013,1,2223,0.1019144020998936,0.002152002260467316,0.891387821993675,0.0045457736459640595,3,-0.36217227260471957,-0.028872890362093874,0.5343618518686295,-0.14331668890181606,0.6461772106581908,3,1.114373074523426,0.37295599736858476,-0.7414170771548412
tm9335,rui fonte_1990,2122,0.0018362166665407196,0.9979888792759356,4.9278239314375694e-05,0.0001256258182094192,2,2223,0.07121129936339145,0.8595010869547803,0.04247204557469306,0.026815568107135167,2,0.06937508269685073,-0.13848779232115527,0.04242276733537868,0.02668994228892575,0.16059720392825644,2,0.015194489698820618,0.5494836277868574,0.5342891380880368
tm95429,osama rashid_1992,2122,0.9543123406812093,0.03464868511225502,0.007900290969423933,0.003138683237111584,1,2223,0.19211779794972578,0.7209249269437319,0.016559420439871304,0.070397854666671,2,-0.7621945427314836,0.6862762418314768,0.008659129470447372,0.06725917142955942,1.0256659210460182,1,0.21746914598449063,0.8075418068954036,0.5900726609109129
tm99499,rafael martins_1989,2122,0.033767898764757755,0.8348673702659462,0.01937113404503825,0.11199359692425774,2,2223,0.0048630719426766,0.969368389658241,0.0022875744475584422,0.023480963951523947,2,-0.028904826822081155,0.13450101939229486,-0.017083559597479807,-0.08851263297273379,0.13862850082036388,2,0.5866810720544298,0.15805815458641553,-0.42862291746801423
alemao_2002,alemao_2002,2223,0.0031182896119601694,0.00015142962687536568,0.9950080867415517,0.0017221940196127934,3,2324,0.015399912070575977,0.0004419137583286831,0.9826948933503359,0.0014632808207593764,3,0.012281622458615808,0.00029048413145331745,-0.012313193391215838,-0.00025891319885341696,0.017393601200903847,3,0.03526562581245324,0.09438885395509576,0.05912322814264252
carlos ponck_1995,carlos ponck_1995,2223,0.0001406376188894495,1.3360089952591817e-05,0.9998035778917541,4.242439940385552e-05,3,2324,0.0008065669129857693,1.7219111737391697e-05,0.9990781963894685,9.801758580845503e-05,3,0.0006659292940963198,3.85902178479988e-06,-0.0007253815022856269,5.559318640459951e-05,0.00098471063802668,3,0.0020208267231000936,0.007759954729127634,0.00573912800602754
daniel bandeira_2000,daniel bandeira_2000,2223,0.9744855490258915,0.0019404790793267675,0.021929467559682603,0.0016445043350992094,1,2324,0.878947172164305,0.014774960408436785,0.06986716829649653,0.03641069913076163,1,-0.0955383768615865,0.012834481329110017,0.04793770073681393,0.03476619479566242,0.10765838804415628,1,0.13161478878051908,0.48223720783505863,0.35062241905453956
danny loader_2000,danny loader_2000,2223,0.016304310563040863,0.14761991813909509,0.004486687487847227,0.8315890838100168,4,2324,0.020385348275123314,0.3616061048163751,0.01043904634112544,0.6075695005673761,4,0.004081037712082451,0.21398618667728003,0.005952358853278214,-0.2240195832426407,0.21410785490824333,2,0.5271445948259341,0.7975546191786742,0.2704100243527401
fabio conceicao_2001,fabio conceicao_2001,2223,0.7666761812016194,0.20481287095937512,0.017868828443282574,0.01064211939572297,1,2324,0.8652024110700615,0.011404610384881698,0.1159595469733553,0.007433431571701508,1,0.09852622986844206,-0.19340826057449342,0.09809071853007273,-0.003208687824021462,0.23819311974170496,2,0.6487251447403992,0.46256885527111047,-0.18615628946928875
goncalo rodrigues_1997,goncalo rodrigues_1997,2223,0.987467645832272,0.010021016407394808,0.0016033984930231874,0.0009079392673101962,1,2324,0.9816668460374011,0.0018573263649982903,0.013007087476552787,0.0034687401210478272,1,-0.0058007997948709145,-0.008163690042396518,0.0114036889835296,0.002560800853737631,0.015176931040285216,3,0.07525932983464029,0.10597106552635861,0.030711735691718325
hector_1995,hector_1995,2223,0.020595894765855476,0.7567070743286015,0.026889802111234987,0.19580722879430806,2,2324,0.00027280453846057737,0.9987336096233023,0.0003827905728229467,0.0006107952654140636,2,-0.0203230902273949,0.24202653529470075,-0.02650701153841204,-0.195196433528894,0.24432047282993985,2,0.7074428472709328,0.011036575312597968,-0.6964062719583348
mihai dobre_1998,mihai dobre_1998,2223,0.594089959722753,0.26178784000361904,0.04443286172605093,0.09968933854757686,1,2324,0.5409594109217896,0.2865429814289391,0.10338827933333827,0.06910932831593303,1,-0.05313054880096346,0.024755141425320037,0.05895541760728734,-0.030580010231643834,0.08313491148806741,3,1.0284180788261725,1.1097918908527118,0.08137381202653926
nonoca_1998,nonoca_1998,2223,0.8972067648557063,0.027393702432791024,0.04840331116399204,0.026996221547510524,1,2324,0.9665956734593514,0.0006416875868435781,0.02748113860205193,0.005281500351753237,1,0.0693889086036451,-0.026752014845947445,-0.02092217256194011,-0.021714721195757285,0.07725430887810987,1,0.43995253091792513,0.16402540700525942,-0.2759271239126657
ricardo guimaraes_1995,ricardo guimaraes_1995,2223,0.8569983036471435,0.009490179389786923,0.12439953375852092,0.009111983204548752,1,2324,0.9620700377149296,0.0007487117467337596,0.033258844379742934,0.0039224061585936935,1,0.10507173406778614,-0.008741467643053164,-0.09114068937877798,-0.005189577045955058,0.13936681031366474,1,0.4785420812829801,0.17751849422854568,-0.30102358705443444
tm102427,sebastian coates_1990,2223,0.0018756679720386272,0.00025610442486780945,0.9973830286370926,0.0004851989660012082,3,2324,0.024631053172411797,0.003250946307331932,0.9679847360659684,0.004133264454287926,3,0.02275538520037317,0.0029948418824641224,-0.02939829257112425,0.0036480654882867177,0.03729659823114895,3,0.02021096445994557,0.1640346628138846,0.14382369835393902
tm122115,vincent sasso_1991,2223,0.020173215042779132,0.005900914197517027,0.9612345995211298,0.012691271238574144,3,2324,0.0180649261090685,0.0012517283521447538,0.9785511761858674,0.0021321693529192873,3,-0.002108288933710633,-0.004649185845372273,0.017316576664737626,-0.010559101885654856,0.018053355329094706,3,0.20245631564799474,0.11520557073634402,-0.08725074491165072
tm131740,nermin zolotic_1993,2223,0.0009302007519346565,0.0001037004938680974,0.998666450536614,0.00029964821758326663,3,2324,0.008276487732499057,0.0001931715042313027,0.9907592635321016,0.0007710772311680613,3,0.0073462869805644,8.947101036320529e-05,-0.007907187004512317,0.00047142901358479463,0.010793495438773943,3,0.011207928735075246,0.05605703353450769,0.04484910479943244
tm139336,paulo oliveira_1992,2223,0.002374708592284121,0.0002476184310336418,0.9954285714999866,0.0019491014766956259,3,2324,0.003431469324749813,0.00012945066696602354,0.9950794979868696,0.0013595820214145915,3,0.0010567607324656917,-0.00011816776406761825,-0.0003490735131170819,-0.0005895194552810344,0.0011191779052974853,1,0.03313032078186727,0.034514061191148665,0.0013837404092813949
tm139341,josue sa_1992,2223,0.020053993009058736,0.001912866403506905,0.9629449012060631,0.015088239381371289,3,2324,0.00045714262038295996,9.333576603247769e-06,0.999473857672294,5.966613071982283e-05,3,-0.019596850388675775,-0.0019035328269036572,0.03652895646623089,-0.015028573250651467,0.04149728476528353,3,0.19000811369073467,0.004730123910412351,-0.1852779897803223
tm139395,ricardo esgaio_1993,2223,0.7805312961560729,0.08118611396622792,0.04277203947122327,0.09551055040647592,1,2324,0.7772669494010872,0.013586766175054008,0.15590555822905217,0.05324072619480663,1,-0.0032643467549856586,-0.06759934779117391,0.1131335187578289,-0.04226982421166929,0.13183141070343174,3,0.756379856931665,0.7001565817373147,-0.05622327519435033
tm139396,bruma_1994,2223,0.09004087961721842,0.3399633765401211,0.028782724642218562,0.5412130192004418,4,2324,0.0824117784545737,0.7953965497779508,0.04169061524348605,0.08050105652398935,2,-0.007629101162644716,0.4554331732378297,0.012907890601267489,-0.4607119626764525,0.45567992287328524,2,1.0179591574924078,0.7230720734284006,-0.2948870840640072
tm14132,pepe_1983,2223,5.2611544216731306e-05,4.33911962416435e-06,0.9999294109667908,1.3638369368141424e-05,3,2324,0.001404620513323687,7.557874705953439e-05,0.998409976873086,0.00010982386653086267,3,0.0013520089691069557,7.123962743537004e-05,-0.0015194340937048079,9.618549716272124e-05,0.002035112601841808,3,0.0007953099940292053,0.012532780713343501,0.011737470719314295
tm149729,joao mario_1993,2223,0.049787594380505486,0.893760131750021,0.003371040041142095,0.053081233828331374,2,2324,0.982640119168141,0.005022258786368724,0.010402492196453924,0.0019351298490361956,1,0.9328525247876355,-0.8887378729636523,0.007031452155311828,-0.05114610397929518,1.2884557738479172,1,0.42478011612270655,0.10338017264771147,-0.32139994347499506
tm155025,fabio cardoso_1994,2223,0.027297016004246256,0.007192027383434189,0.9534551471938816,0.012055809418438085,3,2324,0.004410907773884248,0.0004010239835409307,0.9948100920687967,0.00037797617377816664,3,-0.02288610823036201,-0.006791003399893259,0.04135494487491509,-0.01167783324465992,0.04775063499804449,3,0.23249655347514533,0.035215060040245716,-0.19728149343489962
tm155395,salvador agra_1991,2223,0.4579325538501534,0.40911494622685657,0.02575784697539384,0.10719465294759616,1,2324,0.7584317365198553,0.0743950700017493,0.11934010270844533,0.047833090769950126,1,0.3004991826697019,-0.33471987622510724,0.0935822557330515,-0.05936156217764603,0.4594505336958444,2,1.056936527218034,0.8021187909958387,-0.2548177362221953
tm159142,aderlan santos_1989,2223,0.0001265927218882137,7.973732632743014e-06,0.9998405429555748,2.4890589904328734e-05,3,2324,0.01596643886836079,0.0004629719747837524,0.9815707894844812,0.0019997996723742804,3,0.015839846146472575,0.0004549982421510094,-0.018269753471093608,0.001974909082469952,0.024184533099458828,3,0.0016530273725655846,0.10029854781097539,0.0986455204384098
tm167165,pedro tiba_1988,2223,0.8468597522982318,0.13343343510326178,0.013461602348791622,0.00624521024971466,1,2324,0.9917063986621403,0.001544415771615273,0.004427122505015282,0.0023220630612291937,1,0.14484664636390843,-0.1318890193316465,-0.00903447984377634,-0.003923147188485466,0.19610427381671766,1,0.4992122118804994,0.05633532191711328,-0.44287688996338614
tm172142,hernani fortes_1991,2223,0.027665588917404896,0.6710884030541403,0.006751802200036867,0.2944942058284179,2,2324,0.0686241204508505,0.1549780773083071,0.06764481761314799,0.7087529846276944,4,0.040958531533445613,-0.5161103257458333,0.06089301541311112,0.41425877879927653,0.5213016679169057,2,0.7606818035256988,0.898991092828609,0.1383092893029102
tm182108,sebastian perez_1993,2223,0.7276971389800998,0.0356749977219041,0.20134384812918646,0.035284015168809586,1,2324,0.9420768757064191,0.0005934525264918696,0.052833771210090606,0.004495900556998464,1,0.21437973672631927,-0.03508154519541223,-0.14851007691909585,-0.03078811461181112,0.26314374261733736,1,0.7909322806393065,0.240283037029257,-0.5506492436100495
tm182710,joao teixeira_1994,2223,0.9085466215370814,0.06926392007733292,0.007225281336644489,0.014964177048941136,1,2324,0.7692056734988841,0.11592070103270902,0.038807206473964094,0.07606641899444284,1,-0.1393409480381973,0.04665678095537609,0.031581925137319604,0.061102241945501706,0.15030027612975566,1,0.3705636066054246,0.773677565955514,0.40311395935008937
tm182936,filipe ferreira_1990,2223,0.5938426288258565,0.008634427944020837,0.35299857794763606,0.04452436528248663,1,2324,0.004136805055438244,4.267933136898042e-05,0.995527582751652,0.0002929328615409466,3,-0.5897058237704182,-0.008591748612651856,0.642529004804016,-0.04423143242094568,0.8721641466761918,3,0.8566281131840088,0.029977095873629966,-0.8266510173103788
tm187211,ygor nogueira_1995,2223,0.0029922619054214197,0.000715103688488043,0.9957279813024075,0.000564653103683002,3,2324,0.0013844209461515145,2.2583577875557556e-05,0.9984255875334894,0.00016740794248342578,3,-0.0016078409592699052,-0.0006925201106124854,0.0026976062310819504,-0.0003972451611995762,0.003215869405290094,3,0.031055850746100535,0.012383316917635698,-0.018672533828464837
tm194005,nino galovic_1992,2223,0.004591768725435027,0.0002884447801560872,0.993389786333205,0.001730000161204164,3,2324,0.00037940725442597644,2.229631148843511e-05,0.9995078367605369,9.045967354862899e-05,3,-0.00421236147100905,-0.00026614846866765206,0.006118050427331934,-0.001639540487655535,0.00743272259681418,3,0.04466134170825238,0.004561647452853928,-0.04009969425539845
tm197880,raphael guzzo_1995,2223,0.997446874088423,0.0007403413158812706,0.0015818686540277555,0.00023091594166784087,1,2324,0.8313047196287074,0.10924021595506933,0.04885673944857392,0.010598324967649423,1,-0.16614215445971559,0.10849987463918806,0.04727487079454616,0.010367409025981583,0.20398615564267236,1,0.020021810109761305,0.5911542681118894,0.5711324580021281
tm198021,joao nunes_1995,2223,0.016569742106636656,0.001978593871649221,0.9746040585320921,0.006847605489621959,3,2324,0.004920607933823715,0.00016715876898070798,0.9944135245508612,0.0004987087463344542,3,-0.011649134172812941,-0.001811435102668513,0.019809466018769095,-0.006348896743287505,0.0230520838115808,3,0.13945453323622048,0.0369661762884583,-0.10248835694776218
tm211072,paulinho_1992,2223,0.03262157874474812,0.6054184007803693,0.014907870945042853,0.34705214952983954,2,2324,0.004344016178858349,0.07534228912989474,0.0031100451902378906,0.917203649501009,4,-0.02827756256588977,-0.5300761116504746,-0.011797825754804963,0.5701514999711694,0.5309609151149405,2,0.8454559013034912,0.31566517179264264,-0.5297907295108486
tm222813,marko grujic_1996,2223,0.6681592804315659,0.018319046527714565,0.2388358136329227,0.07468585940779686,1,2324,0.31339170814439765,0.008743425168426086,0.1329870715300662,0.5448777951571101,4,-0.35476757228716826,-0.009575621359288479,-0.1058487421028565,0.47019193574931323,0.3703453510923347,1,0.8784714348454672,1.0042161443600741,0.12574470951460692
tm223367,fredrik aursnes_1995,2223,0.4551418830500702,0.031317997449057014,0.4926617718192846,0.020878347681588305,3,2324,0.37044175515074046,0.0042703752724975305,0.6147899276357887,0.010497941940973445,3,-0.08470012789932974,-0.027047622176559483,0.12212815581650405,-0.01038040574061486,0.15106611789117047,3,0.8962854338668201,0.7380843207222137,-0.1582011131446064
tm226155,carlinhos_1994,2223,0.9768833462565141,0.00895488257140543,0.011674995624260637,0.002486775547819867,1,2324,0.3791081433175817,0.46502022551962063,0.05956717117117547,0.0963044599916222,2,-0.5977752029389324,0.4560653429482152,0.047892175546914835,0.09381768444380233,0.7534085550123328,1,0.13194455263223967,1.1171576586420244,0.9852131060097847
tm228433,wendell_1993,2223,0.1335037755938283,0.0034486315235604022,0.8553442957857064,0.007703297096904877,3,2324,0.33121029478836667,0.07107650769342765,0.5421640781422623,0.055549119375943284,3,0.19770651919453835,0.06762787616986725,-0.31318021764344406,0.04784582227903841,0.3764880424269305,3,0.45951322843824494,1.0463837596326715,0.5868705311944266
tm230457,bruno gaspar_1993,2223,0.5045474525246965,0.041588056069364235,0.1323784921712003,0.32148599923473903,1,2324,0.9952624514804632,0.0004694692737875735,0.003810002997748824,0.00045807624800035677,1,0.49071499895576676,-0.04111858679557666,-0.12856848917345146,-0.32102792298673866,0.5089418481404014,1,1.1099091546486395,0.03306837959848164,-1.0768407750501579
tm235568,joao pedro_1993,2223,0.5632539436046655,0.027146013502903205,0.3610254904177753,0.048574552474655884,1,2324,0.9700581236491755,0.0007431805727823883,0.027484761072328775,0.0017139347057135122,1,0.40680418004451,-0.026402832930120818,-0.33354072934544654,-0.046860617768942375,0.5267220980941605,1,0.93596093357212,0.14454298913279207,-0.7914179444393279
tm236997,tiago silva_1993,2223,0.972861858783019,0.007781208001131477,0.012996768676566357,0.00636016453928333,1,2324,0.8909306639869486,0.01984647592926782,0.04146605650321338,0.047756803580570155,1,-0.08193119479607036,0.012065267928136343,0.028469287826647025,0.04139663904128683,0.08757163764739023,1,0.1531658963994637,0.45792539479431327,0.30475949839484956
tm238055,rafa silva_1993,2223,0.020037907056965676,0.8616654092438314,0.004852161637237282,0.11344452206196566,2,2324,0.009039407723543636,0.6563867630413364,0.007818824488036768,0.3267550047470833,2,-0.01099849933342204,-0.20527864620249503,0.0029666628507994857,0.21331048268511765,0.20559448110974848,2,0.4794019290244086,0.7223039746299429,0.2429020456055343
tm238367,cassiano_1989,2223,0.019760731485631965,0.9075166785630893,0.015057669046313322,0.05766492090496553,2,2324,0.0034851581826495863,0.9859376071708618,0.0018218343540210968,0.008755400292467538,2,-0.01627557330298238,0.0784209286077725,-0.013235834692292225,-0.04890952061249799,0.08117834471118385,2,0.39331484770750147,0.08666220056630214,-0.30665264714119933
tm24202,vasco fernandes_1986,2223,0.0008925320075144694,0.00010120085182658374,0.9985288139008869,0.00047745323977213154,3,2324,0.031065976931685033,0.00017880124103694612,0.9681364453054219,0.0006187765218561626,3,0.030173444924170564,7.760038921036239e-05,-0.030392368595465014,0.00014132328208403105,0.04282684752879866,3,0.01231896296340297,0.1453146785117493,0.13299571554834635
tm249360,ali alipour_1995,2223,0.02519716440511016,0.6787445520623437,0.005588255831406499,0.29047002770113967,2,2324,0.145186259472518,0.4522811932977467,0.17341142516189662,0.22912112206783886,2,0.11998909506740785,-0.22646335876459706,0.16782316933049013,-0.06134890563330081,0.306345641330456,2,0.7438537234616718,1.2804776007689036,0.5366238773072318
tm257707,joao graca_1995,2223,0.985462001170593,0.005900603051274209,0.007275374774992987,0.0013620210031395803,1,2324,0.8985220480310511,0.002867541753235794,0.0707516183020265,0.027858791913686735,1,-0.08693995313954195,-0.003033061298038415,0.06347624352703352,0.026496770910547154,0.1076893142565532,1,0.08952408171197496,0.40007562241461847,0.3105515407026435
tm261927,ricardo horta_1994,2223,0.07612636753818973,0.5706891008101825,0.012820816634011937,0.34036371501761586,2,2324,0.07686492650559901,0.8644653989419582,0.015523610189685323,0.043146064362757565,2,0.000738558967409278,0.29377629813177564,0.002702793555673386,-0.2972176506548583,0.29378965929106976,2,0.9388384853134996,0.5233940693844608,-0.4154444159290388
tm264848,ruben lameiras_1994,2223,0.36489778618770363,0.5580647184029426,0.021293195750499386,0.05574429965885437,2,2324,0.7737450404473923,0.058464967243984006,0.14762930791579465,0.020160684392828986,1,0.4088472542596887,-0.4995997511589586,0.12633611216529528,-0.03558361526602538,0.6578121326874581,2,0.9362735293639292,0.725606851460775,-0.2106666779031542
tm268179,moustapha seck_1996,2223,0.42141974133042576,0.002897845094086783,0.5703264181310893,0.0053559954443981725,3,2324,0.6812789609704445,0.003339271547157719,0.2909188716258854,0.024462895856512318,1,0.25985921964001873,0.0004414264530709358,-0.2794075465052039,0.019106900412114144,0.38156989652394047,3,0.7293682617186682,0.730476757983966,0.0011084962652978536
tm271256,jhonder cadiz_1995,2223,0.016445629940745395,0.45386051368008834,0.008999411463728672,0.5206944449154376,4,2324,0.005807847272222593,0.9111638492972327,0.0033558836249616563,0.07967241980558301,2,-0.010637782668522801,0.45730333561714437,-0.0056435278387670165,-0.44102202510985455,0.4574618591676647,2,0.8082812902044102,0.3353462785365182,-0.472935011667892
tm27178,ruben fernandes_1986,2223,0.0019899227050045897,0.0002708258845156347,0.9961631506195833,0.001576100790896446,3,2324,0.0037733872845348623,0.00017780098686410274,0.9953031002246381,0.0007457115039630482,3,0.0017834645795302725,-9.302489765153197e-05,-0.0008600503949451888,-0.0008303892869333978,0.0019821922762102433,1,0.02860095929452991,0.03264581192872572,0.0040448526341958085
tm282721,oriol busquets_1999,2223,0.6289382964950767,0.006947565436865725,0.34718245547718934,0.01693168259086818,1,2324,0.7674620104162341,0.005250056595799707,0.21872969898025685,0.008558234007709288,1,0.13852371392115737,-0.0016975088410660184,-0.1284527564969325,-0.008373448583158893,0.18892276598238864,1,0.7625206115481062,0.6038774836982062,-0.1586431278499001
tm288253,jerry st juste_1996,2223,0.11737660618898454,0.009810450883005617,0.8596434991593335,0.013169443768676398,3,2324,0.009327123926661357,0.00016237519947647977,0.9892436724876176,0.0012668283862445773,3,-0.1080494822623232,-0.009648075683529137,0.1296001733282841,-0.01190261538243182,0.16900881902513987,3,0.48386252068156127,0.06416911102250294,-0.4196934096590583
tm290391,nuno santos_1995,2223,0.10871586988348102,0.6481761343650342,0.014818489110127914,0.22828950664135672,2,2324,0.28842045155589746,0.10456293555726462,0.10250729158025608,0.5045093213065819,4,0.17970458167241643,-0.5436131988077696,0.08768880247012817,0.27621981466522516,0.5792222135508261,2,0.9219163387749857,1.1733660031340338,0.25144966435904814
tm291399,nanu_1994,2223,0.06132328169441479,0.0014167790335050362,0.9315057463253801,0.005754192946700171,3,2324,0.7947194196420861,0.020445531513812495,0.17574573797650847,0.00908931086759302,1,0.7333961379476713,0.01902875248030746,-0.7557600083488716,0.0033351179208928484,1.0532830478067152,3,0.2762551684088307,0.6104303872533668,0.33417521884453616
tm291939,samu_1996,2223,0.9327826542256465,0.03429726125379615,0.017029673969992262,0.015890410550565007,1,2324,0.9874866819442624,0.002903146223601185,0.006476357780303292,0.003133814051833241,1,0.05470402771861582,-0.03139411503019497,-0.01055331618968897,-0.012756596498731766,0.06394914846788621,1,0.31575702118422555,0.08010101478383927,-0.23565600640038628
tm291941,carraca_1993,2223,0.4020254852338118,0.008456483428175034,0.5437778178617676,0.045740213476245545,3,2324,0.5279414526350051,0.00321330987589222,0.458112669210469,0.01073256827863368,1,0.12591596740119332,-0.005243173552282814,-0.0856651486512986,-0.03500764519761186,0.1523838554733631,1,0.8790786405184576,0.7619666233788545,-0.11711201713960318
tm291968,neto_1991,2223,0.9723761346558703,0.005434741252648272,0.0152729727855104,0.006916151305971039,1,2324,0.9975907723683808,4.0132877555895845e-05,0.002258733263322513,0.00011036149074070218,1,0.025214637712510535,-0.005394608375092376,-0.013014239522187887,-0.006805789815230337,0.028883389427742937,1,0.15384738755539046,0.01758053847307718,-0.1362668490823133
tm295327,saviour godwin_1996,2223,0.021761558334946158,0.9419155454105917,0.004356472016025107,0.031966424238436965,2,2324,0.36472635052669633,0.2721662050491996,0.1331632466618581,0.229944197762246,1,0.3429647921917502,-0.6697493403613921,0.128806774645833,0.19797777352380905,0.763400427555757,2,0.2734034679866198,1.3285275625146293,1.0551240945280096
tm295414,adrian marin_1997,2223,0.00690894062972977,0.00025072764447765734,0.9920643235525782,0.0007760081732143444,3,2324,0.02420833498487375,0.000257483861837566,0.972185313022307,0.0033488681309816635,3,0.01729939435514398,6.756217359908678e-06,-0.01987901053027119,0.0025728599577673193,0.02635230825494976,3,0.04991174629572278,0.13871848035389817,0.08880673405817538
tm299400,pedro sa_1993,2223,0.7164600559503861,0.015039193301542507,0.1974516716609697,0.07104907908710158,1,2324,0.9635543398947527,0.0007420424957730999,0.03325982728276043,0.0024437903267136955,1,0.2470942839443666,-0.014297150805769408,-0.16419184437820927,-0.06860528876038788,0.2970167595262265,1,0.8102115073673632,0.16901465225695017,-0.641196855110413
tm302371,toni martinez_1997,2223,0.014523707225733434,0.12124885472067519,0.0069495356632173,0.8572779023903742,4,2324,0.009203811832138645,0.6236255219625988,0.006234897109255873,0.36093576909600683,2,-0.0053198953935947885,0.5023766672419236,-0.0007146385539614272,-0.4963421332943673,0.5024053421136802,2,0.4838358485347562,0.7370997257634512,0.253263877228695
tm306668,amine oudrhiri_1992,2223,0.6676910016424921,0.023083558529168827,0.2842901644222466,0.02493527540609255,1,2324,0.9613142652403541,0.0005218161835348988,0.03614845530927316,0.0020154632668376257,1,0.29362326359786206,-0.022561742345633927,-0.24814170911297342,-0.02291981213925492,0.3850947428166709,1,0.8063104038792394,0.17439862901974942,-0.6319117748594899
tm307058,mehdi taremi_1992,2223,0.01920438476388196,0.3432413853503801,0.011113268947982893,0.626440960937755,4,2324,0.06146009024979052,0.7083161452373836,0.03962946948783606,0.19059429502498976,2,0.042255705485908554,0.3650747598870035,0.028516200539853164,-0.4358466659127653,0.3686167367956781,2,0.7859352478170178,0.8595698554295108,0.07363460761249296
tm308371,mikel villanueva_1993,2223,0.00523625872039989,0.0005310634447110868,0.9919407918888418,0.002291885946047284,3,2324,0.0007025244001700062,2.261098348156916e-05,0.9991682074248404,0.00010665719150809223,3,-0.004533734320229884,-0.0005084524612295176,0.007227415535998594,-0.0021852287545391915,0.008546859430326119,3,0.053463757669425266,0.007149703473406828,-0.04631405419601844
tm314367,marcus edwards_1998,2223,0.04140733723000225,0.8956838656412912,0.0064844876803358984,0.05642430944837046,2,2324,0.006213074432780601,0.9724790749074465,0.003620271531361247,0.017687579128411717,2,-0.03519426279722165,0.07679520926615524,-0.0028642161489746513,-0.03873673031995874,0.08452422158304992,2,0.425411538468037,0.1504257263207988,-0.27498581214723816
tm314942,bruno lourenco_1998,2223,0.6732066442457286,0.30815805445053474,0.01027692868681879,0.008358372616917896,1,2324,0.8941380408120249,0.05571508424977972,0.04116327625844913,0.008983598679746215,1,0.22093139656629623,-0.252442970200755,0.03088634757163034,0.0006252260628283185,0.33688588818593884,2,0.7161726249461553,0.4345805696317278,-0.2815920553144275
tm314944,ricardo mangas_1998,2223,0.019383848403337664,0.9710232730300694,0.002778352862524563,0.006814525704068632,2,2324,0.9573036257448249,0.0031152401046843524,0.03446372988774204,0.005117404262748821,1,0.9379197773414872,-0.9679080329253851,0.031685377025217475,-0.0016971214413198108,1.3481629842296605,2,0.15533812431438498,0.2028145342463175,0.04747640993193253
tm329722,andre horta_1996,2223,0.9825126862116578,0.006986756243833251,0.0059530100196856115,0.004547547524823511,1,2324,0.3939522191052152,0.4635156868577106,0.028376178230614002,0.11415591580646012,2,-0.5885604671064426,0.45652893061387734,0.02242316821092839,0.1096083682816366,0.7452012388614366,1,0.10704200916150203,1.0722025922209033,0.9651605830594012
tm332612,emmanuel boateng_1996,2223,0.0037826279131024645,0.9503485784734728,0.003160698350973441,0.042708095262451284,2,2324,0.0016442876686014296,0.9824691235410018,0.0011809784186779717,0.014705610371718886,2,-0.0021383402445010347,0.03212054506752904,-0.001979719932295469,-0.0280024848907324,0.032252460455703916,2,0.22236516547887392,0.09792909570159869,-0.12443606977727523
tm340376,abel ruiz_2000,2223,0.025435174921808253,0.8128681057499118,0.016526197716753677,0.14517052161152635,2,2324,0.00020050912796008394,0.9990470676642575,0.0003730467689063632,0.00037937643887596157,2,-0.025234665793848168,0.1861789619143458,-0.016153150947847313,-0.1447911451726504,0.18857443756451872,2,0.6097641864611439,0.008592843691590711,-0.6011713427695532
tm340491,joca_1996,2223,0.8529390343859264,0.05245335878013575,0.05535128331513058,0.03925632351880722,1,2324,0.01735511128669814,0.9628879253184215,0.011492824884097374,0.008264138510782936,2,-0.8355839230992284,0.9104345665382857,-0.04385845843103321,-0.030992185008024288,1.2365335243597726,2,0.5775858944794323,0.1977308043734734,-0.3798550901059589
tm344395,jorge fernandes_1997,2223,0.010931270730193204,0.0016044412611414928,0.9817264227335709,0.005737865275094665,3,2324,0.0008575427916169524,1.0806062643810477e-05,0.9990890046131113,4.26465326278016e-05,3,-0.010073727938576253,-0.0015936351984976824,0.01736258187954043,-0.005695218742466863,0.02013650707670246,3,0.10740836875729193,0.007518771999348855,-0.09988959675794307
tm344399,leonardo ruiz_1996,2223,0.01581167682270062,0.7371670278131158,0.01406364599716343,0.23295764936702013,2,2324,0.09849952915879831,0.8390350188307364,0.038957268788695654,0.023508183221769802,2,0.08268785233609768,0.10186799101762056,0.024893622791532226,-0.2094494661452503,0.13354422852976244,2,0.6897287570794711,0.5901386076225007,-0.09959014945697042
tm344474,ilija vukotic_1999,2223,0.9218627811282885,0.0042350674297640615,0.06858164771908008,0.005320503722867387,1,2324,0.9681581285822561,0.001622139462297696,0.026889262057902683,0.003330469897543381,1,0.046295347453967683,-0.0026129279674663654,-0.0416923856611774,-0.001990033825324006,0.06235656830332399,1,0.3097831262804133,0.15798155930343216,-0.15180156697698116
tm344519,bruno costa_1997,2223,0.8708140129615325,0.018790212182952064,0.029387069873193047,0.08100870498232231,1,2324,0.7592252516746136,0.005026001241775386,0.17653666221994038,0.05921208486367058,1,-0.11158876128691886,-0.013764210941176677,0.14714959234674735,-0.02179662011865173,0.185187763300376,3,0.5023822021227822,0.7092622447663942,0.20688004264361204
tm344869,simon banza_1996,2223,0.012955303456035015,0.3648579649277181,0.006712810392345199,0.6154739212239017,4,2324,0.0067906572226771955,0.5931210379327888,0.005022758008655452,0.39506554683587847,2,-0.006164646233357819,0.2282630730050707,-0.0016900523836897476,-0.2204083743880232,0.22835255557571565,2,0.7564912156803241,0.7372093179948699,-0.019281897685454186
tm345061,murilo costa_1994,2223,0.2318067561226787,0.6854108996078488,0.021927408153951805,0.060854936115520605,2,2324,0.48080150463800797,0.33310481755907195,0.10260589438362949,0.08348778341929056,1,0.24899474851532927,-0.3523060820487769,0.08067848622967769,0.02263284730376995,0.43889290080506416,2,0.8518839054366432,1.1591967949702215,0.3073128895335784
tm356099,cristian borja_1993,2223,0.05151069955914971,0.0028849108756488777,0.9360690709557601,0.0095353186094414,3,2324,0.09815010628650786,0.005947103524550018,0.8828229598463704,0.013079830342571808,3,0.04663940672735815,0.00306219264890114,-0.053246111109389704,0.003544511733130409,0.07085026204589788,3,0.2758585110742302,0.42505950982723467,0.14920099875300447
tm357149,paulo estrela moreira_1999,2223,0.9140433708320601,0.008585097126854306,0.062084027457683516,0.015287504583402094,1,2324,0.9543509238612143,0.0018462112990879208,0.03577894097123432,0.008023923868463432,1,0.04030755302915423,-0.006738885827766386,-0.0263050864864492,-0.0072635807149386625,0.04860112126749056,1,0.35945809111218663,0.21408822571228014,-0.14536986539990648
tm357162,florentino luis_1999,2223,0.47196873627347113,0.006142027246160643,0.43651815456464965,0.0853710819157185,1,2324,0.6464628775848167,0.0033152428402335715,0.2778979525009143,0.07232392707403552,1,0.17449414131134555,-0.002826784405927071,-0.15862020206373534,-0.013047154841682979,0.2358316445365245,1,0.9575707463908048,0.8467548478637177,-0.11081589852708706
tm358177,andre pereira_1995,2223,0.06109217105046774,0.4977795437269368,0.03163253630000386,0.4094957489225916,2,2324,0.21882323573702792,0.395331005328581,0.11744415828920723,0.2684016006451838,2,0.15773106468656017,-0.10244853839835577,0.08581162198920338,-0.1410941482774078,0.20673274113099052,1,0.9928800520203651,1.3039415283516629,0.31106147633129777
tm361504,rafa mujica_1998,2223,0.031405423473373724,0.6258986290706614,0.03011108152979527,0.3125848659261697,2,2324,0.007765944167113834,0.6041887443318443,0.005960894129514445,0.3820844173715274,2,-0.02363947930625989,-0.021709884738817076,-0.024150187400280826,0.06949955144535769,0.04016684738328981,3,0.8709358730445934,0.7403023161124344,-0.13063355693215906
tm367652,rodrigo abascal_1994,2223,0.0020201380636701675,6.599805490267205e-05,0.9975437251021335,0.0003701387792937948,3,2324,0.032696692688961616,0.0006259182000594667,0.9646584304269095,0.002018958684069429,3,0.03067655462529145,0.0005599201451567946,-0.03288529467522405,0.0016488199047756343,0.0449756280681411,3,0.018547373371429997,0.16369293727005116,0.14514556389862115
tm373187,maracas_1994,2223,0.0006769514257796217,7.159448305007499e-05,0.9990449970608094,0.00020645703036106778,3,2324,0.07911785763262043,0.004914570496599776,0.8986421650799341,0.017325406790845547,3,0.07844090620684081,0.004842976013549701,-0.1004028319808753,0.01711894976048448,0.1275035640795899,3,0.00833008532339307,0.39313395682303154,0.38480387149963846
tm375376,pedro alvaro_2000,2223,0.00159300789495002,0.00024709167267853495,0.9976009906999415,0.0005589097324299282,3,2324,0.00019986944375202095,8.964572918253089e-06,0.9997663292865947,2.4836696735122373e-05,3,-0.001393138451197999,-0.00023812709976028186,0.0021653385866532426,-0.0005340730356948059,0.00258577463339249,3,0.018896744385577244,0.002303637090542013,-0.01659310729503523
tm375380,benny_2000,2223,0.8068744953023567,0.1382752584115652,0.021957948295897776,0.03289229799018045,1,2324,0.839737850241316,0.02476760531362316,0.11346763915912639,0.02202690528593434,1,0.03286335493895931,-0.11350765309794206,0.0915096908632286,-0.01086539270424611,0.14945906105529513,2,0.6428842264126797,0.5692452618309725,-0.07363896458170727
tm375383,romario baro_2000,2223,0.8625797924142156,0.03347644782550007,0.09375741161416686,0.010186348146117548,1,2324,0.9165227491191439,0.0025592074920418556,0.07135911297183294,0.009558930416981186,1,0.053942956704928324,-0.030917240333458215,-0.02239829864233392,-0.0006274177291363623,0.06608632316885063,1,0.5098794685712471,0.32800722289933043,-0.18187224567191668
tm377641,al musrati_1996,2223,0.912523986141994,0.007253178269882541,0.06930792919056777,0.010914906397555614,1,2324,0.8836160087270947,0.026135566781543964,0.0617256948906955,0.028522729600666052,1,-0.028907977414899366,0.01888238851166142,-0.007582234299872273,0.01760782320311044,0.03535118146687342,1,0.3535706268004226,0.477948508982892,0.12437788218246937
tm379249,matheus reis_1995,2223,0.6340040860573101,0.022308655448818944,0.33967054132637947,0.004016717167491499,1,2324,0.26640331847846693,0.0022288626478863846,0.7215711624718685,0.009796656401778268,3,-0.36760076757884314,-0.02007979280093256,0.381900621145489,0.005779939234286768,0.5304541514917132,3,0.7626810620002908,0.6467761014833008,-0.11590496051699006
tm383014,goncalo costa_2000,2223,0.10354275519217727,0.028141834782119957,0.5581867440190906,0.3101286660066122,3,2324,0.5490670769674467,0.019653509849321855,0.29076272276701587,0.14051669041621542,1,0.44552432177526946,-0.008488324932798101,-0.26742402125207476,-0.16961197559039679,0.5196918126121565,1,1.0238376258167703,1.041331221969885,0.017493596153114632
tm383654,joao correia_1996,2223,0.7786864357002108,0.031819219887589865,0.1626422468120791,0.02685209760012029,1,2324,0.5937149188620268,0.06801178001439452,0.27043458767900724,0.06783871344457149,1,-0.18497151683818402,0.036192560126804656,0.10779234086692815,0.040986615844451194,0.21712565992881402,1,0.6970148920462668,1.0285399936356405,0.33152510158937376
tm387110,petar musa_1998,2223,0.0051402025857158655,0.015829793944866395,0.003718233120933729,0.9753117703484839,4,2324,0.012651201043180023,0.30493938618602684,0.007745563718654074,0.6746638490521392,4,0.007510998457464157,0.28910959224116045,0.004027330597720345,-0.30064792129634477,0.2892351825339051,2,0.13790302252841466,0.7206007394694405,0.5826977169410258
tm38780,vitor gomes_1987,2223,0.9779720317772345,0.0015984365499803704,0.01898543359549733,0.0014440980772878176,1,2324,0.9749279069724577,0.0004659355591945482,0.022469471185511757,0.002136686282836113,1,-0.003044124804776782,-0.0011325009907858221,0.003484037590014425,0.0006925882055482955,0.004763168299548282,3,0.11678008246764177,0.1267520229006558,0.009971940433014026
tm392655,bogdan milovanov_1998,2223,0.0073406933988977305,0.0007227596451837581,0.9872016483496778,0.004734898606240777,3,2324,0.10589321238812929,0.0012373384127320705,0.8729417387961576,0.019927710402980907,3,0.09855251898923156,0.0005145787675483124,-0.11425990955352028,0.01519281179674013,0.15089132089556873,3,0.07936288470198674,0.44269909322122447,0.36333620851923776
tm394328,rafik guitane_1999,2223,0.9422485475298611,0.018818457537300493,0.031745677530236334,0.007187317402602123,1,2324,0.5098238716531464,0.3632018594583023,0.08222970854443652,0.04474456034411487,1,-0.43242467587671474,0.3443834019210018,0.05048403101420019,0.03755724294151275,0.5551032923818835,1,0.2758100469895995,1.0557539823513853,0.7799439353617859
tm401931,jo_1995,2223,0.01662928160686003,0.739431784219994,0.01527277713584062,0.22866615703730536,2,2324,0.03340925712761846,0.5008207091832713,0.022914961520229593,0.4428550721688807,2,0.016779975520758432,-0.23861107503672274,0.0076421843843889736,0.21418891513157534,0.23932240950404704,2,0.6925990665312519,0.9071137324518759,0.21451466592062396
tm402112,morlaye sylla_1998,2223,0.9283970815395887,0.03388786575820766,0.02885874553144451,0.008856307170759341,1,2324,0.9655581587675561,0.010496887324592221,0.018395255691583248,0.005549698216268443,1,0.037161077227967465,-0.02339097843361544,-0.010463489839861263,-0.0033066089544908986,0.04513943012991751,1,0.32785073097937917,0.18399914259381825,-0.14385158838556092
tm409884,miguel nobrega_2000,2223,0.05889671396839797,0.003196892087069086,0.9321493565035881,0.005757037440945063,3,2324,0.0066432838744373245,7.97649520548667e-05,0.992984470585076,0.0002924805884316463,3,-0.05225343009396065,-0.0031171271350142193,0.060835114081487895,-0.005464556852513416,0.08025614333786493,3,0.2803475541261894,0.04343392070173922,-0.23691363342445015
tm410183,joao othavio basso_1997,2223,0.000906874662480293,5.992764935520955e-05,0.9988140226186186,0.00021917506954583302,3,2324,0.008878903680813502,0.0001172222130831689,0.9905200281855393,0.0004838459205640576,3,0.007972029018333208,5.729456372795936e-05,-0.008293994433079321,0.0002646708510182246,0.01150421109820792,3,0.009967719110037847,0.056134106199341734,0.04616638708930389
tm410281,renato pantalon_1997,2223,0.03279309621862094,0.009899976361935549,0.9213440365424775,0.03596289087696591,3,2324,0.09259647512763261,0.005079838460096678,0.8880271508996989,0.014296535512571975,3,0.05980337890901167,-0.0048201379018388705,-0.03331688564277868,-0.02166635536439393,0.06862720107407527,1,0.3528265952177718,0.413351617130648,0.060525021912876176
tm412669,francisco trincao_1999,2223,0.013185663144859767,0.9473445608434209,0.003469239621115682,0.036000536390603695,2,2324,0.032808627965970436,0.8616134450191758,0.011525098926385228,0.09405282808846863,2,0.01962296482111067,-0.08573111582424509,0.008055859305269546,0.05805229169786493,0.0883163735554567,2,0.24764284434934758,0.5142157445186895,0.2665729001693419
tm413118,sikou niakate_1999,2223,0.02123554551572312,0.007698924569094613,0.9502649358411542,0.0208005940740281,3,2324,6.231385478756397e-05,1.9742698783604893e-06,0.9999279909997852,7.720875548850798e-06,3,-0.021173231660935554,-0.007696950299216253,0.04966305515863101,-0.02079287319847925,0.05453409787064855,3,0.2483023967391162,0.0007922314019868744,-0.24751016533712933
tm415525,kanya fujimoto_1999,2223,0.980962960247639,0.003060789201328791,0.014269585041316885,0.0017066655097154604,1,2324,0.6309834104707056,0.13791396877406623,0.1754155792051851,0.0556870415500431,1,-0.34997954977693335,0.13485317957273743,0.1611459941638682,0.05398037604032764,0.4082145229386179,1,0.10809116401620006,1.0299298804487058,0.9218387164325057
tm415642,joao queiros_1998,2223,0.027147910402854636,0.0019506336947855858,0.9635912409652108,0.007310214937149198,3,2324,0.01857784217581895,0.0036029290725775546,0.9721363467751661,0.005682881976437443,3,-0.008570068227035686,0.0016522953777919687,0.008545105809955378,-0.0016273329607117554,0.012214539808558177,1,0.18177183013137188,0.15117139723193365,-0.03060043289943823
tm425028,jose luis rodriguez_1998,2223,0.03688461324223018,0.731939724605613,0.004818767894721826,0.22635689425743497,2,2324,0.5520510563887996,0.15822094307634177,0.11332551148007688,0.1764024890547818,1,0.5151664431465695,-0.5737187815292712,0.10850674358535506,-0.04995440520265315,0.7786677197798925,2,0.7121194308192684,1.1725248760421896,0.46040544522292115
tm426620,pedro goncalves_1998,2223,0.12240031823156562,0.44939464673357515,0.019050489203894416,0.4091545458309647,2,2324,0.037090287639788166,0.6909059801637036,0.013533056126792764,0.25847067606971547,2,-0.08531003059177746,0.24151133343012848,-0.005517433077101652,-0.15068386976124926,0.25619517474482023,2,1.057645359004463,0.7855852418972702,-0.2720601171071928
tm429309,jordan holsgrove_1999,2223,0.951032752391528,0.02794521479806325,0.015518290434914612,0.005503742375494192,1,2324,0.9389937425865641,0.014167787225077588,0.02570356372428003,0.02113490646407839,1,-0.012039009804963863,-0.013777427572985662,0.010185273289365419,0.0156311640885842,0.02094027362743721,2,0.24099992263032616,0.2950332529594794,0.05403333032915325
tm445517,heriberto tavares_1997,2223,0.21715468138129565,0.10061749957054476,0.0923894849761102,0.5898383340720494,4,2324,0.512332069481883,0.408663727808635,0.0318956817031384,0.04710852100634361,1,0.29517738810058736,0.30804622823809025,-0.060493803272971804,-0.5427298130657059,0.430907959327775,2,1.0941153047823247,0.962156950343908,-0.13195835443841664
tm448264,afonso freitas_2000,2223,0.7240461374003432,0.008751912281791346,0.2633319471977833,0.003870003120082163,1,2324,0.9675581797893545,0.001546699780166481,0.026277204515115678,0.004617915915363309,1,0.24351204238901136,-0.007205212501624865,-0.23705474268266763,0.0007479127952811459,0.33991907993522075,1,0.6481356563986483,0.1623779057132203,-0.48575775068542804
tm448470,andre franco_1998,2223,0.2907256811223073,0.694458308966217,0.005942727254338267,0.008873282657137256,2,2324,0.9768613404046839,0.002071795451265211,0.015932887930294702,0.005133976213756285,1,0.6861356592823766,-0.6923865135149517,0.009990160675956435,-0.0037393064433809704,0.9748235893465974,2,0.6847545100431941,0.12868899611771495,-0.5560655139254791
tm448920,enea mihaj_1998,2223,0.0015266222410230432,0.00017213479226092353,0.9974327256131513,0.0008685173535646363,3,2324,0.0003129517499327565,1.2498853510420441e-05,0.9996113289405847,6.322045597207459e-05,3,-0.0012136704910902865,-0.0001596359387505031,0.0021786033274333594,-0.0008052968975925617,0.0024989582133736845,3,0.02007753034400915,0.003666329270661999,-0.01641120107334715
tm450173,gaius makouta_1997,2223,0.9649600098095417,0.010632342408547721,0.019363691427401224,0.005043956354509275,1,2324,0.9827291362255353,0.0007699091279737102,0.015564122064470911,0.0009368325820200929,1,0.017769126415993597,-0.00986243328057401,-0.0037995693629303134,-0.004107123772489182,0.020674771368628334,1,0.18578822677986523,0.09396318047217456,-0.09182504630769067
tm452607,alexander bah_1997,2223,0.29563307998245403,0.01573192205150778,0.5925280990279664,0.09610689893807187,3,2324,0.3348901104508312,0.034782049167737916,0.4836679581791869,0.1466598822022439,3,0.039257030468377196,0.019050127116230137,-0.10886014084877954,0.05055298326417204,0.11727980239562029,3,0.9608034548399783,1.116024326740722,0.15522087190074363
tm454121,galeno_1997,2223,0.07366358180195651,0.8491441886789257,0.007688114416796516,0.06950411510232139,2,2324,0.15489563446871776,0.597466877289505,0.04146024115806428,0.20617724708371296,2,0.08123205266676126,-0.25167731138942073,0.03377212674126776,0.13667313198139158,0.266609587211884,2,0.5537401760941456,1.054136685773476,0.5003965096793304
tm454576,robert bozenik_1999,2223,0.016311917638389413,0.6951318104725684,0.008510028678366671,0.2800462432106755,2,2324,0.008674085154512741,0.8781954549833257,0.005876060842819112,0.10725439901934254,2,-0.007637832483876672,0.1830636445107573,-0.002633967835547559,-0.17279184419133298,0.18324184078198785,2,0.716931024186513,0.4248804092535771,-0.2920506149329359
tm461629,gustavo assuncao_2000,2223,0.6156176755383682,0.03022573001118784,0.1964895365751037,0.1576670578753403,1,2324,0.9747478942050362,0.0004610920338981997,0.021223827274916982,0.0035671864861485693,1,0.35913021866666794,-0.02976463797728964,-0.17526570930018673,-0.15409987138919173,0.40072249311710145,1,1.015386545000209,0.13034477760917162,-0.8850417673910375
tm461937,nuno goncalo moreira_1999,2223,0.03696444467848353,0.9555431112078151,0.003002582767366459,0.004489861346334876,2,2324,0.494348444156915,0.4482623457725322,0.03302286225168951,0.024366347818863363,1,0.45738399947843145,-0.5072807654352829,0.03002027948432305,0.019876486472528487,0.6836922664033938,2,0.2070667437415053,0.9110873193187997,0.7040205755772944
tm461939,tomas costa silva_1999,2223,0.25581166604788474,0.030415377426081237,0.6025579448272665,0.11121501169876734,3,2324,0.4556922132365038,0.003249699887302843,0.508535420898301,0.03252266597789237,3,0.19988054718861903,-0.027165677538778393,-0.0940225239289656,-0.07869234572087497,0.22255435782418542,1,1.0044856689304433,0.8320625972488319,-0.17242307168161142
tm469822,david neres_1997,2223,0.1077124762208196,0.6609434877936827,0.010874165556330312,0.22046987042916738,2,2324,0.037237079494797314,0.5421545959952221,0.017713864953166975,0.4028944595568136,2,-0.0704753967260223,-0.11878889179846064,0.006839699396836664,0.1824245891276462,0.1382908668214778,2,0.8962179328614996,0.8921468066974569,-0.004071126164042704
tm471582,zaydou youssouf_1999,2223,0.8835158609532678,0.019439787869517198,0.08109760299775805,0.01594674817945706,1,2324,0.9936427418008134,0.0004137280069600844,0.004993474487627594,0.0009500557045990662,1,0.11012688084754552,-0.019026059862557114,-0.07610412851013046,-0.014996692474857994,0.13521005589596338,1,0.4557421888395905,0.042635035846874156,-0.41310715299271633
tm478365,moura_1999,2223,0.10225781023475675,0.012641932504669632,0.8687851365247928,0.016315120735780803,3,2324,0.059594941650456916,0.00356276591770496,0.9234494927924641,0.013392799639374068,3,-0.04266286858429983,-0.009079166586964673,0.0546643562676713,-0.0029223210964067353,0.06993385065841855,3,0.47777911705540843,0.3194592314297646,-0.1583198856256438
tm479638,tiago gouveia_2001,2223,0.09530091940044794,0.8852191798708714,0.005937674569689699,0.013542226158990879,2,2324,0.07237466009107871,0.42877222952975497,0.016729632949440756,0.48212347742972567,4,-0.02292625930936923,-0.45644695034111643,0.010791958379751058,0.4685812512707348,0.4571497546836226,2,0.42064830331268716,0.973314895184175,0.5526665918714879
tm479648,felix correia_2001,2223,0.08104116045149445,0.8625645675451364,0.010331231095335628,0.046063040908033426,2,2324,0.3099921135950945,0.5312364390599099,0.06634507129577402,0.09242637604922158,2,0.22895095314360003,-0.3313281284852265,0.0560138402004384,0.04636333514118815,0.40661335192647813,2,0.5201768519010396,1.0991834618373941,0.5790066099363546
tm481627,sandro cruz_2001,2223,0.08059117483877438,0.0027467630958994877,0.8909239229516944,0.02573813911363183,3,2324,0.6971063104629038,0.0013433875614597905,0.29756025524272456,0.003990046732911839,1,0.6165151356241294,-0.0014033755344396972,-0.5933636677089699,-0.02174809238071999,0.8556712710343676,1,0.41625098374829067,0.643136366508485,0.22688538276019438
tm481628,tiago araujo_2001,2223,0.3912068184082479,0.20098952645216023,0.3359290213881838,0.07187463375140811,1,2324,0.573772817747798,0.003720925240925502,0.41365513319207936,0.008851123819197237,1,0.1825659993395501,-0.1972686012112347,0.07772611180389555,-0.06302350993221087,0.27979741527547647,2,1.2453270004088548,0.7465412168545313,-0.49878578355432346
tm482145,abass issah_1998,2223,0.0017184256300692851,0.9904311601018082,0.0005527411347932791,0.007297673133329349,2,2324,0.07313916781223681,0.16288926274490328,0.026138479362235813,0.7378330900806241,4,0.07142074218216753,-0.8275418973569049,0.025585738227442534,0.7305354169472948,0.8310121204263876,2,0.06051491625152432,0.8064669059672512,0.745951989715727
tm483573,martin agirregabiria_1996,2223,0.19988293379053823,0.007090719559183814,0.695624610911481,0.09740173573879693,3,2324,0.01801821693724842,0.0002849911330721603,0.9798828774927381,0.0018139144369413262,3,-0.1818647168532898,-0.006805728426111654,0.2842582665812571,-0.0955878213018556,0.3375260809112657,3,0.8362215042639208,0.10605757594699508,-0.7301639283169258
tm490760,duplexe tchamba_1998,2223,0.0046315219097282975,0.00034194123412028865,0.994222291618972,0.0008042452371794707,3,2324,0.0037225396863755675,0.00011729912706486357,0.9959818731019344,0.00017828808462528708,3,-0.00090898222335273,-0.00022464210705542507,0.0017595814829624024,-0.0006259571525541836,0.0019931983729217072,3,0.039114536281652935,0.02743215882416266,-0.011682377457490276
tm495601,victor gomez_2000,2223,0.12141858131590552,0.007485854657469289,0.8361581835755598,0.03493738045106533,3,2324,0.03035931192811884,0.0005826660578585231,0.9662325165910398,0.0028255054229827502,3,-0.09105926938778669,-0.006903188599610766,0.13007433301548,-0.032111875028082576,0.15893009992981597,3,0.5594606890162033,0.16020878393337082,-0.3992519050828325
tm498237,david carmo_1999,2223,0.0006757980244821567,8.418338107423403e-05,0.9989879737407491,0.0002520448536947173,3,2324,0.012324122544757931,0.00038372830378911605,0.9851773268181505,0.002114822333302484,3,0.011648324520275775,0.00029954492271488204,-0.01381064692259859,0.0018627774796077666,0.018069509116494117,3,0.008822851271655024,0.08493451706227786,0.07611166579062284
tm503212,abdul aziz yakubu_1998,2223,0.03915394786331279,0.6223513917431568,0.013543700128924814,0.32495096026460574,2,2324,0.030822854555048403,0.6517788875148044,0.026700407081166815,0.29069785084898037,2,-0.008331093308264387,0.029427495771647605,0.013156706952242001,-0.03425310941562537,0.033293896751935156,2,0.8455530849113888,0.8421283184348212,-0.003424766476567642
tm504075,rafael brito_2002,2223,0.16942795590320628,0.0074932525119766604,0.7961413875338912,0.026937404050925807,3,2324,0.45104791710496217,0.008438846038186638,0.20616121298459394,0.3343520238722573,1,0.2816199612017559,0.0009455935262099773,-0.5899801745492972,0.3074146198213315,0.6537486543432534,3,0.6163215656636571,1.0912623390072334,0.4749407733435762
tm504087,tomas araujo_2002,2223,0.0018396605844379263,4.624488382333111e-05,0.9978827612805057,0.00023133325123309752,3,2324,0.2238421482840032,0.03563043518197968,0.6564705466524564,0.08405686988156084,3,0.22200248769956527,0.035584190298156355,-0.34141221462804927,0.08382553663032774,0.40879535154059693,3,0.01609973596558952,0.9383022047566055,0.922202468791016
tm504503,joao mendes_1994,2223,0.6954579779537114,0.28737856965190234,0.009625988485125485,0.007537463909260729,1,2324,0.155242731250709,0.7342348284020046,0.025316946131049223,0.08520549421623715,2,-0.5402152467030025,0.44685625875010226,0.015690957645923737,0.07766803030697642,0.7012554705001384,1,0.6924661814936127,0.8189121664588486,0.12644598496523585
tm512913,stephen eustaquio_1996,2223,0.9695592307315489,0.00921607570033283,0.012908340869232982,0.008316352698885218,1,2324,0.9984057164102413,0.000246169735307892,0.0010816931341070405,0.0002664207203436616,1,0.028846485678692413,-0.008969905965024939,-0.011826647735125942,-0.008049931978541557,0.0324414633714812,1,0.16914782101766934,0.013218443700370393,-0.15592937731729895
tm514304,nelson_1998,2223,0.17704992634294417,0.7710155230073249,0.03213956057010539,0.01979499007962551,2,2324,0.6464016671619289,0.10136507151203444,0.08781476001743377,0.16441850130860294,1,0.4693517408189848,-0.6696504514952905,0.05567519944732838,0.14462351122897743,0.8196477973075738,2,0.6951583369316431,1.0245175053584432,0.32935916842680013
tm520662,pepe_1997,2223,0.6257736567968265,0.1040379320708684,0.20355844994910405,0.0666299611832011,1,2324,0.5691273170078158,0.18021614103253403,0.15365665584528798,0.09699988611436224,1,-0.05664633978901068,0.07617820896166563,-0.049901794103816066,0.03036992493116114,0.1072479201983838,2,1.0332783065920066,1.1437167204252094,0.11043841383320285
tm524315,hidemasa morita_1995,2223,0.7824180957564099,0.08926315828436823,0.07939701635178498,0.04892172960743703,1,2324,0.9888212452893465,0.0005170789867163729,0.009950884146356663,0.0007107915775804412,1,0.2064031495329366,-0.08874607929765185,-0.06944613220542831,-0.048210938029856584,0.23516141691636985,1,0.7564124581221073,0.0660560693393657,-0.6903563887827416
tm525602,alejandro marques_2000,2223,0.07656278794623693,0.7301965696902072,0.04675849724074592,0.14648214512281,2,2324,0.0019660804870917396,0.98359456107438,0.002221404730928753,0.01221795370759951,2,-0.07459670745914519,0.25339799138417285,-0.04453709250981717,-0.13426419141521048,0.2678782622955932,2,0.8509237316914824,0.09591234515711783,-0.7550113865343646
tm526111,alex mendez_2000,2223,0.9931307019263552,0.003669737273175383,0.0020596059769889706,0.0011399548234805896,1,2324,0.4054707878984599,0.08677729268834576,0.14717931259020703,0.36057260682298736,1,-0.5876599140278953,0.08310755541517038,0.14511970661321805,0.35943265199950675,0.6109916280685566,1,0.04788856447883289,1.227957607913146,1.180069043434313
tm530032,quaresma_1996,2223,0.01524589846211972,0.0009404157702557777,0.9825955227532367,0.0012181630143878084,3,2324,0.2817748778136846,0.034602400968821896,0.2061471132128472,0.47747560800464633,4,0.2665289793515649,0.03366198519856612,-0.7764484095403895,0.4762574449902585,0.8216099797102612,3,0.09576081661708934,1.1518163997197,1.0560555831026106
tm53286,mauricio_1988,2223,0.4997087610478961,0.20478500174765119,0.1817359908055487,0.11377024639890415,1,2324,0.9240462623492098,0.0009013561196226036,0.0667172914357718,0.008335090095395792,1,0.42433750130131376,-0.20388364562802858,-0.11501869936977689,-0.10543515630350836,0.4846237274112083,1,1.2285941610651807,0.29983882306175985,-0.9287553380034208
tm537602,joao mario lopes_2000,2223,0.553783516217443,0.028600727152877294,0.33294917008330727,0.08466658654637244,1,2324,0.17814096035513569,0.004254702429707796,0.8118516860179187,0.005752651197237765,3,-0.3756425558623073,-0.024346024723169497,0.4789025159346114,-0.07891393534913467,0.609136830657192,3,1.004142695836668,0.5294479154346766,-0.4746947804019913
tm539154,leandro sanca_2000,2223,0.032961998581631936,0.8522319124912616,0.0066003991400722,0.10820568978703442,2,2324,0.20548771273065236,0.6227597672216968,0.08884597290356762,0.08290654714408327,2,0.17252571414902043,-0.22947214526956483,0.08224557376349542,-0.025299142642951147,0.29864179530154905,2,0.5225059300387408,1.0416165468475556,0.5191106168088148
tm539183,anderson jesus_1995,2223,0.013801907943542841,0.004190667716053376,0.9721469483540038,0.00986047598640016,3,2324,3.9121757665516834e-05,6.573583145002881e-07,0.9999578360813646,2.3848026554812727e-06,3,-0.013762786185877325,-0.004190010357738876,0.027810887727360734,-0.009858091183744679,0.0313115944432729,3,0.15506554581593107,0.0004794352822350652,-0.154586110533696
tm539252,costinha_2000,2223,0.8793743995194401,0.04642578913462834,0.03779518263546494,0.03640462871046668,1,2324,0.8955372385876984,0.012636095560482041,0.05368917615395457,0.03813748969786506,1,0.016162839068258328,-0.033789693574146296,0.01589399351848963,0.001732860987398381,0.0406890622716586,2,0.499972909539825,0.43563547068026653,-0.06433743885955845
tm544784,zaidu sanusi_1997,2223,0.03646483229224971,0.012324664456508358,0.9391693984678939,0.012041104783347927,3,2324,0.024055524883374403,0.030382630031362587,0.020929374499208796,0.9246324705860542,4,-0.01240930740887531,0.01805796557485423,-0.9182400239686851,0.9125913658027063,0.9185014004611435,3,0.28708753703011614,0.3491965110087444,0.062108973978628246
tm54716,steven vitoria_1987,2223,0.0072627603227955,0.0013557637317440719,0.9895251747369606,0.0018563012084999563,3,2324,0.00542139262412482,0.0005796246717516409,0.9933771568450835,0.0006218258590399074,3,-0.0018413676986706795,-0.000776139059992431,0.0038519821081229866,-0.001234475349460049,0.004339446163216372,3,0.0668160620991988,0.043797316521940355,-0.023018745577258443
tm54781,nicolas otamendi_1988,2223,0.0015544698924067604,5.8244500968937103e-05,0.9981389436710563,0.0002483419355680244,3,2324,0.014967699506853773,0.00032708221171749165,0.9832128982781991,0.0014923200032295118,3,0.013413229614447013,0.00026883771074855454,-0.014926045392857135,0.0012439780676614875,0.020069226030772352,3,0.014540837587728873,0.09187368304498644,0.07733284545725758
tm549006,goncalo inacio_2001,2223,0.005086667851523583,0.00020209434193534987,0.9936237806048986,0.0010874572016426603,3,2324,0.0007968190877326167,1.0801554816875445e-05,0.9991487063530278,4.3673004422929335e-05,3,-0.004289848763790966,-0.00019129278711847443,0.005524925748129128,-0.0010437841972197309,0.006997442380537524,3,0.042359098682232275,0.007098090416581413,-0.03526100826565086
tm550179,joao carlos_1995,2223,0.03142134863321801,0.8003778559702844,0.012942376092337015,0.1552584193041607,2,2324,0.014498484880729733,0.10746508970165901,0.00934604886687687,0.8686903765507343,4,-0.016922863752488276,-0.6929127662686254,-0.003596327225460145,0.7134319572465736,0.6931287171551447,2,0.6324055334697778,0.4670493556829011,-0.16535617778687667
tm550631,masaki watai_1999,2223,0.30552656745244555,0.5016522034121162,0.04457842932533893,0.1482427998100992,2,2324,0.46601098550706155,0.010411608720056423,0.49782909320472607,0.025748312568156025,3,0.160484418054616,-0.49124059469205983,0.4532506638793871,-0.12249448724194317,0.687392707714333,2,1.1299750767330319,0.8448061600034036,-0.2851689167296283
tm553062,vitor carvalho_1997,2223,0.9307718909871917,0.007866907663535812,0.055050902977381716,0.006310298371890801,1,2324,0.978198247084905,0.00041063459835581926,0.0196789629406754,0.0017121553760639232,1,0.047426356097713285,-0.007456273065179994,-0.035371940036706316,-0.004598142995826878,0.059632452596635514,1,0.2964756286614259,0.11297383364513944,-0.18350179501628647
tm560903,patrick_1997,2223,0.027856428263334156,0.0016423824739123384,0.9670988487056151,0.0034023405571383296,3,2324,0.019167377092117667,0.0006043737399759557,0.9779100137472014,0.0023182354207049653,3,-0.008689051171216489,-0.0010380087339363826,0.010811165041586301,-0.0010841051364333643,0.013908931013710744,3,0.16196595483312617,0.11618627359965272,-0.04577968123347345
tm565232,andre silva_1997,2223,0.007261709501754762,0.975078703423382,0.003259616818214699,0.014399970256648766,2,2324,0.0010283956442788016,0.9894778583992399,0.0017689737461622224,0.007724772210319118,2,-0.00623331385747596,0.014399154975857864,-0.0014906430720524767,-0.006675198046329648,0.015761087603107602,2,0.14010161884658964,0.0663203768725443,-0.07378124197404534
tm567497,filipe relvas_1999,2223,0.0010184517756495503,8.382763400335975e-05,0.9985516791530236,0.00034604143732351887,3,2324,0.03530534641819719,0.0019531010350303435,0.9545385116845686,0.008203040862203982,3,0.03428689464254764,0.0018692734010269838,-0.04401316746845496,0.007856999424880462,0.055823330587517,3,0.012008322657876186,0.21404867415450077,0.20204035149662458
tm567587,habib sylla_1999,2223,0.017586116126421806,0.0018777410224816368,0.9777534899209741,0.002782652930122301,3,2324,0.24761867111693034,0.0022455226464089735,0.7357575443599975,0.014378261876663195,3,0.23003255499050854,0.00036778162392733663,-0.2419959455609766,0.011595608946540895,0.33388193914426606,3,0.12121843593872565,0.6461010957107199,0.5248826597719943
tm57723,ivan marcano_1987,2223,0.015371616703457016,0.009433871532255955,0.9639417382281978,0.011252773536089342,3,2324,0.10982227266283066,0.34624630595151945,0.27556972857678647,0.26836169280886346,2,0.09445065595937364,0.3368124344192635,-0.6883720096514114,0.25710891927277413,0.7721525536201441,3,0.1940674326468448,1.3180101313235137,1.123942698676669
tm581121,tiago esgaio_1995,2223,0.008207683039220603,0.0003444173585694813,0.9906169376811835,0.0008309619210264726,3,2324,0.03721467161150342,0.001371129233664462,0.9570155540728772,0.0043986450819550734,3,0.02900698857228282,0.0010267118750949807,-0.033601383608306334,0.0035676831609286006,0.04440171735079134,3,0.05739803362362824,0.1974302278377414,0.14003219421411314
tm58267,andre castro_1988,2223,0.8822845147217498,0.029472164879693476,0.04973994240058665,0.03850337799797,1,2324,0.8973521377502942,0.020895934200774683,0.04270025789311011,0.03905167015582113,1,0.015067623028544364,-0.008576230678918793,-0.007039684507476537,0.0005482921578511338,0.018712085783074893,1,0.48903973443036586,0.4393160012708326,-0.04972373315953327
tm585264,pedrao_1997,2223,0.0014226706421529643,0.00017523358900159387,0.9981897431057029,0.00021235266314258806,3,2324,0.03241530619254486,0.0012162528025479043,0.9631231426622995,0.0032452983426077085,3,0.030992635550391896,0.0010410192135463104,-0.03506660044340337,0.0030329456794651205,0.04681125554842217,3,0.014446121553653588,0.1741053158207146,0.159659194267061
tm588114,rodrigo martins_1998,2223,0.0018807192371035574,0.9932627708551601,0.0003759700956931116,0.004480539812043114,2,2324,0.7928979046912764,0.03890882591506298,0.07305871114710182,0.0951345582465588,1,0.7910171854541729,-0.9543539449400972,0.0726827410514087,0.09065401843451568,1.2416853147047016,2,0.04571377923010063,0.7252774166678293,0.6795636374377286
tm58965,ruben lima_1989,2223,0.09677573167632836,0.0164533724044754,0.8381208669663893,0.048650028952807026,3,2324,0.19264884458085008,0.0008831909799132565,0.8023774174538026,0.004090546985434077,3,0.09587311290452172,-0.015570181424562141,-0.03574344951258668,-0.04455948196737295,0.10349723914508918,1,0.5886640614744644,0.5226399273323983,-0.0660241341420661
tm59084,fernando varela_1987,2223,0.0003033578187437697,4.2335168680746014e-05,0.9995726627310136,8.164428156188182e-05,3,2324,0.0009332158187323815,2.7822825696286865e-05,0.9988717441800926,0.00016721717547884038,3,0.0006298579999886118,-1.4512342984459149e-05,-0.0007009185509210258,8.557289391695856e-05,0.0009424534594736142,3,0.004079465090712799,0.00938455702103279,0.005305091930319991
tm594069,yuki soma_1997,2223,0.05547414066536793,0.8673980462201052,0.008456464608764834,0.06867134850576194,2,2324,0.14732890641901178,0.7965263138149828,0.020563168185741085,0.035581611580264225,2,0.09185476575364385,-0.07087173240512235,0.012106703576976251,-0.033089736925497715,0.11664764342780706,1,0.508108101095826,0.6619238226929435,0.15381572159711743
tm595012,ibrahima camara_1999,2223,0.9961535903580553,0.001236635526612392,0.0021893363575825396,0.0004204377577499697,1,2324,0.1377470986841785,0.0008306803585752793,0.8584617956758878,0.00296042528135845,3,-0.8584064916738767,-0.0004059551680371127,0.8562724593183052,0.0025399875236084804,1.2124621207833548,1,0.02879513614441569,0.42720261718131813,0.39840748103690243
tm596067,felippe cardoso_1998,2223,0.010659457638165002,0.5965818204139265,0.009340797003314971,0.38341792494459354,2,2324,0.005022099836582833,0.9582402044311559,0.003035412367550572,0.03370228336471071,2,-0.0056373578015821695,0.3616583840172294,-0.006305384635764399,-0.34971564157988283,0.36175727277878156,2,0.7677743332220252,0.19931664563038703,-0.5684576875916381
tm596884,adrian butzke_1999,2223,0.023216308684207224,0.8880578231312825,0.01083658810186251,0.07788928008264756,2,2324,0.22868572956760214,0.3568180790822773,0.23058161794260354,0.18391457340751716,2,0.20546942088339493,-0.5312397440490051,0.21974502984074104,0.1060252933248696,0.610508989872482,2,0.4406329782436046,1.35483337985478,0.9142004016111754
tm607093,savio_1995,2223,0.2970850241695212,0.012636819994083327,0.5815862611018277,0.10869189473456788,3,2324,0.2542368037623655,0.0065421696072356685,0.6208013517318579,0.11841967489854095,3,-0.04284822040715569,-0.006094650386847658,0.03921509063003026,0.009727780163973077,0.05840323696953434,1,0.9722509751879339,0.9296924908463803,-0.042558484341553626
tm610238,pedro ortiz_2000,2223,0.3786470886477377,0.013603961639354463,0.550813635030881,0.05693531468202693,3,2324,0.9377170394701417,0.0004797116118443152,0.05812957209317882,0.00367367682483537,1,0.559069950822404,-0.013124250027510147,-0.49268406293770217,-0.05326163785719156,0.7452979549979669,1,0.91783496888519,0.24994794353743857,-0.6678870253477515
tm610335,ivan jaime pajuelo_2000,2223,0.0383644726349954,0.8546908575959883,0.005540272093116431,0.10140439767590002,2,2324,0.37775574438576637,0.143952085691239,0.07320877987354371,0.40508339004945093,4,0.339391271750771,-0.7107387719047493,0.06766850778042728,0.3036789923735509,0.7905156950842321,2,0.5201554617767193,1.204225293133046,0.6840698313563266
tm617679,ze carlos_1998,2223,0.16106005504986853,0.01714070363577216,0.7227608546443736,0.09903838666998578,3,2324,0.12906656789545337,0.004297495057844083,0.8545701721307608,0.012065764915941747,3,-0.03199348715441516,-0.012843208577928079,0.13180931748638725,-0.08697262175404404,0.13624326553302782,3,0.8274563706904844,0.47527503078457856,-0.35218133990590583
tm631472,bruno langa_1997,2223,0.019857671459494786,0.0023252126918867416,0.9749255581673563,0.0028915576812622574,3,2324,0.8929042176244335,0.0008176059090792441,0.10095489388690246,0.005323282579584777,1,0.8730465461649387,-0.0015076067828074975,-0.8739706642804538,0.00243172489832252,1.2353288091320294,3,0.1335867949027948,0.36632577207096223,0.23273897716816744
tm635807,marlon_1997,2223,0.22784744940447002,0.3591056645631335,0.0539023526391652,0.35914453339323127,4,2324,0.9441690641714352,0.006316359661163319,0.04495367852685817,0.004560897640543343,1,0.7163216147669652,-0.35278930490197014,-0.008948674112307028,-0.3545836357526879,0.7985342999545705,1,1.2299794465414002,0.2502685984801187,-0.9797108480612815
tm63837,andre andre_1989,2223,0.7448186028354503,0.06893298449169467,0.13071869695900926,0.05552971571384581,1,2324,0.24122722604636324,0.0211283476445219,0.11184837490334257,0.6257960514057722,4,-0.503591376789087,-0.047804636847172774,-0.01887032205566669,0.5702663356919264,0.5062071188109694,1,0.8303056737312271,0.9628700998084763,0.13256442607724916
tm641153,ne lopes_2000,2223,0.01278341394904733,0.001530243737527849,0.978253100363174,0.007433241950250704,3,2324,0.005149733557451801,7.549722521706388e-05,0.9942313996733353,0.0005433695439957509,3,-0.00763368039159553,-0.0014547465123107852,0.01597829931016126,-0.006889872406254953,0.0177678195786993,3,0.12359511727052266,0.0376863751385669,-0.08590874213195576
tm642721,matias lacava_2002,2223,0.03817568792691006,0.9164918813223686,0.003821216230409339,0.041511214520312034,2,2324,0.7744320796737203,0.07494336315891345,0.06996982049821393,0.08065473666915221,1,0.7362563917468102,-0.8415485181634551,0.0661486042678046,0.039143522148840176,1.1201129499553688,2,0.35793831120626446,0.7812970859728825,0.42335877476661804
tm64339,pizzi_1989,2223,0.6618786422653216,0.23775783000590375,0.02298945016724917,0.07737407756152541,1,2324,0.4878271171767293,0.298798272556937,0.08348568701972545,0.12988892324660833,1,-0.17405152508859228,0.06104044255103322,0.06049623685247628,0.052514845685082925,0.19411250265194605,1,0.899420261452143,1.1835185505529529,0.2840982891008098
tm645588,tomas handel_2000,2223,0.8454783877791562,0.04109548405700194,0.0705383826750622,0.04288774548877974,1,2324,1.0,1.5154125533728616e-41,3.5079923402107816e-40,2.1110801434301203e-41,1,0.15452161222084382,-0.04109548405700194,-0.0705383826750622,-0.04288774548877974,0.174761067986041,1,0.5951869361960589,8.289306334778563e-11,-0.5951869361131659
tm646677,riccieli_1998,2223,0.00017322651376218182,1.5012413132700375e-05,0.9997688234709494,4.2937602155570685e-05,3,2324,0.000593268621348309,2.6745134495975323e-05,0.9993406255940014,3.936065015447533e-05,3,0.0004200421075861272,1.1732721363274948e-05,-0.00042819787694803324,-3.5769520010953544e-06,0.0005999387058015068,3,0.0023299568359284872,0.005747890456002585,0.0034179336200740977
tm650568,antonio silva_2003,2223,0.0023183360921534774,0.0005452273210393694,0.9964518772878129,0.0006845592989943334,3,2324,0.00815204250302875,0.00019586658833515154,0.9906183804902007,0.001033710418435403,3,0.005833706410875273,-0.00034936073270421783,-0.005833496797612248,0.0003491511194410697,0.008257352378189708,1,0.02669215505828866,0.057323284647550904,0.030631129589262243
tm655899,serdar saatci_2003,2223,0.010732405431018438,0.0013715577193354697,0.9649108788217335,0.022985158027912574,3,2324,0.001980778564041456,6.724287014482297e-05,0.9976395929269803,0.00031238563883333474,3,-0.008751626866976982,-0.0013043148491906466,0.0327287141052468,-0.02267277238907924,0.033903700934080835,3,0.1788940265790377,0.017853875563381555,-0.16104015101565614
tm657387,fabiano souza_2000,2223,0.12206408101446242,0.00799876632752298,0.798066076212486,0.07187107644552868,3,2324,0.23081728174400948,0.0041100403834412515,0.7557372527128757,0.009335425159673547,3,0.10875320072954706,-0.0038887259440817286,-0.04232882349961031,-0.06253565128585513,0.11676519240445969,1,0.6645909760830229,0.616275892827271,-0.048315083255751845
tm658737,mor ndiaye_2000,2223,0.9717258540951577,0.000918341682072358,0.026528723624671197,0.0008270805980986844,1,2324,0.7235214657401152,0.005875058546878271,0.24503375271262784,0.02556972300037859,1,-0.24820438835504244,0.0049567168648059125,0.21850502908795663,0.024742642402279903,0.33071805995062825,1,0.1364495388935216,0.7026830467797085,0.5662335078861869
tm663244,jota silva_1999,2223,0.13891683689022907,0.7842226876197717,0.007690843252758483,0.06916963223724085,2,2324,0.005141907864269166,0.9508001714157981,0.0021099629779386254,0.041947957741994016,2,-0.13377492902595992,0.16657748379602644,-0.005580880274819858,-0.02722167449524683,0.213716952926898,2,0.687022449470383,0.22109901199120274,-0.4659234374791803
tm666539,beni_2002,2223,0.8060333894109457,0.0027709242991745104,0.17535949093247188,0.015836195357407903,1,2324,0.9179745885734958,0.0018552532212181962,0.07075869987211897,0.009411458333167061,1,0.11194119916255008,-0.0009156710779563142,-0.10460079106035292,-0.006424737024240842,0.15320899455947198,1,0.5610564819699999,0.32154965378391026,-0.23950682818608965
tm667121,rodrigo gomes_2003,2223,0.08427413954311888,0.8666870474266084,0.014435826094697705,0.034602986935575196,2,2324,0.3914466035435321,0.44028061548215924,0.0992152399728182,0.06905754100149053,2,0.3071724640004132,-0.42640643194444916,0.08477941387812049,0.034454554065915334,0.5323203141541745,2,0.5100482360702198,1.1421325496125605,0.6320843135423407
tm669956,leonardo lelo_2000,2223,0.9060442683256607,0.007343939514020329,0.06952989460696618,0.0170818975533528,1,2324,0.3621709629475964,0.0006151423313338162,0.6337537072716501,0.0034601874494195875,3,-0.5438733053780642,-0.0067287971826865125,0.5642238126646839,-0.013621710103933211,0.7837040001124527,3,0.38036941533483143,0.6810418078371628,0.3006723925023314
tm670681,joao neves_2004,2223,0.33612342335794904,0.24077058188996828,0.09774212867679444,0.3253638660752882,1,2324,0.9497195451922644,0.0062511292646965835,0.02811530124228021,0.015914024300758823,1,0.6135961218343153,-0.23451945262527168,-0.06962682743451423,-0.3094498417745294,0.6605660220510624,1,1.3019173342286288,0.24702412983368977,-1.054893204394939
tm670717,dario essugo_2005,2223,0.26088433741115713,0.011452660093778488,0.43638317511205926,0.29127982738300523,3,2324,0.8439578069936329,0.0016631534256074426,0.1268270838571698,0.027551955723589948,1,0.5830734695824757,-0.009789506668171046,-0.3095560912548895,-0.2637278716594153,0.660223809783287,1,1.1228818217541052,0.5146693622611188,-0.6082124594929864
tm671649,alvaro djalo_1999,2223,0.052552819947765284,0.11558510416256398,0.008282072748632614,0.8235800031410382,4,2324,0.10985997940236072,0.46694437777607295,0.018391076049615342,0.404804566771951,2,0.05730715945459544,0.35135927361350894,0.010109003300982728,-0.4187754363690872,0.35614553433492097,2,0.6037746961530248,1.0378044044892443,0.43402970833621946
tm673492,morato_2001,2223,0.06484759178214494,0.031051982759781334,0.8305197214482299,0.07358070400984373,3,2324,0.004277520913558419,0.00012790969596017612,0.994867706778265,0.0007268626122164883,3,-0.060570070868586526,-0.030924073063821157,0.16434798533003503,-0.07285384139762724,0.17786312732526535,3,0.6314498902635356,0.034849809518030704,-0.5966000807455049
tm685807,luis santos_2000,2223,0.2931418567893414,0.24585626622470277,0.18635539322190672,0.27464648376404904,1,2324,0.4544961705050938,0.015285586749401696,0.4585908216923078,0.0716274210531966,3,0.16135431371575237,-0.23057067947530108,0.27223542847040105,-0.20301906271085246,0.3915484405572908,3,1.372665526430296,0.9686525378920163,-0.4040129885382797
tm690273,bernardo vital_2000,2223,0.003248905171531603,0.0003729963587547638,0.9955193051475631,0.0008587933221504388,3,2324,0.0017674814201516947,4.01475553660784e-05,0.9981059214066906,8.644961779143511e-05,3,-0.0014814237513799083,-0.0003328488033886854,0.0025866162591274833,-0.0007723437043590036,0.002999331313651837,3,0.03209251690438711,0.014310163701372018,-0.01778235320301509
tm701325,bruno onyemaechi_1999,2223,0.7741530498327011,0.0016946700326464141,0.2210483275183508,0.003103952616301731,1,2324,0.43818229517276647,0.0024189909707102225,0.5484470959047526,0.010951617951770758,3,-0.3359707546599346,0.0007243209380638084,0.3273987683864018,0.007847665335469028,0.4691128075085139,1,0.5605547003815825,0.7549972843375449,0.19444258395596237
tm701979,geny catamo_2001,2223,0.06537047379471168,0.703597194286637,0.013481305157187361,0.2175510267614641,2,2324,0.7910728449680495,0.11189884105043824,0.05975119842680682,0.03727711555470557,1,0.7257023711733378,-0.5916983532361988,0.04626989326961946,-0.1802739112067585,0.937492280380066,1,0.8155510223794304,0.7214477156712776,-0.09410330670815281
tm70359,david simao_1990,2223,0.995414936903927,0.0004020856323119327,0.0036229925363799446,0.0005599849273811435,1,2324,0.955443432419973,0.0010543024678912568,0.03632455340434281,0.007177711707792864,1,-0.039971504483954035,0.0006522168355793241,0.032701560867962866,0.0066177267804117205,0.05164822011175652,1,0.03227419080021737,0.20663608954228785,0.17436189874207048
tm711337,evanilson_1999,2223,0.013995888535586143,0.800617459889664,0.006505754352165516,0.17888089722258452,2,2324,0.0014349593148420198,0.9782209582388481,0.0011206410992949045,0.019223441347014935,2,-0.012560929220744123,0.1776034983491841,-0.005385113252870612,-0.1596574558755696,0.1781285463183917,2,0.5784004716490755,0.114511570069533,-0.4638889015795425
tm71830,bruno wilson_1996,2223,0.0037897912216472303,0.0005091448100251848,0.9938365783287781,0.001864485639549543,3,2324,0.005345265529906116,0.00016998687403675645,0.9941619490832565,0.00032279851280049007,3,0.0015554743082588853,-0.0003391579359884284,0.00032537075447836017,-0.001541687126749053,0.0016249290929351982,1,0.04285275432367112,0.03785522872152498,-0.004997525602146134
tm729140,miguel maga_2002,2223,0.5465396135109589,0.002311743815491574,0.4361064478570494,0.015042194816500066,1,2324,0.7564669762093149,0.0030331489979536007,0.21690257236630664,0.023597302426424813,1,0.209927362698356,0.0007214051824620269,-0.21920387549074274,0.008555107609924747,0.3035133556617986,3,0.7692645097884099,0.6486177877379551,-0.12064672205045479
tm733579,clayton_1999,2223,0.008167733800742184,0.3371866623852195,0.007262675860657025,0.6473829279533813,4,2324,0.005795117112095062,0.8985286845214814,0.0036480618415786533,0.0920281365248448,2,-0.002372616688647122,0.5613420221362619,-0.003614614019078372,-0.5553547914285365,0.5613586737198293,2,0.7230908272059038,0.3660152367391759,-0.3570755904667279
tm739438,matheus pereira_2000,2223,0.1778849944354903,0.056646819004991036,0.3152406852368785,0.45022750132264017,4,2324,0.8664851277349894,0.0120723045734935,0.10091687366777173,0.020525694023745305,1,0.6886001332994991,-0.044574514431497535,-0.21432381156910674,-0.42970180729889484,0.7225591512965577,1,1.1929702498519825,0.48871079532935335,-0.7042594545226292
tm742095,gabriel pereira_2000,2223,0.0026169007014137393,0.0002680869385571666,0.9959599976628268,0.0011550146972024347,3,2324,0.017796786459469364,0.0010941466186928715,0.980015398928287,0.0010936679935506343,3,0.015179885758055624,0.0008260596801357049,-0.015944598734539794,-6.134670365180034e-05,0.022030468334292258,3,0.029608212621061576,0.10639866242744715,0.07679044980638558
tm800177,rildo_2000,2223,0.02553675673163934,0.8645664494485567,0.00514408009917723,0.10475271372062668,2,2324,0.156050813904174,0.39380719791022717,0.09724283086174024,0.35289915732385857,2,0.13051405717253467,-0.4707592515383295,0.092098750762563,0.2481464436032319,0.49712208955204207,2,0.48292436024518365,1.2510612803892465,0.7681369201440629
tm818252,pedro malheiro_2001,2223,0.4965103381222522,0.0024122065332050843,0.4878763369977855,0.01320111834675718,1,2324,0.8886866735700722,0.0019345116963198118,0.10464601975987273,0.004732794973735204,1,0.39217633544782005,-0.00047769483688527253,-0.3832303172379128,-0.008468323373021976,0.5483320000947506,1,0.7694438936566097,0.3785008785825441,-0.3909430150740656
tm818495,otavio ataide_2002,2223,0.0007469477296261346,2.73446857319799e-05,0.9991312333041439,9.447428049791e-05,3,2324,0.0087351810116808,0.00016898599513330207,0.9907915510666683,0.00030428192651756086,3,0.007988233282054665,0.00014164130940132216,-0.00833968223747561,0.00020980764601965087,0.01154912260958039,3,0.007408871586654635,0.05450584358093149,0.04709697199427686
tm891971,joao marques_2002,2223,0.29549403499668414,0.38453518409835374,0.05942022028166583,0.26055056062329635,2,2324,0.1460558744055928,0.7974928897753302,0.019426447920040436,0.03702478789903658,2,-0.14943816059109133,0.4129577056769764,-0.03999377236162539,-0.22352577272425977,0.4409822358628005,2,1.2459268033451478,0.6600377701849676,-0.5858890331601803
tm908936,ze carlos_2001,2223,0.6966192308121157,0.01639749609296768,0.18919911993421198,0.09778415316070453,1,2324,0.9582629931547518,0.0006324573225978541,0.03353397344815405,0.007570576074496426,1,0.2616437623426361,-0.015765038770369826,-0.15566514648605795,-0.0902135770862081,0.30485674119291994,1,0.8615987208003134,0.19633748018278588,-0.6652612406175276
tm924885,martim tavares_2003,2223,0.018108464403530967,0.24787509688546802,0.019124570397794312,0.7148918683132067,4,2324,0.009927595559013423,0.9678933481196915,0.004508524393942317,0.017670531927352805,2,-0.008180868844517544,0.7200182512342235,-0.014616046003851996,-0.6972213363858539,0.7202130500943642,2,0.7339901504500375,0.17304585479865198,-0.5609442956513855
tm974982,ousmane diomande_2003,2223,0.005770750844245281,0.0004939769846882203,0.9929939072357664,0.0007413649353001467,3,2324,0.0013407942885814603,3.456117972326443e-05,0.998570544116048,5.410041564717331e-05,3,-0.004429956555663821,-0.0004594158049649559,0.005576636880281538,-0.0006872645196529734,0.007136838015636663,3,0.0458331299848922,0.011183666316437782,-0.03464946366845442
tm982575,gustavo sa_2004,2223,0.41305423480518116,0.14477871404656073,0.09331562053303656,0.3488514306152214,1,2324,0.8787736600966565,0.02744758328923176,0.041175287673991805,0.05260346894011983,1,0.4657194252914753,-0.11733113075732897,-0.052140332859044757,-0.2962479616751016,0.4830939780718318,1,1.2337063413616036,0.49851080115205937,-0.7351955402095443
andre inacio_2002,andre inacio_2002,2324,0.06912024159008012,0.7756532915656158,0.026453831808607366,0.1287726350356967,2,2425,0.015634985409475166,0.9753783029084935,0.0014482432806339912,0.007538468401397524,2,-0.053485256180604956,0.19972501134287768,-0.025005588527973376,-0.12123416663429917,0.2082691341563792,2,0.7417732020409433,0.13564394867648932,-0.606129253364454
bachir belloumi_2002,bachir belloumi_2002,2324,0.04603954416488561,0.9264371103298257,0.01163273242547309,0.015890613079815742,2,2425,0.18575793656405418,0.22360243818371536,0.06852143549811561,0.522118189754115,4,0.13971839239916856,-0.7028346721461103,0.056888703072642516,0.5062275766742992,0.7188422150114904,2,0.33014042519231085,1.1706027918539368,0.840462366661626
carlos ponck_1995,carlos ponck_1995,2324,0.0008065669129857693,1.7219111737391697e-05,0.9990781963894685,9.801758580845503e-05,3,2425,0.015056285854905503,0.002352369727834469,0.9694823481109165,0.013108996306343474,3,0.014249718941919735,0.0023351506160970772,-0.029595848278551995,0.01301097872053502,0.032930558052523706,3,0.007759954729127634,0.1642804441149503,0.15652048938582266
danny loader_2000,danny loader_2000,2324,0.020385348275123314,0.3616061048163751,0.01043904634112544,0.6075695005673761,4,2425,0.0267594370274662,0.9639464741393244,0.001180260460718249,0.008113828372490974,2,0.006374088752342886,0.6023403693229493,-0.009258785880407192,-0.5994556721948852,0.6024452461755416,2,0.7975546191786742,0.1793068486760104,-0.6182477705026638
fabio conceicao_2001,fabio conceicao_2001,2324,0.8652024110700615,0.011404610384881698,0.1159595469733553,0.007433431571701508,1,2425,0.6714478210010842,0.25252607745535877,0.044472937640575354,0.03155316390298164,1,-0.19375459006897722,0.24112146707047707,-0.07148660933277995,0.024119732331280133,0.31747557129472825,2,0.46256885527111047,0.862476058791875,0.3999072035207646
larra_1997,larra_1997,2324,0.7483690605497624,0.0014562479367132787,0.2438368612140816,0.006337830299442841,1,2425,0.6920221663020598,0.27206903072285465,0.02583813920529954,0.010070663769785913,1,-0.05634689424770256,0.27061278278614137,-0.21799872200878206,0.0037328334703430714,0.3520364945514646,2,0.6026269311802686,0.7496792294187671,0.14705229823849852
luismi_2001,luismi_2001,2324,0.5981301609844701,0.1161766094698377,0.24906658025363884,0.03662664929205346,1,2425,0.058750911654541785,0.3839635977612592,0.02428808997334401,0.532997400610855,4,-0.5393792493299283,0.2677869882914215,-0.22477849028029484,0.49637075131880154,0.6427792898021805,1,1.0248288247320396,0.9597394067516924,-0.06508941798034718
manuel manu_2001,manuel manu_2001,2324,0.04303105267954058,0.0008910666834394084,0.9534456623514863,0.0026322182855336336,3,2425,0.7772137729434379,0.0433731092702278,0.07155220106137311,0.10786091672496113,1,0.7341827202638973,0.04248204258678839,-0.8818934612901133,0.1052286984394275,1.1482878853940321,3,0.20271521324131722,0.7608934611757131,0.5581782479343959
tidjany chabrol_2002,tidjany chabrol_2002,2324,0.07278275486679488,0.8378642273986802,0.01945097379293029,0.06990204394159465,2,2425,0.14067033583023242,0.7861909575601004,0.011460872225083437,0.06167783438458386,2,0.06788758096343754,-0.05167326983857978,-0.007990101567846854,-0.008224209557010788,0.08568951037287163,1,0.6015481209954955,0.688064966227138,0.08651684523164249
tm1070645,fabricio garcia_2001,2324,0.043435213957764486,0.38496396745079464,0.017088361669752358,0.5545124569216885,4,2425,0.7716412125982303,0.12139388817841253,0.04058101220277576,0.06638388702058136,1,0.7282059986404658,-0.26357007927238213,0.023492650533023404,-0.48812856990110715,0.7747935646174886,1,0.9002384255795246,0.7661150503627874,-0.13412337521673723
tm1072017,wagner pina_2002,2324,0.9586336890220093,0.0024465536222691405,0.029513780079481588,0.009405977276239827,1,2425,0.537252392747695,0.23881635560367548,0.1875593655564433,0.036371886092186126,1,-0.4213812962743143,0.23636980198140634,0.15804558547696174,0.0269659088159463,0.5083417032147828,1,0.20307617017321636,1.110233058967838,0.9071568887946216
tm131740,nermin zolotic_1993,2324,0.008276487732499057,0.0001931715042313027,0.9907592635321016,0.0007710772311680613,3,2425,0.0006183855706959649,9.01104110165639e-05,0.9989352135074554,0.0003562905108319589,3,-0.007658102161803092,-0.00010306109321473879,0.008175949975353758,-0.00041478672033610234,0.011202825907289415,3,0.05605703353450769,0.00930129213440039,-0.0467557414001073
tm134602,ze luis_1991,2324,0.0005952454777931755,0.9973966604823195,0.0003798767686508855,0.0016282172712362996,2,2425,0.03807198979775573,0.8928187784009967,0.01593513103384416,0.05317410076740341,2,0.037476744319962556,-0.10457788208132279,0.015555254265193273,0.05154588349616711,0.11217399752479945,2,0.020465935697640637,0.4476318742074549,0.42716593850981427
tm137313,jonathan buatu_1993,2324,0.1519218210139844,0.08433516831765182,0.5637653711921092,0.19997763947625447,3,2425,0.0010528062040818058,0.00035929062224111254,0.9978600883065809,0.0007278148670961759,3,-0.1508690148099026,-0.0839758776954107,0.4340947171144717,-0.1992498246091583,0.4671740907746473,3,1.1398145714481374,0.017464441615023616,-1.1223501298331138
tm139336,paulo oliveira_1992,2324,0.003431469324749813,0.00012945066696602354,0.9950794979868696,0.0013595820214145915,3,2425,0.0009449182418438104,0.000155187269211694,0.9987573954860661,0.00014249900287816603,3,-0.0024865510829060024,2.573660224567046e-05,0.0036778974991965585,-0.0012170830185364255,0.004439654116616796,3,0.034514061191148665,0.010445757034543923,-0.024068304156604742
tm139341,josue sa_1992,2324,0.00045714262038295996,9.333576603247769e-06,0.999473857672294,5.966613071982283e-05,3,2425,0.02025544763846983,0.005534683418354802,0.9694678592075404,0.004742009735634815,3,0.019798305018086867,0.005525349841751554,-0.030005998464753603,0.0046823436049149925,0.03637117425008084,3,0.004730123910412351,0.16318201697649903,0.15845189306608667
tm139395,ricardo esgaio_1993,2324,0.7772669494010872,0.013586766175054008,0.15590555822905217,0.05324072619480663,1,2425,0.00036398902042804115,4.2154670160177674e-05,0.9994325046279391,0.00016135168147290519,3,-0.7769029603806592,-0.01354461150489383,0.8435269463988869,-0.05307937451333373,1.1468650206759647,3,0.7001565817373147,0.005283123951851267,-0.6948734577854634
tm139396,bruma_1994,2324,0.0824117784545737,0.7953965497779508,0.04169061524348605,0.08050105652398935,2,2425,0.03775920154998783,0.3901367360926252,0.010228082351455652,0.5618759800059313,4,-0.04465257690458587,-0.4052598136853256,-0.031462532892030395,0.48137492348194194,0.40892451649230677,2,0.7230720734284006,0.8617166936591685,0.13864462023076785
tm154319,andre geraldes_1991,2324,0.0788538896543402,0.0007916998619367951,0.9169168454563474,0.0034375650273756326,3,2425,0.09205463237151429,0.020891084037771335,0.8807235105881428,0.006330773002571655,3,0.013200742717174085,0.02009938417583454,-0.03619333486820464,0.0028932079751960225,0.04345345028205252,3,0.3049884403510839,0.44431092243676784,0.13932248208568393
tm155395,salvador agra_1991,2324,0.7584317365198553,0.0743950700017493,0.11934010270844533,0.047833090769950126,1,2425,0.1488460183731109,0.7321013910291909,0.07648484751295426,0.042567743084744016,2,-0.6095857181467443,0.6577063210274416,-0.04285525519549108,-0.005265347685206111,0.8977799983213063,2,0.8021187909958387,0.8428126167879408,0.04069382579210212
tm159142,aderlan santos_1989,2324,0.01596643886836079,0.0004629719747837524,0.9815707894844812,0.0019997996723742804,3,2425,8.177601830740096e-05,8.783849595300818e-06,0.9998762041096377,3.32360224596965e-05,3,-0.01588466285005339,-0.00045418812518845163,0.018305414625156557,-0.001966563649914584,0.02424081280221074,3,0.10029854781097539,0.0013384179545510872,-0.0989601298564243
tm174694,rony lopes_1995,2324,0.05382600667053189,0.18251536212508196,0.018586199347791443,0.7450724318565947,4,2425,0.16220748815338076,0.7581223458678824,0.015535154265508352,0.06413501171322844,2,0.10838148148284887,0.5756069837428004,-0.0030510450822830906,-0.6809374201433662,0.5857296766751671,2,0.7610512876019646,0.7458301009878072,-0.01522118661415739
tm182108,sebastian perez_1993,2324,0.9420768757064191,0.0005934525264918696,0.052833771210090606,0.004495900556998464,1,2425,0.8391837845032434,0.01131351842551747,0.13256982539226295,0.016932871678976214,1,-0.10289309120317569,0.010720065899025601,0.07973605418217233,0.01243697112197775,0.13061296400727918,1,0.240283037029257,0.5347721445606903,0.2944891075314333
tm182710,joao teixeira_1994,2324,0.7692056734988841,0.11592070103270902,0.038807206473964094,0.07606641899444284,1,2425,0.6377469679149784,0.07569140780909543,0.06484232691803596,0.2217192973578903,1,-0.1314587055839057,-0.040229293223613585,0.026035120444071864,0.14565287836344748,0.13992003003003112,1,0.773677565955514,0.9936144541697272,0.2199368882142132
tm182936,filipe ferreira_1990,2324,0.004136805055438244,4.267933136898042e-05,0.995527582751652,0.0002929328615409466,3,2425,0.0008605242858422487,0.00022067250389958202,0.9985900678435607,0.000328735366697344,3,-0.003276280769595995,0.0001779931725306016,0.003062485091908762,3.580250515639743e-05,0.004488263827902216,1,0.029977095873629966,0.011976837993837953,-0.018000257879792012
tm190185,marcelo ferreira_1989,2324,0.001064141056840017,2.8425333191138853e-05,0.998836992842646,7.044076732279804e-05,3,2425,0.0008336662924727308,9.230452526687439e-05,0.9989382792076881,0.00013574997457207623,3,-0.0002304747643672863,6.387919207573554e-05,0.00010128636504203037,6.530920724927819e-05,0.0002597269642024722,1,0.009418029800152442,0.009037941803880808,-0.0003800879962716341
tm207561,maxime dominguez_1996,2324,0.8569272646020568,0.08468268159862996,0.021942877063524793,0.03644717673578836,1,2425,0.3177381555231531,0.20726177737813622,0.08640909812095407,0.38859096897775647,4,-0.5391891090789037,0.12257909577950626,0.06446622105742927,0.3521437922419681,0.5566923959682301,1,0.5458956260528767,1.269372257037462,0.7234766309845853
tm223367,fredrik aursnes_1995,2324,0.37044175515074046,0.0042703752724975305,0.6147899276357887,0.010497941940973445,3,2425,0.68799750363572,0.2511065228235718,0.0329673199229716,0.027928653617736637,1,0.3175557484849795,0.2468361475510743,-0.581822607712817,0.017430711676763192,0.707309892465427,3,0.7380843207222137,0.8167129959225572,0.07862867520034345
tm225151,rafael barbosa_1996,2324,0.2843569227304703,0.5295444720817084,0.06855061843161837,0.11754798675620297,2,2425,0.3682704959378783,0.4412110600356129,0.0769535812150356,0.11356486281147322,2,0.083913573207408,-0.08833341204609552,0.00840296278341722,-0.003983123944729744,0.1221265296144937,2,1.129625259311259,1.1732905954498942,0.04366533613863521
tm230457,bruno gaspar_1993,2324,0.9952624514804632,0.0004694692737875735,0.003810002997748824,0.00045807624800035677,1,2425,0.018001057183760803,0.007382771146966211,0.9675764132643504,0.007039758404922445,3,-0.9772613942967024,0.006913301873178637,0.9637664102666016,0.006581682156922088,1.3725645048899144,1,0.03306837959848164,0.17533769670384594,0.1422693171053643
tm236997,tiago silva_1993,2324,0.8909306639869486,0.01984647592926782,0.04146605650321338,0.047756803580570155,1,2425,0.6179873173039864,0.34327654466976676,0.01590226553596668,0.022833872490280294,1,-0.2729433466829623,0.32343006874049895,-0.025563790967246702,-0.02492293109028986,0.423979465626104,2,0.45792539479431327,0.8166240515456514,0.35869865675133816
tm238367,cassiano_1989,2324,0.0034851581826495863,0.9859376071708618,0.0018218343540210968,0.008755400292467538,2,2425,0.03354409863954147,0.9065287733899753,0.004728633930658629,0.055198494039824575,2,0.030058940456891885,-0.07940883378088648,0.002906799576637532,0.046443093747357035,0.0849573555827285,2,0.08666220056630214,0.388056360718803,0.30139416015250087
tm257707,joao graca_1995,2324,0.8985220480310511,0.002867541753235794,0.0707516183020265,0.027858791913686735,1,2425,0.8015571390067427,0.1493453156309029,0.01964927243554298,0.029448272926811243,1,-0.09696490902430832,0.1464777738776671,-0.051102345866483524,0.0015894810131245087,0.1829463898941629,2,0.40007562241461847,0.642307625929933,0.2422320035153145
tm261927,ricardo horta_1994,2324,0.07686492650559901,0.8644653989419582,0.015523610189685323,0.043146064362757565,2,2425,0.014052794697933385,0.9711569969873318,0.001758962146150225,0.013031246168584606,2,-0.06281213180766562,0.10669159804537365,-0.013764648043535098,-0.030114818194172957,0.12457096985839651,2,0.5233940693844608,0.1560752688717044,-0.36731880051275634
tm263860,jason_1994,2324,0.08400475713781422,0.8242317112234445,0.023827533178860404,0.06793599845988088,2,2425,0.007667582980984795,0.9797154705818328,0.000978988690433376,0.01163795774674906,2,-0.07633717415682942,0.15548375935838832,-0.022848544488427026,-0.056298040713131825,0.1747129633647914,2,0.6391309885004406,0.11603715607588724,-0.5230938324245533
tm27178,ruben fernandes_1986,2324,0.0037733872845348623,0.00017780098686410274,0.9953031002246381,0.0007457115039630482,3,2425,0.004570241105074925,0.001193089454273783,0.992202163813383,0.002034505627268393,3,0.0007968538205400631,0.0010152884674096802,-0.003100936411255084,0.0012887941233053447,0.00335880831694992,3,0.03264581192872572,0.053032466242323065,0.020386654313597347
tm276030,artur jorge_1994,2324,0.0009938351098948905,2.8106896591511783e-05,0.9988575209405594,0.00012053705295411538,3,2425,0.00031151147114469394,0.0001060979708457272,0.9994085536917823,0.000173836866227445,3,-0.0006823236387501965,7.799107425421541e-05,0.0005510327512229241,5.3299813273329614e-05,0.0008805028384854533,1,0.00939536038406791,0.005582330469585563,-0.0038130299144823465
tm288253,jerry st juste_1996,2324,0.009327123926661357,0.00016237519947647977,0.9892436724876176,0.0012668283862445773,3,2425,0.008787410368859808,0.0005685135913094514,0.9859868363669897,0.0046572396728410724,3,-0.0005397135578015487,0.00040613839183297157,-0.0032568361206278817,0.003390411286596495,0.0033261420045485055,3,0.06416911102250294,0.08477241966670114,0.020603308644198196
tm290391,nuno santos_1995,2324,0.28842045155589746,0.10456293555726462,0.10250729158025608,0.5045093213065819,4,2425,0.09899414949090302,0.13883812083315014,0.07396689769441422,0.6882008319815326,4,-0.18942630206499445,0.03427518527588552,-0.028540393885841855,0.1836915106749507,0.19460643957195714,1,1.1733660031340338,0.9528548215709876,-0.22051118156304628
tm291939,samu_1996,2324,0.9874866819442624,0.002903146223601185,0.006476357780303292,0.003133814051833241,1,2425,0.5240201156362151,0.41430668890860983,0.008291649050926931,0.05338154640424805,1,-0.4634665663080473,0.41140354268500867,0.001815291270623639,0.05024773235241481,0.6197236709224075,1,0.08010101478383927,0.8998620447862651,0.8197610300024258
tm291968,neto_1991,2324,0.9975907723683808,4.0132877555895845e-05,0.002258733263322513,0.00011036149074070218,1,2425,0.8956629145095674,0.004103483166962442,0.08989866767438197,0.010334934649088115,1,-0.10192785785881342,0.004063350289406546,0.08763993441105945,0.010224573158347414,0.1344862711462984,1,0.01758053847307718,0.38507256469938167,0.3674920262263045
tm29364,joao moutinho_1986,2324,0.9978215692377022,4.1801321238107345e-05,0.001967840701655465,0.00016878873940431535,1,2425,0.9149690405515102,0.018288765968003353,0.05315636407205527,0.013585829408431185,1,-0.08285252868619197,0.018246964646765246,0.05118852337039981,0.01341704066902687,0.09908460099005563,1,0.016325024241254593,0.3688807490412455,0.3525557247999909
tm295414,adrian marin_1997,2324,0.02420833498487375,0.000257483861837566,0.972185313022307,0.0033488681309816635,3,2425,0.011639110147234734,0.007859079827980313,0.9413901378013158,0.039111672223468966,3,-0.012569224837639016,0.007601595966142747,-0.03079517522099129,0.035762804092487305,0.03411909276553459,3,0.13871848035389817,0.27355094067603236,0.1348324603221342
tm306668,amine oudrhiri_1992,2324,0.9613142652403541,0.0005218161835348988,0.03614845530927316,0.0020154632668376257,1,2425,0.6054603166159822,0.012332567727308345,0.35724531205617377,0.02496180360053556,1,-0.3558539486243719,0.011810751543773446,0.3210968567469006,0.022946340333697933,0.4794525190426321,1,0.17439862901974942,0.8178509946045476,0.6434523655847981
tm308371,mikel villanueva_1993,2324,0.0007025244001700062,2.261098348156916e-05,0.9991682074248404,0.00010665719150809223,3,2425,0.002701946151042662,0.0005484129305303182,0.9960275084314862,0.0007221324869407903,3,0.001999421750872656,0.0005258019470487491,-0.0031406989933541185,0.0006154752954326981,0.0037600724982689506,3,0.007149703473406828,0.02928446483677708,0.022134761363370253
tm314944,ricardo mangas_1998,2324,0.9573036257448249,0.0031152401046843524,0.03446372988774204,0.005117404262748821,1,2425,0.04703853422653266,0.9284888032094393,0.008065141556854739,0.016407521007173517,2,-0.9102650915182922,0.9253735631047549,-0.026398588330887297,0.011290116744424695,1.2983049154939907,2,0.2028145342463175,0.3189886699939779,0.11617413574766039
tm325443,viktor gyokeres_1998,2324,0.005435380442744626,0.5839350488113121,0.005012312240972908,0.4056172585049704,2,2425,0.0038866707766721264,0.017682961745099545,0.0017847434659195114,0.9766456240123087,4,-0.0015487096660724993,-0.5662520870662126,-0.0032275687750533966,0.5710283655073383,0.5662634032044355,2,0.7350327953243431,0.1272995067694183,-0.6077332885549247
tm329722,andre horta_1996,2324,0.3939522191052152,0.4635156868577106,0.028376178230614002,0.11415591580646012,2,2425,0.1241546768168038,0.11124624922966456,0.04696985802720294,0.7176292159263288,4,-0.2697975422884114,-0.3522694376280461,0.018593679796588936,0.6034733001198687,0.4441060632777097,2,1.0722025922209033,0.8850691470736826,-0.18713344514722074
tm33829,jose fonte_1983,2324,0.0004965951417830777,2.8720086154594624e-05,0.9993810317489615,9.365302310066821e-05,3,2425,0.0001470397244489179,2.5152851899976454e-05,0.9997737060915667,5.410133208460795e-05,3,-0.00034955541733415983,-3.56723425461817e-06,0.0003926743426051482,-3.955169101606026e-05,0.0005257326832985289,3,0.005565810683674965,0.0023217746181281715,-0.0032440360655467933
tm344395,jorge fernandes_1997,2324,0.0008575427916169524,1.0806062643810477e-05,0.9990890046131113,4.26465326278016e-05,3,2425,0.0018178843157703023,0.0002284694541196583,0.9963801765000092,0.001573469730100868,3,0.0009603415241533499,0.00021766339147584783,-0.0027088281131021352,0.0015308231974730665,0.0028822531015395615,3,0.007518771999348855,0.027155691995655772,0.019636919996306918
tm344474,ilija vukotic_1999,2324,0.9681581285822561,0.001622139462297696,0.026889262057902683,0.003330469897543381,1,2425,0.9984997086750499,0.0012547264940385944,0.00017539290369143572,7.017192722002492e-05,1,0.030341580092793752,-0.0003674129682591017,-0.02671386915421125,-0.003260297970323356,0.04042743227073644,1,0.15798155930343216,0.012069835466720354,-0.1459117238367118
tm344519,bruno costa_1997,2324,0.7592252516746136,0.005026001241775386,0.17653666221994038,0.05921208486367058,1,2425,0.28606134074869993,0.635165637088737,0.020190645061409673,0.05858237710115342,2,-0.4731639109259137,0.6301396358469615,-0.15634601715853072,-0.0006297077625171607,0.8033704776436479,2,0.7092622447663942,0.8913138256597137,0.18205158089331952
tm357162,florentino luis_1999,2324,0.6464628775848167,0.0033152428402335715,0.2778979525009143,0.07232392707403552,1,2425,0.7627004494033611,0.020604009705955568,0.126080321599135,0.09061521929154838,1,0.11623757181854444,0.017288766865721998,-0.15181763090177933,0.018291292217512856,0.19198611307758034,3,0.8467548478637177,0.7652690680378402,-0.08148577982587746
tm364244,godfried frimpong_1999,2324,0.12411270912434182,0.04861828720306643,0.22281573079180098,0.6044532728807908,4,2425,0.015037175577765455,0.016400473805516624,0.9581472731684362,0.010415077448281632,3,-0.10907553354657636,-0.032217813397549804,0.7353315423766352,-0.5940381954325091,0.7440752224960799,3,1.0448173382286523,0.21903177707731067,-0.8257855611513416
tm366278,rodrigo pinho_1991,2324,0.002412399098227544,0.9753500507700179,0.0026360120875385798,0.019601538044216046,2,2425,0.10251511832928344,0.5725175846387006,0.021468343998445324,0.30349895303357055,2,0.10010271923105589,-0.4028324661313173,0.018832331910906743,0.2838974149893545,0.41551077831037436,2,0.13161352339740495,0.9971520171313317,0.8655384937339268
tm367468,nuno santos_1999,2324,0.2962621352224589,0.5467229721029659,0.03692262525312136,0.1200922674214538,2,2425,0.025002832669914484,0.9640219502335086,0.003176398317013963,0.007798818779562971,2,-0.27125930255254443,0.4172989781305426,-0.0337462269361074,-0.11229344864189084,0.49885754900824264,2,1.0668646399460282,0.1836769785081837,-0.8831876614378444
tm367652,rodrigo abascal_1994,2324,0.032696692688961616,0.0006259182000594667,0.9646584304269095,0.002018958684069429,3,2425,0.0002765006963942888,3.9230657328539834e-05,0.9996119769285314,7.229171774586862e-05,3,-0.03242019199256733,-0.0005866875427309268,0.03495354650162197,-0.0019466669663235606,0.0476777040570199,3,0.16369293727005116,0.0037407236002186296,-0.15995221366983253
tm373187,maracas_1994,2324,0.07911785763262043,0.004914570496599776,0.8986421650799341,0.017325406790845547,3,2425,0.004623618347039463,0.001096117208261982,0.9931870042131309,0.00109326023156752,3,-0.07449423928558097,-0.003818453288337794,0.09454483913319678,-0.016232146559278026,0.1204271517514828,3,0.39313395682303154,0.04657458630865973,-0.3465593705143718
tm374987,elves balde_1999,2324,0.2688289303687718,0.46869122169039457,0.05649440998376904,0.20598543795706456,2,2425,0.005937751033685172,0.9873569875123529,0.001038396256593164,0.005666865197368956,2,-0.26289117933508666,0.5186657658219583,-0.055456013727175874,-0.2003185727596956,0.5841244030738486,2,1.1961243699455042,0.07945141716186994,-1.1166729527836343
tm375376,pedro alvaro_2000,2324,0.00019986944375202095,8.964572918253089e-06,0.9997663292865947,2.4836696735122373e-05,3,2425,0.001541609274643444,0.00022279997271064134,0.9977716090115024,0.00046398174114341105,3,0.0013417398308914232,0.00021383539979238824,-0.0019947202750922877,0.0004391450444082887,0.002413483028295241,3,0.002303637090542013,0.017642662157783078,0.015339025067241066
tm379249,matheus reis_1995,2324,0.26640331847846693,0.0022288626478863846,0.7215711624718685,0.009796656401778268,3,2425,0.16686500806972382,0.10667359016021988,0.6918625278744474,0.03459887389560898,3,-0.09953831040874311,0.1044447275123335,-0.029708634597421124,0.02480221749383071,0.1473064130097396,2,0.6467761014833008,0.9087653884184491,0.26198928693514834
tm383014,goncalo costa_2000,2324,0.5490670769674467,0.019653509849321855,0.29076272276701587,0.14051669041621542,1,2425,0.4802134913306793,0.14253656179565571,0.1032756484986836,0.27397429837498144,1,-0.06885358563676741,0.12288305194633387,-0.18748707426833228,0.13345760795876602,0.23450472005566156,3,1.041331221969885,1.219124443497054,0.17779322152716914
tm383807,kikas_1998,2324,0.00278200798191244,0.9642614800477173,0.0019306977495842001,0.031025814220786044,2,2425,0.051086424047443055,0.6793123494672171,0.015372781758713929,0.254228444726626,2,0.04830441606553061,-0.2849491305805002,0.013442084009129728,0.22320263050583994,0.2893268277442024,2,0.1712803825676973,0.8269709238911557,0.6556905413234584
tm390638,arthur cabral_1998,2324,0.00415160521025825,0.9594725562876166,0.003393539881404093,0.03298229862072089,2,2425,0.02049587781612549,0.04507905940802236,0.00911089630566153,0.9253141664701906,4,0.01634427260586724,-0.9143934968795943,0.005717356424257436,0.8923318678494697,0.9145574287857431,2,0.19428711933210824,0.33402386676536616,0.13973674743325792
tm394328,rafik guitane_1999,2324,0.5098238716531464,0.3632018594583023,0.08222970854443652,0.04474456034411487,1,2425,0.10157163347831391,0.5303778097194446,0.04806966638545981,0.3199808904167817,2,-0.40825223817483247,0.1671759502611423,-0.034160042158976715,0.2752363300726668,0.4424755324317709,1,1.0557539823513853,1.0791535521310571,0.023399569779671836
tm395632,marious vrousai_1998,2324,0.9637603836915594,0.005964547612091196,0.02369602737652869,0.006579041319820934,1,2425,0.6042804881683744,0.0978265351365229,0.28149569996157336,0.016397276733529337,1,-0.35947989552318493,0.0918619875244317,0.25779967258504466,0.009818235413708402,0.45180204871409674,1,0.18785820087533073,0.9560278081360998,0.7681696072607691
tm396342,toni borevkovic_1997,2324,0.0006224381336688071,2.5112325555076234e-05,0.9992316654001085,0.00012078414066774133,3,2425,3.060855586321443e-05,5.353376296913132e-06,0.9999537663565464,1.0271711293387753e-05,3,-0.0005918295778055927,-1.9758949258163102e-05,0.0007221009564378766,-0.00011051242937435358,0.0009338535519715225,3,0.006718442810468383,0.0005473451716844406,-0.006171097638783943
tm402112,morlaye sylla_1998,2324,0.9655581587675561,0.010496887324592221,0.018395255691583248,0.005549698216268443,1,2425,0.7439103635042519,0.22189546606685498,0.02256132528921485,0.011632845139678423,1,-0.22164779526330425,0.21139857874226275,0.004166069597631602,0.00608314692340998,0.3063241100129479,1,0.18399914259381825,0.6915024591995674,0.5075033166057492
tm406151,ze pedro figueiredo_1997,2324,0.03287425998279119,0.002390727948418222,0.96073791690133,0.003997095167460585,3,2425,2.2196127698992118e-40,2.2195988994179844e-41,1.0,4.987718245026073e-41,3,-0.03287425998279119,-0.002390727948418222,0.039262083098669964,-0.003997095167460585,0.05126347353414866,3,0.1872523007108838,8.289306334778563e-11,-0.18725230062799075
tm410281,renato pantalon_1997,2324,0.09259647512763261,0.005079838460096678,0.8880271508996989,0.014296535512571975,3,2425,0.0001110269387380534,1.3452724399480594e-05,0.9998357032485907,3.981708827203786e-05,3,-0.09248544818889455,-0.005066385735697198,0.11180855234889187,-0.014256718424299937,0.14519083569384972,3,0.413351617130648,0.001729551074266035,-0.41162206605638196
tm412367,weverson_2000,2324,0.009767806639878866,9.092422662959738e-05,0.9897835117393432,0.0003577573941483643,3,2425,0.03062432123711161,0.020259590826681516,0.9397056215726325,0.00941046636357434,3,0.020856514597232746,0.02016866660005192,-0.050077890166710715,0.009052708969425977,0.05787542135585515,3,0.059061143151951205,0.2880975000786701,0.22903635692671886
tm412669,francisco trincao_1999,2324,0.032808627965970436,0.8616134450191758,0.011525098926385228,0.09405282808846863,2,2425,0.06390531778925199,0.5140879010626438,0.01402226896361273,0.4079845121844915,2,0.03109668982328155,-0.347525543956532,0.0024971700372275023,0.3139316840960229,0.3489229767132621,2,0.5142157445186895,0.9434195043605581,0.42920375984186865
tm413118,sikou niakate_1999,2324,6.231385478756397e-05,1.9742698783604893e-06,0.9999279909997852,7.720875548850798e-06,3,2425,0.00044984625838897146,0.00011585264280111808,0.9992839427736271,0.000150358325182638,3,0.0003875324036014075,0.00011387837292275758,-0.0006440482261581559,0.0001426374496337872,0.0007602287585181753,3,0.0007922314019868744,0.006556110309286817,0.005763878907299943
tm415525,kanya fujimoto_1999,2324,0.6309834104707056,0.13791396877406623,0.1754155792051851,0.0556870415500431,1,2425,0.10252880609617696,0.8722785384301012,0.0064416568670400826,0.01875099860668187,2,-0.5284546043745286,0.7343645696560349,-0.168973922338145,-0.03693604294336123,0.920384580749303,2,1.0299298804487058,0.4597760426530991,-0.5701538377956067
tm415645,alexandre pinto_1998,2324,0.009349559330560898,0.00011396257458356201,0.9896323448741671,0.0009041332206884841,3,2425,0.038683523331251475,0.022003513525704364,0.9170003996605127,0.022312563482531206,3,0.029333964000690577,0.0218895509511208,-0.07263194521365435,0.021408430261842724,0.08133285529449222,3,0.06137023649626431,0.37409115522405106,0.31272091872778673
tm420196,justin de haas_2000,2324,0.005117929356510206,0.0002410988114284218,0.9941983692230745,0.0004426026089868959,3,2425,0.0007881773894682477,0.00011146690195864646,0.9989178619152124,0.00018249379336066873,3,-0.004329751967041958,-0.00012963190946977532,0.004719492692137894,-0.00026010881562622714,0.006406025897481174,3,0.038208448056951276,0.009299299487253106,-0.02890914856969817
tm426620,pedro goncalves_1998,2324,0.037090287639788166,0.6909059801637036,0.013533056126792764,0.25847067606971547,2,2425,0.02578579238735231,0.3295310593295848,0.008480663335583056,0.6362024849474798,4,-0.011304495252435858,-0.3613749208341188,-0.005052392791209708,0.3777318088777643,0.36158699049287524,2,0.7855852418972702,0.7882977126013497,0.0027124707040795393
tm428786,alan_2000,2324,0.8987421989493914,0.03862430201114655,0.02368326412572639,0.03895023491373545,1,2425,0.029346051787424134,0.9588035503375965,0.0020301440605906417,0.009820253814388764,2,-0.8693961471619673,0.9201792483264499,-0.02165312006513575,-0.029129981099346683,1.2661154636759078,2,0.436685438977509,0.20187461578777957,-0.23481082318972943
tm429309,jordan holsgrove_1999,2324,0.9389937425865641,0.014167787225077588,0.02570356372428003,0.02113490646407839,1,2425,0.7041549451633351,0.2527834644879137,0.02885325098508447,0.014208339363666595,1,-0.234838797423229,0.23861567726283614,0.0031496872608044388,-0.006926567100411793,0.3348083373224616,2,0.2950332529594794,0.7573619317476704,0.462328678788191
tm433358,tomas ribeiro_1999,2324,0.00010352690188509407,3.5517017963781705e-06,0.9998863458613519,6.575534966745741e-06,3,2425,0.307828392816793,0.10729761174335652,0.3077641697259481,0.2771098257139024,1,0.3077248659149079,0.10729406004156014,-0.6921221761354038,0.27710325017893567,0.7650096176656584,3,0.0011866046565921406,1.3204940115794175,1.3193074069228254
tm437566,claudio falcao_1994,2324,0.9673974519197528,0.0014049937291361252,0.025919335845118095,0.005278218505993049,1,2425,0.3300171107709208,0.010438567610233243,0.6381390384979981,0.0214052831208479,3,-0.637380341148832,0.009033573881097118,0.6122197026528801,0.01612706461485485,0.883825926897626,1,0.1636499490781594,0.7824197577332971,0.6187698086551376
tm448470,andre franco_1998,2324,0.9768613404046839,0.002071795451265211,0.015932887930294702,0.005133976213756285,1,2425,0.773784642223023,0.17498748672979608,0.01742957547495774,0.03379829557222322,1,-0.20307669818166085,0.17291569127853088,0.001496687544663037,0.028664319358466934,0.26672499265780086,1,0.12868899611771495,0.688525506102576,0.559836509984861
tm448920,enea mihaj_1998,2324,0.0003129517499327565,1.2498853510420441e-05,0.9996113289405847,6.322045597207459e-05,3,2425,1.695893828357817e-05,3.805667006609848e-06,0.9999724053213808,6.830073329022669e-06,3,-0.00029599281164917834,-8.693186503810593e-06,0.00036107638079607707,-5.6390382643051915e-05,0.0004669726638769872,3,0.003666329270661999,0.0003426124910477167,-0.0033237167796142824
tm451858,rui costa_1996,2324,0.0043998814583181564,0.9514600024976683,0.002934067675264707,0.04120604836874896,2,2425,0.02704437064377267,0.5346581076991797,0.009002347526778304,0.4292951741302695,2,0.022644489185454513,-0.4168018947984886,0.006068279851513597,0.38808912576152055,0.41746067649353136,2,0.21973965654653127,0.8378219639703073,0.618082307423776
tm452607,alexander bah_1997,2324,0.3348901104508312,0.034782049167737916,0.4836679581791869,0.1466598822022439,3,2425,0.04221444397043977,0.01806526016570257,0.8954584171067917,0.044261878757066137,3,-0.29267566648039145,-0.016716789002035347,0.41179045892760485,-0.10239800344517777,0.5054798500910668,3,1.116024326740722,0.44298640578097437,-0.6730379209597476
tm45320,angel di maria_1988,2324,0.01546454590700151,0.22257719827495026,0.008767974943815695,0.7531902808742326,4,2425,0.01944656562639734,0.6393364970058374,0.004867323629942987,0.3363496137378223,2,0.003982019719395829,0.41675929873088713,-0.003900651313872708,-0.41684066713641027,0.4167965746504869,2,0.653906047040367,0.7550193676095716,0.10111332056920452
tm454121,galeno_1997,2324,0.15489563446871776,0.597466877289505,0.04146024115806428,0.20617724708371296,2,2425,0.4454255616249718,0.3197410793098429,0.05941329309977252,0.17542006596541274,1,0.29052992715625403,-0.27772579797966207,0.017953051941708244,-0.030757181118300225,0.4023202325398016,1,1.054136685773476,1.1978786563546404,0.14374197058116445
tm454567,orkun kokcu_2000,2324,0.22769974098888487,0.6156251972324666,0.02636813362803113,0.1303069281506174,2,2425,0.08389675158502377,0.8771781706979116,0.00517657939759403,0.03374849831947066,2,-0.1438029894038611,0.26155297346544504,-0.021191554230437098,-0.09655842983114674,0.29922957684828605,2,0.9969953520681418,0.46447528399257665,-0.5325200680755652
tm454576,robert bozenik_1999,2324,0.008674085154512741,0.8781954549833257,0.005876060842819112,0.10725439901934254,2,2425,0.07989405338138693,0.4327348071267913,0.01708109521811635,0.4702900442737054,4,0.07121996822687418,-0.44546064785653444,0.011205034375297237,0.3630356452543629,0.45125716111586744,2,0.4248804092535771,0.9886741369627425,0.5637937277091654
tm458715,robson bambu_1997,2324,0.0024275909046439295,3.0805632148671083e-05,0.9973404437648804,0.000201159698326882,3,2425,0.08676002073164654,0.04007504105046637,0.8310156318177776,0.042149306400109526,3,0.08433242982700262,0.040044235418317704,-0.1663248119471028,0.041948146701782645,0.19073395759539802,3,0.019304347628544587,0.6283097072095922,0.6090053595810476
tm461496,morten hjulmand_1999,2324,0.9967152570590035,0.0001993645459904941,0.0028033352003205315,0.00028204319468565074,1,2425,0.975834182491108,0.011545122184001382,0.010477684879692823,0.0021430104451976035,1,-0.020881074567895563,0.011345757638010887,0.0076743496793722915,0.0018609672505119528,0.0249728079016313,1,0.02375831708287892,0.13631248616650135,0.11255416908362242
tm461629,gustavo assuncao_2000,2324,0.9747478942050362,0.0004610920338981997,0.021223827274916982,0.0035671864861485693,1,2425,0.9857472079008699,0.00387252606044016,0.007877905491115385,0.002502360547574758,1,0.010999313695833735,0.0034114340265419606,-0.013345921783801597,-0.0010648259385738113,0.017627717156686904,3,0.13034477760917162,0.08880675732758578,-0.04153802028158585
tm461937,nuno goncalo moreira_1999,2324,0.494348444156915,0.4482623457725322,0.03302286225168951,0.024366347818863363,1,2425,0.08489841584304048,0.807486743821484,0.00686087311553129,0.10075396721994435,2,-0.4094500283138745,0.3592243980489518,-0.02616198913615822,0.07638761940108099,0.5453218714808942,1,0.9110873193187997,0.647466847792944,-0.26362047152585577
tm461943,daniel braganca_1999,2324,0.6939297455525714,0.12372433481080543,0.05718776081248581,0.12515815882413742,1,2425,0.3872025447518168,0.42063333736580427,0.026338218972994876,0.16582589890938412,2,-0.30672720080075455,0.29690900255499886,-0.030849541839490936,0.040667740085246706,0.42800493658482164,1,0.9358366202716617,1.1253903351389425,0.1895537148672808
tm466805,nicolas gonzalez_2002,2324,0.9858888548132697,0.0019659662967815173,0.010413557771781677,0.0017316211181672948,1,2425,0.7606672479060663,0.16799733111598913,0.01853024953982684,0.0528051714381176,1,-0.2252216069072034,0.1660313648192076,0.008116691768045164,0.051073550319950305,0.2799233234420617,1,0.08480763032502857,0.7369752875639621,0.6521676572389336
tm468332,ismael_1999,2324,0.7972932987822559,0.0027257928281815384,0.18520335578326094,0.014777552606301795,1,2425,0.9644176248137566,0.0047157319329092255,0.026467929006454574,0.004398714246879486,1,0.16712432603150074,0.001989939104727687,-0.15873542677680635,-0.01037883835942231,0.23050257248703046,1,0.5712994972539315,0.18019931732482145,-0.39110017992911006
tm471582,zaydou youssouf_1999,2324,0.9936427418008134,0.0004137280069600844,0.004993474487627594,0.0009500557045990662,1,2425,0.9979497901842367,0.0014178560803030662,0.000402387464056398,0.00022996627140381556,1,0.004307048383423329,0.0010041280733429818,-0.004591087023571196,-0.0007200894331952506,0.006374717171987227,3,0.042635035846874156,0.016419734656789423,-0.026215301190084733
tm478365,moura_1999,2324,0.059594941650456916,0.00356276591770496,0.9234494927924641,0.013392799639374068,3,2425,0.26760404180341324,0.28320811597661844,0.1650310015455688,0.28415684067439956,4,0.20800910015295632,0.2796453500589135,-0.7584184912468953,0.2707640410350255,0.83466634975973,3,0.3194592314297646,1.3649138022711582,1.0454545708413936
tm478366,miguel reisinho_1999,2324,0.9942916049025751,0.0003192658030831781,0.004951808428270793,0.00043732086607077493,1,2425,0.791325293093664,0.16688353450273125,0.03139098807521155,0.010400184328393203,1,-0.20296631180891112,0.16656426869964808,0.026439179646940755,0.009962863462322427,0.2638901467602834,1,0.037928816489988894,0.6401428854546749,0.602214068964686
tm479648,felix correia_2001,2324,0.3099921135950945,0.5312364390599099,0.06634507129577402,0.09242637604922158,2,2425,0.01499942428866868,0.9708236224641769,0.0015292629728860458,0.012647690274268628,2,-0.2949926893064258,0.43958718340426695,-0.06481580832288798,-0.07977868577495295,0.5333466673431864,2,1.0991834618373941,0.15692840148237225,-0.9422550603550219
tm479649,goncalo borges_2001,2324,0.023359564294348635,0.016326101530086512,0.008471846751055875,0.9518424874245089,4,2425,0.04463627371132234,0.5799976033733618,0.005744907738422662,0.3696212151768932,2,0.021276709416973703,0.5636715018432753,-0.0027269390126332133,-0.5822212722476157,0.564079512613467,2,0.24233586322335632,0.8522421710761781,0.6099063078528217
tm481627,sandro cruz_2001,2324,0.6971063104629038,0.0013433875614597905,0.29756025524272456,0.003990046732911839,1,2425,0.006074969571955229,0.0010604168915724105,0.9919412900125492,0.000923323523923104,3,-0.6910313408909486,-0.00028297066988737995,0.6943810347698246,-0.0030667232089887355,0.9796373898611439,3,0.643136366508485,0.05274487957697953,-0.5903914869315056
tm490760,duplexe tchamba_1998,2324,0.0037225396863755675,0.00011729912706486357,0.9959818731019344,0.00017828808462528708,3,2425,0.004397416908122686,0.0007152828270849735,0.9939090546549714,0.0009782456098209934,3,0.0006748772217471184,0.0005979837000201099,-0.002072818446963054,0.0007999575251957063,0.002260446877056211,3,0.02743215882416266,0.04189565812840224,0.014463499304239583
tm495601,victor gomez_2000,2324,0.03035931192811884,0.0005826660578585231,0.9662325165910398,0.0028255054229827502,3,2425,0.014616686716491155,0.006785734893281844,0.9702722590606544,0.008325319329572558,3,-0.015742625211627684,0.006203068835423321,0.004039742469614582,0.005499813906589808,0.017396201618502336,1,0.16020878393337082,0.16479169880509148,0.004582914871720661
tm504073,eduardo quaresma_2002,2324,0.028675592501973032,0.020332543551933747,0.03230991624300581,0.9186819477030875,4,2425,0.23862189909063808,0.057159273927127406,0.5001347740572808,0.20408405292495366,3,0.20994630658866503,0.036826730375193656,0.46782485781427496,-0.7145978947781338,0.514095085863788,3,0.3698716759478143,1.1763676145212507,0.8064959385734365
tm504075,rafael brito_2002,2324,0.45104791710496217,0.008438846038186638,0.20616121298459394,0.3343520238722573,1,2425,0.8498433407498222,0.014798011123997768,0.11953487902195552,0.015823769104224707,1,0.39879542364486,0.006359165085811131,-0.08662633396263843,-0.3185282547680326,0.4081450117745879,1,1.0912623390072334,0.5201390212704896,-0.5711233177367437
tm504087,tomas araujo_2002,2324,0.2238421482840032,0.03563043518197968,0.6564705466524564,0.08405686988156084,3,2425,0.13201885848196854,0.03308364682678473,0.7569993373996177,0.07789815729162905,3,-0.09182328980203466,-0.002546788355194951,0.10052879074716126,-0.006158712589931795,0.1361765047652536,3,0.9383022047566055,0.7896527682035417,-0.14864943655306384
tm512913,stephen eustaquio_1996,2324,0.9984057164102413,0.000246169735307892,0.0010816931341070405,0.0002664207203436616,1,2425,0.7111406104168537,0.005250176933242256,0.28093078681510614,0.002678425834797776,1,-0.2872651059933876,0.005004007197934364,0.2798490936809991,0.002412005114454114,0.401075798875357,1,0.013218443700370393,0.6425239743841257,0.6293055306837553
tm520662,pepe_1997,2324,0.5691273170078158,0.18021614103253403,0.15365665584528798,0.09699988611436224,1,2425,6.389117404815913e-40,1.0,2.2195988994179844e-41,4.987718245026073e-41,2,-0.5691273170078158,0.819783858967466,-0.15365665584528798,-0.09699988611436224,1.00973355211841,2,1.1437167204252094,8.289306334778563e-11,-1.1437167203423164
tm524315,hidemasa morita_1995,2324,0.9888212452893465,0.0005170789867163729,0.009950884146356663,0.0007107915775804412,1,2425,0.9219875747622198,0.03988598693144043,0.0270120671989145,0.011114371107425323,1,-0.06683367052712663,0.03936890794472406,0.017061183052557837,0.010403579529844883,0.07942124650269321,1,0.0660560693393657,0.350951583821039,0.28489551448167333
tm525602,alejandro marques_2000,2324,0.0019660804870917396,0.98359456107438,0.002221404730928753,0.01221795370759951,2,2425,0.22670912551272548,0.6055915239061576,0.03307954230341363,0.13461980827770345,2,0.22474304502563375,-0.3780030371682225,0.03085813757248488,0.12240185457010394,0.4408491318469812,2,0.09591234515711783,1.0229064145212616,0.9269940693641439
tm536081,lawrence ofori_1998,2324,0.9712977991051173,0.0005267324705257759,0.027359614837843393,0.0008158535865136202,1,2425,0.8793286300967794,0.030622494903047543,0.07809485237727964,0.011954022622893341,1,-0.09196916900833785,0.030095762432521767,0.05073523753943625,0.01113816903637972,0.10926182907430217,1,0.1365229589319752,0.471874707330771,0.33535174839879583
tm537602,joao mario lopes_2000,2324,0.17814096035513569,0.004254702429707796,0.8118516860179187,0.005752651197237765,3,2425,0.4414359526181586,0.1824648880743602,0.340685177936388,0.035413981371093334,1,0.2632949922630229,0.1782101856446524,-0.4711665080815307,0.02966133017385557,0.5684021477405147,3,0.5294479154346766,1.156535113950231,0.6270871985155543
tm54716,steven vitoria_1987,2324,0.00542139262412482,0.0005796246717516409,0.9933771568450835,0.0006218258590399074,3,2425,0.20976098922103278,0.06463498785058552,0.6569891464028601,0.06861487652552156,3,0.20433959659690795,0.06405536317883388,-0.33638801044222344,0.06799305066648166,0.3987664151588456,3,0.043797316521940355,0.9644663232055609,0.9206690066836205
tm547187,leo cordeiro_1995,2324,0.9896925262082275,0.0005487494117908465,0.009065751157253162,0.000692973222728558,1,2425,0.9371002701196209,0.03287642699135805,0.025454582250128192,0.0045687206388929005,1,-0.052592256088606515,0.032327677579567206,0.01638883109287503,0.0038757474161643423,0.06387188679512144,1,0.062053662253249695,0.29121053522971424,0.22915687297646453
tm54781,nicolas otamendi_1988,2324,0.014967699506853773,0.00032708221171749165,0.9832128982781991,0.0014923200032295118,3,2425,0.1445350700343227,0.03390320253303303,0.7845083522704182,0.037053375162226204,3,0.12956737052746892,0.03357612032131554,-0.19870454600778098,0.03556105515899669,0.2395799573532649,3,0.09187368304498644,0.7068054810474129,0.6149317980024265
tm549006,goncalo inacio_2001,2324,0.0007968190877326167,1.0801554816875445e-05,0.9991487063530278,4.3673004422929335e-05,3,2425,0.009959806694663289,0.0024057348896689575,0.9855866175887102,0.0020478408269574864,3,0.009162987606930672,0.002394933334852082,-0.013562088764317526,0.0020041678225345572,0.016541653460714817,3,0.007098090416581413,0.08740018434905374,0.08030209393247233
tm549027,martim neto_2003,2324,0.9727234628718643,0.0005044848024075431,0.025945199383489298,0.0008268529422388088,1,2425,0.9507790583488702,0.0380723995393445,0.009201953317371494,0.001946588794413981,1,-0.021944404522994065,0.03756791473693696,-0.016743246066117802,0.0011197358521751722,0.04661803724290778,2,0.13134591063724677,0.22771178852810636,0.0963658778908596
tm553062,vitor carvalho_1997,2324,0.978198247084905,0.00041063459835581926,0.0196789629406754,0.0017121553760639232,1,2425,0.8541208129287564,0.007848413004494542,0.12410170003810847,0.01392907402864061,1,-0.12407743415614858,0.007437778406138723,0.10442273709743308,0.012216918652576687,0.16234111690299483,1,0.11297383364513944,0.49121180710338813,0.3782379734582487
tm554300,madson_1999,2324,0.29497026241145585,0.4787960668130324,0.062285205074981226,0.1639484657005306,2,2425,0.06700266333788428,0.8164413699374432,0.007031571747729313,0.10952439497694318,2,-0.22796759907357156,0.3376453031244108,-0.055253633327251916,-0.05442407072358742,0.41112837526155543,2,1.1821052985484846,0.623767139220864,-0.5583381593276205
tm560903,patrick_1997,2324,0.019167377092117667,0.0006043737399759557,0.9779100137472014,0.0023182354207049653,3,2425,0.01178673840918756,0.0013655988284170034,0.9849087978997496,0.001938864862645788,3,-0.007380638682930107,0.0007612250884410477,0.006998784152548176,-0.0003793705580591774,0.010199817185479151,1,0.11618627359965272,0.08843625558641126,-0.027750018013241465
tm562671,talys oliveira_1999,2324,0.07487624499511446,0.0020650668673321206,0.907391559514141,0.015667128623412383,3,2425,0.019008617230075946,0.005314265408181131,0.9180526586376905,0.05762445872405234,3,-0.05586762776503851,0.00324919854084901,0.010661099123549511,0.041957330100639956,0.05696848389919557,1,0.3601375828326703,0.34610440486513616,-0.014033177967534116
tm567497,filipe relvas_1999,2324,0.03530534641819719,0.0019531010350303435,0.9545385116845686,0.008203040862203982,3,2425,0.00012023331308067232,8.608638750519508e-06,0.9998417217784669,2.9436269702053223e-05,3,-0.03518511310511652,-0.001944492396279824,0.04530321009389826,-0.008173604592501929,0.05739472170601507,3,0.21404867415450077,0.0016510180525023677,-0.2123976561019984
tm57723,ivan marcano_1987,2324,0.10982227266283066,0.34624630595151945,0.27556972857678647,0.26836169280886346,2,2425,0.008283418945736568,0.0014583021515746294,0.9885097389312275,0.0017485399714610625,3,-0.10153885371709409,-0.34478800379994484,0.712940010354441,-0.2666131528374024,0.7984186650766142,3,1.3180101313235137,0.07175540976894668,-1.2462547215545672
tm581121,tiago esgaio_1995,2324,0.03721467161150342,0.001371129233664462,0.9570155540728772,0.0043986450819550734,3,2425,0.021370027247628154,0.0028978835076794896,0.9726205625979786,0.0031115266467137723,3,-0.015844644363875268,0.0015267542740150276,0.015605008525101383,-0.0012871184352413012,0.022291254444274648,1,0.1974302278377414,0.14408158193026352,-0.05334864590747787
tm58965,ruben lima_1989,2324,0.19264884458085008,0.0008831909799132565,0.8023774174538026,0.004090546985434077,3,2425,0.0012021877262943083,0.00040540948283170286,0.9979589326763668,0.00043347011450727273,3,-0.19144665685455578,-0.00047778149708155364,0.19558151522256417,-0.003657076870926804,0.2736862798766118,3,0.5226399273323983,0.016645180828169865,-0.5059947465042284
tm592375,pablo roberto_1999,2324,0.32253597094722014,0.5494131320572634,0.05960615951462178,0.06844473748089479,2,2425,0.8092737720464239,0.14772797873132454,0.02653483308977225,0.016463416132479244,1,0.4867378010992038,-0.40168515332593885,-0.03307132642484953,-0.05198132134841554,0.6319480691108013,1,1.045647967283154,0.6176810270675194,-0.42796694021563464
tm59248,miguel lopes_1986,2324,0.0009377689846058266,1.7149759080921656e-05,0.9988981349369342,0.00014694631937901893,3,2425,0.0006129858601679177,7.228464822129427e-05,0.9990690026792766,0.0002457268123341615,3,-0.0003247831244379089,5.5134889140372614e-05,0.00017086774234231772,9.878049295514258e-05,0.00037110607552737814,1,0.009124449372289636,0.00819645726122376,-0.000927992111065876
tm594273,jeremy antonisse_2002,2324,0.867648526433361,0.052046733824271836,0.04121048095775792,0.0390942587846092,1,2425,0.10144117908434094,0.8566911364573564,0.01422260380514326,0.027645080653159553,2,-0.7662073473490201,0.8046444026330846,-0.026987877152614664,-0.011449178131449644,1.111420109289723,2,0.5351666147605725,0.5243232401678122,-0.010843374592760302
tm595012,ibrahima camara_1999,2324,0.1377470986841785,0.0008306803585752793,0.8584617956758878,0.00296042528135845,3,2425,0.0559395041663888,0.0022774248278050195,0.9407806053282233,0.0010024656775828719,3,-0.08180759451778971,0.0014467444692297404,0.08231880965233551,-0.001957959603775578,0.11606447351762636,3,0.42720261718131813,0.23951072942556756,-0.18769188775575057
tm596884,adrian butzke_1999,2324,0.22868572956760214,0.3568180790822773,0.23058161794260354,0.18391457340751716,2,2425,0.08674095940156816,0.5585853395898451,0.07127886237622334,0.2833948386323634,2,-0.14194477016603396,0.20176726050756782,-0.15930275556638018,0.09948026522484626,0.2936591785067492,2,1.35483337985478,1.0829529254478258,-0.2718804544069542
tm606752,rodrigo zalazar_1999,2324,0.32069660003695855,0.32014186243174225,0.052238908394880934,0.3069226291364183,1,2425,0.188788836912714,0.5164469578595409,0.018217769681034113,0.27654643554671104,2,-0.13190776312424454,0.19630509542779861,-0.03402113871384682,-0.03037619358970728,0.23894096832218986,2,1.2460841481695384,1.0844290022431577,-0.16165514592638064
tm610335,ivan jaime pajuelo_2000,2324,0.37775574438576637,0.143952085691239,0.07320877987354371,0.40508339004945093,4,2425,0.03236944097377155,0.23404406882548814,0.007087434426840637,0.7264990557738997,4,-0.34538630341199483,0.09009198313424915,-0.06612134544670308,0.3214156657244488,0.36301555935434315,1,1.204225293133046,0.7181425745656648,-0.48608271856738117
tm615302,mirko topic_2001,2324,0.6617058644823867,0.001797086753943137,0.3182060556988313,0.018290993064838966,1,2425,0.8883615143790607,0.006316460960948515,0.09822187335828436,0.007100151301706444,1,0.22665564989667408,0.004519374207005378,-0.21998418234054695,-0.011190841763132522,0.31588961498179335,1,0.7221537785697388,0.40020688978167224,-0.3219468887880666
tm617267,henrique araujo_2002,2324,0.19743520823128255,0.3587708764971735,0.3413460004903757,0.1024479147811684,2,2425,0.051968752973454414,0.6650074534327614,0.010257785046765578,0.27276600854701866,2,-0.14546645525782814,0.30623657693558787,-0.33108821544361017,0.17031809376585028,0.47387839902673173,3,1.2883898300308507,0.8263111836991293,-0.46207864633172147
tm61764,marco matias_1989,2324,0.6283892971438566,0.21051622075081014,0.06826206853772233,0.09283241356761089,1,2425,0.0973087336751782,0.7974657899452985,0.005464292356938317,0.09976118402258488,2,-0.5310805634686784,0.5869495691944884,-0.06279777618078401,0.00692877045497399,0.7940402523581889,2,1.0238732377460729,0.6656093920098965,-0.3582638457361763
tm617679,ze carlos_1998,2324,0.12906656789545337,0.004297495057844083,0.8545701721307608,0.012065764915941747,3,2425,0.0037431193301517263,0.0006051388179243794,0.994280516805268,0.0013712250466558103,3,-0.12532344856530164,-0.0036923562399197034,0.13971034467450716,-0.010694539869285938,0.1877194200501692,3,0.47527503078457856,0.040142328115660146,-0.4351327026689184
tm632901,miguel puche garcia_2001,2324,0.0563655888017056,0.7379440452101057,0.029214783790179243,0.17647558219800943,2,2425,0.47760380960404425,0.2871780274100052,0.05097869295209811,0.18423947003385238,1,0.42123822080233864,-0.4507660178001005,0.021763909161918865,0.0077638878358429475,0.6173372734657195,2,0.7956813193522452,1.1746100389160485,0.37892871956380336
tm645588,tomas handel_2000,2324,1.0,1.5154125533728616e-41,3.5079923402107816e-40,2.1110801434301203e-41,1,2425,0.9618604208564573,0.010677792265461294,0.024860000813175406,0.00260178606490608,1,-0.03813957914354271,0.010677792265461294,0.024860000813175406,0.00260178606490608,0.04676176199997157,1,8.289306334778563e-11,0.19320545978865503,0.19320545970576197
tm646404,vinicius zanocelo_2001,2324,0.9570230869406577,0.0006676436775361177,0.040932835830943794,0.001376433550862503,1,2425,0.9978779777434846,0.000826376496380009,0.0010453433050177147,0.00025030245511756965,1,0.04085489080282689,0.00015873281884389132,-0.03988749252592608,-0.0011261310957449333,0.05709780519971408,1,0.18680391908628904,0.017236107710384054,-0.169567811375905
tm646677,riccieli_1998,2324,0.000593268621348309,2.6745134495975323e-05,0.9993406255940014,3.936065015447533e-05,3,2425,0.012910043010833747,0.006831956363948528,0.9692169738595964,0.011041026765621234,3,0.012316774389485438,0.006805211229452553,-0.03012365173440501,0.011001666115466758,0.0332482815353617,3,0.005747890456002585,0.17027724869774633,0.16452935824174375
tm650568,antonio silva_2003,2324,0.00815204250302875,0.00019586658833515154,0.9906183804902007,0.001033710418435403,3,2425,0.0010727247477326932,0.0003594136962358351,0.9983093962773936,0.00025846527863776714,3,-0.007079317755296057,0.00016354710790068356,0.00769101578719289,-0.0007752451397976359,0.01045443500987992,3,0.057323284647550904,0.014009626540782479,-0.043313658106768425
tm652332,oscar aranda_2002,2324,0.07694361229329287,0.3326372548937662,0.032754572721191984,0.5576645600917489,4,2425,0.016320043054701115,0.9610124374410218,0.0019980334428512563,0.020669486061425647,2,-0.06062356923859176,0.6283751825472557,-0.03075653927834073,-0.5369950740303233,0.6320415745003672,2,1.0011239209584946,0.19797824380633894,-0.8031456771521557
tm653415,leonardo buta_2002,2324,0.03171333243742776,0.0008952143165440692,0.9630118273283637,0.004379625917664502,3,2425,0.01963480875697795,0.007432111798649143,0.9570968483743447,0.015836231070028232,3,-0.012078523680449808,0.0065368974821050745,-0.005914978954018935,0.011456605152363731,0.014953552722253845,1,0.17580665286184605,0.2212232060137796,0.04541655315193355
tm657387,fabiano souza_2000,2324,0.23081728174400948,0.0041100403834412515,0.7557372527128757,0.009335425159673547,3,2425,0.05846635370847891,0.0093341936453259,0.861892969000986,0.0703064836452091,3,-0.17235092803553057,0.005224153261884648,0.10615571628811027,0.06097105848553555,0.20248745707488663,1,0.616275892827271,0.5243866314831017,-0.0918892613441693
tm657435,pedro santos_2000,2324,0.9907105917498057,0.0003802289207759999,0.008090486595080276,0.0008186927343382049,1,2425,0.8931706446204034,0.006633559256636617,0.08718097489054537,0.01301482123241468,1,-0.09753994712940228,0.006253330335860618,0.0790904882954651,0.012196128498076476,0.12573166174480907,1,0.05703184702161889,0.4033871353361641,0.3463552883145452
tm658848,jesus castillo_2001,2324,0.5191489199313998,0.03558008920387104,0.23100835400136632,0.21426263686336286,1,2425,0.7922011368108842,0.05787085565925203,0.1320397910963663,0.01788821643349734,1,0.27305221687948444,0.022290766455380986,-0.09896856290500003,-0.19637442042986553,0.29128880489206976,1,1.1276094384586899,0.6887505806551396,-0.4388588578035503
tm659705,paulo victor_2001,2324,0.3966536411006682,0.3937171496756776,0.057668189240780425,0.15196101998287376,1,2425,0.34261573044842686,0.009696682947834124,0.5991911004014291,0.048496486202309945,3,-0.05403791065224134,-0.3840204667278435,0.5415229111606487,-0.1034645337805638,0.6660622177885742,3,1.1846197068862252,0.8655986273282361,-0.3190210795579891
tm663254,dinis pinto_2000,2324,0.08070683865970787,0.001933455963900496,0.9098285871845156,0.007531118191875826,3,2425,0.4315795488320181,0.09353885233959479,0.43840005554827993,0.03648154328010724,3,0.35087271017231025,0.09160539637569429,-0.4714285316362357,0.028950425088231417,0.5947672383626282,3,0.3380101325992113,1.0665901856283657,0.7285800530291544
tm666539,beni_2002,2324,0.9179745885734958,0.0018552532212181962,0.07075869987211897,0.009411458333167061,1,2425,0.9278036851551132,0.01292163324999428,0.05110052037324591,0.00817416122164657,1,0.009829096581617458,0.011066380028776085,-0.01965817949887306,-0.0012372971115204908,0.024607314517475717,3,0.32154965378391026,0.3169816567633297,-0.004567997020580583
tm669956,leonardo lelo_2000,2324,0.3621709629475964,0.0006151423313338162,0.6337537072716501,0.0034601874494195875,3,2425,0.6866113572150724,0.17034450833334241,0.09198799413209609,0.05105614031948913,1,0.324440394267476,0.1697293660020086,-0.541765713139554,0.04759595287006954,0.6538957983115419,3,0.6810418078371628,0.9310307123873919,0.24998890455022904
tm681829,nilton varela_2001,2324,0.7950193328534936,0.003328392483813869,0.11209454857954947,0.08955772608314302,1,2425,0.15464438391797453,0.042435588824110027,0.7945070845464177,0.008412942711497728,3,-0.640374948935519,0.039107196340296156,0.6824125359668682,-0.0811447833716453,0.9366409756542254,3,0.6627583706089994,0.6457100612464949,-0.017048309362504566
tm695121,hevertton santos_2001,2324,0.13549762820156552,0.0002709527977126291,0.8624206919579902,0.0018107270427315954,3,2425,0.04196903322917521,0.015909931622361716,0.9288759402916636,0.013245094856799328,3,-0.09352859497239031,0.015638978824649086,0.06645524833367344,0.011434367814067732,0.1157949729793028,1,0.41213996723899693,0.3247624534745412,-0.08737751376445574
tm701325,bruno onyemaechi_1999,2324,0.43818229517276647,0.0024189909707102225,0.5484470959047526,0.010951617951770758,3,2425,0.6027586504415512,0.31068089275121213,0.07215353996852848,0.014406916838708053,1,0.16457635526878472,0.3082619017805019,-0.47629355593622413,0.003455298886937295,0.5907337202405684,3,0.7549972843375449,0.9190968110369391,0.1640995266993942
tm701979,geny catamo_2001,2324,0.7910728449680495,0.11189884105043824,0.05975119842680682,0.03727711555470557,1,2425,0.05755039236900676,0.870642603746453,0.0056426476565510555,0.06616435622798929,2,-0.7335224525990428,0.7587437626960147,-0.05410855077025576,0.028887240673283715,1.0567284519513416,2,0.7214477156712776,0.4938075126853799,-0.2276402029858977
tm70359,david simao_1990,2324,0.955443432419973,0.0010543024678912568,0.03632455340434281,0.007177711707792864,1,2425,0.9553737151544913,0.009980285118536164,0.027290205101832516,0.007355794625140058,1,-6.971726548166135e-05,0.008925982650644907,-0.009034348302510296,0.00017808291734719428,0.012700294328392188,3,0.20663608954228785,0.22400784877746652,0.01737175923517867
tm717585,mory gbane_2000,2324,0.987300867947856,0.00026093728135041577,0.01144689575233417,0.000991299018459336,1,2425,0.08892847962192285,0.0021101291768915605,0.9041810512057513,0.0047803399954341914,3,-0.8983723883259331,0.0018491918955411447,0.8927341554534172,0.0037890409769748556,1.2665112079765555,1,0.07279556636200801,0.34481733195997233,0.2720217655979643
tm726705,samuel justo_2004,2324,0.9380991900322576,0.013458691268153211,0.041565839527461824,0.006876279172127329,1,2425,0.4937543137757779,0.3892690717948633,0.069384634877052,0.04759197955230664,1,-0.4443448762564797,0.3758103805267101,0.027818795349590177,0.04071570038017931,0.5826231170677313,1,0.2843667809854616,1.0457665988296003,0.7613998178441388
tm72768,nelson oliveira_1991,2324,0.004433607774112819,0.9612809288335465,0.002654691927896763,0.031630771464443784,2,2425,0.05381226158991048,0.5540974035424594,0.010072491991641928,0.38201784287598817,2,0.04937865381579766,-0.40718352529108714,0.007417800063745164,0.3503870714115444,0.4102337120214811,2,0.1869702389782023,0.8983243516853421,0.7113541127071398
tm729140,miguel maga_2002,2324,0.7564669762093149,0.0030331489979536007,0.21690257236630664,0.023597302426424813,1,2425,0.003211937371915708,0.0009728322156098585,0.9949182429926983,0.0008969874197759892,3,-0.7532550388373992,-0.0020603167823437423,0.7780156706263917,-0.022700315006648823,1.0829154085982013,3,0.6486177877379551,0.036548739522383286,-0.6120690482155718
tm733579,clayton_1999,2324,0.005795117112095062,0.8985286845214814,0.0036480618415786533,0.0920281365248448,2,2425,0.0100841454212529,0.034203956221427294,0.0032037769808567883,0.952508121376463,4,0.004289028309157838,-0.8643247283000541,-0.00044428486072186496,0.8604799848516183,0.8643354841170393,2,0.3660152367391759,0.22655372127932938,-0.13946151545984653
tm739438,matheus pereira_2000,2324,0.8664851277349894,0.0120723045734935,0.10091687366777173,0.020525694023745305,1,2425,0.41360997146028006,0.404381097192756,0.08258462270931195,0.09942430863765199,1,-0.45287515627470937,0.3923087926192625,-0.018332250958459778,0.07889861461390668,0.5994482190835417,1,0.48871079532935335,1.1667410812703214,0.678030285940968
tm740087,michel costa_2001,2324,0.9769358996491369,0.00040434339495165736,0.020444252509743462,0.0022155044461679044,1,2425,0.6153801641698413,0.028969777786993393,0.2470797010059766,0.10857035703718869,1,-0.36155573547929554,0.028565434392041737,0.22663544849623313,0.10635485259102079,0.4276706214074905,1,0.11902629823160019,0.9878661701872742,0.868839871955674
tm740498,david pastor_2000,2324,0.022858530591433286,0.0005147029771176672,0.974236747895089,0.0023900185363601176,3,2425,0.11950268196862127,0.027097207108461394,0.8290911285312766,0.02430898239164075,3,0.09664415137718799,0.026582504131343727,-0.14514561936381232,0.021918963855280634,0.17639153137782557,3,0.13012239792834443,0.5973958424492074,0.46727344452086295
tm741517,alfonso trezza_1999,2324,0.9610274876854202,0.002850322281675317,0.02816196507806506,0.007960224954839404,1,2425,0.018661993271626542,0.9796058783251658,0.00040313480054958185,0.001328993602658199,2,-0.9423654944137937,0.9767555560434904,-0.027758830277515478,-0.006631231352181205,1.357525209335708,2,0.1939130740812935,0.10643646335567741,-0.08747661072561608
tm752442,andre lacximicant_2001,2324,0.12044696410336332,0.5368765778997543,0.025193779143700915,0.31748267885318154,2,2425,0.03379155366630036,0.2224632609887297,0.007066054204181288,0.7366791311407886,4,-0.08665541043706296,-0.3144133169110246,-0.018127724939519627,0.4191964522876071,0.3266397226616676,2,1.0458621162650263,0.7089567275006795,-0.33690538876434684
tm756990,alan varela_2001,2324,0.9989421912613458,8.362134456062652e-05,0.0008958190630654981,7.836833102815299e-05,1,2425,0.8133863518425112,0.1048774849752139,0.07394828186187163,0.007787881320403353,1,-0.18555583941883458,0.10479386363065328,0.07305246279880613,0.0077095129893752,0.225276243128385,1,0.008869942909565009,0.6349007091051733,0.6260307661956083
tm766258,kaio cesar_2004,2324,0.4363107922398713,0.26110956102048655,0.14606028054954667,0.15651936619009538,1,2425,0.06124161898177463,0.9085074275806312,0.0025290308314136344,0.027721922606180754,2,-0.37506917325809663,0.6473978665601446,-0.14353124971813302,-0.12879744358391462,0.7618412577438872,2,1.2837566432928416,0.37273798303949945,-0.9110186602533421
tm811778,alvaro carreras_2003,2324,0.47282183123375565,0.08818535292626767,0.322305668865517,0.11668714697445974,1,2425,0.029870250989592752,0.00922751485501861,0.9566356302441941,0.004266603911194646,3,-0.4429515802441629,-0.07895783807124906,0.634329961378677,-0.1124205430632651,0.7776984907638439,3,1.1839090110500758,0.2138001891091091,-0.9701088219409667
tm815652,tiago fonseca morais_2003,2324,0.1643926374553762,0.7710719988664254,0.01772172925666397,0.04681363442153447,2,2425,0.5557156528831684,0.39192496579095176,0.011857754918474723,0.04050162640740523,1,0.3913230154277922,-0.37914703307547365,-0.005863974338189247,-0.006312008014129233,0.5449041762442947,1,0.7120636310456361,0.8760437171488258,0.1639800861031897
tm816572,gilberto batista_2003,2324,0.005298079253861324,0.00024587574476032595,0.9917649828058603,0.002691062195518097,3,2425,0.00021580682585903296,4.458046453890038e-05,0.9995333159983955,0.00020629671120679912,3,-0.005082272428002291,-0.00020129528022142556,0.007768333192535115,-0.002484765484311298,0.00928531170249629,3,0.053933743867675084,0.0044855186909746065,-0.04944822517670048
tm818495,otavio ataide_2002,2324,0.0087351810116808,0.00016898599513330207,0.9907915510666683,0.00030428192651756086,3,2425,0.013728983382033044,0.0025263143158152732,0.9824019598964918,0.0013427424056597626,3,0.004993802370352244,0.002357328320681971,-0.008389591170176458,0.0010384604791422018,0.010043918504663792,3,0.05450584358093149,0.1003050188790311,0.045799175298099605
tm821824,matias rocha_2001,2324,0.1542293632038554,0.04514305756972608,0.6645287711049209,0.1360988081214975,3,2425,0.0004966363790824945,0.0001164955464289759,0.9991182720599666,0.0002685960145218977,3,-0.15373272682477293,-0.045026562023297106,0.3345895009550457,-0.1358302121069756,0.37095993952712014,3,0.9711623327115178,0.00792323039933392,-0.9632391023121838
tm829434,facundo caseres_2001,2324,0.8795150722648954,0.001643739488386973,0.1053492810447152,0.013491907202002454,1,2425,0.7912989753876565,0.014395812101115476,0.16874093781631527,0.02556427469491273,1,-0.08821609687723897,0.012752072612728503,0.06339165677160007,0.012072367492910276,0.10937640171638058,1,0.4186312756047875,0.6402657961778604,0.22163452057307287
tm830841,leonel bucca_1999,2324,0.8744389842037659,0.042520124816556454,0.04042158654361762,0.04261930443606013,1,2425,0.7143377376853179,0.27376933447128865,0.005854526489316837,0.00603840135407651,1,-0.16010124651844793,0.2312492096547322,-0.03456706005430078,-0.03658090308198362,0.28337870022903405,2,0.5157662620421887,0.655911919415048,0.14014565737285933
tm858719,telasco segovia_2003,2324,0.8292346512928637,0.005177467922185122,0.11549449093038253,0.050093389854568626,1,2425,0.9806733279422327,0.006745855909167064,0.007550109058044085,0.0050307070905560355,1,0.15143867664936905,0.0015683879869819416,-0.10794438187233844,-0.04506268276401259,0.18597882192333376,1,0.5817987398115452,0.11637483664200585,-0.4654239031695393
tm868101,marcos vinicios sorriso_2001,2324,0.85687812629678,0.03975279572539271,0.05182089278661413,0.0515481851912133,1,2425,0.11577383291900359,0.7071458944694118,0.01003343823997441,0.1670468343716103,2,-0.7411042933777764,0.6673930987440191,-0.04178745454663972,0.11549864918039701,0.9981960294809856,1,0.5667993062905538,0.8397602154477521,0.2729609091571984
tm868622,taichi fukui_2004,2324,0.9690997362931482,0.002483814018939568,0.026314443058068522,0.002102006629843955,1,2425,0.7973026506143626,0.025424002489390935,0.1642040341064557,0.013069312789790748,1,-0.1717970856787856,0.022940188470451366,0.1378895910483872,0.010967306159946793,0.221481444401727,1,0.15399665569276813,0.6273107177512861,0.473314062058518
tm891971,joao marques_2002,2324,0.1460558744055928,0.7974928897753302,0.019426447920040436,0.03702478789903658,2,2425,0.37543407771897874,0.4900040930987635,0.07035357913590287,0.06420825004635482,2,0.22937820331338593,-0.30748879667656664,0.05092713121586244,0.02718346214731824,0.38698487429195166,2,0.6600377701849676,1.0803683445238628,0.4203305743388952
tm906329,roger fernandes_2005,2324,0.01089259581833767,0.04610832124400496,0.005518746509358027,0.9374803364282994,4,2425,0.15143361780109116,0.6566042549587116,0.01449777779685727,0.17746434944334002,2,0.14054102198275348,0.6104959337147066,0.008979031287499242,-0.7600159869849594,0.6265282810416543,2,0.28031384092481415,0.9302769026299194,0.6499630617051052
tm90681,eliaquim mangala_1991,2324,0.14320062416752632,0.025791583741188305,0.644461747680017,0.18654604441126843,3,2425,0.0066876501550541005,0.0004871258438125294,0.9837863522648442,0.009038871736289242,3,-0.13651297401247223,-0.025304457897375777,0.33932460458482727,-0.17750717267497917,0.3666296427457269,3,0.969012620541378,0.09582408003418286,-0.8731885405071952
tm908936,ze carlos_2001,2324,0.9582629931547518,0.0006324573225978541,0.03353397344815405,0.007570576074496426,1,2425,0.13501653600862595,0.002771279197309847,0.8525740548819822,0.009638129912082233,3,-0.8232464571461259,0.002138821874711993,0.8190400814338282,0.002067553837585807,1.1612777267982848,1,0.19633748018278588,0.4673919171444233,0.27105443696163745
tm929573,joel silva_2003,2324,0.7138211503937301,0.14339525186377144,0.03907805867856389,0.10370553906393465,1,2425,0.4692191236568796,0.48584345398667916,0.02969623270114264,0.015241189655298564,2,-0.24460202673685044,0.3424482021229077,-0.009381825977421251,-0.08846434940863608,0.4209381680005478,2,0.8808566857281318,0.8739656691784422,-0.006891016549689599
tm935480,martim fernandes_2006,2324,0.17529597593821633,0.006402405790622388,0.6736832390258733,0.14461837924528778,3,2425,0.09657082219525187,0.09103328970619783,0.6633163774665825,0.1490795106319679,3,-0.07872515374296446,0.08463088391557544,-0.010366861559290896,0.004461131386680112,0.11604959354851055,2,0.8833223550874979,0.9999291263489841,0.11660677126148622
tm974982,ousmane diomande_2003,2324,0.0013407942885814603,3.456117972326443e-05,0.998570544116048,5.410041564717331e-05,3,2425,0.012171358776468598,0.0027170675592159107,0.9835840611963323,0.0015275124679829351,3,0.010830564487887138,0.0026825063794926464,-0.014986482919715605,0.001473412052335762,0.018683994163594363,3,0.011183666316437782,0.09589750512788354,0.08471383881144576
tm982575,gustavo sa_2004,2324,0.8787736600966565,0.02744758328923176,0.041175287673991805,0.05260346894011983,1,2425,0.4136949261078269,0.542694906331324,0.006600740501511163,0.03700942705933792,2,-0.4650787339888296,0.5152473230420922,-0.03457454717248064,-0.015594041880781909,0.694962899745646,2,0.49851080115205937,0.8519816880978153,0.3534708869457559
